official_dataset_name,provider,official_url,access_date,exact_input_file,sha256,source_crs,purpose,licence_or_terms_url,raw_file_redistributed,notes
NSW Marine LiDAR Topo-Bathy 2008 Geotif,Tenix LADS Corporation for the NSW Department of Environment and Climate Change; ELVIS distributor,https://www.data.nsw.gov.au/data/dataset/marine-lidar-topo-bathy-2008,not recorded (files retrieved by 2026-04-26),CentralCoast2008-DEM-AHD-5m_354000-6294000_56_1km_1km.tif,63275a1797661abc31bb38cd4d002b267435366ecfea1a4343041906b14f16fe,EPSG:28356,"Elevation validity, study-area footprint and slope derivation",https://www.data.nsw.gov.au/data/dataset/marine-lidar-topo-bathy-2008,NO,Used; land DEM GeoTIFF tile; VERIFIED: Creative Commons Attribution (version not asserted); see DATA_SOURCES.md and ../ATTRIBUTION.md for attribution and modifications
NSW Marine LiDAR Topo-Bathy 2008 Geotif,Tenix LADS Corporation for the NSW Department of Environment and Climate Change; ELVIS distributor,https://www.data.nsw.gov.au/data/dataset/marine-lidar-topo-bathy-2008,not recorded (files retrieved by 2026-04-26),CentralCoast2008-DEM-AHD-5m_354000-6295000_56_1km_1km.tif,e166b8fa153a8afbb57dfcde359336480c89fd6849d5d2a89574db1234dd770c,EPSG:28356,"Elevation validity, study-area footprint and slope derivation",https://www.data.nsw.gov.au/data/dataset/marine-lidar-topo-bathy-2008,NO,Used; land DEM GeoTIFF tile; VERIFIED: Creative Commons Attribution (version not asserted); see DATA_SOURCES.md and ../ATTRIBUTION.md for attribution and modifications
NSW Marine LiDAR Topo-Bathy 2008 Geotif,Tenix LADS Corporation for the NSW Department of Environment and Climate Change; ELVIS distributor,https://www.data.nsw.gov.au/data/dataset/marine-lidar-topo-bathy-2008,not recorded (files retrieved by 2026-04-26),CentralCoast2008-DEM-AHD-5m_354000-6296000_56_1km_1km.tif,71803bc0a30bceba6bc7fb38c4e59b90ee9e02e732303cfdd0cf9f11e39c2978,EPSG:28356,"Elevation validity, study-area footprint and slope derivation",https://www.data.nsw.gov.au/data/dataset/marine-lidar-topo-bathy-2008,NO,Used; land DEM GeoTIFF tile; VERIFIED: Creative Commons Attribution (version not asserted); see DATA_SOURCES.md and ../ATTRIBUTION.md for attribution and modifications
NSW Marine LiDAR Topo-Bathy 2008 Geotif,Tenix LADS Corporation for the NSW Department of Environment and Climate Change; ELVIS distributor,https://www.data.nsw.gov.au/data/dataset/marine-lidar-topo-bathy-2008,not recorded (files retrieved by 2026-04-26),CentralCoast2008-DEM-AHD-5m_354000-6297000_56_1km_1km.tif,264b64716801c02d3005e9d6b185c3b6f54f300e1c305fa0d12d4905f9891188,EPSG:28356,"Elevation validity, study-area footprint and slope derivation",https://www.data.nsw.gov.au/data/dataset/marine-lidar-topo-bathy-2008,NO,Used; land DEM GeoTIFF tile; VERIFIED: Creative Commons Attribution (version not asserted); see DATA_SOURCES.md and ../ATTRIBUTION.md for attribution and modifications
NSW Marine LiDAR Topo-Bathy 2008 Geotif,Tenix LADS Corporation for the NSW Department of Environment and Climate Change; ELVIS distributor,https://www.data.nsw.gov.au/data/dataset/marine-lidar-topo-bathy-2008,not recorded (files retrieved by 2026-04-26),CentralCoast2008-DEM-AHD-5m_354000-6298000_56_1km_1km.tif,a5dc90e1e1309fe0665ee6f99d6882c7602541e10ec1fe8eeb72e6ed30153c66,EPSG:28356,"Elevation validity, study-area footprint and slope derivation",https://www.data.nsw.gov.au/data/dataset/marine-lidar-topo-bathy-2008,NO,Used; land DEM GeoTIFF tile; VERIFIED: Creative Commons Attribution (version not asserted); see DATA_SOURCES.md and ../ATTRIBUTION.md for attribution and modifications
NSW Marine LiDAR Topo-Bathy 2008 Geotif,Tenix LADS Corporation for the NSW Department of Environment and Climate Change; ELVIS distributor,https://www.data.nsw.gov.au/data/dataset/marine-lidar-topo-bathy-2008,not recorded (files retrieved by 2026-04-26),CentralCoast2008-DEM-AHD-5m_355000-6294000_56_1km_1km.tif,68abaacea3c006072a96220179e73a17c9a872265909f0e9a964ede0a77ba02c,EPSG:28356,"Elevation validity, study-area footprint and slope derivation",https://www.data.nsw.gov.au/data/dataset/marine-lidar-topo-bathy-2008,NO,Used; land DEM GeoTIFF tile; VERIFIED: Creative Commons Attribution (version not asserted); see DATA_SOURCES.md and ../ATTRIBUTION.md for attribution and modifications
NSW Marine LiDAR Topo-Bathy 2008 Geotif,Tenix LADS Corporation for the NSW Department of Environment and Climate Change; ELVIS distributor,https://www.data.nsw.gov.au/data/dataset/marine-lidar-topo-bathy-2008,not recorded (files retrieved by 2026-04-26),CentralCoast2008-DEM-AHD-5m_355000-6295000_56_1km_1km.tif,ebd6d5bd20c0ded047d8596a011c6db79cdd1c5bef804b8c6870e4cada0903f2,EPSG:28356,"Elevation validity, study-area footprint and slope derivation",https://www.data.nsw.gov.au/data/dataset/marine-lidar-topo-bathy-2008,NO,Used; land DEM GeoTIFF tile; VERIFIED: Creative Commons Attribution (version not asserted); see DATA_SOURCES.md and ../ATTRIBUTION.md for attribution and modifications
NSW Marine LiDAR Topo-Bathy 2008 Geotif,Tenix LADS Corporation for the NSW Department of Environment and Climate Change; ELVIS distributor,https://www.data.nsw.gov.au/data/dataset/marine-lidar-topo-bathy-2008,not recorded (files retrieved by 2026-04-26),CentralCoast2008-DEM-AHD-5m_355000-6296000_56_1km_1km.tif,5853787903f5496d5f87636de4be80d80121aebce3e5f2968999ded3de2b7085,EPSG:28356,"Elevation validity, study-area footprint and slope derivation",https://www.data.nsw.gov.au/data/dataset/marine-lidar-topo-bathy-2008,NO,Used; land DEM GeoTIFF tile; VERIFIED: Creative Commons Attribution (version not asserted); see DATA_SOURCES.md and ../ATTRIBUTION.md for attribution and modifications
NSW Marine LiDAR Topo-Bathy 2008 Geotif,Tenix LADS Corporation for the NSW Department of Environment and Climate Change; ELVIS distributor,https://www.data.nsw.gov.au/data/dataset/marine-lidar-topo-bathy-2008,not recorded (files retrieved by 2026-04-26),CentralCoast2008-DEM-AHD-5m_355000-6297000_56_1km_1km.tif,2313c447934cf4dc991f520ab8d563bca50dc79ef73e6176bb48efe6fc653acb,EPSG:28356,"Elevation validity, study-area footprint and slope derivation",https://www.data.nsw.gov.au/data/dataset/marine-lidar-topo-bathy-2008,NO,Used; land DEM GeoTIFF tile; VERIFIED: Creative Commons Attribution (version not asserted); see DATA_SOURCES.md and ../ATTRIBUTION.md for attribution and modifications
NSW Marine LiDAR Topo-Bathy 2008 Geotif,Tenix LADS Corporation for the NSW Department of Environment and Climate Change; ELVIS distributor,https://www.data.nsw.gov.au/data/dataset/marine-lidar-topo-bathy-2008,not recorded (files retrieved by 2026-04-26),CentralCoast2008-DEM-AHD-5m_355000-6298000_56_1km_1km.tif,d20bb128d7c9995f6ef361dff90e7a6a9df2361dbbfe1249b7d61d6820f3e5a6,EPSG:28356,"Elevation validity, study-area footprint and slope derivation",https://www.data.nsw.gov.au/data/dataset/marine-lidar-topo-bathy-2008,NO,Used; land DEM GeoTIFF tile; VERIFIED: Creative Commons Attribution (version not asserted); see DATA_SOURCES.md and ../ATTRIBUTION.md for attribution and modifications
NSW Marine LiDAR Topo-Bathy 2008 Geotif,Tenix LADS Corporation for the NSW Department of Environment and Climate Change; ELVIS distributor,https://www.data.nsw.gov.au/data/dataset/marine-lidar-topo-bathy-2008,not recorded (files retrieved by 2026-04-26),CentralCoast2008-DEM-AHD-5m_355000-6299000_56_1km_1km.tif,474ba87646429fbae2096aa769aa502f84336823bedf78b59dae5a57781b7d2d,EPSG:28356,"Elevation validity, study-area footprint and slope derivation",https://www.data.nsw.gov.au/data/dataset/marine-lidar-topo-bathy-2008,NO,Used; land DEM GeoTIFF tile; VERIFIED: Creative Commons Attribution (version not asserted); see DATA_SOURCES.md and ../ATTRIBUTION.md for attribution and modifications
NSW Marine LiDAR Topo-Bathy 2008 Geotif,Tenix LADS Corporation for the NSW Department of Environment and Climate Change; ELVIS distributor,https://www.data.nsw.gov.au/data/dataset/marine-lidar-topo-bathy-2008,not recorded (files retrieved by 2026-04-26),CentralCoast2008-DEM-AHD-5m_355000-6300000_56_1km_1km.tif,cb5f7adb82498c42dbcbdee0d6645aff66688a43d191922cf2b53bee4f72b335,EPSG:28356,"Elevation validity, study-area footprint and slope derivation",https://www.data.nsw.gov.au/data/dataset/marine-lidar-topo-bathy-2008,NO,Used; land DEM GeoTIFF tile; VERIFIED: Creative Commons Attribution (version not asserted); see DATA_SOURCES.md and ../ATTRIBUTION.md for attribution and modifications
NSW Marine LiDAR Topo-Bathy 2008 Geotif,Tenix LADS Corporation for the NSW Department of Environment and Climate Change; ELVIS distributor,https://www.data.nsw.gov.au/data/dataset/marine-lidar-topo-bathy-2008,not recorded (files retrieved by 2026-04-26),CentralCoast2008-DEM-AHD-5m_356000-6296000_56_1km_1km.tif,10970eb1524b7825017badb377c1e7fc56c942a161d0cf095bf0100a0db40226,EPSG:28356,"Elevation validity, study-area footprint and slope derivation",https://www.data.nsw.gov.au/data/dataset/marine-lidar-topo-bathy-2008,NO,Used; land DEM GeoTIFF tile; VERIFIED: Creative Commons Attribution (version not asserted); see DATA_SOURCES.md and ../ATTRIBUTION.md for attribution and modifications
NSW Marine LiDAR Topo-Bathy 2008 Geotif,Tenix LADS Corporation for the NSW Department of Environment and Climate Change; ELVIS distributor,https://www.data.nsw.gov.au/data/dataset/marine-lidar-topo-bathy-2008,not recorded (files retrieved by 2026-04-26),CentralCoast2008-DEM-AHD-5m_356000-6297000_56_1km_1km.tif,b74121b665dd76df87e432f826f670d1c353c54724ecd7f72a04ea26a20f20fe,EPSG:28356,"Elevation validity, study-area footprint and slope derivation",https://www.data.nsw.gov.au/data/dataset/marine-lidar-topo-bathy-2008,NO,Used; land DEM GeoTIFF tile; VERIFIED: Creative Commons Attribution (version not asserted); see DATA_SOURCES.md and ../ATTRIBUTION.md for attribution and modifications
NSW Marine LiDAR Topo-Bathy 2008 Geotif,Tenix LADS Corporation for the NSW Department of Environment and Climate Change; ELVIS distributor,https://www.data.nsw.gov.au/data/dataset/marine-lidar-topo-bathy-2008,not recorded (files retrieved by 2026-04-26),CentralCoast2008-DEM-AHD-5m_356000-6298000_56_1km_1km.tif,e34e4277ab1f300c7b08af200d14947ee9683072c423a8a44bf68c0ced0d9e95,EPSG:28356,"Elevation validity, study-area footprint and slope derivation",https://www.data.nsw.gov.au/data/dataset/marine-lidar-topo-bathy-2008,NO,Used; land DEM GeoTIFF tile; VERIFIED: Creative Commons Attribution (version not asserted); see DATA_SOURCES.md and ../ATTRIBUTION.md for attribution and modifications
NSW Marine LiDAR Topo-Bathy 2008 Geotif,Tenix LADS Corporation for the NSW Department of Environment and Climate Change; ELVIS distributor,https://www.data.nsw.gov.au/data/dataset/marine-lidar-topo-bathy-2008,not recorded (files retrieved by 2026-04-26),CentralCoast2008-DEM-AHD-5m_356000-6299000_56_1km_1km.tif,67645d211483044898b6ed62d41300381f7f7de003fe21fa892605d16aa4743e,EPSG:28356,"Elevation validity, study-area footprint and slope derivation",https://www.data.nsw.gov.au/data/dataset/marine-lidar-topo-bathy-2008,NO,Used; land DEM GeoTIFF tile; VERIFIED: Creative Commons Attribution (version not asserted); see DATA_SOURCES.md and ../ATTRIBUTION.md for attribution and modifications
NSW Marine LiDAR Topo-Bathy 2008 Geotif,Tenix LADS Corporation for the NSW Department of Environment and Climate Change; ELVIS distributor,https://www.data.nsw.gov.au/data/dataset/marine-lidar-topo-bathy-2008,not recorded (files retrieved by 2026-04-26),CentralCoast2008-DEM-AHD-5m_356000-6300000_56_1km_1km.tif,70b997bd547357e988955e7495730fe38ea64e5cc3296331ba6d49103cc6924d,EPSG:28356,"Elevation validity, study-area footprint and slope derivation",https://www.data.nsw.gov.au/data/dataset/marine-lidar-topo-bathy-2008,NO,Used; land DEM GeoTIFF tile; VERIFIED: Creative Commons Attribution (version not asserted); see DATA_SOURCES.md and ../ATTRIBUTION.md for attribution and modifications
NSW Marine LiDAR Topo-Bathy 2008 Geotif,Tenix LADS Corporation for the NSW Department of Environment and Climate Change; ELVIS distributor,https://www.data.nsw.gov.au/data/dataset/marine-lidar-topo-bathy-2008,not recorded (files retrieved by 2026-04-26),CentralCoast2008-DEM-AHD-5m_356000-6301000_56_1km_1km.tif,72591a2dd1cd2d22aa889c6dc108fc3721caf3eccf61b0fc7383363242e19e41,EPSG:28356,"Elevation validity, study-area footprint and slope derivation",https://www.data.nsw.gov.au/data/dataset/marine-lidar-topo-bathy-2008,NO,Used; land DEM GeoTIFF tile; VERIFIED: Creative Commons Attribution (version not asserted); see DATA_SOURCES.md and ../ATTRIBUTION.md for attribution and modifications
NSW Marine LiDAR Topo-Bathy 2008 Geotif,Tenix LADS Corporation for the NSW Department of Environment and Climate Change; ELVIS distributor,https://www.data.nsw.gov.au/data/dataset/marine-lidar-topo-bathy-2008,not recorded (files retrieved by 2026-04-26),CentralCoast2008-DEM-AHD-5m_356000-6302000_56_1km_1km.tif,69467752eb1f619f373fcf5c4c277e977bf4a4f2b9784272c85a3659217ee0ed,EPSG:28356,"Elevation validity, study-area footprint and slope derivation",https://www.data.nsw.gov.au/data/dataset/marine-lidar-topo-bathy-2008,NO,Used; land DEM GeoTIFF tile; VERIFIED: Creative Commons Attribution (version not asserted); see DATA_SOURCES.md and ../ATTRIBUTION.md for attribution and modifications
NSW Marine LiDAR Topo-Bathy 2008 Geotif,Tenix LADS Corporation for the NSW Department of Environment and Climate Change; ELVIS distributor,https://www.data.nsw.gov.au/data/dataset/marine-lidar-topo-bathy-2008,not recorded (files retrieved by 2026-04-26),CentralCoast2008-DEM-AHD-5m_357000-6298000_56_1km_1km.tif,3c01fc68b129998d9f148dfac9bdd1bffc53a4a75cdcc503c964523675ff18ef,EPSG:28356,"Elevation validity, study-area footprint and slope derivation",https://www.data.nsw.gov.au/data/dataset/marine-lidar-topo-bathy-2008,NO,Used; land DEM GeoTIFF tile; VERIFIED: Creative Commons Attribution (version not asserted); see DATA_SOURCES.md and ../ATTRIBUTION.md for attribution and modifications
NSW Marine LiDAR Topo-Bathy 2008 Geotif,Tenix LADS Corporation for the NSW Department of Environment and Climate Change; ELVIS distributor,https://www.data.nsw.gov.au/data/dataset/marine-lidar-topo-bathy-2008,not recorded (files retrieved by 2026-04-26),CentralCoast2008-DEM-AHD-5m_357000-6299000_56_1km_1km.tif,34923ead48bf5e3b0943824ddd5ba60c699c97ada341541b5214e6ccd7d15673,EPSG:28356,"Elevation validity, study-area footprint and slope derivation",https://www.data.nsw.gov.au/data/dataset/marine-lidar-topo-bathy-2008,NO,Used; land DEM GeoTIFF tile; VERIFIED: Creative Commons Attribution (version not asserted); see DATA_SOURCES.md and ../ATTRIBUTION.md for attribution and modifications
NSW Marine LiDAR Topo-Bathy 2008 Geotif,Tenix LADS Corporation for the NSW Department of Environment and Climate Change; ELVIS distributor,https://www.data.nsw.gov.au/data/dataset/marine-lidar-topo-bathy-2008,not recorded (files retrieved by 2026-04-26),CentralCoast2008-DEM-AHD-5m_357000-6300000_56_1km_1km.tif,83d4f3d426d847d37f818052c55d61860da0b833e16c49311e490be9b7224eb4,EPSG:28356,"Elevation validity, study-area footprint and slope derivation",https://www.data.nsw.gov.au/data/dataset/marine-lidar-topo-bathy-2008,NO,Used; land DEM GeoTIFF tile; VERIFIED: Creative Commons Attribution (version not asserted); see DATA_SOURCES.md and ../ATTRIBUTION.md for attribution and modifications
NSW Marine LiDAR Topo-Bathy 2008 Geotif,Tenix LADS Corporation for the NSW Department of Environment and Climate Change; ELVIS distributor,https://www.data.nsw.gov.au/data/dataset/marine-lidar-topo-bathy-2008,not recorded (files retrieved by 2026-04-26),CentralCoast2008-DEM-AHD-5m_357000-6301000_56_1km_1km.tif,20f7ad0f11aea2e022376d7f63126304c2bd2a91347bb6b971c7b05c5d5504c2,EPSG:28356,"Elevation validity, study-area footprint and slope derivation",https://www.data.nsw.gov.au/data/dataset/marine-lidar-topo-bathy-2008,NO,Used; land DEM GeoTIFF tile; VERIFIED: Creative Commons Attribution (version not asserted); see DATA_SOURCES.md and ../ATTRIBUTION.md for attribution and modifications
NSW Marine LiDAR Topo-Bathy 2008 Geotif,Tenix LADS Corporation for the NSW Department of Environment and Climate Change; ELVIS distributor,https://www.data.nsw.gov.au/data/dataset/marine-lidar-topo-bathy-2008,not recorded (files retrieved by 2026-04-26),CentralCoast2008-DEM-AHD-5m_357000-6302000_56_1km_1km.tif,fb5fea58f4a27661fb23db3d1fe99d7f4a17b327fd9202bfbc653120a63adcf8,EPSG:28356,"Elevation validity, study-area footprint and slope derivation",https://www.data.nsw.gov.au/data/dataset/marine-lidar-topo-bathy-2008,NO,Used; land DEM GeoTIFF tile; VERIFIED: Creative Commons Attribution (version not asserted); see DATA_SOURCES.md and ../ATTRIBUTION.md for attribution and modifications
NSW Marine LiDAR Topo-Bathy 2008 Geotif,Tenix LADS Corporation for the NSW Department of Environment and Climate Change; ELVIS distributor,https://www.data.nsw.gov.au/data/dataset/marine-lidar-topo-bathy-2008,not recorded (files retrieved by 2026-04-26),CentralCoast2008-DEM-AHD-5m_357000-6303000_56_1km_1km.tif,c5b55d0e42aed8d464d0544bc4e3967477e02397931b26e163941d4bffbd1111,EPSG:28356,"Elevation validity, study-area footprint and slope derivation",https://www.data.nsw.gov.au/data/dataset/marine-lidar-topo-bathy-2008,NO,Used; land DEM GeoTIFF tile; VERIFIED: Creative Commons Attribution (version not asserted); see DATA_SOURCES.md and ../ATTRIBUTION.md for attribution and modifications
NSW Marine LiDAR Topo-Bathy 2008 Geotif,Tenix LADS Corporation for the NSW Department of Environment and Climate Change; ELVIS distributor,https://www.data.nsw.gov.au/data/dataset/marine-lidar-topo-bathy-2008,not recorded (files retrieved by 2026-04-26),CentralCoast2008-DEM-AHD-5m_357000-6304000_56_1km_1km.tif,95fd03cf592fbf22b3c2bc7509305aedeffc972c8e76b194bf954b8c567c8f35,EPSG:28356,"Elevation validity, study-area footprint and slope derivation",https://www.data.nsw.gov.au/data/dataset/marine-lidar-topo-bathy-2008,NO,Used; land DEM GeoTIFF tile; VERIFIED: Creative Commons Attribution (version not asserted); see DATA_SOURCES.md and ../ATTRIBUTION.md for attribution and modifications
NSW Marine LiDAR Topo-Bathy 2008 Geotif,Tenix LADS Corporation for the NSW Department of Environment and Climate Change; ELVIS distributor,https://www.data.nsw.gov.au/data/dataset/marine-lidar-topo-bathy-2008,not recorded (files retrieved by 2026-04-26),CentralCoast2008-DEM-AHD-5m_358000-6299000_56_1km_1km.tif,86508517d4bc8250418f91cdd1becea7c75621774372af869b6720a8c34322fb,EPSG:28356,"Elevation validity, study-area footprint and slope derivation",https://www.data.nsw.gov.au/data/dataset/marine-lidar-topo-bathy-2008,NO,Used; land DEM GeoTIFF tile; VERIFIED: Creative Commons Attribution (version not asserted); see DATA_SOURCES.md and ../ATTRIBUTION.md for attribution and modifications
NSW Marine LiDAR Topo-Bathy 2008 Geotif,Tenix LADS Corporation for the NSW Department of Environment and Climate Change; ELVIS distributor,https://www.data.nsw.gov.au/data/dataset/marine-lidar-topo-bathy-2008,not recorded (files retrieved by 2026-04-26),CentralCoast2008-DEM-AHD-5m_358000-6300000_56_1km_1km.tif,825ceb3435a2bb48bdee69d97564f2a5f9c752bc2bb722e74bd61cccc78462d6,EPSG:28356,"Elevation validity, study-area footprint and slope derivation",https://www.data.nsw.gov.au/data/dataset/marine-lidar-topo-bathy-2008,NO,Used; land DEM GeoTIFF tile; VERIFIED: Creative Commons Attribution (version not asserted); see DATA_SOURCES.md and ../ATTRIBUTION.md for attribution and modifications
NSW Marine LiDAR Topo-Bathy 2008 Geotif,Tenix LADS Corporation for the NSW Department of Environment and Climate Change; ELVIS distributor,https://www.data.nsw.gov.au/data/dataset/marine-lidar-topo-bathy-2008,not recorded (files retrieved by 2026-04-26),CentralCoast2008-DEM-AHD-5m_358000-6301000_56_1km_1km.tif,7696432370b665f76045df434feba2a7637a540d9cffd6cea4669f52fb8704da,EPSG:28356,"Elevation validity, study-area footprint and slope derivation",https://www.data.nsw.gov.au/data/dataset/marine-lidar-topo-bathy-2008,NO,Used; land DEM GeoTIFF tile; VERIFIED: Creative Commons Attribution (version not asserted); see DATA_SOURCES.md and ../ATTRIBUTION.md for attribution and modifications
NSW Marine LiDAR Topo-Bathy 2008 Geotif,Tenix LADS Corporation for the NSW Department of Environment and Climate Change; ELVIS distributor,https://www.data.nsw.gov.au/data/dataset/marine-lidar-topo-bathy-2008,not recorded (files retrieved by 2026-04-26),CentralCoast2008-DEM-AHD-5m_358000-6302000_56_1km_1km.tif,3ea58f6998edff3b73471af77e8dd0e3050a390bc46b196502969d16551ab5dd,EPSG:28356,"Elevation validity, study-area footprint and slope derivation",https://www.data.nsw.gov.au/data/dataset/marine-lidar-topo-bathy-2008,NO,Used; land DEM GeoTIFF tile; VERIFIED: Creative Commons Attribution (version not asserted); see DATA_SOURCES.md and ../ATTRIBUTION.md for attribution and modifications
NSW Marine LiDAR Topo-Bathy 2008 Geotif,Tenix LADS Corporation for the NSW Department of Environment and Climate Change; ELVIS distributor,https://www.data.nsw.gov.au/data/dataset/marine-lidar-topo-bathy-2008,not recorded (files retrieved by 2026-04-26),CentralCoast2008-DEM-AHD-5m_358000-6303000_56_1km_1km.tif,9f7351306f4644aef4f665fb1156109c0026e75016835b15052f695f408e4ee8,EPSG:28356,"Elevation validity, study-area footprint and slope derivation",https://www.data.nsw.gov.au/data/dataset/marine-lidar-topo-bathy-2008,NO,Used; land DEM GeoTIFF tile; VERIFIED: Creative Commons Attribution (version not asserted); see DATA_SOURCES.md and ../ATTRIBUTION.md for attribution and modifications
NSW Marine LiDAR Topo-Bathy 2008 Geotif,Tenix LADS Corporation for the NSW Department of Environment and Climate Change; ELVIS distributor,https://www.data.nsw.gov.au/data/dataset/marine-lidar-topo-bathy-2008,not recorded (files retrieved by 2026-04-26),CentralCoast2008-DEM-AHD-5m_358000-6304000_56_1km_1km.tif,5c89769ea04cfac1264df2a4389753ef1a3ee02ae820ef1936d9442b41efacd9,EPSG:28356,"Elevation validity, study-area footprint and slope derivation",https://www.data.nsw.gov.au/data/dataset/marine-lidar-topo-bathy-2008,NO,Used; land DEM GeoTIFF tile; VERIFIED: Creative Commons Attribution (version not asserted); see DATA_SOURCES.md and ../ATTRIBUTION.md for attribution and modifications
NSW Marine LiDAR Topo-Bathy 2008 Geotif,Tenix LADS Corporation for the NSW Department of Environment and Climate Change; ELVIS distributor,https://www.data.nsw.gov.au/data/dataset/marine-lidar-topo-bathy-2008,not recorded (files retrieved by 2026-04-26),CentralCoast2008-DEM-AHD-5m_358000-6305000_56_1km_1km.tif,68e85c2ecb3b9b16b0cae3d6dcc8582a4d0d8d087f4d3aee4a54524bd845c8c7,EPSG:28356,"Elevation validity, study-area footprint and slope derivation",https://www.data.nsw.gov.au/data/dataset/marine-lidar-topo-bathy-2008,NO,Used; land DEM GeoTIFF tile; VERIFIED: Creative Commons Attribution (version not asserted); see DATA_SOURCES.md and ../ATTRIBUTION.md for attribution and modifications
NSW Marine LiDAR Topo-Bathy 2008 Geotif,Tenix LADS Corporation for the NSW Department of Environment and Climate Change; ELVIS distributor,https://www.data.nsw.gov.au/data/dataset/marine-lidar-topo-bathy-2008,not recorded (files retrieved by 2026-04-26),CentralCoast2008-DEM-AHD-5m_358000-6306000_56_1km_1km.tif,74486f658d35fea3f7cbee7b3f901c7fe91a8fe2926b78a9eaf20f45ef56377b,EPSG:28356,"Elevation validity, study-area footprint and slope derivation",https://www.data.nsw.gov.au/data/dataset/marine-lidar-topo-bathy-2008,NO,Used; land DEM GeoTIFF tile; VERIFIED: Creative Commons Attribution (version not asserted); see DATA_SOURCES.md and ../ATTRIBUTION.md for attribution and modifications
NSW Marine LiDAR Topo-Bathy 2008 Geotif,Tenix LADS Corporation for the NSW Department of Environment and Climate Change; ELVIS distributor,https://www.data.nsw.gov.au/data/dataset/marine-lidar-topo-bathy-2008,not recorded (files retrieved by 2026-04-26),CentralCoast2008-DEM-AHD-5m_359000-6301000_56_1km_1km.tif,ae7d8ccf3ac7a73865fa69e602a52197cf14c366db581596e40771b6b3de83cb,EPSG:28356,"Elevation validity, study-area footprint and slope derivation",https://www.data.nsw.gov.au/data/dataset/marine-lidar-topo-bathy-2008,NO,Used; land DEM GeoTIFF tile; VERIFIED: Creative Commons Attribution (version not asserted); see DATA_SOURCES.md and ../ATTRIBUTION.md for attribution and modifications
NSW Marine LiDAR Topo-Bathy 2008 Geotif,Tenix LADS Corporation for the NSW Department of Environment and Climate Change; ELVIS distributor,https://www.data.nsw.gov.au/data/dataset/marine-lidar-topo-bathy-2008,not recorded (files retrieved by 2026-04-26),CentralCoast2008-DEM-AHD-5m_359000-6302000_56_1km_1km.tif,c54e0ec379dc17e5aef1d6614a2b2f60cd893bcc5f061969416e23bd3c9708ca,EPSG:28356,"Elevation validity, study-area footprint and slope derivation",https://www.data.nsw.gov.au/data/dataset/marine-lidar-topo-bathy-2008,NO,Used; land DEM GeoTIFF tile; VERIFIED: Creative Commons Attribution (version not asserted); see DATA_SOURCES.md and ../ATTRIBUTION.md for attribution and modifications
NSW Marine LiDAR Topo-Bathy 2008 Geotif,Tenix LADS Corporation for the NSW Department of Environment and Climate Change; ELVIS distributor,https://www.data.nsw.gov.au/data/dataset/marine-lidar-topo-bathy-2008,not recorded (files retrieved by 2026-04-26),CentralCoast2008-DEM-AHD-5m_359000-6303000_56_1km_1km.tif,e6e2036054f2288a745f30c40762ec1c99fea55efc0dde37ecf3f11d206602e7,EPSG:28356,"Elevation validity, study-area footprint and slope derivation",https://www.data.nsw.gov.au/data/dataset/marine-lidar-topo-bathy-2008,NO,Used; land DEM GeoTIFF tile; VERIFIED: Creative Commons Attribution (version not asserted); see DATA_SOURCES.md and ../ATTRIBUTION.md for attribution and modifications
NSW Marine LiDAR Topo-Bathy 2008 Geotif,Tenix LADS Corporation for the NSW Department of Environment and Climate Change; ELVIS distributor,https://www.data.nsw.gov.au/data/dataset/marine-lidar-topo-bathy-2008,not recorded (files retrieved by 2026-04-26),CentralCoast2008-DEM-AHD-5m_359000-6304000_56_1km_1km.tif,eda6dc1cbd20c4205f3c2dd6bfdae5b10ff95c5ac856ec026fbba570469fcfad,EPSG:28356,"Elevation validity, study-area footprint and slope derivation",https://www.data.nsw.gov.au/data/dataset/marine-lidar-topo-bathy-2008,NO,Used; land DEM GeoTIFF tile; VERIFIED: Creative Commons Attribution (version not asserted); see DATA_SOURCES.md and ../ATTRIBUTION.md for attribution and modifications
NSW Marine LiDAR Topo-Bathy 2008 Geotif,Tenix LADS Corporation for the NSW Department of Environment and Climate Change; ELVIS distributor,https://www.data.nsw.gov.au/data/dataset/marine-lidar-topo-bathy-2008,not recorded (files retrieved by 2026-04-26),CentralCoast2008-DEM-AHD-5m_359000-6305000_56_1km_1km.tif,d190e75ca016a2a81ca44cf97acae449d17b5e35bb69959d453f8d7f3f775ab4,EPSG:28356,"Elevation validity, study-area footprint and slope derivation",https://www.data.nsw.gov.au/data/dataset/marine-lidar-topo-bathy-2008,NO,Used; land DEM GeoTIFF tile; VERIFIED: Creative Commons Attribution (version not asserted); see DATA_SOURCES.md and ../ATTRIBUTION.md for attribution and modifications
NSW Marine LiDAR Topo-Bathy 2008 Geotif,Tenix LADS Corporation for the NSW Department of Environment and Climate Change; ELVIS distributor,https://www.data.nsw.gov.au/data/dataset/marine-lidar-topo-bathy-2008,not recorded (files retrieved by 2026-04-26),CentralCoast2008-DEM-AHD-5m_359000-6306000_56_1km_1km.tif,8339328bb09b78ab6661f0ef7939058f3f3e27e55e69bed055656d0fd541f01e,EPSG:28356,"Elevation validity, study-area footprint and slope derivation",https://www.data.nsw.gov.au/data/dataset/marine-lidar-topo-bathy-2008,NO,Used; land DEM GeoTIFF tile; VERIFIED: Creative Commons Attribution (version not asserted); see DATA_SOURCES.md and ../ATTRIBUTION.md for attribution and modifications
NSW Marine LiDAR Topo-Bathy 2008 Geotif,Tenix LADS Corporation for the NSW Department of Environment and Climate Change; ELVIS distributor,https://www.data.nsw.gov.au/data/dataset/marine-lidar-topo-bathy-2008,not recorded (files retrieved by 2026-04-26),CentralCoast2008-DEM-AHD-5m_359000-6307000_56_1km_1km.tif,e1c60fd15be954ac43c3aa88c9e9c16a7aabeef0955aacff9d59569d7d735a91,EPSG:28356,"Elevation validity, study-area footprint and slope derivation",https://www.data.nsw.gov.au/data/dataset/marine-lidar-topo-bathy-2008,NO,Used; land DEM GeoTIFF tile; VERIFIED: Creative Commons Attribution (version not asserted); see DATA_SOURCES.md and ../ATTRIBUTION.md for attribution and modifications
NSW Marine LiDAR Topo-Bathy 2008 Geotif,Tenix LADS Corporation for the NSW Department of Environment and Climate Change; ELVIS distributor,https://www.data.nsw.gov.au/data/dataset/marine-lidar-topo-bathy-2008,not recorded (files retrieved by 2026-04-26),CentralCoast2008-DEM-AHD-5m_359000-6308000_56_1km_1km.tif,ffc22dbaaeba05c9d7bf8cd5c807cc01fcd07c258eed75ca2c9bb9ff9afc0b2b,EPSG:28356,"Elevation validity, study-area footprint and slope derivation",https://www.data.nsw.gov.au/data/dataset/marine-lidar-topo-bathy-2008,NO,Used; land DEM GeoTIFF tile; VERIFIED: Creative Commons Attribution (version not asserted); see DATA_SOURCES.md and ../ATTRIBUTION.md for attribution and modifications
NSW Marine LiDAR Topo-Bathy 2008 Geotif,Tenix LADS Corporation for the NSW Department of Environment and Climate Change; ELVIS distributor,https://www.data.nsw.gov.au/data/dataset/marine-lidar-topo-bathy-2008,not recorded (files retrieved by 2026-04-26),CentralCoast2008-DEM-AHD-5m_359000-6309000_56_1km_1km.tif,dd02ada43a76d66de6df231ea0dbff75a00237fd0bbe4d6e6f98bf1dbd6e5e31,EPSG:28356,"Elevation validity, study-area footprint and slope derivation",https://www.data.nsw.gov.au/data/dataset/marine-lidar-topo-bathy-2008,NO,Used; land DEM GeoTIFF tile; VERIFIED: Creative Commons Attribution (version not asserted); see DATA_SOURCES.md and ../ATTRIBUTION.md for attribution and modifications
NSW Marine LiDAR Topo-Bathy 2008 Geotif,Tenix LADS Corporation for the NSW Department of Environment and Climate Change; ELVIS distributor,https://www.data.nsw.gov.au/data/dataset/marine-lidar-topo-bathy-2008,not recorded (files retrieved by 2026-04-26),CentralCoast2008-DEM-AHD-5m_359000-6310000_56_1km_1km.tif,2d89e7aa5dbd33f74f3f5fc35a8d5c85c4e774a7d6a024d06fa325a5af50b660,EPSG:28356,"Elevation validity, study-area footprint and slope derivation",https://www.data.nsw.gov.au/data/dataset/marine-lidar-topo-bathy-2008,NO,Used; land DEM GeoTIFF tile; VERIFIED: Creative Commons Attribution (version not asserted); see DATA_SOURCES.md and ../ATTRIBUTION.md for attribution and modifications
NSW Marine LiDAR Topo-Bathy 2008 Geotif,Tenix LADS Corporation for the NSW Department of Environment and Climate Change; ELVIS distributor,https://www.data.nsw.gov.au/data/dataset/marine-lidar-topo-bathy-2008,not recorded (files retrieved by 2026-04-26),CentralCoast2008-DEM-AHD-5m_359000-6311000_56_1km_1km.tif,3cc7a7a717f7be932a81769c3939ad4fdcb3d5316c05774d7ace225388efdd01,EPSG:28356,"Elevation validity, study-area footprint and slope derivation",https://www.data.nsw.gov.au/data/dataset/marine-lidar-topo-bathy-2008,NO,Used; land DEM GeoTIFF tile; VERIFIED: Creative Commons Attribution (version not asserted); see DATA_SOURCES.md and ../ATTRIBUTION.md for attribution and modifications
NSW Marine LiDAR Topo-Bathy 2008 Geotif,Tenix LADS Corporation for the NSW Department of Environment and Climate Change; ELVIS distributor,https://www.data.nsw.gov.au/data/dataset/marine-lidar-topo-bathy-2008,not recorded (files retrieved by 2026-04-26),CentralCoast2008-DEM-AHD-5m_360000-6303000_56_1km_1km.tif,7a053baf5edbec0e20110cbbc8e056f1cb2fe276ab9bb521c3389cf76e122836,EPSG:28356,"Elevation validity, study-area footprint and slope derivation",https://www.data.nsw.gov.au/data/dataset/marine-lidar-topo-bathy-2008,NO,Used; land DEM GeoTIFF tile; VERIFIED: Creative Commons Attribution (version not asserted); see DATA_SOURCES.md and ../ATTRIBUTION.md for attribution and modifications
NSW Marine LiDAR Topo-Bathy 2008 Geotif,Tenix LADS Corporation for the NSW Department of Environment and Climate Change; ELVIS distributor,https://www.data.nsw.gov.au/data/dataset/marine-lidar-topo-bathy-2008,not recorded (files retrieved by 2026-04-26),CentralCoast2008-DEM-AHD-5m_360000-6304000_56_1km_1km.tif,da6c4eede645292cd911d5102788f719e7d31a317318f49ea94e51215388f649,EPSG:28356,"Elevation validity, study-area footprint and slope derivation",https://www.data.nsw.gov.au/data/dataset/marine-lidar-topo-bathy-2008,NO,Used; land DEM GeoTIFF tile; VERIFIED: Creative Commons Attribution (version not asserted); see DATA_SOURCES.md and ../ATTRIBUTION.md for attribution and modifications
NSW Marine LiDAR Topo-Bathy 2008 Geotif,Tenix LADS Corporation for the NSW Department of Environment and Climate Change; ELVIS distributor,https://www.data.nsw.gov.au/data/dataset/marine-lidar-topo-bathy-2008,not recorded (files retrieved by 2026-04-26),CentralCoast2008-DEM-AHD-5m_360000-6305000_56_1km_1km.tif,3d1bc6ff2e6fd6bb9f330112ad2c280a3e65ea3b7e29c5a0a6bb50f1b45d3b37,EPSG:28356,"Elevation validity, study-area footprint and slope derivation",https://www.data.nsw.gov.au/data/dataset/marine-lidar-topo-bathy-2008,NO,Used; land DEM GeoTIFF tile; VERIFIED: Creative Commons Attribution (version not asserted); see DATA_SOURCES.md and ../ATTRIBUTION.md for attribution and modifications
NSW Marine LiDAR Topo-Bathy 2008 Geotif,Tenix LADS Corporation for the NSW Department of Environment and Climate Change; ELVIS distributor,https://www.data.nsw.gov.au/data/dataset/marine-lidar-topo-bathy-2008,not recorded (files retrieved by 2026-04-26),CentralCoast2008-DEM-AHD-5m_360000-6306000_56_1km_1km.tif,5b079d01d02c47472d612e26cc02a845e69b0f7a51d6eec51977ec422b286717,EPSG:28356,"Elevation validity, study-area footprint and slope derivation",https://www.data.nsw.gov.au/data/dataset/marine-lidar-topo-bathy-2008,NO,Used; land DEM GeoTIFF tile; VERIFIED: Creative Commons Attribution (version not asserted); see DATA_SOURCES.md and ../ATTRIBUTION.md for attribution and modifications
NSW Marine LiDAR Topo-Bathy 2008 Geotif,Tenix LADS Corporation for the NSW Department of Environment and Climate Change; ELVIS distributor,https://www.data.nsw.gov.au/data/dataset/marine-lidar-topo-bathy-2008,not recorded (files retrieved by 2026-04-26),CentralCoast2008-DEM-AHD-5m_360000-6307000_56_1km_1km.tif,0d978f5dd270a6e81b44ad369b1eb1428ff37433da9bd11e8c1054092d32e907,EPSG:28356,"Elevation validity, study-area footprint and slope derivation",https://www.data.nsw.gov.au/data/dataset/marine-lidar-topo-bathy-2008,NO,Used; land DEM GeoTIFF tile; VERIFIED: Creative Commons Attribution (version not asserted); see DATA_SOURCES.md and ../ATTRIBUTION.md for attribution and modifications
NSW Marine LiDAR Topo-Bathy 2008 Geotif,Tenix LADS Corporation for the NSW Department of Environment and Climate Change; ELVIS distributor,https://www.data.nsw.gov.au/data/dataset/marine-lidar-topo-bathy-2008,not recorded (files retrieved by 2026-04-26),CentralCoast2008-DEM-AHD-5m_360000-6308000_56_1km_1km.tif,f8b0d59e2024ed19cbfbc419f73dd9a865100a4537235cb05bef6db2832dfbc4,EPSG:28356,"Elevation validity, study-area footprint and slope derivation",https://www.data.nsw.gov.au/data/dataset/marine-lidar-topo-bathy-2008,NO,Used; land DEM GeoTIFF tile; VERIFIED: Creative Commons Attribution (version not asserted); see DATA_SOURCES.md and ../ATTRIBUTION.md for attribution and modifications
NSW Marine LiDAR Topo-Bathy 2008 Geotif,Tenix LADS Corporation for the NSW Department of Environment and Climate Change; ELVIS distributor,https://www.data.nsw.gov.au/data/dataset/marine-lidar-topo-bathy-2008,not recorded (files retrieved by 2026-04-26),CentralCoast2008-DEM-AHD-5m_360000-6309000_56_1km_1km.tif,f5979cb1eaeaf796f5750468bef715087279e7aeaf9e6f0b2fe04cea4879acc1,EPSG:28356,"Elevation validity, study-area footprint and slope derivation",https://www.data.nsw.gov.au/data/dataset/marine-lidar-topo-bathy-2008,NO,Used; land DEM GeoTIFF tile; VERIFIED: Creative Commons Attribution (version not asserted); see DATA_SOURCES.md and ../ATTRIBUTION.md for attribution and modifications
NSW Marine LiDAR Topo-Bathy 2008 Geotif,Tenix LADS Corporation for the NSW Department of Environment and Climate Change; ELVIS distributor,https://www.data.nsw.gov.au/data/dataset/marine-lidar-topo-bathy-2008,not recorded (files retrieved by 2026-04-26),CentralCoast2008-DEM-AHD-5m_360000-6310000_56_1km_1km.tif,150da8ff29f6e70d3e05e70958a03209f07b58a0ae6225853aeb78966d94b8dc,EPSG:28356,"Elevation validity, study-area footprint and slope derivation",https://www.data.nsw.gov.au/data/dataset/marine-lidar-topo-bathy-2008,NO,Used; land DEM GeoTIFF tile; VERIFIED: Creative Commons Attribution (version not asserted); see DATA_SOURCES.md and ../ATTRIBUTION.md for attribution and modifications
NSW Marine LiDAR Topo-Bathy 2008 Geotif,Tenix LADS Corporation for the NSW Department of Environment and Climate Change; ELVIS distributor,https://www.data.nsw.gov.au/data/dataset/marine-lidar-topo-bathy-2008,not recorded (files retrieved by 2026-04-26),CentralCoast2008-DEM-AHD-5m_360000-6311000_56_1km_1km.tif,89bfe99c07f9024c6906827a1e6de76a2910171718ddb23054db64cd0fcf262c,EPSG:28356,"Elevation validity, study-area footprint and slope derivation",https://www.data.nsw.gov.au/data/dataset/marine-lidar-topo-bathy-2008,NO,Used; land DEM GeoTIFF tile; VERIFIED: Creative Commons Attribution (version not asserted); see DATA_SOURCES.md and ../ATTRIBUTION.md for attribution and modifications
NSW Marine LiDAR Topo-Bathy 2008 Geotif,Tenix LADS Corporation for the NSW Department of Environment and Climate Change; ELVIS distributor,https://www.data.nsw.gov.au/data/dataset/marine-lidar-topo-bathy-2008,not recorded (files retrieved by 2026-04-26),CentralCoast2008-DEM-AHD-5m_361000-6305000_56_1km_1km.tif,66fa2ce85431e673eeae19e2610017e94af7cd94e13c6e2455b92988de407fa8,EPSG:28356,"Elevation validity, study-area footprint and slope derivation",https://www.data.nsw.gov.au/data/dataset/marine-lidar-topo-bathy-2008,NO,Used; land DEM GeoTIFF tile; VERIFIED: Creative Commons Attribution (version not asserted); see DATA_SOURCES.md and ../ATTRIBUTION.md for attribution and modifications
NSW Marine LiDAR Topo-Bathy 2008 Geotif,Tenix LADS Corporation for the NSW Department of Environment and Climate Change; ELVIS distributor,https://www.data.nsw.gov.au/data/dataset/marine-lidar-topo-bathy-2008,not recorded (files retrieved by 2026-04-26),CentralCoast2008-DEM-AHD-5m_361000-6306000_56_1km_1km.tif,ede107902fc3cd147bf38dc5dcb8c802f133feb65e071a95e8f2c26c846d8600,EPSG:28356,"Elevation validity, study-area footprint and slope derivation",https://www.data.nsw.gov.au/data/dataset/marine-lidar-topo-bathy-2008,NO,Used; land DEM GeoTIFF tile; VERIFIED: Creative Commons Attribution (version not asserted); see DATA_SOURCES.md and ../ATTRIBUTION.md for attribution and modifications
NSW Marine LiDAR Topo-Bathy 2008 Geotif,Tenix LADS Corporation for the NSW Department of Environment and Climate Change; ELVIS distributor,https://www.data.nsw.gov.au/data/dataset/marine-lidar-topo-bathy-2008,not recorded (files retrieved by 2026-04-26),CentralCoast2008-DEM-AHD-5m_361000-6307000_56_1km_1km.tif,11051dce7229e74376734bf3e8eff411f36a552dd9c3f1cd47c42d2b69990c11,EPSG:28356,"Elevation validity, study-area footprint and slope derivation",https://www.data.nsw.gov.au/data/dataset/marine-lidar-topo-bathy-2008,NO,Used; land DEM GeoTIFF tile; VERIFIED: Creative Commons Attribution (version not asserted); see DATA_SOURCES.md and ../ATTRIBUTION.md for attribution and modifications
NSW Marine LiDAR Topo-Bathy 2008 Geotif,Tenix LADS Corporation for the NSW Department of Environment and Climate Change; ELVIS distributor,https://www.data.nsw.gov.au/data/dataset/marine-lidar-topo-bathy-2008,not recorded (files retrieved by 2026-04-26),CentralCoast2008-DEM-AHD-5m_361000-6308000_56_1km_1km.tif,60ef8e9aa550066019300a2e5a12c9614a4d24da9a3a5066df12b791437c89ce,EPSG:28356,"Elevation validity, study-area footprint and slope derivation",https://www.data.nsw.gov.au/data/dataset/marine-lidar-topo-bathy-2008,NO,Used; land DEM GeoTIFF tile; VERIFIED: Creative Commons Attribution (version not asserted); see DATA_SOURCES.md and ../ATTRIBUTION.md for attribution and modifications
NSW Marine LiDAR Topo-Bathy 2008 Geotif,Tenix LADS Corporation for the NSW Department of Environment and Climate Change; ELVIS distributor,https://www.data.nsw.gov.au/data/dataset/marine-lidar-topo-bathy-2008,not recorded (files retrieved by 2026-04-26),CentralCoast2008-DEM-AHD-5m_361000-6309000_56_1km_1km.tif,e4670b18001c95843c2534d9d7c5cdf766a402c4f8fb3280c150ee4db68f15ed,EPSG:28356,"Elevation validity, study-area footprint and slope derivation",https://www.data.nsw.gov.au/data/dataset/marine-lidar-topo-bathy-2008,NO,Used; land DEM GeoTIFF tile; VERIFIED: Creative Commons Attribution (version not asserted); see DATA_SOURCES.md and ../ATTRIBUTION.md for attribution and modifications
NSW Marine LiDAR Topo-Bathy 2008 Geotif,Tenix LADS Corporation for the NSW Department of Environment and Climate Change; ELVIS distributor,https://www.data.nsw.gov.au/data/dataset/marine-lidar-topo-bathy-2008,not recorded (files retrieved by 2026-04-26),CentralCoast2008-DEM-AHD-5m_361000-6310000_56_1km_1km.tif,35e637710ab030334f6b2df0d9faad077b5154d0e9f3c8ab3718096ef87bafe0,EPSG:28356,"Elevation validity, study-area footprint and slope derivation",https://www.data.nsw.gov.au/data/dataset/marine-lidar-topo-bathy-2008,NO,Used; land DEM GeoTIFF tile; VERIFIED: Creative Commons Attribution (version not asserted); see DATA_SOURCES.md and ../ATTRIBUTION.md for attribution and modifications
NSW Marine LiDAR Topo-Bathy 2008 Geotif,Tenix LADS Corporation for the NSW Department of Environment and Climate Change; ELVIS distributor,https://www.data.nsw.gov.au/data/dataset/marine-lidar-topo-bathy-2008,not recorded (files retrieved by 2026-04-26),CentralCoast2008-DEM-AHD-5m_362000-6307000_56_1km_1km.tif,4c36c122b5331ed60e0906c8df87041e03ceb1bac212ae00048db0c374284bad,EPSG:28356,"Elevation validity, study-area footprint and slope derivation",https://www.data.nsw.gov.au/data/dataset/marine-lidar-topo-bathy-2008,NO,Used; land DEM GeoTIFF tile; VERIFIED: Creative Commons Attribution (version not asserted); see DATA_SOURCES.md and ../ATTRIBUTION.md for attribution and modifications
NSW Marine LiDAR Topo-Bathy 2008 Geotif,Tenix LADS Corporation for the NSW Department of Environment and Climate Change; ELVIS distributor,https://www.data.nsw.gov.au/data/dataset/marine-lidar-topo-bathy-2008,not recorded (files retrieved by 2026-04-26),CentralCoast2008-DEM-AHD-5m_362000-6308000_56_1km_1km.tif,b3e6766a7c87ca7b33fb836b43aed91d8ac1a71593b1f3668c77bc5d75cf37a3,EPSG:28356,"Elevation validity, study-area footprint and slope derivation",https://www.data.nsw.gov.au/data/dataset/marine-lidar-topo-bathy-2008,NO,Used; land DEM GeoTIFF tile; VERIFIED: Creative Commons Attribution (version not asserted); see DATA_SOURCES.md and ../ATTRIBUTION.md for attribution and modifications
NSW Marine LiDAR Topo-Bathy 2008 Geotif,Tenix LADS Corporation for the NSW Department of Environment and Climate Change; ELVIS distributor,https://www.data.nsw.gov.au/data/dataset/marine-lidar-topo-bathy-2008,not recorded (files retrieved by 2026-04-26),CentralCoast2008-DEM-AHD-5m_362000-6309000_56_1km_1km.tif,74a9496d9a83ddf73e02252cbacfb96378d5db63efa19272f26e49c08082ff20,EPSG:28356,"Elevation validity, study-area footprint and slope derivation",https://www.data.nsw.gov.au/data/dataset/marine-lidar-topo-bathy-2008,NO,Used; land DEM GeoTIFF tile; VERIFIED: Creative Commons Attribution (version not asserted); see DATA_SOURCES.md and ../ATTRIBUTION.md for attribution and modifications
NSW Marine LiDAR Topo-Bathy 2008 Geotif,Tenix LADS Corporation for the NSW Department of Environment and Climate Change; ELVIS distributor,https://www.data.nsw.gov.au/data/dataset/marine-lidar-topo-bathy-2008,not recorded (files retrieved by 2026-04-26),CentralCoast2008-DEM-AHD-5m_362000-6310000_56_1km_1km.tif,9dd2f32cf87ff9f49edbf80bf863186fafa074c9c9b64ce3fa4dffd70a0ecee6,EPSG:28356,"Elevation validity, study-area footprint and slope derivation",https://www.data.nsw.gov.au/data/dataset/marine-lidar-topo-bathy-2008,NO,Used; land DEM GeoTIFF tile; VERIFIED: Creative Commons Attribution (version not asserted); see DATA_SOURCES.md and ../ATTRIBUTION.md for attribution and modifications
NSW Marine LiDAR Topo-Bathy 2008 Geotif,Tenix LADS Corporation for the NSW Department of Environment and Climate Change; ELVIS distributor,https://www.data.nsw.gov.au/data/dataset/marine-lidar-topo-bathy-2008,not recorded (files retrieved by 2026-04-26),CentralCoast2008-DEM-AHD-5m_363000-6307000_56_1km_1km.tif,382a3c7f0b4a94f97deb2df4605d741731fb608e8a35b9cc6a1ecd82f4aae010,EPSG:28356,"Elevation validity, study-area footprint and slope derivation",https://www.data.nsw.gov.au/data/dataset/marine-lidar-topo-bathy-2008,NO,Used; land DEM GeoTIFF tile; VERIFIED: Creative Commons Attribution (version not asserted); see DATA_SOURCES.md and ../ATTRIBUTION.md for attribution and modifications
NSW Marine LiDAR Topo-Bathy 2008 Geotif,Tenix LADS Corporation for the NSW Department of Environment and Climate Change; ELVIS distributor,https://www.data.nsw.gov.au/data/dataset/marine-lidar-topo-bathy-2008,not recorded (files retrieved by 2026-04-26),CentralCoast2008-DEM-AHD-5m_363000-6308000_56_1km_1km.tif,f1903c19eedc51f8f933a0f4bff4487afd9ca8e7b0103d123188e22bc1f20e8a,EPSG:28356,"Elevation validity, study-area footprint and slope derivation",https://www.data.nsw.gov.au/data/dataset/marine-lidar-topo-bathy-2008,NO,Used; land DEM GeoTIFF tile; VERIFIED: Creative Commons Attribution (version not asserted); see DATA_SOURCES.md and ../ATTRIBUTION.md for attribution and modifications
NSW Marine LiDAR Topo-Bathy 2008 Geotif,Tenix LADS Corporation for the NSW Department of Environment and Climate Change; ELVIS distributor,https://www.data.nsw.gov.au/data/dataset/marine-lidar-topo-bathy-2008,not recorded (files retrieved by 2026-04-26),CentralCoast2008-DEM-AHD-5m_363000-6309000_56_1km_1km.tif,b4c8efe0dabbfcac3e0d8721a346291f7aee065f7b9ee29a5a0f04d82b5a1d2b,EPSG:28356,"Elevation validity, study-area footprint and slope derivation",https://www.data.nsw.gov.au/data/dataset/marine-lidar-topo-bathy-2008,NO,Used; land DEM GeoTIFF tile; VERIFIED: Creative Commons Attribution (version not asserted); see DATA_SOURCES.md and ../ATTRIBUTION.md for attribution and modifications
NSW Marine LiDAR Topo-Bathy 2008 Geotif,Tenix LADS Corporation for the NSW Department of Environment and Climate Change; ELVIS distributor,https://www.data.nsw.gov.au/data/dataset/marine-lidar-topo-bathy-2008,not recorded (files retrieved by 2026-04-26),CentralCoast2008-DEM-AHD-5m_364000-6309000_56_1km_1km.tif,b5bd7c48d2d6680a8cb1490d6b74f363c6f2439bdb6d5bce620756f73418cf32,EPSG:28356,"Elevation validity, study-area footprint and slope derivation",https://www.data.nsw.gov.au/data/dataset/marine-lidar-topo-bathy-2008,NO,Used; land DEM GeoTIFF tile; VERIFIED: Creative Commons Attribution (version not asserted); see DATA_SOURCES.md and ../ATTRIBUTION.md for attribution and modifications
NSW Marine LiDAR Topo-Bathy 2008 Geotif,Tenix LADS Corporation for the NSW Department of Environment and Climate Change; ELVIS distributor,https://www.data.nsw.gov.au/data/dataset/marine-lidar-topo-bathy-2008,not recorded (files retrieved by 2026-04-26),CentralCoast2008-DEM-AHD-5m_370000-6338000_56_1km_1km.tif,53ad903e08be48590d729f57fe0ab1ad343b99972a9d196fb33b3f2eee041314,EPSG:28356,"Elevation validity, study-area footprint and slope derivation",https://www.data.nsw.gov.au/data/dataset/marine-lidar-topo-bathy-2008,NO,Used; land DEM GeoTIFF tile; VERIFIED: Creative Commons Attribution (version not asserted); see DATA_SOURCES.md and ../ATTRIBUTION.md for attribution and modifications
NSW Marine LiDAR Topo-Bathy 2008 Geotif,Tenix LADS Corporation for the NSW Department of Environment and Climate Change; ELVIS distributor,https://www.data.nsw.gov.au/data/dataset/marine-lidar-topo-bathy-2008,not recorded (files retrieved by 2026-04-26),CentralCoast2008-DEM-AHD-5m_371000-6336000_56_1km_1km.tif,9da1a4d92f7eb884851ee1bc8e41338eafa10a2f62d1572cf1f25392742dc305,EPSG:28356,"Elevation validity, study-area footprint and slope derivation",https://www.data.nsw.gov.au/data/dataset/marine-lidar-topo-bathy-2008,NO,Used; land DEM GeoTIFF tile; VERIFIED: Creative Commons Attribution (version not asserted); see DATA_SOURCES.md and ../ATTRIBUTION.md for attribution and modifications
NSW Marine LiDAR Topo-Bathy 2008 Geotif,Tenix LADS Corporation for the NSW Department of Environment and Climate Change; ELVIS distributor,https://www.data.nsw.gov.au/data/dataset/marine-lidar-topo-bathy-2008,not recorded (files retrieved by 2026-04-26),CentralCoast2008-DEM-AHD-5m_371000-6337000_56_1km_1km.tif,e264fabef031d1cc30f483aeb27da31fc6fad9d74d8771fef435feb6eed2e9ef,EPSG:28356,"Elevation validity, study-area footprint and slope derivation",https://www.data.nsw.gov.au/data/dataset/marine-lidar-topo-bathy-2008,NO,Used; land DEM GeoTIFF tile; VERIFIED: Creative Commons Attribution (version not asserted); see DATA_SOURCES.md and ../ATTRIBUTION.md for attribution and modifications
NSW Marine LiDAR Topo-Bathy 2008 Geotif,Tenix LADS Corporation for the NSW Department of Environment and Climate Change; ELVIS distributor,https://www.data.nsw.gov.au/data/dataset/marine-lidar-topo-bathy-2008,not recorded (files retrieved by 2026-04-26),CentralCoast2008-DEM-AHD-5m_371000-6338000_56_1km_1km.tif,2ed3c869dd106c11a6fe567163dcffc48f4547746cdfa0957927a168ed87f2e9,EPSG:28356,"Elevation validity, study-area footprint and slope derivation",https://www.data.nsw.gov.au/data/dataset/marine-lidar-topo-bathy-2008,NO,Used; land DEM GeoTIFF tile; VERIFIED: Creative Commons Attribution (version not asserted); see DATA_SOURCES.md and ../ATTRIBUTION.md for attribution and modifications
NSW Marine LiDAR Topo-Bathy 2008 Geotif,Tenix LADS Corporation for the NSW Department of Environment and Climate Change; ELVIS distributor,https://www.data.nsw.gov.au/data/dataset/marine-lidar-topo-bathy-2008,not recorded (files retrieved by 2026-04-26),CentralCoast2008-DEM-AHD-5m_371000-6339000_56_1km_1km.tif,de0ce99942e264c9ba9f92d20c3288a6c07ad193bdbdc95341ab6bec40b4864b,EPSG:28356,"Elevation validity, study-area footprint and slope derivation",https://www.data.nsw.gov.au/data/dataset/marine-lidar-topo-bathy-2008,NO,Used; land DEM GeoTIFF tile; VERIFIED: Creative Commons Attribution (version not asserted); see DATA_SOURCES.md and ../ATTRIBUTION.md for attribution and modifications
NSW Marine LiDAR Topo-Bathy 2008 Geotif,Tenix LADS Corporation for the NSW Department of Environment and Climate Change; ELVIS distributor,https://www.data.nsw.gov.au/data/dataset/marine-lidar-topo-bathy-2008,not recorded (files retrieved by 2026-04-26),CentralCoast2008-DEM-AHD-5m_371000-6340000_56_1km_1km.tif,12eb3268d95af76052a9e1a30763642ed9ccacd720e1516e3572cb64ca7a1797,EPSG:28356,"Elevation validity, study-area footprint and slope derivation",https://www.data.nsw.gov.au/data/dataset/marine-lidar-topo-bathy-2008,NO,Used; land DEM GeoTIFF tile; VERIFIED: Creative Commons Attribution (version not asserted); see DATA_SOURCES.md and ../ATTRIBUTION.md for attribution and modifications
NSW Marine LiDAR Topo-Bathy 2008 Geotif,Tenix LADS Corporation for the NSW Department of Environment and Climate Change; ELVIS distributor,https://www.data.nsw.gov.au/data/dataset/marine-lidar-topo-bathy-2008,not recorded (files retrieved by 2026-04-26),CentralCoast2008-DEM-AHD-5m_371000-6341000_56_1km_1km.tif,ad47ba387577efc350571b61dcf7d1b6e6420d163d05e08e617a900c454ccb65,EPSG:28356,"Elevation validity, study-area footprint and slope derivation",https://www.data.nsw.gov.au/data/dataset/marine-lidar-topo-bathy-2008,NO,Used; land DEM GeoTIFF tile; VERIFIED: Creative Commons Attribution (version not asserted); see DATA_SOURCES.md and ../ATTRIBUTION.md for attribution and modifications
NSW Marine LiDAR Topo-Bathy 2008 Geotif,Tenix LADS Corporation for the NSW Department of Environment and Climate Change; ELVIS distributor,https://www.data.nsw.gov.au/data/dataset/marine-lidar-topo-bathy-2008,not recorded (files retrieved by 2026-04-26),CentralCoast2008-DEM-AHD-5m_372000-6336000_56_1km_1km.tif,e3010c5b4cfb94859eda4d3845a678718d940c2dfd1d3a25022a6ff70df82344,EPSG:28356,"Elevation validity, study-area footprint and slope derivation",https://www.data.nsw.gov.au/data/dataset/marine-lidar-topo-bathy-2008,NO,Used; land DEM GeoTIFF tile; VERIFIED: Creative Commons Attribution (version not asserted); see DATA_SOURCES.md and ../ATTRIBUTION.md for attribution and modifications
NSW Marine LiDAR Topo-Bathy 2008 Geotif,Tenix LADS Corporation for the NSW Department of Environment and Climate Change; ELVIS distributor,https://www.data.nsw.gov.au/data/dataset/marine-lidar-topo-bathy-2008,not recorded (files retrieved by 2026-04-26),CentralCoast2008-DEM-AHD-5m_372000-6337000_56_1km_1km.tif,24264d7f43421c9d934f307fdad150284ae8d7fbded2c9a9db6ffb7517e01107,EPSG:28356,"Elevation validity, study-area footprint and slope derivation",https://www.data.nsw.gov.au/data/dataset/marine-lidar-topo-bathy-2008,NO,Used; land DEM GeoTIFF tile; VERIFIED: Creative Commons Attribution (version not asserted); see DATA_SOURCES.md and ../ATTRIBUTION.md for attribution and modifications
NSW Marine LiDAR Topo-Bathy 2008 Geotif,Tenix LADS Corporation for the NSW Department of Environment and Climate Change; ELVIS distributor,https://www.data.nsw.gov.au/data/dataset/marine-lidar-topo-bathy-2008,not recorded (files retrieved by 2026-04-26),CentralCoast2008-DEM-AHD-5m_372000-6338000_56_1km_1km.tif,2fa96c20143723f833e7138d8f2cdd07cdf4ef165bc70ecfdd940402e45e73c4,EPSG:28356,"Elevation validity, study-area footprint and slope derivation",https://www.data.nsw.gov.au/data/dataset/marine-lidar-topo-bathy-2008,NO,Used; land DEM GeoTIFF tile; VERIFIED: Creative Commons Attribution (version not asserted); see DATA_SOURCES.md and ../ATTRIBUTION.md for attribution and modifications
NSW Marine LiDAR Topo-Bathy 2008 Geotif,Tenix LADS Corporation for the NSW Department of Environment and Climate Change; ELVIS distributor,https://www.data.nsw.gov.au/data/dataset/marine-lidar-topo-bathy-2008,not recorded (files retrieved by 2026-04-26),CentralCoast2008-DEM-AHD-5m_372000-6339000_56_1km_1km.tif,924cbe4a9eaff1cf8125052564a75b75afb73941932f55e32daa207414861aaa,EPSG:28356,"Elevation validity, study-area footprint and slope derivation",https://www.data.nsw.gov.au/data/dataset/marine-lidar-topo-bathy-2008,NO,Used; land DEM GeoTIFF tile; VERIFIED: Creative Commons Attribution (version not asserted); see DATA_SOURCES.md and ../ATTRIBUTION.md for attribution and modifications
NSW Marine LiDAR Topo-Bathy 2008 Geotif,Tenix LADS Corporation for the NSW Department of Environment and Climate Change; ELVIS distributor,https://www.data.nsw.gov.au/data/dataset/marine-lidar-topo-bathy-2008,not recorded (files retrieved by 2026-04-26),CentralCoast2008-DEM-AHD-5m_372000-6340000_56_1km_1km.tif,770c829573eb9c41023caf4f1c6e7ea7f9aef771ed47dfb2bbb538e7d6323287,EPSG:28356,"Elevation validity, study-area footprint and slope derivation",https://www.data.nsw.gov.au/data/dataset/marine-lidar-topo-bathy-2008,NO,Used; land DEM GeoTIFF tile; VERIFIED: Creative Commons Attribution (version not asserted); see DATA_SOURCES.md and ../ATTRIBUTION.md for attribution and modifications
NSW Marine LiDAR Topo-Bathy 2008 Geotif,Tenix LADS Corporation for the NSW Department of Environment and Climate Change; ELVIS distributor,https://www.data.nsw.gov.au/data/dataset/marine-lidar-topo-bathy-2008,not recorded (files retrieved by 2026-04-26),CentralCoast2008-DEM-AHD-5m_372000-6341000_56_1km_1km.tif,498ab219a4beb342f9ee679cc31e11d0987c89f391193e8c5abc4dc74ec72f3f,EPSG:28356,"Elevation validity, study-area footprint and slope derivation",https://www.data.nsw.gov.au/data/dataset/marine-lidar-topo-bathy-2008,NO,Used; land DEM GeoTIFF tile; VERIFIED: Creative Commons Attribution (version not asserted); see DATA_SOURCES.md and ../ATTRIBUTION.md for attribution and modifications
NSW Marine LiDAR Topo-Bathy 2008 Geotif,Tenix LADS Corporation for the NSW Department of Environment and Climate Change; ELVIS distributor,https://www.data.nsw.gov.au/data/dataset/marine-lidar-topo-bathy-2008,not recorded (files retrieved by 2026-04-26),CentralCoast2008-DEM-AHD-5m_372000-6342000_56_1km_1km.tif,0145d5491f03c0fcc2a76f521b035c14654c8421bb8c5c7db888dff20b736f81,EPSG:28356,"Elevation validity, study-area footprint and slope derivation",https://www.data.nsw.gov.au/data/dataset/marine-lidar-topo-bathy-2008,NO,Used; land DEM GeoTIFF tile; VERIFIED: Creative Commons Attribution (version not asserted); see DATA_SOURCES.md and ../ATTRIBUTION.md for attribution and modifications
NSW Marine LiDAR Topo-Bathy 2008 Geotif,Tenix LADS Corporation for the NSW Department of Environment and Climate Change; ELVIS distributor,https://www.data.nsw.gov.au/data/dataset/marine-lidar-topo-bathy-2008,not recorded (files retrieved by 2026-04-26),CentralCoast2008-DEM-AHD-5m_373000-6336000_56_1km_1km.tif,3934670d514022722f1deb7e32d125028257ce27976bef519f941a0c6b978352,EPSG:28356,"Elevation validity, study-area footprint and slope derivation",https://www.data.nsw.gov.au/data/dataset/marine-lidar-topo-bathy-2008,NO,Used; land DEM GeoTIFF tile; VERIFIED: Creative Commons Attribution (version not asserted); see DATA_SOURCES.md and ../ATTRIBUTION.md for attribution and modifications
NSW Marine LiDAR Topo-Bathy 2008 Geotif,Tenix LADS Corporation for the NSW Department of Environment and Climate Change; ELVIS distributor,https://www.data.nsw.gov.au/data/dataset/marine-lidar-topo-bathy-2008,not recorded (files retrieved by 2026-04-26),CentralCoast2008-DEM-AHD-5m_373000-6337000_56_1km_1km.tif,5dca4726e89a7c3e37b140f3fdc0e879da8808d2e0115b4f266f09ab66f44a55,EPSG:28356,"Elevation validity, study-area footprint and slope derivation",https://www.data.nsw.gov.au/data/dataset/marine-lidar-topo-bathy-2008,NO,Used; land DEM GeoTIFF tile; VERIFIED: Creative Commons Attribution (version not asserted); see DATA_SOURCES.md and ../ATTRIBUTION.md for attribution and modifications
NSW Marine LiDAR Topo-Bathy 2008 Geotif,Tenix LADS Corporation for the NSW Department of Environment and Climate Change; ELVIS distributor,https://www.data.nsw.gov.au/data/dataset/marine-lidar-topo-bathy-2008,not recorded (files retrieved by 2026-04-26),CentralCoast2008-DEM-AHD-5m_373000-6338000_56_1km_1km.tif,750577c110e44ee9992015c74406917f40cc35e948e52122b36686049a8d4cf7,EPSG:28356,"Elevation validity, study-area footprint and slope derivation",https://www.data.nsw.gov.au/data/dataset/marine-lidar-topo-bathy-2008,NO,Used; land DEM GeoTIFF tile; VERIFIED: Creative Commons Attribution (version not asserted); see DATA_SOURCES.md and ../ATTRIBUTION.md for attribution and modifications
NSW Marine LiDAR Topo-Bathy 2008 Geotif,Tenix LADS Corporation for the NSW Department of Environment and Climate Change; ELVIS distributor,https://www.data.nsw.gov.au/data/dataset/marine-lidar-topo-bathy-2008,not recorded (files retrieved by 2026-04-26),CentralCoast2008-DEM-AHD-5m_373000-6339000_56_1km_1km.tif,096d99f3833e5d83941a55541ab209280a33ec716c71db0473c8a56c8cd844ad,EPSG:28356,"Elevation validity, study-area footprint and slope derivation",https://www.data.nsw.gov.au/data/dataset/marine-lidar-topo-bathy-2008,NO,Used; land DEM GeoTIFF tile; VERIFIED: Creative Commons Attribution (version not asserted); see DATA_SOURCES.md and ../ATTRIBUTION.md for attribution and modifications
NSW Marine LiDAR Topo-Bathy 2008 Geotif,Tenix LADS Corporation for the NSW Department of Environment and Climate Change; ELVIS distributor,https://www.data.nsw.gov.au/data/dataset/marine-lidar-topo-bathy-2008,not recorded (files retrieved by 2026-04-26),CentralCoast2008-DEM-AHD-5m_373000-6340000_56_1km_1km.tif,cb8407b2ab764d6b2f1671cbb9f6c50cbae954894e35145a2ea1a046c30b8aac,EPSG:28356,"Elevation validity, study-area footprint and slope derivation",https://www.data.nsw.gov.au/data/dataset/marine-lidar-topo-bathy-2008,NO,Used; land DEM GeoTIFF tile; VERIFIED: Creative Commons Attribution (version not asserted); see DATA_SOURCES.md and ../ATTRIBUTION.md for attribution and modifications
NSW Marine LiDAR Topo-Bathy 2008 Geotif,Tenix LADS Corporation for the NSW Department of Environment and Climate Change; ELVIS distributor,https://www.data.nsw.gov.au/data/dataset/marine-lidar-topo-bathy-2008,not recorded (files retrieved by 2026-04-26),CentralCoast2008-DEM-AHD-5m_373000-6341000_56_1km_1km.tif,8ab9a3ee45b7c9565220ef4014726964c2f914ae9a9304efbd6b6d276c65f2e8,EPSG:28356,"Elevation validity, study-area footprint and slope derivation",https://www.data.nsw.gov.au/data/dataset/marine-lidar-topo-bathy-2008,NO,Used; land DEM GeoTIFF tile; VERIFIED: Creative Commons Attribution (version not asserted); see DATA_SOURCES.md and ../ATTRIBUTION.md for attribution and modifications
NSW Marine LiDAR Topo-Bathy 2008 Geotif,Tenix LADS Corporation for the NSW Department of Environment and Climate Change; ELVIS distributor,https://www.data.nsw.gov.au/data/dataset/marine-lidar-topo-bathy-2008,not recorded (files retrieved by 2026-04-26),CentralCoast2008-DEM-AHD-5m_373000-6342000_56_1km_1km.tif,b722a3f9b5614873ae00b6e017a36e3b1add0d25d529040554f011995001b131,EPSG:28356,"Elevation validity, study-area footprint and slope derivation",https://www.data.nsw.gov.au/data/dataset/marine-lidar-topo-bathy-2008,NO,Used; land DEM GeoTIFF tile; VERIFIED: Creative Commons Attribution (version not asserted); see DATA_SOURCES.md and ../ATTRIBUTION.md for attribution and modifications
NSW Marine LiDAR Topo-Bathy 2008 Geotif,Tenix LADS Corporation for the NSW Department of Environment and Climate Change; ELVIS distributor,https://www.data.nsw.gov.au/data/dataset/marine-lidar-topo-bathy-2008,not recorded (files retrieved by 2026-04-26),CentralCoast2008-DEM-AHD-5m_374000-6335000_56_1km_1km.tif,096f447c446faf7314147c32c7e456b955537f9971324e592e2dcaffc0ac6154,EPSG:28356,"Elevation validity, study-area footprint and slope derivation",https://www.data.nsw.gov.au/data/dataset/marine-lidar-topo-bathy-2008,NO,Used; land DEM GeoTIFF tile; VERIFIED: Creative Commons Attribution (version not asserted); see DATA_SOURCES.md and ../ATTRIBUTION.md for attribution and modifications
NSW Marine LiDAR Topo-Bathy 2008 Geotif,Tenix LADS Corporation for the NSW Department of Environment and Climate Change; ELVIS distributor,https://www.data.nsw.gov.au/data/dataset/marine-lidar-topo-bathy-2008,not recorded (files retrieved by 2026-04-26),CentralCoast2008-DEM-AHD-5m_374000-6336000_56_1km_1km.tif,17f335dffcd77e4cf04360ea1d6e94875a08d51dade6a77946ffb0d1c8b1460b,EPSG:28356,"Elevation validity, study-area footprint and slope derivation",https://www.data.nsw.gov.au/data/dataset/marine-lidar-topo-bathy-2008,NO,Used; land DEM GeoTIFF tile; VERIFIED: Creative Commons Attribution (version not asserted); see DATA_SOURCES.md and ../ATTRIBUTION.md for attribution and modifications
NSW Marine LiDAR Topo-Bathy 2008 Geotif,Tenix LADS Corporation for the NSW Department of Environment and Climate Change; ELVIS distributor,https://www.data.nsw.gov.au/data/dataset/marine-lidar-topo-bathy-2008,not recorded (files retrieved by 2026-04-26),CentralCoast2008-DEM-AHD-5m_374000-6337000_56_1km_1km.tif,f26879c7ef8f3993ca28bb7e955f8912dba8aafad07f000604bce0f2f928ae21,EPSG:28356,"Elevation validity, study-area footprint and slope derivation",https://www.data.nsw.gov.au/data/dataset/marine-lidar-topo-bathy-2008,NO,Used; land DEM GeoTIFF tile; VERIFIED: Creative Commons Attribution (version not asserted); see DATA_SOURCES.md and ../ATTRIBUTION.md for attribution and modifications
NSW Marine LiDAR Topo-Bathy 2008 Geotif,Tenix LADS Corporation for the NSW Department of Environment and Climate Change; ELVIS distributor,https://www.data.nsw.gov.au/data/dataset/marine-lidar-topo-bathy-2008,not recorded (files retrieved by 2026-04-26),CentralCoast2008-DEM-AHD-5m_374000-6338000_56_1km_1km.tif,4487b9b669ee576568ccb6b6a8b91eb65afd7e89737569f35afff81e4591bf21,EPSG:28356,"Elevation validity, study-area footprint and slope derivation",https://www.data.nsw.gov.au/data/dataset/marine-lidar-topo-bathy-2008,NO,Used; land DEM GeoTIFF tile; VERIFIED: Creative Commons Attribution (version not asserted); see DATA_SOURCES.md and ../ATTRIBUTION.md for attribution and modifications
NSW Marine LiDAR Topo-Bathy 2008 Geotif,Tenix LADS Corporation for the NSW Department of Environment and Climate Change; ELVIS distributor,https://www.data.nsw.gov.au/data/dataset/marine-lidar-topo-bathy-2008,not recorded (files retrieved by 2026-04-26),CentralCoast2008-DEM-AHD-5m_374000-6339000_56_1km_1km.tif,c6faa02617ae9bd293ccc630e99bc085b2883d6012840c8d6b248ab474706ead,EPSG:28356,"Elevation validity, study-area footprint and slope derivation",https://www.data.nsw.gov.au/data/dataset/marine-lidar-topo-bathy-2008,NO,Used; land DEM GeoTIFF tile; VERIFIED: Creative Commons Attribution (version not asserted); see DATA_SOURCES.md and ../ATTRIBUTION.md for attribution and modifications
NSW Marine LiDAR Topo-Bathy 2008 Geotif,Tenix LADS Corporation for the NSW Department of Environment and Climate Change; ELVIS distributor,https://www.data.nsw.gov.au/data/dataset/marine-lidar-topo-bathy-2008,not recorded (files retrieved by 2026-04-26),CentralCoast2008-DEM-AHD-5m_374000-6340000_56_1km_1km.tif,eb882c9d6e60a7250f1c592f67ca8f9d785eb6d0ccdb3ecd83ca579a24150e07,EPSG:28356,"Elevation validity, study-area footprint and slope derivation",https://www.data.nsw.gov.au/data/dataset/marine-lidar-topo-bathy-2008,NO,Used; land DEM GeoTIFF tile; VERIFIED: Creative Commons Attribution (version not asserted); see DATA_SOURCES.md and ../ATTRIBUTION.md for attribution and modifications
NSW Marine LiDAR Topo-Bathy 2008 Geotif,Tenix LADS Corporation for the NSW Department of Environment and Climate Change; ELVIS distributor,https://www.data.nsw.gov.au/data/dataset/marine-lidar-topo-bathy-2008,not recorded (files retrieved by 2026-04-26),CentralCoast2008-DEM-AHD-5m_374000-6341000_56_1km_1km.tif,655b2c44732b842887e5a662a7fabf05e6e4fc849f29b8d42ddee0212cba9118,EPSG:28356,"Elevation validity, study-area footprint and slope derivation",https://www.data.nsw.gov.au/data/dataset/marine-lidar-topo-bathy-2008,NO,Used; land DEM GeoTIFF tile; VERIFIED: Creative Commons Attribution (version not asserted); see DATA_SOURCES.md and ../ATTRIBUTION.md for attribution and modifications
NSW Marine LiDAR Topo-Bathy 2008 Geotif,Tenix LADS Corporation for the NSW Department of Environment and Climate Change; ELVIS distributor,https://www.data.nsw.gov.au/data/dataset/marine-lidar-topo-bathy-2008,not recorded (files retrieved by 2026-04-26),CentralCoast2008-DEM-AHD-5m_374000-6342000_56_1km_1km.tif,6a2a210a964e129036a5bd781b7543855c3e42eccf837faf16bdda2684395c3e,EPSG:28356,"Elevation validity, study-area footprint and slope derivation",https://www.data.nsw.gov.au/data/dataset/marine-lidar-topo-bathy-2008,NO,Used; land DEM GeoTIFF tile; VERIFIED: Creative Commons Attribution (version not asserted); see DATA_SOURCES.md and ../ATTRIBUTION.md for attribution and modifications
NSW Marine LiDAR Topo-Bathy 2008 Geotif,Tenix LADS Corporation for the NSW Department of Environment and Climate Change; ELVIS distributor,https://www.data.nsw.gov.au/data/dataset/marine-lidar-topo-bathy-2008,not recorded (files retrieved by 2026-04-26),CentralCoast2008-DEM-AHD-5m_375000-6335000_56_1km_1km.tif,a44873beaefaf83b2142d36f1cfec1f9cc0a9f4cded23fbcfc7bfe0644bda8e8,EPSG:28356,"Elevation validity, study-area footprint and slope derivation",https://www.data.nsw.gov.au/data/dataset/marine-lidar-topo-bathy-2008,NO,Used; land DEM GeoTIFF tile; VERIFIED: Creative Commons Attribution (version not asserted); see DATA_SOURCES.md and ../ATTRIBUTION.md for attribution and modifications
NSW Marine LiDAR Topo-Bathy 2008 Geotif,Tenix LADS Corporation for the NSW Department of Environment and Climate Change; ELVIS distributor,https://www.data.nsw.gov.au/data/dataset/marine-lidar-topo-bathy-2008,not recorded (files retrieved by 2026-04-26),CentralCoast2008-DEM-AHD-5m_375000-6336000_56_1km_1km.tif,d12bd57497fea89eaaf5ed411305bab089ef40d93c0cb1bcc58cb713b7507d1c,EPSG:28356,"Elevation validity, study-area footprint and slope derivation",https://www.data.nsw.gov.au/data/dataset/marine-lidar-topo-bathy-2008,NO,Used; land DEM GeoTIFF tile; VERIFIED: Creative Commons Attribution (version not asserted); see DATA_SOURCES.md and ../ATTRIBUTION.md for attribution and modifications
NSW Marine LiDAR Topo-Bathy 2008 Geotif,Tenix LADS Corporation for the NSW Department of Environment and Climate Change; ELVIS distributor,https://www.data.nsw.gov.au/data/dataset/marine-lidar-topo-bathy-2008,not recorded (files retrieved by 2026-04-26),CentralCoast2008-DEM-AHD-5m_375000-6337000_56_1km_1km.tif,9302f5e26e2026c9fba5aa01e406a055a67ee9108695b4884057a8dfa7352f56,EPSG:28356,"Elevation validity, study-area footprint and slope derivation",https://www.data.nsw.gov.au/data/dataset/marine-lidar-topo-bathy-2008,NO,Used; land DEM GeoTIFF tile; VERIFIED: Creative Commons Attribution (version not asserted); see DATA_SOURCES.md and ../ATTRIBUTION.md for attribution and modifications
NSW Marine LiDAR Topo-Bathy 2008 Geotif,Tenix LADS Corporation for the NSW Department of Environment and Climate Change; ELVIS distributor,https://www.data.nsw.gov.au/data/dataset/marine-lidar-topo-bathy-2008,not recorded (files retrieved by 2026-04-26),CentralCoast2008-DEM-AHD-5m_375000-6338000_56_1km_1km.tif,9d5510b5fef6d4414a5b18fe0e1c7310685a8e6297da397557c29bca42fa61ba,EPSG:28356,"Elevation validity, study-area footprint and slope derivation",https://www.data.nsw.gov.au/data/dataset/marine-lidar-topo-bathy-2008,NO,Used; land DEM GeoTIFF tile; VERIFIED: Creative Commons Attribution (version not asserted); see DATA_SOURCES.md and ../ATTRIBUTION.md for attribution and modifications
NSW Marine LiDAR Topo-Bathy 2008 Geotif,Tenix LADS Corporation for the NSW Department of Environment and Climate Change; ELVIS distributor,https://www.data.nsw.gov.au/data/dataset/marine-lidar-topo-bathy-2008,not recorded (files retrieved by 2026-04-26),CentralCoast2008-DEM-AHD-5m_375000-6339000_56_1km_1km.tif,f792d72034f7737f2c9919ce69860cde7b13377cb305d5bc906e034ad3c45e02,EPSG:28356,"Elevation validity, study-area footprint and slope derivation",https://www.data.nsw.gov.au/data/dataset/marine-lidar-topo-bathy-2008,NO,Used; land DEM GeoTIFF tile; VERIFIED: Creative Commons Attribution (version not asserted); see DATA_SOURCES.md and ../ATTRIBUTION.md for attribution and modifications
NSW Marine LiDAR Topo-Bathy 2008 Geotif,Tenix LADS Corporation for the NSW Department of Environment and Climate Change; ELVIS distributor,https://www.data.nsw.gov.au/data/dataset/marine-lidar-topo-bathy-2008,not recorded (files retrieved by 2026-04-26),CentralCoast2008-DEM-AHD-5m_375000-6340000_56_1km_1km.tif,0ddc08f779e7adafe877208601d512dcc01be855a8fc7507dc96db47e28fc66f,EPSG:28356,"Elevation validity, study-area footprint and slope derivation",https://www.data.nsw.gov.au/data/dataset/marine-lidar-topo-bathy-2008,NO,Used; land DEM GeoTIFF tile; VERIFIED: Creative Commons Attribution (version not asserted); see DATA_SOURCES.md and ../ATTRIBUTION.md for attribution and modifications
NSW Marine LiDAR Topo-Bathy 2008 Geotif,Tenix LADS Corporation for the NSW Department of Environment and Climate Change; ELVIS distributor,https://www.data.nsw.gov.au/data/dataset/marine-lidar-topo-bathy-2008,not recorded (files retrieved by 2026-04-26),CentralCoast2008-DEM-AHD-5m_375000-6341000_56_1km_1km.tif,0bde833a32bf070af106755666bab798b78fdaeb96dab8e04b1c63a4e8ebb02d,EPSG:28356,"Elevation validity, study-area footprint and slope derivation",https://www.data.nsw.gov.au/data/dataset/marine-lidar-topo-bathy-2008,NO,Used; land DEM GeoTIFF tile; VERIFIED: Creative Commons Attribution (version not asserted); see DATA_SOURCES.md and ../ATTRIBUTION.md for attribution and modifications
NSW Marine LiDAR Topo-Bathy 2008 Geotif,Tenix LADS Corporation for the NSW Department of Environment and Climate Change; ELVIS distributor,https://www.data.nsw.gov.au/data/dataset/marine-lidar-topo-bathy-2008,not recorded (files retrieved by 2026-04-26),CentralCoast2008-DEM-AHD-5m_375000-6342000_56_1km_1km.tif,d89d46b7058d2089e354c12741af9d38c66dbd8fbe53e171ed81ee55d3259922,EPSG:28356,"Elevation validity, study-area footprint and slope derivation",https://www.data.nsw.gov.au/data/dataset/marine-lidar-topo-bathy-2008,NO,Used; land DEM GeoTIFF tile; VERIFIED: Creative Commons Attribution (version not asserted); see DATA_SOURCES.md and ../ATTRIBUTION.md for attribution and modifications
NSW Marine LiDAR Topo-Bathy 2008 Geotif,Tenix LADS Corporation for the NSW Department of Environment and Climate Change; ELVIS distributor,https://www.data.nsw.gov.au/data/dataset/marine-lidar-topo-bathy-2008,not recorded (files retrieved by 2026-04-26),CentralCoast2008-DEM-AHD-5m_376000-6335000_56_1km_1km.tif,17c5faf1ff8ed1f9ed9edb4739fa83c3888e2c1118da7e09f7a665f992356d40,EPSG:28356,"Elevation validity, study-area footprint and slope derivation",https://www.data.nsw.gov.au/data/dataset/marine-lidar-topo-bathy-2008,NO,Used; land DEM GeoTIFF tile; VERIFIED: Creative Commons Attribution (version not asserted); see DATA_SOURCES.md and ../ATTRIBUTION.md for attribution and modifications
NSW Marine LiDAR Topo-Bathy 2008 Geotif,Tenix LADS Corporation for the NSW Department of Environment and Climate Change; ELVIS distributor,https://www.data.nsw.gov.au/data/dataset/marine-lidar-topo-bathy-2008,not recorded (files retrieved by 2026-04-26),CentralCoast2008-DEM-AHD-5m_376000-6336000_56_1km_1km.tif,1583f60cda62e8b158763ba641af6c8db01d053a58af70c6f32f68a676e030d0,EPSG:28356,"Elevation validity, study-area footprint and slope derivation",https://www.data.nsw.gov.au/data/dataset/marine-lidar-topo-bathy-2008,NO,Used; land DEM GeoTIFF tile; VERIFIED: Creative Commons Attribution (version not asserted); see DATA_SOURCES.md and ../ATTRIBUTION.md for attribution and modifications
NSW Marine LiDAR Topo-Bathy 2008 Geotif,Tenix LADS Corporation for the NSW Department of Environment and Climate Change; ELVIS distributor,https://www.data.nsw.gov.au/data/dataset/marine-lidar-topo-bathy-2008,not recorded (files retrieved by 2026-04-26),CentralCoast2008-DEM-AHD-5m_376000-6337000_56_1km_1km.tif,a227b776c41c1b134c201fda31f5b2a374f08cd4fa8b7c3de2b09e3c91344004,EPSG:28356,"Elevation validity, study-area footprint and slope derivation",https://www.data.nsw.gov.au/data/dataset/marine-lidar-topo-bathy-2008,NO,Used; land DEM GeoTIFF tile; VERIFIED: Creative Commons Attribution (version not asserted); see DATA_SOURCES.md and ../ATTRIBUTION.md for attribution and modifications
NSW Marine LiDAR Topo-Bathy 2008 Geotif,Tenix LADS Corporation for the NSW Department of Environment and Climate Change; ELVIS distributor,https://www.data.nsw.gov.au/data/dataset/marine-lidar-topo-bathy-2008,not recorded (files retrieved by 2026-04-26),CentralCoast2008-DEM-AHD-5m_376000-6338000_56_1km_1km.tif,764f958d91cc80d25f334f9190299ec51d55a3750464d79c80879af10f102a69,EPSG:28356,"Elevation validity, study-area footprint and slope derivation",https://www.data.nsw.gov.au/data/dataset/marine-lidar-topo-bathy-2008,NO,Used; land DEM GeoTIFF tile; VERIFIED: Creative Commons Attribution (version not asserted); see DATA_SOURCES.md and ../ATTRIBUTION.md for attribution and modifications
NSW Marine LiDAR Topo-Bathy 2008 Geotif,Tenix LADS Corporation for the NSW Department of Environment and Climate Change; ELVIS distributor,https://www.data.nsw.gov.au/data/dataset/marine-lidar-topo-bathy-2008,not recorded (files retrieved by 2026-04-26),CentralCoast2008-DEM-AHD-5m_376000-6339000_56_1km_1km.tif,a2a37f877db28dd50fb9931a9da67b5fd4d4feeff89a33ee1d02be27ec291c3c,EPSG:28356,"Elevation validity, study-area footprint and slope derivation",https://www.data.nsw.gov.au/data/dataset/marine-lidar-topo-bathy-2008,NO,Used; land DEM GeoTIFF tile; VERIFIED: Creative Commons Attribution (version not asserted); see DATA_SOURCES.md and ../ATTRIBUTION.md for attribution and modifications
NSW Marine LiDAR Topo-Bathy 2008 Geotif,Tenix LADS Corporation for the NSW Department of Environment and Climate Change; ELVIS distributor,https://www.data.nsw.gov.au/data/dataset/marine-lidar-topo-bathy-2008,not recorded (files retrieved by 2026-04-26),CentralCoast2008-DEM-AHD-5m_376000-6340000_56_1km_1km.tif,de57611d52dcb47325ad3d1942828a28452f6fe3f55ce02f962afb08b1d7424a,EPSG:28356,"Elevation validity, study-area footprint and slope derivation",https://www.data.nsw.gov.au/data/dataset/marine-lidar-topo-bathy-2008,NO,Used; land DEM GeoTIFF tile; VERIFIED: Creative Commons Attribution (version not asserted); see DATA_SOURCES.md and ../ATTRIBUTION.md for attribution and modifications
NSW Marine LiDAR Topo-Bathy 2008 Geotif,Tenix LADS Corporation for the NSW Department of Environment and Climate Change; ELVIS distributor,https://www.data.nsw.gov.au/data/dataset/marine-lidar-topo-bathy-2008,not recorded (files retrieved by 2026-04-26),CentralCoast2008-DEM-AHD-5m_376000-6341000_56_1km_1km.tif,77ab851234be7df303df6c3253088a38e66c9c2d23a76b8321a6161837df8120,EPSG:28356,"Elevation validity, study-area footprint and slope derivation",https://www.data.nsw.gov.au/data/dataset/marine-lidar-topo-bathy-2008,NO,Used; land DEM GeoTIFF tile; VERIFIED: Creative Commons Attribution (version not asserted); see DATA_SOURCES.md and ../ATTRIBUTION.md for attribution and modifications
NSW Marine LiDAR Topo-Bathy 2008 Geotif,Tenix LADS Corporation for the NSW Department of Environment and Climate Change; ELVIS distributor,https://www.data.nsw.gov.au/data/dataset/marine-lidar-topo-bathy-2008,not recorded (files retrieved by 2026-04-26),CentralCoast2008-DEM-AHD-5m_376000-6342000_56_1km_1km.tif,b2c30985a2d6621d42bdf8091bf4686485a30f6d9311011710adec88bd8a75ae,EPSG:28356,"Elevation validity, study-area footprint and slope derivation",https://www.data.nsw.gov.au/data/dataset/marine-lidar-topo-bathy-2008,NO,Used; land DEM GeoTIFF tile; VERIFIED: Creative Commons Attribution (version not asserted); see DATA_SOURCES.md and ../ATTRIBUTION.md for attribution and modifications
NSW Marine LiDAR Topo-Bathy 2008 Geotif,Tenix LADS Corporation for the NSW Department of Environment and Climate Change; ELVIS distributor,https://www.data.nsw.gov.au/data/dataset/marine-lidar-topo-bathy-2008,not recorded (files retrieved by 2026-04-26),CentralCoast2008-DEM-AHD-5m_376000-6343000_56_1km_1km.tif,928703872ed90a48cab1357a8f40935ff0becdf033d23634841c741ed68c8dc7,EPSG:28356,"Elevation validity, study-area footprint and slope derivation",https://www.data.nsw.gov.au/data/dataset/marine-lidar-topo-bathy-2008,NO,Used; land DEM GeoTIFF tile; VERIFIED: Creative Commons Attribution (version not asserted); see DATA_SOURCES.md and ../ATTRIBUTION.md for attribution and modifications
NSW Marine LiDAR Topo-Bathy 2008 Geotif,Tenix LADS Corporation for the NSW Department of Environment and Climate Change; ELVIS distributor,https://www.data.nsw.gov.au/data/dataset/marine-lidar-topo-bathy-2008,not recorded (files retrieved by 2026-04-26),CentralCoast2008-DEM-AHD-5m_377000-6336000_56_1km_1km.tif,d4d3e12afae5b98c118246236e331449b43dab78ee1c5385085af9b12ea9b36b,EPSG:28356,"Elevation validity, study-area footprint and slope derivation",https://www.data.nsw.gov.au/data/dataset/marine-lidar-topo-bathy-2008,NO,Used; land DEM GeoTIFF tile; VERIFIED: Creative Commons Attribution (version not asserted); see DATA_SOURCES.md and ../ATTRIBUTION.md for attribution and modifications
NSW Marine LiDAR Topo-Bathy 2008 Geotif,Tenix LADS Corporation for the NSW Department of Environment and Climate Change; ELVIS distributor,https://www.data.nsw.gov.au/data/dataset/marine-lidar-topo-bathy-2008,not recorded (files retrieved by 2026-04-26),CentralCoast2008-DEM-AHD-5m_377000-6337000_56_1km_1km.tif,ba0144301287f8241d2f3674932ff0c391df4714a566af728f9299a7cb3705d3,EPSG:28356,"Elevation validity, study-area footprint and slope derivation",https://www.data.nsw.gov.au/data/dataset/marine-lidar-topo-bathy-2008,NO,Used; land DEM GeoTIFF tile; VERIFIED: Creative Commons Attribution (version not asserted); see DATA_SOURCES.md and ../ATTRIBUTION.md for attribution and modifications
NSW Marine LiDAR Topo-Bathy 2008 Geotif,Tenix LADS Corporation for the NSW Department of Environment and Climate Change; ELVIS distributor,https://www.data.nsw.gov.au/data/dataset/marine-lidar-topo-bathy-2008,not recorded (files retrieved by 2026-04-26),CentralCoast2008-DEM-AHD-5m_377000-6338000_56_1km_1km.tif,ecae2545e151bf4c574f07f847615be25a38b649cf2a638599dc5199a4c70361,EPSG:28356,"Elevation validity, study-area footprint and slope derivation",https://www.data.nsw.gov.au/data/dataset/marine-lidar-topo-bathy-2008,NO,Used; land DEM GeoTIFF tile; VERIFIED: Creative Commons Attribution (version not asserted); see DATA_SOURCES.md and ../ATTRIBUTION.md for attribution and modifications
NSW Marine LiDAR Topo-Bathy 2008 Geotif,Tenix LADS Corporation for the NSW Department of Environment and Climate Change; ELVIS distributor,https://www.data.nsw.gov.au/data/dataset/marine-lidar-topo-bathy-2008,not recorded (files retrieved by 2026-04-26),CentralCoast2008-DEM-AHD-5m_377000-6339000_56_1km_1km.tif,655730e8abb6ce6fb05d5ed8aec25db51c59e0ecd7dbedbf9a76148e2f3c6b6e,EPSG:28356,"Elevation validity, study-area footprint and slope derivation",https://www.data.nsw.gov.au/data/dataset/marine-lidar-topo-bathy-2008,NO,Used; land DEM GeoTIFF tile; VERIFIED: Creative Commons Attribution (version not asserted); see DATA_SOURCES.md and ../ATTRIBUTION.md for attribution and modifications
NSW Marine LiDAR Topo-Bathy 2008 Geotif,Tenix LADS Corporation for the NSW Department of Environment and Climate Change; ELVIS distributor,https://www.data.nsw.gov.au/data/dataset/marine-lidar-topo-bathy-2008,not recorded (files retrieved by 2026-04-26),CentralCoast2008-DEM-AHD-5m_377000-6340000_56_1km_1km.tif,1fce73c8aa78393595e9f32d751e72e7aacf66af52777ee20d06ef3c06902647,EPSG:28356,"Elevation validity, study-area footprint and slope derivation",https://www.data.nsw.gov.au/data/dataset/marine-lidar-topo-bathy-2008,NO,Used; land DEM GeoTIFF tile; VERIFIED: Creative Commons Attribution (version not asserted); see DATA_SOURCES.md and ../ATTRIBUTION.md for attribution and modifications
NSW Marine LiDAR Topo-Bathy 2008 Geotif,Tenix LADS Corporation for the NSW Department of Environment and Climate Change; ELVIS distributor,https://www.data.nsw.gov.au/data/dataset/marine-lidar-topo-bathy-2008,not recorded (files retrieved by 2026-04-26),CentralCoast2008-DEM-AHD-5m_377000-6341000_56_1km_1km.tif,5374b9842d0f731ba5e994c0360834d69c06e5bb7a635905696cf67d7f9bb038,EPSG:28356,"Elevation validity, study-area footprint and slope derivation",https://www.data.nsw.gov.au/data/dataset/marine-lidar-topo-bathy-2008,NO,Used; land DEM GeoTIFF tile; VERIFIED: Creative Commons Attribution (version not asserted); see DATA_SOURCES.md and ../ATTRIBUTION.md for attribution and modifications
NSW Marine LiDAR Topo-Bathy 2008 Geotif,Tenix LADS Corporation for the NSW Department of Environment and Climate Change; ELVIS distributor,https://www.data.nsw.gov.au/data/dataset/marine-lidar-topo-bathy-2008,not recorded (files retrieved by 2026-04-26),CentralCoast2008-DEM-AHD-5m_377000-6342000_56_1km_1km.tif,158c83df95aa117b4eeb03129b7490cce1cdc29b6a7788e7ef5ecab7aec93e68,EPSG:28356,"Elevation validity, study-area footprint and slope derivation",https://www.data.nsw.gov.au/data/dataset/marine-lidar-topo-bathy-2008,NO,Used; land DEM GeoTIFF tile; VERIFIED: Creative Commons Attribution (version not asserted); see DATA_SOURCES.md and ../ATTRIBUTION.md for attribution and modifications
NSW Marine LiDAR Topo-Bathy 2008 Geotif,Tenix LADS Corporation for the NSW Department of Environment and Climate Change; ELVIS distributor,https://www.data.nsw.gov.au/data/dataset/marine-lidar-topo-bathy-2008,not recorded (files retrieved by 2026-04-26),CentralCoast2008-DEM-AHD-5m_377000-6343000_56_1km_1km.tif,c3d2f37d218825b768385079561ccfaa58199b2b1457a19ca1dedf64d2389598,EPSG:28356,"Elevation validity, study-area footprint and slope derivation",https://www.data.nsw.gov.au/data/dataset/marine-lidar-topo-bathy-2008,NO,Used; land DEM GeoTIFF tile; VERIFIED: Creative Commons Attribution (version not asserted); see DATA_SOURCES.md and ../ATTRIBUTION.md for attribution and modifications
NSW Marine LiDAR Topo-Bathy 2008 Geotif,Tenix LADS Corporation for the NSW Department of Environment and Climate Change; ELVIS distributor,https://www.data.nsw.gov.au/data/dataset/marine-lidar-topo-bathy-2008,not recorded (files retrieved by 2026-04-26),CentralCoast2008-DEM-AHD-5m_377000-6344000_56_1km_1km.tif,2a7d9f0156231fdf1eef7f90b7de894daca6559619adc77ff2602f8398840274,EPSG:28356,"Elevation validity, study-area footprint and slope derivation",https://www.data.nsw.gov.au/data/dataset/marine-lidar-topo-bathy-2008,NO,Used; land DEM GeoTIFF tile; VERIFIED: Creative Commons Attribution (version not asserted); see DATA_SOURCES.md and ../ATTRIBUTION.md for attribution and modifications
NSW Marine LiDAR Topo-Bathy 2008 Geotif,Tenix LADS Corporation for the NSW Department of Environment and Climate Change; ELVIS distributor,https://www.data.nsw.gov.au/data/dataset/marine-lidar-topo-bathy-2008,not recorded (files retrieved by 2026-04-26),CentralCoast2008-DEM-AHD-5m_377000-6345000_56_1km_1km.tif,6bd3bb9af4484872aaf48fc6a3cac4f0772b64d23c1ae31db546f88437a348d5,EPSG:28356,"Elevation validity, study-area footprint and slope derivation",https://www.data.nsw.gov.au/data/dataset/marine-lidar-topo-bathy-2008,NO,Used; land DEM GeoTIFF tile; VERIFIED: Creative Commons Attribution (version not asserted); see DATA_SOURCES.md and ../ATTRIBUTION.md for attribution and modifications
NSW Marine LiDAR Topo-Bathy 2008 Geotif,Tenix LADS Corporation for the NSW Department of Environment and Climate Change; ELVIS distributor,https://www.data.nsw.gov.au/data/dataset/marine-lidar-topo-bathy-2008,not recorded (files retrieved by 2026-04-26),CentralCoast2008-DEM-AHD-5m_378000-6338000_56_1km_1km.tif,2750cbd0cd13b5cd11e419a5fe15528500bde8915495055d9780c7b5421ce9c6,EPSG:28356,"Elevation validity, study-area footprint and slope derivation",https://www.data.nsw.gov.au/data/dataset/marine-lidar-topo-bathy-2008,NO,Used; land DEM GeoTIFF tile; VERIFIED: Creative Commons Attribution (version not asserted); see DATA_SOURCES.md and ../ATTRIBUTION.md for attribution and modifications
NSW Marine LiDAR Topo-Bathy 2008 Geotif,Tenix LADS Corporation for the NSW Department of Environment and Climate Change; ELVIS distributor,https://www.data.nsw.gov.au/data/dataset/marine-lidar-topo-bathy-2008,not recorded (files retrieved by 2026-04-26),CentralCoast2008-DEM-AHD-5m_378000-6339000_56_1km_1km.tif,fd9bd19b97c6c869ebfd7a77c43a32b1308024daa7dd93fa8ad2d52d4c8a1f13,EPSG:28356,"Elevation validity, study-area footprint and slope derivation",https://www.data.nsw.gov.au/data/dataset/marine-lidar-topo-bathy-2008,NO,Used; land DEM GeoTIFF tile; VERIFIED: Creative Commons Attribution (version not asserted); see DATA_SOURCES.md and ../ATTRIBUTION.md for attribution and modifications
NSW Marine LiDAR Topo-Bathy 2008 Geotif,Tenix LADS Corporation for the NSW Department of Environment and Climate Change; ELVIS distributor,https://www.data.nsw.gov.au/data/dataset/marine-lidar-topo-bathy-2008,not recorded (files retrieved by 2026-04-26),CentralCoast2008-DEM-AHD-5m_378000-6340000_56_1km_1km.tif,91a1fb20c40a7344635476481376f7f5a83650fa941c246b35135d382f1a37b8,EPSG:28356,"Elevation validity, study-area footprint and slope derivation",https://www.data.nsw.gov.au/data/dataset/marine-lidar-topo-bathy-2008,NO,Used; land DEM GeoTIFF tile; VERIFIED: Creative Commons Attribution (version not asserted); see DATA_SOURCES.md and ../ATTRIBUTION.md for attribution and modifications
NSW Marine LiDAR Topo-Bathy 2008 Geotif,Tenix LADS Corporation for the NSW Department of Environment and Climate Change; ELVIS distributor,https://www.data.nsw.gov.au/data/dataset/marine-lidar-topo-bathy-2008,not recorded (files retrieved by 2026-04-26),CentralCoast2008-DEM-AHD-5m_378000-6341000_56_1km_1km.tif,122c86633d9e3fc918463b23a73c13ab3d91ae1ca676be5764cf399e3468454f,EPSG:28356,"Elevation validity, study-area footprint and slope derivation",https://www.data.nsw.gov.au/data/dataset/marine-lidar-topo-bathy-2008,NO,Used; land DEM GeoTIFF tile; VERIFIED: Creative Commons Attribution (version not asserted); see DATA_SOURCES.md and ../ATTRIBUTION.md for attribution and modifications
NSW Marine LiDAR Topo-Bathy 2008 Geotif,Tenix LADS Corporation for the NSW Department of Environment and Climate Change; ELVIS distributor,https://www.data.nsw.gov.au/data/dataset/marine-lidar-topo-bathy-2008,not recorded (files retrieved by 2026-04-26),CentralCoast2008-DEM-AHD-5m_378000-6342000_56_1km_1km.tif,2be83c22a55643e96a400a72b604d5516b5c7ca8606d736210255d65f5019e24,EPSG:28356,"Elevation validity, study-area footprint and slope derivation",https://www.data.nsw.gov.au/data/dataset/marine-lidar-topo-bathy-2008,NO,Used; land DEM GeoTIFF tile; VERIFIED: Creative Commons Attribution (version not asserted); see DATA_SOURCES.md and ../ATTRIBUTION.md for attribution and modifications
NSW Marine LiDAR Topo-Bathy 2008 Geotif,Tenix LADS Corporation for the NSW Department of Environment and Climate Change; ELVIS distributor,https://www.data.nsw.gov.au/data/dataset/marine-lidar-topo-bathy-2008,not recorded (files retrieved by 2026-04-26),CentralCoast2008-DEM-AHD-5m_378000-6343000_56_1km_1km.tif,e236aebcb38a48c4f65bb48d1ea80d6453ab08a3b1537a7a7df5791d553236e9,EPSG:28356,"Elevation validity, study-area footprint and slope derivation",https://www.data.nsw.gov.au/data/dataset/marine-lidar-topo-bathy-2008,NO,Used; land DEM GeoTIFF tile; VERIFIED: Creative Commons Attribution (version not asserted); see DATA_SOURCES.md and ../ATTRIBUTION.md for attribution and modifications
NSW Marine LiDAR Topo-Bathy 2008 Geotif,Tenix LADS Corporation for the NSW Department of Environment and Climate Change; ELVIS distributor,https://www.data.nsw.gov.au/data/dataset/marine-lidar-topo-bathy-2008,not recorded (files retrieved by 2026-04-26),CentralCoast2008-DEM-AHD-5m_378000-6344000_56_1km_1km.tif,588e9e07f15061a2768d82741e1ce91bce68a262f5084c61ecff94a4099d87d6,EPSG:28356,"Elevation validity, study-area footprint and slope derivation",https://www.data.nsw.gov.au/data/dataset/marine-lidar-topo-bathy-2008,NO,Used; land DEM GeoTIFF tile; VERIFIED: Creative Commons Attribution (version not asserted); see DATA_SOURCES.md and ../ATTRIBUTION.md for attribution and modifications
NSW Marine LiDAR Topo-Bathy 2008 Geotif,Tenix LADS Corporation for the NSW Department of Environment and Climate Change; ELVIS distributor,https://www.data.nsw.gov.au/data/dataset/marine-lidar-topo-bathy-2008,not recorded (files retrieved by 2026-04-26),CentralCoast2008-DEM-AHD-5m_378000-6345000_56_1km_1km.tif,2d90827c6db75f965d7f9248162ead3fe1b5d9ac56c71701197aa0ab26f3d666,EPSG:28356,"Elevation validity, study-area footprint and slope derivation",https://www.data.nsw.gov.au/data/dataset/marine-lidar-topo-bathy-2008,NO,Used; land DEM GeoTIFF tile; VERIFIED: Creative Commons Attribution (version not asserted); see DATA_SOURCES.md and ../ATTRIBUTION.md for attribution and modifications
NSW Marine LiDAR Topo-Bathy 2008 Geotif,Tenix LADS Corporation for the NSW Department of Environment and Climate Change; ELVIS distributor,https://www.data.nsw.gov.au/data/dataset/marine-lidar-topo-bathy-2008,not recorded (files retrieved by 2026-04-26),CentralCoast2008-DEM-AHD-5m_378000-6346000_56_1km_1km.tif,63630ec1284fbb93599af4c4b74a1889d3e3bacbe7d582701420bfdb0d3b4e92,EPSG:28356,"Elevation validity, study-area footprint and slope derivation",https://www.data.nsw.gov.au/data/dataset/marine-lidar-topo-bathy-2008,NO,Used; land DEM GeoTIFF tile; VERIFIED: Creative Commons Attribution (version not asserted); see DATA_SOURCES.md and ../ATTRIBUTION.md for attribution and modifications
NSW Marine LiDAR Topo-Bathy 2008 Geotif,Tenix LADS Corporation for the NSW Department of Environment and Climate Change; ELVIS distributor,https://www.data.nsw.gov.au/data/dataset/marine-lidar-topo-bathy-2008,not recorded (files retrieved by 2026-04-26),CentralCoast2008-DEM-AHD-5m_378000-6347000_56_1km_1km.tif,9750f22feac15aa887fdf7a98844c673f6edaedd55a1bb30d526a528f6047aaa,EPSG:28356,"Elevation validity, study-area footprint and slope derivation",https://www.data.nsw.gov.au/data/dataset/marine-lidar-topo-bathy-2008,NO,Used; land DEM GeoTIFF tile; VERIFIED: Creative Commons Attribution (version not asserted); see DATA_SOURCES.md and ../ATTRIBUTION.md for attribution and modifications
NSW Marine LiDAR Topo-Bathy 2008 Geotif,Tenix LADS Corporation for the NSW Department of Environment and Climate Change; ELVIS distributor,https://www.data.nsw.gov.au/data/dataset/marine-lidar-topo-bathy-2008,not recorded (files retrieved by 2026-04-26),CentralCoast2008-DEM-AHD-5m_379000-6340000_56_1km_1km.tif,09d3928aa52775f2e5f4dc7bf8fa7104d8e5a87a80d821588b582a5882fe0f1f,EPSG:28356,"Elevation validity, study-area footprint and slope derivation",https://www.data.nsw.gov.au/data/dataset/marine-lidar-topo-bathy-2008,NO,Used; land DEM GeoTIFF tile; VERIFIED: Creative Commons Attribution (version not asserted); see DATA_SOURCES.md and ../ATTRIBUTION.md for attribution and modifications
NSW Marine LiDAR Topo-Bathy 2008 Geotif,Tenix LADS Corporation for the NSW Department of Environment and Climate Change; ELVIS distributor,https://www.data.nsw.gov.au/data/dataset/marine-lidar-topo-bathy-2008,not recorded (files retrieved by 2026-04-26),CentralCoast2008-DEM-AHD-5m_379000-6341000_56_1km_1km.tif,722d7f5c2c36bc1b0ff35571528251f58f1ab42c0de866b1eac8c7f54950b869,EPSG:28356,"Elevation validity, study-area footprint and slope derivation",https://www.data.nsw.gov.au/data/dataset/marine-lidar-topo-bathy-2008,NO,Used; land DEM GeoTIFF tile; VERIFIED: Creative Commons Attribution (version not asserted); see DATA_SOURCES.md and ../ATTRIBUTION.md for attribution and modifications
NSW Marine LiDAR Topo-Bathy 2008 Geotif,Tenix LADS Corporation for the NSW Department of Environment and Climate Change; ELVIS distributor,https://www.data.nsw.gov.au/data/dataset/marine-lidar-topo-bathy-2008,not recorded (files retrieved by 2026-04-26),CentralCoast2008-DEM-AHD-5m_379000-6342000_56_1km_1km.tif,02907982b0f4d60aa77fd6afb09f8777262baa34bf362f3373c1fe8d55b852a6,EPSG:28356,"Elevation validity, study-area footprint and slope derivation",https://www.data.nsw.gov.au/data/dataset/marine-lidar-topo-bathy-2008,NO,Used; land DEM GeoTIFF tile; VERIFIED: Creative Commons Attribution (version not asserted); see DATA_SOURCES.md and ../ATTRIBUTION.md for attribution and modifications
NSW Marine LiDAR Topo-Bathy 2008 Geotif,Tenix LADS Corporation for the NSW Department of Environment and Climate Change; ELVIS distributor,https://www.data.nsw.gov.au/data/dataset/marine-lidar-topo-bathy-2008,not recorded (files retrieved by 2026-04-26),CentralCoast2008-DEM-AHD-5m_379000-6343000_56_1km_1km.tif,f8567ed0ff53d132741895f45b5bd2526d0db5c018eba346ae7e900dd6302a50,EPSG:28356,"Elevation validity, study-area footprint and slope derivation",https://www.data.nsw.gov.au/data/dataset/marine-lidar-topo-bathy-2008,NO,Used; land DEM GeoTIFF tile; VERIFIED: Creative Commons Attribution (version not asserted); see DATA_SOURCES.md and ../ATTRIBUTION.md for attribution and modifications
NSW Marine LiDAR Topo-Bathy 2008 Geotif,Tenix LADS Corporation for the NSW Department of Environment and Climate Change; ELVIS distributor,https://www.data.nsw.gov.au/data/dataset/marine-lidar-topo-bathy-2008,not recorded (files retrieved by 2026-04-26),CentralCoast2008-DEM-AHD-5m_379000-6344000_56_1km_1km.tif,0c33b2b2b85cb5e0a87631cae96def772ea8c253c88dd4851fd270b43ee29d3b,EPSG:28356,"Elevation validity, study-area footprint and slope derivation",https://www.data.nsw.gov.au/data/dataset/marine-lidar-topo-bathy-2008,NO,Used; land DEM GeoTIFF tile; VERIFIED: Creative Commons Attribution (version not asserted); see DATA_SOURCES.md and ../ATTRIBUTION.md for attribution and modifications
NSW Marine LiDAR Topo-Bathy 2008 Geotif,Tenix LADS Corporation for the NSW Department of Environment and Climate Change; ELVIS distributor,https://www.data.nsw.gov.au/data/dataset/marine-lidar-topo-bathy-2008,not recorded (files retrieved by 2026-04-26),CentralCoast2008-DEM-AHD-5m_379000-6345000_56_1km_1km.tif,0595d63d29300821c19e6ee24ab9970f3f0acbaed2d9b25898fdf8f6ef4762c4,EPSG:28356,"Elevation validity, study-area footprint and slope derivation",https://www.data.nsw.gov.au/data/dataset/marine-lidar-topo-bathy-2008,NO,Used; land DEM GeoTIFF tile; VERIFIED: Creative Commons Attribution (version not asserted); see DATA_SOURCES.md and ../ATTRIBUTION.md for attribution and modifications
NSW Marine LiDAR Topo-Bathy 2008 Geotif,Tenix LADS Corporation for the NSW Department of Environment and Climate Change; ELVIS distributor,https://www.data.nsw.gov.au/data/dataset/marine-lidar-topo-bathy-2008,not recorded (files retrieved by 2026-04-26),CentralCoast2008-DEM-AHD-5m_379000-6346000_56_1km_1km.tif,e692a1ca32a3fb70e2671ae31c4457cf1e3f5cbb3c70c9548c54553900625b93,EPSG:28356,"Elevation validity, study-area footprint and slope derivation",https://www.data.nsw.gov.au/data/dataset/marine-lidar-topo-bathy-2008,NO,Used; land DEM GeoTIFF tile; VERIFIED: Creative Commons Attribution (version not asserted); see DATA_SOURCES.md and ../ATTRIBUTION.md for attribution and modifications
NSW Marine LiDAR Topo-Bathy 2008 Geotif,Tenix LADS Corporation for the NSW Department of Environment and Climate Change; ELVIS distributor,https://www.data.nsw.gov.au/data/dataset/marine-lidar-topo-bathy-2008,not recorded (files retrieved by 2026-04-26),CentralCoast2008-DEM-AHD-5m_379000-6347000_56_1km_1km.tif,c1a0f79002d8ff565a0edf851ccfde46e7bb0096015d795a412efb244b08444e,EPSG:28356,"Elevation validity, study-area footprint and slope derivation",https://www.data.nsw.gov.au/data/dataset/marine-lidar-topo-bathy-2008,NO,Used; land DEM GeoTIFF tile; VERIFIED: Creative Commons Attribution (version not asserted); see DATA_SOURCES.md and ../ATTRIBUTION.md for attribution and modifications
NSW Marine LiDAR Topo-Bathy 2008 Geotif,Tenix LADS Corporation for the NSW Department of Environment and Climate Change; ELVIS distributor,https://www.data.nsw.gov.au/data/dataset/marine-lidar-topo-bathy-2008,not recorded (files retrieved by 2026-04-26),CentralCoast2008-DEM-AHD-5m_380000-6341000_56_1km_1km.tif,38faf887a6d1a01db4a3c38b845dcd70c878b1ccb1f93a3459faa634ff77ce00,EPSG:28356,"Elevation validity, study-area footprint and slope derivation",https://www.data.nsw.gov.au/data/dataset/marine-lidar-topo-bathy-2008,NO,Used; land DEM GeoTIFF tile; VERIFIED: Creative Commons Attribution (version not asserted); see DATA_SOURCES.md and ../ATTRIBUTION.md for attribution and modifications
NSW Marine LiDAR Topo-Bathy 2008 Geotif,Tenix LADS Corporation for the NSW Department of Environment and Climate Change; ELVIS distributor,https://www.data.nsw.gov.au/data/dataset/marine-lidar-topo-bathy-2008,not recorded (files retrieved by 2026-04-26),CentralCoast2008-DEM-AHD-5m_380000-6342000_56_1km_1km.tif,52a823f4acb41fafbb188ceb96bbdf6ff7e1f1da45dc555c6e382e107785630a,EPSG:28356,"Elevation validity, study-area footprint and slope derivation",https://www.data.nsw.gov.au/data/dataset/marine-lidar-topo-bathy-2008,NO,Used; land DEM GeoTIFF tile; VERIFIED: Creative Commons Attribution (version not asserted); see DATA_SOURCES.md and ../ATTRIBUTION.md for attribution and modifications
NSW Marine LiDAR Topo-Bathy 2008 Geotif,Tenix LADS Corporation for the NSW Department of Environment and Climate Change; ELVIS distributor,https://www.data.nsw.gov.au/data/dataset/marine-lidar-topo-bathy-2008,not recorded (files retrieved by 2026-04-26),CentralCoast2008-DEM-AHD-5m_380000-6343000_56_1km_1km.tif,e100e40d7f6674994a12f2e0ba72f8d7794e96273799abffae2e1abbe4eceb5d,EPSG:28356,"Elevation validity, study-area footprint and slope derivation",https://www.data.nsw.gov.au/data/dataset/marine-lidar-topo-bathy-2008,NO,Used; land DEM GeoTIFF tile; VERIFIED: Creative Commons Attribution (version not asserted); see DATA_SOURCES.md and ../ATTRIBUTION.md for attribution and modifications
NSW Marine LiDAR Topo-Bathy 2008 Geotif,Tenix LADS Corporation for the NSW Department of Environment and Climate Change; ELVIS distributor,https://www.data.nsw.gov.au/data/dataset/marine-lidar-topo-bathy-2008,not recorded (files retrieved by 2026-04-26),CentralCoast2008-DEM-AHD-5m_380000-6344000_56_1km_1km.tif,bac56000f57e79be3f3769ec27f6f84a7205541bb35d05c4f54f463985a49dff,EPSG:28356,"Elevation validity, study-area footprint and slope derivation",https://www.data.nsw.gov.au/data/dataset/marine-lidar-topo-bathy-2008,NO,Used; land DEM GeoTIFF tile; VERIFIED: Creative Commons Attribution (version not asserted); see DATA_SOURCES.md and ../ATTRIBUTION.md for attribution and modifications
NSW Marine LiDAR Topo-Bathy 2008 Geotif,Tenix LADS Corporation for the NSW Department of Environment and Climate Change; ELVIS distributor,https://www.data.nsw.gov.au/data/dataset/marine-lidar-topo-bathy-2008,not recorded (files retrieved by 2026-04-26),CentralCoast2008-DEM-AHD-5m_380000-6345000_56_1km_1km.tif,923715c8ee66a36b42ce92f89e2972c44b2eb332651651b27d726a3ec96046e1,EPSG:28356,"Elevation validity, study-area footprint and slope derivation",https://www.data.nsw.gov.au/data/dataset/marine-lidar-topo-bathy-2008,NO,Used; land DEM GeoTIFF tile; VERIFIED: Creative Commons Attribution (version not asserted); see DATA_SOURCES.md and ../ATTRIBUTION.md for attribution and modifications
NSW Marine LiDAR Topo-Bathy 2008 Geotif,Tenix LADS Corporation for the NSW Department of Environment and Climate Change; ELVIS distributor,https://www.data.nsw.gov.au/data/dataset/marine-lidar-topo-bathy-2008,not recorded (files retrieved by 2026-04-26),CentralCoast2008-DEM-AHD-5m_380000-6346000_56_1km_1km.tif,6410d10d5ed8e71485649418d985c795b28673159fa638a6b7be29f87882d657,EPSG:28356,"Elevation validity, study-area footprint and slope derivation",https://www.data.nsw.gov.au/data/dataset/marine-lidar-topo-bathy-2008,NO,Used; land DEM GeoTIFF tile; VERIFIED: Creative Commons Attribution (version not asserted); see DATA_SOURCES.md and ../ATTRIBUTION.md for attribution and modifications
NSW Marine LiDAR Topo-Bathy 2008 Geotif,Tenix LADS Corporation for the NSW Department of Environment and Climate Change; ELVIS distributor,https://www.data.nsw.gov.au/data/dataset/marine-lidar-topo-bathy-2008,not recorded (files retrieved by 2026-04-26),CentralCoast2008-DEM-AHD-5m_380000-6347000_56_1km_1km.tif,45f81e5c3da31b1652d37f3ffa48fe1d907c84dc08480ec73647541c5ec255c7,EPSG:28356,"Elevation validity, study-area footprint and slope derivation",https://www.data.nsw.gov.au/data/dataset/marine-lidar-topo-bathy-2008,NO,Used; land DEM GeoTIFF tile; VERIFIED: Creative Commons Attribution (version not asserted); see DATA_SOURCES.md and ../ATTRIBUTION.md for attribution and modifications
NSW Marine LiDAR Topo-Bathy 2008 Geotif,Tenix LADS Corporation for the NSW Department of Environment and Climate Change; ELVIS distributor,https://www.data.nsw.gov.au/data/dataset/marine-lidar-topo-bathy-2008,not recorded (files retrieved by 2026-04-26),CentralCoast2008-DEM-AHD-5m_380000-6348000_56_1km_1km.tif,a018e28563f87f7f1816ceb94d5ec3647d574c93dbefbf4a9e41bd65f1812b91,EPSG:28356,"Elevation validity, study-area footprint and slope derivation",https://www.data.nsw.gov.au/data/dataset/marine-lidar-topo-bathy-2008,NO,Used; land DEM GeoTIFF tile; VERIFIED: Creative Commons Attribution (version not asserted); see DATA_SOURCES.md and ../ATTRIBUTION.md for attribution and modifications
NSW Marine LiDAR Topo-Bathy 2008 Geotif,Tenix LADS Corporation for the NSW Department of Environment and Climate Change; ELVIS distributor,https://www.data.nsw.gov.au/data/dataset/marine-lidar-topo-bathy-2008,not recorded (files retrieved by 2026-04-26),CentralCoast2008-DEM-AHD-5m_380000-6349000_56_1km_1km.tif,5ed9a0682afe252de9f0b1c74f8ce3a97f36ac7cbdacf836e31ffc86fd501555,EPSG:28356,"Elevation validity, study-area footprint and slope derivation",https://www.data.nsw.gov.au/data/dataset/marine-lidar-topo-bathy-2008,NO,Used; land DEM GeoTIFF tile; VERIFIED: Creative Commons Attribution (version not asserted); see DATA_SOURCES.md and ../ATTRIBUTION.md for attribution and modifications
NSW Marine LiDAR Topo-Bathy 2008 Geotif,Tenix LADS Corporation for the NSW Department of Environment and Climate Change; ELVIS distributor,https://www.data.nsw.gov.au/data/dataset/marine-lidar-topo-bathy-2008,not recorded (files retrieved by 2026-04-26),CentralCoast2008-DEM-AHD-5m_380000-6350000_56_1km_1km.tif,2a5e805c5111b8c2395807f18f810d7dc95b858b3acc9bf8ec174f2999c406b6,EPSG:28356,"Elevation validity, study-area footprint and slope derivation",https://www.data.nsw.gov.au/data/dataset/marine-lidar-topo-bathy-2008,NO,Used; land DEM GeoTIFF tile; VERIFIED: Creative Commons Attribution (version not asserted); see DATA_SOURCES.md and ../ATTRIBUTION.md for attribution and modifications
NSW Marine LiDAR Topo-Bathy 2008 Geotif,Tenix LADS Corporation for the NSW Department of Environment and Climate Change; ELVIS distributor,https://www.data.nsw.gov.au/data/dataset/marine-lidar-topo-bathy-2008,not recorded (files retrieved by 2026-04-26),CentralCoast2008-DEM-AHD-5m_380000-6351000_56_1km_1km.tif,7ca01e5934ccb5e8337892a2cd530940f29890ba57955eeea5b67a9b2fb6f3cf,EPSG:28356,"Elevation validity, study-area footprint and slope derivation",https://www.data.nsw.gov.au/data/dataset/marine-lidar-topo-bathy-2008,NO,Used; land DEM GeoTIFF tile; VERIFIED: Creative Commons Attribution (version not asserted); see DATA_SOURCES.md and ../ATTRIBUTION.md for attribution and modifications
NSW Marine LiDAR Topo-Bathy 2008 Geotif,Tenix LADS Corporation for the NSW Department of Environment and Climate Change; ELVIS distributor,https://www.data.nsw.gov.au/data/dataset/marine-lidar-topo-bathy-2008,not recorded (files retrieved by 2026-04-26),CentralCoast2008-DEM-AHD-5m_381000-6343000_56_1km_1km.tif,a44c2417976504155a1ac35258420dd49abf2e221559071031df8514157abe8b,EPSG:28356,"Elevation validity, study-area footprint and slope derivation",https://www.data.nsw.gov.au/data/dataset/marine-lidar-topo-bathy-2008,NO,Used; land DEM GeoTIFF tile; VERIFIED: Creative Commons Attribution (version not asserted); see DATA_SOURCES.md and ../ATTRIBUTION.md for attribution and modifications
NSW Marine LiDAR Topo-Bathy 2008 Geotif,Tenix LADS Corporation for the NSW Department of Environment and Climate Change; ELVIS distributor,https://www.data.nsw.gov.au/data/dataset/marine-lidar-topo-bathy-2008,not recorded (files retrieved by 2026-04-26),CentralCoast2008-DEM-AHD-5m_381000-6344000_56_1km_1km.tif,7666eebd2328db53fa8ab6cb5eb465f572d771c464fab97a3188d9c512c899d5,EPSG:28356,"Elevation validity, study-area footprint and slope derivation",https://www.data.nsw.gov.au/data/dataset/marine-lidar-topo-bathy-2008,NO,Used; land DEM GeoTIFF tile; VERIFIED: Creative Commons Attribution (version not asserted); see DATA_SOURCES.md and ../ATTRIBUTION.md for attribution and modifications
NSW Marine LiDAR Topo-Bathy 2008 Geotif,Tenix LADS Corporation for the NSW Department of Environment and Climate Change; ELVIS distributor,https://www.data.nsw.gov.au/data/dataset/marine-lidar-topo-bathy-2008,not recorded (files retrieved by 2026-04-26),CentralCoast2008-DEM-AHD-5m_381000-6345000_56_1km_1km.tif,8fc1b6c1bb26a72d6927a45e22853150a231008774b1397522061aa7b77f100f,EPSG:28356,"Elevation validity, study-area footprint and slope derivation",https://www.data.nsw.gov.au/data/dataset/marine-lidar-topo-bathy-2008,NO,Used; land DEM GeoTIFF tile; VERIFIED: Creative Commons Attribution (version not asserted); see DATA_SOURCES.md and ../ATTRIBUTION.md for attribution and modifications
NSW Marine LiDAR Topo-Bathy 2008 Geotif,Tenix LADS Corporation for the NSW Department of Environment and Climate Change; ELVIS distributor,https://www.data.nsw.gov.au/data/dataset/marine-lidar-topo-bathy-2008,not recorded (files retrieved by 2026-04-26),CentralCoast2008-DEM-AHD-5m_381000-6346000_56_1km_1km.tif,d085e365a12046330ae3c9fb94c94d7a61248536ec7c805a80489dc1db2a9164,EPSG:28356,"Elevation validity, study-area footprint and slope derivation",https://www.data.nsw.gov.au/data/dataset/marine-lidar-topo-bathy-2008,NO,Used; land DEM GeoTIFF tile; VERIFIED: Creative Commons Attribution (version not asserted); see DATA_SOURCES.md and ../ATTRIBUTION.md for attribution and modifications
NSW Marine LiDAR Topo-Bathy 2008 Geotif,Tenix LADS Corporation for the NSW Department of Environment and Climate Change; ELVIS distributor,https://www.data.nsw.gov.au/data/dataset/marine-lidar-topo-bathy-2008,not recorded (files retrieved by 2026-04-26),CentralCoast2008-DEM-AHD-5m_381000-6347000_56_1km_1km.tif,d7762f4a99fbde504288797eef6bcd7a6ca6a5da297e03e31fb1f59ef55bfd29,EPSG:28356,"Elevation validity, study-area footprint and slope derivation",https://www.data.nsw.gov.au/data/dataset/marine-lidar-topo-bathy-2008,NO,Used; land DEM GeoTIFF tile; VERIFIED: Creative Commons Attribution (version not asserted); see DATA_SOURCES.md and ../ATTRIBUTION.md for attribution and modifications
NSW Marine LiDAR Topo-Bathy 2008 Geotif,Tenix LADS Corporation for the NSW Department of Environment and Climate Change; ELVIS distributor,https://www.data.nsw.gov.au/data/dataset/marine-lidar-topo-bathy-2008,not recorded (files retrieved by 2026-04-26),CentralCoast2008-DEM-AHD-5m_381000-6348000_56_1km_1km.tif,f58c50aabbf3f04a05b191459d8fcd8e11482e2b826fdd3ef885d7b75c16030d,EPSG:28356,"Elevation validity, study-area footprint and slope derivation",https://www.data.nsw.gov.au/data/dataset/marine-lidar-topo-bathy-2008,NO,Used; land DEM GeoTIFF tile; VERIFIED: Creative Commons Attribution (version not asserted); see DATA_SOURCES.md and ../ATTRIBUTION.md for attribution and modifications
NSW Marine LiDAR Topo-Bathy 2008 Geotif,Tenix LADS Corporation for the NSW Department of Environment and Climate Change; ELVIS distributor,https://www.data.nsw.gov.au/data/dataset/marine-lidar-topo-bathy-2008,not recorded (files retrieved by 2026-04-26),CentralCoast2008-DEM-AHD-5m_381000-6349000_56_1km_1km.tif,04c6876ab6aad1871a2fb305b709adf11a138bc81254f134a8b055312dfd978e,EPSG:28356,"Elevation validity, study-area footprint and slope derivation",https://www.data.nsw.gov.au/data/dataset/marine-lidar-topo-bathy-2008,NO,Used; land DEM GeoTIFF tile; VERIFIED: Creative Commons Attribution (version not asserted); see DATA_SOURCES.md and ../ATTRIBUTION.md for attribution and modifications
NSW Marine LiDAR Topo-Bathy 2008 Geotif,Tenix LADS Corporation for the NSW Department of Environment and Climate Change; ELVIS distributor,https://www.data.nsw.gov.au/data/dataset/marine-lidar-topo-bathy-2008,not recorded (files retrieved by 2026-04-26),CentralCoast2008-DEM-AHD-5m_381000-6350000_56_1km_1km.tif,031a3cab3bd329a127339bf968f91082c30a928c24cc59b95ece111057b8991e,EPSG:28356,"Elevation validity, study-area footprint and slope derivation",https://www.data.nsw.gov.au/data/dataset/marine-lidar-topo-bathy-2008,NO,Used; land DEM GeoTIFF tile; VERIFIED: Creative Commons Attribution (version not asserted); see DATA_SOURCES.md and ../ATTRIBUTION.md for attribution and modifications
NSW Marine LiDAR Topo-Bathy 2008 Geotif,Tenix LADS Corporation for the NSW Department of Environment and Climate Change; ELVIS distributor,https://www.data.nsw.gov.au/data/dataset/marine-lidar-topo-bathy-2008,not recorded (files retrieved by 2026-04-26),CentralCoast2008-DEM-AHD-5m_381000-6351000_56_1km_1km.tif,82e9211aa4d561038ef7d3deb9ca291338e6d3a5669d1464911a5c83f25690f3,EPSG:28356,"Elevation validity, study-area footprint and slope derivation",https://www.data.nsw.gov.au/data/dataset/marine-lidar-topo-bathy-2008,NO,Used; land DEM GeoTIFF tile; VERIFIED: Creative Commons Attribution (version not asserted); see DATA_SOURCES.md and ../ATTRIBUTION.md for attribution and modifications
NSW Marine LiDAR Topo-Bathy 2008 Geotif,Tenix LADS Corporation for the NSW Department of Environment and Climate Change; ELVIS distributor,https://www.data.nsw.gov.au/data/dataset/marine-lidar-topo-bathy-2008,not recorded (files retrieved by 2026-04-26),CentralCoast2008-DEM-AHD-5m_381000-6352000_56_1km_1km.tif,c75b2c1394c6abcba68a001d1af7ae327ba16e120b9edbf9912e24ccaeb7079b,EPSG:28356,"Elevation validity, study-area footprint and slope derivation",https://www.data.nsw.gov.au/data/dataset/marine-lidar-topo-bathy-2008,NO,Used; land DEM GeoTIFF tile; VERIFIED: Creative Commons Attribution (version not asserted); see DATA_SOURCES.md and ../ATTRIBUTION.md for attribution and modifications
NSW Marine LiDAR Topo-Bathy 2008 Geotif,Tenix LADS Corporation for the NSW Department of Environment and Climate Change; ELVIS distributor,https://www.data.nsw.gov.au/data/dataset/marine-lidar-topo-bathy-2008,not recorded (files retrieved by 2026-04-26),CentralCoast2008-DEM-AHD-5m_382000-6344000_56_1km_1km.tif,6303b84cbc9769c03d5ea3932d9e0f6fb14290c3c1b05fe257fb620ced815955,EPSG:28356,"Elevation validity, study-area footprint and slope derivation",https://www.data.nsw.gov.au/data/dataset/marine-lidar-topo-bathy-2008,NO,Used; land DEM GeoTIFF tile; VERIFIED: Creative Commons Attribution (version not asserted); see DATA_SOURCES.md and ../ATTRIBUTION.md for attribution and modifications
NSW Marine LiDAR Topo-Bathy 2008 Geotif,Tenix LADS Corporation for the NSW Department of Environment and Climate Change; ELVIS distributor,https://www.data.nsw.gov.au/data/dataset/marine-lidar-topo-bathy-2008,not recorded (files retrieved by 2026-04-26),CentralCoast2008-DEM-AHD-5m_382000-6345000_56_1km_1km.tif,cc8122160885a2ed1ec8910cc07e05fe4565768ae283e2c475d1694f6767db70,EPSG:28356,"Elevation validity, study-area footprint and slope derivation",https://www.data.nsw.gov.au/data/dataset/marine-lidar-topo-bathy-2008,NO,Used; land DEM GeoTIFF tile; VERIFIED: Creative Commons Attribution (version not asserted); see DATA_SOURCES.md and ../ATTRIBUTION.md for attribution and modifications
NSW Marine LiDAR Topo-Bathy 2008 Geotif,Tenix LADS Corporation for the NSW Department of Environment and Climate Change; ELVIS distributor,https://www.data.nsw.gov.au/data/dataset/marine-lidar-topo-bathy-2008,not recorded (files retrieved by 2026-04-26),CentralCoast2008-DEM-AHD-5m_382000-6346000_56_1km_1km.tif,40a3bbd9d1761c75c2d49fed3c9dc86494f099be18b125168be22c1d0e35b757,EPSG:28356,"Elevation validity, study-area footprint and slope derivation",https://www.data.nsw.gov.au/data/dataset/marine-lidar-topo-bathy-2008,NO,Used; land DEM GeoTIFF tile; VERIFIED: Creative Commons Attribution (version not asserted); see DATA_SOURCES.md and ../ATTRIBUTION.md for attribution and modifications
NSW Marine LiDAR Topo-Bathy 2008 Geotif,Tenix LADS Corporation for the NSW Department of Environment and Climate Change; ELVIS distributor,https://www.data.nsw.gov.au/data/dataset/marine-lidar-topo-bathy-2008,not recorded (files retrieved by 2026-04-26),CentralCoast2008-DEM-AHD-5m_382000-6347000_56_1km_1km.tif,9df6023b5112c9bb25084a1bc872c2525086c7292b5c782812e45568dac31b15,EPSG:28356,"Elevation validity, study-area footprint and slope derivation",https://www.data.nsw.gov.au/data/dataset/marine-lidar-topo-bathy-2008,NO,Used; land DEM GeoTIFF tile; VERIFIED: Creative Commons Attribution (version not asserted); see DATA_SOURCES.md and ../ATTRIBUTION.md for attribution and modifications
NSW Marine LiDAR Topo-Bathy 2008 Geotif,Tenix LADS Corporation for the NSW Department of Environment and Climate Change; ELVIS distributor,https://www.data.nsw.gov.au/data/dataset/marine-lidar-topo-bathy-2008,not recorded (files retrieved by 2026-04-26),CentralCoast2008-DEM-AHD-5m_382000-6348000_56_1km_1km.tif,be89ee918a9d28d1bcf2d85e04b69a61a07f8d41ebd2d1a0a3c566cf79f78f86,EPSG:28356,"Elevation validity, study-area footprint and slope derivation",https://www.data.nsw.gov.au/data/dataset/marine-lidar-topo-bathy-2008,NO,Used; land DEM GeoTIFF tile; VERIFIED: Creative Commons Attribution (version not asserted); see DATA_SOURCES.md and ../ATTRIBUTION.md for attribution and modifications
NSW Marine LiDAR Topo-Bathy 2008 Geotif,Tenix LADS Corporation for the NSW Department of Environment and Climate Change; ELVIS distributor,https://www.data.nsw.gov.au/data/dataset/marine-lidar-topo-bathy-2008,not recorded (files retrieved by 2026-04-26),CentralCoast2008-DEM-AHD-5m_382000-6349000_56_1km_1km.tif,09772c2873abd59f569643fc64f789f6fa36143c4123c1eab8f80849cccfb7f7,EPSG:28356,"Elevation validity, study-area footprint and slope derivation",https://www.data.nsw.gov.au/data/dataset/marine-lidar-topo-bathy-2008,NO,Used; land DEM GeoTIFF tile; VERIFIED: Creative Commons Attribution (version not asserted); see DATA_SOURCES.md and ../ATTRIBUTION.md for attribution and modifications
NSW Marine LiDAR Topo-Bathy 2008 Geotif,Tenix LADS Corporation for the NSW Department of Environment and Climate Change; ELVIS distributor,https://www.data.nsw.gov.au/data/dataset/marine-lidar-topo-bathy-2008,not recorded (files retrieved by 2026-04-26),CentralCoast2008-DEM-AHD-5m_382000-6350000_56_1km_1km.tif,6f11ded34cc61a7186443102da3454dc3adfe1c4fc6df366aa535768b915b361,EPSG:28356,"Elevation validity, study-area footprint and slope derivation",https://www.data.nsw.gov.au/data/dataset/marine-lidar-topo-bathy-2008,NO,Used; land DEM GeoTIFF tile; VERIFIED: Creative Commons Attribution (version not asserted); see DATA_SOURCES.md and ../ATTRIBUTION.md for attribution and modifications
NSW Marine LiDAR Topo-Bathy 2008 Geotif,Tenix LADS Corporation for the NSW Department of Environment and Climate Change; ELVIS distributor,https://www.data.nsw.gov.au/data/dataset/marine-lidar-topo-bathy-2008,not recorded (files retrieved by 2026-04-26),CentralCoast2008-DEM-AHD-5m_382000-6351000_56_1km_1km.tif,7823d1381f5547862948dc10e84a82210bea9826a022b2a8c01baf195c8c8489,EPSG:28356,"Elevation validity, study-area footprint and slope derivation",https://www.data.nsw.gov.au/data/dataset/marine-lidar-topo-bathy-2008,NO,Used; land DEM GeoTIFF tile; VERIFIED: Creative Commons Attribution (version not asserted); see DATA_SOURCES.md and ../ATTRIBUTION.md for attribution and modifications
NSW Marine LiDAR Topo-Bathy 2008 Geotif,Tenix LADS Corporation for the NSW Department of Environment and Climate Change; ELVIS distributor,https://www.data.nsw.gov.au/data/dataset/marine-lidar-topo-bathy-2008,not recorded (files retrieved by 2026-04-26),CentralCoast2008-DEM-AHD-5m_382000-6352000_56_1km_1km.tif,27c6640d835354034bb8c512ed39b223b7dfd2514f946d1bca9421c831004981,EPSG:28356,"Elevation validity, study-area footprint and slope derivation",https://www.data.nsw.gov.au/data/dataset/marine-lidar-topo-bathy-2008,NO,Used; land DEM GeoTIFF tile; VERIFIED: Creative Commons Attribution (version not asserted); see DATA_SOURCES.md and ../ATTRIBUTION.md for attribution and modifications
NSW Marine LiDAR Topo-Bathy 2008 Geotif,Tenix LADS Corporation for the NSW Department of Environment and Climate Change; ELVIS distributor,https://www.data.nsw.gov.au/data/dataset/marine-lidar-topo-bathy-2008,not recorded (files retrieved by 2026-04-26),CentralCoast2008-DEM-AHD-5m_382000-6353000_56_1km_1km.tif,92c017923e823ca3d086399891f37a8b63266f0263e96f4b7d20b8f1122307ce,EPSG:28356,"Elevation validity, study-area footprint and slope derivation",https://www.data.nsw.gov.au/data/dataset/marine-lidar-topo-bathy-2008,NO,Used; land DEM GeoTIFF tile; VERIFIED: Creative Commons Attribution (version not asserted); see DATA_SOURCES.md and ../ATTRIBUTION.md for attribution and modifications
NSW Marine LiDAR Topo-Bathy 2008 Geotif,Tenix LADS Corporation for the NSW Department of Environment and Climate Change; ELVIS distributor,https://www.data.nsw.gov.au/data/dataset/marine-lidar-topo-bathy-2008,not recorded (files retrieved by 2026-04-26),CentralCoast2008-DEM-AHD-5m_383000-6346000_56_1km_1km.tif,e19c1fa5ead5816a79466b4225acb7c529db66962233c2019144cce67702e8cf,EPSG:28356,"Elevation validity, study-area footprint and slope derivation",https://www.data.nsw.gov.au/data/dataset/marine-lidar-topo-bathy-2008,NO,Used; land DEM GeoTIFF tile; VERIFIED: Creative Commons Attribution (version not asserted); see DATA_SOURCES.md and ../ATTRIBUTION.md for attribution and modifications
NSW Marine LiDAR Topo-Bathy 2008 Geotif,Tenix LADS Corporation for the NSW Department of Environment and Climate Change; ELVIS distributor,https://www.data.nsw.gov.au/data/dataset/marine-lidar-topo-bathy-2008,not recorded (files retrieved by 2026-04-26),CentralCoast2008-DEM-AHD-5m_383000-6347000_56_1km_1km.tif,2e0adbe967c2f8df3d06e6efdbcd4b8d94a1cb3b8e050aaa1f7bef5e890f36ae,EPSG:28356,"Elevation validity, study-area footprint and slope derivation",https://www.data.nsw.gov.au/data/dataset/marine-lidar-topo-bathy-2008,NO,Used; land DEM GeoTIFF tile; VERIFIED: Creative Commons Attribution (version not asserted); see DATA_SOURCES.md and ../ATTRIBUTION.md for attribution and modifications
NSW Marine LiDAR Topo-Bathy 2008 Geotif,Tenix LADS Corporation for the NSW Department of Environment and Climate Change; ELVIS distributor,https://www.data.nsw.gov.au/data/dataset/marine-lidar-topo-bathy-2008,not recorded (files retrieved by 2026-04-26),CentralCoast2008-DEM-AHD-5m_383000-6348000_56_1km_1km.tif,1d459d53cb37b9930262119a941ce97829925c4e94b96be6487e036157fe2ab5,EPSG:28356,"Elevation validity, study-area footprint and slope derivation",https://www.data.nsw.gov.au/data/dataset/marine-lidar-topo-bathy-2008,NO,Used; land DEM GeoTIFF tile; VERIFIED: Creative Commons Attribution (version not asserted); see DATA_SOURCES.md and ../ATTRIBUTION.md for attribution and modifications
NSW Marine LiDAR Topo-Bathy 2008 Geotif,Tenix LADS Corporation for the NSW Department of Environment and Climate Change; ELVIS distributor,https://www.data.nsw.gov.au/data/dataset/marine-lidar-topo-bathy-2008,not recorded (files retrieved by 2026-04-26),CentralCoast2008-DEM-AHD-5m_383000-6349000_56_1km_1km.tif,8063dd2b537783da3502c2c5885bf954f60f7f49ada957ec2de41325e1ea8bf7,EPSG:28356,"Elevation validity, study-area footprint and slope derivation",https://www.data.nsw.gov.au/data/dataset/marine-lidar-topo-bathy-2008,NO,Used; land DEM GeoTIFF tile; VERIFIED: Creative Commons Attribution (version not asserted); see DATA_SOURCES.md and ../ATTRIBUTION.md for attribution and modifications
NSW Marine LiDAR Topo-Bathy 2008 Geotif,Tenix LADS Corporation for the NSW Department of Environment and Climate Change; ELVIS distributor,https://www.data.nsw.gov.au/data/dataset/marine-lidar-topo-bathy-2008,not recorded (files retrieved by 2026-04-26),CentralCoast2008-DEM-AHD-5m_383000-6350000_56_1km_1km.tif,e88c92049534a8fdd9389b082874463fb37fc35356846e10eacd8b62cbb5c7ba,EPSG:28356,"Elevation validity, study-area footprint and slope derivation",https://www.data.nsw.gov.au/data/dataset/marine-lidar-topo-bathy-2008,NO,Used; land DEM GeoTIFF tile; VERIFIED: Creative Commons Attribution (version not asserted); see DATA_SOURCES.md and ../ATTRIBUTION.md for attribution and modifications
NSW Marine LiDAR Topo-Bathy 2008 Geotif,Tenix LADS Corporation for the NSW Department of Environment and Climate Change; ELVIS distributor,https://www.data.nsw.gov.au/data/dataset/marine-lidar-topo-bathy-2008,not recorded (files retrieved by 2026-04-26),CentralCoast2008-DEM-AHD-5m_383000-6351000_56_1km_1km.tif,976cfbcaf1c245630009e74dbd4cdbf9068d60eaea6d2dff4212e8982ba93e83,EPSG:28356,"Elevation validity, study-area footprint and slope derivation",https://www.data.nsw.gov.au/data/dataset/marine-lidar-topo-bathy-2008,NO,Used; land DEM GeoTIFF tile; VERIFIED: Creative Commons Attribution (version not asserted); see DATA_SOURCES.md and ../ATTRIBUTION.md for attribution and modifications
NSW Marine LiDAR Topo-Bathy 2008 Geotif,Tenix LADS Corporation for the NSW Department of Environment and Climate Change; ELVIS distributor,https://www.data.nsw.gov.au/data/dataset/marine-lidar-topo-bathy-2008,not recorded (files retrieved by 2026-04-26),CentralCoast2008-DEM-AHD-5m_383000-6352000_56_1km_1km.tif,87260c90abfcabe0026909ae8f0f51e00df5b95e35d7812b979c99e0be6a9877,EPSG:28356,"Elevation validity, study-area footprint and slope derivation",https://www.data.nsw.gov.au/data/dataset/marine-lidar-topo-bathy-2008,NO,Used; land DEM GeoTIFF tile; VERIFIED: Creative Commons Attribution (version not asserted); see DATA_SOURCES.md and ../ATTRIBUTION.md for attribution and modifications
NSW Marine LiDAR Topo-Bathy 2008 Geotif,Tenix LADS Corporation for the NSW Department of Environment and Climate Change; ELVIS distributor,https://www.data.nsw.gov.au/data/dataset/marine-lidar-topo-bathy-2008,not recorded (files retrieved by 2026-04-26),CentralCoast2008-DEM-AHD-5m_383000-6353000_56_1km_1km.tif,dba3d5cdea755b5801006cf32f1cf28e96c18d1a75260bb5e804ef46467255a0,EPSG:28356,"Elevation validity, study-area footprint and slope derivation",https://www.data.nsw.gov.au/data/dataset/marine-lidar-topo-bathy-2008,NO,Used; land DEM GeoTIFF tile; VERIFIED: Creative Commons Attribution (version not asserted); see DATA_SOURCES.md and ../ATTRIBUTION.md for attribution and modifications
NSW Marine LiDAR Topo-Bathy 2008 Geotif,Tenix LADS Corporation for the NSW Department of Environment and Climate Change; ELVIS distributor,https://www.data.nsw.gov.au/data/dataset/marine-lidar-topo-bathy-2008,not recorded (files retrieved by 2026-04-26),CentralCoast2008-DEM-AHD-5m_383000-6354000_56_1km_1km.tif,44c44010d387f12e042701e89c32d696e88da5d7b73da936b399f72c47bea78b,EPSG:28356,"Elevation validity, study-area footprint and slope derivation",https://www.data.nsw.gov.au/data/dataset/marine-lidar-topo-bathy-2008,NO,Used; land DEM GeoTIFF tile; VERIFIED: Creative Commons Attribution (version not asserted); see DATA_SOURCES.md and ../ATTRIBUTION.md for attribution and modifications
NSW Marine LiDAR Topo-Bathy 2008 Geotif,Tenix LADS Corporation for the NSW Department of Environment and Climate Change; ELVIS distributor,https://www.data.nsw.gov.au/data/dataset/marine-lidar-topo-bathy-2008,not recorded (files retrieved by 2026-04-26),CentralCoast2008-DEM-AHD-5m_384000-6347000_56_1km_1km.tif,2502b7aa3e8fd18a4a219741026d2b0d4ccf9b357ea548a606095e98cb137bc9,EPSG:28356,"Elevation validity, study-area footprint and slope derivation",https://www.data.nsw.gov.au/data/dataset/marine-lidar-topo-bathy-2008,NO,Used; land DEM GeoTIFF tile; VERIFIED: Creative Commons Attribution (version not asserted); see DATA_SOURCES.md and ../ATTRIBUTION.md for attribution and modifications
NSW Marine LiDAR Topo-Bathy 2008 Geotif,Tenix LADS Corporation for the NSW Department of Environment and Climate Change; ELVIS distributor,https://www.data.nsw.gov.au/data/dataset/marine-lidar-topo-bathy-2008,not recorded (files retrieved by 2026-04-26),CentralCoast2008-DEM-AHD-5m_384000-6348000_56_1km_1km.tif,69263543c914277da94aa265411054be12f66aa3cc5cc0847927229fefb2ac59,EPSG:28356,"Elevation validity, study-area footprint and slope derivation",https://www.data.nsw.gov.au/data/dataset/marine-lidar-topo-bathy-2008,NO,Used; land DEM GeoTIFF tile; VERIFIED: Creative Commons Attribution (version not asserted); see DATA_SOURCES.md and ../ATTRIBUTION.md for attribution and modifications
NSW Marine LiDAR Topo-Bathy 2008 Geotif,Tenix LADS Corporation for the NSW Department of Environment and Climate Change; ELVIS distributor,https://www.data.nsw.gov.au/data/dataset/marine-lidar-topo-bathy-2008,not recorded (files retrieved by 2026-04-26),CentralCoast2008-DEM-AHD-5m_384000-6349000_56_1km_1km.tif,8931dae78067c0892a77b8c52113c8cad4bd417b27634afe1bc3028f68399a7d,EPSG:28356,"Elevation validity, study-area footprint and slope derivation",https://www.data.nsw.gov.au/data/dataset/marine-lidar-topo-bathy-2008,NO,Used; land DEM GeoTIFF tile; VERIFIED: Creative Commons Attribution (version not asserted); see DATA_SOURCES.md and ../ATTRIBUTION.md for attribution and modifications
NSW Marine LiDAR Topo-Bathy 2008 Geotif,Tenix LADS Corporation for the NSW Department of Environment and Climate Change; ELVIS distributor,https://www.data.nsw.gov.au/data/dataset/marine-lidar-topo-bathy-2008,not recorded (files retrieved by 2026-04-26),CentralCoast2008-DEM-AHD-5m_384000-6350000_56_1km_1km.tif,dffc5ca326f3669788ce30e4094f11fe6678f0491935ae144e184d329b4ee20d,EPSG:28356,"Elevation validity, study-area footprint and slope derivation",https://www.data.nsw.gov.au/data/dataset/marine-lidar-topo-bathy-2008,NO,Used; land DEM GeoTIFF tile; VERIFIED: Creative Commons Attribution (version not asserted); see DATA_SOURCES.md and ../ATTRIBUTION.md for attribution and modifications
NSW Marine LiDAR Topo-Bathy 2008 Geotif,Tenix LADS Corporation for the NSW Department of Environment and Climate Change; ELVIS distributor,https://www.data.nsw.gov.au/data/dataset/marine-lidar-topo-bathy-2008,not recorded (files retrieved by 2026-04-26),CentralCoast2008-DEM-AHD-5m_384000-6351000_56_1km_1km.tif,c56a9256e387232b9aa853af5ef6be0bd2ca24ada5ceb953818217321b7a1ec4,EPSG:28356,"Elevation validity, study-area footprint and slope derivation",https://www.data.nsw.gov.au/data/dataset/marine-lidar-topo-bathy-2008,NO,Used; land DEM GeoTIFF tile; VERIFIED: Creative Commons Attribution (version not asserted); see DATA_SOURCES.md and ../ATTRIBUTION.md for attribution and modifications
NSW Marine LiDAR Topo-Bathy 2008 Geotif,Tenix LADS Corporation for the NSW Department of Environment and Climate Change; ELVIS distributor,https://www.data.nsw.gov.au/data/dataset/marine-lidar-topo-bathy-2008,not recorded (files retrieved by 2026-04-26),CentralCoast2008-DEM-AHD-5m_384000-6352000_56_1km_1km.tif,72a40c6974a8cbe239f4fdb8d8144434806e9572bf88ef0ea494250ad7e28b8b,EPSG:28356,"Elevation validity, study-area footprint and slope derivation",https://www.data.nsw.gov.au/data/dataset/marine-lidar-topo-bathy-2008,NO,Used; land DEM GeoTIFF tile; VERIFIED: Creative Commons Attribution (version not asserted); see DATA_SOURCES.md and ../ATTRIBUTION.md for attribution and modifications
NSW Marine LiDAR Topo-Bathy 2008 Geotif,Tenix LADS Corporation for the NSW Department of Environment and Climate Change; ELVIS distributor,https://www.data.nsw.gov.au/data/dataset/marine-lidar-topo-bathy-2008,not recorded (files retrieved by 2026-04-26),CentralCoast2008-DEM-AHD-5m_384000-6353000_56_1km_1km.tif,2ef7f00749139fb56a723e184f424757fba6bf04028496e9a485cb4e0ed73bc0,EPSG:28356,"Elevation validity, study-area footprint and slope derivation",https://www.data.nsw.gov.au/data/dataset/marine-lidar-topo-bathy-2008,NO,Used; land DEM GeoTIFF tile; VERIFIED: Creative Commons Attribution (version not asserted); see DATA_SOURCES.md and ../ATTRIBUTION.md for attribution and modifications
NSW Marine LiDAR Topo-Bathy 2008 Geotif,Tenix LADS Corporation for the NSW Department of Environment and Climate Change; ELVIS distributor,https://www.data.nsw.gov.au/data/dataset/marine-lidar-topo-bathy-2008,not recorded (files retrieved by 2026-04-26),CentralCoast2008-DEM-AHD-5m_384000-6354000_56_1km_1km.tif,651c89b6b7b4927597c0099d7aa74ef8105b63f3a8ea017a815223305adc9d0a,EPSG:28356,"Elevation validity, study-area footprint and slope derivation",https://www.data.nsw.gov.au/data/dataset/marine-lidar-topo-bathy-2008,NO,Used; land DEM GeoTIFF tile; VERIFIED: Creative Commons Attribution (version not asserted); see DATA_SOURCES.md and ../ATTRIBUTION.md for attribution and modifications
NSW Marine LiDAR Topo-Bathy 2008 Geotif,Tenix LADS Corporation for the NSW Department of Environment and Climate Change; ELVIS distributor,https://www.data.nsw.gov.au/data/dataset/marine-lidar-topo-bathy-2008,not recorded (files retrieved by 2026-04-26),CentralCoast2008-DEM-AHD-5m_384000-6355000_56_1km_1km.tif,50523a4e22f5e1cbbb2968cf605cc8734fb264272088ee72011ecd30a6111277,EPSG:28356,"Elevation validity, study-area footprint and slope derivation",https://www.data.nsw.gov.au/data/dataset/marine-lidar-topo-bathy-2008,NO,Used; land DEM GeoTIFF tile; VERIFIED: Creative Commons Attribution (version not asserted); see DATA_SOURCES.md and ../ATTRIBUTION.md for attribution and modifications
NSW Marine LiDAR Topo-Bathy 2008 Geotif,Tenix LADS Corporation for the NSW Department of Environment and Climate Change; ELVIS distributor,https://www.data.nsw.gov.au/data/dataset/marine-lidar-topo-bathy-2008,not recorded (files retrieved by 2026-04-26),CentralCoast2008-DEM-AHD-5m_384000-6356000_56_1km_1km.tif,6886c62297a570533dc8539ab84fa981327a4404c9b9572dda1b3c6715242258,EPSG:28356,"Elevation validity, study-area footprint and slope derivation",https://www.data.nsw.gov.au/data/dataset/marine-lidar-topo-bathy-2008,NO,Used; land DEM GeoTIFF tile; VERIFIED: Creative Commons Attribution (version not asserted); see DATA_SOURCES.md and ../ATTRIBUTION.md for attribution and modifications
NSW Marine LiDAR Topo-Bathy 2008 Geotif,Tenix LADS Corporation for the NSW Department of Environment and Climate Change; ELVIS distributor,https://www.data.nsw.gov.au/data/dataset/marine-lidar-topo-bathy-2008,not recorded (files retrieved by 2026-04-26),CentralCoast2008-DEM-AHD-5m_385000-6349000_56_1km_1km.tif,0ad45c025ed75c502cfa0b3ffd23554ab36f494c9dc81dd5e1a41ce1f5a069ca,EPSG:28356,"Elevation validity, study-area footprint and slope derivation",https://www.data.nsw.gov.au/data/dataset/marine-lidar-topo-bathy-2008,NO,Used; land DEM GeoTIFF tile; VERIFIED: Creative Commons Attribution (version not asserted); see DATA_SOURCES.md and ../ATTRIBUTION.md for attribution and modifications
NSW Marine LiDAR Topo-Bathy 2008 Geotif,Tenix LADS Corporation for the NSW Department of Environment and Climate Change; ELVIS distributor,https://www.data.nsw.gov.au/data/dataset/marine-lidar-topo-bathy-2008,not recorded (files retrieved by 2026-04-26),CentralCoast2008-DEM-AHD-5m_385000-6350000_56_1km_1km.tif,c5ca31abcfb4ee98261f28869d920f4c8633468265dd5cce47358960f1846f0f,EPSG:28356,"Elevation validity, study-area footprint and slope derivation",https://www.data.nsw.gov.au/data/dataset/marine-lidar-topo-bathy-2008,NO,Used; land DEM GeoTIFF tile; VERIFIED: Creative Commons Attribution (version not asserted); see DATA_SOURCES.md and ../ATTRIBUTION.md for attribution and modifications
NSW Marine LiDAR Topo-Bathy 2008 Geotif,Tenix LADS Corporation for the NSW Department of Environment and Climate Change; ELVIS distributor,https://www.data.nsw.gov.au/data/dataset/marine-lidar-topo-bathy-2008,not recorded (files retrieved by 2026-04-26),CentralCoast2008-DEM-AHD-5m_385000-6351000_56_1km_1km.tif,38543e2f582b128bbdbd45807ec93ae4e56f634bad4bd825ee67460c7f069121,EPSG:28356,"Elevation validity, study-area footprint and slope derivation",https://www.data.nsw.gov.au/data/dataset/marine-lidar-topo-bathy-2008,NO,Used; land DEM GeoTIFF tile; VERIFIED: Creative Commons Attribution (version not asserted); see DATA_SOURCES.md and ../ATTRIBUTION.md for attribution and modifications
NSW Marine LiDAR Topo-Bathy 2008 Geotif,Tenix LADS Corporation for the NSW Department of Environment and Climate Change; ELVIS distributor,https://www.data.nsw.gov.au/data/dataset/marine-lidar-topo-bathy-2008,not recorded (files retrieved by 2026-04-26),CentralCoast2008-DEM-AHD-5m_385000-6352000_56_1km_1km.tif,9b8bd864c13814f2dce520b736be2c261252b6fdad184e185602ef5d0917fdfc,EPSG:28356,"Elevation validity, study-area footprint and slope derivation",https://www.data.nsw.gov.au/data/dataset/marine-lidar-topo-bathy-2008,NO,Used; land DEM GeoTIFF tile; VERIFIED: Creative Commons Attribution (version not asserted); see DATA_SOURCES.md and ../ATTRIBUTION.md for attribution and modifications
NSW Marine LiDAR Topo-Bathy 2008 Geotif,Tenix LADS Corporation for the NSW Department of Environment and Climate Change; ELVIS distributor,https://www.data.nsw.gov.au/data/dataset/marine-lidar-topo-bathy-2008,not recorded (files retrieved by 2026-04-26),CentralCoast2008-DEM-AHD-5m_385000-6353000_56_1km_1km.tif,caf4f09b44b428032b7c7bce12726f8bc502601777e547f9c11d6310f7175e2c,EPSG:28356,"Elevation validity, study-area footprint and slope derivation",https://www.data.nsw.gov.au/data/dataset/marine-lidar-topo-bathy-2008,NO,Used; land DEM GeoTIFF tile; VERIFIED: Creative Commons Attribution (version not asserted); see DATA_SOURCES.md and ../ATTRIBUTION.md for attribution and modifications
NSW Marine LiDAR Topo-Bathy 2008 Geotif,Tenix LADS Corporation for the NSW Department of Environment and Climate Change; ELVIS distributor,https://www.data.nsw.gov.au/data/dataset/marine-lidar-topo-bathy-2008,not recorded (files retrieved by 2026-04-26),CentralCoast2008-DEM-AHD-5m_385000-6354000_56_1km_1km.tif,be2644dd35cbe6a096a6289c50576db80821fee8edfdd2b83d598fd4899eb15f,EPSG:28356,"Elevation validity, study-area footprint and slope derivation",https://www.data.nsw.gov.au/data/dataset/marine-lidar-topo-bathy-2008,NO,Used; land DEM GeoTIFF tile; VERIFIED: Creative Commons Attribution (version not asserted); see DATA_SOURCES.md and ../ATTRIBUTION.md for attribution and modifications
NSW Marine LiDAR Topo-Bathy 2008 Geotif,Tenix LADS Corporation for the NSW Department of Environment and Climate Change; ELVIS distributor,https://www.data.nsw.gov.au/data/dataset/marine-lidar-topo-bathy-2008,not recorded (files retrieved by 2026-04-26),CentralCoast2008-DEM-AHD-5m_385000-6355000_56_1km_1km.tif,fc71d3197b8e267809df935d97b94236f15a2020758b7c683f9a368d837df049,EPSG:28356,"Elevation validity, study-area footprint and slope derivation",https://www.data.nsw.gov.au/data/dataset/marine-lidar-topo-bathy-2008,NO,Used; land DEM GeoTIFF tile; VERIFIED: Creative Commons Attribution (version not asserted); see DATA_SOURCES.md and ../ATTRIBUTION.md for attribution and modifications
NSW Marine LiDAR Topo-Bathy 2008 Geotif,Tenix LADS Corporation for the NSW Department of Environment and Climate Change; ELVIS distributor,https://www.data.nsw.gov.au/data/dataset/marine-lidar-topo-bathy-2008,not recorded (files retrieved by 2026-04-26),CentralCoast2008-DEM-AHD-5m_385000-6356000_56_1km_1km.tif,8d6353b2064e368f6eb44acfe3a93e4620623b2f0ee027ee81b79ea07a9b777a,EPSG:28356,"Elevation validity, study-area footprint and slope derivation",https://www.data.nsw.gov.au/data/dataset/marine-lidar-topo-bathy-2008,NO,Used; land DEM GeoTIFF tile; VERIFIED: Creative Commons Attribution (version not asserted); see DATA_SOURCES.md and ../ATTRIBUTION.md for attribution and modifications
NSW Marine LiDAR Topo-Bathy 2008 Geotif,Tenix LADS Corporation for the NSW Department of Environment and Climate Change; ELVIS distributor,https://www.data.nsw.gov.au/data/dataset/marine-lidar-topo-bathy-2008,not recorded (files retrieved by 2026-04-26),CentralCoast2008-DEM-AHD-5m_386000-6350000_56_1km_1km.tif,f5c38c3d7d95953c7500faeb932336cb826ada9f6c98aa8acca81fcbc65c8861,EPSG:28356,"Elevation validity, study-area footprint and slope derivation",https://www.data.nsw.gov.au/data/dataset/marine-lidar-topo-bathy-2008,NO,Used; land DEM GeoTIFF tile; VERIFIED: Creative Commons Attribution (version not asserted); see DATA_SOURCES.md and ../ATTRIBUTION.md for attribution and modifications
NSW Marine LiDAR Topo-Bathy 2008 Geotif,Tenix LADS Corporation for the NSW Department of Environment and Climate Change; ELVIS distributor,https://www.data.nsw.gov.au/data/dataset/marine-lidar-topo-bathy-2008,not recorded (files retrieved by 2026-04-26),CentralCoast2008-DEM-AHD-5m_386000-6351000_56_1km_1km.tif,0b0bb8eeec4b7896358e056917d5a0010a1b202a8940a044aa47e723abdf739c,EPSG:28356,"Elevation validity, study-area footprint and slope derivation",https://www.data.nsw.gov.au/data/dataset/marine-lidar-topo-bathy-2008,NO,Used; land DEM GeoTIFF tile; VERIFIED: Creative Commons Attribution (version not asserted); see DATA_SOURCES.md and ../ATTRIBUTION.md for attribution and modifications
NSW Marine LiDAR Topo-Bathy 2008 Geotif,Tenix LADS Corporation for the NSW Department of Environment and Climate Change; ELVIS distributor,https://www.data.nsw.gov.au/data/dataset/marine-lidar-topo-bathy-2008,not recorded (files retrieved by 2026-04-26),CentralCoast2008-DEM-AHD-5m_386000-6352000_56_1km_1km.tif,eb5528fcf77ef2e7deaf281f8cc99611579d38cb79026130c435d36d20a298dc,EPSG:28356,"Elevation validity, study-area footprint and slope derivation",https://www.data.nsw.gov.au/data/dataset/marine-lidar-topo-bathy-2008,NO,Used; land DEM GeoTIFF tile; VERIFIED: Creative Commons Attribution (version not asserted); see DATA_SOURCES.md and ../ATTRIBUTION.md for attribution and modifications
NSW Marine LiDAR Topo-Bathy 2008 Geotif,Tenix LADS Corporation for the NSW Department of Environment and Climate Change; ELVIS distributor,https://www.data.nsw.gov.au/data/dataset/marine-lidar-topo-bathy-2008,not recorded (files retrieved by 2026-04-26),CentralCoast2008-DEM-AHD-5m_386000-6353000_56_1km_1km.tif,00ad9a125701fe8e535016f69ccb187533939091ecf5e49d7363f3e6e7bbfaee,EPSG:28356,"Elevation validity, study-area footprint and slope derivation",https://www.data.nsw.gov.au/data/dataset/marine-lidar-topo-bathy-2008,NO,Used; land DEM GeoTIFF tile; VERIFIED: Creative Commons Attribution (version not asserted); see DATA_SOURCES.md and ../ATTRIBUTION.md for attribution and modifications
NSW Marine LiDAR Topo-Bathy 2008 Geotif,Tenix LADS Corporation for the NSW Department of Environment and Climate Change; ELVIS distributor,https://www.data.nsw.gov.au/data/dataset/marine-lidar-topo-bathy-2008,not recorded (files retrieved by 2026-04-26),CentralCoast2008-DEM-AHD-5m_386000-6354000_56_1km_1km.tif,5909ec03c253b52f445bd36b485536a53e5376a0eab8d74c91e5a8b722d9427c,EPSG:28356,"Elevation validity, study-area footprint and slope derivation",https://www.data.nsw.gov.au/data/dataset/marine-lidar-topo-bathy-2008,NO,Used; land DEM GeoTIFF tile; VERIFIED: Creative Commons Attribution (version not asserted); see DATA_SOURCES.md and ../ATTRIBUTION.md for attribution and modifications
NSW Marine LiDAR Topo-Bathy 2008 Geotif,Tenix LADS Corporation for the NSW Department of Environment and Climate Change; ELVIS distributor,https://www.data.nsw.gov.au/data/dataset/marine-lidar-topo-bathy-2008,not recorded (files retrieved by 2026-04-26),CentralCoast2008-DEM-AHD-5m_386000-6355000_56_1km_1km.tif,f568bd52ea516756e0174ccd45d53dd6bb9753cc544ffa56eb85700fd6cd9a05,EPSG:28356,"Elevation validity, study-area footprint and slope derivation",https://www.data.nsw.gov.au/data/dataset/marine-lidar-topo-bathy-2008,NO,Used; land DEM GeoTIFF tile; VERIFIED: Creative Commons Attribution (version not asserted); see DATA_SOURCES.md and ../ATTRIBUTION.md for attribution and modifications
NSW Marine LiDAR Topo-Bathy 2008 Geotif,Tenix LADS Corporation for the NSW Department of Environment and Climate Change; ELVIS distributor,https://www.data.nsw.gov.au/data/dataset/marine-lidar-topo-bathy-2008,not recorded (files retrieved by 2026-04-26),CentralCoast2008-DEM-AHD-5m_386000-6356000_56_1km_1km.tif,565998b3f046e25398c548ef16e6f31024e9ae7c83458754435aa75e8cf237df,EPSG:28356,"Elevation validity, study-area footprint and slope derivation",https://www.data.nsw.gov.au/data/dataset/marine-lidar-topo-bathy-2008,NO,Used; land DEM GeoTIFF tile; VERIFIED: Creative Commons Attribution (version not asserted); see DATA_SOURCES.md and ../ATTRIBUTION.md for attribution and modifications
NSW Marine LiDAR Topo-Bathy 2008 Geotif,Tenix LADS Corporation for the NSW Department of Environment and Climate Change; ELVIS distributor,https://www.data.nsw.gov.au/data/dataset/marine-lidar-topo-bathy-2008,not recorded (files retrieved by 2026-04-26),CentralCoast2008-DEM-AHD-5m_387000-6352000_56_1km_1km.tif,dbf24411b5ed86ee5e4928e32be90ec383d83b58c07ef2b9ede6a991ee3d1af7,EPSG:28356,"Elevation validity, study-area footprint and slope derivation",https://www.data.nsw.gov.au/data/dataset/marine-lidar-topo-bathy-2008,NO,Used; land DEM GeoTIFF tile; VERIFIED: Creative Commons Attribution (version not asserted); see DATA_SOURCES.md and ../ATTRIBUTION.md for attribution and modifications
NSW Marine LiDAR Topo-Bathy 2008 Geotif,Tenix LADS Corporation for the NSW Department of Environment and Climate Change; ELVIS distributor,https://www.data.nsw.gov.au/data/dataset/marine-lidar-topo-bathy-2008,not recorded (files retrieved by 2026-04-26),CentralCoast2008-DEM-AHD-5m_387000-6354000_56_1km_1km.tif,179cb9697886d3dd9d4fd2623ddb9242f36e3afa4a7500714b9554a38e542ebd,EPSG:28356,"Elevation validity, study-area footprint and slope derivation",https://www.data.nsw.gov.au/data/dataset/marine-lidar-topo-bathy-2008,NO,Used; land DEM GeoTIFF tile; VERIFIED: Creative Commons Attribution (version not asserted); see DATA_SOURCES.md and ../ATTRIBUTION.md for attribution and modifications
NSW Marine LiDAR Topo-Bathy 2008 Geotif,Tenix LADS Corporation for the NSW Department of Environment and Climate Change; ELVIS distributor,https://www.data.nsw.gov.au/data/dataset/marine-lidar-topo-bathy-2008,not recorded (files retrieved by 2026-04-26),CentralCoast2008-DEM-AHD-5m_387000-6355000_56_1km_1km.tif,37e12e559521e38561fb9b5ccf06d11f6f2813fbdcc0f861e6af0bf61a43ca01,EPSG:28356,"Elevation validity, study-area footprint and slope derivation",https://www.data.nsw.gov.au/data/dataset/marine-lidar-topo-bathy-2008,NO,Used; land DEM GeoTIFF tile; VERIFIED: Creative Commons Attribution (version not asserted); see DATA_SOURCES.md and ../ATTRIBUTION.md for attribution and modifications
NSW Marine LiDAR Topo-Bathy 2008 Geotif,Tenix LADS Corporation for the NSW Department of Environment and Climate Change; ELVIS distributor,https://www.data.nsw.gov.au/data/dataset/marine-lidar-topo-bathy-2008,not recorded (files retrieved by 2026-04-26),CentralCoast2008-DEM-AHD-5m_387000-6356000_56_1km_1km.tif,cdcc4a32e74d90d0a392cbb3da42d09b87dc76d1de581fa839e0b554c246ecd8,EPSG:28356,"Elevation validity, study-area footprint and slope derivation",https://www.data.nsw.gov.au/data/dataset/marine-lidar-topo-bathy-2008,NO,Used; land DEM GeoTIFF tile; VERIFIED: Creative Commons Attribution (version not asserted); see DATA_SOURCES.md and ../ATTRIBUTION.md for attribution and modifications
NSW Marine LiDAR Topo-Bathy 2008 Geotif,Tenix LADS Corporation for the NSW Department of Environment and Climate Change; ELVIS distributor,https://www.data.nsw.gov.au/data/dataset/marine-lidar-topo-bathy-2008,not recorded (files retrieved by 2026-04-26),CentralCoast2008-DEM-AHD-5m_387000-6357000_56_1km_1km.tif,1704d5c6bf4874d6232222bdf1a58c0a7e1fb27e5ff4f8509d0940d040c39875,EPSG:28356,"Elevation validity, study-area footprint and slope derivation",https://www.data.nsw.gov.au/data/dataset/marine-lidar-topo-bathy-2008,NO,Used; land DEM GeoTIFF tile; VERIFIED: Creative Commons Attribution (version not asserted); see DATA_SOURCES.md and ../ATTRIBUTION.md for attribution and modifications
NSW Marine LiDAR Topo-Bathy 2008 Geotif,Tenix LADS Corporation for the NSW Department of Environment and Climate Change; ELVIS distributor,https://www.data.nsw.gov.au/data/dataset/marine-lidar-topo-bathy-2008,not recorded (files retrieved by 2026-04-26),CentralCoast2008-DEM-AHD-5m_388000-6356000_56_1km_1km.tif,56368c61869c2d6abf4f302cfc90eb8211149363d48e11aac69cd3f88e5d6fa3,EPSG:28356,"Elevation validity, study-area footprint and slope derivation",https://www.data.nsw.gov.au/data/dataset/marine-lidar-topo-bathy-2008,NO,Used; land DEM GeoTIFF tile; VERIFIED: Creative Commons Attribution (version not asserted); see DATA_SOURCES.md and ../ATTRIBUTION.md for attribution and modifications
NSW Marine LiDAR Topo-Bathy 2008 Geotif,Tenix LADS Corporation for the NSW Department of Environment and Climate Change; ELVIS distributor,https://www.data.nsw.gov.au/data/dataset/marine-lidar-topo-bathy-2008,not recorded (files retrieved by 2026-04-26),CentralCoast2008-DEM-AHD-5m_388000-6357000_56_1km_1km.tif,0d258007586af482ad044fc1a7fe13ca13e0e1a69cf584f6afc69c3c22134a13,EPSG:28356,"Elevation validity, study-area footprint and slope derivation",https://www.data.nsw.gov.au/data/dataset/marine-lidar-topo-bathy-2008,NO,Used; land DEM GeoTIFF tile; VERIFIED: Creative Commons Attribution (version not asserted); see DATA_SOURCES.md and ../ATTRIBUTION.md for attribution and modifications
NSW Marine LiDAR Topo-Bathy 2011 Geotif,Fugro Pty Ltd for the NSW Office of Environment and Heritage; ELVIS distributor,https://data.nsw.gov.au/data/dataset/marine-lidar-topo-bathy-2011,not recorded (files retrieved by 2026-04-26),CentralCoast2011-DEM-AHD-5m_360000-6308000_56_1km_1km.tif,ea93786a92a06130c3e1083cdb3917ee0861bd4d023b2848836ce1bb2e1e35ee,EPSG:28356,"Elevation validity, study-area footprint and slope derivation",https://data.nsw.gov.au/data/dataset/marine-lidar-topo-bathy-2011,NO,Used; land DEM GeoTIFF tile; VERIFIED: Creative Commons Attribution (version not asserted); see DATA_SOURCES.md and ../ATTRIBUTION.md for attribution and modifications
NSW Marine LiDAR Topo-Bathy 2011 Geotif,Fugro Pty Ltd for the NSW Office of Environment and Heritage; ELVIS distributor,https://data.nsw.gov.au/data/dataset/marine-lidar-topo-bathy-2011,not recorded (files retrieved by 2026-04-26),CentralCoast2011-DEM-AHD-5m_360000-6309000_56_1km_1km.tif,d5d885ed3f973070da73b5783c6c7d827b788229df1b6d0dbcd603bd74d87af1,EPSG:28356,"Elevation validity, study-area footprint and slope derivation",https://data.nsw.gov.au/data/dataset/marine-lidar-topo-bathy-2011,NO,Used; land DEM GeoTIFF tile; VERIFIED: Creative Commons Attribution (version not asserted); see DATA_SOURCES.md and ../ATTRIBUTION.md for attribution and modifications
NSW Marine LiDAR Topo-Bathy 2011 Geotif,Fugro Pty Ltd for the NSW Office of Environment and Heritage; ELVIS distributor,https://data.nsw.gov.au/data/dataset/marine-lidar-topo-bathy-2011,not recorded (files retrieved by 2026-04-26),CentralCoast2011-DEM-AHD-5m_360000-6310000_56_1km_1km.tif,ac18ffc087413e5d1cf510dd479738b9e6acbd116d8d377944cf698aad382b50,EPSG:28356,"Elevation validity, study-area footprint and slope derivation",https://data.nsw.gov.au/data/dataset/marine-lidar-topo-bathy-2011,NO,Used; land DEM GeoTIFF tile; VERIFIED: Creative Commons Attribution (version not asserted); see DATA_SOURCES.md and ../ATTRIBUTION.md for attribution and modifications
NSW Marine LiDAR Topo-Bathy 2011 Geotif,Fugro Pty Ltd for the NSW Office of Environment and Heritage; ELVIS distributor,https://data.nsw.gov.au/data/dataset/marine-lidar-topo-bathy-2011,not recorded (files retrieved by 2026-04-26),CentralCoast2011-DEM-AHD-5m_360000-6311000_56_1km_1km.tif,7a63f19e1c91d9db8c989e9909652d1aa6853f9e1b33470fc6391c3f3a4f283e,EPSG:28356,"Elevation validity, study-area footprint and slope derivation",https://data.nsw.gov.au/data/dataset/marine-lidar-topo-bathy-2011,NO,Used; land DEM GeoTIFF tile; VERIFIED: Creative Commons Attribution (version not asserted); see DATA_SOURCES.md and ../ATTRIBUTION.md for attribution and modifications
NSW Marine LiDAR Topo-Bathy 2011 Geotif,Fugro Pty Ltd for the NSW Office of Environment and Heritage; ELVIS distributor,https://data.nsw.gov.au/data/dataset/marine-lidar-topo-bathy-2011,not recorded (files retrieved by 2026-04-26),CentralCoast2011-DEM-AHD-5m_361000-6305000_56_1km_1km.tif,b93b53625b833a89db363e46a6fd866fc812c4beb1453cdda0233f9578457267,EPSG:28356,"Elevation validity, study-area footprint and slope derivation",https://data.nsw.gov.au/data/dataset/marine-lidar-topo-bathy-2011,NO,Used; land DEM GeoTIFF tile; VERIFIED: Creative Commons Attribution (version not asserted); see DATA_SOURCES.md and ../ATTRIBUTION.md for attribution and modifications
NSW Marine LiDAR Topo-Bathy 2011 Geotif,Fugro Pty Ltd for the NSW Office of Environment and Heritage; ELVIS distributor,https://data.nsw.gov.au/data/dataset/marine-lidar-topo-bathy-2011,not recorded (files retrieved by 2026-04-26),CentralCoast2011-DEM-AHD-5m_361000-6306000_56_1km_1km.tif,0686fb17bb81ffafd4ba3e3992f3874ec7d16dda21465db88acb10d42c9f2eb6,EPSG:28356,"Elevation validity, study-area footprint and slope derivation",https://data.nsw.gov.au/data/dataset/marine-lidar-topo-bathy-2011,NO,Used; land DEM GeoTIFF tile; VERIFIED: Creative Commons Attribution (version not asserted); see DATA_SOURCES.md and ../ATTRIBUTION.md for attribution and modifications
NSW Marine LiDAR Topo-Bathy 2011 Geotif,Fugro Pty Ltd for the NSW Office of Environment and Heritage; ELVIS distributor,https://data.nsw.gov.au/data/dataset/marine-lidar-topo-bathy-2011,not recorded (files retrieved by 2026-04-26),CentralCoast2011-DEM-AHD-5m_361000-6307000_56_1km_1km.tif,a8bb29b0027f61e7f16ac0457dcea10ac39a6e65e99080ce037c880f9bb69361,EPSG:28356,"Elevation validity, study-area footprint and slope derivation",https://data.nsw.gov.au/data/dataset/marine-lidar-topo-bathy-2011,NO,Used; land DEM GeoTIFF tile; VERIFIED: Creative Commons Attribution (version not asserted); see DATA_SOURCES.md and ../ATTRIBUTION.md for attribution and modifications
NSW Marine LiDAR Topo-Bathy 2011 Geotif,Fugro Pty Ltd for the NSW Office of Environment and Heritage; ELVIS distributor,https://data.nsw.gov.au/data/dataset/marine-lidar-topo-bathy-2011,not recorded (files retrieved by 2026-04-26),CentralCoast2011-DEM-AHD-5m_361000-6308000_56_1km_1km.tif,021bf595edf886bfcc888ffa34359bce97f3a3add76f44fd729cca65328b43d7,EPSG:28356,"Elevation validity, study-area footprint and slope derivation",https://data.nsw.gov.au/data/dataset/marine-lidar-topo-bathy-2011,NO,Used; land DEM GeoTIFF tile; VERIFIED: Creative Commons Attribution (version not asserted); see DATA_SOURCES.md and ../ATTRIBUTION.md for attribution and modifications
NSW Marine LiDAR Topo-Bathy 2011 Geotif,Fugro Pty Ltd for the NSW Office of Environment and Heritage; ELVIS distributor,https://data.nsw.gov.au/data/dataset/marine-lidar-topo-bathy-2011,not recorded (files retrieved by 2026-04-26),CentralCoast2011-DEM-AHD-5m_361000-6309000_56_1km_1km.tif,3e2f725608385c8161f73480fc2c99b9d393576bc097bad9228bd97c01cd39e0,EPSG:28356,"Elevation validity, study-area footprint and slope derivation",https://data.nsw.gov.au/data/dataset/marine-lidar-topo-bathy-2011,NO,Used; land DEM GeoTIFF tile; VERIFIED: Creative Commons Attribution (version not asserted); see DATA_SOURCES.md and ../ATTRIBUTION.md for attribution and modifications
NSW Marine LiDAR Topo-Bathy 2011 Geotif,Fugro Pty Ltd for the NSW Office of Environment and Heritage; ELVIS distributor,https://data.nsw.gov.au/data/dataset/marine-lidar-topo-bathy-2011,not recorded (files retrieved by 2026-04-26),CentralCoast2011-DEM-AHD-5m_361000-6310000_56_1km_1km.tif,939f64ac1a37d16e7944ce7f48c9fc0f987adb528cae599af1e73a2e6be3d1db,EPSG:28356,"Elevation validity, study-area footprint and slope derivation",https://data.nsw.gov.au/data/dataset/marine-lidar-topo-bathy-2011,NO,Used; land DEM GeoTIFF tile; VERIFIED: Creative Commons Attribution (version not asserted); see DATA_SOURCES.md and ../ATTRIBUTION.md for attribution and modifications
NSW Marine LiDAR Topo-Bathy 2011 Geotif,Fugro Pty Ltd for the NSW Office of Environment and Heritage; ELVIS distributor,https://data.nsw.gov.au/data/dataset/marine-lidar-topo-bathy-2011,not recorded (files retrieved by 2026-04-26),CentralCoast2011-DEM-AHD-5m_361000-6311000_56_1km_1km.tif,94b9fd39516eaba1ac52d40b8d7398fe8edda72954d27c29b48bdd2499afae78,EPSG:28356,"Elevation validity, study-area footprint and slope derivation",https://data.nsw.gov.au/data/dataset/marine-lidar-topo-bathy-2011,NO,Used; land DEM GeoTIFF tile; VERIFIED: Creative Commons Attribution (version not asserted); see DATA_SOURCES.md and ../ATTRIBUTION.md for attribution and modifications
NSW Marine LiDAR Topo-Bathy 2011 Geotif,Fugro Pty Ltd for the NSW Office of Environment and Heritage; ELVIS distributor,https://data.nsw.gov.au/data/dataset/marine-lidar-topo-bathy-2011,not recorded (files retrieved by 2026-04-26),CentralCoast2011-DEM-AHD-5m_361000-6312000_56_1km_1km.tif,7359ba910298125d4cbf17d39494e67c172197cfa35265381b284eba0b95b8b0,EPSG:28356,"Elevation validity, study-area footprint and slope derivation",https://data.nsw.gov.au/data/dataset/marine-lidar-topo-bathy-2011,NO,Used; land DEM GeoTIFF tile; VERIFIED: Creative Commons Attribution (version not asserted); see DATA_SOURCES.md and ../ATTRIBUTION.md for attribution and modifications
NSW Marine LiDAR Topo-Bathy 2011 Geotif,Fugro Pty Ltd for the NSW Office of Environment and Heritage; ELVIS distributor,https://data.nsw.gov.au/data/dataset/marine-lidar-topo-bathy-2011,not recorded (files retrieved by 2026-04-26),CentralCoast2011-DEM-AHD-5m_362000-6306000_56_1km_1km.tif,4740100894b4650cefda4bd4727469e902b56a050d29943e5d9fab1a4a9aec01,EPSG:28356,"Elevation validity, study-area footprint and slope derivation",https://data.nsw.gov.au/data/dataset/marine-lidar-topo-bathy-2011,NO,Used; land DEM GeoTIFF tile; VERIFIED: Creative Commons Attribution (version not asserted); see DATA_SOURCES.md and ../ATTRIBUTION.md for attribution and modifications
NSW Marine LiDAR Topo-Bathy 2011 Geotif,Fugro Pty Ltd for the NSW Office of Environment and Heritage; ELVIS distributor,https://data.nsw.gov.au/data/dataset/marine-lidar-topo-bathy-2011,not recorded (files retrieved by 2026-04-26),CentralCoast2011-DEM-AHD-5m_362000-6307000_56_1km_1km.tif,cbf8b4cd5d65740786413b511e1a6c088bd36e5343689324263553b8debfbb87,EPSG:28356,"Elevation validity, study-area footprint and slope derivation",https://data.nsw.gov.au/data/dataset/marine-lidar-topo-bathy-2011,NO,Used; land DEM GeoTIFF tile; VERIFIED: Creative Commons Attribution (version not asserted); see DATA_SOURCES.md and ../ATTRIBUTION.md for attribution and modifications
NSW Marine LiDAR Topo-Bathy 2011 Geotif,Fugro Pty Ltd for the NSW Office of Environment and Heritage; ELVIS distributor,https://data.nsw.gov.au/data/dataset/marine-lidar-topo-bathy-2011,not recorded (files retrieved by 2026-04-26),CentralCoast2011-DEM-AHD-5m_362000-6308000_56_1km_1km.tif,b81f11583ad5eebc49cc2ba48bb76f47e65189ff304c610a43031da95985e7c0,EPSG:28356,"Elevation validity, study-area footprint and slope derivation",https://data.nsw.gov.au/data/dataset/marine-lidar-topo-bathy-2011,NO,Used; land DEM GeoTIFF tile; VERIFIED: Creative Commons Attribution (version not asserted); see DATA_SOURCES.md and ../ATTRIBUTION.md for attribution and modifications
NSW Marine LiDAR Topo-Bathy 2011 Geotif,Fugro Pty Ltd for the NSW Office of Environment and Heritage; ELVIS distributor,https://data.nsw.gov.au/data/dataset/marine-lidar-topo-bathy-2011,not recorded (files retrieved by 2026-04-26),CentralCoast2011-DEM-AHD-5m_362000-6309000_56_1km_1km.tif,a67173ac1244417c0cf7a30bf9105bfa06accd2a949a3f6486f0c4208969fd91,EPSG:28356,"Elevation validity, study-area footprint and slope derivation",https://data.nsw.gov.au/data/dataset/marine-lidar-topo-bathy-2011,NO,Used; land DEM GeoTIFF tile; VERIFIED: Creative Commons Attribution (version not asserted); see DATA_SOURCES.md and ../ATTRIBUTION.md for attribution and modifications
NSW Marine LiDAR Topo-Bathy 2011 Geotif,Fugro Pty Ltd for the NSW Office of Environment and Heritage; ELVIS distributor,https://data.nsw.gov.au/data/dataset/marine-lidar-topo-bathy-2011,not recorded (files retrieved by 2026-04-26),CentralCoast2011-DEM-AHD-5m_362000-6310000_56_1km_1km.tif,17609cccbd1c0a301fe0fcfd1ab3e7f2bc65e70fa44cb997d053b4c6e843e492,EPSG:28356,"Elevation validity, study-area footprint and slope derivation",https://data.nsw.gov.au/data/dataset/marine-lidar-topo-bathy-2011,NO,Used; land DEM GeoTIFF tile; VERIFIED: Creative Commons Attribution (version not asserted); see DATA_SOURCES.md and ../ATTRIBUTION.md for attribution and modifications
NSW Marine LiDAR Topo-Bathy 2011 Geotif,Fugro Pty Ltd for the NSW Office of Environment and Heritage; ELVIS distributor,https://data.nsw.gov.au/data/dataset/marine-lidar-topo-bathy-2011,not recorded (files retrieved by 2026-04-26),CentralCoast2011-DEM-AHD-5m_362000-6311000_56_1km_1km.tif,2b077c8d36e34d17997a1a370eef55a43aa566b133fc5a175f4d8b3197c6a32d,EPSG:28356,"Elevation validity, study-area footprint and slope derivation",https://data.nsw.gov.au/data/dataset/marine-lidar-topo-bathy-2011,NO,Used; land DEM GeoTIFF tile; VERIFIED: Creative Commons Attribution (version not asserted); see DATA_SOURCES.md and ../ATTRIBUTION.md for attribution and modifications
NSW Marine LiDAR Topo-Bathy 2011 Geotif,Fugro Pty Ltd for the NSW Office of Environment and Heritage; ELVIS distributor,https://data.nsw.gov.au/data/dataset/marine-lidar-topo-bathy-2011,not recorded (files retrieved by 2026-04-26),CentralCoast2011-DEM-AHD-5m_362000-6312000_56_1km_1km.tif,c63454f5bc2af1e2a3241d0a3b80663b540a7a39888ceaa2000d92fdaee1cc62,EPSG:28356,"Elevation validity, study-area footprint and slope derivation",https://data.nsw.gov.au/data/dataset/marine-lidar-topo-bathy-2011,NO,Used; land DEM GeoTIFF tile; VERIFIED: Creative Commons Attribution (version not asserted); see DATA_SOURCES.md and ../ATTRIBUTION.md for attribution and modifications
NSW Marine LiDAR Topo-Bathy 2011 Geotif,Fugro Pty Ltd for the NSW Office of Environment and Heritage; ELVIS distributor,https://data.nsw.gov.au/data/dataset/marine-lidar-topo-bathy-2011,not recorded (files retrieved by 2026-04-26),CentralCoast2011-DEM-AHD-5m_362000-6313000_56_1km_1km.tif,9447bc12a025d2a20619da30e165a751df0451ed8eb15054bcee6230cae333c6,EPSG:28356,"Elevation validity, study-area footprint and slope derivation",https://data.nsw.gov.au/data/dataset/marine-lidar-topo-bathy-2011,NO,Used; land DEM GeoTIFF tile; VERIFIED: Creative Commons Attribution (version not asserted); see DATA_SOURCES.md and ../ATTRIBUTION.md for attribution and modifications
NSW Marine LiDAR Topo-Bathy 2011 Geotif,Fugro Pty Ltd for the NSW Office of Environment and Heritage; ELVIS distributor,https://data.nsw.gov.au/data/dataset/marine-lidar-topo-bathy-2011,not recorded (files retrieved by 2026-04-26),CentralCoast2011-DEM-AHD-5m_363000-6307000_56_1km_1km.tif,976f3990dc95702452e6994e202928fb391e5fbf4312e7f0967aea6528196ec2,EPSG:28356,"Elevation validity, study-area footprint and slope derivation",https://data.nsw.gov.au/data/dataset/marine-lidar-topo-bathy-2011,NO,Used; land DEM GeoTIFF tile; VERIFIED: Creative Commons Attribution (version not asserted); see DATA_SOURCES.md and ../ATTRIBUTION.md for attribution and modifications
NSW Marine LiDAR Topo-Bathy 2011 Geotif,Fugro Pty Ltd for the NSW Office of Environment and Heritage; ELVIS distributor,https://data.nsw.gov.au/data/dataset/marine-lidar-topo-bathy-2011,not recorded (files retrieved by 2026-04-26),CentralCoast2011-DEM-AHD-5m_363000-6308000_56_1km_1km.tif,674be3fd382bb551b4eeedcc2fe1473c01f5db0e06774050bcd2bc291545c05e,EPSG:28356,"Elevation validity, study-area footprint and slope derivation",https://data.nsw.gov.au/data/dataset/marine-lidar-topo-bathy-2011,NO,Used; land DEM GeoTIFF tile; VERIFIED: Creative Commons Attribution (version not asserted); see DATA_SOURCES.md and ../ATTRIBUTION.md for attribution and modifications
NSW Marine LiDAR Topo-Bathy 2011 Geotif,Fugro Pty Ltd for the NSW Office of Environment and Heritage; ELVIS distributor,https://data.nsw.gov.au/data/dataset/marine-lidar-topo-bathy-2011,not recorded (files retrieved by 2026-04-26),CentralCoast2011-DEM-AHD-5m_363000-6309000_56_1km_1km.tif,2a08570f43fb0eb365b2076760a8c5a3a3ecbc1807a1268243b30c2be4db4ab7,EPSG:28356,"Elevation validity, study-area footprint and slope derivation",https://data.nsw.gov.au/data/dataset/marine-lidar-topo-bathy-2011,NO,Used; land DEM GeoTIFF tile; VERIFIED: Creative Commons Attribution (version not asserted); see DATA_SOURCES.md and ../ATTRIBUTION.md for attribution and modifications
NSW Marine LiDAR Topo-Bathy 2011 Geotif,Fugro Pty Ltd for the NSW Office of Environment and Heritage; ELVIS distributor,https://data.nsw.gov.au/data/dataset/marine-lidar-topo-bathy-2011,not recorded (files retrieved by 2026-04-26),CentralCoast2011-DEM-AHD-5m_363000-6310000_56_1km_1km.tif,8bc26f49fc2a771b441d34981039635d9db156b602bd5456f9e46b26f6734b41,EPSG:28356,"Elevation validity, study-area footprint and slope derivation",https://data.nsw.gov.au/data/dataset/marine-lidar-topo-bathy-2011,NO,Used; land DEM GeoTIFF tile; VERIFIED: Creative Commons Attribution (version not asserted); see DATA_SOURCES.md and ../ATTRIBUTION.md for attribution and modifications
NSW Marine LiDAR Topo-Bathy 2011 Geotif,Fugro Pty Ltd for the NSW Office of Environment and Heritage; ELVIS distributor,https://data.nsw.gov.au/data/dataset/marine-lidar-topo-bathy-2011,not recorded (files retrieved by 2026-04-26),CentralCoast2011-DEM-AHD-5m_363000-6311000_56_1km_1km.tif,d580e0740196d27e81f19d494f0fcefe35ffa936656082f0c7ee94432fe02f05,EPSG:28356,"Elevation validity, study-area footprint and slope derivation",https://data.nsw.gov.au/data/dataset/marine-lidar-topo-bathy-2011,NO,Used; land DEM GeoTIFF tile; VERIFIED: Creative Commons Attribution (version not asserted); see DATA_SOURCES.md and ../ATTRIBUTION.md for attribution and modifications
NSW Marine LiDAR Topo-Bathy 2011 Geotif,Fugro Pty Ltd for the NSW Office of Environment and Heritage; ELVIS distributor,https://data.nsw.gov.au/data/dataset/marine-lidar-topo-bathy-2011,not recorded (files retrieved by 2026-04-26),CentralCoast2011-DEM-AHD-5m_363000-6312000_56_1km_1km.tif,d3dc38dd6191ecf2b0c3910d23796619a0dbaa41875b896a0ee4a83206bb500b,EPSG:28356,"Elevation validity, study-area footprint and slope derivation",https://data.nsw.gov.au/data/dataset/marine-lidar-topo-bathy-2011,NO,Used; land DEM GeoTIFF tile; VERIFIED: Creative Commons Attribution (version not asserted); see DATA_SOURCES.md and ../ATTRIBUTION.md for attribution and modifications
NSW Marine LiDAR Topo-Bathy 2011 Geotif,Fugro Pty Ltd for the NSW Office of Environment and Heritage; ELVIS distributor,https://data.nsw.gov.au/data/dataset/marine-lidar-topo-bathy-2011,not recorded (files retrieved by 2026-04-26),CentralCoast2011-DEM-AHD-5m_363000-6313000_56_1km_1km.tif,041643817b53ceb0f9bec64678ed57beb5fb4235dae2841f8917a75f1675ff00,EPSG:28356,"Elevation validity, study-area footprint and slope derivation",https://data.nsw.gov.au/data/dataset/marine-lidar-topo-bathy-2011,NO,Used; land DEM GeoTIFF tile; VERIFIED: Creative Commons Attribution (version not asserted); see DATA_SOURCES.md and ../ATTRIBUTION.md for attribution and modifications
NSW Marine LiDAR Topo-Bathy 2011 Geotif,Fugro Pty Ltd for the NSW Office of Environment and Heritage; ELVIS distributor,https://data.nsw.gov.au/data/dataset/marine-lidar-topo-bathy-2011,not recorded (files retrieved by 2026-04-26),CentralCoast2011-DEM-AHD-5m_364000-6309000_56_1km_1km.tif,020bab004e6acf1e965803be505176283ad10e00380993a97c06062fb9eadcff,EPSG:28356,"Elevation validity, study-area footprint and slope derivation",https://data.nsw.gov.au/data/dataset/marine-lidar-topo-bathy-2011,NO,Used; land DEM GeoTIFF tile; VERIFIED: Creative Commons Attribution (version not asserted); see DATA_SOURCES.md and ../ATTRIBUTION.md for attribution and modifications
NSW Marine LiDAR Topo-Bathy 2011 Geotif,Fugro Pty Ltd for the NSW Office of Environment and Heritage; ELVIS distributor,https://data.nsw.gov.au/data/dataset/marine-lidar-topo-bathy-2011,not recorded (files retrieved by 2026-04-26),CentralCoast2011-DEM-AHD-5m_364000-6310000_56_1km_1km.tif,4849ab0899d8e447d9d426780c6a06492356c9d08d689cbc50bd7a537258a6fc,EPSG:28356,"Elevation validity, study-area footprint and slope derivation",https://data.nsw.gov.au/data/dataset/marine-lidar-topo-bathy-2011,NO,Used; land DEM GeoTIFF tile; VERIFIED: Creative Commons Attribution (version not asserted); see DATA_SOURCES.md and ../ATTRIBUTION.md for attribution and modifications
NSW Marine LiDAR Topo-Bathy 2011 Geotif,Fugro Pty Ltd for the NSW Office of Environment and Heritage; ELVIS distributor,https://data.nsw.gov.au/data/dataset/marine-lidar-topo-bathy-2011,not recorded (files retrieved by 2026-04-26),CentralCoast2011-DEM-AHD-5m_364000-6311000_56_1km_1km.tif,75f2264e2f122d8377825b2c74dc9bc2a49b536009f2e06d6dc11409d62eb373,EPSG:28356,"Elevation validity, study-area footprint and slope derivation",https://data.nsw.gov.au/data/dataset/marine-lidar-topo-bathy-2011,NO,Used; land DEM GeoTIFF tile; VERIFIED: Creative Commons Attribution (version not asserted); see DATA_SOURCES.md and ../ATTRIBUTION.md for attribution and modifications
NSW Marine LiDAR Topo-Bathy 2011 Geotif,Fugro Pty Ltd for the NSW Office of Environment and Heritage; ELVIS distributor,https://data.nsw.gov.au/data/dataset/marine-lidar-topo-bathy-2011,not recorded (files retrieved by 2026-04-26),CentralCoast2011-DEM-AHD-5m_364000-6312000_56_1km_1km.tif,7350248fc8ac6fe9fc2d241b03299ccfc23b6a21d2c5a5922b079ca1ab0c2860,EPSG:28356,"Elevation validity, study-area footprint and slope derivation",https://data.nsw.gov.au/data/dataset/marine-lidar-topo-bathy-2011,NO,Used; land DEM GeoTIFF tile; VERIFIED: Creative Commons Attribution (version not asserted); see DATA_SOURCES.md and ../ATTRIBUTION.md for attribution and modifications
NSW Marine LiDAR Topo-Bathy 2011 Geotif,Fugro Pty Ltd for the NSW Office of Environment and Heritage; ELVIS distributor,https://data.nsw.gov.au/data/dataset/marine-lidar-topo-bathy-2011,not recorded (files retrieved by 2026-04-26),CentralCoast2011-DEM-AHD-5m_364000-6313000_56_1km_1km.tif,a2c3f9f87af634536942b14efdfbf5a1ddb024e3400833b46899993f23701533,EPSG:28356,"Elevation validity, study-area footprint and slope derivation",https://data.nsw.gov.au/data/dataset/marine-lidar-topo-bathy-2011,NO,Used; land DEM GeoTIFF tile; VERIFIED: Creative Commons Attribution (version not asserted); see DATA_SOURCES.md and ../ATTRIBUTION.md for attribution and modifications
NSW Marine LiDAR Topo-Bathy 2011 Geotif,Fugro Pty Ltd for the NSW Office of Environment and Heritage; ELVIS distributor,https://data.nsw.gov.au/data/dataset/marine-lidar-topo-bathy-2011,not recorded (files retrieved by 2026-04-26),CentralCoast2011-DEM-AHD-5m_364000-6314000_56_1km_1km.tif,648e30c59a487b1dc4da4bdf01889e864f622f6d6d9706697a34816719136426,EPSG:28356,"Elevation validity, study-area footprint and slope derivation",https://data.nsw.gov.au/data/dataset/marine-lidar-topo-bathy-2011,NO,Used; land DEM GeoTIFF tile; VERIFIED: Creative Commons Attribution (version not asserted); see DATA_SOURCES.md and ../ATTRIBUTION.md for attribution and modifications
NSW Marine LiDAR Topo-Bathy 2011 Geotif,Fugro Pty Ltd for the NSW Office of Environment and Heritage; ELVIS distributor,https://data.nsw.gov.au/data/dataset/marine-lidar-topo-bathy-2011,not recorded (files retrieved by 2026-04-26),CentralCoast2011-DEM-AHD-5m_365000-6311000_56_1km_1km.tif,aefb07960fe61ed0f4cfcda3303c2a12d0debd89484714a3b4915b83d8048b95,EPSG:28356,"Elevation validity, study-area footprint and slope derivation",https://data.nsw.gov.au/data/dataset/marine-lidar-topo-bathy-2011,NO,Used; land DEM GeoTIFF tile; VERIFIED: Creative Commons Attribution (version not asserted); see DATA_SOURCES.md and ../ATTRIBUTION.md for attribution and modifications
NSW Marine LiDAR Topo-Bathy 2011 Geotif,Fugro Pty Ltd for the NSW Office of Environment and Heritage; ELVIS distributor,https://data.nsw.gov.au/data/dataset/marine-lidar-topo-bathy-2011,not recorded (files retrieved by 2026-04-26),CentralCoast2011-DEM-AHD-5m_365000-6312000_56_1km_1km.tif,770f163942da977977545550d02a21d6496a4fca16a16a84f1b17390feee7062,EPSG:28356,"Elevation validity, study-area footprint and slope derivation",https://data.nsw.gov.au/data/dataset/marine-lidar-topo-bathy-2011,NO,Used; land DEM GeoTIFF tile; VERIFIED: Creative Commons Attribution (version not asserted); see DATA_SOURCES.md and ../ATTRIBUTION.md for attribution and modifications
NSW Marine LiDAR Topo-Bathy 2011 Geotif,Fugro Pty Ltd for the NSW Office of Environment and Heritage; ELVIS distributor,https://data.nsw.gov.au/data/dataset/marine-lidar-topo-bathy-2011,not recorded (files retrieved by 2026-04-26),CentralCoast2011-DEM-AHD-5m_365000-6313000_56_1km_1km.tif,dfd35dcaa1099c4a4984cda25e5777f93c83a4bfe469c8ec86e57cc6390d1bb1,EPSG:28356,"Elevation validity, study-area footprint and slope derivation",https://data.nsw.gov.au/data/dataset/marine-lidar-topo-bathy-2011,NO,Used; land DEM GeoTIFF tile; VERIFIED: Creative Commons Attribution (version not asserted); see DATA_SOURCES.md and ../ATTRIBUTION.md for attribution and modifications
NSW Marine LiDAR Topo-Bathy 2011 Geotif,Fugro Pty Ltd for the NSW Office of Environment and Heritage; ELVIS distributor,https://data.nsw.gov.au/data/dataset/marine-lidar-topo-bathy-2011,not recorded (files retrieved by 2026-04-26),CentralCoast2011-DEM-AHD-5m_365000-6314000_56_1km_1km.tif,bedcb0cc92ba6903a3136b78e9ce6df178538f82e3752cc8f8cf492f4510cf27,EPSG:28356,"Elevation validity, study-area footprint and slope derivation",https://data.nsw.gov.au/data/dataset/marine-lidar-topo-bathy-2011,NO,Used; land DEM GeoTIFF tile; VERIFIED: Creative Commons Attribution (version not asserted); see DATA_SOURCES.md and ../ATTRIBUTION.md for attribution and modifications
NSW Marine LiDAR Topo-Bathy 2011 Geotif,Fugro Pty Ltd for the NSW Office of Environment and Heritage; ELVIS distributor,https://data.nsw.gov.au/data/dataset/marine-lidar-topo-bathy-2011,not recorded (files retrieved by 2026-04-26),CentralCoast2011-DEM-AHD-5m_365000-6315000_56_1km_1km.tif,b5bbfc44010054e3e8879702e6068c95d4bbaead0840bd158a9a51c894806aa3,EPSG:28356,"Elevation validity, study-area footprint and slope derivation",https://data.nsw.gov.au/data/dataset/marine-lidar-topo-bathy-2011,NO,Used; land DEM GeoTIFF tile; VERIFIED: Creative Commons Attribution (version not asserted); see DATA_SOURCES.md and ../ATTRIBUTION.md for attribution and modifications
NSW Marine LiDAR Topo-Bathy 2011 Geotif,Fugro Pty Ltd for the NSW Office of Environment and Heritage; ELVIS distributor,https://data.nsw.gov.au/data/dataset/marine-lidar-topo-bathy-2011,not recorded (files retrieved by 2026-04-26),CentralCoast2011-DEM-AHD-5m_365000-6318000_56_1km_1km.tif,28f760032ad6e3f567ccff1918e002935eeddc3dc5a75218f2c339fa5dcfe98f,EPSG:28356,"Elevation validity, study-area footprint and slope derivation",https://data.nsw.gov.au/data/dataset/marine-lidar-topo-bathy-2011,NO,Used; land DEM GeoTIFF tile; VERIFIED: Creative Commons Attribution (version not asserted); see DATA_SOURCES.md and ../ATTRIBUTION.md for attribution and modifications
NSW Marine LiDAR Topo-Bathy 2011 Geotif,Fugro Pty Ltd for the NSW Office of Environment and Heritage; ELVIS distributor,https://data.nsw.gov.au/data/dataset/marine-lidar-topo-bathy-2011,not recorded (files retrieved by 2026-04-26),CentralCoast2011-DEM-AHD-5m_366000-6313000_56_1km_1km.tif,29fb4cf705837256dd2128b77972ff8142b6e66e5468870c9169242d9a41d9e4,EPSG:28356,"Elevation validity, study-area footprint and slope derivation",https://data.nsw.gov.au/data/dataset/marine-lidar-topo-bathy-2011,NO,Used; land DEM GeoTIFF tile; VERIFIED: Creative Commons Attribution (version not asserted); see DATA_SOURCES.md and ../ATTRIBUTION.md for attribution and modifications
NSW Marine LiDAR Topo-Bathy 2011 Geotif,Fugro Pty Ltd for the NSW Office of Environment and Heritage; ELVIS distributor,https://data.nsw.gov.au/data/dataset/marine-lidar-topo-bathy-2011,not recorded (files retrieved by 2026-04-26),CentralCoast2011-DEM-AHD-5m_366000-6314000_56_1km_1km.tif,655ebc7f3a3130d8890f70fa5e874ba10fcb2326a4c0d1e07b14cd39cec1acdb,EPSG:28356,"Elevation validity, study-area footprint and slope derivation",https://data.nsw.gov.au/data/dataset/marine-lidar-topo-bathy-2011,NO,Used; land DEM GeoTIFF tile; VERIFIED: Creative Commons Attribution (version not asserted); see DATA_SOURCES.md and ../ATTRIBUTION.md for attribution and modifications
NSW Marine LiDAR Topo-Bathy 2011 Geotif,Fugro Pty Ltd for the NSW Office of Environment and Heritage; ELVIS distributor,https://data.nsw.gov.au/data/dataset/marine-lidar-topo-bathy-2011,not recorded (files retrieved by 2026-04-26),CentralCoast2011-DEM-AHD-5m_366000-6315000_56_1km_1km.tif,63403b32ab0e489cb54e6f8b44997368282284235f53f2535008fd275b85c443,EPSG:28356,"Elevation validity, study-area footprint and slope derivation",https://data.nsw.gov.au/data/dataset/marine-lidar-topo-bathy-2011,NO,Used; land DEM GeoTIFF tile; VERIFIED: Creative Commons Attribution (version not asserted); see DATA_SOURCES.md and ../ATTRIBUTION.md for attribution and modifications
NSW Marine LiDAR Topo-Bathy 2011 Geotif,Fugro Pty Ltd for the NSW Office of Environment and Heritage; ELVIS distributor,https://data.nsw.gov.au/data/dataset/marine-lidar-topo-bathy-2011,not recorded (files retrieved by 2026-04-26),CentralCoast2011-DEM-AHD-5m_366000-6316000_56_1km_1km.tif,0057fcc880a3aa3410b05617166184fc4455702fd277e8413186c637a0a27db4,EPSG:28356,"Elevation validity, study-area footprint and slope derivation",https://data.nsw.gov.au/data/dataset/marine-lidar-topo-bathy-2011,NO,Used; land DEM GeoTIFF tile; VERIFIED: Creative Commons Attribution (version not asserted); see DATA_SOURCES.md and ../ATTRIBUTION.md for attribution and modifications
NSW Marine LiDAR Topo-Bathy 2011 Geotif,Fugro Pty Ltd for the NSW Office of Environment and Heritage; ELVIS distributor,https://data.nsw.gov.au/data/dataset/marine-lidar-topo-bathy-2011,not recorded (files retrieved by 2026-04-26),CentralCoast2011-DEM-AHD-5m_366000-6317000_56_1km_1km.tif,428b88927c02d44534f2ff04cd163555220658b860fa5d399eba021ab93a8f07,EPSG:28356,"Elevation validity, study-area footprint and slope derivation",https://data.nsw.gov.au/data/dataset/marine-lidar-topo-bathy-2011,NO,Used; land DEM GeoTIFF tile; VERIFIED: Creative Commons Attribution (version not asserted); see DATA_SOURCES.md and ../ATTRIBUTION.md for attribution and modifications
NSW Marine LiDAR Topo-Bathy 2011 Geotif,Fugro Pty Ltd for the NSW Office of Environment and Heritage; ELVIS distributor,https://data.nsw.gov.au/data/dataset/marine-lidar-topo-bathy-2011,not recorded (files retrieved by 2026-04-26),CentralCoast2011-DEM-AHD-5m_366000-6318000_56_1km_1km.tif,e6f3be485c486091e2e5c1c64dba38276f7730f00572bd1d481448b00cc99243,EPSG:28356,"Elevation validity, study-area footprint and slope derivation",https://data.nsw.gov.au/data/dataset/marine-lidar-topo-bathy-2011,NO,Used; land DEM GeoTIFF tile; VERIFIED: Creative Commons Attribution (version not asserted); see DATA_SOURCES.md and ../ATTRIBUTION.md for attribution and modifications
NSW Marine LiDAR Topo-Bathy 2011 Geotif,Fugro Pty Ltd for the NSW Office of Environment and Heritage; ELVIS distributor,https://data.nsw.gov.au/data/dataset/marine-lidar-topo-bathy-2011,not recorded (files retrieved by 2026-04-26),CentralCoast2011-DEM-AHD-5m_366000-6319000_56_1km_1km.tif,56d83d43c5ceeb27c6dfb1556c04c568e9b5ab4b26eeecd56875bc0629b82e5a,EPSG:28356,"Elevation validity, study-area footprint and slope derivation",https://data.nsw.gov.au/data/dataset/marine-lidar-topo-bathy-2011,NO,Used; land DEM GeoTIFF tile; VERIFIED: Creative Commons Attribution (version not asserted); see DATA_SOURCES.md and ../ATTRIBUTION.md for attribution and modifications
NSW Marine LiDAR Topo-Bathy 2011 Geotif,Fugro Pty Ltd for the NSW Office of Environment and Heritage; ELVIS distributor,https://data.nsw.gov.au/data/dataset/marine-lidar-topo-bathy-2011,not recorded (files retrieved by 2026-04-26),CentralCoast2011-DEM-AHD-5m_366000-6320000_56_1km_1km.tif,fd62de69627491bef277a564625cc3297eb348540f2ccc0ddee39d6e0b47c810,EPSG:28356,"Elevation validity, study-area footprint and slope derivation",https://data.nsw.gov.au/data/dataset/marine-lidar-topo-bathy-2011,NO,Used; land DEM GeoTIFF tile; VERIFIED: Creative Commons Attribution (version not asserted); see DATA_SOURCES.md and ../ATTRIBUTION.md for attribution and modifications
NSW Marine LiDAR Topo-Bathy 2011 Geotif,Fugro Pty Ltd for the NSW Office of Environment and Heritage; ELVIS distributor,https://data.nsw.gov.au/data/dataset/marine-lidar-topo-bathy-2011,not recorded (files retrieved by 2026-04-26),CentralCoast2011-DEM-AHD-5m_366000-6321000_56_1km_1km.tif,83a34dfb18f222d33085e4c6fceb33cf5ed5983b43655548a036183f1e19bebc,EPSG:28356,"Elevation validity, study-area footprint and slope derivation",https://data.nsw.gov.au/data/dataset/marine-lidar-topo-bathy-2011,NO,Used; land DEM GeoTIFF tile; VERIFIED: Creative Commons Attribution (version not asserted); see DATA_SOURCES.md and ../ATTRIBUTION.md for attribution and modifications
NSW Marine LiDAR Topo-Bathy 2011 Geotif,Fugro Pty Ltd for the NSW Office of Environment and Heritage; ELVIS distributor,https://data.nsw.gov.au/data/dataset/marine-lidar-topo-bathy-2011,not recorded (files retrieved by 2026-04-26),CentralCoast2011-DEM-AHD-5m_367000-6315000_56_1km_1km.tif,0854a984d7a5c0ef9f2f4b7e26f18569b5f57aca027e2fb00a45d4a5fef03c07,EPSG:28356,"Elevation validity, study-area footprint and slope derivation",https://data.nsw.gov.au/data/dataset/marine-lidar-topo-bathy-2011,NO,Used; land DEM GeoTIFF tile; VERIFIED: Creative Commons Attribution (version not asserted); see DATA_SOURCES.md and ../ATTRIBUTION.md for attribution and modifications
NSW Marine LiDAR Topo-Bathy 2011 Geotif,Fugro Pty Ltd for the NSW Office of Environment and Heritage; ELVIS distributor,https://data.nsw.gov.au/data/dataset/marine-lidar-topo-bathy-2011,not recorded (files retrieved by 2026-04-26),CentralCoast2011-DEM-AHD-5m_367000-6316000_56_1km_1km.tif,0eda7d07cb82968d3bbf9c08dfa218b7f0d720d3a5e667df310f84204d358266,EPSG:28356,"Elevation validity, study-area footprint and slope derivation",https://data.nsw.gov.au/data/dataset/marine-lidar-topo-bathy-2011,NO,Used; land DEM GeoTIFF tile; VERIFIED: Creative Commons Attribution (version not asserted); see DATA_SOURCES.md and ../ATTRIBUTION.md for attribution and modifications
NSW Marine LiDAR Topo-Bathy 2011 Geotif,Fugro Pty Ltd for the NSW Office of Environment and Heritage; ELVIS distributor,https://data.nsw.gov.au/data/dataset/marine-lidar-topo-bathy-2011,not recorded (files retrieved by 2026-04-26),CentralCoast2011-DEM-AHD-5m_367000-6317000_56_1km_1km.tif,15c9da92d6a97bb74ec284511d58951cf88ddf12435618fb5088359aa918c4ca,EPSG:28356,"Elevation validity, study-area footprint and slope derivation",https://data.nsw.gov.au/data/dataset/marine-lidar-topo-bathy-2011,NO,Used; land DEM GeoTIFF tile; VERIFIED: Creative Commons Attribution (version not asserted); see DATA_SOURCES.md and ../ATTRIBUTION.md for attribution and modifications
NSW Marine LiDAR Topo-Bathy 2011 Geotif,Fugro Pty Ltd for the NSW Office of Environment and Heritage; ELVIS distributor,https://data.nsw.gov.au/data/dataset/marine-lidar-topo-bathy-2011,not recorded (files retrieved by 2026-04-26),CentralCoast2011-DEM-AHD-5m_367000-6318000_56_1km_1km.tif,abeb1aac7c82ec58bb0293d6a23d5b4874447e9fe8dd211b97d74d93170bed0d,EPSG:28356,"Elevation validity, study-area footprint and slope derivation",https://data.nsw.gov.au/data/dataset/marine-lidar-topo-bathy-2011,NO,Used; land DEM GeoTIFF tile; VERIFIED: Creative Commons Attribution (version not asserted); see DATA_SOURCES.md and ../ATTRIBUTION.md for attribution and modifications
NSW Marine LiDAR Topo-Bathy 2011 Geotif,Fugro Pty Ltd for the NSW Office of Environment and Heritage; ELVIS distributor,https://data.nsw.gov.au/data/dataset/marine-lidar-topo-bathy-2011,not recorded (files retrieved by 2026-04-26),CentralCoast2011-DEM-AHD-5m_367000-6319000_56_1km_1km.tif,d6825a852f24630f5b5e9e2bd1d4541350b72dc2cfb511e307e7a4a34c764574,EPSG:28356,"Elevation validity, study-area footprint and slope derivation",https://data.nsw.gov.au/data/dataset/marine-lidar-topo-bathy-2011,NO,Used; land DEM GeoTIFF tile; VERIFIED: Creative Commons Attribution (version not asserted); see DATA_SOURCES.md and ../ATTRIBUTION.md for attribution and modifications
NSW Marine LiDAR Topo-Bathy 2011 Geotif,Fugro Pty Ltd for the NSW Office of Environment and Heritage; ELVIS distributor,https://data.nsw.gov.au/data/dataset/marine-lidar-topo-bathy-2011,not recorded (files retrieved by 2026-04-26),CentralCoast2011-DEM-AHD-5m_367000-6320000_56_1km_1km.tif,ddfe2bd388e79f14be3f289815fec846020a0d79185521b03b2dfcdbc8450d5f,EPSG:28356,"Elevation validity, study-area footprint and slope derivation",https://data.nsw.gov.au/data/dataset/marine-lidar-topo-bathy-2011,NO,Used; land DEM GeoTIFF tile; VERIFIED: Creative Commons Attribution (version not asserted); see DATA_SOURCES.md and ../ATTRIBUTION.md for attribution and modifications
NSW Marine LiDAR Topo-Bathy 2011 Geotif,Fugro Pty Ltd for the NSW Office of Environment and Heritage; ELVIS distributor,https://data.nsw.gov.au/data/dataset/marine-lidar-topo-bathy-2011,not recorded (files retrieved by 2026-04-26),CentralCoast2011-DEM-AHD-5m_367000-6321000_56_1km_1km.tif,5f2493b9d440cdcfed13fb50a7d77c1f5919f654286dd8c1f7521624f0266f2c,EPSG:28356,"Elevation validity, study-area footprint and slope derivation",https://data.nsw.gov.au/data/dataset/marine-lidar-topo-bathy-2011,NO,Used; land DEM GeoTIFF tile; VERIFIED: Creative Commons Attribution (version not asserted); see DATA_SOURCES.md and ../ATTRIBUTION.md for attribution and modifications
NSW Marine LiDAR Topo-Bathy 2011 Geotif,Fugro Pty Ltd for the NSW Office of Environment and Heritage; ELVIS distributor,https://data.nsw.gov.au/data/dataset/marine-lidar-topo-bathy-2011,not recorded (files retrieved by 2026-04-26),CentralCoast2011-DEM-AHD-5m_367000-6322000_56_1km_1km.tif,db3199898fa62d41cc6fe7b14e321105552a52a2f1b045115019ea556dcfc2a6,EPSG:28356,"Elevation validity, study-area footprint and slope derivation",https://data.nsw.gov.au/data/dataset/marine-lidar-topo-bathy-2011,NO,Used; land DEM GeoTIFF tile; VERIFIED: Creative Commons Attribution (version not asserted); see DATA_SOURCES.md and ../ATTRIBUTION.md for attribution and modifications
NSW Marine LiDAR Topo-Bathy 2011 Geotif,Fugro Pty Ltd for the NSW Office of Environment and Heritage; ELVIS distributor,https://data.nsw.gov.au/data/dataset/marine-lidar-topo-bathy-2011,not recorded (files retrieved by 2026-04-26),CentralCoast2011-DEM-AHD-5m_367000-6323000_56_1km_1km.tif,a47745cfa435dc6c003ffb10b49c43e21b051590031c402d39b9d515900ee736,EPSG:28356,"Elevation validity, study-area footprint and slope derivation",https://data.nsw.gov.au/data/dataset/marine-lidar-topo-bathy-2011,NO,Used; land DEM GeoTIFF tile; VERIFIED: Creative Commons Attribution (version not asserted); see DATA_SOURCES.md and ../ATTRIBUTION.md for attribution and modifications
NSW Marine LiDAR Topo-Bathy 2011 Geotif,Fugro Pty Ltd for the NSW Office of Environment and Heritage; ELVIS distributor,https://data.nsw.gov.au/data/dataset/marine-lidar-topo-bathy-2011,not recorded (files retrieved by 2026-04-26),CentralCoast2011-DEM-AHD-5m_368000-6317000_56_1km_1km.tif,2ef5df86c8c9c9ed40374dd07f53646da0318f673da5586932e00083e27e1805,EPSG:28356,"Elevation validity, study-area footprint and slope derivation",https://data.nsw.gov.au/data/dataset/marine-lidar-topo-bathy-2011,NO,Used; land DEM GeoTIFF tile; VERIFIED: Creative Commons Attribution (version not asserted); see DATA_SOURCES.md and ../ATTRIBUTION.md for attribution and modifications
NSW Marine LiDAR Topo-Bathy 2011 Geotif,Fugro Pty Ltd for the NSW Office of Environment and Heritage; ELVIS distributor,https://data.nsw.gov.au/data/dataset/marine-lidar-topo-bathy-2011,not recorded (files retrieved by 2026-04-26),CentralCoast2011-DEM-AHD-5m_368000-6318000_56_1km_1km.tif,82dfca11980d388b3d8a7cb30c2780dad9ee415f71720caa320bbb6b5571bb2f,EPSG:28356,"Elevation validity, study-area footprint and slope derivation",https://data.nsw.gov.au/data/dataset/marine-lidar-topo-bathy-2011,NO,Used; land DEM GeoTIFF tile; VERIFIED: Creative Commons Attribution (version not asserted); see DATA_SOURCES.md and ../ATTRIBUTION.md for attribution and modifications
NSW Marine LiDAR Topo-Bathy 2011 Geotif,Fugro Pty Ltd for the NSW Office of Environment and Heritage; ELVIS distributor,https://data.nsw.gov.au/data/dataset/marine-lidar-topo-bathy-2011,not recorded (files retrieved by 2026-04-26),CentralCoast2011-DEM-AHD-5m_368000-6319000_56_1km_1km.tif,66b6fb29442363d6ca56a7f69daba2eae202b9136386c0f3898109970e2a719f,EPSG:28356,"Elevation validity, study-area footprint and slope derivation",https://data.nsw.gov.au/data/dataset/marine-lidar-topo-bathy-2011,NO,Used; land DEM GeoTIFF tile; VERIFIED: Creative Commons Attribution (version not asserted); see DATA_SOURCES.md and ../ATTRIBUTION.md for attribution and modifications
NSW Marine LiDAR Topo-Bathy 2011 Geotif,Fugro Pty Ltd for the NSW Office of Environment and Heritage; ELVIS distributor,https://data.nsw.gov.au/data/dataset/marine-lidar-topo-bathy-2011,not recorded (files retrieved by 2026-04-26),CentralCoast2011-DEM-AHD-5m_368000-6320000_56_1km_1km.tif,91f74d2758932bc9be9212debdac92cced53d1bd32b90cf7ffbbeeca0d1b3307,EPSG:28356,"Elevation validity, study-area footprint and slope derivation",https://data.nsw.gov.au/data/dataset/marine-lidar-topo-bathy-2011,NO,Used; land DEM GeoTIFF tile; VERIFIED: Creative Commons Attribution (version not asserted); see DATA_SOURCES.md and ../ATTRIBUTION.md for attribution and modifications
NSW Marine LiDAR Topo-Bathy 2011 Geotif,Fugro Pty Ltd for the NSW Office of Environment and Heritage; ELVIS distributor,https://data.nsw.gov.au/data/dataset/marine-lidar-topo-bathy-2011,not recorded (files retrieved by 2026-04-26),CentralCoast2011-DEM-AHD-5m_368000-6321000_56_1km_1km.tif,fad14c1ace8688e2ca3b0ca533e45fdb6b7f905c8913795e716c10cca217706b,EPSG:28356,"Elevation validity, study-area footprint and slope derivation",https://data.nsw.gov.au/data/dataset/marine-lidar-topo-bathy-2011,NO,Used; land DEM GeoTIFF tile; VERIFIED: Creative Commons Attribution (version not asserted); see DATA_SOURCES.md and ../ATTRIBUTION.md for attribution and modifications
NSW Marine LiDAR Topo-Bathy 2011 Geotif,Fugro Pty Ltd for the NSW Office of Environment and Heritage; ELVIS distributor,https://data.nsw.gov.au/data/dataset/marine-lidar-topo-bathy-2011,not recorded (files retrieved by 2026-04-26),CentralCoast2011-DEM-AHD-5m_368000-6322000_56_1km_1km.tif,328ffbd1d89871f292a1b9c15ab47864dfadf99464d2bf17431cd4e47a014a24,EPSG:28356,"Elevation validity, study-area footprint and slope derivation",https://data.nsw.gov.au/data/dataset/marine-lidar-topo-bathy-2011,NO,Used; land DEM GeoTIFF tile; VERIFIED: Creative Commons Attribution (version not asserted); see DATA_SOURCES.md and ../ATTRIBUTION.md for attribution and modifications
NSW Marine LiDAR Topo-Bathy 2011 Geotif,Fugro Pty Ltd for the NSW Office of Environment and Heritage; ELVIS distributor,https://data.nsw.gov.au/data/dataset/marine-lidar-topo-bathy-2011,not recorded (files retrieved by 2026-04-26),CentralCoast2011-DEM-AHD-5m_368000-6323000_56_1km_1km.tif,c194f7763bef3a76612c88fd68839a50497cb85c19332fe9043b5b3929486639,EPSG:28356,"Elevation validity, study-area footprint and slope derivation",https://data.nsw.gov.au/data/dataset/marine-lidar-topo-bathy-2011,NO,Used; land DEM GeoTIFF tile; VERIFIED: Creative Commons Attribution (version not asserted); see DATA_SOURCES.md and ../ATTRIBUTION.md for attribution and modifications
NSW Marine LiDAR Topo-Bathy 2011 Geotif,Fugro Pty Ltd for the NSW Office of Environment and Heritage; ELVIS distributor,https://data.nsw.gov.au/data/dataset/marine-lidar-topo-bathy-2011,not recorded (files retrieved by 2026-04-26),CentralCoast2011-DEM-AHD-5m_368000-6324000_56_1km_1km.tif,0532b11dae8dbc7d468f3bd685951d28e0202f06ada8970fc031422563c4497c,EPSG:28356,"Elevation validity, study-area footprint and slope derivation",https://data.nsw.gov.au/data/dataset/marine-lidar-topo-bathy-2011,NO,Used; land DEM GeoTIFF tile; VERIFIED: Creative Commons Attribution (version not asserted); see DATA_SOURCES.md and ../ATTRIBUTION.md for attribution and modifications
NSW Marine LiDAR Topo-Bathy 2011 Geotif,Fugro Pty Ltd for the NSW Office of Environment and Heritage; ELVIS distributor,https://data.nsw.gov.au/data/dataset/marine-lidar-topo-bathy-2011,not recorded (files retrieved by 2026-04-26),CentralCoast2011-DEM-AHD-5m_369000-6319000_56_1km_1km.tif,5dde8a563213f58b3ea0402079b9089e82d6f1e2effe33ff017269e2a32b5d4c,EPSG:28356,"Elevation validity, study-area footprint and slope derivation",https://data.nsw.gov.au/data/dataset/marine-lidar-topo-bathy-2011,NO,Used; land DEM GeoTIFF tile; VERIFIED: Creative Commons Attribution (version not asserted); see DATA_SOURCES.md and ../ATTRIBUTION.md for attribution and modifications
NSW Marine LiDAR Topo-Bathy 2011 Geotif,Fugro Pty Ltd for the NSW Office of Environment and Heritage; ELVIS distributor,https://data.nsw.gov.au/data/dataset/marine-lidar-topo-bathy-2011,not recorded (files retrieved by 2026-04-26),CentralCoast2011-DEM-AHD-5m_369000-6320000_56_1km_1km.tif,f4548c4428d05e0f8b37a9fb1b6ae2c8f78f9a6f53519d6d9b2b060b24945cfe,EPSG:28356,"Elevation validity, study-area footprint and slope derivation",https://data.nsw.gov.au/data/dataset/marine-lidar-topo-bathy-2011,NO,Used; land DEM GeoTIFF tile; VERIFIED: Creative Commons Attribution (version not asserted); see DATA_SOURCES.md and ../ATTRIBUTION.md for attribution and modifications
NSW Marine LiDAR Topo-Bathy 2011 Geotif,Fugro Pty Ltd for the NSW Office of Environment and Heritage; ELVIS distributor,https://data.nsw.gov.au/data/dataset/marine-lidar-topo-bathy-2011,not recorded (files retrieved by 2026-04-26),CentralCoast2011-DEM-AHD-5m_369000-6321000_56_1km_1km.tif,08f99bc3d24336f1839f475cd777f626d4595ff0808981ee984255d4c60d64b8,EPSG:28356,"Elevation validity, study-area footprint and slope derivation",https://data.nsw.gov.au/data/dataset/marine-lidar-topo-bathy-2011,NO,Used; land DEM GeoTIFF tile; VERIFIED: Creative Commons Attribution (version not asserted); see DATA_SOURCES.md and ../ATTRIBUTION.md for attribution and modifications
NSW Marine LiDAR Topo-Bathy 2011 Geotif,Fugro Pty Ltd for the NSW Office of Environment and Heritage; ELVIS distributor,https://data.nsw.gov.au/data/dataset/marine-lidar-topo-bathy-2011,not recorded (files retrieved by 2026-04-26),CentralCoast2011-DEM-AHD-5m_369000-6322000_56_1km_1km.tif,361c1ac1721c2e66896bca27dacb3cfeef01da556807c369fded6df534a4aeed,EPSG:28356,"Elevation validity, study-area footprint and slope derivation",https://data.nsw.gov.au/data/dataset/marine-lidar-topo-bathy-2011,NO,Used; land DEM GeoTIFF tile; VERIFIED: Creative Commons Attribution (version not asserted); see DATA_SOURCES.md and ../ATTRIBUTION.md for attribution and modifications
NSW Marine LiDAR Topo-Bathy 2011 Geotif,Fugro Pty Ltd for the NSW Office of Environment and Heritage; ELVIS distributor,https://data.nsw.gov.au/data/dataset/marine-lidar-topo-bathy-2011,not recorded (files retrieved by 2026-04-26),CentralCoast2011-DEM-AHD-5m_369000-6323000_56_1km_1km.tif,95dcf40af0ae8622d4ef8b01c4e125d8b7b369b92182f0df29785ff74cd602cb,EPSG:28356,"Elevation validity, study-area footprint and slope derivation",https://data.nsw.gov.au/data/dataset/marine-lidar-topo-bathy-2011,NO,Used; land DEM GeoTIFF tile; VERIFIED: Creative Commons Attribution (version not asserted); see DATA_SOURCES.md and ../ATTRIBUTION.md for attribution and modifications
NSW Marine LiDAR Topo-Bathy 2011 Geotif,Fugro Pty Ltd for the NSW Office of Environment and Heritage; ELVIS distributor,https://data.nsw.gov.au/data/dataset/marine-lidar-topo-bathy-2011,not recorded (files retrieved by 2026-04-26),CentralCoast2011-DEM-AHD-5m_369000-6324000_56_1km_1km.tif,1b8e99d16d5b04862051ac48258a579339709075f5c49c074e0632870a706b4d,EPSG:28356,"Elevation validity, study-area footprint and slope derivation",https://data.nsw.gov.au/data/dataset/marine-lidar-topo-bathy-2011,NO,Used; land DEM GeoTIFF tile; VERIFIED: Creative Commons Attribution (version not asserted); see DATA_SOURCES.md and ../ATTRIBUTION.md for attribution and modifications
NSW Marine LiDAR Topo-Bathy 2011 Geotif,Fugro Pty Ltd for the NSW Office of Environment and Heritage; ELVIS distributor,https://data.nsw.gov.au/data/dataset/marine-lidar-topo-bathy-2011,not recorded (files retrieved by 2026-04-26),CentralCoast2011-DEM-AHD-5m_369000-6325000_56_1km_1km.tif,79ab33a7bf3a9bc5edb76a5415523962099ab7e88ba12a95f0ede7d0f132a407,EPSG:28356,"Elevation validity, study-area footprint and slope derivation",https://data.nsw.gov.au/data/dataset/marine-lidar-topo-bathy-2011,NO,Used; land DEM GeoTIFF tile; VERIFIED: Creative Commons Attribution (version not asserted); see DATA_SOURCES.md and ../ATTRIBUTION.md for attribution and modifications
NSW Marine LiDAR Topo-Bathy 2011 Geotif,Fugro Pty Ltd for the NSW Office of Environment and Heritage; ELVIS distributor,https://data.nsw.gov.au/data/dataset/marine-lidar-topo-bathy-2011,not recorded (files retrieved by 2026-04-26),CentralCoast2011-DEM-AHD-5m_370000-6320000_56_1km_1km.tif,9fabb519f94789ec7a2cf54bec49880ef2b9c31874ccf0b5bf2889fd357ce219,EPSG:28356,"Elevation validity, study-area footprint and slope derivation",https://data.nsw.gov.au/data/dataset/marine-lidar-topo-bathy-2011,NO,Used; land DEM GeoTIFF tile; VERIFIED: Creative Commons Attribution (version not asserted); see DATA_SOURCES.md and ../ATTRIBUTION.md for attribution and modifications
NSW Marine LiDAR Topo-Bathy 2011 Geotif,Fugro Pty Ltd for the NSW Office of Environment and Heritage; ELVIS distributor,https://data.nsw.gov.au/data/dataset/marine-lidar-topo-bathy-2011,not recorded (files retrieved by 2026-04-26),CentralCoast2011-DEM-AHD-5m_370000-6321000_56_1km_1km.tif,52979c98f7352de773c83ad831cf8dbe26685f31463935331ebddd2ab35f62ba,EPSG:28356,"Elevation validity, study-area footprint and slope derivation",https://data.nsw.gov.au/data/dataset/marine-lidar-topo-bathy-2011,NO,Used; land DEM GeoTIFF tile; VERIFIED: Creative Commons Attribution (version not asserted); see DATA_SOURCES.md and ../ATTRIBUTION.md for attribution and modifications
NSW Marine LiDAR Topo-Bathy 2011 Geotif,Fugro Pty Ltd for the NSW Office of Environment and Heritage; ELVIS distributor,https://data.nsw.gov.au/data/dataset/marine-lidar-topo-bathy-2011,not recorded (files retrieved by 2026-04-26),CentralCoast2011-DEM-AHD-5m_370000-6322000_56_1km_1km.tif,f31196fc017143dda34d82bcecddac6dc31e9658a28839774d24c7f6dd0c7c51,EPSG:28356,"Elevation validity, study-area footprint and slope derivation",https://data.nsw.gov.au/data/dataset/marine-lidar-topo-bathy-2011,NO,Used; land DEM GeoTIFF tile; VERIFIED: Creative Commons Attribution (version not asserted); see DATA_SOURCES.md and ../ATTRIBUTION.md for attribution and modifications
NSW Marine LiDAR Topo-Bathy 2011 Geotif,Fugro Pty Ltd for the NSW Office of Environment and Heritage; ELVIS distributor,https://data.nsw.gov.au/data/dataset/marine-lidar-topo-bathy-2011,not recorded (files retrieved by 2026-04-26),CentralCoast2011-DEM-AHD-5m_370000-6323000_56_1km_1km.tif,f896f6ebf4d1ff4cd324e6da3e8b751b84aa16187022c42f85d62aa57e468fad,EPSG:28356,"Elevation validity, study-area footprint and slope derivation",https://data.nsw.gov.au/data/dataset/marine-lidar-topo-bathy-2011,NO,Used; land DEM GeoTIFF tile; VERIFIED: Creative Commons Attribution (version not asserted); see DATA_SOURCES.md and ../ATTRIBUTION.md for attribution and modifications
NSW Marine LiDAR Topo-Bathy 2011 Geotif,Fugro Pty Ltd for the NSW Office of Environment and Heritage; ELVIS distributor,https://data.nsw.gov.au/data/dataset/marine-lidar-topo-bathy-2011,not recorded (files retrieved by 2026-04-26),CentralCoast2011-DEM-AHD-5m_370000-6324000_56_1km_1km.tif,0b0e1dabdad13cd892e35a16d6b19e4f25c5eb19119d9c4486275c53733a6b01,EPSG:28356,"Elevation validity, study-area footprint and slope derivation",https://data.nsw.gov.au/data/dataset/marine-lidar-topo-bathy-2011,NO,Used; land DEM GeoTIFF tile; VERIFIED: Creative Commons Attribution (version not asserted); see DATA_SOURCES.md and ../ATTRIBUTION.md for attribution and modifications
NSW Marine LiDAR Topo-Bathy 2011 Geotif,Fugro Pty Ltd for the NSW Office of Environment and Heritage; ELVIS distributor,https://data.nsw.gov.au/data/dataset/marine-lidar-topo-bathy-2011,not recorded (files retrieved by 2026-04-26),CentralCoast2011-DEM-AHD-5m_370000-6325000_56_1km_1km.tif,efab8f43f675216dabe341cd43e4aa49759ce572f0fcb8db857bc0abcfd586d6,EPSG:28356,"Elevation validity, study-area footprint and slope derivation",https://data.nsw.gov.au/data/dataset/marine-lidar-topo-bathy-2011,NO,Used; land DEM GeoTIFF tile; VERIFIED: Creative Commons Attribution (version not asserted); see DATA_SOURCES.md and ../ATTRIBUTION.md for attribution and modifications
NSW Marine LiDAR Topo-Bathy 2011 Geotif,Fugro Pty Ltd for the NSW Office of Environment and Heritage; ELVIS distributor,https://data.nsw.gov.au/data/dataset/marine-lidar-topo-bathy-2011,not recorded (files retrieved by 2026-04-26),CentralCoast2011-DEM-AHD-5m_371000-6322000_56_1km_1km.tif,c51b86474c9055beccd0ca5b01b4ac0f3659c5038c70a0d4af188bdf48d7dfa9,EPSG:28356,"Elevation validity, study-area footprint and slope derivation",https://data.nsw.gov.au/data/dataset/marine-lidar-topo-bathy-2011,NO,Used; land DEM GeoTIFF tile; VERIFIED: Creative Commons Attribution (version not asserted); see DATA_SOURCES.md and ../ATTRIBUTION.md for attribution and modifications
NSW Marine LiDAR Topo-Bathy 2011 Geotif,Fugro Pty Ltd for the NSW Office of Environment and Heritage; ELVIS distributor,https://data.nsw.gov.au/data/dataset/marine-lidar-topo-bathy-2011,not recorded (files retrieved by 2026-04-26),CentralCoast2011-DEM-AHD-5m_371000-6323000_56_1km_1km.tif,d84630b21c16f7c694df081473e6155d221a91105eeaf1d56f3f13c5c3a877ad,EPSG:28356,"Elevation validity, study-area footprint and slope derivation",https://data.nsw.gov.au/data/dataset/marine-lidar-topo-bathy-2011,NO,Used; land DEM GeoTIFF tile; VERIFIED: Creative Commons Attribution (version not asserted); see DATA_SOURCES.md and ../ATTRIBUTION.md for attribution and modifications
NSW Marine LiDAR Topo-Bathy 2011 Geotif,Fugro Pty Ltd for the NSW Office of Environment and Heritage; ELVIS distributor,https://data.nsw.gov.au/data/dataset/marine-lidar-topo-bathy-2011,not recorded (files retrieved by 2026-04-26),CentralCoast2011-DEM-AHD-5m_371000-6324000_56_1km_1km.tif,90f710a1027c6741ca9759b9186c25b66d875e5339c84aec167fc6fe209a212e,EPSG:28356,"Elevation validity, study-area footprint and slope derivation",https://data.nsw.gov.au/data/dataset/marine-lidar-topo-bathy-2011,NO,Used; land DEM GeoTIFF tile; VERIFIED: Creative Commons Attribution (version not asserted); see DATA_SOURCES.md and ../ATTRIBUTION.md for attribution and modifications
NSW Marine LiDAR Topo-Bathy 2011 Geotif,Fugro Pty Ltd for the NSW Office of Environment and Heritage; ELVIS distributor,https://data.nsw.gov.au/data/dataset/marine-lidar-topo-bathy-2011,not recorded (files retrieved by 2026-04-26),CentralCoast2011-DEM-AHD-5m_371000-6325000_56_1km_1km.tif,6fe704e7a02a34655977dab56a043560ab16011497a149c4602b3c5edb94b5f3,EPSG:28356,"Elevation validity, study-area footprint and slope derivation",https://data.nsw.gov.au/data/dataset/marine-lidar-topo-bathy-2011,NO,Used; land DEM GeoTIFF tile; VERIFIED: Creative Commons Attribution (version not asserted); see DATA_SOURCES.md and ../ATTRIBUTION.md for attribution and modifications
NSW Marine LiDAR Topo-Bathy 2011 Geotif,Fugro Pty Ltd for the NSW Office of Environment and Heritage; ELVIS distributor,https://data.nsw.gov.au/data/dataset/marine-lidar-topo-bathy-2011,not recorded (files retrieved by 2026-04-26),CentralCoast2011-DEM-AHD-5m_371000-6326000_56_1km_1km.tif,f6c36f6a59be5f4672200d63054e379757e70bb1fae2f84629dd676c736730d9,EPSG:28356,"Elevation validity, study-area footprint and slope derivation",https://data.nsw.gov.au/data/dataset/marine-lidar-topo-bathy-2011,NO,Used; land DEM GeoTIFF tile; VERIFIED: Creative Commons Attribution (version not asserted); see DATA_SOURCES.md and ../ATTRIBUTION.md for attribution and modifications
NSW Marine LiDAR Topo-Bathy 2011 Geotif,Fugro Pty Ltd for the NSW Office of Environment and Heritage; ELVIS distributor,https://data.nsw.gov.au/data/dataset/marine-lidar-topo-bathy-2011,not recorded (files retrieved by 2026-04-26),CentralCoast2011-DEM-AHD-5m_371000-6327000_56_1km_1km.tif,66abb0f9a32624b13f291ae3a3dfe5bad23747c506a2f5d3663a7d6455d5531b,EPSG:28356,"Elevation validity, study-area footprint and slope derivation",https://data.nsw.gov.au/data/dataset/marine-lidar-topo-bathy-2011,NO,Used; land DEM GeoTIFF tile; VERIFIED: Creative Commons Attribution (version not asserted); see DATA_SOURCES.md and ../ATTRIBUTION.md for attribution and modifications
NSW Marine LiDAR Topo-Bathy 2011 Geotif,Fugro Pty Ltd for the NSW Office of Environment and Heritage; ELVIS distributor,https://data.nsw.gov.au/data/dataset/marine-lidar-topo-bathy-2011,not recorded (files retrieved by 2026-04-26),CentralCoast2011-DEM-AHD-5m_371000-6328000_56_1km_1km.tif,08a880d14460cb3bc3032acc138a166635008ad9be108cd70a9270d0b7412749,EPSG:28356,"Elevation validity, study-area footprint and slope derivation",https://data.nsw.gov.au/data/dataset/marine-lidar-topo-bathy-2011,NO,Used; land DEM GeoTIFF tile; VERIFIED: Creative Commons Attribution (version not asserted); see DATA_SOURCES.md and ../ATTRIBUTION.md for attribution and modifications
NSW Marine LiDAR Topo-Bathy 2011 Geotif,Fugro Pty Ltd for the NSW Office of Environment and Heritage; ELVIS distributor,https://data.nsw.gov.au/data/dataset/marine-lidar-topo-bathy-2011,not recorded (files retrieved by 2026-04-26),CentralCoast2011-DEM-AHD-5m_371000-6329000_56_1km_1km.tif,b8edecf2c2b441b7f9c9a60204271d97b9b51a1bbf9a86b5768511679c56b0fd,EPSG:28356,"Elevation validity, study-area footprint and slope derivation",https://data.nsw.gov.au/data/dataset/marine-lidar-topo-bathy-2011,NO,Used; land DEM GeoTIFF tile; VERIFIED: Creative Commons Attribution (version not asserted); see DATA_SOURCES.md and ../ATTRIBUTION.md for attribution and modifications
NSW Marine LiDAR Topo-Bathy 2011 Geotif,Fugro Pty Ltd for the NSW Office of Environment and Heritage; ELVIS distributor,https://data.nsw.gov.au/data/dataset/marine-lidar-topo-bathy-2011,not recorded (files retrieved by 2026-04-26),CentralCoast2011-DEM-AHD-5m_371000-6330000_56_1km_1km.tif,d2c395cba103f57c712fdca38e3ef304810e199748ba1f2d7652234a05d24815,EPSG:28356,"Elevation validity, study-area footprint and slope derivation",https://data.nsw.gov.au/data/dataset/marine-lidar-topo-bathy-2011,NO,Used; land DEM GeoTIFF tile; VERIFIED: Creative Commons Attribution (version not asserted); see DATA_SOURCES.md and ../ATTRIBUTION.md for attribution and modifications
NSW Marine LiDAR Topo-Bathy 2011 Geotif,Fugro Pty Ltd for the NSW Office of Environment and Heritage; ELVIS distributor,https://data.nsw.gov.au/data/dataset/marine-lidar-topo-bathy-2011,not recorded (files retrieved by 2026-04-26),CentralCoast2011-DEM-AHD-5m_372000-6324000_56_1km_1km.tif,c66100328afa0eb0b9f4bddfcedaaba410fc852271e2289ccab171331a4a8b63,EPSG:28356,"Elevation validity, study-area footprint and slope derivation",https://data.nsw.gov.au/data/dataset/marine-lidar-topo-bathy-2011,NO,Used; land DEM GeoTIFF tile; VERIFIED: Creative Commons Attribution (version not asserted); see DATA_SOURCES.md and ../ATTRIBUTION.md for attribution and modifications
NSW Marine LiDAR Topo-Bathy 2011 Geotif,Fugro Pty Ltd for the NSW Office of Environment and Heritage; ELVIS distributor,https://data.nsw.gov.au/data/dataset/marine-lidar-topo-bathy-2011,not recorded (files retrieved by 2026-04-26),CentralCoast2011-DEM-AHD-5m_372000-6325000_56_1km_1km.tif,e8f0df948729b1fb1145377e086b2c540f369f092335baf21d932da0d392fda1,EPSG:28356,"Elevation validity, study-area footprint and slope derivation",https://data.nsw.gov.au/data/dataset/marine-lidar-topo-bathy-2011,NO,Used; land DEM GeoTIFF tile; VERIFIED: Creative Commons Attribution (version not asserted); see DATA_SOURCES.md and ../ATTRIBUTION.md for attribution and modifications
NSW Marine LiDAR Topo-Bathy 2011 Geotif,Fugro Pty Ltd for the NSW Office of Environment and Heritage; ELVIS distributor,https://data.nsw.gov.au/data/dataset/marine-lidar-topo-bathy-2011,not recorded (files retrieved by 2026-04-26),CentralCoast2011-DEM-AHD-5m_372000-6326000_56_1km_1km.tif,801bf5dd0b11bd591437e086b5cbba97107d92fb72624dda964417d1aa09b728,EPSG:28356,"Elevation validity, study-area footprint and slope derivation",https://data.nsw.gov.au/data/dataset/marine-lidar-topo-bathy-2011,NO,Used; land DEM GeoTIFF tile; VERIFIED: Creative Commons Attribution (version not asserted); see DATA_SOURCES.md and ../ATTRIBUTION.md for attribution and modifications
NSW Marine LiDAR Topo-Bathy 2011 Geotif,Fugro Pty Ltd for the NSW Office of Environment and Heritage; ELVIS distributor,https://data.nsw.gov.au/data/dataset/marine-lidar-topo-bathy-2011,not recorded (files retrieved by 2026-04-26),CentralCoast2011-DEM-AHD-5m_372000-6327000_56_1km_1km.tif,562fe1d95f1f798b4396dcbc4e94ed2d49954806249bd907296e0fb8e3b495d9,EPSG:28356,"Elevation validity, study-area footprint and slope derivation",https://data.nsw.gov.au/data/dataset/marine-lidar-topo-bathy-2011,NO,Used; land DEM GeoTIFF tile; VERIFIED: Creative Commons Attribution (version not asserted); see DATA_SOURCES.md and ../ATTRIBUTION.md for attribution and modifications
NSW Marine LiDAR Topo-Bathy 2011 Geotif,Fugro Pty Ltd for the NSW Office of Environment and Heritage; ELVIS distributor,https://data.nsw.gov.au/data/dataset/marine-lidar-topo-bathy-2011,not recorded (files retrieved by 2026-04-26),CentralCoast2011-DEM-AHD-5m_372000-6328000_56_1km_1km.tif,3905c087a637286d25a8a778f31c7c56b54bc8659630b85e62fdb4b392df56fd,EPSG:28356,"Elevation validity, study-area footprint and slope derivation",https://data.nsw.gov.au/data/dataset/marine-lidar-topo-bathy-2011,NO,Used; land DEM GeoTIFF tile; VERIFIED: Creative Commons Attribution (version not asserted); see DATA_SOURCES.md and ../ATTRIBUTION.md for attribution and modifications
NSW Marine LiDAR Topo-Bathy 2011 Geotif,Fugro Pty Ltd for the NSW Office of Environment and Heritage; ELVIS distributor,https://data.nsw.gov.au/data/dataset/marine-lidar-topo-bathy-2011,not recorded (files retrieved by 2026-04-26),CentralCoast2011-DEM-AHD-5m_372000-6329000_56_1km_1km.tif,beda12653bf2463bd95539e4b37cc603f99eacc78b9f63e967e5ce2696aa9d47,EPSG:28356,"Elevation validity, study-area footprint and slope derivation",https://data.nsw.gov.au/data/dataset/marine-lidar-topo-bathy-2011,NO,Used; land DEM GeoTIFF tile; VERIFIED: Creative Commons Attribution (version not asserted); see DATA_SOURCES.md and ../ATTRIBUTION.md for attribution and modifications
NSW Marine LiDAR Topo-Bathy 2011 Geotif,Fugro Pty Ltd for the NSW Office of Environment and Heritage; ELVIS distributor,https://data.nsw.gov.au/data/dataset/marine-lidar-topo-bathy-2011,not recorded (files retrieved by 2026-04-26),CentralCoast2011-DEM-AHD-5m_372000-6330000_56_1km_1km.tif,34d60d541c2c1dea56b7133c1cb7c671ecbc8c76d489ca03b94e6c0909b5c612,EPSG:28356,"Elevation validity, study-area footprint and slope derivation",https://data.nsw.gov.au/data/dataset/marine-lidar-topo-bathy-2011,NO,Used; land DEM GeoTIFF tile; VERIFIED: Creative Commons Attribution (version not asserted); see DATA_SOURCES.md and ../ATTRIBUTION.md for attribution and modifications
NSW Marine LiDAR Topo-Bathy 2011 Geotif,Fugro Pty Ltd for the NSW Office of Environment and Heritage; ELVIS distributor,https://data.nsw.gov.au/data/dataset/marine-lidar-topo-bathy-2011,not recorded (files retrieved by 2026-04-26),CentralCoast2011-DEM-AHD-5m_372000-6331000_56_1km_1km.tif,ca714c83a8e6e0fee3ec89b95fafb31782fb5af902b0f01492de1dffc09da47a,EPSG:28356,"Elevation validity, study-area footprint and slope derivation",https://data.nsw.gov.au/data/dataset/marine-lidar-topo-bathy-2011,NO,Used; land DEM GeoTIFF tile; VERIFIED: Creative Commons Attribution (version not asserted); see DATA_SOURCES.md and ../ATTRIBUTION.md for attribution and modifications
NSW Marine LiDAR Topo-Bathy 2011 Geotif,Fugro Pty Ltd for the NSW Office of Environment and Heritage; ELVIS distributor,https://data.nsw.gov.au/data/dataset/marine-lidar-topo-bathy-2011,not recorded (files retrieved by 2026-04-26),CentralCoast2011-DEM-AHD-5m_372000-6332000_56_1km_1km.tif,5066131bcb0f8a1dcc6c37ac26c70db00ff86b21aa23419bb7b16fdf3c6c9dad,EPSG:28356,"Elevation validity, study-area footprint and slope derivation",https://data.nsw.gov.au/data/dataset/marine-lidar-topo-bathy-2011,NO,Used; land DEM GeoTIFF tile; VERIFIED: Creative Commons Attribution (version not asserted); see DATA_SOURCES.md and ../ATTRIBUTION.md for attribution and modifications
NSW Marine LiDAR Topo-Bathy 2011 Geotif,Fugro Pty Ltd for the NSW Office of Environment and Heritage; ELVIS distributor,https://data.nsw.gov.au/data/dataset/marine-lidar-topo-bathy-2011,not recorded (files retrieved by 2026-04-26),CentralCoast2011-DEM-AHD-5m_373000-6326000_56_1km_1km.tif,c250afa43453a929ee79d9cf58664b1e1061ce83405940ffa2cd1b021eca2edc,EPSG:28356,"Elevation validity, study-area footprint and slope derivation",https://data.nsw.gov.au/data/dataset/marine-lidar-topo-bathy-2011,NO,Used; land DEM GeoTIFF tile; VERIFIED: Creative Commons Attribution (version not asserted); see DATA_SOURCES.md and ../ATTRIBUTION.md for attribution and modifications
NSW Marine LiDAR Topo-Bathy 2011 Geotif,Fugro Pty Ltd for the NSW Office of Environment and Heritage; ELVIS distributor,https://data.nsw.gov.au/data/dataset/marine-lidar-topo-bathy-2011,not recorded (files retrieved by 2026-04-26),CentralCoast2011-DEM-AHD-5m_373000-6327000_56_1km_1km.tif,6011db0ddb5da2c30a09d31004df44898a36b11adb74c36ae399e068e15fd61d,EPSG:28356,"Elevation validity, study-area footprint and slope derivation",https://data.nsw.gov.au/data/dataset/marine-lidar-topo-bathy-2011,NO,Used; land DEM GeoTIFF tile; VERIFIED: Creative Commons Attribution (version not asserted); see DATA_SOURCES.md and ../ATTRIBUTION.md for attribution and modifications
NSW Marine LiDAR Topo-Bathy 2011 Geotif,Fugro Pty Ltd for the NSW Office of Environment and Heritage; ELVIS distributor,https://data.nsw.gov.au/data/dataset/marine-lidar-topo-bathy-2011,not recorded (files retrieved by 2026-04-26),CentralCoast2011-DEM-AHD-5m_373000-6328000_56_1km_1km.tif,e3598ff6444c363aec07771ee635ebd1852e3d228f772fd38b274f84d13de828,EPSG:28356,"Elevation validity, study-area footprint and slope derivation",https://data.nsw.gov.au/data/dataset/marine-lidar-topo-bathy-2011,NO,Used; land DEM GeoTIFF tile; VERIFIED: Creative Commons Attribution (version not asserted); see DATA_SOURCES.md and ../ATTRIBUTION.md for attribution and modifications
NSW Marine LiDAR Topo-Bathy 2011 Geotif,Fugro Pty Ltd for the NSW Office of Environment and Heritage; ELVIS distributor,https://data.nsw.gov.au/data/dataset/marine-lidar-topo-bathy-2011,not recorded (files retrieved by 2026-04-26),CentralCoast2011-DEM-AHD-5m_373000-6329000_56_1km_1km.tif,520ea11c6f324bf76602a6bdddc6fead17b1dd486de4d7b850ca7c6aac1f5534,EPSG:28356,"Elevation validity, study-area footprint and slope derivation",https://data.nsw.gov.au/data/dataset/marine-lidar-topo-bathy-2011,NO,Used; land DEM GeoTIFF tile; VERIFIED: Creative Commons Attribution (version not asserted); see DATA_SOURCES.md and ../ATTRIBUTION.md for attribution and modifications
NSW Marine LiDAR Topo-Bathy 2011 Geotif,Fugro Pty Ltd for the NSW Office of Environment and Heritage; ELVIS distributor,https://data.nsw.gov.au/data/dataset/marine-lidar-topo-bathy-2011,not recorded (files retrieved by 2026-04-26),CentralCoast2011-DEM-AHD-5m_373000-6330000_56_1km_1km.tif,b76707d0b99dabf931b383095ba4a63429095f14a3e3076da2c6c23b7b8d3b8d,EPSG:28356,"Elevation validity, study-area footprint and slope derivation",https://data.nsw.gov.au/data/dataset/marine-lidar-topo-bathy-2011,NO,Used; land DEM GeoTIFF tile; VERIFIED: Creative Commons Attribution (version not asserted); see DATA_SOURCES.md and ../ATTRIBUTION.md for attribution and modifications
NSW Marine LiDAR Topo-Bathy 2011 Geotif,Fugro Pty Ltd for the NSW Office of Environment and Heritage; ELVIS distributor,https://data.nsw.gov.au/data/dataset/marine-lidar-topo-bathy-2011,not recorded (files retrieved by 2026-04-26),CentralCoast2011-DEM-AHD-5m_373000-6331000_56_1km_1km.tif,7c3899d1364cf9eae16a3852eccf7ea19a232e75737c6a8f998ed9ee68772d3a,EPSG:28356,"Elevation validity, study-area footprint and slope derivation",https://data.nsw.gov.au/data/dataset/marine-lidar-topo-bathy-2011,NO,Used; land DEM GeoTIFF tile; VERIFIED: Creative Commons Attribution (version not asserted); see DATA_SOURCES.md and ../ATTRIBUTION.md for attribution and modifications
NSW Marine LiDAR Topo-Bathy 2011 Geotif,Fugro Pty Ltd for the NSW Office of Environment and Heritage; ELVIS distributor,https://data.nsw.gov.au/data/dataset/marine-lidar-topo-bathy-2011,not recorded (files retrieved by 2026-04-26),CentralCoast2011-DEM-AHD-5m_373000-6332000_56_1km_1km.tif,d8c7a2d9625c9711373f5b7189ab990d89041fdd07bf5bff05b904c8c4f0d9df,EPSG:28356,"Elevation validity, study-area footprint and slope derivation",https://data.nsw.gov.au/data/dataset/marine-lidar-topo-bathy-2011,NO,Used; land DEM GeoTIFF tile; VERIFIED: Creative Commons Attribution (version not asserted); see DATA_SOURCES.md and ../ATTRIBUTION.md for attribution and modifications
NSW Marine LiDAR Topo-Bathy 2011 Geotif,Fugro Pty Ltd for the NSW Office of Environment and Heritage; ELVIS distributor,https://data.nsw.gov.au/data/dataset/marine-lidar-topo-bathy-2011,not recorded (files retrieved by 2026-04-26),CentralCoast2011-DEM-AHD-5m_373000-6333000_56_1km_1km.tif,e2b9b569e512ab6d1a43d6870ef86c1682657d3ea56902f2d424ea4a0eaea998,EPSG:28356,"Elevation validity, study-area footprint and slope derivation",https://data.nsw.gov.au/data/dataset/marine-lidar-topo-bathy-2011,NO,Used; land DEM GeoTIFF tile; VERIFIED: Creative Commons Attribution (version not asserted); see DATA_SOURCES.md and ../ATTRIBUTION.md for attribution and modifications
NSW Marine LiDAR Topo-Bathy 2011 Geotif,Fugro Pty Ltd for the NSW Office of Environment and Heritage; ELVIS distributor,https://data.nsw.gov.au/data/dataset/marine-lidar-topo-bathy-2011,not recorded (files retrieved by 2026-04-26),CentralCoast2011-DEM-AHD-5m_373000-6334000_56_1km_1km.tif,0bf3af4c10cb867c83459c0b93106b61de9a913d8a25d413fb7b6538b9971615,EPSG:28356,"Elevation validity, study-area footprint and slope derivation",https://data.nsw.gov.au/data/dataset/marine-lidar-topo-bathy-2011,NO,Used; land DEM GeoTIFF tile; VERIFIED: Creative Commons Attribution (version not asserted); see DATA_SOURCES.md and ../ATTRIBUTION.md for attribution and modifications
NSW Marine LiDAR Topo-Bathy 2011 Geotif,Fugro Pty Ltd for the NSW Office of Environment and Heritage; ELVIS distributor,https://data.nsw.gov.au/data/dataset/marine-lidar-topo-bathy-2011,not recorded (files retrieved by 2026-04-26),CentralCoast2011-DEM-AHD-5m_373000-6335000_56_1km_1km.tif,5827cfc1019cdf4c895ed2aa939024b05730536bec24e1776ce8fed1c5c40d9d,EPSG:28356,"Elevation validity, study-area footprint and slope derivation",https://data.nsw.gov.au/data/dataset/marine-lidar-topo-bathy-2011,NO,Used; land DEM GeoTIFF tile; VERIFIED: Creative Commons Attribution (version not asserted); see DATA_SOURCES.md and ../ATTRIBUTION.md for attribution and modifications
NSW Marine LiDAR Topo-Bathy 2011 Geotif,Fugro Pty Ltd for the NSW Office of Environment and Heritage; ELVIS distributor,https://data.nsw.gov.au/data/dataset/marine-lidar-topo-bathy-2011,not recorded (files retrieved by 2026-04-26),CentralCoast2011-DEM-AHD-5m_373000-6336000_56_1km_1km.tif,35d805a4fe89058ba9d7b3b257e6575f280bf6317a9c071352ce5fd52fb42cbb,EPSG:28356,"Elevation validity, study-area footprint and slope derivation",https://data.nsw.gov.au/data/dataset/marine-lidar-topo-bathy-2011,NO,Used; land DEM GeoTIFF tile; VERIFIED: Creative Commons Attribution (version not asserted); see DATA_SOURCES.md and ../ATTRIBUTION.md for attribution and modifications
NSW Marine LiDAR Topo-Bathy 2011 Geotif,Fugro Pty Ltd for the NSW Office of Environment and Heritage; ELVIS distributor,https://data.nsw.gov.au/data/dataset/marine-lidar-topo-bathy-2011,not recorded (files retrieved by 2026-04-26),CentralCoast2011-DEM-AHD-5m_374000-6327000_56_1km_1km.tif,2e5c8e2176b3d70766710e27cd4097eb9c10cdef99ebc12affeb6edcfdf13919,EPSG:28356,"Elevation validity, study-area footprint and slope derivation",https://data.nsw.gov.au/data/dataset/marine-lidar-topo-bathy-2011,NO,Used; land DEM GeoTIFF tile; VERIFIED: Creative Commons Attribution (version not asserted); see DATA_SOURCES.md and ../ATTRIBUTION.md for attribution and modifications
NSW Marine LiDAR Topo-Bathy 2011 Geotif,Fugro Pty Ltd for the NSW Office of Environment and Heritage; ELVIS distributor,https://data.nsw.gov.au/data/dataset/marine-lidar-topo-bathy-2011,not recorded (files retrieved by 2026-04-26),CentralCoast2011-DEM-AHD-5m_374000-6328000_56_1km_1km.tif,101cd51c7b32fc8d21fa02abb2902f46a951225d2a4bcca6f31ce6e86ee294a4,EPSG:28356,"Elevation validity, study-area footprint and slope derivation",https://data.nsw.gov.au/data/dataset/marine-lidar-topo-bathy-2011,NO,Used; land DEM GeoTIFF tile; VERIFIED: Creative Commons Attribution (version not asserted); see DATA_SOURCES.md and ../ATTRIBUTION.md for attribution and modifications
NSW Marine LiDAR Topo-Bathy 2011 Geotif,Fugro Pty Ltd for the NSW Office of Environment and Heritage; ELVIS distributor,https://data.nsw.gov.au/data/dataset/marine-lidar-topo-bathy-2011,not recorded (files retrieved by 2026-04-26),CentralCoast2011-DEM-AHD-5m_374000-6329000_56_1km_1km.tif,a2716e6542ede630c5b7f608d72adafc0e1729b2d7107f08eceff2166fff1def,EPSG:28356,"Elevation validity, study-area footprint and slope derivation",https://data.nsw.gov.au/data/dataset/marine-lidar-topo-bathy-2011,NO,Used; land DEM GeoTIFF tile; VERIFIED: Creative Commons Attribution (version not asserted); see DATA_SOURCES.md and ../ATTRIBUTION.md for attribution and modifications
NSW Marine LiDAR Topo-Bathy 2011 Geotif,Fugro Pty Ltd for the NSW Office of Environment and Heritage; ELVIS distributor,https://data.nsw.gov.au/data/dataset/marine-lidar-topo-bathy-2011,not recorded (files retrieved by 2026-04-26),CentralCoast2011-DEM-AHD-5m_374000-6330000_56_1km_1km.tif,ede1a98b543ba668fa58975199e1c63f094990b7b09aecd596ba38220b03fdda,EPSG:28356,"Elevation validity, study-area footprint and slope derivation",https://data.nsw.gov.au/data/dataset/marine-lidar-topo-bathy-2011,NO,Used; land DEM GeoTIFF tile; VERIFIED: Creative Commons Attribution (version not asserted); see DATA_SOURCES.md and ../ATTRIBUTION.md for attribution and modifications
NSW Marine LiDAR Topo-Bathy 2011 Geotif,Fugro Pty Ltd for the NSW Office of Environment and Heritage; ELVIS distributor,https://data.nsw.gov.au/data/dataset/marine-lidar-topo-bathy-2011,not recorded (files retrieved by 2026-04-26),CentralCoast2011-DEM-AHD-5m_374000-6331000_56_1km_1km.tif,1859edc213448648eed347bb9e2be07ac2befd9d285c276ab560f195d165fc7d,EPSG:28356,"Elevation validity, study-area footprint and slope derivation",https://data.nsw.gov.au/data/dataset/marine-lidar-topo-bathy-2011,NO,Used; land DEM GeoTIFF tile; VERIFIED: Creative Commons Attribution (version not asserted); see DATA_SOURCES.md and ../ATTRIBUTION.md for attribution and modifications
NSW Marine LiDAR Topo-Bathy 2011 Geotif,Fugro Pty Ltd for the NSW Office of Environment and Heritage; ELVIS distributor,https://data.nsw.gov.au/data/dataset/marine-lidar-topo-bathy-2011,not recorded (files retrieved by 2026-04-26),CentralCoast2011-DEM-AHD-5m_374000-6332000_56_1km_1km.tif,77b422d86ee1ce0470210ad6a2a17bdcfadce065a77de204b3c8f5da8f0fa14c,EPSG:28356,"Elevation validity, study-area footprint and slope derivation",https://data.nsw.gov.au/data/dataset/marine-lidar-topo-bathy-2011,NO,Used; land DEM GeoTIFF tile; VERIFIED: Creative Commons Attribution (version not asserted); see DATA_SOURCES.md and ../ATTRIBUTION.md for attribution and modifications
NSW Marine LiDAR Topo-Bathy 2011 Geotif,Fugro Pty Ltd for the NSW Office of Environment and Heritage; ELVIS distributor,https://data.nsw.gov.au/data/dataset/marine-lidar-topo-bathy-2011,not recorded (files retrieved by 2026-04-26),CentralCoast2011-DEM-AHD-5m_374000-6333000_56_1km_1km.tif,cc720251e5a07d8c409ac22a9ed1ba1771ba4e58fb4e37a5e75972a30b3d8bcc,EPSG:28356,"Elevation validity, study-area footprint and slope derivation",https://data.nsw.gov.au/data/dataset/marine-lidar-topo-bathy-2011,NO,Used; land DEM GeoTIFF tile; VERIFIED: Creative Commons Attribution (version not asserted); see DATA_SOURCES.md and ../ATTRIBUTION.md for attribution and modifications
NSW Marine LiDAR Topo-Bathy 2011 Geotif,Fugro Pty Ltd for the NSW Office of Environment and Heritage; ELVIS distributor,https://data.nsw.gov.au/data/dataset/marine-lidar-topo-bathy-2011,not recorded (files retrieved by 2026-04-26),CentralCoast2011-DEM-AHD-5m_374000-6334000_56_1km_1km.tif,aa9aa7137069339525f139a8efaff3029469ecf72504576385ae53ad145cc9c3,EPSG:28356,"Elevation validity, study-area footprint and slope derivation",https://data.nsw.gov.au/data/dataset/marine-lidar-topo-bathy-2011,NO,Used; land DEM GeoTIFF tile; VERIFIED: Creative Commons Attribution (version not asserted); see DATA_SOURCES.md and ../ATTRIBUTION.md for attribution and modifications
NSW Marine LiDAR Topo-Bathy 2011 Geotif,Fugro Pty Ltd for the NSW Office of Environment and Heritage; ELVIS distributor,https://data.nsw.gov.au/data/dataset/marine-lidar-topo-bathy-2011,not recorded (files retrieved by 2026-04-26),CentralCoast2011-DEM-AHD-5m_374000-6335000_56_1km_1km.tif,3b3c654abdedfe00570929be58717efe1ad7b0523fb8a4c5e944c47a3a9a9b16,EPSG:28356,"Elevation validity, study-area footprint and slope derivation",https://data.nsw.gov.au/data/dataset/marine-lidar-topo-bathy-2011,NO,Used; land DEM GeoTIFF tile; VERIFIED: Creative Commons Attribution (version not asserted); see DATA_SOURCES.md and ../ATTRIBUTION.md for attribution and modifications
NSW Marine LiDAR Topo-Bathy 2011 Geotif,Fugro Pty Ltd for the NSW Office of Environment and Heritage; ELVIS distributor,https://data.nsw.gov.au/data/dataset/marine-lidar-topo-bathy-2011,not recorded (files retrieved by 2026-04-26),CentralCoast2011-DEM-AHD-5m_374000-6336000_56_1km_1km.tif,841acc21c04d51dfabff14d0a3b82314b165a513487db8cc41145e8b9cf25989,EPSG:28356,"Elevation validity, study-area footprint and slope derivation",https://data.nsw.gov.au/data/dataset/marine-lidar-topo-bathy-2011,NO,Used; land DEM GeoTIFF tile; VERIFIED: Creative Commons Attribution (version not asserted); see DATA_SOURCES.md and ../ATTRIBUTION.md for attribution and modifications
NSW Marine LiDAR Topo-Bathy 2011 Geotif,Fugro Pty Ltd for the NSW Office of Environment and Heritage; ELVIS distributor,https://data.nsw.gov.au/data/dataset/marine-lidar-topo-bathy-2011,not recorded (files retrieved by 2026-04-26),CentralCoast2011-DEM-AHD-5m_374000-6337000_56_1km_1km.tif,21f580e8302b8bd80b6149bc4f3575923cbf8dbcbd6c524d50e1dc4c62cdbfab,EPSG:28356,"Elevation validity, study-area footprint and slope derivation",https://data.nsw.gov.au/data/dataset/marine-lidar-topo-bathy-2011,NO,Used; land DEM GeoTIFF tile; VERIFIED: Creative Commons Attribution (version not asserted); see DATA_SOURCES.md and ../ATTRIBUTION.md for attribution and modifications
NSW Marine LiDAR Topo-Bathy 2011 Geotif,Fugro Pty Ltd for the NSW Office of Environment and Heritage; ELVIS distributor,https://data.nsw.gov.au/data/dataset/marine-lidar-topo-bathy-2011,not recorded (files retrieved by 2026-04-26),CentralCoast2011-DEM-AHD-5m_374000-6338000_56_1km_1km.tif,9a315b089d777ad6d6bde2613453b06c22f45df53bb76d28e66c14ab5a61cc09,EPSG:28356,"Elevation validity, study-area footprint and slope derivation",https://data.nsw.gov.au/data/dataset/marine-lidar-topo-bathy-2011,NO,Used; land DEM GeoTIFF tile; VERIFIED: Creative Commons Attribution (version not asserted); see DATA_SOURCES.md and ../ATTRIBUTION.md for attribution and modifications
NSW Marine LiDAR Topo-Bathy 2011 Geotif,Fugro Pty Ltd for the NSW Office of Environment and Heritage; ELVIS distributor,https://data.nsw.gov.au/data/dataset/marine-lidar-topo-bathy-2011,not recorded (files retrieved by 2026-04-26),CentralCoast2011-DEM-AHD-5m_374000-6339000_56_1km_1km.tif,2fa08a4d6181db44fb2a4e7273f114f0c46f93cb14a2836549fbd94c95d0987d,EPSG:28356,"Elevation validity, study-area footprint and slope derivation",https://data.nsw.gov.au/data/dataset/marine-lidar-topo-bathy-2011,NO,Used; land DEM GeoTIFF tile; VERIFIED: Creative Commons Attribution (version not asserted); see DATA_SOURCES.md and ../ATTRIBUTION.md for attribution and modifications
NSW Marine LiDAR Topo-Bathy 2011 Geotif,Fugro Pty Ltd for the NSW Office of Environment and Heritage; ELVIS distributor,https://data.nsw.gov.au/data/dataset/marine-lidar-topo-bathy-2011,not recorded (files retrieved by 2026-04-26),CentralCoast2011-DEM-AHD-5m_375000-6329000_56_1km_1km.tif,00db0d4bca4f339732e842afc7a11907baf6b4979388451a6cf693c1900f6fea,EPSG:28356,"Elevation validity, study-area footprint and slope derivation",https://data.nsw.gov.au/data/dataset/marine-lidar-topo-bathy-2011,NO,Used; land DEM GeoTIFF tile; VERIFIED: Creative Commons Attribution (version not asserted); see DATA_SOURCES.md and ../ATTRIBUTION.md for attribution and modifications
NSW Marine LiDAR Topo-Bathy 2011 Geotif,Fugro Pty Ltd for the NSW Office of Environment and Heritage; ELVIS distributor,https://data.nsw.gov.au/data/dataset/marine-lidar-topo-bathy-2011,not recorded (files retrieved by 2026-04-26),CentralCoast2011-DEM-AHD-5m_375000-6330000_56_1km_1km.tif,35a1e2b52a9403814eddd8c9bb48c7e63426b038c3b42e5f710c4bc516fff045,EPSG:28356,"Elevation validity, study-area footprint and slope derivation",https://data.nsw.gov.au/data/dataset/marine-lidar-topo-bathy-2011,NO,Used; land DEM GeoTIFF tile; VERIFIED: Creative Commons Attribution (version not asserted); see DATA_SOURCES.md and ../ATTRIBUTION.md for attribution and modifications
NSW Marine LiDAR Topo-Bathy 2011 Geotif,Fugro Pty Ltd for the NSW Office of Environment and Heritage; ELVIS distributor,https://data.nsw.gov.au/data/dataset/marine-lidar-topo-bathy-2011,not recorded (files retrieved by 2026-04-26),CentralCoast2011-DEM-AHD-5m_375000-6331000_56_1km_1km.tif,88f86e8121cc354a1d1b06f3bebc769a94ab65aecbe443c15edb91412d6271d9,EPSG:28356,"Elevation validity, study-area footprint and slope derivation",https://data.nsw.gov.au/data/dataset/marine-lidar-topo-bathy-2011,NO,Used; land DEM GeoTIFF tile; VERIFIED: Creative Commons Attribution (version not asserted); see DATA_SOURCES.md and ../ATTRIBUTION.md for attribution and modifications
NSW Marine LiDAR Topo-Bathy 2011 Geotif,Fugro Pty Ltd for the NSW Office of Environment and Heritage; ELVIS distributor,https://data.nsw.gov.au/data/dataset/marine-lidar-topo-bathy-2011,not recorded (files retrieved by 2026-04-26),CentralCoast2011-DEM-AHD-5m_375000-6332000_56_1km_1km.tif,32ba310aeb133850703d44c19d09ae2b3fbbbdd53902172ba81a64f375153d89,EPSG:28356,"Elevation validity, study-area footprint and slope derivation",https://data.nsw.gov.au/data/dataset/marine-lidar-topo-bathy-2011,NO,Used; land DEM GeoTIFF tile; VERIFIED: Creative Commons Attribution (version not asserted); see DATA_SOURCES.md and ../ATTRIBUTION.md for attribution and modifications
NSW Marine LiDAR Topo-Bathy 2011 Geotif,Fugro Pty Ltd for the NSW Office of Environment and Heritage; ELVIS distributor,https://data.nsw.gov.au/data/dataset/marine-lidar-topo-bathy-2011,not recorded (files retrieved by 2026-04-26),CentralCoast2011-DEM-AHD-5m_375000-6333000_56_1km_1km.tif,703226574187f61d4ae037b82a48c9ae669b93822b40c217c78b04377618dea6,EPSG:28356,"Elevation validity, study-area footprint and slope derivation",https://data.nsw.gov.au/data/dataset/marine-lidar-topo-bathy-2011,NO,Used; land DEM GeoTIFF tile; VERIFIED: Creative Commons Attribution (version not asserted); see DATA_SOURCES.md and ../ATTRIBUTION.md for attribution and modifications
NSW Marine LiDAR Topo-Bathy 2011 Geotif,Fugro Pty Ltd for the NSW Office of Environment and Heritage; ELVIS distributor,https://data.nsw.gov.au/data/dataset/marine-lidar-topo-bathy-2011,not recorded (files retrieved by 2026-04-26),CentralCoast2011-DEM-AHD-5m_375000-6334000_56_1km_1km.tif,687f35e1a15b8607a3fce7bf0e3a85ef51afe965057925bc33549cc9f20d8d46,EPSG:28356,"Elevation validity, study-area footprint and slope derivation",https://data.nsw.gov.au/data/dataset/marine-lidar-topo-bathy-2011,NO,Used; land DEM GeoTIFF tile; VERIFIED: Creative Commons Attribution (version not asserted); see DATA_SOURCES.md and ../ATTRIBUTION.md for attribution and modifications
NSW Marine LiDAR Topo-Bathy 2011 Geotif,Fugro Pty Ltd for the NSW Office of Environment and Heritage; ELVIS distributor,https://data.nsw.gov.au/data/dataset/marine-lidar-topo-bathy-2011,not recorded (files retrieved by 2026-04-26),CentralCoast2011-DEM-AHD-5m_375000-6335000_56_1km_1km.tif,0a06841bbfd157a6a4a9a1d463ed5a9bccf22a0bf92a2ba34d9fc2bd45f0cf07,EPSG:28356,"Elevation validity, study-area footprint and slope derivation",https://data.nsw.gov.au/data/dataset/marine-lidar-topo-bathy-2011,NO,Used; land DEM GeoTIFF tile; VERIFIED: Creative Commons Attribution (version not asserted); see DATA_SOURCES.md and ../ATTRIBUTION.md for attribution and modifications
NSW Marine LiDAR Topo-Bathy 2011 Geotif,Fugro Pty Ltd for the NSW Office of Environment and Heritage; ELVIS distributor,https://data.nsw.gov.au/data/dataset/marine-lidar-topo-bathy-2011,not recorded (files retrieved by 2026-04-26),CentralCoast2011-DEM-AHD-5m_375000-6336000_56_1km_1km.tif,e6eaa1d75f149cd956d176e4d2dc841ac48c0d3331ac92a88ab259d88880d814,EPSG:28356,"Elevation validity, study-area footprint and slope derivation",https://data.nsw.gov.au/data/dataset/marine-lidar-topo-bathy-2011,NO,Used; land DEM GeoTIFF tile; VERIFIED: Creative Commons Attribution (version not asserted); see DATA_SOURCES.md and ../ATTRIBUTION.md for attribution and modifications
NSW Marine LiDAR Topo-Bathy 2011 Geotif,Fugro Pty Ltd for the NSW Office of Environment and Heritage; ELVIS distributor,https://data.nsw.gov.au/data/dataset/marine-lidar-topo-bathy-2011,not recorded (files retrieved by 2026-04-26),CentralCoast2011-DEM-AHD-5m_375000-6337000_56_1km_1km.tif,5201053bc0dfaec6c6a86dddd3e0a87af466f5356b48ee53c307d56d230f97ce,EPSG:28356,"Elevation validity, study-area footprint and slope derivation",https://data.nsw.gov.au/data/dataset/marine-lidar-topo-bathy-2011,NO,Used; land DEM GeoTIFF tile; VERIFIED: Creative Commons Attribution (version not asserted); see DATA_SOURCES.md and ../ATTRIBUTION.md for attribution and modifications
NSW Marine LiDAR Topo-Bathy 2011 Geotif,Fugro Pty Ltd for the NSW Office of Environment and Heritage; ELVIS distributor,https://data.nsw.gov.au/data/dataset/marine-lidar-topo-bathy-2011,not recorded (files retrieved by 2026-04-26),CentralCoast2011-DEM-AHD-5m_375000-6338000_56_1km_1km.tif,13b62286dc36368b82d41664f0d834d3d8d6fdd525d32081c05c5619c08930e2,EPSG:28356,"Elevation validity, study-area footprint and slope derivation",https://data.nsw.gov.au/data/dataset/marine-lidar-topo-bathy-2011,NO,Used; land DEM GeoTIFF tile; VERIFIED: Creative Commons Attribution (version not asserted); see DATA_SOURCES.md and ../ATTRIBUTION.md for attribution and modifications
NSW Marine LiDAR Topo-Bathy 2011 Geotif,Fugro Pty Ltd for the NSW Office of Environment and Heritage; ELVIS distributor,https://data.nsw.gov.au/data/dataset/marine-lidar-topo-bathy-2011,not recorded (files retrieved by 2026-04-26),CentralCoast2011-DEM-AHD-5m_375000-6339000_56_1km_1km.tif,3693dd0ac297881536fe8464cf9974b58aee19b921cc4ec6e2e0366d9e020dfb,EPSG:28356,"Elevation validity, study-area footprint and slope derivation",https://data.nsw.gov.au/data/dataset/marine-lidar-topo-bathy-2011,NO,Used; land DEM GeoTIFF tile; VERIFIED: Creative Commons Attribution (version not asserted); see DATA_SOURCES.md and ../ATTRIBUTION.md for attribution and modifications
NSW Marine LiDAR Topo-Bathy 2011 Geotif,Fugro Pty Ltd for the NSW Office of Environment and Heritage; ELVIS distributor,https://data.nsw.gov.au/data/dataset/marine-lidar-topo-bathy-2011,not recorded (files retrieved by 2026-04-26),CentralCoast2011-DEM-AHD-5m_375000-6340000_56_1km_1km.tif,7963ae80c36bf26f9b729801d48a4102ce093fdc3c6f57804322b5a3b08b9665,EPSG:28356,"Elevation validity, study-area footprint and slope derivation",https://data.nsw.gov.au/data/dataset/marine-lidar-topo-bathy-2011,NO,Used; land DEM GeoTIFF tile; VERIFIED: Creative Commons Attribution (version not asserted); see DATA_SOURCES.md and ../ATTRIBUTION.md for attribution and modifications
NSW Marine LiDAR Topo-Bathy 2011 Geotif,Fugro Pty Ltd for the NSW Office of Environment and Heritage; ELVIS distributor,https://data.nsw.gov.au/data/dataset/marine-lidar-topo-bathy-2011,not recorded (files retrieved by 2026-04-26),CentralCoast2011-DEM-AHD-5m_376000-6332000_56_1km_1km.tif,e70eb6ca0676e21a8c2b26a6fb15c9b19afb13ba6632356f10078ae7232769a4,EPSG:28356,"Elevation validity, study-area footprint and slope derivation",https://data.nsw.gov.au/data/dataset/marine-lidar-topo-bathy-2011,NO,Used; land DEM GeoTIFF tile; VERIFIED: Creative Commons Attribution (version not asserted); see DATA_SOURCES.md and ../ATTRIBUTION.md for attribution and modifications
NSW Marine LiDAR Topo-Bathy 2011 Geotif,Fugro Pty Ltd for the NSW Office of Environment and Heritage; ELVIS distributor,https://data.nsw.gov.au/data/dataset/marine-lidar-topo-bathy-2011,not recorded (files retrieved by 2026-04-26),CentralCoast2011-DEM-AHD-5m_376000-6333000_56_1km_1km.tif,da8f04080b342e9315683a5dc7172e8c6480f22ce2c013ce23fbd279eac143df,EPSG:28356,"Elevation validity, study-area footprint and slope derivation",https://data.nsw.gov.au/data/dataset/marine-lidar-topo-bathy-2011,NO,Used; land DEM GeoTIFF tile; VERIFIED: Creative Commons Attribution (version not asserted); see DATA_SOURCES.md and ../ATTRIBUTION.md for attribution and modifications
NSW Marine LiDAR Topo-Bathy 2011 Geotif,Fugro Pty Ltd for the NSW Office of Environment and Heritage; ELVIS distributor,https://data.nsw.gov.au/data/dataset/marine-lidar-topo-bathy-2011,not recorded (files retrieved by 2026-04-26),CentralCoast2011-DEM-AHD-5m_376000-6334000_56_1km_1km.tif,a687f7adff393ee0158e8caed9ebceef11f66a8f082b7faec1060d8a0f4d1d67,EPSG:28356,"Elevation validity, study-area footprint and slope derivation",https://data.nsw.gov.au/data/dataset/marine-lidar-topo-bathy-2011,NO,Used; land DEM GeoTIFF tile; VERIFIED: Creative Commons Attribution (version not asserted); see DATA_SOURCES.md and ../ATTRIBUTION.md for attribution and modifications
NSW Marine LiDAR Topo-Bathy 2011 Geotif,Fugro Pty Ltd for the NSW Office of Environment and Heritage; ELVIS distributor,https://data.nsw.gov.au/data/dataset/marine-lidar-topo-bathy-2011,not recorded (files retrieved by 2026-04-26),CentralCoast2011-DEM-AHD-5m_376000-6335000_56_1km_1km.tif,7f71caff7280474ff19cd41a2b71c443062da216a7d42fad65bb60ed6e1b0de6,EPSG:28356,"Elevation validity, study-area footprint and slope derivation",https://data.nsw.gov.au/data/dataset/marine-lidar-topo-bathy-2011,NO,Used; land DEM GeoTIFF tile; VERIFIED: Creative Commons Attribution (version not asserted); see DATA_SOURCES.md and ../ATTRIBUTION.md for attribution and modifications
NSW Marine LiDAR Topo-Bathy 2011 Geotif,Fugro Pty Ltd for the NSW Office of Environment and Heritage; ELVIS distributor,https://data.nsw.gov.au/data/dataset/marine-lidar-topo-bathy-2011,not recorded (files retrieved by 2026-04-26),CentralCoast2011-DEM-AHD-5m_376000-6336000_56_1km_1km.tif,84911cfb4ced33c06aec9b439a135832a737a87c42c7fb39d4a3a8bb7a955ed8,EPSG:28356,"Elevation validity, study-area footprint and slope derivation",https://data.nsw.gov.au/data/dataset/marine-lidar-topo-bathy-2011,NO,Used; land DEM GeoTIFF tile; VERIFIED: Creative Commons Attribution (version not asserted); see DATA_SOURCES.md and ../ATTRIBUTION.md for attribution and modifications
NSW Marine LiDAR Topo-Bathy 2011 Geotif,Fugro Pty Ltd for the NSW Office of Environment and Heritage; ELVIS distributor,https://data.nsw.gov.au/data/dataset/marine-lidar-topo-bathy-2011,not recorded (files retrieved by 2026-04-26),CentralCoast2011-DEM-AHD-5m_376000-6337000_56_1km_1km.tif,a3ad647c44a23c35c098c22831db26a80037a72ada0b31c16d3eed2a6727c28c,EPSG:28356,"Elevation validity, study-area footprint and slope derivation",https://data.nsw.gov.au/data/dataset/marine-lidar-topo-bathy-2011,NO,Used; land DEM GeoTIFF tile; VERIFIED: Creative Commons Attribution (version not asserted); see DATA_SOURCES.md and ../ATTRIBUTION.md for attribution and modifications
NSW Marine LiDAR Topo-Bathy 2011 Geotif,Fugro Pty Ltd for the NSW Office of Environment and Heritage; ELVIS distributor,https://data.nsw.gov.au/data/dataset/marine-lidar-topo-bathy-2011,not recorded (files retrieved by 2026-04-26),CentralCoast2011-DEM-AHD-5m_376000-6338000_56_1km_1km.tif,bffb5ed1f96d4379447f872a70745d8ebd4bb0e431fec1e70f52b03368d3f2d8,EPSG:28356,"Elevation validity, study-area footprint and slope derivation",https://data.nsw.gov.au/data/dataset/marine-lidar-topo-bathy-2011,NO,Used; land DEM GeoTIFF tile; VERIFIED: Creative Commons Attribution (version not asserted); see DATA_SOURCES.md and ../ATTRIBUTION.md for attribution and modifications
NSW Marine LiDAR Topo-Bathy 2011 Geotif,Fugro Pty Ltd for the NSW Office of Environment and Heritage; ELVIS distributor,https://data.nsw.gov.au/data/dataset/marine-lidar-topo-bathy-2011,not recorded (files retrieved by 2026-04-26),CentralCoast2011-DEM-AHD-5m_376000-6339000_56_1km_1km.tif,fab4c95c15fad963df7c884da957087e01803c9bb1611600ad427faf60ea0b4b,EPSG:28356,"Elevation validity, study-area footprint and slope derivation",https://data.nsw.gov.au/data/dataset/marine-lidar-topo-bathy-2011,NO,Used; land DEM GeoTIFF tile; VERIFIED: Creative Commons Attribution (version not asserted); see DATA_SOURCES.md and ../ATTRIBUTION.md for attribution and modifications
NSW Marine LiDAR Topo-Bathy 2011 Geotif,Fugro Pty Ltd for the NSW Office of Environment and Heritage; ELVIS distributor,https://data.nsw.gov.au/data/dataset/marine-lidar-topo-bathy-2011,not recorded (files retrieved by 2026-04-26),CentralCoast2011-DEM-AHD-5m_376000-6340000_56_1km_1km.tif,b5fc2eb81f861c51c02dfd1f191f8005083c2c4bbfe90563cb9e38964e2ccb06,EPSG:28356,"Elevation validity, study-area footprint and slope derivation",https://data.nsw.gov.au/data/dataset/marine-lidar-topo-bathy-2011,NO,Used; land DEM GeoTIFF tile; VERIFIED: Creative Commons Attribution (version not asserted); see DATA_SOURCES.md and ../ATTRIBUTION.md for attribution and modifications
NSW Marine LiDAR Topo-Bathy 2011 Geotif,Fugro Pty Ltd for the NSW Office of Environment and Heritage; ELVIS distributor,https://data.nsw.gov.au/data/dataset/marine-lidar-topo-bathy-2011,not recorded (files retrieved by 2026-04-26),CentralCoast2011-DEM-AHD-5m_377000-6335000_56_1km_1km.tif,f8db80c036a22e6da53e6b143b48cfaf2a051962830dff45c6d47f0d32a5221e,EPSG:28356,"Elevation validity, study-area footprint and slope derivation",https://data.nsw.gov.au/data/dataset/marine-lidar-topo-bathy-2011,NO,Used; land DEM GeoTIFF tile; VERIFIED: Creative Commons Attribution (version not asserted); see DATA_SOURCES.md and ../ATTRIBUTION.md for attribution and modifications
NSW Marine LiDAR Topo-Bathy 2011 Geotif,Fugro Pty Ltd for the NSW Office of Environment and Heritage; ELVIS distributor,https://data.nsw.gov.au/data/dataset/marine-lidar-topo-bathy-2011,not recorded (files retrieved by 2026-04-26),CentralCoast2011-DEM-AHD-5m_377000-6336000_56_1km_1km.tif,05a07327f6ddc7032de779152e52624e048a0469efe5d33e24bcbdc0e9a572af,EPSG:28356,"Elevation validity, study-area footprint and slope derivation",https://data.nsw.gov.au/data/dataset/marine-lidar-topo-bathy-2011,NO,Used; land DEM GeoTIFF tile; VERIFIED: Creative Commons Attribution (version not asserted); see DATA_SOURCES.md and ../ATTRIBUTION.md for attribution and modifications
NSW Marine LiDAR Topo-Bathy 2011 Geotif,Fugro Pty Ltd for the NSW Office of Environment and Heritage; ELVIS distributor,https://data.nsw.gov.au/data/dataset/marine-lidar-topo-bathy-2011,not recorded (files retrieved by 2026-04-26),CentralCoast2011-DEM-AHD-5m_377000-6337000_56_1km_1km.tif,6163115d588ad59fcf994a15c50ffae85ac5acee0872a76944ffdc3c8358e0da,EPSG:28356,"Elevation validity, study-area footprint and slope derivation",https://data.nsw.gov.au/data/dataset/marine-lidar-topo-bathy-2011,NO,Used; land DEM GeoTIFF tile; VERIFIED: Creative Commons Attribution (version not asserted); see DATA_SOURCES.md and ../ATTRIBUTION.md for attribution and modifications
NSW Marine LiDAR Topo-Bathy 2011 Geotif,Fugro Pty Ltd for the NSW Office of Environment and Heritage; ELVIS distributor,https://data.nsw.gov.au/data/dataset/marine-lidar-topo-bathy-2011,not recorded (files retrieved by 2026-04-26),CentralCoast2011-DEM-AHD-5m_377000-6338000_56_1km_1km.tif,b16f539fe58ad7290f1761fc5d04bec16d94e54a020dd40a317b57f510d3eeb0,EPSG:28356,"Elevation validity, study-area footprint and slope derivation",https://data.nsw.gov.au/data/dataset/marine-lidar-topo-bathy-2011,NO,Used; land DEM GeoTIFF tile; VERIFIED: Creative Commons Attribution (version not asserted); see DATA_SOURCES.md and ../ATTRIBUTION.md for attribution and modifications
NSW Marine LiDAR Topo-Bathy 2011 Geotif,Fugro Pty Ltd for the NSW Office of Environment and Heritage; ELVIS distributor,https://data.nsw.gov.au/data/dataset/marine-lidar-topo-bathy-2011,not recorded (files retrieved by 2026-04-26),CentralCoast2011-DEM-AHD-5m_377000-6339000_56_1km_1km.tif,7b70d50f3bd314ddf8f27fd0b2d9acb176d71340238dced14ef2778c29efb40f,EPSG:28356,"Elevation validity, study-area footprint and slope derivation",https://data.nsw.gov.au/data/dataset/marine-lidar-topo-bathy-2011,NO,Used; land DEM GeoTIFF tile; VERIFIED: Creative Commons Attribution (version not asserted); see DATA_SOURCES.md and ../ATTRIBUTION.md for attribution and modifications
NSW Marine LiDAR Topo-Bathy 2011 Geotif,Fugro Pty Ltd for the NSW Office of Environment and Heritage; ELVIS distributor,https://data.nsw.gov.au/data/dataset/marine-lidar-topo-bathy-2011,not recorded (files retrieved by 2026-04-26),CentralCoast2011-DEM-AHD-5m_377000-6340000_56_1km_1km.tif,3209ac15cd0f6abb721b910028be4190961d28e2d9f4fd19001436d17970c77b,EPSG:28356,"Elevation validity, study-area footprint and slope derivation",https://data.nsw.gov.au/data/dataset/marine-lidar-topo-bathy-2011,NO,Used; land DEM GeoTIFF tile; VERIFIED: Creative Commons Attribution (version not asserted); see DATA_SOURCES.md and ../ATTRIBUTION.md for attribution and modifications
NSW Marine LiDAR Topo-Bathy 2011 Geotif,Fugro Pty Ltd for the NSW Office of Environment and Heritage; ELVIS distributor,https://data.nsw.gov.au/data/dataset/marine-lidar-topo-bathy-2011,not recorded (files retrieved by 2026-04-26),CentralCoast2011-DEM-AHD-5m_377000-6341000_56_1km_1km.tif,15a5b07aaea9c88b9cd651e94257e8981d167fb9fb42c827d287fd8d624ab58c,EPSG:28356,"Elevation validity, study-area footprint and slope derivation",https://data.nsw.gov.au/data/dataset/marine-lidar-topo-bathy-2011,NO,Used; land DEM GeoTIFF tile; VERIFIED: Creative Commons Attribution (version not asserted); see DATA_SOURCES.md and ../ATTRIBUTION.md for attribution and modifications
NSW Marine LiDAR Topo-Bathy 2011 Geotif,Fugro Pty Ltd for the NSW Office of Environment and Heritage; ELVIS distributor,https://data.nsw.gov.au/data/dataset/marine-lidar-topo-bathy-2011,not recorded (files retrieved by 2026-04-26),CentralCoast2011-DEM-AHD-5m_378000-6338000_56_1km_1km.tif,af26ca5531f7e469d62522688eb3d5a3fb314621c5382b89c884e371da19d589,EPSG:28356,"Elevation validity, study-area footprint and slope derivation",https://data.nsw.gov.au/data/dataset/marine-lidar-topo-bathy-2011,NO,Used; land DEM GeoTIFF tile; VERIFIED: Creative Commons Attribution (version not asserted); see DATA_SOURCES.md and ../ATTRIBUTION.md for attribution and modifications
NSW Marine LiDAR Topo-Bathy 2011 Geotif,Fugro Pty Ltd for the NSW Office of Environment and Heritage; ELVIS distributor,https://data.nsw.gov.au/data/dataset/marine-lidar-topo-bathy-2011,not recorded (files retrieved by 2026-04-26),CentralCoast2011-DEM-AHD-5m_378000-6339000_56_1km_1km.tif,fff0558dfc80187cc66d814ad05d5fc79e19eb26662c97ba194c488803ccc5af,EPSG:28356,"Elevation validity, study-area footprint and slope derivation",https://data.nsw.gov.au/data/dataset/marine-lidar-topo-bathy-2011,NO,Used; land DEM GeoTIFF tile; VERIFIED: Creative Commons Attribution (version not asserted); see DATA_SOURCES.md and ../ATTRIBUTION.md for attribution and modifications
NSW Marine LiDAR Topo-Bathy 2011 Geotif,Fugro Pty Ltd for the NSW Office of Environment and Heritage; ELVIS distributor,https://data.nsw.gov.au/data/dataset/marine-lidar-topo-bathy-2011,not recorded (files retrieved by 2026-04-26),CentralCoast2011-DEM-AHD-5m_378000-6340000_56_1km_1km.tif,773747188f33fb69414d2b187a372c0b8ad4832814ce87743f2411d02b9ff0f8,EPSG:28356,"Elevation validity, study-area footprint and slope derivation",https://data.nsw.gov.au/data/dataset/marine-lidar-topo-bathy-2011,NO,Used; land DEM GeoTIFF tile; VERIFIED: Creative Commons Attribution (version not asserted); see DATA_SOURCES.md and ../ATTRIBUTION.md for attribution and modifications
NSW Marine LiDAR Topo-Bathy 2011 Geotif,Fugro Pty Ltd for the NSW Office of Environment and Heritage; ELVIS distributor,https://data.nsw.gov.au/data/dataset/marine-lidar-topo-bathy-2011,not recorded (files retrieved by 2026-04-26),CentralCoast2011-DEM-AHD-5m_378000-6341000_56_1km_1km.tif,97841f3be6cb0605b9bcef0e9260b6abe1208e2df134ac0aa3ca166e0612ace8,EPSG:28356,"Elevation validity, study-area footprint and slope derivation",https://data.nsw.gov.au/data/dataset/marine-lidar-topo-bathy-2011,NO,Used; land DEM GeoTIFF tile; VERIFIED: Creative Commons Attribution (version not asserted); see DATA_SOURCES.md and ../ATTRIBUTION.md for attribution and modifications
NSW Road Network Categorisation,Transport for NSW,https://opendata.transport.nsw.gov.au/data/dataset/nsw-roads-network-categorisation,not recorded (local file timestamp 2026-04-20),nsw_road_network_categorisation.json,8e21c664c8fcb9fc07ea8daef2d012ed354bd4b44a1306f90002e29e73afd6e8,EPSG:3857,Euclidean distance from analysis points to acquired State/Regional roads,https://creativecommons.org/licenses/by/4.0/,NO,Used; JSON export with embedded geometries; VERIFIED: Creative Commons Attribution 4.0 International; see DATA_SOURCES.md and ../ATTRIBUTION.md
"Land and Soil Capability Mapping for NSW, Version 4.6","NSW Department of Climate Change, Energy, the Environment and Water",https://iar.environment.nsw.gov.au/dataset/4BC12CBF-F119-4788-8C5A-A86466EC6412,not recorded,LSC_MstLmtAll_NSW_v4_6_251010.shp,07a0d73a01fc04d478ca21421b1a14aeae0c25f6e67420cce318a07b48e31aa2,EPSG:4283,Six LSC predictors and corrected ground-difficulty composite,https://creativecommons.org/licenses/by/4.0/,NO,Used shapefile component; VERIFIED: Creative Commons Attribution 4.0 International; see DATA_SOURCES.md and ../ATTRIBUTION.md
"Land and Soil Capability Mapping for NSW, Version 4.6","NSW Department of Climate Change, Energy, the Environment and Water",https://iar.environment.nsw.gov.au/dataset/4BC12CBF-F119-4788-8C5A-A86466EC6412,not recorded,LSC_MstLmtAll_NSW_v4_6_251010.shx,9f1aae3720dc4dbb54d915aaa68ef7c4a4e974810e863d19b12875454bc3529c,EPSG:4283,Six LSC predictors and corrected ground-difficulty composite,https://creativecommons.org/licenses/by/4.0/,NO,Used shapefile component; VERIFIED: Creative Commons Attribution 4.0 International; see DATA_SOURCES.md and ../ATTRIBUTION.md
"Land and Soil Capability Mapping for NSW, Version 4.6","NSW Department of Climate Change, Energy, the Environment and Water",https://iar.environment.nsw.gov.au/dataset/4BC12CBF-F119-4788-8C5A-A86466EC6412,not recorded,LSC_MstLmtAll_NSW_v4_6_251010.dbf,4f0f7f767b6f9467f842dff240e16b7dfa7c0c1090ed59d98f0b1700f0d1d653,EPSG:4283,Six LSC predictors and corrected ground-difficulty composite,https://creativecommons.org/licenses/by/4.0/,NO,Used shapefile component; VERIFIED: Creative Commons Attribution 4.0 International; see DATA_SOURCES.md and ../ATTRIBUTION.md
"Land and Soil Capability Mapping for NSW, Version 4.6","NSW Department of Climate Change, Energy, the Environment and Water",https://iar.environment.nsw.gov.au/dataset/4BC12CBF-F119-4788-8C5A-A86466EC6412,not recorded,LSC_MstLmtAll_NSW_v4_6_251010.prj,bc5b0145c9d454b8e35e2cc47793a3bae2efb5b2cfc74a252e16b4cd35e63d57,EPSG:4283,Six LSC predictors and corrected ground-difficulty composite,https://creativecommons.org/licenses/by/4.0/,NO,Used shapefile component; VERIFIED: Creative Commons Attribution 4.0 International; see DATA_SOURCES.md and ../ATTRIBUTION.md
"Land and Soil Capability Mapping for NSW, Version 4.6","NSW Department of Climate Change, Energy, the Environment and Water",https://iar.environment.nsw.gov.au/dataset/4BC12CBF-F119-4788-8C5A-A86466EC6412,not recorded,LSC_MstLmtAll_NSW_v4_6_251010.cpg,3ad3031f5503a4404af825262ee8232cc04d4ea6683d42c5dd0a2f2a27ac9824,EPSG:4283,Six LSC predictors and corrected ground-difficulty composite,https://creativecommons.org/licenses/by/4.0/,NO,Used shapefile component; VERIFIED: Creative Commons Attribution 4.0 International; see DATA_SOURCES.md and ../ATTRIBUTION.md
"Land and Soil Capability Mapping for NSW, Version 4.6","NSW Department of Climate Change, Energy, the Environment and Water",https://iar.environment.nsw.gov.au/dataset/4BC12CBF-F119-4788-8C5A-A86466EC6412,not recorded,LSC_MstLmtAll_NSW_v4_6_251010.sbn,8a19157d7b7f776e57e89ed68bc87ab07c33ce6523c05aa3707b89bf9876c483,EPSG:4283,Six LSC predictors and corrected ground-difficulty composite,https://creativecommons.org/licenses/by/4.0/,NO,Used shapefile component; VERIFIED: Creative Commons Attribution 4.0 International; see DATA_SOURCES.md and ../ATTRIBUTION.md
"Land and Soil Capability Mapping for NSW, Version 4.6","NSW Department of Climate Change, Energy, the Environment and Water",https://iar.environment.nsw.gov.au/dataset/4BC12CBF-F119-4788-8C5A-A86466EC6412,not recorded,LSC_MstLmtAll_NSW_v4_6_251010.sbx,2e8f783455c49474be63bba61594a45e53a617e2ec641c803843e814a0e38a38,EPSG:4283,Six LSC predictors and corrected ground-difficulty composite,https://creativecommons.org/licenses/by/4.0/,NO,Used shapefile component; VERIFIED: Creative Commons Attribution 4.0 International; see DATA_SOURCES.md and ../ATTRIBUTION.md
"Land and Soil Capability Mapping for NSW, Version 4.6","NSW Department of Climate Change, Energy, the Environment and Water",https://iar.environment.nsw.gov.au/dataset/4BC12CBF-F119-4788-8C5A-A86466EC6412,not recorded,LSC_MstLmtAll_NSW_v4_6_251010.shp.xml,25b145902fecb69c45d0ded2624fbed187217125c0fd3b6a3776e5c8559f2ca0,EPSG:4283,Six LSC predictors and corrected ground-difficulty composite,https://creativecommons.org/licenses/by/4.0/,NO,Used shapefile component; VERIFIED: Creative Commons Attribution 4.0 International; see DATA_SOURCES.md and ../ATTRIBUTION.md
