site_id,proxy_label,lightgbm_probability,lightgbm_prediction
site_18684,0,6.794231120688183e-07,0
site_04960,0,2.063107829991455e-10,0
site_13655,0,1.623999830576905e-10,0
site_12717,0,2.063107829991455e-10,0
site_20836,0,2.114066637963611e-09,0
site_08085,0,2.1140674712604512e-09,0
site_17781,0,4.1345641700934825e-07,0
site_16125,0,7.338205380619931e-10,0
site_17602,0,2.063107829991455e-10,0
site_11697,0,2.6527934508438208e-05,0
site_00622,0,2.1139408403286503e-09,0
site_09104,0,3.5734060199006246e-10,0
site_07100,0,2.063107829991455e-10,0
site_20787,0,1.3956010500495407e-10,0
site_15828,0,2.063107829991455e-10,0
site_18383,0,1.32861245808081e-09,0
site_17706,0,2.063107829991455e-10,0
site_16774,0,3.573404611379851e-10,0
site_11137,1,0.9999999741707883,1
site_13600,0,1.681671358334734e-10,0
site_18972,0,1.681671166668268e-10,0
site_12425,0,1.3956012091115064e-10,0
site_04110,0,3.573404611379851e-10,0
site_19057,0,2.063107829991455e-10,0
site_02562,0,4.1345641700934825e-07,0
site_12124,1,0.9999997879125168,1
site_13811,0,1.3956012091115064e-10,0
site_10452,0,2.063107829991455e-10,0
site_18497,0,1.623999830576905e-10,0
site_21459,0,1.0131132445337718e-09,0
site_10696,0,2.063107829991455e-10,0
site_09754,0,4.2252084422526584e-10,0
site_15795,0,2.063107829991455e-10,0
site_11363,0,2.063107829991455e-10,0
site_21335,1,0.9999990990559763,1
site_12661,0,1.466097334162848e-06,0
site_20465,0,1.3334999862456042e-09,0
site_13704,0,4.225208923815752e-10,0
site_18656,0,1.3956010500495407e-10,0
site_02681,0,2.063107829991455e-10,0
site_14055,0,2.063107829991455e-10,0
site_15191,0,2.063107829991455e-10,0
site_18410,0,2.063107829991455e-10,0
site_09586,0,2.393970175122501e-06,0
site_18609,0,2.063107829991455e-10,0
site_04866,0,8.98916067512959e-10,0
site_10650,0,1.3334999862456042e-09,0
site_04165,0,2.1139416735759055e-09,0
site_07482,0,7.338205380619931e-10,0
site_03813,0,1.623999830576905e-10,0
site_15032,0,3.6340272296064405e-10,0
site_21462,0,1.6599058891573451e-09,0
site_16892,0,7.338202488137336e-10,0
site_15103,0,5.793564971825138e-10,0
site_01830,0,2.063107829991455e-10,0
site_14964,0,2.063107829991455e-10,0
site_18579,0,2.063107829991455e-10,0
site_04694,0,9.912939977644526e-10,0
site_20856,0,7.403092632968067e-07,0
site_01741,0,4.1345625403830226e-07,0
site_15582,0,1.3956013327709517e-10,0
site_10875,0,1.6679424012421817e-06,0
site_02972,0,4.2252084422526584e-10,0
site_14464,0,2.063107829991455e-10,0
site_02088,0,1.3956010500495407e-10,0
site_21422,1,0.999999948471678,1
site_13509,0,9.006434307382935e-10,0
site_14768,0,1.3956013327709517e-10,0
site_11478,0,3.5734060199006246e-10,0
site_13403,0,1.4660977422123578e-06,0
site_15719,0,4.97044378301106e-09,0
site_21209,0,9.912939977644526e-10,0
site_06719,0,2.063107829991455e-10,0
site_04441,0,1.3956010500495407e-10,0
site_02391,0,2.128382659921926e-09,0
site_05733,0,2.1140674712604512e-09,0
site_04515,0,2.063107829991455e-10,0
site_03233,0,1.4660977422123578e-06,0
site_21311,0,6.949887134256271e-07,0
site_08745,0,5.765750680341716e-10,0
site_21081,0,4.1345641700934825e-07,0
site_20872,0,7.338205380619931e-10,0
site_03743,0,1.681671166668268e-10,0
site_00160,1,0.9999998531046175,1
site_17179,1,0.9999996934605047,1
site_08267,0,1.681671507341876e-10,0
site_00957,1,0.9999997573774462,1
site_19111,0,1.3334999862456042e-09,0
site_05096,0,2.063107829991455e-10,0
site_21142,0,1.3334999862456042e-09,0
site_03040,1,0.9999998531046175,1
site_00849,0,2.058598427759658e-05,0
site_00903,0,3.441787094371995e-07,0
site_08509,0,7.338205380619931e-10,0
site_03676,0,1.6599058891573451e-09,0
site_11932,0,2.063107829991455e-10,0
site_10306,0,1.3956012091115064e-10,0
site_03816,0,2.063107829991455e-10,0
site_06844,0,1.681671166668268e-10,0
site_20520,0,7.338202488137336e-10,0
site_15744,0,4.1345641700934825e-07,0
site_19516,0,1.3956010500495407e-10,0
site_09216,0,2.063107829991455e-10,0
site_16755,0,2.063107829991455e-10,0
site_06554,0,2.063107829991455e-10,0
site_10420,0,1.681671358334734e-10,0
site_13405,0,4.1345641700934825e-07,0
site_03226,0,2.063107829991455e-10,0
site_17074,1,0.9999993382441286,1
site_11852,1,0.9999999560818934,1
site_05984,0,1.3956010500495407e-10,0
site_12321,0,9.912939977644526e-10,0
site_14646,0,2.063107829991455e-10,0
site_02457,0,9.066196180464883e-11,0
site_13418,0,2.063107829991455e-10,0
site_06826,0,3.5734054549291034e-10,0
site_05829,1,0.9999999454883023,1
site_20449,0,1.6599058891573451e-09,0
site_10154,0,7.338205380619931e-10,0
site_04474,0,4.1345641700934825e-07,0
site_13705,0,1.624000015670349e-10,0
site_16658,0,4.1345625403830226e-07,0
site_10175,0,8.98916067512959e-10,0
site_12701,0,8.98916067512959e-10,0
site_09086,0,4.1345625403830226e-07,0
site_17296,0,1.0554330775059986e-09,0
site_21176,0,4.1345625403830226e-07,0
site_06858,0,1.623999830576905e-10,0
site_09353,0,1.623999830576905e-10,0
site_08324,0,1.624000015670349e-10,0
site_07666,0,1.3956013327709517e-10,0
site_14927,0,2.063107829991455e-10,0
site_09601,0,2.063107829991455e-10,0
site_00961,1,0.999999638198603,1
site_14111,0,2.063107829991455e-10,0
site_09437,0,1.3956010500495407e-10,0
site_14606,0,2.063107829991455e-10,0
site_02439,0,2.063107829991455e-10,0
site_03275,1,0.9999998129658462,1
site_12333,0,1.3334999862456042e-09,0
site_11496,0,2.063107829991455e-10,0
site_20728,0,1.4660971643250126e-06,0
site_11147,1,0.9999999911166667,1
site_01454,0,1.0554326614885055e-09,0
site_02331,0,4.3905175696701793e-10,0
site_15983,0,4.1345641700934825e-07,0
site_09701,0,2.2025581879788854e-09,0
site_00245,0,1.3334999862456042e-09,0
site_05436,0,1.3334999862456042e-09,0
site_12851,0,2.0722022461855482e-09,0
site_21105,0,7.338202488137336e-10,0
site_00899,1,0.9999999640822876,1
site_13595,0,1.3956012091115064e-10,0
site_01587,0,3.861359162980597e-09,0
site_12975,0,3.861359162980597e-09,0
site_15397,0,4.1345641700934825e-07,0
site_08569,0,1.3956012091115064e-10,0
site_02945,1,0.9999999961009778,1
site_00279,0,1.3956010500495407e-10,0
site_09441,0,1.623999830576905e-10,0
site_07160,0,2.063107829991455e-10,0
site_04998,0,1.6599058891573451e-09,0
site_15846,0,2.063107829991455e-10,0
site_18745,0,1.624000268783077e-10,0
site_11371,0,3.034016620902076e-09,0
site_17588,0,3.07072415313171e-08,0
site_08623,0,2.063107829991455e-10,0
site_13780,0,8.925042859445542e-10,0
site_18760,0,2.063107829991455e-10,0
site_06449,0,2.063107829991455e-10,0
site_02575,0,1.0979616502267411e-05,0
site_12991,1,0.9999999913387775,1
site_16018,0,1.6816716204359785e-10,0
site_11217,0,4.225208923815752e-10,0
site_07855,0,1.3334999862456042e-09,0
site_09101,0,1.016715027677037e-09,0
site_21251,1,0.9999999479323705,1
site_14954,0,1.1883931741154675e-09,0
site_04134,0,1.016715027677037e-09,0
site_06687,0,2.063107829991455e-10,0
site_09713,0,4.1345641700934825e-07,0
site_13136,0,2.063107829991455e-10,0
site_09084,0,1.623999830576905e-10,0
site_17813,0,3.6864260233625215e-08,0
site_02053,1,0.9999999436716108,1
site_15857,0,3.5734060199006246e-10,0
site_15443,0,1.3334999862456042e-09,0
site_17535,0,3.07072415313171e-08,0
site_15419,0,1.0888371162273247e-09,0
site_19879,0,3.6340272296064405e-10,0
site_04019,0,2.063107829991455e-10,0
site_02090,0,2.063107829991455e-10,0
site_07211,0,1.0888371162273247e-09,0
site_16449,0,1.0888371162273247e-09,0
site_12136,1,0.9999999732287081,1
site_06020,0,4.1345641700934825e-07,0
site_07425,0,1.623999830576905e-10,0
site_15447,0,1.3956013327709517e-10,0
site_10917,0,2.1139416735759055e-09,0
site_18869,0,1.681671166668268e-10,0
site_10957,0,1.681671507341876e-10,0
site_07846,0,2.186896719586199e-09,0
site_15052,0,2.063107829991455e-10,0
site_09968,0,3.034016620902076e-09,0
site_08089,0,2.1140674712604512e-09,0
site_02670,1,0.9999999368635695,1
site_06510,0,1.3956010500495407e-10,0
site_14722,0,2.063107829991455e-10,0
site_17605,0,2.063107829991455e-10,0
site_00468,1,0.9999996803343123,1
site_19475,0,1.681671507341876e-10,0
site_11653,0,1.1883931741154675e-09,0
site_02351,1,0.9999997456142865,1
site_10975,1,0.999999965473913,1
site_08289,0,2.0585992391760247e-05,0
site_03295,0,1.0131132445337718e-09,0
site_16410,0,7.338205380619931e-10,0
site_08660,0,9.912939977644526e-10,0
site_05824,1,0.999999945052931,1
site_17207,0,1.3334999862456042e-09,0
site_13391,0,1.3334999862456042e-09,0
site_10337,0,1.3334999862456042e-09,0
site_04211,0,1.3956013327709517e-10,0
site_19918,1,0.9999996363505058,1
site_01649,0,3.6340257971907517e-10,0
site_15301,0,1.3956014266265467e-10,0
site_12367,0,3.695744960537134e-08,0
site_08909,0,4.917316869468715e-10,0
site_17465,0,2.063107829991455e-10,0
site_07953,0,1.6240001595674307e-10,0
site_13769,0,4.1345625403830226e-07,0
site_08957,0,9.912939977644526e-10,0
site_04688,0,1.681671166668268e-10,0
site_19834,0,4.917316869468715e-10,0
site_19755,0,1.3956013327709517e-10,0
site_16575,0,8.98916067512959e-10,0
site_00249,0,1.215098143245241e-08,0
site_13910,0,2.716030419448487e-10,0
site_13053,0,9.006434307382935e-10,0
site_06877,0,2.063107829991455e-10,0
site_10351,0,2.063107829991455e-10,0
site_19052,0,1.0888371162273247e-09,0
site_03476,0,2.480397013104134e-06,0
site_03039,0,1.623999830576905e-10,0
site_00362,0,1.6599058891573451e-09,0
site_11904,0,4.893556424922534e-07,0
site_14096,0,2.063107829991455e-10,0
site_01634,0,1.515540128196149e-09,0
site_07343,0,1.681671166668268e-10,0
site_11367,0,2.1139416735759055e-09,0
site_09771,0,2.063107829991455e-10,0
site_06293,0,1.1883931741154675e-09,0
site_19013,0,2.063107829991455e-10,0
site_00828,0,1.1883931741154675e-09,0
site_13280,0,4.1345641700934825e-07,0
site_20182,0,2.063107829991455e-10,0
site_09654,0,6.794231120688183e-07,0
site_00832,0,1.4660971643250126e-06,0
site_12690,0,4.1345641700934825e-07,0
site_10217,0,1.016715027677037e-09,0
site_09493,0,2.063107829991455e-10,0
site_06164,0,7.338205380619931e-10,0
site_18283,0,1.681671166668268e-10,0
site_07628,0,2.063107829991455e-10,0
site_07876,0,1.6240001595674307e-10,0
site_08261,0,9.912939977644526e-10,0
site_05185,0,1.3334999862456042e-09,0
site_15995,0,1.3334999862456042e-09,0
site_16078,0,2.063107829991455e-10,0
site_12489,0,5.241450474199803e-09,0
site_02878,0,7.338202488137336e-10,0
site_03630,0,9.006434307382935e-10,0
site_05768,0,1.3334999862456042e-09,0
site_20831,0,1.3334999862456042e-09,0
site_04236,0,2.063107829991455e-10,0
site_03821,0,3.9686711598014194e-10,0
site_09480,0,1.0888371162273247e-09,0
site_04009,0,2.063107829991455e-10,0
site_00478,0,1.4660971643250126e-06,0
site_12108,0,2.7811145380776075e-09,0
site_21465,0,5.212995982399988e-09,0
site_18128,0,2.063107829991455e-10,0
site_03410,0,1.4178217963955628e-06,0
site_11414,1,0.999999997932238,1
site_03569,0,3.686427476432636e-08,0
site_21475,0,7.338202488137336e-10,0
site_10843,0,1.4293681438306939e-06,0
site_17708,0,1.3334999862456042e-09,0
site_14717,0,2.063107829991455e-10,0
site_11661,0,3.522122391876381e-05,0
site_13030,0,2.063107829991455e-10,0
site_07547,0,2.780950143886376e-09,0
site_01891,0,2.063107829991455e-10,0
site_01376,0,2.063107829991455e-10,0
site_05210,0,7.338205380619931e-10,0
site_10558,0,9.912939977644526e-10,0
site_13220,0,2.114066637963611e-09,0
site_05621,0,1.4660963173856686e-06,0
site_00319,0,1.3956010500495407e-10,0
site_08269,0,6.794232497065304e-07,0
site_17359,0,1.0888371162273247e-09,0
site_14949,0,1.3956014266265467e-10,0
site_21520,0,1.681671166668268e-10,0
site_03164,0,9.912939977644526e-10,0
site_08851,0,4.225208923815752e-10,0
site_13342,0,5.4770710908262656e-05,0
site_03240,0,2.0387161931982756e-09,0
site_00334,0,1.215098143245241e-08,0
site_02070,0,1.3956010500495407e-10,0
site_19505,0,7.338202488137336e-10,0
site_07056,0,5.793564971825138e-10,0
site_11089,0,7.338205380619931e-10,0
site_11552,1,0.999999743638196,1
site_06662,0,7.338205380619931e-10,0
site_09823,0,1.0191459433773936e-09,0
site_16041,0,2.202557319801874e-09,0
site_08683,0,1.623999830576905e-10,0
site_11026,0,3.5734060199006246e-10,0
site_05354,0,2.063107829991455e-10,0
site_00489,0,9.912939977644526e-10,0
site_17202,0,1.016715027677037e-09,0
site_16707,0,4.1345641700934825e-07,0
site_06710,0,4.22520958234663e-10,0
site_02518,0,1.4660971643250126e-06,0
site_19153,0,3.6340272296064405e-10,0
site_14712,0,2.063107829991455e-10,0
site_17102,0,3.5734060199006246e-10,0
site_02163,0,3.3279366456641125e-09,0
site_13714,0,3.5734060199006246e-10,0
site_21211,0,2.063107829991455e-10,0
site_14457,0,4.917316869468715e-10,0
site_19474,0,2.063107829991455e-10,0
site_21200,1,0.9999999455044887,1
site_09238,0,3.861360685003757e-09,0
site_15999,0,2.063107829991455e-10,0
site_06817,0,7.338205380619931e-10,0
site_07287,0,1.3956010500495407e-10,0
site_00443,0,5.793563798162701e-10,0
site_13329,0,1.1883931741154675e-09,0
site_17430,1,0.9999991261832648,1
site_11685,0,4.51044654000849e-10,0
site_12673,0,1.624000015670349e-10,0
site_00016,0,2.211133386379888e-06,0
site_10625,1,0.999999420759327,1
site_14131,0,1.681671507341876e-10,0
site_00336,0,1.215098143245241e-08,0
site_03810,0,1.3334999862456042e-09,0
site_13660,0,1.1883931741154675e-09,0
site_12670,0,1.624000015670349e-10,0
site_18143,0,1.360176706494096e-09,0
site_01101,1,0.999999883243376,1
site_21516,0,2.0387161931982756e-09,0
site_10842,1,0.9999997902829716,1
site_04666,0,1.3956014266265467e-10,0
site_05133,0,2.063107829991455e-10,0
site_16846,1,0.9999998745404628,1
site_14232,0,8.925044667484243e-10,0
site_02715,1,0.9999999712183228,1
site_17183,0,2.063107829991455e-10,0
site_13178,0,1.624000268783077e-10,0
site_19507,0,1.681671166668268e-10,0
site_02486,1,0.9999999986204475,1
site_05608,0,1.3956010500495407e-10,0
site_12337,0,2.063107829991455e-10,0
site_03310,0,1.3956010500495407e-10,0
site_02112,1,0.9999999829656482,1
site_17890,0,1.2773967127310517e-09,0
site_05393,0,1.2718353353311906e-05,0
site_14226,0,1.3956013327709517e-10,0
site_17655,0,1.830940571789597e-05,0
site_09269,0,1.4660957394988852e-06,0
site_14553,0,2.063107829991455e-10,0
site_03608,1,0.9999999933090122,1
site_07584,0,2.063107829991455e-10,0
site_15692,0,2.2024262565247228e-09,0
site_21165,0,7.424851220443684e-07,0
site_20051,0,2.063107829991455e-10,0
site_07926,0,1.1883931741154675e-09,0
site_11915,0,3.5734060199006246e-10,0
site_02447,0,2.063107829991455e-10,0
site_06359,0,1.624000268783077e-10,0
site_15778,0,1.1883931741154675e-09,0
site_18088,0,4.2252084422526584e-10,0
site_12987,1,0.9999997573774462,1
site_11171,0,6.794231895052095e-07,0
site_01070,1,0.9999991400799904,1
site_13513,0,9.912939977644526e-10,0
site_13042,0,1.3334999862456042e-09,0
site_09720,0,2.063107829991455e-10,0
site_12346,0,3.6864260233625215e-08,0
site_10738,1,0.9999999470421602,1
site_00754,0,3.573404611379851e-10,0
site_04175,0,8.98916067512959e-10,0
site_20647,0,2.186896719586199e-09,0
site_05534,0,8.98916067512959e-10,0
site_17355,0,7.338205380619931e-10,0
site_03933,0,2.063107829991455e-10,0
site_12289,0,7.338205380619931e-10,0
site_00467,1,0.999999802032762,1
site_04543,0,3.9686711598014194e-10,0
site_06994,0,4.225209298197051e-10,0
site_01557,0,3.8611293926219606e-09,0
site_10104,1,0.9999996587510039,1
site_08322,0,1.6240001595674307e-10,0
site_00934,1,0.9999989400883794,1
site_16585,0,6.739277809020898e-09,0
site_06963,0,1.623999830576905e-10,0
site_21214,0,1.4660971643250126e-06,0
site_19171,0,1.3956010500495407e-10,0
site_01395,0,1.5817106882755587e-06,0
site_09351,0,8.925042859445542e-10,0
site_05749,1,0.9999999914273533,1
site_01860,0,7.338202488137336e-10,0
site_20318,0,1.44142833964924e-09,0
site_11112,1,0.9999999860667188,1
site_16223,0,2.063107829991455e-10,0
site_19627,0,2.063107829991455e-10,0
site_04279,0,7.338205380619931e-10,0
site_04626,0,1.1883931741154675e-09,0
site_14628,0,2.063107829991455e-10,0
site_12487,0,2.7809490477260128e-09,0
site_02797,0,3.5734060199006246e-10,0
site_07611,0,1.681671507341876e-10,0
site_05353,0,4.225209298197051e-10,0
site_12121,1,0.9999999963491615,1
site_06875,0,2.063107829991455e-10,0
site_21184,0,8.98916067512959e-10,0
site_05312,0,2.063107829991455e-10,0
site_20488,1,0.9999999941722568,1
site_10007,0,1.623999830576905e-10,0
site_05922,0,5.253529537439383e-07,0
site_11582,1,0.9999995393598547,1
site_14422,0,1.3334999862456042e-09,0
site_09367,0,2.063107829991455e-10,0
site_10830,0,9.92747426137611e-10,0
site_21411,1,0.999999413418989,1
site_00321,0,2.063107829991455e-10,0
site_14681,0,1.681671507341876e-10,0
site_04510,0,4.2252084422526584e-10,0
site_08554,0,2.1140674712604512e-09,0
site_15319,0,8.98916067512959e-10,0
site_06860,0,1.3956010500495407e-10,0
site_01037,0,4.1345625403830226e-07,0
site_20113,0,1.3956010500495407e-10,0
site_04691,0,4.917316869468715e-10,0
site_06090,0,3.5734060199006246e-10,0
site_02998,1,0.9999999934486659,1
site_08046,0,4.225208923815752e-10,0
site_10274,0,2.063107829991455e-10,0
site_10628,0,7.181702964719099e-07,0
site_14852,0,3.5734060199006246e-10,0
site_18827,0,4.1345625403830226e-07,0
site_14610,0,4.3905175696701793e-10,0
site_14411,0,6.794232497065304e-07,0
site_21204,1,0.9999999000812616,1
site_13310,0,2.063107829991455e-10,0
site_04083,0,2.063107829991455e-10,0
site_06491,0,2.063107829991455e-10,0
site_14370,0,2.063107829991455e-10,0
site_05507,0,7.338205380619931e-10,0
site_12637,1,0.9999999957359558,1
site_16249,1,0.9999999450012046,1
site_12498,1,0.9999999564617742,1
site_03335,1,0.9999999435257104,1
site_03114,0,5.793565361448217e-10,0
site_10307,0,2.063107829991455e-10,0
site_18444,0,2.063107829991455e-10,0
site_00779,1,0.9999991134592535,1
site_05619,0,1.2718353353311906e-05,0
site_17076,1,0.999999473684882,1
site_16294,0,7.338202488137336e-10,0
site_21225,1,0.999999967425002,1
site_16359,0,1.3334999862456042e-09,0
site_03683,0,1.623999830576905e-10,0
site_07340,0,1.6599058891573451e-09,0
site_00015,1,0.9999990949078611,1
site_04717,0,1.3286129817769625e-09,0
site_11940,0,7.338205380619931e-10,0
site_04325,0,1.3334999862456042e-09,0
site_04709,0,9.912939977644526e-10,0
site_18531,0,1.3956010500495407e-10,0
site_13161,0,1.3334999862456042e-09,0
site_13135,0,2.063107829991455e-10,0
site_16099,0,2.063107829991455e-10,0
site_03322,0,1.3956010500495407e-10,0
site_15899,0,3.6340257971907517e-10,0
site_21215,0,1.4660971643250126e-06,0
site_11189,0,1.0888371162273247e-09,0
site_18670,0,2.063107829991455e-10,0
site_14000,0,1.3956010500495407e-10,0
site_02684,0,1.016715027677037e-09,0
site_07689,0,5.482909690694956e-09,0
site_19632,0,2.063107829991455e-10,0
site_21389,1,0.9999999916416961,1
site_12957,0,2.063107829991455e-10,0
site_19959,0,1.016715027677037e-09,0
site_19900,0,5.715623052289176e-05,0
site_08446,0,7.338205380619931e-10,0
site_01154,0,1.1883931741154675e-09,0
site_02608,0,1.6665192197262814e-06,0
site_06357,0,2.202427124650073e-09,0
site_12894,0,6.794231120688183e-07,0
site_10398,0,2.114066637963611e-09,0
site_05963,1,0.9999999994051205,1
site_14161,0,1.2718353353311906e-05,0
site_17530,0,2.1139416735759055e-09,0
site_14847,0,2.2025581879788854e-09,0
site_02016,0,7.338202488137336e-10,0
site_03527,0,1.9484932297945567e-06,0
site_15803,0,2.063107829991455e-10,0
site_15040,0,1.4660977422123578e-06,0
site_07267,0,1.681671358334734e-10,0
site_15722,0,1.4660977422123578e-06,0
site_18546,0,7.338202488137336e-10,0
site_00102,1,0.9999999635481671,1
site_10296,0,2.063107829991455e-10,0
site_03737,0,2.063107829991455e-10,0
site_17177,0,1.5817106882755587e-06,0
site_02298,1,0.9999997309824031,1
site_05888,1,0.9999999989310737,1
site_07057,0,1.6240001595674307e-10,0
site_00477,1,0.9999999993996185,1
site_18523,0,1.624000268783077e-10,0
site_08982,0,1.3956012091115064e-10,0
site_17320,1,0.9929366419679,1
site_01223,0,7.338202488137336e-10,0
site_08145,0,9.006434307382935e-10,0
site_00938,0,2.063107829991455e-10,0
site_12485,0,1.4924878900336805e-09,0
site_07219,0,1.3956010500495407e-10,0
site_04714,0,1.3334999862456042e-09,0
site_03622,0,2.114066637963611e-09,0
site_19008,0,4.22520958234663e-10,0
site_16723,1,0.9999993921603509,1
site_12630,1,0.9999999207908618,1
site_14508,0,1.6240001595674307e-10,0
site_13455,0,1.3956010500495407e-10,0
site_07162,0,2.063107829991455e-10,0
site_10501,0,0.00033517175253045645,0
site_08440,0,2.063107829991455e-10,0
site_04617,0,1.624000268783077e-10,0
site_10786,0,1.830940571789597e-05,0
site_17058,0,7.338202488137336e-10,0
site_17632,0,1.3334999862456042e-09,0
site_11590,0,1.3956010500495407e-10,0
site_17115,0,3.573404611379851e-10,0
site_17032,1,0.9999999980987302,1
site_19442,0,3.573404611379851e-10,0
site_15183,0,1.3956013327709517e-10,0
site_12666,0,1.3956012091115064e-10,0
site_16851,1,0.9999999942499107,1
site_19509,0,4.1345625403830226e-07,0
site_13003,1,0.9999999935186308,1
site_06245,0,8.98916067512959e-10,0
site_13479,0,2.7809490477260128e-09,0
site_13736,0,5.482909690694956e-09,0
site_05293,0,1.0888371162273247e-09,0
site_00668,0,1.3956010500495407e-10,0
site_08425,0,1.3956013327709517e-10,0
site_12555,0,1.3334999862456042e-09,0
site_21392,1,0.9999999426947821,1
site_04796,0,2.063107829991455e-10,0
site_19050,1,0.9999999432005727,1
site_20210,0,1.086156098453828e-06,0
site_19376,0,1.3956010500495407e-10,0
site_11405,1,0.9999999586950853,1
site_05042,0,2.063107829991455e-10,0
site_06140,0,1.3956010500495407e-10,0
site_05958,1,0.9999999992801745,1
site_21007,1,0.9999999535740857,1
site_00773,0,2.114066637963611e-09,0
site_12127,1,0.9999998084353424,1
site_01706,0,3.573404611379851e-10,0
site_20312,0,4.134563516400611e-07,0
site_12310,0,1.4660977422123578e-06,0
site_11318,0,2.063107829991455e-10,0
site_01585,0,3.861359162980597e-09,0
site_11966,0,1.3334999862456042e-09,0
site_17898,0,3.6340257971907517e-10,0
site_05711,0,1.3956010500495407e-10,0
site_13682,0,1.3956010500495407e-10,0
site_11902,0,2.86128889206205e-07,0
site_07603,0,2.063107829991455e-10,0
site_21092,0,5.482907529509768e-09,0
site_12397,1,0.9999999058197275,1
site_18480,0,3.5734060199006246e-10,0
site_19904,0,2.063107829991455e-10,0
site_19792,1,0.9999999868768557,1
site_05689,0,8.650438299981072e-07,0
site_03549,0,2.114066637963611e-09,0
site_17367,0,2.063107829991455e-10,0
site_13941,0,1.681671507341876e-10,0
site_13234,0,4.2252084422526584e-10,0
site_04509,0,2.063107829991455e-10,0
site_07007,0,3.5734060199006246e-10,0
site_13464,0,3.6340257971907517e-10,0
site_15596,0,4.917316869468715e-10,0
site_05472,0,1.3956013327709517e-10,0
site_00813,0,7.338202488137336e-10,0
site_13551,0,2.114066637963611e-09,0
site_17089,0,2.063107829991455e-10,0
site_04519,0,3.522122391876381e-05,0
site_07308,0,1.3956013327709517e-10,0
site_18937,0,2.063107829991455e-10,0
site_18133,0,2.063107829991455e-10,0
site_13241,0,7.338202488137336e-10,0
site_17402,0,1.4660977422123578e-06,0
site_15914,0,2.063107829991455e-10,0
site_11541,0,3.498775056706816e-09,0
site_08743,0,5.793564458477225e-10,0
site_13532,0,1.3956010500495407e-10,0
site_02760,0,1.3334999862456042e-09,0
site_07889,0,5.477072200312727e-05,0
site_10952,0,2.063107829991455e-10,0
site_01663,0,1.681671166668268e-10,0
site_17293,0,1.3956013327709517e-10,0
site_12869,1,0.9999999964880362,1
site_15090,0,4.1345641700934825e-07,0
site_15815,0,3.5734060199006246e-10,0
site_03465,1,0.9999999868768557,1
site_11676,0,2.063107829991455e-10,0
site_20982,0,1.4414289078137717e-09,0
site_14674,0,2.063107829991455e-10,0
site_05926,0,2.063107829991455e-10,0
site_00114,0,2.917715614218155e-10,0
site_06504,0,1.6816716204359785e-10,0
site_03470,1,0.9999999415763424,1
site_13257,0,1.624000015670349e-10,0
site_11188,0,2.0387161931982756e-09,0
site_12431,0,9.912939977644526e-10,0
site_17810,0,7.338202488137336e-10,0
site_04527,0,1.3334999862456042e-09,0
site_19448,0,1.360176170356547e-09,0
site_07416,0,4.1345641700934825e-07,0
site_14942,0,4.225209298197051e-10,0
site_21053,0,1.4660971643250126e-06,0
site_01107,0,7.338204220416742e-10,0
site_14896,0,9.912939977644526e-10,0
site_14875,0,2.063107829991455e-10,0
site_04859,0,2.063107829991455e-10,0
site_09896,0,1.624000015670349e-10,0
site_03917,0,6.794231120688183e-07,0
site_04595,0,1.3334999862456042e-09,0
site_01551,0,4.558620881582194e-05,0
site_02383,0,1.6599058891573451e-09,0
site_02796,0,1.3956014266265467e-10,0
site_02781,1,0.9999998498720478,1
site_02913,0,3.686427476432636e-08,0
site_04723,0,1.360176706494096e-09,0
site_18685,0,1.3956010500495407e-10,0
site_18557,0,2.063107829991455e-10,0
site_07778,0,1.681671507341876e-10,0
site_04967,0,1.3956013327709517e-10,0
site_09487,0,2.063107829991455e-10,0
site_15754,0,3.573404611379851e-10,0
site_05069,0,9.912939977644526e-10,0
site_20234,0,1.624000268783077e-10,0
site_19453,1,0.9999999348276933,1
site_14489,0,1.681671166668268e-10,0
site_10614,1,0.9999999677542312,1
site_16406,0,4.225209298197051e-10,0
site_02772,1,0.9999999478959138,1
site_07646,0,2.063107829991455e-10,0
site_18904,0,2.063107829991455e-10,0
site_16306,1,0.9999996097779669,1
site_05904,0,1.1883931741154675e-09,0
site_12173,0,1.3956012091115064e-10,0
site_18228,0,2.1140674712604512e-09,0
site_01480,0,1.007602469670739e-08,0
site_01956,0,2.114066637963611e-09,0
site_14660,0,1.3334999862456042e-09,0
site_04909,0,1.681671507341876e-10,0
site_02280,0,3.8611293926219606e-09,0
site_19832,0,8.98916067512959e-10,0
site_17303,0,1.3334999862456042e-09,0
site_15055,0,1.3334999862456042e-09,0
site_02443,0,9.92747426137611e-10,0
site_06590,0,5.746990944451165e-10,0
site_12469,0,1.623999830576905e-10,0
site_18653,0,9.912939977644526e-10,0
site_10340,0,9.912939977644526e-10,0
site_11692,0,1.2821886523990807e-09,0
site_18049,0,1.623999830576905e-10,0
site_21358,0,5.66204049832277e-07,0
site_10970,1,0.9999998549082492,1
site_14997,0,1.3956014266265467e-10,0
site_00181,0,1.6861659277165996e-06,0
site_00785,0,7.338202488137336e-10,0
site_07607,0,4.917316869468715e-10,0
site_19711,0,7.338204220416742e-10,0
site_06071,0,7.338205380619931e-10,0
site_04855,0,1.681671507341876e-10,0
site_08210,0,6.794231895052095e-07,0
site_11686,0,2.7809490477260128e-09,0
site_18058,0,2.063107829991455e-10,0
site_18459,0,1.6599058891573451e-09,0
site_15970,0,7.798304468908456e-11,0
site_04128,0,2.063107829991455e-10,0
site_04610,0,1.681671507341876e-10,0
site_15985,0,1.6240001595674307e-10,0
site_03613,1,0.9998251189484553,1
site_17761,0,1.3956010500495407e-10,0
site_07389,0,1.3956013327709517e-10,0
site_02617,0,3.711511169284542e-07,0
site_17037,0,7.338205380619931e-10,0
site_16558,1,0.999999938388747,1
site_17930,0,4.1345641700934825e-07,0
site_00822,0,1.279855244610829e-06,0
site_08824,0,1.3956010500495407e-10,0
site_02834,1,0.9999996667113916,1
site_08252,0,1.681671358334734e-10,0
site_14514,0,1.6240001595674307e-10,0
site_06344,0,1.681671166668268e-10,0
site_19573,0,4.1345625403830226e-07,0
site_01405,0,3.2170345232200654e-06,0
site_10312,0,8.98916067512959e-10,0
site_01276,0,1.681671166668268e-10,0
site_14546,0,1.3956010500495407e-10,0
site_02699,0,2.861287764235067e-07,0
site_02030,0,1.3956010500495407e-10,0
site_06139,0,4.2252084422526584e-10,0
site_17020,1,0.9999998183252982,1
site_00591,1,0.9999999525993679,1
site_11167,0,2.063107829991455e-10,0
site_12908,0,2.063107829991455e-10,0
site_16983,0,4.1345641700934825e-07,0
site_01367,1,0.9999998728817752,1
site_07488,0,4.22520958234663e-10,0
site_19379,0,2.063107829991455e-10,0
site_10092,0,1.0131132445337718e-09,0
site_09864,0,3.498775056706816e-09,0
site_19213,0,2.063107829991455e-10,0
site_08248,0,2.86128889206205e-07,0
site_09382,0,1.3334999862456042e-09,0
site_20554,1,0.9999995941710885,1
site_19613,0,2.063107829991455e-10,0
site_02045,1,0.9999999658508921,1
site_03176,0,3.522122391876381e-05,0
site_06138,0,1.623999830576905e-10,0
site_04344,0,2.063107829991455e-10,0
site_06646,0,3.711511169284542e-07,0
site_17844,0,3.6340272296064405e-10,0
site_02042,1,0.9999997618284501,1
site_20485,0,7.909029332256341e-07,0
site_10493,1,0.9999999369982719,1
site_10984,1,0.9999999716086395,1
site_19360,0,6.794231120688183e-07,0
site_06333,0,1.623999830576905e-10,0
site_04290,0,1.681671166668268e-10,0
site_19698,0,2.063107829991455e-10,0
site_00860,1,0.9999999966226751,1
site_05095,0,1.360176706494096e-09,0
site_02634,0,2.1140674712604512e-09,0
site_12047,0,2.063107829991455e-10,0
site_10677,0,1.624000015670349e-10,0
site_06109,0,2.063107829991455e-10,0
site_01446,0,4.3905175696701793e-10,0
site_00437,1,0.999999948471678,1
site_13602,0,2.063107829991455e-10,0
site_01164,1,0.999999111764464,1
site_18315,0,2.114066637963611e-09,0
site_05023,0,1.3334999862456042e-09,0
site_06769,0,1.623999830576905e-10,0
site_03107,0,7.338205380619931e-10,0
site_16076,0,2.063107829991455e-10,0
site_04745,0,2.063107829991455e-10,0
site_02370,0,1.3334999862456042e-09,0
site_17880,0,1.3334999862456042e-09,0
site_07799,0,7.338205380619931e-10,0
site_01087,0,9.006430757338597e-10,0
site_11556,1,0.9999999829656482,1
site_18847,0,2.063107829991455e-10,0
site_15864,0,2.063107829991455e-10,0
site_05868,0,1.3956014266265467e-10,0
site_01808,0,4.1345625403830226e-07,0
site_16521,0,7.338205380619931e-10,0
site_07097,0,1.623999830576905e-10,0
site_06945,0,9.912939977644526e-10,0
site_15686,0,4.1345625403830226e-07,0
site_15738,0,1.6240001595674307e-10,0
site_09403,0,5.439450154391092e-10,0
site_06091,0,3.4417884510129365e-07,0
site_05856,0,4.225209298197051e-10,0
site_00980,0,7.338202488137336e-10,0
site_01141,1,0.9999999931116681,1
site_02475,1,0.9999999966882813,1
site_09064,0,2.063107829991455e-10,0
site_06974,0,1.3956010500495407e-10,0
site_04291,0,3.4417884510129365e-07,0
site_20877,0,1.3334999862456042e-09,0
site_15904,1,0.9999999982766876,1
site_15263,0,1.3956013327709517e-10,0
site_17620,0,5.596593199590939e-10,0
site_08879,0,2.063107829991455e-10,0
site_20477,1,0.99999999864234,1
site_16429,1,0.9999993337991888,1
site_01161,0,5.482907529509768e-09,0
site_20302,0,4.1345641700934825e-07,0
site_17256,0,7.338202488137336e-10,0
site_20215,0,1.0166752486039116e-06,0
site_19031,0,2.063107829991455e-10,0
site_18275,0,2.063107829991455e-10,0
site_05333,0,6.25015352057671e-08,0
site_03328,0,6.794231120688183e-07,0
site_20650,0,1.6599058891573451e-09,0
site_09709,0,4.1345641700934825e-07,0
site_14268,0,1.8309398501054045e-05,0
site_12850,0,2.2207774729235867e-09,0
site_16919,1,0.9999997853881913,1
site_07347,0,1.623999830576905e-10,0
site_18466,0,3.573404611379851e-10,0
site_02592,0,2.7809490477260128e-09,0
site_19939,0,1.086156098453828e-06,0
site_12919,0,1.3334999862456042e-09,0
site_11355,0,2.063107829991455e-10,0
site_09777,0,2.186896719586199e-09,0
site_01198,0,2.063107829991455e-10,0
site_05745,0,2.2024267764364653e-09,0
site_06922,0,6.794231120688183e-07,0
site_06058,0,2.861287764235067e-07,0
site_15838,1,0.999999926628913,1
site_20285,0,1.086156098453828e-06,0
site_10111,0,1.6665192197262814e-06,0
site_04712,0,7.338205380619931e-10,0
site_02673,0,1.6665192197262814e-06,0
site_21492,0,2.186895857582431e-09,0
site_06106,0,2.2024262565247228e-09,0
site_10477,1,0.9999997539589921,1
site_11225,0,2.063107829991455e-10,0
site_05571,0,2.063107829991455e-10,0
site_14536,0,5.793563798162701e-10,0
site_10588,0,2.602756370623624e-09,0
site_14234,0,1.3956013327709517e-10,0
site_01589,0,3.8611293926219606e-09,0
site_07041,0,4.2252084422526584e-10,0
site_08485,0,2.063107829991455e-10,0
site_06841,0,2.063107829991455e-10,0
site_14802,0,1.3956010500495407e-10,0
site_13601,0,1.681671358334734e-10,0
site_18213,0,4.22520958234663e-10,0
site_11799,0,1.1883931741154675e-09,0
site_20306,0,1.681671166668268e-10,0
site_21433,0,9.927470348287689e-10,0
site_17029,1,0.9999999681208726,1
site_03012,0,7.338205380619931e-10,0
site_13409,0,1.016715027677037e-09,0
site_11253,1,0.9999999820332238,1
site_18331,0,1.1883931741154675e-09,0
site_16194,0,4.1345641700934825e-07,0
site_10303,0,4.1345641700934825e-07,0
site_11690,0,1.0751973367558356e-09,0
site_13621,0,1.3334999862456042e-09,0
site_02927,0,1.4660957394988852e-06,0
site_03248,0,2.114066637963611e-09,0
site_00945,0,2.063107829991455e-10,0
site_13298,0,2.1139416735759055e-09,0
site_20271,1,0.9999998451708949,1
site_12887,1,0.9999994017448113,1
site_17756,0,7.338204220416742e-10,0
site_06288,0,1.3288346412075073e-06,0
site_13111,1,0.9999999525993679,1
site_15996,0,4.1345641700934825e-07,0
site_17670,0,1.3334999862456042e-09,0
site_02359,1,0.9999999736010625,1
site_03377,0,2.063107829991455e-10,0
site_20142,0,1.086156098453828e-06,0
site_15823,0,2.063107829991455e-10,0
site_06000,0,1.3956013327709517e-10,0
site_18335,0,6.794231120688183e-07,0
site_00978,0,2.063107829991455e-10,0
site_08906,0,2.063107829991455e-10,0
site_11558,0,1.6665192197262814e-06,0
site_12904,0,4.917316869468715e-10,0
site_21168,0,3.2345892304178126e-06,0
site_00592,1,0.9999999564617742,1
site_19759,0,1.6599058891573451e-09,0
site_20598,0,7.338202488137336e-10,0
site_04977,0,1.624000268783077e-10,0
site_13854,0,7.338205380619931e-10,0
site_15151,0,2.063107829991455e-10,0
site_13363,0,7.338202488137336e-10,0
site_02452,0,8.98916067512959e-10,0
site_01495,1,0.9999999978141623,1
site_20208,0,1.086156098453828e-06,0
site_04508,0,2.063107829991455e-10,0
site_17438,0,2.602756370623624e-09,0
site_02887,1,0.9999999956386616,1
site_05675,0,7.338205380619931e-10,0
site_08511,0,3.9686711598014194e-10,0
site_12242,0,1.6834375403870812e-08,0
site_12805,0,7.338205380619931e-10,0
site_14534,0,7.338205380619931e-10,0
site_00356,0,1.3956010500495407e-10,0
site_13188,0,1.70644510703619e-09,0
site_13855,0,2.1140674712604512e-09,0
site_07253,0,1.6240001595674307e-10,0
site_18015,0,1.3956010500495407e-10,0
site_15067,0,3.6340272296064405e-10,0
site_07518,0,2.063107829991455e-10,0
site_16085,0,1.4660977422123578e-06,0
site_16010,0,1.3334999862456042e-09,0
site_07815,0,3.6340272296064405e-10,0
site_05404,0,2.063107829991455e-10,0
site_14020,0,2.063107829991455e-10,0
site_07862,0,5.793564458477225e-10,0
site_03824,0,1.3956010500495407e-10,0
site_18362,0,2.063107829991455e-10,0
site_04461,0,1.0979616502267411e-05,0
site_10485,0,1.6665192197262814e-06,0
site_20367,0,1.681671507341876e-10,0
site_03946,0,3.6340257971907517e-10,0
site_04794,0,5.793565361448217e-10,0
site_19936,0,1.086156098453828e-06,0
site_07543,0,1.948493997826215e-06,0
site_20172,0,3.6340272296064405e-10,0
site_05861,0,4.225209298197051e-10,0
site_05156,0,1.6240001595674307e-10,0
site_09986,1,0.999999970618938,1
site_04533,0,9.006434307382935e-10,0
site_03799,0,2.063107829991455e-10,0
site_09328,0,1.3847470042027777e-06,0
site_03249,0,2.063107829991455e-10,0
site_13912,0,1.0932804968844906e-07,0
site_18204,0,4.2252084422526584e-10,0
site_20326,0,1.6599058891573451e-09,0
site_17196,0,1.3334999862456042e-09,0
site_13203,0,2.114066637963611e-09,0
site_18464,0,1.3334999862456042e-09,0
site_15923,0,2.063107829991455e-10,0
site_05214,0,4.893556424922534e-07,0
site_00164,0,1.3334999862456042e-09,0
site_17376,1,0.9999999564617742,1
site_18237,0,2.6029102309974115e-09,0
site_21440,0,8.790111565067778e-05,0
site_16485,1,0.9999999992801745,1
site_07088,0,2.063107829991455e-10,0
site_18354,0,1.3956010500495407e-10,0
site_10150,0,1.4660971643250126e-06,0
site_09574,0,8.98916067512959e-10,0
site_13478,0,2.7811145380776075e-09,0
site_12490,0,5.936830861165891e-09,0
site_00215,0,1.215098143245241e-08,0
site_15919,0,8.925044667484243e-10,0
site_18234,0,2.063107829991455e-10,0
site_03483,0,4.1345641700934825e-07,0
site_17457,0,3.522122391876381e-05,0
site_08747,0,8.98916067512959e-10,0
site_11997,1,0.9999999677542312,1
site_08113,0,1.6240001595674307e-10,0
site_21540,0,2.114066637963611e-09,0
site_16854,1,0.9999994627213076,1
site_07638,0,3.6340272296064405e-10,0
site_13608,0,2.063107829991455e-10,0
site_04161,0,1.3334999862456042e-09,0
site_08236,0,2.063107829991455e-10,0
site_08310,0,1.1883931741154675e-09,0
site_10460,0,2.0387161931982756e-09,0
site_18386,0,3.6340257971907517e-10,0
site_15706,0,7.338205380619931e-10,0
site_13552,0,2.063107829991455e-10,0
site_05578,0,1.3334999862456042e-09,0
site_10471,0,2.2824134560180827e-09,0
site_12100,0,1.360176170356547e-09,0
site_05736,0,2.063107829991455e-10,0
site_19609,0,2.063107829991455e-10,0
site_20543,1,0.9999996982211015,1
site_15479,0,2.7811145380776075e-09,0
site_09579,0,2.063107829991455e-10,0
site_05129,0,1.3956013327709517e-10,0
site_12167,0,7.338205380619931e-10,0
site_09687,0,9.912939977644526e-10,0
site_05642,1,0.999999941541308,1
site_18519,0,2.063107829991455e-10,0
site_19051,0,9.121210526981648e-07,0
site_03010,0,1.0888371162273247e-09,0
site_20015,0,1.681671507341876e-10,0
site_01497,1,0.9999993767590595,1
site_05767,0,7.338202488137336e-10,0
site_07793,0,1.3334999862456042e-09,0
site_17417,0,7.338202488137336e-10,0
site_18316,0,2.602755344701467e-09,0
site_20018,0,1.0888371162273247e-09,0
site_12353,0,3.7115097063277264e-07,0
site_20918,0,8.925045267702485e-10,0
site_09743,0,1.3847470042027777e-06,0
site_05801,0,1.3334999862456042e-09,0
site_00805,0,2.063107829991455e-10,0
site_14599,0,2.063107829991455e-10,0
site_09845,1,0.999999901886682,1
site_21483,0,2.063107829991455e-10,0
site_06899,0,1.3956010500495407e-10,0
site_03858,0,4.2252084422526584e-10,0
site_05481,0,2.063107829991455e-10,0
site_13292,0,3.5734060199006246e-10,0
site_18147,0,6.794232953983971e-07,0
site_03966,0,7.338205380619931e-10,0
site_15395,0,1.3334999862456042e-09,0
site_19190,0,9.912939977644526e-10,0
site_06685,0,1.681671166668268e-10,0
site_19531,1,0.9999997604295484,1
site_06240,0,8.98916067512959e-10,0
site_06736,0,7.338205380619931e-10,0
site_10339,0,5.477071715034742e-05,0
site_14078,0,1.3956010500495407e-10,0
site_01610,1,0.999999420759327,1
site_12378,0,1.7587147143606387e-06,0
site_14076,0,1.623999830576905e-10,0
site_13985,0,2.063107829991455e-10,0
site_01038,0,1.4660971643250126e-06,0
site_16138,0,1.4660977422123578e-06,0
site_00297,1,0.9999992182648101,1
site_07951,0,1.3956013327709517e-10,0
site_21110,1,0.999999413418989,1
site_01462,1,0.9999903804570588,1
site_01809,0,2.861287764235067e-07,0
site_19471,0,2.063107829991455e-10,0
site_07115,0,8.98916067512959e-10,0
site_07715,0,8.925044667484243e-10,0
site_20138,0,1.086156098453828e-06,0
site_09096,0,4.1345625403830226e-07,0
site_11620,0,1.624000015670349e-10,0
site_10335,0,9.912939977644526e-10,0
site_10456,0,1.3334999862456042e-09,0
site_01039,0,4.1345625403830226e-07,0
site_17740,0,3.8611293926219606e-09,0
site_12212,0,2.063107829991455e-10,0
site_05990,0,4.1345641700934825e-07,0
site_19227,0,3.522122391876381e-05,0
site_14817,0,2.063107829991455e-10,0
site_00077,0,2.2846169103341836e-06,0
site_07961,0,4.1345641700934825e-07,0
site_13049,0,2.1139416735759055e-09,0
site_07973,0,2.063107829991455e-10,0
site_07424,0,2.063107829991455e-10,0
site_16646,0,1.70644510703619e-09,0
site_21324,1,0.9999996363505058,1
site_14590,0,1.681671507341876e-10,0
site_08804,0,2.063107829991455e-10,0
site_03392,0,1.3956010500495407e-10,0
site_03490,0,7.338205380619931e-10,0
site_06885,0,1.4414289078137717e-09,0
site_19397,0,2.063107829991455e-10,0
site_13857,0,2.1140674712604512e-09,0
site_19849,0,1.3956010500495407e-10,0
site_01783,0,4.1345625403830226e-07,0
site_10882,1,0.9999998895554427,1
site_09569,0,9.912939977644526e-10,0
site_07326,0,2.063107829991455e-10,0
site_09706,0,1.3334999862456042e-09,0
site_01120,0,5.482907529509768e-09,0
site_18865,0,1.681671166668268e-10,0
site_13370,0,2.063107829991455e-10,0
site_18083,0,2.602755344701467e-09,0
site_10309,0,1.3334999862456042e-09,0
site_09082,0,2.063107829991455e-10,0
site_15866,0,2.063107829991455e-10,0
site_18373,0,6.794232953983971e-07,0
site_14122,0,4.917316869468715e-10,0
site_18914,0,2.063107829991455e-10,0
site_04597,0,1.3956013327709517e-10,0
site_12568,0,3.5734060199006246e-10,0
site_15890,0,3.573404611379851e-10,0
site_14995,0,2.063107829991455e-10,0
site_19572,0,7.338205380619931e-10,0
site_02488,0,2.5840806303159545e-07,0
site_20991,0,2.063107829991455e-10,0
site_18071,0,2.063107829991455e-10,0
site_04848,0,1.3334999862456042e-09,0
site_21086,0,4.97044378301106e-09,0
site_11317,0,4.1345641700934825e-07,0
site_20803,0,7.403092632968067e-07,0
site_12090,0,3.4417884510129365e-07,0
site_17437,0,2.602911256980619e-09,0
site_02382,0,1.3956010500495407e-10,0
site_02910,0,2.063107829991455e-10,0
site_07009,0,2.063107829991455e-10,0
site_06873,0,2.063107829991455e-10,0
site_07469,0,3.6340272296064405e-10,0
site_15076,0,3.6340272296064405e-10,0
site_08500,0,4.1345641700934825e-07,0
site_15693,0,1.3126122685308303e-05,0
site_15062,0,4.893556424922534e-07,0
site_15164,0,3.6340272296064405e-10,0
site_15827,0,2.063107829991455e-10,0
site_12570,0,3.5734060199006246e-10,0
site_04620,0,9.92747426137611e-10,0
site_14821,0,1.623999830576905e-10,0
site_12237,0,7.146763740135864e-06,0
site_01167,1,0.9999999948911278,1
site_02470,0,1.007710642810677e-06,0
site_05737,0,2.063107829991455e-10,0
site_15705,0,1.3956013327709517e-10,0
site_03543,1,0.999999948471678,1
site_03922,0,1.3334999862456042e-09,0
site_20400,0,2.063107829991455e-10,0
site_01250,0,7.424851220443684e-07,0
site_04078,0,1.3334999862456042e-09,0
site_06602,0,1.3956010500495407e-10,0
site_02124,0,7.338202488137336e-10,0
site_04464,0,9.912939977644526e-10,0
site_10793,0,1.6599058891573451e-09,0
site_00263,1,0.9999999717070768,1
site_02451,0,1.0888371162273247e-09,0
site_14217,0,2.063107829991455e-10,0
site_00882,0,2.063107829991455e-10,0
site_02123,0,7.338202488137336e-10,0
site_11523,0,4.1345641700934825e-07,0
site_03509,0,2.063107829991455e-10,0
site_18599,0,2.063107829991455e-10,0
site_11759,0,2.063107829991455e-10,0
site_20494,0,1.086156098453828e-06,0
site_19741,1,0.9999990704705932,1
site_19805,0,7.424851220443684e-07,0
site_11707,1,0.9999998972805019,1
site_11134,1,0.999999925090198,1
site_02177,1,0.999999743638196,1
site_00582,0,2.1139408403286503e-09,0
site_15029,0,2.063107829991455e-10,0
site_04294,0,7.338205380619931e-10,0
site_08708,0,4.1345641700934825e-07,0
site_20247,0,2.063107829991455e-10,0
site_02037,0,3.8611293926219606e-09,0
site_00269,1,0.999999948471678,1
site_05198,0,6.794232497065304e-07,0
site_16412,0,3.573404611379851e-10,0
site_02858,0,7.338205380619931e-10,0
site_10543,0,2.063107829991455e-10,0
site_10095,0,7.338205380619931e-10,0
site_02129,0,7.338202488137336e-10,0
site_00713,0,4.2252084422526584e-10,0
site_21352,1,0.9999995961499738,1
site_12381,1,0.9999999740733874,1
site_02953,1,0.9999999969956652,1
site_21474,0,2.114066637963611e-09,0
site_01832,0,7.338202488137336e-10,0
site_18118,0,2.114066637963611e-09,0
site_00424,1,0.9999999547111982,1
site_08021,0,4.1345641700934825e-07,0
site_03547,0,3.1045784264475013e-10,0
site_18779,0,1.1883931741154675e-09,0
site_19137,0,3.711511169284542e-07,0
site_00746,0,3.6864260233625215e-08,0
site_21261,0,7.424851220443684e-07,0
site_15526,0,3.5734060199006246e-10,0
site_06684,0,6.794231120688183e-07,0
site_17139,0,1.3334999862456042e-09,0
site_10472,1,0.9999998683066593,1
site_12423,0,2.063107829991455e-10,0
site_07990,0,1.3956013327709517e-10,0
site_15167,0,3.5734060199006246e-10,0
site_08437,0,5.477071715034742e-05,0
site_03075,0,2.114066637963611e-09,0
site_09289,0,1.3956012091115064e-10,0
site_07027,0,2.063107829991455e-10,0
site_03936,0,3.441787094371995e-07,0
site_13543,0,1.0888366870430428e-09,0
site_09527,0,6.794231120688183e-07,0
site_11994,1,0.9999999247720254,1
site_10196,0,2.063107829991455e-10,0
site_04705,0,2.063107829991455e-10,0
site_03425,0,2.063107829991455e-10,0
site_13911,0,9.388154124787404e-11,0
site_09685,0,1.3334999862456042e-09,0
site_12163,0,1.3956012091115064e-10,0
site_03359,0,2.063107829991455e-10,0
site_06750,0,9.912939977644526e-10,0
site_13381,0,5.765750680341716e-10,0
site_16968,0,1.1079453353147037e-06,0
site_13518,0,2.0387161931982756e-09,0
site_13898,0,2.063107829991455e-10,0
site_19809,0,1.086156098453828e-06,0
site_01058,1,0.9999994894033761,1
site_06432,0,2.1140674712604512e-09,0
site_00292,0,3.540296119703145e-06,0
site_05307,0,2.063107829991455e-10,0
site_10215,0,2.063107829991455e-10,0
site_01595,0,2.058598427759658e-05,0
site_04488,0,1.6599058891573451e-09,0
site_11596,0,1.681671358334734e-10,0
site_15991,0,1.3334999862456042e-09,0
site_00280,0,5.765750680341716e-10,0
site_04772,0,2.063107829991455e-10,0
site_08023,0,2.1139416735759055e-09,0
site_06498,0,2.202427124650073e-09,0
site_06700,0,1.3334999862456042e-09,0
site_05846,0,5.793563798162701e-10,0
site_04826,0,6.794231120688183e-07,0
site_04682,0,1.3956010500495407e-10,0
site_06488,0,2.063107829991455e-10,0
site_07868,0,2.063107829991455e-10,0
site_19029,0,4.1345641700934825e-07,0
site_17821,0,2.602755344701467e-09,0
site_20245,0,1.0888366870430428e-09,0
site_17255,0,1.0888369440772925e-09,0
site_11995,1,0.9999999808296779,1
site_20279,1,0.9999989500227333,1
site_18277,0,5.765750680341716e-10,0
site_01767,0,1.3126122685308303e-05,0
site_06002,0,5.477072200312727e-05,0
site_12905,0,4.225208923815752e-10,0
site_11609,0,7.338205380619931e-10,0
site_12542,0,2.063107829991455e-10,0
site_19472,0,1.6599058891573451e-09,0
site_20373,0,2.0387161931982756e-09,0
site_02171,1,0.999999788514497,1
site_21500,0,4.1345625403830226e-07,0
site_10837,0,2.105724334633207e-07,0
site_07899,0,2.063107829991455e-10,0
site_17840,0,1.3956014266265467e-10,0
site_19530,0,8.643057257470264e-07,0
site_14583,0,1.0888371162273247e-09,0
site_08990,0,4.1345641700934825e-07,0
site_19011,0,2.063107829991455e-10,0
site_00802,0,1.681671166668268e-10,0
site_01993,1,0.9999998443458498,1
site_17543,0,4.1345641700934825e-07,0
site_08801,0,2.063107829991455e-10,0
site_18060,0,2.063107829991455e-10,0
site_15633,0,2.063107829991455e-10,0
site_01615,0,3.338952999259386e-07,0
site_08690,0,4.225208923815752e-10,0
site_04244,0,3.6340257971907517e-10,0
site_18802,0,2.063107829991455e-10,0
site_00854,0,2.1139408403286503e-09,0
site_15544,0,3.9686711598014194e-10,0
site_00720,0,2.063107829991455e-10,0
site_08453,0,4.97044378301106e-09,0
site_03117,0,2.063107829991455e-10,0
site_18537,0,1.4660957394988852e-06,0
site_07732,0,2.063107829991455e-10,0
site_12023,0,8.98916067512959e-10,0
site_21362,1,0.9999999983962722,1
site_19635,0,8.98916067512959e-10,0
site_08849,0,1.6599058891573451e-09,0
site_09700,0,1.681671358334734e-10,0
site_01499,1,0.9999995558250482,1
site_14591,0,2.063107829991455e-10,0
site_10877,0,1.6679424012421817e-06,0
site_02581,0,2.063107829991455e-10,0
site_06105,0,1.623999830576905e-10,0
site_01337,0,1.0888366870430428e-09,0
site_10260,0,2.063107829991455e-10,0
site_16916,1,0.999999955196194,1
site_18439,0,2.063107829991455e-10,0
site_01929,1,0.9999994719353764,1
site_11441,0,1.623999830576905e-10,0
site_16122,1,0.9999999377934344,1
site_09982,1,0.9999999888259484,1
site_02733,0,2.063107829991455e-10,0
site_12824,0,1.4660977422123578e-06,0
site_11557,1,0.9999998972805019,1
site_07168,0,2.063107829991455e-10,0
site_02995,1,0.9999999401784121,1
site_19649,0,2.063107829991455e-10,0
site_13636,0,1.3956014266265467e-10,0
site_12848,0,2.063107829991455e-10,0
site_19005,0,4.22520958234663e-10,0
site_09174,0,9.912939977644526e-10,0
site_18420,0,1.623999830576905e-10,0
site_15992,0,1.3334999862456042e-09,0
site_09021,0,2.063107829991455e-10,0
site_15584,0,3.5734060199006246e-10,0
site_20475,1,0.9999999964670103,1
site_08313,0,1.6599058891573451e-09,0
site_20116,0,1.623999830576905e-10,0
site_15511,0,1.1883931741154675e-09,0
site_18122,0,1.3334999862456042e-09,0
site_02566,0,9.92747426137611e-10,0
site_14253,0,1.3334999862456042e-09,0
site_13964,0,1.1883931741154675e-09,0
site_08070,0,4.225209298197051e-10,0
site_20944,0,2.063107829991455e-10,0
site_01661,0,1.623999830576905e-10,0
site_06697,0,5.715623052289176e-05,0
site_20437,0,2.063107829991455e-10,0
site_15886,0,7.338205380619931e-10,0
site_07999,0,1.6240001595674307e-10,0
site_19804,0,7.424851220443684e-07,0
site_09972,1,0.99999984464351,1
site_06708,0,6.794232953983971e-07,0
site_05947,0,7.338205380619931e-10,0
site_01270,0,1.4660971643250126e-06,0
site_03902,0,7.338205380619931e-10,0
site_18374,0,2.063107829991455e-10,0
site_19249,1,0.9999999655978268,1
site_11585,0,3.498775056706816e-09,0
site_19210,0,1.3956013327709517e-10,0
site_02931,0,2.114066637963611e-09,0
site_14662,0,1.681671166668268e-10,0
site_09483,0,4.1345641700934825e-07,0
site_06545,0,1.623999830576905e-10,0
site_18152,0,7.338205380619931e-10,0
site_10608,1,0.9999999814544799,1
site_13129,0,1.7064444344108668e-09,0
site_11736,0,5.682819222621198e-09,0
site_05563,1,0.9999999560818934,1
site_09767,0,7.338202488137336e-10,0
site_10809,0,1.3956012091115064e-10,0
site_13569,0,1.623999830576905e-10,0
site_08029,0,2.1140674712604512e-09,0
site_09313,0,8.986608187694259e-08,0
site_16910,0,9.218063246100663e-07,0
site_16411,0,5.765750680341716e-10,0
site_20687,1,0.9999999903439888,1
site_02349,1,0.9999999691413438,1
site_17500,0,6.794232953983971e-07,0
site_13939,0,4.917316869468715e-10,0
site_21332,0,9.075856678011172e-07,0
site_20668,1,0.0002040823034343063,0
site_19195,0,1.6599058891573451e-09,0
site_06433,0,1.4660977422123578e-06,0
site_05494,0,3.6340272296064405e-10,0
site_05328,0,3.5734060199006246e-10,0
site_01857,0,4.917316869468715e-10,0
site_11368,0,2.1139416735759055e-09,0
site_19580,0,1.3334999862456042e-09,0
site_12302,0,1.624000015670349e-10,0
site_04098,0,3.5734060199006246e-10,0
site_13998,0,2.063107829991455e-10,0
site_17363,0,7.338202488137336e-10,0
site_10110,0,1.6665192197262814e-06,0
site_15105,0,1.6240001595674307e-10,0
site_16836,0,2.058598427759658e-05,0
site_03759,0,7.338205380619931e-10,0
site_11497,0,2.063107829991455e-10,0
site_18119,0,2.063107829991455e-10,0
site_14574,0,1.3956010500495407e-10,0
site_16652,0,5.765750680341716e-10,0
site_09099,0,2.063107829991455e-10,0
site_15774,0,4.917316869468715e-10,0
site_21272,1,0.999999420759327,1
site_17285,1,0.9999999425514319,1
site_12427,0,2.063107829991455e-10,0
site_07017,0,2.063107829991455e-10,0
site_19293,0,1.3956010500495407e-10,0
site_03071,0,2.063107829991455e-10,0
site_20874,0,7.338205380619931e-10,0
site_03173,0,2.063107829991455e-10,0
site_12733,0,2.7809490477260128e-09,0
site_06754,0,7.338202488137336e-10,0
site_00929,0,1.0401824334415705e-06,0
site_17581,0,9.040557599956895e-11,0
site_02344,0,2.0722022461855482e-09,0
site_06008,0,1.6240001595674307e-10,0
site_12648,0,4.8960565212553056e-05,0
site_01567,0,1.3334999862456042e-09,0
site_04789,0,1.3956010500495407e-10,0
site_07528,0,1.681671507341876e-10,0
site_11175,0,2.063107829991455e-10,0
site_04037,0,3.686427476432636e-08,0
site_17647,0,1.4660977422123578e-06,0
site_19112,0,2.063107829991455e-10,0
site_06960,0,1.681671166668268e-10,0
site_13146,0,1.3956012091115064e-10,0
site_06110,0,2.861287764235067e-07,0
site_09032,0,4.1345641700934825e-07,0
site_13300,0,1.2773972162396104e-09,0
site_18114,0,3.573404611379851e-10,0
site_03464,1,0.9999999991749586,1
site_03291,0,4.225209298197051e-10,0
site_04732,0,2.063107829991455e-10,0
site_14637,0,8.98916067512959e-10,0
site_19492,0,1.3956013327709517e-10,0
site_20235,0,2.063107829991455e-10,0
site_02085,0,2.1139416735759055e-09,0
site_00384,1,0.9999999397206035,1
site_05382,0,9.006434307382935e-10,0
site_11212,0,1.3334999862456042e-09,0
site_09900,0,1.3334999862456042e-09,0
site_06732,0,1.624000268783077e-10,0
site_12091,0,3.4417884510129365e-07,0
site_19988,1,0.999999950273835,1
site_00544,0,2.114066637963611e-09,0
site_20058,1,0.9999999011790415,1
site_14767,0,4.225209298197051e-10,0
site_00284,0,1.6599058891573451e-09,0
site_05407,0,2.063107829991455e-10,0
site_19083,0,3.5734060199006246e-10,0
site_16454,0,1.4660977422123578e-06,0
site_15492,0,1.1883931741154675e-09,0
site_02218,0,1.3126122685308303e-05,0
site_03578,0,1.0979616502267411e-05,0
site_11151,0,2.3395914692157045e-08,0
site_17163,0,3.6340257971907517e-10,0
site_14761,0,3.686427476432636e-08,0
site_12390,0,1.6676244496805645e-06,0
site_19457,1,0.9999982535008936,1
site_05264,0,4.225209298197051e-10,0
site_07566,0,1.6240001595674307e-10,0
site_13934,0,3.6340272296064405e-10,0
site_03580,0,3.6340266550504333e-10,0
site_19638,0,1.1883931741154675e-09,0
site_09459,0,2.0387161931982756e-09,0
site_20288,0,8.643057257470264e-07,0
site_07065,0,1.3956013327709517e-10,0
site_16400,0,3.9686711598014194e-10,0
site_08076,0,5.482909690694956e-09,0
site_14448,0,1.0979616502267411e-05,0
site_00403,0,2.063107829991455e-10,0
site_16233,0,4.2252084422526584e-10,0
site_06969,0,4.1345625403830226e-07,0
site_05050,0,9.912939977644526e-10,0
site_04127,0,2.063107829991455e-10,0
site_17817,0,8.98916067512959e-10,0
site_01339,0,1.271834834021316e-05,0
site_12027,0,1.3334999862456042e-09,0
site_09834,0,1.3334999862456042e-09,0
site_10433,0,1.3956012091115064e-10,0
site_01060,1,0.9999999958585419,1
site_20193,0,1.3334999862456042e-09,0
site_17067,0,4.893556424922534e-07,0
site_02708,0,7.338202488137336e-10,0
site_20640,0,1.4660963173856686e-06,0
site_20450,0,1.3956010500495407e-10,0
site_02068,0,4.1345625403830226e-07,0
site_21298,1,0.9999999994051205,1
site_16344,0,7.338205380619931e-10,0
site_13503,0,2.1140674712604512e-09,0
site_05762,1,0.999999420759327,1
site_20341,1,0.9999996865425477,1
site_09108,0,1.3956012091115064e-10,0
site_04485,0,1.681671166668268e-10,0
site_05459,0,3.5734060199006246e-10,0
site_00804,0,1.623999830576905e-10,0
site_03277,1,0.9999999972650844,1
site_06541,0,4.2252084422526584e-10,0
site_20456,0,1.0131132445337718e-09,0
site_00364,0,4.1345625403830226e-07,0
site_13921,0,1.3956013327709517e-10,0
site_10172,0,2.063107829991455e-10,0
site_06632,0,6.794232953983971e-07,0
site_07691,0,1.4660977422123578e-06,0
site_00959,1,0.9999999956386616,1
site_11782,0,1.681671358334734e-10,0
site_11754,0,1.830940571789597e-05,0
site_13004,0,1.4178217963955628e-06,0
site_17705,0,1.830940571789597e-05,0
site_04566,0,1.681671166668268e-10,0
site_19985,1,0.999999948471678,1
site_06707,0,1.3956010500495407e-10,0
site_15534,0,2.063107829991455e-10,0
site_06846,0,1.3956010500495407e-10,0
site_01939,0,2.114066637963611e-09,0
site_13949,0,5.482909690694956e-09,0
site_17232,1,0.9999999990807849,1
site_17503,0,2.186896719586199e-09,0
site_17222,0,1.279855244610829e-06,0
site_11981,0,2.9316639097677492e-09,0
site_04048,0,1.3334999862456042e-09,0
site_10509,0,1.7064444344108668e-09,0
site_13967,0,1.6599058891573451e-09,0
site_08090,0,1.624000015670349e-10,0
site_04782,0,2.063107829991455e-10,0
site_21136,0,6.739275152616145e-09,0
site_16943,0,5.482909690694956e-09,0
site_18880,0,2.063107829991455e-10,0
site_21310,0,6.949887134256271e-07,0
site_20500,0,2.063107829991455e-10,0
site_09938,0,2.1139416735759055e-09,0
site_20756,0,2.186896719586199e-09,0
site_12496,1,0.9999998443458498,1
site_11438,0,7.141899781099146e-09,0
site_13417,0,1.681671166668268e-10,0
site_20000,1,0.9999996954917615,1
site_12294,0,2.063107829991455e-10,0
site_04516,0,1.3956010500495407e-10,0
site_11185,0,3.5734060199006246e-10,0
site_08789,0,3.5734060199006246e-10,0
site_10772,0,1.624000015670349e-10,0
site_06191,0,1.3956010500495407e-10,0
site_14640,0,3.5734054549291034e-10,0
site_18446,0,4.1345641700934825e-07,0
site_20603,0,2.861287764235067e-07,0
site_15409,0,2.063107829991455e-10,0
site_15852,0,2.063107829991455e-10,0
site_18394,0,2.6029102309974115e-09,0
site_11562,1,0.9999983729394156,1
site_04542,0,1.3334999862456042e-09,0
site_15202,0,1.3956014266265467e-10,0
site_05594,0,6.25015352057671e-08,0
site_17733,0,1.6599058891573451e-09,0
site_13555,0,2.063107829991455e-10,0
site_09194,0,2.063107829991455e-10,0
site_18452,0,1.623999830576905e-10,0
site_06405,0,2.0387161931982756e-09,0
site_00623,0,1.681671166668268e-10,0
site_03128,0,1.0131132445337718e-09,0
site_13562,0,1.681671166668268e-10,0
site_17014,0,8.98916067512959e-10,0
site_11949,0,3.5734060199006246e-10,0
site_17906,0,2.114066637963611e-09,0
site_13090,0,3.8611293926219606e-09,0
site_00009,0,2.211133386379888e-06,0
site_18553,0,9.912939977644526e-10,0
site_15750,0,3.6340272296064405e-10,0
site_13933,0,1.1883931741154675e-09,0
site_17059,0,3.6340257971907517e-10,0
site_08483,0,1.624000015670349e-10,0
site_16190,0,1.1392155834971456e-06,0
site_03343,1,0.9999999546693173,1
site_09577,0,9.912939977644526e-10,0
site_05850,0,7.798304468908456e-11,0
site_14499,0,1.3334999862456042e-09,0
site_06824,0,2.063107829991455e-10,0
site_17119,1,0.999999832878397,1
site_14140,0,1.6240001595674307e-10,0
site_01512,0,1.2773967127310517e-09,0
site_13185,0,1.0554330775059986e-09,0
site_04818,0,2.1139416735759055e-09,0
site_11712,0,1.6665192197262814e-06,0
site_13965,0,7.338202488137336e-10,0
site_06843,0,2.063107829991455e-10,0
site_14003,0,3.7115097063277264e-07,0
site_03444,0,6.739275152616145e-09,0
site_13007,0,0.9930649792421632,1
site_12928,0,9.912939977644526e-10,0
site_19143,0,1.6240001595674307e-10,0
site_13387,0,1.4660977422123578e-06,0
site_07781,0,6.794232497065304e-07,0
site_04575,0,4.134563516400611e-07,0
site_17234,0,1.1883931741154675e-09,0
site_02871,0,4.1345625403830226e-07,0
site_14136,0,6.794232497065304e-07,0
site_02532,0,3.8611293926219606e-09,0
site_12095,0,4.1345625403830226e-07,0
site_20496,0,1.086156098453828e-06,0
site_18481,0,2.1140674712604512e-09,0
site_20042,0,2.063107829991455e-10,0
site_04251,0,6.794231120688183e-07,0
site_02847,0,7.338205380619931e-10,0
site_14770,0,6.794232497065304e-07,0
site_09463,0,2.063107829991455e-10,0
site_10243,1,0.9999999814544799,1
site_19815,0,1.6599058891573451e-09,0
site_20263,0,9.569834090348811e-05,0
site_10204,0,2.063107829991455e-10,0
site_20204,1,0.9999997484268404,1
site_11688,0,2.5377934444395e-06,0
site_09244,1,0.9999999787788303,1
site_10766,0,1.3334999862456042e-09,0
site_08352,0,5.482909690694956e-09,0
site_05615,0,6.794232497065304e-07,0
site_14063,0,1.1883931741154675e-09,0
site_11075,0,2.063107829991455e-10,0
site_14737,0,2.063107829991455e-10,0
site_01553,0,3.861359162980597e-09,0
site_11360,0,2.063107829991455e-10,0
site_10120,1,0.9999999735658405,1
site_06127,0,1.3334999862456042e-09,0
site_06868,0,1.6816716204359785e-10,0
site_13074,0,1.3956010500495407e-10,0
site_19325,1,0.9999998866257729,1
site_09176,0,4.1345625403830226e-07,0
site_02221,0,3.861359162980597e-09,0
site_05376,0,1.0131132445337718e-09,0
site_06196,0,7.338202488137336e-10,0
site_13531,0,9.912939977644526e-10,0
site_18613,0,2.063107829991455e-10,0
site_18330,0,2.063107829991455e-10,0
site_13195,0,1.3956010500495407e-10,0
site_12043,0,7.338205380619931e-10,0
site_20347,1,0.9999998441022063,1
site_16467,0,1.681671507341876e-10,0
site_12211,0,5.482909690694956e-09,0
site_21075,1,0.9999999597083519,1
site_02852,0,3.686427476432636e-08,0
site_02384,0,4.3905175696701793e-10,0
site_08375,0,5.793564458477225e-10,0
site_14838,0,1.016715027677037e-09,0
site_15173,0,4.0479643310750357e-07,0
site_14828,0,1.4660977422123578e-06,0
site_02979,0,1.32861245808081e-09,0
site_02227,0,3.861359162980597e-09,0
site_20207,1,0.9999994119229562,1
site_06630,0,1.681671166668268e-10,0
site_17915,0,3.5734060199006246e-10,0
site_04746,0,2.063107829991455e-10,0
site_18171,0,1.3956010500495407e-10,0
site_01054,1,0.9999993921603509,1
site_01506,0,1.4660971643250126e-06,0
site_06528,0,1.681671166668268e-10,0
site_18244,0,7.338205380619931e-10,0
site_16752,0,6.794232497065304e-07,0
site_08937,0,2.063107829991455e-10,0
site_04517,0,2.063107829991455e-10,0
site_00790,0,7.338202488137336e-10,0
site_05698,0,9.121210526981648e-07,0
site_13295,0,7.338205380619931e-10,0
site_16911,0,9.218063246100663e-07,0
site_02145,0,9.92747426137611e-10,0
site_04241,0,1.0888366870430428e-09,0
site_09035,0,2.063107829991455e-10,0
site_00758,0,2.063107829991455e-10,0
site_10403,0,1.3956010500495407e-10,0
site_13833,0,1.3956013327709517e-10,0
site_19107,0,2.063107829991455e-10,0
site_05239,0,6.794232497065304e-07,0
site_18479,0,3.6340272296064405e-10,0
site_15764,0,1.491705820591859e-09,0
site_04312,0,1.1883931741154675e-09,0
site_08896,0,2.063107829991455e-10,0
site_15541,0,1.1883931741154675e-09,0
site_21288,1,0.9999998354391797,1
site_00971,0,1.4660971643250126e-06,0
site_03925,0,4.134563516400611e-07,0
site_01780,0,2.861287764235067e-07,0
site_09512,1,0.999999565149244,1
site_07511,0,1.0888371162273247e-09,0
site_16396,0,2.063107829991455e-10,0
site_08914,0,2.063107829991455e-10,0
site_17235,0,3.5734060199006246e-10,0
site_15967,0,7.338202488137336e-10,0
site_09901,0,2.063107829991455e-10,0
site_10429,0,1.3956012091115064e-10,0
site_16847,0,1.4178217963955628e-06,0
site_21052,0,1.4660971643250126e-06,0
site_09023,0,1.830940571789597e-05,0
site_04750,0,2.0387161931982756e-09,0
site_04429,0,1.623999830576905e-10,0
site_19151,0,1.6240001595674307e-10,0
site_12992,1,0.9999999994051205,1
site_05751,1,0.9999999070411227,1
site_03660,0,4.917316869468715e-10,0
site_20578,0,7.338205380619931e-10,0
site_04030,0,7.338205380619931e-10,0
site_20403,1,0.9999998443458498,1
site_17716,0,6.739276743510851e-09,0
site_10770,0,2.063107829991455e-10,0
site_00562,0,1.016715027677037e-09,0
site_17780,0,1.3956014266265467e-10,0
site_10221,0,1.3956012091115064e-10,0
site_06811,0,1.3956013327709517e-10,0
site_17013,0,4.1345625403830226e-07,0
site_00456,0,6.332633452446776e-07,0
site_11614,0,3.5734060199006246e-10,0
site_08102,0,4.225208923815752e-10,0
site_19487,0,1.6240001595674307e-10,0
site_04210,0,1.3956013327709517e-10,0
site_13515,0,2.063107829991455e-10,0
site_11936,0,7.338205380619931e-10,0
site_07046,0,2.063107829991455e-10,0
site_09742,0,1.3847470042027777e-06,0
site_07932,0,2.202427124650073e-09,0
site_21309,1,0.9999992778611301,1
site_15246,0,3.5734060199006246e-10,0
site_01906,0,7.338202488137336e-10,0
site_18596,0,2.063107829991455e-10,0
site_18084,0,1.3334999862456042e-09,0
site_15386,0,1.681671507341876e-10,0
site_17165,0,8.98916067512959e-10,0
site_17317,0,3.6340257971907517e-10,0
site_19361,0,1.3956010500495407e-10,0
site_08166,0,4.225209298197051e-10,0
site_16363,0,1.3334999862456042e-09,0
site_15577,0,1.3956013327709517e-10,0
site_05003,0,2.063107829991455e-10,0
site_15994,0,1.3956013327709517e-10,0
site_03854,0,7.338205380619931e-10,0
site_13174,0,4.225209298197051e-10,0
site_20929,0,2.063107829991455e-10,0
site_15643,0,2.063107829991455e-10,0
site_19169,0,1.623999830576905e-10,0
site_05146,0,4.97044378301106e-09,0
site_02976,0,9.006430757338597e-10,0
site_05818,1,0.9999999218968828,1
site_20760,0,7.338205380619931e-10,0
site_16852,0,9.218063246100663e-07,0
site_13249,0,1.3126122685308303e-05,0
site_14651,0,2.063107829991455e-10,0
site_05499,0,1.3334999862456042e-09,0
site_06024,0,1.905215968446079e-06,0
site_19733,1,0.999999941541308,1
site_00343,1,0.9999999521857869,1
site_17015,0,1.1883931741154675e-09,0
site_00643,0,7.338202488137336e-10,0
site_07798,0,3.6340272296064405e-10,0
site_12565,0,2.1140674712604512e-09,0
site_13247,0,2.1139408403286503e-09,0
site_14346,0,4.1345641700934825e-07,0
site_00079,1,0.9999999450012046,1
site_04445,0,2.063107829991455e-10,0
site_01115,0,1.3956010500495407e-10,0
site_18740,0,1.3286129817769625e-09,0
site_05804,0,1.0888371162273247e-09,0
site_00387,1,0.9999998317701063,1
site_14758,0,1.360176706494096e-09,0
site_04356,0,7.338205380619931e-10,0
site_20978,0,1.3334999862456042e-09,0
site_04580,0,2.063107829991455e-10,0
site_11866,0,1.6665192197262814e-06,0
site_16756,0,1.4660977422123578e-06,0
site_06501,0,2.063107829991455e-10,0
site_20523,0,1.3956010500495407e-10,0
site_08681,0,7.338205380619931e-10,0
site_16790,0,9.218063246100663e-07,0
site_21235,0,7.424851220443684e-07,0
site_15185,0,7.338205380619931e-10,0
site_00583,0,2.114066637963611e-09,0
site_19991,1,0.9999998757288006,1
site_03688,0,1.3956010500495407e-10,0
site_11206,0,2.063107829991455e-10,0
site_08512,0,1.681671358334734e-10,0
site_01244,1,0.999999409907194,1
site_12969,0,3.861359162980597e-09,0
site_03433,0,2.063107829991455e-10,0
site_16536,0,1.3334999862456042e-09,0
site_19938,1,0.9999999968585425,1
site_11670,0,1.3956010500495407e-10,0
site_07402,0,1.1883931741154675e-09,0
site_06108,0,7.338202488137336e-10,0
site_10359,0,3.034016620902076e-09,0
site_12814,0,1.3334999862456042e-09,0
site_13450,0,6.794231120688183e-07,0
site_16176,0,2.063107829991455e-10,0
site_17088,0,1.3334999862456042e-09,0
site_17991,0,1.3956014266265467e-10,0
site_21304,1,0.9999999247720254,1
site_19428,0,2.063107829991455e-10,0
site_01536,0,3.6340257971907517e-10,0
site_00987,1,0.9999999992801745,1
site_13126,0,1.6114442450734062e-09,0
site_15932,0,9.912939977644526e-10,0
site_19275,0,1.6599058891573451e-09,0
site_01618,1,0.00019708487152421086,0
site_14493,0,1.3956010500495407e-10,0
site_14684,0,1.6240001595674307e-10,0
site_18232,0,2.602755344701467e-09,0
site_08633,0,7.338205380619931e-10,0
site_11515,0,3.5734060199006246e-10,0
site_01264,0,7.338202488137336e-10,0
site_03141,0,3.441787094371995e-07,0
site_03280,1,0.9999999972650844,1
site_04534,0,1.830940571789597e-05,0
site_18950,0,3.6340272296064405e-10,0
site_16060,0,7.338205380619931e-10,0
site_14492,0,9.912939977644526e-10,0
site_03595,0,2.063107829991455e-10,0
site_07764,0,2.063107829991455e-10,0
site_02009,0,3.6340257971907517e-10,0
site_11220,0,2.063107829991455e-10,0
site_16494,1,0.9999995007716812,1
site_07137,0,3.711511169284542e-07,0
site_02473,1,0.9999998997037044,1
site_11796,0,2.063107829991455e-10,0
site_19597,1,0.9999998661889461,1
site_02506,0,1.623999830576905e-10,0
site_01356,0,8.643057257470264e-07,0
site_14178,0,9.912939977644526e-10,0
site_15773,0,9.92747426137611e-10,0
site_07498,0,5.765750680341716e-10,0
site_13617,0,4.1345641700934825e-07,0
site_13695,0,1.4660971643250126e-06,0
site_00329,0,1.215098143245241e-08,0
site_18198,0,9.912939977644526e-10,0
site_12945,0,1.016715027677037e-09,0
site_11304,0,5.477071715034742e-05,0
site_10251,1,0.9999991253762004,1
site_03635,0,3.5734060199006246e-10,0
site_16845,1,0.9999999525993679,1
site_11726,0,1.6665192197262814e-06,0
site_00401,0,1.3956010500495407e-10,0
site_12983,1,0.9999999787336711,1
site_03646,0,1.0979616502267411e-05,0
site_08430,0,3.711511169284542e-07,0
site_16022,0,8.98916067512959e-10,0
site_03717,0,7.338205380619931e-10,0
site_16407,0,1.3956013327709517e-10,0
site_02345,0,3.8611293926219606e-09,0
site_12798,0,2.86128889206205e-07,0
site_06279,0,2.063107829991455e-10,0
site_17208,0,4.1345625403830226e-07,0
site_17980,0,1.1883931741154675e-09,0
site_20171,0,1.4660977422123578e-06,0
site_11911,0,5.793564458477225e-10,0
site_21503,0,1.007602469670739e-08,0
site_09991,0,1.3847470042027777e-06,0
site_19555,0,1.6240001595674307e-10,0
site_09731,1,0.9999996835602909,1
site_19875,0,1.086156098453828e-06,0
site_09976,0,1.6665192197262814e-06,0
site_08846,0,2.063107829991455e-10,0
site_19469,0,2.063107829991455e-10,0
site_08866,0,7.338205380619931e-10,0
site_01096,1,0.9999995746088886,1
site_04094,0,4.1345641700934825e-07,0
site_19661,1,0.9999998763997979,1
site_10364,1,0.9999996698922327,1
site_07513,0,8.98916067512959e-10,0
site_00402,0,1.623999830576905e-10,0
site_05549,0,7.338205380619931e-10,0
site_12386,0,1.721903383643485e-06,0
site_00734,0,1.5994980659040535e-09,0
site_06957,0,1.3956010500495407e-10,0
site_19766,0,4.225209298197051e-10,0
site_14463,0,1.3334999862456042e-09,0
site_13386,0,9.912939977644526e-10,0
site_09106,0,2.063107829991455e-10,0
site_00151,1,0.9999971432136789,1
site_14024,0,1.6240001595674307e-10,0
site_15196,0,2.063107829991455e-10,0
site_06388,0,3.6864260233625215e-08,0
site_01450,0,7.338202488137336e-10,0
site_05406,0,2.063107829991455e-10,0
site_14072,0,2.063107829991455e-10,0
site_12857,0,2.063107829991455e-10,0
site_13468,0,3.573404611379851e-10,0
site_19490,0,1.6240001595674307e-10,0
site_20179,0,1.0979612174506111e-05,0
site_01737,0,3.441787094371995e-07,0
site_05972,0,2.063107829991455e-10,0
site_19121,0,1.4660977422123578e-06,0
site_02151,0,2.063107829991455e-10,0
site_00252,0,3.540296119703145e-06,0
site_21349,1,0.9999996490688187,1
site_05109,0,1.3956013327709517e-10,0
site_06083,0,5.715623084810916e-05,0
site_20069,1,0.9999994576819754,1
site_11260,1,0.9999999404163009,1
site_13755,0,2.113941339352245e-09,0
site_18778,0,2.063107829991455e-10,0
site_20895,1,0.999999948471678,1
site_16356,0,2.063107829991455e-10,0
site_17565,0,1.3334999862456042e-09,0
site_15428,0,1.3334999862456042e-09,0
site_01487,0,9.912939977644526e-10,0
site_02494,0,2.1139416735759055e-09,0
site_01117,0,7.338202488137336e-10,0
site_09387,0,9.912939977644526e-10,0
site_18423,0,2.063107829991455e-10,0
site_01690,0,1.3334999862456042e-09,0
site_15740,0,1.016715027677037e-09,0
site_10376,1,0.9999999961809594,1
site_11554,1,0.9999999757771484,1
site_08371,0,2.063107829991455e-10,0
site_14242,0,2.186896719586199e-09,0
site_09089,0,8.925042859445542e-10,0
site_06369,0,2.063107829991455e-10,0
site_00683,0,2.063107829991455e-10,0
site_17944,0,7.338202488137336e-10,0
site_21451,0,6.622204336585548e-08,0
site_04591,0,1.624000268783077e-10,0
site_21096,0,3.441787094371995e-07,0
site_10948,0,2.063107829991455e-10,0
site_07537,0,1.681671358334734e-10,0
site_20297,0,1.6599058891573451e-09,0
site_06034,0,1.3956010500495407e-10,0
site_09475,0,8.98916067512959e-10,0
site_09738,1,0.9999991689843624,1
site_13690,0,1.3956010500495407e-10,0
site_02101,0,9.435416744478092e-07,0
site_04322,0,2.063107829991455e-10,0
site_08165,0,1.6240001595674307e-10,0
site_17019,0,8.790111565067778e-05,0
site_04850,0,2.063107829991455e-10,0
site_13026,0,1.016715027677037e-09,0
site_05104,0,2.202427124650073e-09,0
site_12109,0,8.833972459486526e-09,0
site_19564,0,7.338205380619931e-10,0
site_00576,0,2.063107829991455e-10,0
site_04197,0,2.063107829991455e-10,0
site_18720,0,1.623999830576905e-10,0
site_10963,0,3.034016620902076e-09,0
site_18258,0,2.063107829991455e-10,0
site_12299,0,2.063107829991455e-10,0
site_18756,0,2.063107829991455e-10,0
site_18387,0,2.063107829991455e-10,0
site_00427,1,0.9999997998468272,1
site_05911,0,1.3956010500495407e-10,0
site_21496,0,2.063107829991455e-10,0
site_09000,0,3.034016620902076e-09,0
site_07431,0,1.624000268783077e-10,0
site_02444,0,1.1883931741154675e-09,0
site_16375,0,1.0663405491580401e-06,0
site_09143,0,1.2718353353311906e-05,0
site_14412,0,2.063107829991455e-10,0
site_05205,0,2.063107829991455e-10,0
site_14746,0,1.3956010500495407e-10,0
site_20659,0,8.925042859445542e-10,0
site_08040,0,3.9686711598014194e-10,0
site_09830,0,2.063107829991455e-10,0
site_18754,0,2.063107829991455e-10,0
site_21292,0,4.1345625403830226e-07,0
site_05821,1,0.9999999585043078,1
site_08201,0,3.6340272296064405e-10,0
site_18220,0,9.912939977644526e-10,0
site_17882,0,1.6599058891573451e-09,0
site_16029,0,2.063107829991455e-10,0
site_03227,0,2.063107829991455e-10,0
site_07468,0,2.063107829991455e-10,0
site_07637,0,1.0888371162273247e-09,0
site_00048,0,1.6834375403870812e-08,0
site_08273,0,3.5734060199006246e-10,0
site_17946,0,1.1883931741154675e-09,0
site_00757,0,2.063107829991455e-10,0
site_18608,0,1.681671166668268e-10,0
site_13633,0,4.97044378301106e-09,0
site_02442,0,1.0979616502267411e-05,0
site_19434,0,2.063107829991455e-10,0
site_07375,0,8.925044667484243e-10,0
site_03524,0,2.114066637963611e-09,0
site_07978,0,1.3956012091115064e-10,0
site_12527,0,2.0585992391760247e-05,0
site_19232,0,3.6340257971907517e-10,0
site_17637,0,1.1182948485423295e-10,0
site_15767,0,7.25796121951094e-07,0
site_09653,0,9.912939977644526e-10,0
site_05700,1,0.9999998019664708,1
site_06494,0,1.2718353353311906e-05,0
site_04605,0,2.0585992391760247e-05,0
site_05576,0,4.97044378301106e-09,0
site_02173,1,0.9999999779106068,1
site_07913,0,1.6599058891573451e-09,0
site_08874,0,2.173683488092289e-10,0
site_09681,0,1.624000015670349e-10,0
site_14605,0,2.063107829991455e-10,0
site_05710,0,6.794231120688183e-07,0
site_01968,0,3.6340272296064405e-10,0
site_09486,0,2.1140674712604512e-09,0
site_15342,0,2.063107829991455e-10,0
site_15186,0,3.6340272296064405e-10,0
site_11572,0,1.6665192197262814e-06,0
site_01794,0,1.4660967562756634e-06,0
site_13448,0,2.063107829991455e-10,0
site_13158,0,3.6340272296064405e-10,0
site_12874,1,0.9999999868768557,1
site_18038,0,2.063107829991455e-10,0
site_04805,0,6.794232497065304e-07,0
site_02722,1,0.9999996417327524,1
site_07335,0,1.3334999862456042e-09,0
site_09664,0,3.6340272296064405e-10,0
site_17872,0,2.063107829991455e-10,0
site_15697,0,8.790111565067778e-05,0
site_13805,0,4.195993846563071e-10,0
site_18484,0,2.063107829991455e-10,0
site_07668,0,2.063107829991455e-10,0
site_07808,0,4.893556424922534e-07,0
site_08279,0,6.794231895052095e-07,0
site_01359,0,1.5817106882755587e-06,0
site_09813,0,9.388155194791076e-11,0
site_09799,0,2.063107829991455e-10,0
site_01239,0,2.063107829991455e-10,0
site_20886,0,2.063107829991455e-10,0
site_18875,0,5.477072568631193e-05,0
site_00793,0,3.6340257971907517e-10,0
site_05616,0,1.3956013327709517e-10,0
site_20815,0,2.063107829991455e-10,0
site_05754,1,0.999999997177119,1
site_08137,0,2.1139416735759055e-09,0
site_02982,0,7.338202488137336e-10,0
site_15812,0,8.925045267702485e-10,0
site_12502,0,1.7587147143606387e-06,0
site_19411,0,1.3956013327709517e-10,0
site_04032,0,2.063107829991455e-10,0
site_17662,0,1.4660971643250126e-06,0
site_08178,0,2.063107829991455e-10,0
site_17926,0,2.602756370623624e-09,0
site_19203,0,1.6816716204359785e-10,0
site_00109,0,7.338202488137336e-10,0
site_13663,0,4.1345625403830226e-07,0
site_11773,0,2.063107829991455e-10,0
site_11740,0,1.681671166668268e-10,0
site_12443,0,1.3286129817769625e-09,0
site_18158,0,2.2121622623682363e-08,0
site_21554,0,8.98916067512959e-10,0
site_05369,0,3.5734060199006246e-10,0
site_15739,0,1.0888371162273247e-09,0
site_14362,0,4.1345625403830226e-07,0
site_02043,1,0.9999999729577808,1
site_12190,0,4.225209298197051e-10,0
site_18102,0,9.912939977644526e-10,0
site_10985,1,0.9999993120569369,1
site_14707,0,4.1345641700934825e-07,0
site_12373,1,0.9999999564617742,1
site_02038,0,3.8611293926219606e-09,0
site_15389,0,1.4660977422123578e-06,0
site_01166,1,0.9999998922776031,1
site_06377,0,3.573404611379851e-10,0
site_09622,0,1.4293681438306939e-06,0
site_18674,0,8.925045267702485e-10,0
site_03995,0,2.063107829991455e-10,0
site_02776,1,0.9999999677542312,1
site_12177,0,2.063107829991455e-10,0
site_17971,0,2.058598427759658e-05,0
site_13096,0,1.681671166668268e-10,0
site_07717,0,2.063107829991455e-10,0
site_04316,0,2.063107829991455e-10,0
site_12361,0,2.7809490477260128e-09,0
site_01729,0,1.016715027677037e-09,0
site_17083,1,0.999999999028907,1
site_05518,0,1.3956013327709517e-10,0
site_20462,0,1.681671166668268e-10,0
site_19674,1,0.9999998775704894,1
site_18817,0,1.3956014266265467e-10,0
site_10219,0,4.1345641700934825e-07,0
site_15295,0,1.3334999862456042e-09,0
site_16999,0,1.4660963173856686e-06,0
site_19297,0,9.912939977644526e-10,0
site_06855,0,2.063107829991455e-10,0
site_21244,0,1.8309398501054045e-05,0
site_14706,0,1.623999830576905e-10,0
site_12614,0,1.3956010500495407e-10,0
site_01716,0,1.8907216033661352e-08,0
site_15564,0,1.3334999862456042e-09,0
site_20468,0,5.765750680341716e-10,0
site_10323,0,3.4417884510129365e-07,0
site_08796,0,2.063107829991455e-10,0
site_18680,0,4.1345641700934825e-07,0
site_06368,0,1.6599058891573451e-09,0
site_02854,0,2.1140674712604512e-09,0
site_20732,1,0.9999999994259259,1
site_07223,0,6.794231120688183e-07,0
site_18766,0,1.1883931741154675e-09,0
site_15175,0,2.7809490477260128e-09,0
site_12222,0,3.6864260233625215e-08,0
site_15819,0,7.338205380619931e-10,0
site_04506,0,1.3956010500495407e-10,0
site_20793,1,0.9999998317701063,1
site_13720,0,2.063107829991455e-10,0
site_01556,0,3.8611293926219606e-09,0
site_09095,0,2.063107829991455e-10,0
site_11250,0,3.396130840241236e-07,0
site_14372,0,2.063107829991455e-10,0
site_00061,1,0.9999997902287898,1
site_19508,0,2.063107829991455e-10,0
site_21042,0,3.573404611379851e-10,0
site_11191,0,2.063107829991455e-10,0
site_16577,0,2.063107829991455e-10,0
site_05067,0,1.3956013327709517e-10,0
site_13637,0,7.338205380619931e-10,0
site_00242,0,2.063107829991455e-10,0
site_14755,0,3.6340272296064405e-10,0
site_21073,0,7.424851220443684e-07,0
site_04920,0,4.1345641700934825e-07,0
site_16167,0,7.338202488137336e-10,0
site_08477,0,1.6599058891573451e-09,0
site_02702,0,2.063107829991455e-10,0
site_18799,0,2.063107829991455e-10,0
site_18428,0,2.063107829991455e-10,0
site_06011,0,2.063107829991455e-10,0
site_02671,1,0.9999999840777363,1
site_14753,0,2.063107829991455e-10,0
site_11007,1,0.9999996770989,1
site_01566,0,1.2773967127310517e-09,0
site_05330,0,7.338205380619931e-10,0
site_19946,0,2.063107829991455e-10,0
site_03988,0,1.3286129817769625e-09,0
site_03685,0,4.1345625403830226e-07,0
site_06232,0,1.3956010500495407e-10,0
site_10943,0,2.063107829991455e-10,0
site_00588,0,1.3956010500495407e-10,0
site_00086,1,0.9999999913387775,1
site_06749,0,9.912939977644526e-10,0
site_19414,0,2.063107829991455e-10,0
site_08122,0,2.063107829991455e-10,0
site_14191,0,1.3956010500495407e-10,0
site_21447,0,1.3334999862456042e-09,0
site_18411,0,1.3956010500495407e-10,0
site_07171,0,1.6816716204359785e-10,0
site_07974,0,1.3956012091115064e-10,0
site_17758,0,4.1345641700934825e-07,0
site_10442,0,2.063107829991455e-10,0
site_15171,0,1.3286127717172904e-09,0
site_07365,0,5.793565361448217e-10,0
site_15606,0,1.3286129817769625e-09,0
site_08506,0,4.225208923815752e-10,0
site_02091,0,8.98916067512959e-10,0
site_03891,0,2.063107829991455e-10,0
site_08004,0,1.6240001595674307e-10,0
site_11248,0,2.1972489302393472e-07,0
site_02202,0,3.6340257971907517e-10,0
site_10192,0,2.1139416735759055e-09,0
site_20091,0,6.794232497065304e-07,0
site_08205,0,8.98916067512959e-10,0
site_06626,0,1.3956010500495407e-10,0
site_08060,0,5.477072200312727e-05,0
site_08243,0,9.92747426137611e-10,0
site_14102,0,2.063107829991455e-10,0
site_02905,0,7.338205380619931e-10,0
site_16875,0,1.3334999862456042e-09,0
site_13615,0,2.186896719586199e-09,0
site_00865,0,7.338202488137336e-10,0
site_19240,0,1.681671166668268e-10,0
site_19784,0,2.063107829991455e-10,0
site_20894,0,2.063107829991455e-10,0
site_19489,0,1.681671507341876e-10,0
site_03870,0,7.338202488137336e-10,0
site_11709,1,0.9999999774214331,1
site_07128,0,5.793564971825138e-10,0
site_00471,1,0.9999999247720254,1
site_03901,0,2.1140674712604512e-09,0
site_04633,0,1.948493997826215e-06,0
site_09091,0,2.063107829991455e-10,0
site_07773,0,1.6240001595674307e-10,0
site_05791,0,1.3956013327709517e-10,0
site_11522,0,2.3175354424904868e-10,0
site_00260,1,0.9999996667113916,1
site_06636,0,1.3956013327709517e-10,0
site_17397,0,1.016715027677037e-09,0
site_20061,1,0.9999998359390718,1
site_10941,0,2.063107829991455e-10,0
site_00273,0,2.063107829991455e-10,0
site_04736,0,1.3334999862456042e-09,0
site_08895,0,1.1883931741154675e-09,0
site_00586,0,1.3956010500495407e-10,0
site_17329,0,1.279855244610829e-06,0
site_01816,0,8.067725793473507e-07,0
site_06509,0,1.681671166668268e-10,0
site_21166,0,7.424851220443684e-07,0
site_05665,0,2.063107829991455e-10,0
site_01997,0,2.063107829991455e-10,0
site_06912,0,4.2252084422526584e-10,0
site_10654,0,3.9686711598014194e-10,0
site_15613,0,4.134563516400611e-07,0
site_09730,0,1.7499697770402115e-06,0
site_00944,0,1.1883931741154675e-09,0
site_13649,0,2.114066637963611e-09,0
site_09179,0,7.338202488137336e-10,0
site_12603,0,2.0387161931982756e-09,0
site_21101,0,7.338202488137336e-10,0
site_05048,0,2.0387161931982756e-09,0
site_05195,0,2.063107829991455e-10,0
site_06413,0,2.063107829991455e-10,0
site_07478,0,1.624000268783077e-10,0
site_03480,0,1.4660971643250126e-06,0
site_01926,1,0.9999998795249626,1
site_20295,0,1.016715027677037e-09,0
site_14528,0,3.5734060199006246e-10,0
site_13846,0,1.4660977422123578e-06,0
site_14093,0,2.063107829991455e-10,0
site_04505,0,3.573404611379851e-10,0
site_19276,0,1.3956013327709517e-10,0
site_16614,1,0.9999999624540022,1
site_03116,0,1.624000268783077e-10,0
site_06469,0,4.2252084422526584e-10,0
site_13250,0,2.4462654948135775e-10,0
site_04437,0,9.912939977644526e-10,0
site_16928,0,2.063107829991455e-10,0
site_11669,0,2.063107829991455e-10,0
site_05279,0,6.794232497065304e-07,0
site_09184,0,1.1883931741154675e-09,0
site_15111,0,2.063107829991455e-10,0
site_09316,0,3.056049935201017e-07,0
site_11751,0,2.063107829991455e-10,0
site_16661,1,0.9999998531046175,1
site_21220,0,1.3956010500495407e-10,0
site_00736,0,2.7811145380776075e-09,0
site_04432,0,3.9686711598014194e-10,0
site_05281,0,1.3956013327709517e-10,0
site_01803,0,7.338202488137336e-10,0
site_01048,0,6.794231120688183e-07,0
site_13294,0,1.624000268783077e-10,0
site_02799,0,2.1140674712604512e-09,0
site_19261,0,2.063107829991455e-10,0
site_08617,0,1.681671358334734e-10,0
site_06764,0,1.3956010500495407e-10,0
site_00958,1,0.9999963546938937,1
site_00907,0,2.063107829991455e-10,0
site_07201,0,1.3334999862456042e-09,0
site_20510,0,2.063107829991455e-10,0
site_01709,0,7.338202488137336e-10,0
site_14773,0,1.3956013327709517e-10,0
site_21502,0,2.114066637963611e-09,0
site_01470,0,4.84606400173197e-07,0
site_00314,0,2.063107829991455e-10,0
site_18290,0,2.063107829991455e-10,0
site_06241,0,2.114066637963611e-09,0
site_07446,0,2.063107829991455e-10,0
site_06315,0,1.6599058891573451e-09,0
site_00566,0,1.5994980659040535e-09,0
site_13482,0,3.711511169284542e-07,0
site_03459,0,2.1139408403286503e-09,0
site_11366,0,3.4417884510129365e-07,0
site_12845,0,9.006430757338597e-10,0
site_19495,0,2.063107829991455e-10,0
site_04111,0,2.063107829991455e-10,0
site_20211,1,0.9999999407478859,1
site_15520,0,1.3334999862456042e-09,0
site_14858,0,4.917316869468715e-10,0
site_08475,0,2.063107829991455e-10,0
site_21536,0,1.1883931741154675e-09,0
site_02669,1,0.9999999867210261,1
site_15625,0,2.7809490477260128e-09,0
site_14723,0,2.063107829991455e-10,0
site_19676,0,7.424851220443684e-07,0
site_04609,0,1.4660977422123578e-06,0
site_20888,0,2.1139408403286503e-09,0
site_16549,1,0.999999546159226,1
site_17857,0,4.1345641700934825e-07,0
site_04898,0,7.338205380619931e-10,0
site_02814,0,1.32861245808081e-09,0
site_04806,0,3.6340272296064405e-10,0
site_04382,0,2.063107829991455e-10,0
site_15113,0,2.063107829991455e-10,0
site_10573,0,2.063107829991455e-10,0
site_11243,0,7.212771304359308e-07,0
site_07636,0,2.1139416735759055e-09,0
site_09612,0,1.721903383643485e-06,0
site_16169,0,1.3956010500495407e-10,0
site_08737,0,1.1883931741154675e-09,0
site_00620,0,1.007602469670739e-08,0
site_17966,0,8.98916067512959e-10,0
site_01807,0,7.338202488137336e-10,0
site_14456,0,1.623999830576905e-10,0
site_15956,0,3.5734060199006246e-10,0
site_09438,0,1.681671166668268e-10,0
site_11655,0,4.1345641700934825e-07,0
site_08960,0,1.681671358334734e-10,0
site_03353,0,2.063107829991455e-10,0
site_06535,0,1.623999830576905e-10,0
site_06165,0,9.006432883425272e-10,0
site_13413,0,1.0888371162273247e-09,0
site_13717,0,1.3956013327709517e-10,0
site_08924,0,9.912939977644526e-10,0
site_13787,0,1.681671166668268e-10,0
site_08091,0,1.681671358334734e-10,0
site_21104,0,1.016715027677037e-09,0
site_11218,0,1.6240001595674307e-10,0
site_10129,0,1.271834834021316e-05,0
site_02332,0,2.063107829991455e-10,0
site_01544,0,1.1883931741154675e-09,0
site_03186,0,7.338202488137336e-10,0
site_09455,0,2.063107829991455e-10,0
site_20399,0,5.715623052289176e-05,0
site_16760,0,8.98916067512959e-10,0
site_06718,0,2.063107829991455e-10,0
site_05542,0,2.063107829991455e-10,0
site_06392,0,2.063107829991455e-10,0
site_16312,1,0.9999999610918304,1
site_03334,1,0.9999998531046175,1
site_09979,1,0.9999998866934037,1
site_20689,0,1.086156098453828e-06,0
site_06289,0,1.3956014266265467e-10,0
site_03991,0,2.063107829991455e-10,0
site_06757,0,7.338202488137336e-10,0
site_18072,0,9.912939977644526e-10,0
site_20432,0,1.681671507341876e-10,0
site_15769,0,8.742292172699729e-07,0
site_08629,0,1.4660977422123578e-06,0
site_19686,0,1.3334999862456042e-09,0
site_09852,1,0.9999998795249626,1
site_03413,0,9.912939977644526e-10,0
site_20315,0,1.3334999862456042e-09,0
site_20938,0,3.9686711598014194e-10,0
site_07962,0,1.0076028668351105e-08,0
site_18225,0,2.063107829991455e-10,0
site_01358,0,1.5817106882755587e-06,0
site_04288,0,1.3956010500495407e-10,0
site_02729,0,1.6665192197262814e-06,0
site_20264,1,0.9999999884617078,1
site_09401,0,1.9119725444961503e-09,0
site_09952,0,3.4417884510129365e-07,0
site_19139,0,4.22520958234663e-10,0
site_13521,0,1.3334999862456042e-09,0
site_12092,0,1.0076027075285788e-08,0
site_06580,0,7.338205380619931e-10,0
site_19723,0,2.063107829991455e-10,0
site_19158,0,7.338205380619931e-10,0
site_20624,0,1.086156098453828e-06,0
site_16859,1,0.9999999658508921,1
site_04478,0,2.063107829991455e-10,0
site_09708,0,2.063107829991455e-10,0
site_06234,0,2.063107829991455e-10,0
site_01542,0,7.338202488137336e-10,0
site_11875,0,1.6676244496805645e-06,0
site_06308,0,3.6864260233625215e-08,0
site_05771,0,4.1345625403830226e-07,0
site_05553,0,2.063107829991455e-10,0
site_00197,1,0.999999948471678,1
site_12615,0,5.4770710908262656e-05,0
site_01170,0,3.9299421425814797e-07,0
site_09241,0,1.6679424012421817e-06,0
site_08238,0,1.4660977422123578e-06,0
site_21115,1,0.999999999092755,1
site_20678,1,0.9999999817649093,1
site_15976,1,0.9999999127223064,1
site_15836,0,7.25796121951094e-07,0
site_19971,0,3.6340257971907517e-10,0
site_02267,0,2.063107829991455e-10,0
site_03344,1,0.9999999609250603,1
site_16067,0,2.063107829991455e-10,0
site_14150,0,7.338205380619931e-10,0
site_14459,0,1.016715027677037e-09,0
site_18093,0,1.3956010500495407e-10,0
site_06909,0,6.794231120688183e-07,0
site_18211,0,2.063107829991455e-10,0
site_01662,0,9.912939977644526e-10,0
site_01868,0,6.262400866164057e-10,0
site_17061,0,1.6599058891573451e-09,0
site_03252,0,7.338202488137336e-10,0
site_04231,0,1.681671166668268e-10,0
site_01333,0,3.441787094371995e-07,0
site_11498,0,8.98916067512959e-10,0
site_05989,0,8.98916067512959e-10,0
site_06051,0,2.063107829991455e-10,0
site_19345,0,1.3334999862456042e-09,0
site_15832,0,1.4924878900336805e-09,0
site_17266,0,2.063107829991455e-10,0
site_04704,0,1.4660977422123578e-06,0
site_15001,0,2.063107829991455e-10,0
site_04588,0,2.063107829991455e-10,0
site_20289,0,1.086156098453828e-06,0
site_04082,0,4.1345641700934825e-07,0
site_09819,0,2.063107829991455e-10,0
site_04137,0,4.1345625403830226e-07,0
site_02574,0,3.5734060199006246e-10,0
site_12795,0,2.063107829991455e-10,0
site_04692,0,4.1345641700934825e-07,0
site_11161,0,1.681671358334734e-10,0
site_01702,0,1.623999830576905e-10,0
site_18564,0,2.063107829991455e-10,0
site_06132,0,8.98916067512959e-10,0
site_13809,0,4.211620675451634e-07,0
site_08515,0,2.1140674712604512e-09,0
site_12312,0,1.624000015670349e-10,0
site_03376,0,2.063107829991455e-10,0
site_13190,0,5.4770710908262656e-05,0
site_15351,0,2.063107829991455e-10,0
site_13631,0,2.063107829991455e-10,0
site_13948,0,1.0888371162273247e-09,0
site_04623,0,1.4414289078137717e-09,0
site_16239,0,8.98916067512959e-10,0
site_20697,0,2.063107829991455e-10,0
site_20441,0,1.70644510703619e-09,0
site_04830,0,1.623999830576905e-10,0
site_20411,1,0.9999999611476056,1
site_00635,0,2.063107829991455e-10,0
site_07384,0,1.3956013327709517e-10,0
site_12171,0,1.624000015670349e-10,0
site_12246,1,0.9999999864012514,1
site_10033,0,1.3334999862456042e-09,0
site_12896,0,2.063107829991455e-10,0
site_00673,0,1.681671166668268e-10,0
site_07288,0,4.917316869468715e-10,0
site_05750,1,0.9999996803343123,1
site_15230,0,8.98916067512959e-10,0
site_05902,0,2.063107829991455e-10,0
site_10366,0,8.643057257470264e-07,0
site_12454,0,2.063107829991455e-10,0
site_15241,0,8.925045267702485e-10,0
site_16685,0,6.794232497065304e-07,0
site_07332,0,1.3334999862456042e-09,0
site_14095,0,2.063107829991455e-10,0
site_16015,0,4.1345641700934825e-07,0
site_07440,0,1.3956013327709517e-10,0
site_01407,0,3.6340257971907517e-10,0
site_20871,0,1.360176706494096e-09,0
site_11187,0,2.0387161931982756e-09,0
site_11631,0,1.624000015670349e-10,0
site_06975,0,8.925042859445542e-10,0
site_10918,0,7.338205380619931e-10,0
site_09118,0,3.6340272296064405e-10,0
site_17777,0,7.338205380619931e-10,0
site_00740,0,2.063107829991455e-10,0
site_18292,0,1.6816716204359785e-10,0
site_07522,0,1.3956013327709517e-10,0
site_01019,1,0.9999999853919426,1
site_19444,0,1.3956010500495407e-10,0
site_02897,0,1.7630311685435125e-06,0
site_03352,0,2.063107829991455e-10,0
site_10417,0,2.063107829991455e-10,0
site_16459,0,2.063107829991455e-10,0
site_00869,0,1.3956010500495407e-10,0
site_10811,0,1.3956012091115064e-10,0
site_08435,0,7.338205380619931e-10,0
site_21545,0,1.4660957394988852e-06,0
site_01383,0,7.338202488137336e-10,0
site_01790,0,2.114066637963611e-09,0
site_02257,0,1.7064444344108668e-09,0
site_03194,0,2.063107829991455e-10,0
site_03460,0,2.063107829991455e-10,0
site_00564,0,8.925042859445542e-10,0
site_15281,0,7.338205380619931e-10,0
site_09996,0,3.498775056706816e-09,0
site_06468,0,1.3956010500495407e-10,0
site_08765,0,1.3334999862456042e-09,0
site_08646,0,1.623999830576905e-10,0
site_05084,0,1.6240001595674307e-10,0
site_13175,0,9.912939977644526e-10,0
site_09889,0,4.2252084422526584e-10,0
site_13084,0,2.063107829991455e-10,0
site_09153,0,1.6679424012421817e-06,0
site_10765,0,2.063107829991455e-10,0
site_11122,1,0.9999999990123416,1
site_02049,1,0.9999999772707501,1
site_10634,0,1.9784867417157473e-09,0
site_13243,0,1.8907216033661352e-08,0
site_00648,0,2.7809490477260128e-09,0
site_19338,0,2.063107829991455e-10,0
site_12549,0,9.92747426137611e-10,0
site_17592,0,2.186896719586199e-09,0
site_01911,0,1.3334999862456042e-09,0
site_04074,0,2.063107829991455e-10,0
site_14044,0,3.9686711598014194e-10,0
site_04881,0,1.3956010500495407e-10,0
site_10974,1,0.9999996135770582,1
site_00422,1,0.9999999525993679,1
site_06147,0,4.917316869468715e-10,0
site_04229,0,1.681671166668268e-10,0
site_09737,0,1.7587147143606387e-06,0
site_03373,0,6.739275152616145e-09,0
site_00866,0,2.861287764235067e-07,0
site_14484,0,1.0131132445337718e-09,0
site_04677,0,1.681671166668268e-10,0
site_20669,1,0.9999997573774462,1
site_16404,0,9.912939977644526e-10,0
site_08566,0,1.3286129817769625e-09,0
site_13878,0,2.063107829991455e-10,0
site_10594,1,0.9999998795249626,1
site_15463,0,1.3334999862456042e-09,0
site_18460,0,2.063107829991455e-10,0
site_15475,0,1.1883931741154675e-09,0
site_13325,0,3.8611293926219606e-09,0
site_04153,0,7.338205380619931e-10,0
site_18837,0,2.063107829991455e-10,0
site_20810,0,7.338205380619931e-10,0
site_14381,0,2.063107829991455e-10,0
site_16912,0,1.1079453353147037e-06,0
site_05110,0,1.681671507341876e-10,0
site_06803,0,2.0387161931982756e-09,0
site_02590,0,2.861287764235067e-07,0
site_04698,0,2.063107829991455e-10,0
site_19208,0,2.063107829991455e-10,0
site_06400,0,2.1139408403286503e-09,0
site_08379,0,1.624000015670349e-10,0
site_04635,0,1.681671166668268e-10,0
site_20238,0,3.6340272296064405e-10,0
site_05485,0,1.3956013327709517e-10,0
site_06064,0,4.2252084422526584e-10,0
site_19450,1,0.9999999989046138,1
site_12646,1,0.9999999468393913,1
site_03030,0,9.912939977644526e-10,0
site_01766,0,2.202557319801874e-09,0
site_19106,0,1.3956010500495407e-10,0
site_05153,0,2.063107829991455e-10,0
site_07784,0,1.3334999862456042e-09,0
site_09497,0,5.053197419222598e-10,0
site_10566,0,5.765750680341716e-10,0
site_00617,0,2.1139408403286503e-09,0
site_15338,0,1.6240001595674307e-10,0
site_12188,0,3.5734060199006246e-10,0
site_07259,0,1.6240001595674307e-10,0
site_09347,0,1.8309398501054045e-05,0
site_16887,0,1.466097334162848e-06,0
site_15602,0,8.98916067512959e-10,0
site_13730,0,1.3956013327709517e-10,0
site_13639,0,1.1883931741154675e-09,0
site_02160,0,3.8611293926219606e-09,0
site_09605,0,3.034197170947626e-09,0
site_01371,0,1.3956010500495407e-10,0
site_11950,0,9.006434307382935e-10,0
site_16532,0,2.063107829991455e-10,0
site_13377,0,2.063107829991455e-10,0
site_09007,0,1.3334999862456042e-09,0
site_18683,0,8.925042859445542e-10,0
site_02639,0,4.1345625403830226e-07,0
site_02504,0,3.5734060199006246e-10,0
site_03890,0,2.0387161931982756e-09,0
site_05586,0,1.3956014266265467e-10,0
site_02005,0,2.063107829991455e-10,0
site_20093,0,1.3956014266265467e-10,0
site_12883,1,0.9999998882994499,1
site_09145,0,1.0888371162273247e-09,0
site_18860,0,2.063107829991455e-10,0
site_07277,0,2.063107829991455e-10,0
site_02547,1,0.9999998661889461,1
site_10641,0,6.794231120688183e-07,0
site_00258,0,1.7077813264371886e-06,0
site_15142,0,8.98916067512959e-10,0
site_13674,0,4.2252084422526584e-10,0
site_04376,0,1.0554326614885055e-09,0
site_20359,0,1.086156098453828e-06,0
site_07473,0,4.1345641700934825e-07,0
site_00761,0,2.063107829991455e-10,0
site_04297,0,1.3334999862456042e-09,0
site_03963,0,4.1345641700934825e-07,0
site_11051,0,1.1883931741154675e-09,0
site_11734,1,0.9999998859816203,1
site_01168,1,0.9999999934486659,1
site_09955,0,1.3334999862456042e-09,0
site_15860,0,1.3334999862456042e-09,0
site_18584,0,2.063107829991455e-10,0
site_10682,0,5.765750680341716e-10,0
site_06492,0,1.681671507341876e-10,0
site_15403,0,1.1235695454394958e-10,0
site_18589,0,1.6816716204359785e-10,0
site_18355,0,2.0387161931982756e-09,0
site_05363,0,4.1345641700934825e-07,0
site_16077,0,4.1345641700934825e-07,0
site_07685,0,8.98916067512959e-10,0
site_16535,0,1.1883931741154675e-09,0
site_12844,0,2.114066637963611e-09,0
site_00605,0,7.338202488137336e-10,0
site_12184,0,1.3956012091115064e-10,0
site_16495,1,0.9999999973602363,1
site_17499,0,1.3956014266265467e-10,0
site_06187,0,6.794231120688183e-07,0
site_10859,1,0.9999999140077928,1
site_16633,0,3.9686711598014194e-10,0
site_00207,0,3.6340257971907517e-10,0
site_08188,0,7.338205380619931e-10,0
site_18513,0,1.3956010500495407e-10,0
site_04193,0,1.3956010500495407e-10,0
site_14880,0,4.1345641700934825e-07,0
site_20362,0,1.6240001595674307e-10,0
site_10290,0,4.917316869468715e-10,0
site_14743,0,2.063107829991455e-10,0
site_11719,0,1.6665192197262814e-06,0
site_03518,0,2.063107829991455e-10,0
site_15220,0,6.794232953983971e-07,0
site_03855,0,1.016715027677037e-09,0
site_02099,0,3.8611293926219606e-09,0
site_15140,0,1.3956014266265467e-10,0
site_07374,0,2.063107829991455e-10,0
site_13974,0,7.338202488137336e-10,0
site_13421,0,2.063107829991455e-10,0
site_20334,1,0.9999998443458498,1
site_07813,0,2.063107829991455e-10,0
site_02318,0,2.063107829991455e-10,0
site_20434,0,1.3956013327709517e-10,0
site_01307,0,7.338202488137336e-10,0
site_09029,0,3.9686711598014194e-10,0
site_05988,0,2.063107829991455e-10,0
site_03255,0,9.006430757338597e-10,0
site_01050,0,3.6340257971907517e-10,0
site_08176,0,2.063107829991455e-10,0
site_01583,0,0.9929366419679,1
site_06948,0,1.2718353353311906e-05,0
site_20296,0,4.1345641700934825e-07,0
site_00271,1,0.9999999963491615,1
site_08018,0,1.3286129817769625e-09,0
site_08096,0,1.4660963173856686e-06,0
site_12336,0,2.063107829991455e-10,0
site_15849,0,2.063107829991455e-10,0
site_20426,1,0.999999949355853,1
site_10869,1,0.9999999672760536,1
site_16027,0,9.912939977644526e-10,0
site_12513,0,1.7587147143606387e-06,0
site_19278,0,2.063107829991455e-10,0
site_11202,0,1.3956012091115064e-10,0
site_07663,0,1.3956013327709517e-10,0
site_14841,0,4.1345641700934825e-07,0
site_06467,0,1.3956010500495407e-10,0
site_13836,0,7.338205380619931e-10,0
site_18065,0,3.6340272296064405e-10,0
site_10656,0,4.1345641700934825e-07,0
site_14215,0,2.3175354424904868e-10,0
site_19731,1,0.999999941541308,1
site_16800,0,1.5817106882755587e-06,0
site_05032,0,3.6340272296064405e-10,0
site_01527,0,3.8611293926219606e-09,0
site_14103,0,6.794231120688183e-07,0
site_10901,0,1.3956012091115064e-10,0
site_20809,0,2.063107829991455e-10,0
site_21377,1,0.9999999733098701,1
site_00281,0,2.063107829991455e-10,0
site_17656,0,1.4660977422123578e-06,0
site_08729,0,2.0387161931982756e-09,0
site_19993,1,0.9999996667113916,1
site_06159,0,2.1140674712604512e-09,0
site_15277,0,1.0131132445337718e-09,0
site_21537,0,5.482907529509768e-09,0
site_15801,0,7.338205380619931e-10,0
site_14898,0,2.063107829991455e-10,0
site_17239,0,2.186896719586199e-09,0
site_12061,0,3.686427476432636e-08,0
site_20283,0,1.086156098453828e-06,0
site_14796,0,2.063107829991455e-10,0
site_08697,0,1.681671358334734e-10,0
site_04262,0,1.1883931741154675e-09,0
site_18849,0,2.063107829991455e-10,0
site_13358,0,3.573404611379851e-10,0
site_12860,0,4.917316869468715e-10,0
site_13862,0,2.063107829991455e-10,0
site_09293,0,2.063107829991455e-10,0
site_12150,0,4.1345641700934825e-07,0
site_21109,1,0.9999999787336711,1
site_07185,0,1.3956013327709517e-10,0
site_09119,0,3.5734060199006246e-10,0
site_16743,1,0.9999999160135682,1
site_13758,0,7.338202488137336e-10,0
site_08301,0,7.338205380619931e-10,0
site_17564,0,2.186895857582431e-09,0
site_01904,0,4.1345625403830226e-07,0
site_02380,0,3.9686711598014194e-10,0
site_18099,0,1.623999830576905e-10,0
site_03762,0,1.70644510703619e-09,0
site_01074,0,4.1345625403830226e-07,0
site_20262,0,1.3956010500495407e-10,0
site_05582,0,4.893556424922534e-07,0
site_21552,0,2.861287764235067e-07,0
site_13226,0,5.715623052289176e-05,0
site_14762,0,5.253529537439383e-07,0
site_06839,0,2.063107829991455e-10,0
site_03326,0,1.3956010500495407e-10,0
site_12613,0,3.498775056706816e-09,0
site_19533,0,1.086156098453828e-06,0
site_20947,1,0.9999999925007467,1
site_16714,0,2.063107829991455e-10,0
site_00022,0,2.211133386379888e-06,0
site_11762,0,2.063107829991455e-10,0
site_20109,0,4.1345625403830226e-07,0
site_00548,1,0.9999997573774462,1
site_19402,0,1.681671507341876e-10,0
site_06158,0,3.6340272296064405e-10,0
site_11800,0,1.4414289078137717e-09,0
site_07814,0,1.3956012091115064e-10,0
site_12802,0,8.98916067512959e-10,0
site_17427,0,1.681671166668268e-10,0
site_14309,0,8.98916067512959e-10,0
site_13627,0,4.225209298197051e-10,0
site_16299,0,1.3334999862456042e-09,0
site_16316,0,1.1392155834971456e-06,0
site_06649,0,2.9177167642874873e-10,0
site_10436,0,6.739277809020898e-09,0
site_16416,0,1.3956010500495407e-10,0
site_07660,0,1.3956013327709517e-10,0
site_07766,0,1.6240001595674307e-10,0
site_17822,0,9.006430757338597e-10,0
site_05535,0,1.1037677121566394e-10,0
site_12864,1,0.9999996304051844,1
site_21414,1,0.999999372371051,1
site_16492,1,0.9999999312267603,1
site_19178,1,0.999444491314657,1
site_03260,0,2.063107829991455e-10,0
site_11787,0,1.0888371162273247e-09,0
site_00637,0,1.016715027677037e-09,0
site_02830,1,0.9999999435257104,1
site_02556,0,7.338205380619931e-10,0
site_00674,0,2.063107829991455e-10,0
site_17307,0,4.134563516400611e-07,0
site_00020,0,2.211133386379888e-06,0
site_02497,0,1.2773972162396104e-09,0
site_16386,0,4.3905175696701793e-10,0
site_13896,0,1.3956010500495407e-10,0
site_14645,0,2.063107829991455e-10,0
site_20879,0,1.0131132445337718e-09,0
site_01123,0,1.32861245808081e-09,0
site_18803,0,2.063107829991455e-10,0
site_11874,1,0.9999995573665993,1
site_13359,0,5.482907529509768e-09,0
site_13865,0,2.063107829991455e-10,0
site_16740,1,0.9999999990272312,1
site_00613,0,2.063107829991455e-10,0
site_14418,0,1.681671507341876e-10,0
site_08124,0,2.1139416735759055e-09,0
site_19776,0,4.1345641700934825e-07,0
site_06778,0,2.063107829991455e-10,0
site_02082,0,3.6340257971907517e-10,0
site_08715,0,2.063107829991455e-10,0
site_13829,0,1.681671507341876e-10,0
site_10937,0,3.5734060199006246e-10,0
site_20897,1,0.9999994410177424,1
site_09109,0,7.338205380619931e-10,0
site_18156,0,4.161288292247487e-09,0
site_08395,0,1.0076028668351105e-08,0
site_15651,0,7.338205380619931e-10,0
site_21147,0,4.1345625403830226e-07,0
site_10195,0,4.1345641700934825e-07,0
site_06812,0,2.063107829991455e-10,0
site_13147,0,1.3956012091115064e-10,0
site_14695,0,3.6340272296064405e-10,0
site_01570,0,7.338202488137336e-10,0
site_12309,0,1.6599058891573451e-09,0
site_20632,0,2.063107829991455e-10,0
site_02969,0,1.681671166668268e-10,0
site_02654,0,1.1883931741154675e-09,0
site_15892,0,2.063107829991455e-10,0
site_01041,0,1.623999830576905e-10,0
site_10226,0,3.6340272296064405e-10,0
site_08673,0,2.063107829991455e-10,0
site_02040,0,2.0722022461855482e-09,0
site_14054,0,9.92747426137611e-10,0
site_13328,0,3.6864260233625215e-08,0
site_16157,0,1.4660977422123578e-06,0
site_02943,1,0.9999996979884025,1
site_18992,0,1.466097334162848e-06,0
site_04598,0,7.338205380619931e-10,0
site_15339,0,5.793564971825138e-10,0
site_18958,0,4.1345641700934825e-07,0
site_14041,0,1.6240001595674307e-10,0
site_17371,0,3.6340257971907517e-10,0
site_19908,0,3.573404611379851e-10,0
site_10128,0,3.138739064708214e-09,0
site_04883,0,2.063107829991455e-10,0
site_15546,0,1.1883931741154675e-09,0
site_18463,0,9.912939977644526e-10,0
site_10783,0,2.063107829991455e-10,0
site_16769,0,2.063107829991455e-10,0
site_01389,0,7.136987852545874e-07,0
site_01221,0,7.338205380619931e-10,0
site_11334,0,1.2718353353311906e-05,0
site_07191,0,1.3956013327709517e-10,0
site_06557,0,1.6816716204359785e-10,0
site_12031,0,2.063107829991455e-10,0
site_20387,0,1.4660971643250126e-06,0
site_02623,0,1.0888371162273247e-09,0
site_07299,0,6.794232953983971e-07,0
site_08309,0,9.92747426137611e-10,0
site_20348,1,0.9999941095283943,1
site_18388,0,2.063107829991455e-10,0
site_20853,0,9.075856678011172e-07,0
site_03052,1,0.9999999961222732,1
site_18468,0,2.063107829991455e-10,0
site_03712,0,5.482909690694956e-09,0
site_19866,1,0.9999999573546721,1
site_09886,0,2.063107829991455e-10,0
site_11604,0,1.0131132445337718e-09,0
site_02756,0,1.6599058891573451e-09,0
site_19688,0,1.3334999862456042e-09,0
site_19630,0,2.063107829991455e-10,0
site_01970,0,1.1883931741154675e-09,0
site_10812,0,3.6340272296064405e-10,0
site_07881,0,2.063107829991455e-10,0
site_02269,0,1.3334999862456042e-09,0
site_03446,0,2.063107829991455e-10,0
site_02844,0,1.6665192197262814e-06,0
site_04842,0,1.6816716204359785e-10,0
site_17962,0,5.482907529509768e-09,0
site_10459,0,1.3956012091115064e-10,0
site_02775,1,0.999999997177119,1
site_09368,0,4.225208923815752e-10,0
site_19705,0,8.98916067512959e-10,0
site_12684,0,1.3956013327709517e-10,0
site_19913,0,2.063107829991455e-10,0
site_19607,1,0.9999999616643173,1
site_13327,0,3.7518094130124385e-09,0
site_08580,0,1.6599058891573451e-09,0
site_11123,1,0.9999999779106068,1
site_05409,0,2.063107829991455e-10,0
site_12475,0,1.3956010500495407e-10,0
site_10949,0,2.063107829991455e-10,0
site_06129,0,2.063107829991455e-10,0
site_16370,1,0.9999999601708114,1
site_17498,0,2.063107829991455e-10,0
site_07613,0,1.6240001595674307e-10,0
site_19665,1,0.999999743638196,1
site_02737,0,1.4414289078137717e-09,0
site_00265,1,0.9999999619512466,1
site_17442,0,8.986608187694259e-08,0
site_08357,0,3.6340272296064405e-10,0
site_05025,0,1.6816716204359785e-10,0
site_05495,0,2.202427124650073e-09,0
site_06179,0,1.8309398501054045e-05,0
site_18011,0,7.338205380619931e-10,0
site_19343,0,1.3334999862456042e-09,0
site_19480,0,9.912939977644526e-10,0
site_04255,0,1.681671166668268e-10,0
site_06033,0,6.794231120688183e-07,0
site_15547,0,3.9686711598014194e-10,0
site_21117,1,0.999999998362483,1
site_15568,0,9.912939977644526e-10,0
site_01981,1,0.9999996821547252,1
site_12751,1,0.9999999960341288,1
site_02768,0,1.2773967127310517e-09,0
site_18296,0,1.6816716204359785e-10,0
site_16043,1,0.9999987691082074,1
site_01303,0,7.338202488137336e-10,0
site_20696,0,3.9686711598014194e-10,0
site_10930,0,2.063107829991455e-10,0
site_13354,0,1.1883931741154675e-09,0
site_06177,0,1.3956010500495407e-10,0
site_05941,0,4.22520958234663e-10,0
site_08480,0,1.624000015670349e-10,0
site_06424,0,2.063107829991455e-10,0
site_10084,0,1.6599058891573451e-09,0
site_03072,0,7.338202488137336e-10,0
site_09875,0,2.063107829991455e-10,0
site_13459,0,2.063107829991455e-10,0
site_18318,0,1.0888371162273247e-09,0
site_19818,0,1.3956013327709517e-10,0
site_17580,0,3.4417884510129365e-07,0
site_17154,0,9.006432883425272e-10,0
site_10235,1,0.9999999739595862,1
site_17960,0,1.6599058891573451e-09,0
site_05792,0,2.1139416735759055e-09,0
site_14082,0,2.063107829991455e-10,0
site_12455,0,3.686427476432636e-08,0
site_00724,0,7.338202488137336e-10,0
site_05223,0,2.202427124650073e-09,0
site_08276,0,1.681671358334734e-10,0
site_03597,0,1.4660971643250126e-06,0
site_16937,0,2.063107829991455e-10,0
site_09202,0,2.063107829991455e-10,0
site_06502,0,2.063107829991455e-10,0
site_20125,1,0.9999998531046175,1
site_08398,0,2.063107829991455e-10,0
site_01984,0,1.4805295118152572e-06,0
site_10256,0,2.063107829991455e-10,0
site_21534,0,2.063107829991455e-10,0
site_20582,0,1.681671166668268e-10,0
site_08160,0,2.419716790394752e-10,0
site_13538,0,1.681671166668268e-10,0
site_07102,0,1.3956010500495407e-10,0
site_09158,0,1.4660971643250126e-06,0
site_18606,0,4.2252084422526584e-10,0
site_17419,0,2.063107829991455e-10,0
site_08942,0,1.3956010500495407e-10,0
site_03087,0,1.3956010500495407e-10,0
site_02339,0,3.8611293926219606e-09,0
site_07213,0,9.006434307382935e-10,0
site_10048,0,9.912939977644526e-10,0
site_02638,0,4.1345625403830226e-07,0
site_19455,1,0.9999997360047501,1
site_17627,0,2.1403706461209628e-07,0
site_17053,0,1.0888371162273247e-09,0
site_10632,0,1.44142833964924e-09,0
site_14845,0,1.1883931741154675e-09,0
site_05987,0,2.063107829991455e-10,0
site_20448,0,5.4770710908262656e-05,0
site_18575,0,4.2252084422526584e-10,0
site_03461,0,1.623999830576905e-10,0
site_07443,0,6.794232497065304e-07,0
site_07664,0,1.6240001595674307e-10,0
site_18061,0,2.063107829991455e-10,0
site_12062,0,1.3334999862456042e-09,0
site_19454,1,0.9999999972650844,1
site_06213,0,2.063107829991455e-10,0
site_15922,0,1.3956013327709517e-10,0
site_03643,0,9.006434307382935e-10,0
site_20231,0,2.063107829991455e-10,0
site_06352,0,7.338205380619931e-10,0
site_02694,0,2.114066637963611e-09,0
site_15264,0,8.98916067512959e-10,0
site_18715,0,1.681671166668268e-10,0
site_19367,0,2.063107829991455e-10,0
site_17845,0,3.5734060199006246e-10,0
site_04553,0,2.1140674712604512e-09,0
site_07306,0,8.98916067512959e-10,0
site_16272,0,1.3334999862456042e-09,0
site_05852,0,9.912939977644526e-10,0
site_08345,0,2.1140674712604512e-09,0
site_18698,1,0.9999994210264663,1
site_03931,0,9.912939977644526e-10,0
site_07656,0,1.681671507341876e-10,0
site_11431,0,1.7587147143606387e-06,0
site_02335,0,2.7811145380776075e-09,0
site_19940,0,1.0054209545095385e-06,0
site_12522,0,1.7587147143606387e-06,0
site_19142,0,1.6240001595674307e-10,0
site_08061,0,1.3956013327709517e-10,0
site_00615,0,1.016715027677037e-09,0
site_07729,0,1.681671507341876e-10,0
site_17087,0,1.3334999862456042e-09,0
site_09037,0,1.681671358334734e-10,0
site_06864,0,6.794232953983971e-07,0
site_11279,1,0.999999920623634,1
site_02754,0,2.063107829991455e-10,0
site_10294,0,2.063107829991455e-10,0
site_13231,0,8.98916067512959e-10,0
site_04687,0,4.1345641700934825e-07,0
site_15724,0,1.681671507341876e-10,0
site_21241,0,1.4660971643250126e-06,0
site_08926,0,1.4660977422123578e-06,0
site_17561,0,4.2252084422526584e-10,0
site_09530,0,1.681671166668268e-10,0
site_19400,0,1.6240001595674307e-10,0
site_21403,0,2.063107829991455e-10,0
site_19113,1,0.9999999913387775,1
site_04676,0,1.3956010500495407e-10,0
site_20764,0,2.063107829991455e-10,0
site_02314,0,2.063107829991455e-10,0
site_18851,0,4.3905175696701793e-10,0
site_15721,0,1.4414289078137717e-09,0
site_02052,1,0.9999997360047501,1
site_07787,0,1.681671507341876e-10,0
site_08705,0,1.3956012091115064e-10,0
site_08339,0,1.3956012091115064e-10,0
site_12077,0,2.1140674712604512e-09,0
site_04286,0,1.6599058891573451e-09,0
site_10330,0,2.063107829991455e-10,0
site_01062,0,6.872953916179426e-07,0
site_02698,0,4.1345625403830226e-07,0
site_13565,0,2.063107829991455e-10,0
site_13951,0,1.70644510703619e-09,0
site_13017,0,2.063107829991455e-10,0
site_13881,0,2.063107829991455e-10,0
site_20438,0,1.3334999862456042e-09,0
site_13972,0,1.1883931741154675e-09,0
site_18079,0,2.602755344701467e-09,0
site_07517,0,2.063107829991455e-10,0
site_20459,0,2.063107829991455e-10,0
site_05403,0,7.338205380619931e-10,0
site_14423,0,1.3956013327709517e-10,0
site_18455,0,1.3956010500495407e-10,0
site_13258,0,2.063107829991455e-10,0
site_09044,0,1.624000015670349e-10,0
site_06549,0,1.623999830576905e-10,0
site_19544,0,1.4660977422123578e-06,0
site_04523,0,2.063107829991455e-10,0
site_01159,0,7.338202488137336e-10,0
site_03197,0,7.338202488137336e-10,0
site_00771,0,7.338202488137336e-10,0
site_20473,1,0.9999999935186308,1
site_20902,1,0.9999999521857869,1
site_11894,0,2.063107829991455e-10,0
site_16173,0,3.6340257971907517e-10,0
site_02489,0,3.103776779549005e-07,0
site_05704,0,2.063107829991455e-10,0
site_12149,0,1.681671358334734e-10,0
site_05261,0,1.016715027677037e-09,0
site_06596,0,2.063107829991455e-10,0
site_08086,0,2.1139416735759055e-09,0
site_01977,0,3.8611293926219606e-09,0
site_16329,0,1.1883931741154675e-09,0
site_00941,0,3.573404611379851e-10,0
site_03801,0,1.623999830576905e-10,0
site_06482,0,1.681671166668268e-10,0
site_15460,0,1.0131132445337718e-09,0
site_06635,0,2.063107829991455e-10,0
site_15253,0,2.1139408403286503e-09,0
site_02325,0,2.063107829991455e-10,0
site_06569,0,3.711511169284542e-07,0
site_03230,0,2.063107829991455e-10,0
site_20779,0,7.338202488137336e-10,0
site_21262,1,0.9999998838896157,1
site_05006,0,2.063107829991455e-10,0
site_05712,0,2.063107829991455e-10,0
site_04086,0,5.482909690694956e-09,0
site_08556,0,2.1140674712604512e-09,0
site_16098,0,1.3956010500495407e-10,0
site_16741,1,0.9999999990807849,1
site_20201,1,0.9999996667113916,1
site_17447,0,7.338205380619931e-10,0
site_08691,0,1.624000015670349e-10,0
site_19995,1,0.9999999967380724,1
site_03272,1,0.9999999525993679,1
site_18597,0,4.22520958234663e-10,0
site_01228,0,1.016715027677037e-09,0
site_07658,0,1.016715027677037e-09,0
site_04690,0,1.3956010500495407e-10,0
site_05769,0,2.063107829991455e-10,0
site_11689,0,2.7809490477260128e-09,0
site_16547,1,0.9999999567049366,1
site_06599,0,2.114066637963611e-09,0
site_07303,0,2.063107829991455e-10,0
site_01298,0,2.063107829991455e-10,0
site_03859,0,7.338204220416742e-10,0
site_00918,0,2.063107829991455e-10,0
site_08059,0,1.3956013327709517e-10,0
site_15496,0,1.3334999862456042e-09,0
site_11897,0,9.912939977644526e-10,0
site_15634,0,7.338205380619931e-10,0
site_03224,0,1.3956013327709517e-10,0
site_01243,1,0.9999999897342317,1
site_14543,0,1.623999830576905e-10,0
site_04260,0,3.6340257971907517e-10,0
site_18091,0,3.711511169284542e-07,0
site_17436,0,2.602756370623624e-09,0
site_17918,0,1.3334999862456042e-09,0
site_02230,0,1.5817106882755587e-06,0
site_07541,0,6.739277809020898e-09,0
site_19470,0,2.063107829991455e-10,0
site_01138,1,0.9999969201439365,1
site_05975,0,1.3334999862456042e-09,0
site_04622,0,7.338205380619931e-10,0
site_09866,0,3.5833221963257997e-09,0
site_19752,0,1.3956013327709517e-10,0
site_19462,0,1.086156098453828e-06,0
site_02640,0,2.063107829991455e-10,0
site_07674,0,4.225209298197051e-10,0
site_03301,0,1.016715027677037e-09,0
site_05350,0,2.063107829991455e-10,0
site_18247,0,1.2718353353311906e-05,0
site_11091,0,1.3286129817769625e-09,0
site_04349,0,6.794232953983971e-07,0
site_20605,1,0.9999999992801745,1
site_09465,0,1.3334999862456042e-09,0
site_10833,0,3.034016620902076e-09,0
site_15449,0,1.681671507341876e-10,0
site_05603,1,0.9999999984680159,1
site_15691,0,2.4197158366208605e-10,0
site_18451,0,2.063107829991455e-10,0
site_08043,0,2.063107829991455e-10,0
site_07368,0,4.22520958234663e-10,0
site_09936,0,2.419716790394752e-10,0
site_20566,0,2.0387161931982756e-09,0
site_12182,0,1.3956012091115064e-10,0
site_15311,0,4.225209298197051e-10,0
site_12362,0,2.7809490477260128e-09,0
site_01963,0,2.063107829991455e-10,0
site_03342,1,0.9999997360047501,1
site_13781,0,1.3956010500495407e-10,0
site_05799,0,3.686427476432636e-08,0
site_20044,0,3.6340257971907517e-10,0
site_11687,0,4.211619681243707e-07,0
site_00325,0,3.441787094371995e-07,0
site_05649,1,0.9999999481274771,1
site_13171,0,1.3956013327709517e-10,0
site_08759,0,2.063107829991455e-10,0
site_14002,0,1.1883931741154675e-09,0
site_20619,0,1.0868764339519071e-06,0
site_18934,0,1.1883931741154675e-09,0
site_19363,0,2.063107829991455e-10,0
site_19846,0,4.2252084422526584e-10,0
site_02876,0,1.1883931741154675e-09,0
site_02326,0,9.912939977644526e-10,0
site_02157,0,1.4924878900336805e-09,0
site_13735,0,3.6340272296064405e-10,0
site_15639,0,1.1883931741154675e-09,0
site_07321,0,2.063107829991455e-10,0
site_16255,1,0.999999998365156,1
site_03400,1,0.9999999964743105,1
site_21418,0,2.114066637963611e-09,0
site_11920,0,1.624000015670349e-10,0
site_12651,0,1.681671358334734e-10,0
site_02263,0,2.063107829991455e-10,0
site_05825,1,0.9999999169404334,1
site_12620,1,0.9999997573774462,1
site_12721,0,2.063107829991455e-10,0
site_06959,0,2.063107829991455e-10,0
site_21158,1,0.9999997360047501,1
site_02342,0,3.8611293926219606e-09,0
site_14953,0,2.063107829991455e-10,0
site_11039,0,2.063107829991455e-10,0
site_16245,0,7.25796121951094e-07,0
site_17787,0,3.522122391876381e-05,0
site_00589,1,0.999999948471678,1
site_03623,0,1.4924878900336805e-09,0
site_00482,0,2.5377934444395e-06,0
site_15875,0,2.063107829991455e-10,0
site_17851,0,2.602756370623624e-09,0
site_04629,0,2.063107829991455e-10,0
site_20165,0,1.624000268783077e-10,0
site_04979,0,2.063107829991455e-10,0
site_20337,1,0.9999999610334107,1
site_12714,0,2.063107829991455e-10,0
site_09890,0,4.1345625403830226e-07,0
site_13684,0,2.063107829991455e-10,0
site_18465,0,9.912939977644526e-10,0
site_12871,1,0.999999950273835,1
site_06233,0,3.441787094371995e-07,0
site_20804,0,7.909029332256341e-07,0
site_10316,0,5.7156225783981226e-05,0
site_11767,0,1.3956012091115064e-10,0
site_05789,0,1.3334999862456042e-09,0
site_18098,0,4.1345625403830226e-07,0
site_14051,0,3.5734060199006246e-10,0
site_19548,0,2.063107829991455e-10,0
site_01510,0,2.063107829991455e-10,0
site_14920,0,2.063107829991455e-10,0
site_21058,1,0.9999996772285167,1
site_20707,0,1.3334999862456042e-09,0
site_11659,0,1.4660977422123578e-06,0
site_11043,0,1.624000015670349e-10,0
site_16739,1,0.9999982856074886,1
site_11435,1,0.9999999265572904,1
site_14272,0,2.063107829991455e-10,0
site_07896,0,2.063107829991455e-10,0
site_20484,0,7.909029332256341e-07,0
site_02780,1,0.9999986434673876,1
site_00651,0,2.058598427759658e-05,0
site_15506,0,4.917316869468715e-10,0
site_18103,0,2.063107829991455e-10,0
site_13357,0,1.0131132445337718e-09,0
site_02861,0,9.912939977644526e-10,0
site_00777,0,6.736033943270413e-06,0
site_15292,0,3.6340272296064405e-10,0
site_16293,0,2.063107829991455e-10,0
site_04627,0,2.063107829991455e-10,0
site_10363,1,0.9999983729394156,1
site_15957,0,2.063107829991455e-10,0
site_19486,0,3.5734060199006246e-10,0
site_18826,0,3.522122391876381e-05,0
site_08630,0,2.063107829991455e-10,0
site_03695,0,2.86128889206205e-07,0
site_08346,0,7.338205380619931e-10,0
site_10585,0,1.6599058891573451e-09,0
site_20833,0,1.4660971643250126e-06,0
site_11276,0,1.7587147143606387e-06,0
site_12278,0,1.624000015670349e-10,0
site_07850,0,3.6340272296064405e-10,0
site_16166,0,2.063107829991455e-10,0
site_01210,0,1.464140495833103e-06,0
site_19998,0,1.086156098453828e-06,0
site_04950,0,2.063107829991455e-10,0
site_11352,0,1.624000015670349e-10,0
site_19928,1,0.999999743638196,1
site_11078,0,1.466097334162848e-06,0
site_01068,1,0.9999999931116681,1
site_10365,1,0.9999999130149455,1
site_15379,0,3.6340272296064405e-10,0
site_05800,0,2.063107829991455e-10,0
site_14365,0,2.063107829991455e-10,0
site_14616,0,2.063107829991455e-10,0
site_05054,0,3.522122391876381e-05,0
site_10132,0,6.794231120688183e-07,0
site_01638,0,7.338202488137336e-10,0
site_08450,0,1.4660977422123578e-06,0
site_04324,0,3.6340272296064405e-10,0
site_07722,0,2.063107829991455e-10,0
site_11421,0,1.5426451310936615e-06,0
site_12816,0,2.063107829991455e-10,0
site_13588,0,3.423580241197273e-10,0
site_19964,0,2.063107829991455e-10,0
site_02810,0,1.0979612174506111e-05,0
site_02278,0,3.8611293926219606e-09,0
site_07002,0,5.765750680341716e-10,0
site_08663,0,3.686427476432636e-08,0
site_21482,0,2.063107829991455e-10,0
site_09452,0,3.6340272296064405e-10,0
site_20043,0,2.063107829991455e-10,0
site_20973,0,1.3334999862456042e-09,0
site_20131,1,0.9999999748786392,1
site_19582,0,2.063107829991455e-10,0
site_00355,0,1.6599058891573451e-09,0
site_19614,0,2.063107829991455e-10,0
site_01998,0,2.063107829991455e-10,0
site_08577,0,1.016715027677037e-09,0
site_08247,0,5.765750680341716e-10,0
site_11056,0,2.063107829991455e-10,0
site_06313,0,3.6340257971907517e-10,0
site_07903,0,1.2718353353311906e-05,0
site_16647,0,1.6599058891573451e-09,0
site_19028,0,1.3956010500495407e-10,0
site_02528,0,3.8611293926219606e-09,0
site_21240,0,1.3956014266265467e-10,0
site_19593,1,0.9999999521857869,1
site_11544,0,1.1736302235676302e-06,0
site_13262,0,2.063107829991455e-10,0
site_01153,0,1.681671166668268e-10,0
site_05347,0,4.225209298197051e-10,0
site_18067,0,5.715623052289176e-05,0
site_07997,0,1.3956013327709517e-10,0
site_09138,0,1.0979616502267411e-05,0
site_13927,0,6.794232497065304e-07,0
site_00455,0,1.4660971643250126e-06,0
site_05755,1,0.9999995067912871,1
site_02156,0,2.2024262565247228e-09,0
site_09984,0,1.7587147143606387e-06,0
site_18111,0,5.482907529509768e-09,0
site_14094,0,1.681671166668268e-10,0
site_10213,0,2.063107829991455e-10,0
site_05948,0,7.338205380619931e-10,0
site_07643,0,2.063107829991455e-10,0
site_05458,0,2.063107829991455e-10,0
site_04155,0,4.1345641700934825e-07,0
site_05788,0,1.6240001595674307e-10,0
site_10776,0,9.912939977644526e-10,0
site_13688,0,8.98916067512959e-10,0
site_14887,0,2.0387161931982756e-09,0
site_01182,0,8.98916067512959e-10,0
site_20111,0,2.063107829991455e-10,0
site_13075,0,1.681671166668268e-10,0
site_08428,0,2.063107829991455e-10,0
site_05598,1,0.9999999706625955,1
site_14963,0,3.5734060199006246e-10,0
site_10450,0,1.3334999862456042e-09,0
site_17288,0,3.6340272296064405e-10,0
site_08291,0,3.686427476432636e-08,0
site_10259,0,1.7064444344108668e-09,0
site_10218,0,2.063107829991455e-10,0
site_10730,1,0.9999999895339652,1
site_21271,0,0.06995595652458217,0
site_12146,0,1.6665192197262814e-06,0
site_11337,0,4.1345641700934825e-07,0
site_06215,0,9.912939977644526e-10,0
site_21054,0,1.3334999862456042e-09,0
site_15684,0,7.338202488137336e-10,0
site_05612,0,2.063107829991455e-10,0
site_07647,0,1.3956012091115064e-10,0
site_11466,0,2.063107829991455e-10,0
site_07366,0,1.3956014266265467e-10,0
site_21202,0,7.424851220443684e-07,0
site_06791,0,1.6240001595674307e-10,0
site_20047,0,2.063107829991455e-10,0
site_02427,0,1.0692909236195891e-05,0
site_08138,0,2.0387161931982756e-09,0
site_02190,0,2.861287764235067e-07,0
site_08923,0,1.1883931741154675e-09,0
site_08903,0,1.624000015670349e-10,0
site_13428,0,3.6340257971907517e-10,0
site_13401,0,1.2718353353311906e-05,0
site_14026,0,2.063107829991455e-10,0
site_05531,0,1.3956013327709517e-10,0
site_19154,0,1.4660977422123578e-06,0
site_17873,0,1.3956010500495407e-10,0
site_17431,1,0.9999995562611181,1
site_20691,0,3.2345892304178126e-06,0
site_18089,0,1.623999830576905e-10,0
site_15372,0,3.5734060199006246e-10,0
site_00301,1,0.9999996203253074,1
site_08647,0,2.114066637963611e-09,0
site_17826,0,1.1883931741154675e-09,0
site_11539,0,2.7811145380776075e-09,0
site_19349,0,8.98916067512959e-10,0
site_07785,0,2.063107829991455e-10,0
site_02259,0,2.063107829991455e-10,0
site_11207,0,1.3956012091115064e-10,0
site_08349,0,2.1140674712604512e-09,0
site_10046,0,2.063107829991455e-10,0
site_08612,0,1.3956012091115064e-10,0
site_13353,0,4.2252084422526584e-10,0
site_09917,0,2.063107829991455e-10,0
site_08215,0,2.063107829991455e-10,0
site_19646,0,1.623999830576905e-10,0
site_07388,0,1.681671507341876e-10,0
site_01518,1,0.9999999712183228,1
site_01877,0,2.063107829991455e-10,0
site_16624,0,4.1345641700934825e-07,0
site_13716,0,2.063107829991455e-10,0
site_19895,0,2.063107829991455e-10,0
site_10867,0,1.6679424012421817e-06,0
site_06997,0,1.3956013327709517e-10,0
site_13954,0,4.97044378301106e-09,0
site_04606,0,1.4414289078137717e-09,0
site_11359,0,1.3334999862456042e-09,0
site_01488,0,0.00029936458537218127,0
site_15267,0,9.912939977644526e-10,0
site_09016,0,2.063107829991455e-10,0
site_19209,0,1.681671507341876e-10,0
site_18666,0,2.063107829991455e-10,0
site_20741,0,7.32114256623366e-07,0
site_12249,1,0.9999996803343123,1
site_14325,0,1.3956013327709517e-10,0
site_04521,0,7.338205380619931e-10,0
site_18791,0,8.925042859445542e-10,0
site_18709,0,3.9686711598014194e-10,0
site_19167,0,2.063107829991455e-10,0
site_05928,0,1.3956013327709517e-10,0
site_20683,1,0.9999997905903985,1
site_10372,0,1.6665192197262814e-06,0
site_13320,0,3.573404611379851e-10,0
site_15951,0,2.063107829991455e-10,0
site_16059,0,7.338205380619931e-10,0
site_02672,0,1.6665192197262814e-06,0
site_00032,0,2.211133386379888e-06,0
site_12366,0,1.2821886523990807e-09,0
site_04748,0,9.912939977644526e-10,0
site_12930,0,3.5734060199006246e-10,0
site_10858,0,1.6665192197262814e-06,0
site_11545,1,0.9999997573774462,1
site_21402,0,1.3956010500495407e-10,0
site_09556,0,1.360176706494096e-09,0
site_12382,0,1.721903383643485e-06,0
site_05430,0,9.912939977644526e-10,0
site_20393,0,3.6340257971907517e-10,0
site_21407,1,0.9999996061308375,1
site_02228,0,3.8611293926219606e-09,0
site_02284,0,3.861359162980597e-09,0
site_04188,0,4.1345625403830226e-07,0
site_07621,0,1.3956013327709517e-10,0
site_09590,0,9.484275342419786e-07,0
site_00043,1,0.9999999723961773,1
site_06297,0,3.5734060199006246e-10,0
site_05724,0,1.6599058891573451e-09,0
site_19060,0,8.925045267702485e-10,0
site_08607,0,1.3334999862456042e-09,0
site_20010,0,1.3334999862456042e-09,0
site_17279,1,0.9999999736225136,1
site_01085,0,6.739275152616145e-09,0
site_20021,0,2.063107829991455e-10,0
site_06654,0,2.063107829991455e-10,0
site_09719,0,2.063107829991455e-10,0
site_06056,0,1.1883931741154675e-09,0
site_19736,1,0.9999999972650844,1
site_16817,0,2.063107829991455e-10,0
site_04329,0,2.063107829991455e-10,0
site_03306,0,5.482909690694956e-09,0
site_00216,0,1.215098143245241e-08,0
site_05259,0,7.338205380619931e-10,0
site_18614,0,2.063107829991455e-10,0
site_18737,0,9.912939977644526e-10,0
site_04592,0,2.063107829991455e-10,0
site_03180,0,5.482909690694956e-09,0
site_15274,0,8.98916067512959e-10,0
site_03709,0,7.338205380619931e-10,0
site_05338,0,1.3956013327709517e-10,0
site_03833,0,1.948493997826215e-06,0
site_16257,0,1.1392155834971456e-06,0
site_18679,0,3.9686711598014194e-10,0
site_21461,0,3.6864260233625215e-08,0
site_14437,0,2.063107829991455e-10,0
site_14301,0,2.063107829991455e-10,0
site_12411,0,7.338205380619931e-10,0
site_07052,0,1.3956013327709517e-10,0
site_12535,0,2.1140674712604512e-09,0
site_03698,0,7.338205380619931e-10,0
site_14180,0,5.765750680341716e-10,0
site_12671,0,2.063107829991455e-10,0
site_12229,0,3.573404611379851e-10,0
site_18294,0,5.765750680341716e-10,0
site_07502,0,2.063107829991455e-10,0
site_04107,0,1.623999830576905e-10,0
site_09621,1,0.9999998767029016,1
site_10139,0,6.447532414731285e-10,0
site_16377,1,0.9999999377934344,1
site_18729,0,4.2252084422526584e-10,0
site_18453,0,2.063107829991455e-10,0
site_12465,0,1.0888371162273247e-09,0
site_16381,1,0.999999572341396,1
site_04024,0,1.1883931741154675e-09,0
site_12822,0,1.4660963173856686e-06,0
site_12963,0,4.1345625403830226e-07,0
site_12413,0,2.1139416735759055e-09,0
site_08680,0,2.0387161931982756e-09,0
site_09067,0,2.063107829991455e-10,0
site_07615,0,4.225209298197051e-10,0
site_09416,0,1.3847470042027777e-06,0
site_20141,0,1.086156098453828e-06,0
site_03383,0,5.482907529509768e-09,0
site_09003,0,6.177002932778369e-10,0
site_15349,0,2.063107829991455e-10,0
site_02747,0,2.063107829991455e-10,0
site_14503,0,5.793564971825138e-10,0
site_10051,0,2.063107829991455e-10,0
site_13323,0,2.3331750363496005e-09,0
site_04070,0,1.681671166668268e-10,0
site_19084,0,2.063107829991455e-10,0
site_02567,0,1.4660977422123578e-06,0
site_10834,0,3.034016620902076e-09,0
site_10531,0,2.063107829991455e-10,0
site_17267,0,2.063107829991455e-10,0
site_04406,0,1.3334999862456042e-09,0
site_04035,0,3.5734060199006246e-10,0
site_05467,0,2.063107829991455e-10,0
site_09643,0,4.917316869468715e-10,0
site_09570,0,2.063107829991455e-10,0
site_00087,1,0.9999999989046138,1
site_02912,0,2.1140674712604512e-09,0
site_09231,0,1.0888371162273247e-09,0
site_18004,0,2.602755344701467e-09,0
site_09081,0,4.64240525779824e-09,0
site_19791,1,0.9999999893621835,1
site_17510,0,2.058598427759658e-05,0
site_20826,0,1.3956010500495407e-10,0
site_08605,0,2.063107829991455e-10,0
site_02850,0,1.948493997826215e-06,0
site_21128,0,2.063107829991455e-10,0
site_08229,0,7.338205380619931e-10,0
site_06534,0,4.2252084422526584e-10,0
site_10412,0,2.063107829991455e-10,0
site_19292,0,1.4660977422123578e-06,0
site_05258,0,7.338205380619931e-10,0
site_07492,0,1.624000268783077e-10,0
site_21149,0,1.0888366870430428e-09,0
site_19423,0,1.3956013327709517e-10,0
site_18445,0,2.063107829991455e-10,0
site_03511,0,1.3956010500495407e-10,0
site_14917,0,1.3956014266265467e-10,0
site_11331,0,1.681671358334734e-10,0
site_06894,0,7.338202488137336e-10,0
site_07561,0,1.681671507341876e-10,0
site_21538,0,2.063107829991455e-10,0
site_01057,1,0.9999996721941165,1
site_06606,0,8.925042859445542e-10,0
site_18969,0,2.063107829991455e-10,0
site_06934,0,4.917316869468715e-10,0
site_19790,1,0.9999997573774462,1
site_12009,1,0.9999999829656482,1
site_18952,0,1.3334999862456042e-09,0
site_17552,0,4.1345641700934825e-07,0
site_06689,0,2.063107829991455e-10,0
site_18855,0,8.98916067512959e-10,0
site_07843,0,2.063107829991455e-10,0
site_14478,0,2.063107829991455e-10,0
site_01116,0,1.44142833964924e-09,0
site_07224,0,2.063107829991455e-10,0
site_16050,1,0.9999997063690088,1
site_02265,0,3.4417884510129365e-07,0
site_05681,0,2.1139416735759055e-09,0
site_01871,0,1.1514164172494341e-09,0
site_09262,0,1.681671166668268e-10,0
site_04892,0,1.624000268783077e-10,0
site_05229,0,5.793564971825138e-10,0
site_11964,0,4.1345625403830226e-07,0
site_14687,0,1.0888371162273247e-09,0
site_06937,0,1.3956013327709517e-10,0
site_15198,0,8.98916067512959e-10,0
site_12653,0,2.063107829991455e-10,0
site_01851,0,2.1139408403286503e-09,0
site_13603,0,1.681671358334734e-10,0
site_16334,0,1.681671507341876e-10,0
site_05783,0,1.6114448802527208e-09,0
site_12059,0,1.681671358334734e-10,0
site_06972,0,1.3956010500495407e-10,0
site_03247,0,2.114066637963611e-09,0
site_13344,0,2.063107829991455e-10,0
site_12691,0,2.063107829991455e-10,0
site_14922,0,4.893556424922534e-07,0
site_12893,0,4.1345625403830226e-07,0
site_07985,0,4.1345641700934825e-07,0
site_17386,0,2.602755344701467e-09,0
site_04043,0,7.338205380619931e-10,0
site_16303,0,2.058598427759658e-05,0
site_09264,0,1.0554326614885055e-09,0
site_04497,0,2.063107829991455e-10,0
site_04562,0,2.063107829991455e-10,0
site_01732,0,9.912939977644526e-10,0
site_18617,0,2.063107829991455e-10,0
site_00924,0,1.4660971643250126e-06,0
site_13006,1,0.9999999988323536,1
site_01731,0,7.338202488137336e-10,0
site_10349,0,3.5734060199006246e-10,0
site_09445,0,2.063107829991455e-10,0
site_20908,0,7.403092632968067e-07,0
site_01308,0,1.6599058891573451e-09,0
site_16086,0,4.1345641700934825e-07,0
site_10407,0,7.338202488137336e-10,0
site_06522,0,4.2252084422526584e-10,0
site_00101,1,0.9999999667170827,1
site_10678,0,2.063107829991455e-10,0
site_12360,0,2.7809490477260128e-09,0
site_04224,0,1.0076028668351105e-08,0
site_18725,0,3.5734060199006246e-10,0
site_20783,0,7.338202488137336e-10,0
site_14236,0,1.681671507341876e-10,0
site_08779,0,1.1883931741154675e-09,0
site_08240,0,2.063107829991455e-10,0
site_07324,0,4.917316869468715e-10,0
site_01263,0,3.6340257971907517e-10,0
site_02583,0,1.0888366870430428e-09,0
site_21365,0,7.338202488137336e-10,0
site_10305,0,3.6340272296064405e-10,0
site_07701,0,3.6340272296064405e-10,0
site_15181,0,4.225209298197051e-10,0
site_10004,0,2.063107829991455e-10,0
site_08458,0,1.70644510703619e-09,0
site_19634,0,1.624000268783077e-10,0
site_04639,0,1.623999830576905e-10,0
site_09649,0,9.912939977644526e-10,0
site_19771,0,8.98916067512959e-10,0
site_04996,0,1.3334999862456042e-09,0
site_00867,0,2.114066637963611e-09,0
site_11533,0,2.702212164654293e-09,0
site_14064,0,3.6340266550504333e-10,0
site_20455,0,1.4660971643250126e-06,0
site_12008,1,0.9999999990123416,1
site_09357,0,8.98916067512959e-10,0
site_06621,0,1.623999830576905e-10,0
site_05174,0,4.1345641700934825e-07,0
site_06296,0,4.1345641700934825e-07,0
site_04870,0,2.063107829991455e-10,0
site_01162,0,7.338202488137336e-10,0
site_16496,1,0.9999995797139031,1
site_09287,0,5.793564458477225e-10,0
site_09746,0,3.498775056706816e-09,0
site_13319,0,2.063107829991455e-10,0
site_11106,0,1.3847470042027777e-06,0
site_09607,0,4.1345641700934825e-07,0
site_02458,0,1.3956010500495407e-10,0
site_17313,0,2.063107829991455e-10,0
site_21423,1,0.9999999712183228,1
site_08945,0,1.623999830576905e-10,0
site_09744,1,0.9999999952372274,1
site_16206,0,9.912939977644526e-10,0
site_09094,0,1.3956010500495407e-10,0
site_08704,0,2.063107829991455e-10,0
site_07054,0,1.681671507341876e-10,0
site_16321,1,0.9999996227058956,1
site_01537,0,3.573404611379851e-10,0
site_07117,0,2.063107829991455e-10,0
site_12508,0,1.7587147143606387e-06,0
site_15701,0,1.1883931741154675e-09,0
site_08233,0,2.0585992391760247e-05,0
site_08050,0,1.3956013327709517e-10,0
site_12345,0,4.1345625403830226e-07,0
site_16150,0,1.6599058891573451e-09,0
site_15016,0,2.063107829991455e-10,0
site_00385,1,0.9999994857963992,1
site_14579,0,2.063107829991455e-10,0
site_08867,0,1.0979616502267411e-05,0
site_08479,0,1.681671358334734e-10,0
site_18356,0,1.0888369440772925e-09,0
site_13456,0,1.623999830576905e-10,0
site_14748,0,1.3956010500495407e-10,0
site_05968,1,0.9999989320746152,1
site_19287,0,7.338205380619931e-10,0
site_03148,0,1.3956010500495407e-10,0
site_19594,1,0.9999999989532165,1
site_17572,0,2.602755344701467e-09,0
site_13279,0,7.338205380619931e-10,0
site_19687,0,2.063107829991455e-10,0
site_21346,1,0.999999420759327,1
site_16469,0,2.063107829991455e-10,0
site_20685,0,1.086156098453828e-06,0
site_13444,0,2.063107829991455e-10,0
site_17976,0,1.3334999862456042e-09,0
site_07757,0,4.1345641700934825e-07,0
site_03654,0,2.114066637963611e-09,0
site_10944,0,1.624000015670349e-10,0
site_08073,0,2.063107829991455e-10,0
site_09451,0,2.063107829991455e-10,0
site_17096,0,2.063107829991455e-10,0
site_16456,0,1.3334999862456042e-09,0
site_20466,0,2.063107829991455e-10,0
site_11473,0,1.624000015670349e-10,0
site_09286,0,2.063107829991455e-10,0
site_12501,0,1.8007217389321596e-06,0
site_09671,0,2.86128889206205e-07,0
site_11012,1,0.9999999853919426,1
site_05405,0,2.063107829991455e-10,0
site_06724,0,1.3334999862456042e-09,0
site_07719,0,1.6240001595674307e-10,0
site_02034,0,2.917715614218155e-10,0
site_08817,0,3.4417884510129365e-07,0
site_05161,0,2.063107829991455e-10,0
site_09891,0,8.98916067512959e-10,0
site_02154,0,1.4989146748257031e-09,0
site_13560,0,1.3956010500495407e-10,0
site_12052,0,1.3956012091115064e-10,0
site_14784,0,7.338205380619931e-10,0
site_06821,0,1.3334999862456042e-09,0
site_12334,0,2.86128889206205e-07,0
site_13058,0,2.063107829991455e-10,0
site_07240,0,1.6240001595674307e-10,0
site_12316,0,7.338205380619931e-10,0
site_04412,0,1.3286129817769625e-09,0
site_08503,0,7.338205380619931e-10,0
site_07592,0,1.3334999862456042e-09,0
site_07414,0,1.623999830576905e-10,0
site_19811,0,1.086156098453828e-06,0
site_09559,0,1.681671358334734e-10,0
site_02939,1,0.9999999989310737,1
site_09266,0,2.063107829991455e-10,0
site_10016,0,7.338202488137336e-10,0
site_15548,0,4.2252084422526584e-10,0
site_08051,0,2.063107829991455e-10,0
site_16650,0,2.063107829991455e-10,0
site_06299,0,4.1345625403830226e-07,0
site_11341,0,5.7156225783981226e-05,0
site_19337,0,1.3956013327709517e-10,0
site_05873,0,1.681671166668268e-10,0
site_15010,0,5.793563798162701e-10,0
site_01864,0,5.482907529509768e-09,0
site_16397,0,2.186896719586199e-09,0
site_12231,0,2.063107829991455e-10,0
site_09330,0,1.3847470042027777e-06,0
site_17953,0,1.3956010500495407e-10,0
site_10049,0,1.3956012091115064e-10,0
site_02231,1,0.9999998185417566,1
site_05057,0,2.063107829991455e-10,0
site_00847,0,2.063107829991455e-10,0
site_12066,0,2.063107829991455e-10,0
site_06070,0,2.063107829991455e-10,0
site_06787,0,1.624000268783077e-10,0
site_15321,0,1.3956010500495407e-10,0
site_13239,0,1.1883931741154675e-09,0
site_11610,0,2.063107829991455e-10,0
site_01061,0,5.324752593339077e-07,0
site_20327,0,1.3956010500495407e-10,0
site_11288,0,3.138739064708214e-09,0
site_06015,0,7.338205380619931e-10,0
site_11738,0,6.794231120688183e-07,0
site_17461,0,8.925042859445542e-10,0
site_05872,0,9.006434307382935e-10,0
site_01749,0,5.4770710908262656e-05,0
site_00028,1,0.9999998372937042,1
site_02377,0,1.4660977422123578e-06,0
site_20083,0,2.063107829991455e-10,0
site_20726,0,2.063107829991455e-10,0
site_17129,1,0.9999996404345547,1
site_12107,0,1.4924878900336805e-09,0
site_20592,0,1.4660971643250126e-06,0
site_14902,0,2.063107829991455e-10,0
site_16281,0,1.681671507341876e-10,0
site_10455,0,2.063107829991455e-10,0
site_17631,0,2.1139416735759055e-09,0
site_04362,0,3.522122391876381e-05,0
site_00299,1,0.9999999636238388,1
site_11742,0,1.9784867417157473e-09,0
site_08068,0,1.6240001595674307e-10,0
site_08140,0,7.338205380619931e-10,0
site_15770,0,9.218063246100663e-07,0
site_02587,0,2.063107829991455e-10,0
site_13127,0,2.967328291698734e-06,0
site_05036,0,1.6816716204359785e-10,0
site_09468,0,2.063107829991455e-10,0
site_02308,0,4.970441823823313e-09,0
site_13114,1,0.9999999564617742,1
site_10458,0,1.624000015670349e-10,0
site_01675,0,3.8611293926219606e-09,0
site_17749,0,1.32861245808081e-09,0
site_16554,1,0.999999658551576,1
site_05943,0,4.1345641700934825e-07,0
site_06181,0,2.063107829991455e-10,0
site_16519,0,2.063107829991455e-10,0
site_07442,0,1.681671507341876e-10,0
site_07159,0,2.063107829991455e-10,0
site_01923,0,1.5827596735853953e-06,0
site_20402,0,0.0002169132588600775,0
site_17448,0,4.1345641700934825e-07,0
site_07339,0,1.4924884783242393e-09,0
site_16052,0,1.1392155834971456e-06,0
site_15127,0,1.3334999862456042e-09,0
site_20774,0,2.063107829991455e-10,0
site_11299,0,2.063107829991455e-10,0
site_17166,0,1.3334999862456042e-09,0
site_13853,0,5.482909690694956e-09,0
site_12323,0,1.830940571789597e-05,0
site_03839,0,7.338205380619931e-10,0
site_14911,0,2.063107829991455e-10,0
site_21118,1,0.9999999736786573,1
site_20522,0,1.3956010500495407e-10,0
site_14642,0,9.912939977644526e-10,0
site_17675,0,7.338202488137336e-10,0
site_21036,0,1.016715027677037e-09,0
site_17666,0,3.573404611379851e-10,0
site_19654,0,3.573404611379851e-10,0
site_12810,0,6.739277809020898e-09,0
site_17778,0,1.3334999862456042e-09,0
site_07237,0,1.624000268783077e-10,0
site_00172,0,1.215098143245241e-08,0
site_03088,0,3.441787094371995e-07,0
site_03385,0,1.623999830576905e-10,0
site_13048,0,4.1345641700934825e-07,0
site_11682,0,4.0992860866937143e-10,0
site_10489,1,0.9999997859644109,1
site_12777,0,7.338205380619931e-10,0
site_14017,0,1.016715027677037e-09,0
site_09939,0,7.798305357710909e-11,0
site_17958,0,4.1345625403830226e-07,0
site_02139,0,2.063107829991455e-10,0
site_05650,1,0.9999999914273533,1
site_02105,1,0.9999999556249635,1
site_00461,0,2.114066637963611e-09,0
site_16555,1,0.9999999436613741,1
site_14108,0,1.360176170356547e-09,0
site_14358,0,1.4660957394988852e-06,0
site_13189,0,1.3956010500495407e-10,0
site_11081,0,1.681671358334734e-10,0
site_07760,0,2.186896719586199e-09,0
site_17233,0,1.279855244610829e-06,0
site_04301,0,1.681671166668268e-10,0
site_20380,0,7.338205380619931e-10,0
site_01051,0,9.912939977644526e-10,0
site_01928,1,0.9999999396610505,1
site_09699,0,1.0888371162273247e-09,0
site_01936,0,2.1139408403286503e-09,0
site_15324,0,1.3956010500495407e-10,0
site_01451,0,3.6864260233625215e-08,0
site_05530,0,2.063107829991455e-10,0
site_21541,0,8.98916067512959e-10,0
site_06856,0,1.3956010500495407e-10,0
site_00049,0,3.498775056706816e-09,0
site_13541,0,1.681671166668268e-10,0
site_00502,0,6.033682353812216e-08,0
site_18854,0,2.063107829991455e-10,0
site_08656,0,6.794231895052095e-07,0
site_11650,0,4.1345641700934825e-07,0
site_07654,0,2.063107829991455e-10,0
site_17593,0,2.063107829991455e-10,0
site_08514,0,2.063107829991455e-10,0
site_15158,0,3.5734060199006246e-10,0
site_07587,0,2.063107829991455e-10,0
site_10516,0,2.1736826312967463e-10,0
site_05362,0,4.97044378301106e-09,0
site_02096,0,2.7811145380776075e-09,0
site_11957,0,1.3334999862456042e-09,0
site_19681,0,5.477072200312727e-05,0
site_01989,1,0.9999999847939112,1
site_07354,0,1.3956010500495407e-10,0
site_14031,0,2.063107829991455e-10,0
site_17284,1,0.99999991012256,1
site_08547,0,4.225208923815752e-10,0
site_20754,0,4.1345641700934825e-07,0
site_05584,0,4.917316869468715e-10,0
site_15465,0,1.3956014266265467e-10,0
site_10889,0,2.861287764235067e-07,0
site_14182,0,1.3956010500495407e-10,0
site_16841,0,4.1345625403830226e-07,0
site_07448,0,2.0387161931982756e-09,0
site_08266,0,8.98916067512959e-10,0
site_17283,1,0.9999996597938761,1
site_12257,0,1.5599128958834693e-06,0
site_02268,0,2.063107829991455e-10,0
site_03084,0,2.063107829991455e-10,0
site_16305,0,2.063107829991455e-10,0
site_18995,0,1.4660977422123578e-06,0
site_09349,0,2.063107829991455e-10,0
site_13944,0,3.5734060199006246e-10,0
site_12482,0,2.063107829991455e-10,0
site_07209,0,7.338205380619931e-10,0
site_17983,0,1.2718353353311906e-05,0
site_14542,0,9.912939977644526e-10,0
site_18569,0,1.3956010500495407e-10,0
site_20574,0,2.063107829991455e-10,0
site_12641,0,1.7587147143606387e-06,0
site_05181,0,2.063107829991455e-10,0
site_01098,1,0.9999990274823066,1
site_15859,0,1.2718353353311906e-05,0
site_11325,0,2.063107829991455e-10,0
site_18177,0,2.063107829991455e-10,0
site_06743,0,2.1140674712604512e-09,0
site_15477,0,1.1426303923376099e-10,0
site_11601,0,1.681671358334734e-10,0
site_02239,1,0.999999743638196,1
site_20746,0,7.909029332256341e-07,0
site_20512,0,2.063107829991455e-10,0
site_04101,0,4.1345641700934825e-07,0
site_13054,0,2.063107829991455e-10,0
site_00910,0,4.2252084422526584e-10,0
site_18816,0,1.3334999862456042e-09,0
site_10911,0,2.063107829991455e-10,0
site_01647,0,2.063107829991455e-10,0
site_11643,0,2.063107829991455e-10,0
site_11777,0,2.063107829991455e-10,0
site_10423,0,3.6340272296064405e-10,0
site_02396,0,3.8611293926219606e-09,0
site_15050,0,2.063107829991455e-10,0
site_02607,1,0.9999995573665993,1
site_08995,0,1.3334999862456042e-09,0
site_08904,0,2.063107829991455e-10,0
site_02290,1,0.9999999583095462,1
site_11988,0,2.693716472792315e-09,0
site_13237,0,1.360176170356547e-09,0
site_19540,0,1.3956013327709517e-10,0
site_17262,0,1.0888366870430428e-09,0
site_07433,0,1.6816716204359785e-10,0
site_09969,0,7.909029332256341e-07,0
site_10885,0,8.790111565067778e-05,0
site_04902,0,3.5734060199006246e-10,0
site_00481,0,2.917715614218155e-10,0
site_10647,0,2.063107829991455e-10,0
site_00060,1,0.9999999938809963,1
site_05332,0,2.86128889206205e-07,0
site_04308,0,1.681671166668268e-10,0
site_18263,0,1.0888366870430428e-09,0
site_03050,1,0.9999999640930337,1
site_17575,0,2.1139416735759055e-09,0
site_12913,0,2.063107829991455e-10,0
site_19641,0,1.4660963173856686e-06,0
site_15523,0,1.3334999862456042e-09,0
site_05342,0,2.063107829991455e-10,0
site_08517,0,7.338205380619931e-10,0
site_07208,0,1.681671166668268e-10,0
site_17107,0,3.6340257971907517e-10,0
site_04069,0,4.893556424922534e-07,0
site_17038,0,4.1345641700934825e-07,0
site_14892,0,1.3956010500495407e-10,0
site_21504,0,7.338202488137336e-10,0
site_14822,0,2.063107829991455e-10,0
site_20030,0,3.6340272296064405e-10,0
site_18368,0,4.22520958234663e-10,0
site_03973,0,1.0979616502267411e-05,0
site_17161,0,2.063107829991455e-10,0
site_00277,0,2.063107829991455e-10,0
site_16781,0,1.6599058891573451e-09,0
site_15489,0,9.912939977644526e-10,0
site_02491,0,3.315892901593318e-07,0
site_17798,0,2.063107829991455e-10,0
site_10356,0,7.338205380619931e-10,0
site_06789,0,1.6816716204359785e-10,0
site_15136,0,2.063107829991455e-10,0
site_09186,0,2.063107829991455e-10,0
site_03094,1,0.9999998531046175,1
site_15152,0,4.1345641700934825e-07,0
site_07483,0,1.3956014266265467e-10,0
site_10996,1,0.9999996979884025,1
site_17080,0,1.5817106882755587e-06,0
site_18691,0,2.063107829991455e-10,0
site_03170,0,1.624000268783077e-10,0
site_14677,0,1.3334999862456042e-09,0
site_14971,0,2.063107829991455e-10,0
site_09802,0,2.063107829991455e-10,0
site_14955,0,3.5734060199006246e-10,0
site_13806,0,9.484271604029515e-07,0
site_15490,0,1.3956013327709517e-10,0
site_01040,0,7.338202488137336e-10,0
site_14375,0,2.063107829991455e-10,0
site_15485,0,2.063107829991455e-10,0
site_07252,0,1.6240001595674307e-10,0
site_03678,0,0.0015031257717760622,0
site_20701,0,1.2718353353311906e-05,0
site_13145,0,2.063107829991455e-10,0
site_12265,1,0.9999998970502818,1
site_10645,0,1.3956010500495407e-10,0
site_01368,0,6.949887134256271e-07,0
site_04185,0,1.3334999862456042e-09,0
site_13816,0,1.681671358334734e-10,0
site_04555,0,2.063107829991455e-10,0
site_18767,0,9.912939977644526e-10,0
site_12748,1,0.9999999621565884,1
site_18549,0,3.612257508023229e-06,0
site_20892,0,2.063107829991455e-10,0
site_03576,0,1.3956010500495407e-10,0
site_21460,0,1.3956010500495407e-10,0
site_10874,0,1.6679424012421817e-06,0
site_04173,0,1.623999830576905e-10,0
site_13841,0,2.063107829991455e-10,0
site_12115,0,2.081890971186395e-10,0
site_20860,0,1.3956013327709517e-10,0
site_02098,0,3.8611293926219606e-09,0
site_17920,0,1.0888371162273247e-09,0
site_07879,0,2.0387161931982756e-09,0
site_07359,0,1.3956010500495407e-10,0
site_03214,1,0.9999999977617611,1
site_11044,0,2.063107829991455e-10,0
site_01067,1,0.9999999973089477,1
site_02807,0,2.063107829991455e-10,0
site_00905,0,5.482907529509768e-09,0
site_17570,0,3.573404611379851e-10,0
site_01958,0,3.6340257971907517e-10,0
site_03662,0,4.917316869468715e-10,0
site_04152,0,1.3956013327709517e-10,0
site_01428,1,0.9999998095139991,1
site_21010,1,0.9999999562710079,1
site_03354,0,2.063107829991455e-10,0
site_11277,0,1.7587147143606387e-06,0
site_10225,0,1.3334999862456042e-09,0
site_13199,0,2.063107829991455e-10,0
site_20675,1,0.9999999912133427,1
site_19093,0,2.063107829991455e-10,0
site_03003,1,0.9999999559800682,1
site_11312,0,2.186896719586199e-09,0
site_08650,0,1.3956012091115064e-10,0
site_15054,0,1.466097334162848e-06,0
site_08242,0,3.5734060199006246e-10,0
site_09863,1,0.999999783153259,1
site_12658,0,1.4414289078137717e-09,0
site_05693,1,0.9999999967532627,1
site_19009,0,1.624000268783077e-10,0
site_14220,0,1.6240001595674307e-10,0
site_07887,0,1.681671507341876e-10,0
site_01513,0,2.063107829991455e-10,0
site_04578,0,4.2252084422526584e-10,0
site_02723,1,0.9999996997815539,1
site_16725,1,0.9999987692871936,1
site_04028,0,4.225209298197051e-10,0
site_07081,0,2.063107829991455e-10,0
site_03574,0,1.70644510703619e-09,0
site_13056,0,3.6340272296064405e-10,0
site_03171,0,6.794232953983971e-07,0
site_05247,0,1.3334999862456042e-09,0
site_05412,0,4.917316869468715e-10,0
site_19157,0,1.3334999862456042e-09,0
site_19441,0,3.573404611379851e-10,0
site_07151,0,1.623999830576905e-10,0
site_12698,0,1.3286129817769625e-09,0
site_16231,0,1.7064444344108668e-09,0
site_16197,0,7.338205380619931e-10,0
site_03048,1,0.9999994168893601,1
site_18066,0,2.063107829991455e-10,0
site_07619,0,2.063107829991455e-10,0
site_15687,0,9.912939977644526e-10,0
site_20612,1,0.9999978667367413,1
site_17515,0,1.0554326614885055e-09,0
site_14015,0,3.480209406613877e-10,0
site_01805,0,3.9686711598014194e-10,0
site_01838,0,1.1883931741154675e-09,0
site_16898,0,1.3334999862456042e-09,0
site_10552,0,2.063107829991455e-10,0
site_05917,0,4.97044378301106e-09,0
site_05270,0,2.063107829991455e-10,0
site_07705,0,1.4414289078137717e-09,0
site_18918,0,9.912939977644526e-10,0
site_10056,0,1.0888371162273247e-09,0
site_19279,0,5.715623084810916e-05,0
site_04601,0,2.063107829991455e-10,0
site_06682,0,1.623999830576905e-10,0
site_10387,0,7.338202488137336e-10,0
site_02403,0,3.8611293926219606e-09,0
site_18722,0,1.3956010500495407e-10,0
site_14638,0,1.681671166668268e-10,0
site_09568,0,2.063107829991455e-10,0
site_06474,0,2.063107829991455e-10,0
site_14561,0,1.32861245808081e-09,0
site_15095,0,2.7809490477260128e-09,0
site_05661,0,2.3175345289931687e-10,0
site_04904,0,1.3956013327709517e-10,0
site_00911,0,2.063107829991455e-10,0
site_03062,0,8.98916067512959e-10,0
site_08204,0,2.063107829991455e-10,0
site_18807,0,4.22520958234663e-10,0
site_16896,0,3.573404611379851e-10,0
site_15667,0,2.063107829991455e-10,0
site_18306,0,2.113941339352245e-09,0
site_20374,0,1.624000268783077e-10,0
site_04812,0,1.624000268783077e-10,0
site_10036,0,1.4660977422123578e-06,0
site_19843,0,4.1345625403830226e-07,0
site_04261,0,3.6340257971907517e-10,0
site_06156,0,7.36886954464031e-08,0
site_15918,0,2.063107829991455e-10,0
site_19535,1,0.9999999297399862,1
site_19370,0,2.063107829991455e-10,0
site_08219,0,1.6240001595674307e-10,0
site_13211,0,1.878110649098462e-09,0
site_13722,0,5.715623084810916e-05,0
site_16079,0,1.3956013327709517e-10,0
site_03599,0,2.063107829991455e-10,0
site_16835,0,4.1345625403830226e-07,0
site_04427,0,2.063107829991455e-10,0
site_03626,0,7.338205380619931e-10,0
site_21064,1,0.9999999987307386,1
site_13767,0,1.4660971643250126e-06,0
site_12235,0,2.7809490477260128e-09,0
site_18922,0,7.338205380619931e-10,0
site_08150,0,2.063107829991455e-10,0
site_09750,0,1.0751973367558356e-09,0
site_17003,0,7.338202488137336e-10,0
site_00354,0,2.063107829991455e-10,0
site_02842,0,1.721903383643485e-06,0
site_01496,1,0.9999999326145804,1
site_09226,0,1.4660977422123578e-06,0
site_13875,0,1.9484932297945567e-06,0
site_09098,0,1.623999830576905e-10,0
site_12460,0,1.0888371162273247e-09,0
site_09918,0,1.3956012091115064e-10,0
site_11450,0,1.624000015670349e-10,0
site_19127,0,1.3956014266265467e-10,0
site_14709,0,8.925042859445542e-10,0
site_07019,0,2.063107829991455e-10,0
site_15623,0,4.0479643310750357e-07,0
site_18921,0,1.3334999862456042e-09,0
site_17026,1,0.9999973666404488,1
site_06052,0,4.2252084422526584e-10,0
site_02570,0,2.0585992391760247e-05,0
site_09758,0,1.4660971643250126e-06,0
site_16090,0,1.0131132445337718e-09,0
site_15891,0,2.0387161931982756e-09,0
site_17050,0,2.063107829991455e-10,0
site_05216,0,2.063107829991455e-10,0
site_09033,0,1.0131132445337718e-09,0
site_20789,1,0.9999998394124185,1
site_03237,0,1.0076028668351105e-08,0
site_10135,0,1.681671166668268e-10,0
site_02707,0,2.1139408403286503e-09,0
site_13502,0,4.225209298197051e-10,0
site_15552,0,2.7811145380776075e-09,0
site_09895,0,1.3334999862456042e-09,0
site_14891,0,8.98916067512959e-10,0
site_00399,0,5.4770710908262656e-05,0
site_17892,0,4.1345625403830226e-07,0
site_04095,0,3.5734060199006246e-10,0
site_19615,0,1.3956013327709517e-10,0
site_15433,0,1.1883931741154675e-09,0
site_19306,0,2.063107829991455e-10,0
site_19479,0,1.6240001595674307e-10,0
site_05140,0,1.3334999862456042e-09,0
site_19619,0,1.6240001595674307e-10,0
site_12862,0,3.441787094371995e-07,0
site_14241,0,4.1345641700934825e-07,0
site_12697,0,2.063107829991455e-10,0
site_05111,0,2.063107829991455e-10,0
site_18688,0,1.3334999862456042e-09,0
site_08770,0,2.1139416735759055e-09,0
site_20703,0,1.3956010500495407e-10,0
site_12787,0,2.063107829991455e-10,0
site_08196,0,3.9686711598014194e-10,0
site_09408,1,0.999999858072229,1
site_18750,0,2.063107829991455e-10,0
site_12562,0,4.1345641700934825e-07,0
site_17411,0,4.1345641700934825e-07,0
site_12284,0,6.794231895052095e-07,0
site_07752,0,2.063107829991455e-10,0
site_20898,1,0.9999999435257104,1
site_13154,0,4.1345641700934825e-07,0
site_11336,0,7.338205380619931e-10,0
site_03588,0,1.3956010500495407e-10,0
site_03349,0,2.063107829991455e-10,0
site_12438,0,7.338205380619931e-10,0
site_20013,0,8.925044667484243e-10,0
site_16081,0,1.3334999862456042e-09,0
site_02490,0,3.315892901593318e-07,0
site_07241,0,1.3956013327709517e-10,0
site_10798,0,2.063107829991455e-10,0
site_08056,0,1.3956013327709517e-10,0
site_09827,0,1.3956012091115064e-10,0
site_01452,0,2.063107829991455e-10,0
site_12466,0,2.063107829991455e-10,0
site_17432,0,1.2137982128353098e-06,0
site_13710,0,1.624000015670349e-10,0
site_11717,0,1.6665192197262814e-06,0
site_11934,0,1.0888371162273247e-09,0
site_10973,1,0.9999999468393913,1
site_21373,1,0.9999997902287898,1
site_04893,0,2.063107829991455e-10,0
site_11326,0,1.681671358334734e-10,0
site_06317,0,1.6599058891573451e-09,0
site_02817,0,1.8309398501054045e-05,0
site_15581,0,2.063107829991455e-10,0
site_01627,0,3.8611293926219606e-09,0
site_16816,0,1.0554330775059986e-09,0
site_15818,0,7.338205380619931e-10,0
site_13078,0,2.063107829991455e-10,0
site_15255,0,3.6864260233625215e-08,0
site_00550,1,0.9999999564617742,1
site_16778,0,1.3334999862456042e-09,0
site_06652,0,4.1345641700934825e-07,0
site_13486,0,6.794231895052095e-07,0
site_08531,0,2.063107829991455e-10,0
site_07409,0,2.063107829991455e-10,0
site_11817,0,1.3334999862456042e-09,0
site_03818,0,1.3334999862456042e-09,0
site_03605,1,0.9999998443458498,1
site_00375,0,1.215098143245241e-08,0
site_06306,0,7.338202488137336e-10,0
site_19625,0,2.063107829991455e-10,0
site_10467,0,1.624000015670349e-10,0
site_05656,0,2.063107829991455e-10,0
site_00322,0,2.063107829991455e-10,0
site_16232,0,1.623999830576905e-10,0
site_05452,0,2.063107829991455e-10,0
site_18273,0,4.2252084422526584e-10,0
site_07316,0,2.063107829991455e-10,0
site_17657,0,1.4414289078137717e-09,0
site_20375,0,2.063107829991455e-10,0
site_18821,0,1.3334999862456042e-09,0
site_16689,0,7.338205380619931e-10,0
site_08396,0,1.3334999862456042e-09,0
site_15203,0,1.4660977422123578e-06,0
site_13963,0,1.466097510416068e-06,0
site_06507,0,2.063107829991455e-10,0
site_12832,0,8.98916067512959e-10,0
site_11822,0,7.338202488137336e-10,0
site_09303,0,4.917316869468715e-10,0
site_11510,0,3.5734060199006246e-10,0
site_13915,0,2.063107829991455e-10,0
site_06739,0,1.6599058891573451e-09,0
site_01479,0,2.063107829991455e-10,0
site_08643,0,8.986608187694259e-08,0
site_17435,0,2.602755344701467e-09,0
site_04614,0,2.063107829991455e-10,0
site_13946,0,8.925044667484243e-10,0
site_14089,0,2.063107829991455e-10,0
site_07111,0,1.3956014266265467e-10,0
site_10983,1,0.999999995281114,1
site_07014,0,2.1139416735759055e-09,0
site_16351,0,3.5734060199006246e-10,0
site_08297,0,1.466097334162848e-06,0
site_07312,0,2.063107829991455e-10,0
site_10057,0,8.98916067512959e-10,0
site_04012,0,1.3334999862456042e-09,0
site_05470,0,1.3956013327709517e-10,0
site_16612,1,0.9999995586968473,1
site_15917,0,1.4660977422123578e-06,0
site_07540,0,4.917316869468715e-10,0
site_01719,0,3.861359162980597e-09,0
site_14166,0,3.6340257971907517e-10,0
site_12258,1,0.9999999991960498,1
site_13693,0,2.063107829991455e-10,0
site_06819,0,9.006434307382935e-10,0
site_09761,0,8.925042859445542e-10,0
site_20223,0,2.063107829991455e-10,0
site_04216,0,4.917316869468715e-10,0
site_00707,0,4.1345625403830226e-07,0
site_20037,0,4.1345625403830226e-07,0
site_18105,0,1.681671166668268e-10,0
site_01375,0,2.1139408403286503e-09,0
site_19315,1,0.9999994788130436,1
site_08508,0,2.063107829991455e-10,0
site_03721,0,9.927472691797898e-10,0
site_15901,0,5.25352746666947e-07,0
site_13578,0,1.3956010500495407e-10,0
site_19954,0,2.063107829991455e-10,0
site_16609,0,3.0694188652329386e-07,0
site_17011,0,1.4660971643250126e-06,0
site_14280,0,1.681671166668268e-10,0
site_01723,0,2.1040230664936252e-10,0
site_11114,0,1.4293681438306939e-06,0
site_14265,0,6.739275152616145e-09,0
site_12341,0,1.681671166668268e-10,0
site_02742,0,1.3334999862456042e-09,0
site_12497,1,0.9999999884617078,1
site_03651,0,2.86128889206205e-07,0
site_17831,0,1.3334999862456042e-09,0
site_19145,0,2.063107829991455e-10,0
site_21547,0,7.338202488137336e-10,0
site_19858,1,0.9999999960341288,1
site_21065,1,0.9999999611476056,1
site_13590,0,6.250151056969027e-08,0
site_01392,0,8.090165192406889e-07,0
site_09276,0,1.681671166668268e-10,0
site_03715,0,2.1140674712604512e-09,0
site_04970,0,9.912939977644526e-10,0
site_06294,0,7.338205380619931e-10,0
site_08336,0,1.4660977422123578e-06,0
site_19903,0,1.3956010500495407e-10,0
site_11030,0,1.3956012091115064e-10,0
site_15094,0,2.7811145380776075e-09,0
site_13629,0,1.3956013327709517e-10,0
site_02965,0,1.948493997826215e-06,0
site_14104,0,1.681671166668268e-10,0
site_18762,0,2.063107829991455e-10,0
site_09533,0,2.063107829991455e-10,0
site_17896,0,3.573404611379851e-10,0
site_00257,0,1.443166880302581e-06,0
site_18533,0,2.063107829991455e-10,0
site_19128,0,2.0585992391760247e-05,0
site_02450,0,3.6340272296064405e-10,0
site_19713,0,7.338202488137336e-10,0
site_02774,1,0.9999999878099984,1
site_08541,0,1.3956012091115064e-10,0
site_00106,1,0.9999999968406894,1
site_02256,0,3.6340257971907517e-10,0
site_15987,0,1.4414289078137717e-09,0
site_00915,0,1.3956010500495407e-10,0
site_19616,0,1.681671507341876e-10,0
site_19612,0,2.0387161931982756e-09,0
site_13477,0,8.067725793473507e-07,0
site_02248,0,4.1345625403830226e-07,0
site_03204,0,1.623999830576905e-10,0
site_08442,0,1.0888371162273247e-09,0
site_03768,0,1.6240001595674307e-10,0
site_18031,0,7.338202488137336e-10,0
site_19289,0,2.0387161931982756e-09,0
site_15665,0,6.739277809020898e-09,0
site_13916,0,2.063107829991455e-10,0
site_12187,0,5.482909690694956e-09,0
site_15617,0,3.522122391876381e-05,0
site_11042,0,2.063107829991455e-10,0
site_10840,0,6.396023768542251e-06,0
site_19053,0,4.1345641700934825e-07,0
site_06298,0,2.063107829991455e-10,0
site_06403,0,2.063107829991455e-10,0
site_13060,0,1.0076028668351105e-08,0
site_01890,0,9.912939977644526e-10,0
site_13105,1,8.790111565067778e-05,0
site_19271,0,1.3334999862456042e-09,0
site_06012,0,3.4417884510129365e-07,0
site_00501,0,2.1139408403286503e-09,0
site_15761,0,1.6114442450734062e-09,0
site_11843,0,2.081890971186395e-10,0
site_11850,1,0.9999994857963992,1
site_05340,0,1.1883931741154675e-09,0
site_04117,0,4.1345625403830226e-07,0
site_18272,0,1.681671166668268e-10,0
site_21213,0,3.6340257971907517e-10,0
site_14377,0,4.2252084422526584e-10,0
site_03904,0,1.3334999862456042e-09,0
site_19829,0,1.6240001595674307e-10,0
site_00143,0,1.443166880302581e-06,0
site_14185,0,2.063107829991455e-10,0
site_07589,0,1.0888371162273247e-09,0
site_00333,0,1.215098143245241e-08,0
site_14939,0,2.063107829991455e-10,0
site_00494,0,5.482907529509768e-09,0
site_08830,0,7.338205380619931e-10,0
site_01532,0,3.6340257971907517e-10,0
site_17719,0,7.338202488137336e-10,0
site_14352,0,1.0554330775059986e-09,0
site_18984,0,1.0131132445337718e-09,0
site_11704,1,0.9999999550308025,1
site_00205,0,2.0387161931982756e-09,0
site_03672,0,2.063107829991455e-10,0
site_20200,1,0.9999994857963992,1
site_03536,1,0.999999950273835,1
site_13307,0,2.063107829991455e-10,0
site_09061,0,2.063107829991455e-10,0
site_13864,0,7.338202488137336e-10,0
site_15712,0,2.063107829991455e-10,0
site_16367,1,0.9999998712050063,1
site_10725,0,1.5599128958834693e-06,0
site_02461,0,1.32861245808081e-09,0
site_02516,0,7.338204220416742e-10,0
site_09140,0,1.1883931741154675e-09,0
site_02046,1,0.9999999537693772,1
site_21039,0,2.063107829991455e-10,0
site_00232,1,0.9999999913387775,1
site_11520,0,5.482909690694956e-09,0
site_01671,0,2.2024262565247228e-09,0
site_19975,0,2.186895857582431e-09,0
site_06849,0,1.623999830576905e-10,0
site_14600,0,2.063107829991455e-10,0
site_11644,0,1.3956013327709517e-10,0
site_17487,0,2.602756370623624e-09,0
site_12994,1,0.999999372371051,1
site_13812,0,1.681671358334734e-10,0
site_14447,0,1.3334999862456042e-09,0
site_07703,0,1.624000015670349e-10,0
site_04546,0,4.1345641700934825e-07,0
site_11038,0,1.3956012091115064e-10,0
site_10635,0,1.623999830576905e-10,0
site_14992,0,2.063107829991455e-10,0
site_05772,0,4.1345625403830226e-07,0
site_08133,0,2.1139416735759055e-09,0
site_10035,0,1.3286129817769625e-09,0
site_04027,0,1.3334999862456042e-09,0
site_20366,0,1.360176706494096e-09,0
site_10577,0,1.3334999862456042e-09,0
site_04013,0,1.3334999862456042e-09,0
site_15358,0,2.063107829991455e-10,0
site_11130,1,0.9999995410382351,1
site_09296,0,4.917316869468715e-10,0
site_18422,0,1.3334999862456042e-09,0
site_17290,0,4.225209298197051e-10,0
site_08181,0,2.063107829991455e-10,0
site_19502,0,1.016715027677037e-09,0
site_05262,0,8.98916067512959e-10,0
site_20686,0,1.086156098453828e-06,0
site_11880,1,0.9999997627632168,1
site_11724,1,0.9999999042641335,1
site_10804,0,2.063107829991455e-10,0
site_03878,0,1.016715027677037e-09,0
site_16572,0,1.3334999862456042e-09,0
site_09381,0,1.1883931741154675e-09,0
site_19878,0,1.681671507341876e-10,0
site_11886,0,1.681671166668268e-10,0
site_16376,0,1.1392155834971456e-06,0
site_04641,0,5.4770710908262656e-05,0
site_18592,0,1.3956014266265467e-10,0
site_13458,0,2.063107829991455e-10,0
site_16750,0,2.063107829991455e-10,0
site_04775,0,2.063107829991455e-10,0
site_00690,0,2.202557319801874e-09,0
site_01521,1,0.9999999996737117,1
site_03049,1,0.9999991253762004,1
site_14987,0,2.063107829991455e-10,0
site_12209,0,1.3334999862456042e-09,0
site_17590,0,2.063107829991455e-10,0
site_17815,0,7.338202488137336e-10,0
site_18909,1,0.9999999853919426,1
site_08703,0,1.3956012091115064e-10,0
site_04643,0,3.5734060199006246e-10,0
site_00463,0,7.181702964719099e-07,0
site_12196,0,2.063107829991455e-10,0
site_17768,0,4.22520958234663e-10,0
site_15979,0,0.0014695996144013256,0
site_16369,0,1.7077813264371886e-06,0
site_05044,0,1.016715027677037e-09,0
site_16320,0,1.1392155834971456e-06,0
site_04363,0,1.3956010500495407e-10,0
site_05869,0,8.98916067512959e-10,0
site_09218,0,1.6599058891573451e-09,0
site_11898,0,1.3334999862456042e-09,0
site_10293,0,2.063107829991455e-10,0
site_06378,0,3.441787094371995e-07,0
site_17408,0,2.063107829991455e-10,0
site_11589,0,1.623999830576905e-10,0
site_07720,0,5.765750680341716e-10,0
site_18304,0,1.3334999862456042e-09,0
site_19077,0,1.3956014266265467e-10,0
site_15005,0,2.063107829991455e-10,0
site_13519,0,3.711511169284542e-07,0
site_16814,0,1.6240001595674307e-10,0
site_05445,0,2.063107829991455e-10,0
site_10334,0,3.5734060199006246e-10,0
site_17224,1,0.9999999377488941,1
site_07125,0,1.6240001595674307e-10,0
site_17585,0,3.07072415313171e-08,0
site_12154,0,2.063107829991455e-10,0
site_02527,0,2.0722022461855482e-09,0
site_03551,0,3.4706696291492755e-09,0
site_17865,0,1.0979612174506111e-05,0
site_10881,0,1.3847470042027777e-06,0
site_02873,0,9.912939977644526e-10,0
site_04085,0,1.1883931741154675e-09,0
site_20765,0,4.1345641700934825e-07,0
site_15745,0,2.063107829991455e-10,0
site_06429,0,2.063107829991455e-10,0
site_15122,0,2.063107829991455e-10,0
site_21189,1,0.99999931036995,1
site_06446,0,2.063107829991455e-10,0
site_01648,0,4.1345625403830226e-07,0
