site_id,proxy_label,mlp_probability,mlp_prediction
site_18684,0,2.334560722017408e-29,0
site_04960,0,1.1676455816522205e-60,0
site_13655,0,8.84776844661707e-26,0
site_12717,0,5.3037869938419066e-33,0
site_20836,0,5.6207632378155725e-12,0
site_08085,0,7.677355865336078e-82,0
site_17781,0,2.1311406737896977e-44,0
site_16125,0,2.1526442714153807e-64,0
site_17602,0,5.297423704434201e-37,0
site_11697,0,1.7745042582484458e-11,0
site_00622,0,8.706609357142624e-10,0
site_09104,0,4.787738331284922e-113,0
site_07100,0,7.897351365274447e-40,0
site_20787,0,0.08984774990098228,0
site_15828,0,3.747352357170755e-17,0
site_18383,0,3.2870395083877965e-29,0
site_17706,0,2.4846408742226886e-53,0
site_16774,0,1.2831397652818894e-20,0
site_11137,1,0.9999465746160313,1
site_13600,0,1.1486487878358702e-89,0
site_18972,0,3.2753896539679447e-13,0
site_12425,0,1.3173019268666372e-98,0
site_04110,0,4.2753098550968514e-32,0
site_19057,0,8.18461043843241e-47,0
site_02562,0,5.143744044659441e-41,0
site_12124,1,0.9999966602973195,1
site_13811,0,2.487943235941987e-89,0
site_10452,0,9.539318723211991e-112,0
site_18497,0,1.683509918019352e-31,0
site_21459,0,1.726517698202197e-05,0
site_10696,0,2.1764103705979838e-94,0
site_09754,0,3.6431460231366805e-17,0
site_15795,0,2.1646545777799692e-60,0
site_11363,0,1.080633357014887e-65,0
site_21335,1,0.17993773930755794,0
site_12661,0,2.2163567520618892e-107,0
site_20465,0,1.2071402504938704e-15,0
site_13704,0,6.874126838996429e-93,0
site_18656,0,1.0617285080099875e-40,0
site_02681,0,1.4956923577023224e-49,0
site_14055,0,6.988450727828432e-46,0
site_15191,0,3.800710230558959e-52,0
site_18410,0,2.2962736610876518e-32,0
site_09586,0,1.479912635206863e-43,0
site_18609,0,1.2810077437283694e-31,0
site_04866,0,2.6858615578081257e-50,0
site_10650,0,5.102850558955968e-167,0
site_04165,0,5.778690225541577e-30,0
site_07482,0,4.304396212943609e-42,0
site_03813,0,2.257945152692994e-06,0
site_15032,0,2.308695076375393e-48,0
site_21462,0,2.312196632843246e-09,0
site_16892,0,1.1167558847966352e-23,0
site_15103,0,2.7466467634611544e-59,0
site_01830,0,2.136962966062973e-15,0
site_14964,0,4.15045360329043e-43,0
site_18579,0,1.840841564769583e-36,0
site_04694,0,4.216162279230151e-40,0
site_20856,0,7.899402959730288e-11,0
site_01741,0,8.058762252041525e-06,0
site_15582,0,2.806125451885971e-56,0
site_10875,0,2.061899097028164e-14,0
site_02972,0,8.981638975478057e-27,0
site_14464,0,3.6858052732289026e-31,0
site_02088,0,3.356564117655748e-40,0
site_21422,1,0.9408475917714174,1
site_13509,0,3.945585479152941e-57,0
site_14768,0,2.01348735474069e-67,0
site_11478,0,8.419140325071253e-110,0
site_13403,0,6.571836952075627e-54,0
site_15719,0,3.266254685290679e-52,0
site_21209,0,2.936515808336333e-46,0
site_06719,0,2.7841707663570356e-61,0
site_04441,0,3.2398780495724095e-30,0
site_02391,0,6.8759337393477325e-15,0
site_05733,0,4.626553282738989e-46,0
site_04515,0,1.4229050763784585e-36,0
site_03233,0,9.652813457379262e-47,0
site_21311,0,1.955629156935513e-21,0
site_08745,0,2.42573339435583e-115,0
site_21081,0,8.838274902604725e-46,0
site_20872,0,5.481887715779824e-37,0
site_03743,0,3.4075680150827255e-05,0
site_00160,1,0.9949452196330851,1
site_17179,1,0.9999992655687175,1
site_08267,0,1.536668906261081e-76,0
site_00957,1,0.9997221575552349,1
site_19111,0,0.0009282285621866706,0
site_05096,0,2.001454568298745e-59,0
site_21142,0,5.873456995214392e-23,0
site_03040,1,0.7080570134413415,1
site_00849,0,4.171575555163401e-23,0
site_00903,0,6.25328511866117e-17,0
site_08509,0,3.776255939651424e-103,0
site_03676,0,0.025544550668451866,0
site_11932,0,1.0110187411441063e-84,0
site_10306,0,7.306531781239469e-167,0
site_03816,0,8.514115979480255e-07,0
site_06844,0,1.7109841495827618e-27,0
site_20520,0,8.60888621680425e-32,0
site_15744,0,3.4628918970225617e-45,0
site_19516,0,2.3031616215805016e-06,0
site_09216,0,1.327781892290942e-147,0
site_16755,0,1.5386843403176117e-64,0
site_06554,0,1.8511001433939248e-44,0
site_10420,0,1.5998371541023882e-167,0
site_13405,0,1.7388234978089044e-52,0
site_03226,0,2.9093334154581052e-58,0
site_17074,1,0.9999743587121919,1
site_11852,1,0.999999352738546,1
site_05984,0,3.217327914761982e-28,0
site_12321,0,7.283737195107316e-67,0
site_14646,0,1.527856417290281e-34,0
site_02457,0,4.855519974590249e-15,0
site_13418,0,4.829273515893206e-42,0
site_06826,0,6.087704913973468e-34,0
site_05829,1,0.9811120338773596,1
site_20449,0,8.746407460230125e-38,0
site_10154,0,3.224092643353335e-141,0
site_04474,0,1.0519284897702586e-52,0
site_13705,0,6.251282285518097e-92,0
site_16658,0,3.609603333807102e-06,0
site_10175,0,1.2850753179380092e-165,0
site_12701,0,6.392587973567606e-53,0
site_09086,0,2.886434595487414e-08,0
site_17296,0,9.861629394690694e-48,0
site_21176,0,3.527550374025199e-32,0
site_06858,0,7.61061701275208e-39,0
site_09353,0,5.7269338287175114e-27,0
site_08324,0,1.6306305909749083e-82,0
site_07666,0,3.990942818825292e-62,0
site_14927,0,2.766668985364545e-46,0
site_09601,0,1.2328035894789125e-98,0
site_00961,1,0.9853151496116112,1
site_14111,0,4.914715191961534e-35,0
site_09437,0,1.2076136083300207e-24,0
site_14606,0,1.5334192080035997e-57,0
site_02439,0,4.139308074065156e-40,0
site_03275,1,0.9999961369945108,1
site_12333,0,6.774067023941756e-50,0
site_11496,0,1.791594144026387e-83,0
site_20728,0,0.0006346881330093239,0
site_11147,1,0.9995613262345946,1
site_01454,0,0.0021178982619401983,0
site_02331,0,4.421470421013024e-34,0
site_15983,0,3.0917460214928433e-63,0
site_09701,0,1.1427280219724573e-72,0
site_00245,0,8.816302057616434e-14,0
site_05436,0,7.251080149696858e-69,0
site_12851,0,5.263079299751869e-11,0
site_21105,0,0.00023100873779408895,0
site_00899,1,0.9998506195796122,1
site_13595,0,5.421383666979363e-96,0
site_01587,0,3.326149954311183e-05,0
site_12975,0,3.873835518128887e-06,0
site_15397,0,4.564545012088511e-37,0
site_08569,0,1.0744285661575117e-115,0
site_02945,1,0.9999924932663548,1
site_00279,0,1.456930662227874e-09,0
site_09441,0,7.284002441113917e-27,0
site_07160,0,7.77787251781861e-40,0
site_04998,0,1.625894828457136e-52,0
site_15846,0,3.059839460414328e-62,0
site_18745,0,3.9127070502336756e-49,0
site_11371,0,6.762466905123798e-31,0
site_17588,0,7.319412993033834e-26,0
site_08623,0,1.1846121193820982e-113,0
site_13780,0,4.840804207721497e-16,0
site_18760,0,3.68614890255843e-20,0
site_06449,0,1.2020562464072062e-17,0
site_02575,0,4.485097652187054e-34,0
site_12991,1,0.9991580584932895,1
site_16018,0,1.9405076396723744e-51,0
site_11217,0,8.697505145845767e-83,0
site_07855,0,5.475844511017498e-88,0
site_09101,0,1.6411335561273258e-111,0
site_21251,1,0.9999886359856798,1
site_14954,0,1.3328543790516004e-46,0
site_04134,0,1.3100620882450436e-23,0
site_06687,0,1.8818887068008917e-23,0
site_09713,0,4.659977562936367e-103,0
site_13136,0,1.4399280491011918e-108,0
site_09084,0,2.798150275327136e-07,0
site_17813,0,2.5517878654101306e-08,0
site_02053,1,0.9999954591191043,1
site_15857,0,8.037172615389748e-60,0
site_15443,0,1.9878825467331096e-51,0
site_17535,0,9.07356117224504e-16,0
site_15419,0,4.979615424976034e-53,0
site_19879,0,1.3818647764142737e-65,0
site_04019,0,4.669887243560251e-20,0
site_02090,0,1.965277501623725e-39,0
site_07211,0,5.714703245308781e-38,0
site_16449,0,2.1565065399266147e-74,0
site_12136,1,0.9999983394653218,1
site_06020,0,2.659864875164684e-40,0
site_07425,0,3.220464831386909e-46,0
site_15447,0,6.54688669231822e-54,0
site_10917,0,6.9548870071178755e-124,0
site_18869,0,3.650526984861569e-46,0
site_10957,0,8.415759583582814e-81,0
site_07846,0,2.086868534348436e-76,0
site_15052,0,9.301854898140026e-45,0
site_09968,0,5.412841596906638e-33,0
site_08089,0,4.167343371552302e-87,0
site_02670,1,0.9999999819974205,1
site_06510,0,3.2255379558331355e-37,0
site_14722,0,2.758764495513791e-37,0
site_17605,0,6.592490575944364e-27,0
site_00468,1,0.9999917035368568,1
site_19475,0,2.127475484565585e-58,0
site_11653,0,3.924770426644541e-63,0
site_02351,1,0.9999938416498558,1
site_10975,1,0.9999967417653597,1
site_08289,0,1.9563608736553157e-91,0
site_03295,0,2.788372822834016e-48,0
site_16410,0,3.1032531861871405e-47,0
site_08660,0,1.0353786053341115e-111,0
site_05824,1,0.9999853805971445,1
site_17207,0,1.5064845335723793e-20,0
site_13391,0,9.404198266212397e-71,0
site_10337,0,1.3140484105995264e-115,0
site_04211,0,7.7495562899742505e-59,0
site_19918,1,0.9928659643210729,1
site_01649,0,0.04816722755954658,0
site_15301,0,3.1479233058081387e-51,0
site_12367,0,0.000888125272801019,0
site_08909,0,1.1780756851155308e-127,0
site_17465,0,1.869863827795098e-23,0
site_07953,0,9.268954096272876e-76,0
site_13769,0,5.6447709358783986e-18,0
site_08957,0,8.716224499577828e-112,0
site_04688,0,3.5535667560180643e-38,0
site_19834,0,5.481671457741802e-50,0
site_19755,0,1.6806757860100436e-66,0
site_16575,0,5.908404602831573e-66,0
site_00249,0,1.3399222826152342e-18,0
site_13910,0,2.360194818762951e-16,0
site_13053,0,1.3833448397517392e-54,0
site_06877,0,5.983736339128892e-63,0
site_10351,0,8.804245731268488e-95,0
site_19052,0,3.4276409288253226e-47,0
site_03476,0,2.4222132840970803e-12,0
site_03039,0,0.037258890336506346,0
site_00362,0,3.9145163155240823e-16,0
site_11904,0,1.0558888000612113e-127,0
site_14096,0,8.90099096506126e-22,0
site_01634,0,1.1845303276308298e-13,0
site_07343,0,3.4554208130232394e-44,0
site_11367,0,3.066041976585273e-44,0
site_09771,0,2.4150640754369537e-141,0
site_06293,0,2.2489876866031797e-42,0
site_19013,0,6.566755284965321e-53,0
site_00828,0,4.001094121501036e-19,0
site_13280,0,7.37291285642035e-66,0
site_20182,0,1.07154144940137e-18,0
site_09654,0,5.175687779333705e-28,0
site_00832,0,1.2375044552468199e-15,0
site_12690,0,2.1941823784313467e-65,0
site_10217,0,2.6228190727483146e-98,0
site_09493,0,1.583713878548796e-105,0
site_06164,0,1.6043141931953353e-34,0
site_18283,0,6.72944241731639e-37,0
site_07628,0,3.3681899642455024e-77,0
site_07876,0,8.66475336075031e-61,0
site_08261,0,1.3176873446652347e-120,0
site_05185,0,5.543472311904374e-55,0
site_15995,0,5.052345050332415e-64,0
site_16078,0,4.246975651785677e-65,0
site_12489,0,1.3806110380951225e-08,0
site_02878,0,2.5461560700210402e-08,0
site_03630,0,1.5251662743285398e-52,0
site_05768,0,2.3023716673522794e-10,0
site_20831,0,1.446347575022835e-24,0
site_04236,0,3.538964888356695e-31,0
site_03821,0,3.070366333886944e-11,0
site_09480,0,5.189902411455091e-155,0
site_04009,0,7.510994040526883e-14,0
site_00478,0,0.4395501343110972,0
site_12108,0,2.016679751036268e-08,0
site_21465,0,1.076427453502823e-20,0
site_18128,0,5.4770494250459535e-31,0
site_03410,0,1.5084044660916276e-09,0
site_11414,1,0.999999471601937,1
site_03569,0,8.293172877216841e-39,0
site_21475,0,2.494993640688117e-09,0
site_10843,0,1.6358953748071993e-10,0
site_17708,0,2.7211391461507617e-49,0
site_14717,0,1.3608364633933879e-37,0
site_11661,0,2.71010813599137e-51,0
site_13030,0,2.247623870727443e-93,0
site_07547,0,7.977621253789374e-64,0
site_01891,0,2.3969671358549182e-15,0
site_01376,0,2.902035294063104e-19,0
site_05210,0,1.710652671799222e-57,0
site_10558,0,1.0365515334904009e-125,0
site_13220,0,0.012374612594078512,0
site_05621,0,8.127300706150845e-64,0
site_00319,0,9.420269160142168e-12,0
site_08269,0,1.4635577760974032e-78,0
site_17359,0,2.2711676258831668e-35,0
site_14949,0,3.291825537292862e-52,0
site_21520,0,7.436975892468236e-22,0
site_03164,0,2.5185320500247244e-58,0
site_08851,0,2.4776170224229323e-129,0
site_13342,0,1.0936573554961024e-05,0
site_03240,0,4.275428438171227e-40,0
site_00334,0,2.490035982831789e-06,0
site_02070,0,5.804528793740352e-23,0
site_19505,0,1.4301179052784992e-29,0
site_07056,0,5.058529908704849e-62,0
site_11089,0,5.512965630864808e-69,0
site_11552,1,0.9999996484764347,1
site_06662,0,9.509296242790108e-36,0
site_09823,0,7.567493207298659e-33,0
site_16041,0,0.020280536899697485,0
site_08683,0,7.182517960602759e-22,0
site_11026,0,2.466038040529868e-171,0
site_05354,0,1.0370879648105778e-65,0
site_00489,0,1.2305328198004779e-26,0
site_17202,0,1.387254733701542e-38,0
site_16707,0,1.689016206035817e-42,0
site_06710,0,6.690771775921371e-50,0
site_02518,0,2.5942160130959875e-29,0
site_19153,0,1.9631104932557082e-51,0
site_14712,0,1.6804124959064292e-39,0
site_17102,0,2.562647729052538e-37,0
site_02163,0,1.6799681688990887e-07,0
site_13714,0,2.7160058134994547e-76,0
site_21211,0,5.566837136263091e-29,0
site_14457,0,8.706499280645575e-32,0
site_19474,0,1.6769308952933799e-56,0
site_21200,1,0.9999913624346625,1
site_09238,0,1.5585546168135716e-70,0
site_15999,0,8.336551764301986e-65,0
site_06817,0,7.34019519338009e-43,0
site_07287,0,3.417546711441907e-41,0
site_00443,0,1.2985082301188793e-19,0
site_13329,0,2.5139235355140217e-10,0
site_17430,1,0.9999185239852539,1
site_11685,0,0.00010190467245355935,0
site_12673,0,1.84009454407726e-94,0
site_00016,0,1.537625377161032e-11,0
site_10625,1,0.995449930802047,1
site_14131,0,1.3197430172892017e-67,0
site_00336,0,2.4767201146966153e-30,0
site_03810,0,1.7862477767893056e-07,0
site_13660,0,6.216762250653335e-19,0
site_12670,0,7.44089196490025e-99,0
site_18143,0,1.8034600745253598e-50,0
site_01101,1,0.9999999459663405,1
site_21516,0,7.051669169194766e-17,0
site_10842,1,0.11791258214390672,0
site_04666,0,5.516288200718269e-49,0
site_05133,0,2.689964934098459e-56,0
site_16846,1,0.99671857099797,1
site_14232,0,5.926870726304283e-64,0
site_02715,1,0.9998339732526035,1
site_17183,0,4.429814953775461e-65,0
site_13178,0,5.426770062681896e-53,0
site_19507,0,1.5249681885594033e-27,0
site_02486,1,0.999999002673304,1
site_05608,0,1.744042347448175e-05,0
site_12337,0,2.742893238165654e-45,0
site_03310,0,6.045593290279495e-32,0
site_02112,1,0.9999999283104304,1
site_17890,0,9.63848479796298e-11,0
site_05393,0,5.860813027590813e-63,0
site_14226,0,1.8286955281706623e-69,0
site_17655,0,5.609321476508526e-36,0
site_09269,0,7.78461870082499e-27,0
site_14553,0,3.313079196251944e-33,0
site_03608,1,0.9987531342366613,1
site_07584,0,6.773214753342317e-84,0
site_15692,0,5.937957421134963e-13,0
site_21165,0,2.674534457232621e-53,0
site_20051,0,0.11940616199929342,0
site_07926,0,4.876762747895481e-108,0
site_11915,0,2.938702016756177e-109,0
site_02447,0,1.1761252209526616e-44,0
site_06359,0,8.487270550619787e-50,0
site_15778,0,1.7991409956738444e-59,0
site_18088,0,1.2754487308785871e-43,0
site_12987,1,0.9975331670970876,1
site_11171,0,6.460564442730464e-156,0
site_01070,1,0.9337309414051996,1
site_13513,0,1.1170015317395747e-58,0
site_13042,0,5.190299331241386e-75,0
site_09720,0,1.606408998251106e-94,0
site_12346,0,8.223767029828414e-26,0
site_10738,1,0.9994755082389326,1
site_00754,0,1.1548159051733388e-09,0
site_04175,0,4.78643832188013e-28,0
site_20647,0,2.1363351516997803e-35,0
site_05534,0,2.3887095228579817e-49,0
site_17355,0,1.034035156607601e-38,0
site_03933,0,1.8300347698119145e-25,0
site_12289,0,5.742171005923272e-110,0
site_00467,1,0.9999863314463548,1
site_04543,0,1.2399615384179019e-53,0
site_06994,0,2.2249845204663e-60,0
site_01557,0,3.557497128443486e-12,0
site_10104,1,0.9805081970392129,1
site_08322,0,4.090718552740246e-81,0
site_00934,1,0.9999999007580848,1
site_16585,0,2.946867248124092e-45,0
site_06963,0,4.12267721133439e-31,0
site_21214,0,1.0714556406200277e-16,0
site_19171,0,1.3216896635092003e-18,0
site_01395,0,0.0033528084324943807,0
site_09351,0,2.0361531012985954e-26,0
site_05749,1,0.9999269827496505,1
site_01860,0,3.229205989886088e-25,0
site_20318,0,1.0193306859996373e-23,0
site_11112,1,0.999997095381403,1
site_16223,0,3.6180332507776543e-51,0
site_19627,0,3.0862768612020816e-59,0
site_04279,0,1.2988373024517032e-47,0
site_04626,0,1.449945999115994e-39,0
site_14628,0,5.27895356220651e-37,0
site_12487,0,7.757657461575342e-18,0
site_02797,0,1.639456186229317e-46,0
site_07611,0,2.544388424561423e-60,0
site_05353,0,2.667235747201551e-66,0
site_12121,1,0.9999387476667327,1
site_06875,0,1.243404714682071e-60,0
site_21184,0,1.1070269199694144e-10,0
site_05312,0,1.8972528197537014e-63,0
site_20488,1,0.9999998458737824,1
site_10007,0,6.384020300835549e-14,0
site_05922,0,6.623599153525887e-23,0
site_11582,1,0.9489875810452442,1
site_14422,0,1.8777551358550753e-60,0
site_09367,0,4.0240521790591724e-138,0
site_10830,0,1.8944138057981877e-68,0
site_21411,1,0.99970598748836,1
site_00321,0,2.5888482950070307e-14,0
site_14681,0,1.830093649200852e-68,0
site_04510,0,1.8974040396889377e-33,0
site_08554,0,1.4265945968373854e-85,0
site_15319,0,5.772613326942126e-44,0
site_06860,0,4.519890578943831e-41,0
site_01037,0,1.1022451755695589e-29,0
site_20113,0,3.740470649171573e-17,0
site_04691,0,5.2644923028964925e-39,0
site_06090,0,5.1289681910702095e-55,0
site_02998,1,0.9999748314194487,1
site_08046,0,7.193179346798641e-119,0
site_10274,0,2.031744726495722e-14,0
site_10628,0,7.279958704024313e-23,0
site_14852,0,3.9479722166781064e-64,0
site_18827,0,1.4361076047237568e-26,0
site_14610,0,9.75898005706141e-52,0
site_14411,0,5.440407566008223e-73,0
site_21204,1,0.9999906803053425,1
site_13310,0,8.74330085567941e-37,0
site_04083,0,4.190151215516209e-62,0
site_06491,0,4.1960818167233966e-58,0
site_14370,0,3.110662579049612e-29,0
site_05507,0,3.376340068681522e-65,0
site_12637,1,0.9999382236473631,1
site_16249,1,0.9997953944436153,1
site_12498,1,0.99994800175469,1
site_03335,1,0.9999768470131665,1
site_03114,0,7.094910834264575e-53,0
site_10307,0,1.1704399971147773e-164,0
site_18444,0,2.8238024080929897e-49,0
site_00779,1,0.9988314867145158,1
site_05619,0,6.661367238849538e-67,0
site_17076,1,0.980241816835316,1
site_16294,0,3.8396603201600237e-25,0
site_21225,1,0.9999940239435137,1
site_16359,0,7.42112417440001e-17,0
site_03683,0,0.02442602158649789,0
site_07340,0,1.4341785804517387e-44,0
site_00015,1,0.2743686813592455,0
site_04717,0,1.029110649740482e-41,0
site_11940,0,1.9987287763833902e-67,0
site_04325,0,1.562467355578102e-36,0
site_04709,0,6.627203661134283e-54,0
site_18531,0,9.831926175790516e-40,0
site_13161,0,9.258720269131594e-72,0
site_13135,0,1.6651476581622466e-109,0
site_16099,0,7.287814585333152e-28,0
site_03322,0,3.566458326052834e-14,0
site_15899,0,1.067339541487234e-11,0
site_21215,0,3.514505637341673e-15,0
site_11189,0,5.435959630628058e-124,0
site_18670,0,6.786610421112943e-53,0
site_14000,0,4.461692096330675e-21,0
site_02684,0,7.525071044601974e-48,0
site_07689,0,3.8798598705302267e-78,0
site_19632,0,8.273992341307436e-52,0
site_21389,1,0.9998712980885467,1
site_12957,0,2.877546531969016e-34,0
site_19959,0,2.9241812773424154e-51,0
site_19900,0,2.5588641707040235e-45,0
site_08446,0,8.786208420877764e-92,0
site_01154,0,2.533164796377922e-18,0
site_02608,0,8.039356276922206e-07,0
site_06357,0,2.1715109178312324e-32,0
site_12894,0,5.514263556891937e-09,0
site_10398,0,5.1601123517037794e-05,0
site_05963,1,0.9996808196955349,1
site_14161,0,3.221841688065046e-35,0
site_17530,0,6.037706240098403e-20,0
site_14847,0,1.182471079442159e-20,0
site_02016,0,7.416718677353812e-22,0
site_03527,0,6.882023553090392e-07,0
site_15803,0,3.104527666350001e-63,0
site_15040,0,1.584634042182754e-43,0
site_07267,0,1.4640547284963766e-89,0
site_15722,0,1.4981352669383062e-55,0
site_18546,0,4.870056940375703e-10,0
site_00102,1,0.9999914468183831,1
site_10296,0,5.699124901448022e-160,0
site_03737,0,2.8413442969399846e-14,0
site_17177,0,0.0003028726620883013,0
site_02298,1,0.999999530829912,1
site_05888,1,0.9999360108100808,1
site_07057,0,4.640802115909756e-63,0
site_00477,1,0.9808078012445468,1
site_18523,0,7.623280544969316e-54,0
site_08982,0,7.506058004226282e-141,0
site_17320,1,0.7707202408473582,1
site_01223,0,2.280921794570742e-30,0
site_08145,0,2.5273908622166093e-98,0
site_00938,0,2.865332169521744e-23,0
site_12485,0,5.863619245376013e-10,0
site_07219,0,3.444985528596533e-39,0
site_04714,0,8.118123778328444e-49,0
site_03622,0,1.6682258237247667e-12,0
site_19008,0,3.9246673579967806e-50,0
site_16723,1,0.994469608405052,1
site_12630,1,0.9999186059683598,1
site_14508,0,1.175145974504759e-66,0
site_13455,0,2.360151416884296e-08,0
site_07162,0,3.700993291883253e-41,0
site_10501,0,0.6326021566305413,1
site_08440,0,1.197054376381965e-90,0
site_04617,0,3.5878177970619253e-50,0
site_10786,0,6.34318715556255e-139,0
site_17058,0,2.8644890955205907e-22,0
site_17632,0,1.7103717448177027e-44,0
site_11590,0,2.0675431528848998e-18,0
site_17115,0,5.1552262333275166e-08,0
site_17032,1,0.9999997883116798,1
site_19442,0,7.445747383328786e-18,0
site_15183,0,5.7113095832776425e-58,0
site_12666,0,6.684740918302367e-104,0
site_16851,1,0.9999912725069896,1
site_19509,0,2.7265902662501974e-22,0
site_13003,1,0.9995232695321157,1
site_06245,0,6.714150203422046e-09,0
site_13479,0,3.3256937442212383e-13,0
site_13736,0,4.714756179524264e-46,0
site_05293,0,4.492986623146974e-52,0
site_00668,0,1.4042658848402753e-06,0
site_08425,0,8.118803531396503e-80,0
site_12555,0,1.2535174141975874e-86,0
site_21392,1,0.9999685255046024,1
site_04796,0,1.2722522938755958e-48,0
site_19050,1,0.9999007867621255,1
site_20210,0,2.387364989521569e-41,0
site_19376,0,5.278844286348114e-11,0
site_11405,1,0.9999995663503021,1
site_05042,0,5.948120829234053e-53,0
site_06140,0,3.184753070382828e-28,0
site_05958,1,0.9297470677751404,1
site_21007,1,0.9999622558610782,1
site_00773,0,6.341524060942721e-09,0
site_12127,1,0.999988978037426,1
site_01706,0,1.1988562864281835e-05,0
site_20312,0,3.409625643128033e-33,0
site_12310,0,2.6639294514295153e-80,0
site_11318,0,4.051890270048704e-135,0
site_01585,0,0.0007633872300667219,0
site_11966,0,1.3400749697915935e-30,0
site_17898,0,1.712272212924702e-21,0
site_05711,0,4.593377232851523e-19,0
site_13682,0,1.1364877554136914e-12,0
site_11902,0,1.0570617495851146e-123,0
site_07603,0,3.075847687580643e-53,0
site_21092,0,9.442018768716966e-27,0
site_12397,1,0.999996735879748,1
site_18480,0,1.3203904944051301e-37,0
site_19904,0,9.695949986770355e-38,0
site_19792,1,0.9999439326373706,1
site_05689,0,6.065798979536202e-27,0
site_03549,0,1.1966337023957066e-08,0
site_17367,0,1.1076777493189045e-19,0
site_13941,0,2.5817161190674814e-58,0
site_13234,0,0.03988943962525519,0
site_04509,0,1.16414174584197e-32,0
site_07007,0,1.2277880039345762e-74,0
site_13464,0,4.906863085605136e-07,0
site_15596,0,1.7286537637099306e-59,0
site_05472,0,2.804270250976758e-70,0
site_00813,0,5.397584720988255e-12,0
site_13551,0,4.581663846255061e-13,0
site_17089,0,6.843399374831434e-62,0
site_04519,0,1.3667709024049896e-39,0
site_07308,0,2.51684834500372e-56,0
site_18937,0,7.774169187193833e-47,0
site_18133,0,9.080024400968695e-38,0
site_13241,0,5.562757363923042e-05,0
site_17402,0,4.1108562891118825e-46,0
site_15914,0,5.968831093735045e-64,0
site_11541,0,9.517022513713896e-07,0
site_08743,0,2.8141156328641536e-114,0
site_13532,0,5.3216690038384093e-42,0
site_02760,0,1.2842055258255394e-13,0
site_07889,0,7.57695299183862e-68,0
site_10952,0,4.3562061262828245e-87,0
site_01663,0,0.0005137057206874373,0
site_17293,0,7.355282965425552e-56,0
site_12869,1,0.9997998014025881,1
site_15090,0,5.874174149966057e-38,0
site_15815,0,2.4809683403469948e-42,0
site_03465,1,0.9999380301453794,1
site_11676,0,2.5529460860045533e-28,0
site_20982,0,2.510640289039188e-36,0
site_14674,0,6.3439322769874184e-52,0
site_05926,0,4.370658487690061e-75,0
site_00114,0,0.00013345323375502975,0
site_06504,0,9.954696642869844e-47,0
site_03470,1,0.9999766017495451,1
site_13257,0,9.332855510500754e-102,0
site_11188,0,2.1940940891319432e-126,0
site_12431,0,5.753265824197823e-88,0
site_17810,0,6.277449354317802e-10,0
site_04527,0,3.197915313363411e-69,0
site_19448,0,0.007488166779006878,0
site_07416,0,2.0211136130812588e-42,0
site_14942,0,7.233716244791411e-59,0
site_21053,0,2.4507044054222378e-06,0
site_01107,0,2.2156053122823948e-31,0
site_14896,0,4.633169755629711e-40,0
site_14875,0,1.2926406234845832e-44,0
site_04859,0,7.844409988589095e-57,0
site_09896,0,1.4719019313733963e-144,0
site_03917,0,6.176383870680188e-45,0
site_04595,0,3.588391252366684e-69,0
site_01551,0,6.109002346655302e-34,0
site_02383,0,9.521218376782207e-44,0
site_02796,0,3.85445952543268e-50,0
site_02781,1,0.9999964619043127,1
site_02913,0,7.106448143048057e-30,0
site_04723,0,1.730802644147116e-41,0
site_18685,0,4.8261927775501195e-27,0
site_18557,0,9.13140056140935e-38,0
site_07778,0,9.331807259470805e-68,0
site_04967,0,9.977155953837288e-56,0
site_09487,0,7.128927145145247e-144,0
site_15754,0,1.120194307297413e-27,0
site_05069,0,3.774160464848546e-53,0
site_20234,0,4.7432377251072866e-49,0
site_19453,1,0.9998856546445889,1
site_14489,0,2.5173880780221438e-40,0
site_10614,1,0.9999957530603399,1
site_16406,0,7.608592133948329e-59,0
site_02772,1,0.9999535866330703,1
site_07646,0,2.299942074783168e-100,0
site_18904,0,1.4500637849006393e-11,0
site_16306,1,0.9781641638943038,1
site_05904,0,1.1367904700331954e-10,0
site_12173,0,1.7645551411585147e-103,0
site_18228,0,2.3655411246063614e-26,0
site_01480,0,3.3749113236637726e-10,0
site_01956,0,4.484881498294443e-16,0
site_14660,0,3.8666446222789683e-38,0
site_04909,0,7.875317491071181e-60,0
site_02280,0,3.1014521635519624e-11,0
site_19832,0,3.617754707688412e-52,0
site_17303,0,2.2438309501002976e-40,0
site_15055,0,1.441539106581203e-43,0
site_02443,0,1.6380574685239667e-37,0
site_06590,0,1.1598635000939877e-35,0
site_12469,0,2.0954998815232487e-35,0
site_18653,0,7.259671299226733e-38,0
site_10340,0,3.646720125316704e-111,0
site_11692,0,0.024987525195797396,0
site_18049,0,5.208753739995227e-26,0
site_21358,0,5.799126684864686e-27,0
site_10970,1,0.014896553468453278,0
site_14997,0,1.2825922023633521e-49,0
site_00181,0,1.0001618817192587e-48,0
site_00785,0,1.282532111736546e-18,0
site_07607,0,1.3163400566986875e-56,0
site_19711,0,2.7829671955491745e-32,0
site_06071,0,1.0463830720265716e-40,0
site_04855,0,1.5165605691564747e-61,0
site_08210,0,5.646919526311384e-125,0
site_11686,0,5.610001457856663e-18,0
site_18058,0,7.076144016298768e-38,0
site_18459,0,1.0740857378325213e-32,0
site_15970,0,0.0033962902926361186,0
site_04128,0,2.742791030238884e-19,0
site_04610,0,1.1664679583559297e-57,0
site_15985,0,3.18101691801233e-67,0
site_03613,1,0.7517630965952361,1
site_17761,0,1.0411911749843921e-43,0
site_07389,0,2.45679806329922e-73,0
site_02617,0,1.9196838834650338e-41,0
site_17037,0,7.963810673194733e-61,0
site_16558,1,0.9999999567574306,1
site_17930,0,2.050020888893895e-47,0
site_00822,0,2.983817358389089e-08,0
site_08824,0,1.7706469592413998e-16,0
site_02834,1,0.9999948890552849,1
site_08252,0,6.016629846713805e-111,0
site_14514,0,1.4924710234398244e-62,0
site_06344,0,3.857736659762823e-45,0
site_19573,0,1.382055081034546e-32,0
site_01405,0,5.426291575445718e-10,0
site_10312,0,3.838736386554889e-156,0
site_01276,0,0.023796373183799954,0
site_14546,0,8.005087669296328e-34,0
site_02699,0,2.081370981131193e-18,0
site_02030,0,1.1828723220522929e-39,0
site_06139,0,1.680372168337039e-26,0
site_17020,1,0.8844400615290644,1
site_00591,1,0.9555688285324629,1
site_11167,0,9.385980734797067e-161,0
site_12908,0,2.1163122000039586e-98,0
site_16983,0,4.1351677415125065e-64,0
site_01367,1,0.9999060102997668,1
site_07488,0,1.85660880611919e-46,0
site_19379,0,0.008863996182948516,0
site_10092,0,3.5703293633737054e-88,0
site_09864,0,4.8841065678891645e-06,0
site_19213,0,4.044330135894894e-57,0
site_08248,0,1.1608474040212767e-96,0
site_09382,0,4.532766853845477e-155,0
site_20554,1,0.9999962647800287,1
site_19613,0,3.2569926310685473e-60,0
site_02045,1,0.9999971165627624,1
site_03176,0,4.2009039257105116e-42,0
site_06138,0,7.74151705930654e-25,0
site_04344,0,1.9218018977577694e-52,0
site_06646,0,2.1400447876516874e-65,0
site_17844,0,1.1405280752612412e-49,0
site_02042,1,0.9999993107804109,1
site_20485,0,5.478609513565633e-19,0
site_10493,1,0.9999709043917653,1
site_10984,1,0.9999979199531986,1
site_19360,0,2.564450966602078e-45,0
site_06333,0,3.519258314985732e-27,0
site_04290,0,8.43368762322315e-43,0
site_19698,0,7.576737571082526e-57,0
site_00860,1,0.9997215035829287,1
site_05095,0,2.3667712070371125e-57,0
site_02634,0,9.499900063737582e-28,0
site_12047,0,2.5974029864805877e-102,0
site_10677,0,1.6180522214631728e-126,0
site_06109,0,4.580489295013255e-14,0
site_01446,0,1.3851533453469907e-15,0
site_00437,1,0.9243479994843171,1
site_13602,0,4.510471531030455e-86,0
site_01164,1,0.9778821126450177,1
site_18315,0,1.4893329177814535e-06,0
site_05023,0,1.8023737545868226e-50,0
site_06769,0,3.101090035625913e-28,0
site_03107,0,1.7194899504776047e-54,0
site_16076,0,1.638249775899516e-67,0
site_04745,0,1.2887170930518872e-44,0
site_02370,0,1.5237137157954935e-34,0
site_17880,0,1.0897141518321221e-15,0
site_07799,0,1.2434354027799548e-84,0
site_01087,0,0.00030204470538754,0
site_11556,1,0.9999999829986023,1
site_18847,0,2.830888586349235e-43,0
site_15864,0,7.028563226823643e-62,0
site_05868,0,2.32468901877615e-53,0
site_01808,0,2.7937818935415245e-19,0
site_16521,0,3.933456610559143e-56,0
site_07097,0,2.4009785393484394e-38,0
site_06945,0,4.120435838208525e-74,0
site_15686,0,7.795295260606431e-26,0
site_15738,0,1.734952880352543e-58,0
site_09403,0,3.841997103894774e-58,0
site_06091,0,3.3643805196848547e-47,0
site_05856,0,1.8859961463935688e-72,0
site_00980,0,1.6399987489527526e-16,0
site_01141,1,0.9999998890277327,1
site_02475,1,0.9999446786861523,1
site_09064,0,6.823218070089031e-160,0
site_06974,0,9.579910345495734e-37,0
site_04291,0,3.334208732942759e-34,0
site_20877,0,3.973552992523075e-34,0
site_15904,1,0.9102727883979688,1
site_15263,0,1.6391397253942405e-56,0
site_17620,0,0.007991578001540977,0
site_08879,0,5.989362962134023e-14,0
site_20477,1,0.9999750544123357,1
site_16429,1,0.9970123797787575,1
site_01161,0,0.0073630480727975844,0
site_20302,0,8.851168410969506e-48,0
site_17256,0,2.3799381238612303e-31,0
site_20215,0,1.288593146453597e-12,0
site_19031,0,7.68929222565891e-34,0
site_18275,0,5.213958948797802e-28,0
site_05333,0,7.512985991183963e-24,0
site_03328,0,2.4392912988578427e-08,0
site_20650,0,3.03888955545079e-32,0
site_09709,0,1.0529953448930813e-118,0
site_14268,0,2.8695933454960567e-25,0
site_12850,0,1.121807849185162e-11,0
site_16919,1,0.9976191352633088,1
site_07347,0,5.6532170911148184e-43,0
site_18466,0,1.300172065506453e-19,0
site_02592,0,1.8494600192087637e-21,0
site_19939,0,3.744588233221219e-12,0
site_12919,0,2.8657004475255865e-81,0
site_11355,0,3.7389368242517355e-77,0
site_09777,0,1.8364316511440446e-146,0
site_01198,0,2.0064960394188865e-07,0
site_05745,0,7.634426227300887e-23,0
site_06922,0,1.5121089295657356e-45,0
site_06058,0,1.1564741292332684e-17,0
site_15838,1,0.9998876069301778,1
site_20285,0,0.16227798847782368,0
site_10111,0,4.8797527932769574e-18,0
site_04712,0,1.4816098513011918e-47,0
site_02673,0,1.3636762438902965e-18,0
site_21492,0,5.023201700521122e-16,0
site_06106,0,1.5436606956763657e-14,0
site_10477,1,0.9999952139620681,1
site_11225,0,5.200485769563648e-69,0
site_05571,0,9.986359846717622e-75,0
site_14536,0,3.114360037583273e-39,0
site_10588,0,2.1304300203954513e-50,0
site_14234,0,6.206395447286742e-62,0
site_01589,0,7.138421446440938e-20,0
site_07041,0,2.183752356110515e-43,0
site_08485,0,4.245855341973809e-85,0
site_06841,0,2.704730864881594e-26,0
site_14802,0,1.1703368940517242e-39,0
site_13601,0,3.5302042769551777e-88,0
site_18213,0,1.25086105730709e-46,0
site_11799,0,1.258465144699542e-66,0
site_20306,0,1.3222488368615215e-44,0
site_21433,0,0.00029215758023150827,0
site_17029,1,0.9999757462888543,1
site_03012,0,1.994484990743118e-39,0
site_13409,0,3.913860703642059e-50,0
site_11253,1,0.9996303712329939,1
site_18331,0,2.9194702691166455e-31,0
site_16194,0,2.3190350485844787e-67,0
site_10303,0,6.752311065396223e-166,0
site_11690,0,0.003290113113868582,0
site_13621,0,1.5820134683526378e-60,0
site_02927,0,9.341371808453349e-17,0
site_03248,0,5.4619377716182975e-24,0
site_00945,0,8.211922518498134e-26,0
site_13298,0,1.2015563941311516e-34,0
site_20271,1,0.9999996056656532,1
site_12887,1,0.9923815760684666,1
site_17756,0,3.226578263070751e-32,0
site_06288,0,7.871709336140755e-32,0
site_13111,1,0.8101915771900227,1
site_15996,0,2.201501454847486e-62,0
site_17670,0,1.058747145001837e-12,0
site_02359,1,0.999999573690103,1
site_03377,0,2.195576255770712e-27,0
site_20142,0,2.2146983759008487e-16,0
site_15823,0,4.937900126897839e-28,0
site_06000,0,2.1599968767477602e-74,0
site_18335,0,7.723419765941383e-30,0
site_00978,0,5.856258663171423e-22,0
site_08906,0,7.4614159410593435e-124,0
site_11558,0,1.0250331786813449e-19,0
site_12904,0,7.449127210851423e-105,0
site_21168,0,1.7827633769688416e-09,0
site_00592,1,0.9654487728028496,1
site_19759,0,1.8072817575266935e-65,0
site_20598,0,2.9197906135988723e-13,0
site_04977,0,8.677525916217031e-51,0
site_13854,0,7.630003611036308e-40,0
site_15151,0,2.2251005247754564e-49,0
site_13363,0,2.5781076518882482e-17,0
site_02452,0,2.7167374165380346e-35,0
site_01495,1,0.999922516754992,1
site_20208,0,1.9739515961782495e-07,0
site_04508,0,2.1741820110140313e-32,0
site_17438,0,2.093142019720348e-48,0
site_02887,1,0.99998990583603,1
site_05675,0,1.7674358188438646e-52,0
site_08511,0,7.996736756855802e-109,0
site_12242,0,0.0015692836769749948,0
site_12805,0,3.837579048568759e-71,0
site_14534,0,1.831602553559556e-37,0
site_00356,0,3.542264098996423e-09,0
site_13188,0,1.4740832566517515e-38,0
site_13855,0,1.6673246975334437e-32,0
site_07253,0,5.705924775823911e-71,0
site_18015,0,5.569684966144045e-38,0
site_15067,0,5.409724731378973e-44,0
site_07518,0,1.8153126609284283e-65,0
site_16085,0,8.898992935568435e-51,0
site_16010,0,7.401823154166708e-62,0
site_07815,0,1.1094095498193065e-108,0
site_05404,0,1.4143296512710024e-61,0
site_14020,0,3.1733706704189375e-80,0
site_07862,0,8.789724153589912e-100,0
site_03824,0,5.370877958537656e-16,0
site_18362,0,1.1171369911536534e-41,0
site_04461,0,2.567608649157107e-61,0
site_10485,0,2.8849679407089454e-14,0
site_20367,0,5.931959241423747e-58,0
site_03946,0,3.5323790423914403e-11,0
site_04794,0,1.2241765958835831e-47,0
site_19936,0,3.705869996788331e-10,0
site_07543,0,1.5529663099600343e-87,0
site_20172,0,9.370631710102773e-35,0
site_05861,0,1.3134402733617837e-64,0
site_05156,0,1.8381293879358125e-56,0
site_09986,1,0.9999980707887075,1
site_04533,0,7.467657409882451e-57,0
site_03799,0,7.09277018024727e-24,0
site_09328,0,0.0017041835344989635,0
site_03249,0,4.49914638662489e-30,0
site_13912,0,3.3887060606904193e-19,0
site_18204,0,4.879239591425022e-34,0
site_20326,0,2.9000469870038e-13,0
site_17196,0,4.072904685073335e-47,0
site_13203,0,8.842469156603716e-19,0
site_18464,0,1.889708317111946e-23,0
site_15923,0,1.984342347633027e-63,0
site_05214,0,2.7764100887167523e-64,0
site_00164,0,0.0001282080487186581,0
site_17376,1,0.6820722992822491,1
site_18237,0,7.746588083057471e-39,0
site_21440,0,0.47296678801218806,0
site_16485,1,0.9823670699080439,1
site_07088,0,1.8798795452052164e-34,0
site_18354,0,7.223414075378967e-33,0
site_10150,0,2.369043506025386e-27,0
site_09574,0,1.2188790813896119e-157,0
site_13478,0,8.834914647268823e-13,0
site_12490,0,3.0567330914745213e-07,0
site_00215,0,0.007320954446833142,0
site_15919,0,3.4730922717766954e-65,0
site_18234,0,1.397680213731368e-25,0
site_03483,0,5.565357481709313e-61,0
site_17457,0,5.493226465309634e-42,0
site_08747,0,2.580339436225627e-116,0
site_11997,1,0.9999974855786762,1
site_08113,0,1.020100945324679e-73,0
site_21540,0,2.554665344239245e-17,0
site_16854,1,0.999999366004247,1
site_07638,0,2.6663477329776007e-87,0
site_13608,0,3.1455953020724446e-77,0
site_04161,0,8.286892894795972e-44,0
site_08236,0,2.238320379003882e-91,0
site_08310,0,3.526005431441204e-118,0
site_10460,0,2.0900217009484165e-98,0
site_18386,0,3.329320061418448e-26,0
site_15706,0,1.437401698412466e-55,0
site_13552,0,5.191190007531777e-16,0
site_05578,0,3.9053201447214863e-63,0
site_10471,0,3.072424567812578e-22,0
site_12100,0,5.378619082427699e-23,0
site_05736,0,2.315289539094223e-52,0
site_19609,0,3.1474047837735743e-59,0
site_20543,1,0.9999868323875324,1
site_15479,0,1.5474364855001955e-11,0
site_09579,0,3.379648810080919e-150,0
site_05129,0,1.1613536501810258e-55,0
site_12167,0,5.461593830876501e-108,0
site_09687,0,4.4698806930895226e-159,0
site_05642,1,0.9999989776374715,1
site_18519,0,1.7189923627183655e-49,0
site_19051,0,1.696980210012031e-26,0
site_03010,0,3.009776253098847e-44,0
site_20015,0,2.734565785174548e-67,0
site_01497,1,0.9983710710093515,1
site_05767,0,1.8569359337679993e-07,0
site_07793,0,5.546880981700931e-81,0
site_17417,0,2.595512975565696e-21,0
site_18316,0,2.0141798004405045e-56,0
site_20018,0,9.704345272598993e-60,0
site_12353,0,9.341949719101919e-23,0
site_20918,0,4.3770743630664105e-49,0
site_09743,0,4.515200297711683e-19,0
site_05801,0,7.908714623993183e-50,0
site_00805,0,6.167494735277972e-20,0
site_14599,0,3.0127738721353653e-63,0
site_09845,1,0.9999977080569417,1
site_21483,0,1.1951181468089677e-08,0
site_06899,0,1.262873833658061e-28,0
site_03858,0,6.78397884548364e-36,0
site_05481,0,4.898458664396522e-69,0
site_13292,0,8.12113105648891e-52,0
site_18147,0,1.5494789813903807e-47,0
site_03966,0,4.552131696805222e-58,0
site_15395,0,2.48939526175503e-41,0
site_19190,0,1.113310293287862e-49,0
site_06685,0,6.281236768481896e-23,0
site_19531,1,0.9999978509923108,1
site_06240,0,1.9237176757876474e-14,0
site_06736,0,1.3043054003195454e-42,0
site_10339,0,1.4813541439578179e-114,0
site_14078,0,2.0616393563928567e-23,0
site_01610,1,0.8518744339986238,1
site_12378,0,3.425622581280535e-21,0
site_14076,0,2.4419706393813618e-24,0
site_13985,0,1.0801068369159002e-20,0
site_01038,0,3.999422462369104e-30,0
site_16138,0,6.273316126418554e-65,0
site_00297,1,0.9524896024650151,1
site_07951,0,3.2071445094962086e-73,0
site_21110,1,0.9997072470420468,1
site_01462,1,0.9997933444233759,1
site_01809,0,1.5628336824009712e-17,0
site_19471,0,9.20023241402963e-57,0
site_07115,0,1.0107644293341881e-54,0
site_07715,0,2.3924181398600287e-59,0
site_20138,0,1.7699362399202593e-16,0
site_09096,0,2.0926511319409686e-28,0
site_11620,0,6.053495671042112e-117,0
site_10335,0,4.094484385984393e-119,0
site_10456,0,1.9961392424505384e-104,0
site_01039,0,6.206197225881453e-31,0
site_17740,0,9.951570333988999e-31,0
site_12212,0,2.9485517722176197e-44,0
site_05990,0,1.5170526796241572e-37,0
site_19227,0,6.67956717510329e-40,0
site_14817,0,4.2707516714061383e-38,0
site_00077,0,2.6009259346168234e-25,0
site_07961,0,2.005159103502068e-79,0
site_13049,0,1.7794994316741713e-50,0
site_07973,0,1.7837414823129112e-98,0
site_07424,0,6.584846050939637e-45,0
site_16646,0,6.479237157499864e-44,0
site_21324,1,0.9991909647661268,1
site_14590,0,6.174793445255311e-72,0
site_08804,0,8.827897440182512e-130,0
site_03392,0,8.717740568695042e-08,0
site_03490,0,5.656318091998192e-50,0
site_06885,0,3.932370765918654e-70,0
site_19397,0,5.4890601132523855e-55,0
site_13857,0,4.911104486010164e-29,0
site_19849,0,4.010686702826954e-09,0
site_01783,0,1.0759225378310136e-11,0
site_10882,1,0.9992442521171524,1
site_09569,0,3.781950758879344e-165,0
site_07326,0,5.8658252087447626e-77,0
site_09706,0,7.702962805412981e-125,0
site_01120,0,4.670051306243401e-09,0
site_18865,0,1.8914390510124247e-43,0
site_13370,0,3.0783178493814914e-101,0
site_18083,0,3.2430267097741182e-43,0
site_10309,0,2.0722820786338253e-160,0
site_09082,0,7.149654362684457e-06,0
site_15866,0,2.8209579537550817e-63,0
site_18373,0,1.996168289507021e-50,0
site_14122,0,6.4120297963837734e-77,0
site_18914,0,6.092529136356187e-46,0
site_04597,0,4.555376710939223e-69,0
site_12568,0,1.0830915122975652e-66,0
site_15890,0,2.4932690289126937e-31,0
site_14995,0,1.5950709162943186e-47,0
site_19572,0,4.2945994976381196e-33,0
site_02488,0,3.7645305678265304e-13,0
site_20991,0,3.103824848085445e-23,0
site_18071,0,2.1682697348152777e-47,0
site_04848,0,4.451536136217387e-51,0
site_21086,0,1.2780827773772613e-35,0
site_11317,0,1.2720940525338805e-134,0
site_20803,0,1.1157860859396178e-19,0
site_12090,0,6.341540916228012e-32,0
site_17437,0,2.0525883312850191e-41,0
site_02382,0,5.344190793935355e-46,0
site_02910,0,6.535927763340466e-42,0
site_07009,0,8.169357235886429e-80,0
site_06873,0,4.87896489593177e-58,0
site_07469,0,2.8520021986564275e-87,0
site_15076,0,6.5050242424187795e-49,0
site_08500,0,3.121534353723643e-95,0
site_15693,0,1.2186854973148285e-05,0
site_15062,0,1.99145750395218e-43,0
site_15164,0,1.052585455263175e-45,0
site_15827,0,2.1639211758085376e-19,0
site_12570,0,3.975527090955864e-64,0
site_04620,0,1.9614843070577322e-39,0
site_14821,0,6.304875657576708e-39,0
site_12237,0,5.550146814769849e-09,0
site_01167,1,0.9999892024804463,1
site_02470,0,3.225537333275426e-25,0
site_05737,0,1.3807705009564637e-50,0
site_15705,0,2.4548120543008705e-60,0
site_03543,1,0.9407884392414527,1
site_03922,0,7.627108278766259e-38,0
site_20400,0,1.1554567901307982e-05,0
site_01250,0,2.401751559026568e-26,0
site_04078,0,3.4194055088454057e-25,0
site_06602,0,2.8676975972228375e-20,0
site_02124,0,7.890461380444906e-22,0
site_04464,0,5.1043126125700956e-64,0
site_10793,0,8.904943865722813e-134,0
site_00263,1,0.9999993675175783,1
site_02451,0,1.4170374811555952e-36,0
site_14217,0,4.1023820887281094e-79,0
site_00882,0,1.6136191013003168e-22,0
site_02123,0,2.681578778735209e-21,0
site_11523,0,9.237903980051856e-38,0
site_03509,0,3.3969918819784014e-33,0
site_18599,0,6.725607158565385e-49,0
site_11759,0,7.348180671238775e-130,0
site_20494,0,8.108042080887902e-16,0
site_19741,1,0.9999998514724645,1
site_19805,0,2.5168273697842194e-26,0
site_11707,1,0.9999999099324172,1
site_11134,1,0.9999992223930361,1
site_02177,1,0.9999991432420292,1
site_00582,0,9.487299803514194e-17,0
site_15029,0,1.6000567269090463e-52,0
site_04294,0,4.217747666710492e-34,0
site_08708,0,3.2507987476476153e-119,0
site_20247,0,1.138873362415548e-26,0
site_02037,0,5.995801943433049e-17,0
site_00269,1,0.9023910060344997,1
site_05198,0,7.923948456404254e-59,0
site_16412,0,2.094868650329319e-29,0
site_02858,0,5.6177325768721675e-36,0
site_10543,0,2.3448279649065142e-150,0
site_10095,0,9.25559564155149e-80,0
site_02129,0,7.38505514767142e-23,0
site_00713,0,1.4334975064526447e-07,0
site_21352,1,0.9999865124614477,1
site_12381,1,0.9999995450589234,1
site_02953,1,0.9999999592642458,1
site_21474,0,6.319053532102092e-07,0
site_01832,0,6.565283658802299e-13,0
site_18118,0,2.1828087646901242e-16,0
site_00424,1,0.9999751116579649,1
site_08021,0,6.353891787590097e-84,0
site_03547,0,0.0016123756269976958,0
site_18779,0,8.172577272223181e-40,0
site_19137,0,3.831128943902172e-48,0
site_00746,0,6.6133560219261505e-12,0
site_21261,0,4.3559991895430215e-15,0
site_15526,0,2.088107197559572e-55,0
site_06684,0,7.754750588748088e-23,0
site_17139,0,7.52305233331742e-58,0
site_10472,1,0.9998932025473444,1
site_12423,0,1.5409675256146275e-100,0
site_07990,0,4.2891883754425816e-63,0
site_15167,0,7.758678860096589e-41,0
site_08437,0,9.28747756092145e-89,0
site_03075,0,2.2575673902493263e-21,0
site_09289,0,1.615721915922615e-141,0
site_07027,0,4.329606972693336e-33,0
site_03936,0,2.4114223783148776e-17,0
site_13543,0,1.63125122133732e-27,0
site_09527,0,3.6115950695151557e-22,0
site_11994,1,0.9999876123913221,1
site_10196,0,1.2308070810525316e-132,0
site_04705,0,1.0419658241236222e-49,0
site_03425,0,1.7251362629632455e-49,0
site_13911,0,1.329086130407239e-19,0
site_09685,0,8.558211739281408e-162,0
site_12163,0,3.684596570906371e-119,0
site_03359,0,1.1752403676062074e-49,0
site_06750,0,8.648528787607491e-29,0
site_13381,0,5.03803394965084e-86,0
site_16968,0,8.805428576617622e-11,0
site_13518,0,3.2185890818582114e-53,0
site_13898,0,8.654276745081142e-19,0
site_19809,0,1.6806511647469802e-25,0
site_01058,1,0.9999891389551071,1
site_06432,0,6.637933358136257e-33,0
site_00292,0,0.00273660056404715,0
site_05307,0,8.303447498308212e-62,0
site_10215,0,7.833482432809173e-103,0
site_01595,0,1.891416492343955e-21,0
site_04488,0,2.257021253931856e-40,0
site_11596,0,2.1900871564297288e-154,0
site_15991,0,3.1051675644850145e-64,0
site_00280,0,5.7153073223373805e-11,0
site_04772,0,7.092293052830823e-44,0
site_08023,0,9.123549205097075e-75,0
site_06498,0,4.2738334277727265e-34,0
site_06700,0,5.947161054098256e-35,0
site_05846,0,1.0765050753350333e-34,0
site_04826,0,1.4232026228688635e-44,0
site_04682,0,6.359676444175403e-38,0
site_06488,0,1.8515668850837245e-53,0
site_07868,0,1.0969001602001758e-105,0
site_19029,0,2.457986911849811e-36,0
site_17821,0,9.45589745549076e-54,0
site_20245,0,2.157978421043872e-29,0
site_17255,0,1.3980069324986433e-34,0
site_11995,1,0.9999976807100491,1
site_20279,1,0.99997368694787,1
site_18277,0,4.299890186694064e-30,0
site_01767,0,2.062954424825848e-15,0
site_06002,0,1.6392851666137885e-71,0
site_12905,0,8.315361224823787e-104,0
site_11609,0,3.3777799662259317e-127,0
site_12542,0,3.325091373077432e-107,0
site_19472,0,1.5180964529632466e-55,0
site_20373,0,2.0794431721047415e-47,0
site_02171,1,0.9999995385137739,1
site_21500,0,1.7364943114082917e-12,0
site_10837,0,2.985248328871862e-10,0
site_07899,0,4.3716882307100966e-76,0
site_17840,0,7.167994416702438e-48,0
site_19530,0,3.295165570688869e-10,0
site_14583,0,9.294971646697289e-46,0
site_08990,0,9.029570445975101e-148,0
site_19011,0,7.007832669425029e-52,0
site_00802,0,1.1432722118257232e-16,0
site_01993,1,0.9999108898854078,1
site_17543,0,6.810482738527591e-51,0
site_08801,0,2.7675466017039242e-126,0
site_18060,0,6.033058074405346e-41,0
site_15633,0,1.9589392805846992e-58,0
site_01615,0,6.749995594650302e-55,0
site_08690,0,2.820390828854978e-103,0
site_04244,0,9.624890873946857e-24,0
site_18802,0,1.473434400310471e-46,0
site_00854,0,1.2137304702608796e-10,0
site_15544,0,4.8161582942231375e-33,0
site_00720,0,5.184862583692537e-12,0
site_08453,0,1.2369943920608363e-96,0
site_03117,0,2.4907882555170374e-47,0
site_18537,0,2.431792771817853e-27,0
site_07732,0,1.2991629485558671e-73,0
site_12023,0,2.7514902778970465e-139,0
site_21362,1,0.9995301172479064,1
site_19635,0,1.6005730468557938e-46,0
site_08849,0,4.1237680455763766e-125,0
site_09700,0,5.551652534263257e-140,0
site_01499,1,0.24120548961221888,0
site_14591,0,1.0072039025825259e-69,0
site_10877,0,2.558766595558469e-30,0
site_02581,0,3.1913378841592084e-27,0
site_06105,0,1.0000647479733864e-30,0
site_01337,0,2.7651767695539005e-22,0
site_10260,0,1.1183301409204593e-06,0
site_16916,1,0.9998115246509276,1
site_18439,0,7.298991027804532e-43,0
site_01929,1,0.9999952547020772,1
site_11441,0,2.898968476278585e-14,0
site_16122,1,0.9999818102369327,1
site_09982,1,0.9999998682791833,1
site_02733,0,6.905628554803222e-49,0
site_12824,0,9.307443868255732e-48,0
site_11557,1,0.9999999310036244,1
site_07168,0,7.501866052400625e-46,0
site_02995,1,0.9999889911328735,1
site_19649,0,1.5033077950071334e-19,0
site_13636,0,1.0523619005075221e-47,0
site_12848,0,5.1609295755565617e-26,0
site_19005,0,3.3993482568830794e-48,0
site_09174,0,1.4367404798683358e-27,0
site_18420,0,2.0138132584868053e-29,0
site_15992,0,2.5310132480491034e-64,0
site_09021,0,9.978004686112267e-110,0
site_15584,0,1.582586075477197e-53,0
site_20475,1,0.9998928781525102,1
site_08313,0,1.2016965343712923e-122,0
site_20116,0,2.9179464303155693e-12,0
site_15511,0,1.0526764665298616e-52,0
site_18122,0,6.889280386023958e-24,0
site_02566,0,1.3758541960171066e-39,0
site_14253,0,1.2210954180994098e-42,0
site_13964,0,1.730595465941309e-33,0
site_08070,0,1.2580159334783452e-78,0
site_20944,0,6.902607184119011e-06,0
site_01661,0,0.004414477195422087,0
site_06697,0,6.90766862897885e-32,0
site_20437,0,2.078233093290298e-56,0
site_15886,0,3.6338379292659387e-37,0
site_07999,0,2.8460608507625468e-68,0
site_19804,0,1.2074033753727708e-28,0
site_09972,1,0.9996647770065181,1
site_06708,0,2.6993829663895784e-47,0
site_05947,0,2.4733488437078375e-38,0
site_01270,0,4.9280284091738694e-12,0
site_03902,0,5.581533979143261e-56,0
site_18374,0,6.157803931831344e-48,0
site_19249,1,0.9999858310225112,1
site_11585,0,1.0996861999447119e-09,0
site_19210,0,7.43480874560567e-56,0
site_02931,0,1.253976487822585e-08,0
site_14662,0,1.2849000296965032e-40,0
site_09483,0,2.2818826632706395e-147,0
site_06545,0,1.3233406305500343e-31,0
site_18152,0,7.331463607876335e-35,0
site_10608,1,0.9999999818075579,1
site_13129,0,2.7220171820121035e-09,0
site_11736,0,0.004495522956724107,0
site_05563,1,0.9999991926565902,1
site_09767,0,9.521274582644942e-27,0
site_10809,0,6.115627257646647e-110,0
site_13569,0,1.0874466435184703e-10,0
site_08029,0,6.14527802044605e-84,0
site_09313,0,2.0137708383258422e-48,0
site_16910,0,7.036203210962833e-29,0
site_16411,0,1.7731411444584367e-50,0
site_20687,1,0.9999998200498994,1
site_02349,1,0.9999976921457723,1
site_17500,0,5.861407453180471e-51,0
site_13939,0,1.4484076198344892e-59,0
site_21332,0,2.5556027024077866e-06,0
site_20668,1,0.4820952279741817,0
site_19195,0,5.435354206319136e-49,0
site_06433,0,6.310109263330214e-40,0
site_05494,0,4.163647321427272e-45,0
site_05328,0,5.919962813146677e-53,0
site_01857,0,4.468897672126222e-23,0
site_11368,0,3.6541625915497025e-44,0
site_19580,0,9.30601874996368e-19,0
site_12302,0,3.821577605598542e-97,0
site_04098,0,1.564446623771568e-44,0
site_13998,0,3.4622775984948215e-20,0
site_17363,0,2.768368390713656e-25,0
site_10110,0,5.284068719905817e-21,0
site_15105,0,1.718656870558489e-57,0
site_16836,0,2.9600936015946645e-18,0
site_03759,0,1.8931716501456217e-64,0
site_11497,0,8.439686731211158e-83,0
site_18119,0,6.714480626570536e-22,0
site_14574,0,7.525935951136497e-38,0
site_16652,0,1.236860745139449e-18,0
site_09099,0,5.2663242142428576e-111,0
site_15774,0,7.082082982724549e-62,0
site_21272,1,0.9963584781064713,1
site_17285,1,0.9998671013498792,1
site_12427,0,2.9743603529272643e-94,0
site_07017,0,1.1715472507884456e-33,0
site_19293,0,5.2598952531555424e-43,0
site_03071,0,1.6508160796853546e-33,0
site_20874,0,3.7012810927138437e-35,0
site_03173,0,5.608109390225497e-47,0
site_12733,0,1.7896981070312398e-12,0
site_06754,0,1.5147263625973932e-24,0
site_00929,0,1.5401715066695018e-33,0
site_17581,0,3.4118842421017394e-28,0
site_02344,0,0.004512878489892374,0
site_06008,0,7.589941706956488e-63,0
site_12648,0,1.4829408834677657e-06,0
site_01567,0,2.771466412974911e-15,0
site_04789,0,8.622900468805713e-44,0
site_07528,0,2.0013037459298085e-78,0
site_11175,0,3.316511812920901e-148,0
site_04037,0,5.638662394869465e-40,0
site_17647,0,9.062206098785579e-51,0
site_19112,0,0.20559636124715513,0
site_06960,0,6.888943283822432e-31,0
site_13146,0,9.519195007394265e-95,0
site_06110,0,5.481095692391176e-10,0
site_09032,0,6.361055464657574e-117,0
site_13300,0,3.40191273297854e-36,0
site_18114,0,7.542199604344893e-20,0
site_03464,1,0.9997454355225726,1
site_03291,0,3.1318230505392264e-55,0
site_04732,0,2.2095400826252074e-39,0
site_14637,0,5.031136693048227e-35,0
site_19492,0,2.011191800820305e-55,0
site_20235,0,1.4751722804999808e-46,0
site_02085,0,2.6869985459282887e-26,0
site_00384,1,0.9999955039331792,1
site_05382,0,2.3347014438490557e-57,0
site_11212,0,3.197754467897995e-88,0
site_09900,0,1.9572983653507013e-146,0
site_06732,0,4.66636324564953e-53,0
site_12091,0,7.203291762959604e-31,0
site_19988,1,0.9999358356559399,1
site_00544,0,0.00018694497071629226,0
site_20058,1,0.9999923833317057,1
site_14767,0,3.581123606397125e-68,0
site_00284,0,2.945192723409525e-17,0
site_05407,0,2.1199739814309714e-56,0
site_19083,0,4.6027532098645045e-55,0
site_16454,0,7.938721313054801e-72,0
site_15492,0,1.758636752126891e-54,0
site_02218,0,1.2002559239074217e-14,0
site_03578,0,4.0747825560162445e-33,0
site_11151,0,0.0013473764830715315,0
site_17163,0,8.95878621962193e-09,0
site_14761,0,6.03589235000818e-39,0
site_12390,0,6.418381647989774e-19,0
site_19457,1,0.9999754978822256,1
site_05264,0,9.507742465573186e-61,0
site_07566,0,6.722100483497272e-65,0
site_13934,0,5.291652185424148e-62,0
site_03580,0,8.133428439192261e-34,0
site_19638,0,1.26561617679908e-40,0
site_09459,0,1.2682955770451911e-145,0
site_20288,0,1.6718569078901208e-07,0
site_07065,0,7.577451313720876e-73,0
site_16400,0,9.88526224049547e-66,0
site_08076,0,2.9432341721021397e-75,0
site_14448,0,4.44915282619948e-32,0
site_00403,0,2.6035530599238673e-18,0
site_16233,0,1.2856285752264219e-24,0
site_06969,0,4.418688758698304e-32,0
site_05050,0,9.774721762627997e-58,0
site_04127,0,4.668641896178859e-19,0
site_17817,0,5.25179649366006e-13,0
site_01339,0,1.6983897961844098e-18,0
site_12027,0,2.4461214953703824e-132,0
site_09834,0,1.293810650474596e-91,0
site_10433,0,3.716633047111811e-146,0
site_01060,1,0.9999952288609485,1
site_20193,0,0.025179732276496194,0
site_17067,0,9.92045798608863e-07,0
site_02708,0,1.290976122577972e-06,0
site_20640,0,3.027665763907665e-43,0
site_20450,0,5.422521264754221e-37,0
site_02068,0,1.7368274910559915e-21,0
site_21298,1,0.8629129955795077,1
site_16344,0,2.8464997995660426e-56,0
site_13503,0,9.666316871496899e-61,0
site_05762,1,0.9993463352952069,1
site_20341,1,0.9999986947319783,1
site_09108,0,1.1877421624596861e-119,0
site_04485,0,1.143989401248185e-44,0
site_05459,0,1.6316900603954332e-65,0
site_00804,0,3.7243498454632632e-19,0
site_03277,1,0.9999918551562285,1
site_06541,0,3.2859336618196847e-26,0
site_20456,0,1.584779282106137e-27,0
site_00364,0,1.4636639630541793e-18,0
site_13921,0,5.310633379490402e-80,0
site_10172,0,4.706476616526396e-167,0
site_06632,0,2.7065942812572616e-49,0
site_07691,0,2.5642778904870458e-85,0
site_00959,1,0.9999936477684561,1
site_11782,0,3.485808366639644e-95,0
site_11754,0,1.009261576541066e-130,0
site_13004,0,0.031226808197764414,0
site_17705,0,1.210030654287204e-47,0
site_04566,0,1.025250789340066e-34,0
site_19985,1,0.9983089712565487,1
site_06707,0,1.9062899530052236e-45,0
site_15534,0,8.047492356460478e-52,0
site_06846,0,3.42352773378918e-28,0
site_01939,0,7.238329184544221e-13,0
site_13949,0,1.7037352263774891e-43,0
site_17232,1,0.999976049313223,1
site_17503,0,6.807817097824519e-44,0
site_17222,0,1.4284038899195906e-21,0
site_11981,0,1.7137339831461794e-05,0
site_04048,0,2.753678119340913e-37,0
site_10509,0,0.2416309877852056,0
site_13967,0,5.244305107806349e-30,0
site_08090,0,7.220670707025903e-101,0
site_04782,0,3.0399328988706024e-41,0
site_21136,0,2.345118171991977e-30,0
site_16943,0,1.5054086516882325e-32,0
site_18880,0,2.3348044981232186e-55,0
site_21310,0,2.1699725299178653e-22,0
site_20500,0,6.73264777898747e-63,0
site_09938,0,1.8147660326889995e-108,0
site_20756,0,8.928035093062157e-49,0
site_12496,1,0.9871765039607283,1
site_11438,0,0.0004319287624789507,0
site_13417,0,1.532067807675412e-43,0
site_20000,1,0.9999999501856325,1
site_12294,0,5.457804898882568e-108,0
site_04516,0,8.973539040044322e-38,0
site_11185,0,5.254262958500321e-130,0
site_08789,0,1.2744340467523492e-110,0
site_10772,0,1.1616652080338801e-169,0
site_06191,0,3.768263020119383e-10,0
site_14640,0,3.341586492249775e-34,0
site_18446,0,4.734927813683521e-49,0
site_20603,0,0.009118562098787546,0
site_15409,0,3.1132168159176802e-15,0
site_15852,0,4.4182012046290744e-62,0
site_18394,0,3.504578144336097e-39,0
site_11562,1,0.7590484237259503,1
site_04542,0,1.7366956516411971e-54,0
site_15202,0,4.3865852145701175e-49,0
site_05594,0,1.9748756571086564e-18,0
site_17733,0,5.165293133796222e-11,0
site_13555,0,2.3846287411137494e-13,0
site_09194,0,2.986207282052862e-123,0
site_18452,0,4.848266326031924e-46,0
site_06405,0,5.999795875076419e-34,0
site_00623,0,4.600303231106885e-09,0
site_03128,0,3.457557015496923e-32,0
site_13562,0,2.2042114295337194e-11,0
site_17014,0,4.094688682901861e-11,0
site_11949,0,7.581961596373093e-58,0
site_17906,0,5.62873274124551e-25,0
site_13090,0,7.84119015928399e-14,0
site_00009,0,4.357673619666306e-07,0
site_18553,0,7.337290037268874e-41,0
site_15750,0,2.0055858898900858e-35,0
site_13933,0,1.441038172823612e-63,0
site_17059,0,1.7145930308143673e-21,0
site_08483,0,3.174051647307468e-85,0
site_16190,0,1.4786277124562593e-27,0
site_03343,1,0.9999967176042176,1
site_09577,0,9.986612136772726e-153,0
site_05850,0,9.588478959063164e-24,0
site_14499,0,5.129539343772286e-72,0
site_06824,0,2.662709495835881e-37,0
site_17119,1,0.9372775743368056,1
site_14140,0,1.7017787629585082e-59,0
site_01512,0,1.9038323936863632e-07,0
site_13185,0,5.20616460254945e-41,0
site_04818,0,3.672569887924271e-35,0
site_11712,0,8.443892493329062e-11,0
site_13965,0,2.061506974684143e-30,0
site_06843,0,9.892902100399306e-27,0
site_14003,0,2.0774698514962608e-22,0
site_03444,0,3.6020853327936854e-23,0
site_13007,0,0.6562003970695949,1
site_12928,0,4.0995776110755945e-69,0
site_19143,0,6.641277704959442e-55,0
site_13387,0,6.862007311180823e-74,0
site_07781,0,2.6280342612675742e-71,0
site_04575,0,3.658272872893285e-33,0
site_17234,0,3.0888792545830656e-63,0
site_02871,0,2.2106263642519932e-18,0
site_14136,0,1.8264782905388065e-63,0
site_02532,0,1.0139957676685793e-17,0
site_12095,0,7.301238043288593e-30,0
site_20496,0,2.219785498341645e-05,0
site_18481,0,1.3893835178236783e-28,0
site_20042,0,2.081576047457695e-17,0
site_04251,0,2.9211953201779596e-24,0
site_02847,0,6.111631201527445e-49,0
site_14770,0,4.756654970870151e-67,0
site_09463,0,8.554575668588256e-151,0
site_10243,1,0.9999999541528636,1
site_19815,0,1.2809300750253964e-64,0
site_20263,0,0.4436928506905381,0
site_10204,0,2.846354934904511e-119,0
site_20204,1,0.9999982336185854,1
site_11688,0,0.0014261795783263706,0
site_09244,1,0.9988746001333809,1
site_10766,0,4.397314323908334e-22,0
site_08352,0,2.2934710982739454e-101,0
site_05615,0,8.687031795574158e-79,0
site_14063,0,6.164001535376497e-35,0
site_11075,0,2.169818087004215e-95,0
site_14737,0,1.7009224481648275e-36,0
site_01553,0,7.638872784379683e-05,0
site_11360,0,2.557267276459078e-70,0
site_10120,1,0.9982044087513849,1
site_06127,0,2.6459991339504314e-06,0
site_06868,0,4.364427386035052e-52,0
site_13074,0,2.478909767044707e-37,0
site_19325,1,0.9999234447067461,1
site_09176,0,3.444182373153928e-29,0
site_02221,0,7.151356735907213e-10,0
site_05376,0,5.041180399909447e-35,0
site_06196,0,2.9015813253547503e-16,0
site_13531,0,5.761998472834725e-42,0
site_18613,0,1.0284550092544444e-23,0
site_18330,0,1.8668974047688902e-32,0
site_13195,0,3.1621468151112775e-35,0
site_12043,0,8.6429237662483e-104,0
site_20347,1,0.9991538402057283,1
site_16467,0,3.5109913190884045e-56,0
site_12211,0,1.1342594669211628e-38,0
site_21075,1,0.9992129100372018,1
site_02852,0,5.050984828185184e-40,0
site_02384,0,1.1102488822792599e-41,0
site_08375,0,1.3988682458010413e-82,0
site_14838,0,2.4963490131098355e-49,0
site_15173,0,1.2765045929473876e-16,0
site_14828,0,1.306232396228015e-39,0
site_02979,0,8.819141795075084e-16,0
site_02227,0,2.498490633307697e-06,0
site_20207,1,0.963765136080903,1
site_06630,0,6.692350925353129e-46,0
site_17915,0,1.79969731221675e-46,0
site_04746,0,1.9928996853148897e-45,0
site_18171,0,2.6402414110776746e-34,0
site_01054,1,0.9934121976666745,1
site_01506,0,1.9598047110924912e-17,0
site_06528,0,9.417127885180817e-18,0
site_18244,0,3.2509136876223575e-39,0
site_16752,0,4.015750532350368e-71,0
site_08937,0,3.2734789523003024e-10,0
site_04517,0,2.641533972197488e-38,0
site_00790,0,2.512518188689184e-13,0
site_05698,0,9.636201906145245e-11,0
site_13295,0,6.827122668491848e-46,0
site_16911,0,2.632742602399046e-14,0
site_02145,0,2.2113020659765127e-31,0
site_04241,0,1.0032734568501323e-25,0
site_09035,0,4.426581007410077e-123,0
site_00758,0,1.5805534651028826e-11,0
site_10403,0,8.399303746340926e-10,0
site_13833,0,1.3113072605341104e-62,0
site_19107,0,3.858941773286853e-14,0
site_05239,0,9.8181482710124e-62,0
site_18479,0,1.3388461434795897e-38,0
site_15764,0,0.011490088136311232,0
site_04312,0,2.5940629818695983e-25,0
site_08896,0,4.088472970316855e-113,0
site_15541,0,1.952456903649112e-38,0
site_21288,1,0.9999988466224867,1
site_00971,0,9.515890650348573e-26,0
site_03925,0,4.8410767739876365e-34,0
site_01780,0,1.0082040888290151e-12,0
site_09512,1,0.915239967445212,1
site_07511,0,1.4911609625422116e-56,0
site_16396,0,5.385244412741922e-74,0
site_08914,0,4.5674671027529314e-133,0
site_17235,0,2.749951135440582e-61,0
site_15967,0,1.313277134521665e-13,0
site_09901,0,1.2230284625814262e-148,0
site_10429,0,1.2558244231526872e-152,0
site_16847,0,0.002292905715148445,0
site_21052,0,2.657960965027875e-08,0
site_09023,0,1.0474446274083673e-103,0
site_04750,0,6.170320485348469e-48,0
site_04429,0,2.8161422406648247e-33,0
site_19151,0,1.1658772373175361e-57,0
site_12992,1,0.9992869665864307,1
site_05751,1,0.9999916135988015,1
site_03660,0,3.777392365032232e-25,0
site_20578,0,4.001211200933964e-39,0
site_04030,0,2.94237431166231e-51,0
site_20403,1,0.9871057000834932,1
site_17716,0,8.961649538542918e-31,0
site_10770,0,3.3084176343880116e-171,0
site_00562,0,7.629583399308221e-09,0
site_17780,0,1.545253137311259e-48,0
site_10221,0,1.4248741851342668e-93,0
site_06811,0,1.299389138232054e-54,0
site_17013,0,1.0617715617886916e-12,0
site_00456,0,0.003198881506237025,0
site_11614,0,9.048510257233341e-123,0
site_08102,0,9.653344185160655e-116,0
site_19487,0,3.42251348084837e-64,0
site_04210,0,6.981151542063994e-60,0
site_13515,0,2.1986097535004278e-57,0
site_11936,0,4.472879980822176e-74,0
site_07046,0,3.50841273061405e-48,0
site_09742,0,1.400935117502205e-29,0
site_07932,0,1.4503282543285991e-64,0
site_21309,1,0.9995339281838752,1
site_15246,0,1.6870818584273198e-38,0
site_01906,0,1.2266757931173836e-26,0
site_18596,0,5.441364302336963e-54,0
site_18084,0,9.510358831460452e-48,0
site_15386,0,6.066026845601267e-58,0
site_17165,0,0.0006700023565813199,0
site_17317,0,3.517745923298305e-07,0
site_19361,0,5.134683390041998e-43,0
site_08166,0,1.661280557490167e-75,0
site_16363,0,1.4138831280503942e-07,0
site_15577,0,1.3042954835155313e-56,0
site_05003,0,3.474624176024238e-57,0
site_15994,0,3.485492370823617e-66,0
site_03854,0,1.61567993883966e-36,0
site_13174,0,3.313614868177494e-57,0
site_20929,0,3.5348996778074735e-34,0
site_15643,0,8.413364978204941e-58,0
site_19169,0,2.6270739890207735e-23,0
site_05146,0,7.062757474491621e-53,0
site_02976,0,1.1552530147874045e-18,0
site_05818,1,0.9999813889298407,1
site_20760,0,4.5312469665931754e-41,0
site_16852,0,4.2317151418643393e-08,0
site_13249,0,9.473379355197552e-10,0
site_14651,0,2.284852295919887e-34,0
site_05499,0,2.494010645372508e-68,0
site_06024,0,1.754919767550834e-19,0
site_19733,1,0.9999986497075873,1
site_00343,1,0.9999975621112372,1
site_17015,0,6.044313293880783e-09,0
site_00643,0,6.2822439622783946e-15,0
site_07798,0,2.7528235098692172e-86,0
site_12565,0,4.8642324718071216e-61,0
site_13247,0,3.219929224374417e-12,0
site_14346,0,1.00783777377039e-43,0
site_00079,1,0.9997849165851649,1
site_04445,0,6.976995305416262e-32,0
site_01115,0,4.2251789287334516e-22,0
site_18740,0,5.653122931227787e-48,0
site_05804,0,1.0824118133603568e-44,0
site_00387,1,0.9999987493024886,1
site_14758,0,1.218600774838338e-50,0
site_04356,0,6.1799141174535554e-37,0
site_20978,0,2.659440803106685e-43,0
site_04580,0,7.514528018938125e-37,0
site_11866,0,3.6702542631939463e-25,0
site_16756,0,5.77708604688701e-60,0
site_06501,0,1.7917048253952462e-50,0
site_20523,0,7.935723083647387e-30,0
site_08681,0,1.747018551246877e-133,0
site_16790,0,1.8778681938447934e-13,0
site_21235,0,2.5578950560659934e-35,0
site_15185,0,2.013240734618427e-51,0
site_00583,0,3.497721376731404e-07,0
site_19991,1,0.9999920869326399,1
site_03688,0,5.5376196579184305e-09,0
site_11206,0,1.4313442797939093e-98,0
site_08512,0,1.6232953462737873e-112,0
site_01244,1,0.99987006869179,1
site_12969,0,2.1074057454617734e-09,0
site_03433,0,1.031403026002898e-40,0
site_16536,0,1.6329488163711843e-13,0
site_19938,1,0.9999992760588964,1
site_11670,0,7.773176407142471e-39,0
site_07402,0,2.812306031045603e-88,0
site_06108,0,2.755306875995379e-14,0
site_10359,0,1.400715507467804e-29,0
site_12814,0,2.665599688965293e-62,0
site_13450,0,5.231298113167891e-09,0
site_16176,0,6.623468208701162e-05,0
site_17088,0,1.1464427261021003e-62,0
site_17991,0,5.269092811287313e-51,0
site_21304,1,0.9999843960561824,1
site_19428,0,2.001721775165329e-46,0
site_01536,0,1.320977879099722e-15,0
site_00987,1,0.9720085899472705,1
site_13126,0,0.39047312783222493,0
site_15932,0,4.872925277628741e-63,0
site_19275,0,2.181206568782961e-54,0
site_01618,1,0.4775060795052118,0
site_14493,0,6.711402550427866e-45,0
site_14684,0,1.779869410317288e-66,0
site_18232,0,2.5438314213479804e-66,0
site_08633,0,1.4303320131376644e-120,0
site_11515,0,3.718863046825308e-53,0
site_01264,0,1.1310381850315174e-21,0
site_03141,0,1.203639434465747e-11,0
site_03280,1,0.9999961680785242,1
site_04534,0,1.088192901870113e-55,0
site_18950,0,2.253432597748594e-53,0
site_16060,0,6.615305596629368e-62,0
site_14492,0,6.1940308090799284e-43,0
site_03595,0,3.388943289540584e-16,0
site_07764,0,2.469485154498046e-57,0
site_02009,0,6.985222188169742e-20,0
site_11220,0,1.4141175714723845e-77,0
site_16494,1,0.9772473316170858,1
site_07137,0,1.3695045887943074e-81,0
site_02473,1,0.9995531072892978,1
site_11796,0,1.9441092626493187e-72,0
site_19597,1,0.9999998083246223,1
site_02506,0,3.5675831859604675e-46,0
site_01356,0,4.576433137570637e-06,0
site_14178,0,6.884630856213479e-25,0
site_15773,0,5.23080292142706e-54,0
site_07498,0,2.6188451241110278e-49,0
site_13617,0,3.1314417339486096e-63,0
site_13695,0,4.268393827555157e-21,0
site_00329,0,3.6618639181158364e-66,0
site_18198,0,7.837925103547634e-27,0
site_12945,0,1.5702351572722662e-47,0
site_11304,0,1.2269915429158241e-158,0
site_10251,1,0.9999458903634997,1
site_03635,0,5.4879119300764395e-52,0
site_16845,1,0.8605181766571701,1
site_11726,0,3.4526900759879184e-27,0
site_00401,0,4.571540298423769e-16,0
site_12983,1,0.9420216017918067,1
site_03646,0,1.5548579990261935e-37,0
site_08430,0,8.08833494669594e-80,0
site_16022,0,3.512358387584532e-43,0
site_03717,0,1.8583935749175047e-37,0
site_16407,0,3.973597437757762e-57,0
site_02345,0,2.629945237662099e-19,0
site_12798,0,1.7656890334311985e-77,0
site_06279,0,9.614501313907315e-47,0
site_17208,0,1.5673604391646696e-18,0
site_17980,0,4.104649532397039e-33,0
site_20171,0,1.0190518680350629e-35,0
site_11911,0,3.144994573816127e-119,0
site_21503,0,3.476753208635837e-12,0
site_09991,0,6.426904362403899e-17,0
site_19555,0,1.0767622576836461e-65,0
site_09731,1,0.9957164907415872,1
site_19875,0,6.351856758297584e-06,0
site_09976,0,1.1751060304459378e-13,0
site_08846,0,2.6836056739713133e-122,0
site_19469,0,3.100805283414985e-56,0
site_08866,0,9.971599139161477e-143,0
site_01096,1,0.9405988553181842,1
site_04094,0,3.294941731426477e-48,0
site_19661,1,0.9997994754893067,1
site_10364,1,0.9999932103191108,1
site_07513,0,1.4624768239434353e-59,0
site_00402,0,2.114421613109292e-17,0
site_05549,0,2.9515947896598743e-54,0
site_12386,0,1.3767230464092546e-11,0
site_00734,0,0.0012252486427286483,0
site_06957,0,2.7873193040605373e-31,0
site_19766,0,1.7044893422203715e-56,0
site_14463,0,8.530691018132152e-31,0
site_13386,0,6.741078390099142e-78,0
site_09106,0,5.820579102303234e-117,0
site_00151,1,0.9994812914238544,1
site_14024,0,6.707929648425767e-77,0
site_15196,0,4.568338811820412e-50,0
site_06388,0,7.016640321718701e-11,0
site_01450,0,5.605827903555877e-09,0
site_05406,0,2.5718601773822984e-58,0
site_14072,0,3.84880297662255e-26,0
site_12857,0,3.4184417598253084e-10,0
site_13468,0,4.769286968123079e-09,0
site_19490,0,3.0079365520389377e-59,0
site_20179,0,7.70467428677534e-21,0
site_01737,0,1.993566627476213e-06,0
site_05972,0,8.380082993483482e-05,0
site_19121,0,2.902245364785433e-46,0
site_02151,0,1.182451111828686e-39,0
site_00252,0,0.003548142856982505,0
site_21349,1,0.9998770097849176,1
site_05109,0,5.87843566605049e-57,0
site_06083,0,2.7630003783774492e-68,0
site_20069,1,0.9989929531675819,1
site_11260,1,0.999999986658326,1
site_13755,0,8.392220510923728e-26,0
site_18778,0,5.527673508765531e-41,0
site_20895,1,0.9082046100008927,1
site_16356,0,2.8015947182653117e-23,0
site_17565,0,3.0988417121367634e-13,0
site_15428,0,3.001045350517101e-52,0
site_01487,0,0.009770603334371323,0
site_02494,0,2.0402975546000953e-27,0
site_01117,0,1.341530113251372e-16,0
site_09387,0,7.000020212939693e-162,0
site_18423,0,2.2967491010713037e-29,0
site_01690,0,2.3573173299607283e-07,0
site_15740,0,3.6162649569864803e-53,0
site_10376,1,0.9999996245908379,1
site_11554,1,0.9999997889486009,1
site_08371,0,7.362479016884543e-78,0
site_14242,0,4.660242192854053e-53,0
site_09089,0,1.6454575844381746e-12,0
site_06369,0,5.2732523868513596e-33,0
site_00683,0,6.829223412015158e-16,0
site_17944,0,6.962155209185759e-28,0
site_21451,0,0.0005685779298547548,0
site_04591,0,2.3089272810206706e-48,0
site_21096,0,1.479785075116357e-19,0
site_10948,0,3.7593956639833733e-94,0
site_07537,0,6.168060327344742e-90,0
site_20297,0,1.3978520900305842e-56,0
site_06034,0,2.3258201204947824e-05,0
site_09475,0,4.473353828829847e-164,0
site_09738,1,0.9998941372938785,1
site_13690,0,4.3067886812077386e-16,0
site_02101,0,1.3241484959615047e-09,0
site_04322,0,2.1404306978005737e-33,0
site_08165,0,3.219654772495906e-75,0
site_17019,0,0.31330164522248916,0
site_04850,0,1.698160398999324e-53,0
site_13026,0,3.8799835568228834e-98,0
site_05104,0,1.1099636998639952e-27,0
site_12109,0,3.565788525030774e-07,0
site_19564,0,1.7558382027119746e-45,0
site_00576,0,7.087048585531125e-21,0
site_04197,0,5.30117060859234e-28,0
site_18720,0,4.896820209895789e-38,0
site_10963,0,1.0033650971616248e-22,0
site_18258,0,9.941822953890122e-28,0
site_12299,0,4.3420285198508596e-100,0
site_18756,0,4.341360907230602e-28,0
site_18387,0,8.587612455481966e-25,0
site_00427,1,0.9999966438252966,1
site_05911,0,2.2608263428045297e-25,0
site_21496,0,3.065139549671824e-11,0
site_09000,0,1.9083226390161216e-44,0
site_07431,0,1.836401519843654e-49,0
site_02444,0,6.056563628912168e-44,0
site_16375,0,7.219859782123972e-29,0
site_09143,0,7.350047080661613e-159,0
site_14412,0,8.304819421076384e-70,0
site_05205,0,7.564241952242247e-60,0
site_14746,0,2.1213749590768714e-41,0
site_20659,0,9.474758540602982e-20,0
site_08040,0,1.679203397998681e-108,0
site_09830,0,1.2223003384909697e-98,0
site_18754,0,7.029713679465225e-32,0
site_21292,0,9.183605594709497e-13,0
site_05821,1,0.9999855448032919,1
site_08201,0,1.3134862169792984e-109,0
site_18220,0,2.0291765372520626e-48,0
site_17882,0,1.492075328807979e-14,0
site_16029,0,4.604493620336002e-30,0
site_03227,0,2.798077049864988e-57,0
site_07468,0,1.3917748312360843e-87,0
site_07637,0,3.808649476467068e-86,0
site_00048,0,0.007543905337999982,0
site_08273,0,3.352377072458627e-77,0
site_17946,0,2.764756075522241e-26,0
site_00757,0,6.162022771851272e-11,0
site_18608,0,1.0566397209711742e-33,0
site_13633,0,2.905249450798005e-43,0
site_02442,0,9.081918866324415e-38,0
site_19434,0,4.391444935567517e-35,0
site_07375,0,7.958494883441543e-58,0
site_03524,0,2.6526092766706537e-11,0
site_07978,0,1.1751899288499205e-105,0
site_12527,0,2.272403651376591e-127,0
site_19232,0,1.6260823539158745e-30,0
site_17637,0,5.720443173333642e-30,0
site_15767,0,1.983700124523878e-07,0
site_09653,0,4.551730284660307e-26,0
site_05700,1,0.9999834763042611,1
site_06494,0,1.5330720685544257e-58,0
site_04605,0,2.3161709754760434e-57,0
site_05576,0,1.778249344927793e-60,0
site_02173,1,0.9999821434738995,1
site_07913,0,9.758187765988945e-92,0
site_08874,0,1.5704221669264258e-69,0
site_09681,0,1.311817412110034e-165,0
site_14605,0,2.0533158638569424e-58,0
site_05710,0,5.609199321053432e-17,0
site_01968,0,4.6919239775749316e-35,0
site_09486,0,1.7896720224154887e-133,0
site_15342,0,2.821622847960608e-55,0
site_15186,0,4.295510920301761e-53,0
site_11572,0,1.669980431635698e-11,0
site_01794,0,6.856531115624988e-09,0
site_13448,0,6.1434149386326995e-09,0
site_13158,0,4.705138795861151e-75,0
site_12874,1,0.9999458364165865,1
site_18038,0,4.484660784868022e-18,0
site_04805,0,4.731616317320483e-61,0
site_02722,1,0.9991508229076806,1
site_07335,0,6.778139882926428e-88,0
site_09664,0,2.295622699257185e-142,0
site_17872,0,8.994309018838975e-24,0
site_15697,0,0.3749749499369948,0
site_13805,0,4.323123802074383e-15,0
site_18484,0,1.4462313580627935e-35,0
site_07668,0,3.836759688344102e-63,0
site_07808,0,3.3127235530076667e-100,0
site_08279,0,2.0241375299884175e-86,0
site_01359,0,7.113486455760366e-27,0
site_09813,0,3.829347116729359e-78,0
site_09799,0,4.771871648684699e-157,0
site_01239,0,0.1477942991633971,0
site_20886,0,4.689380860477941e-19,0
site_18875,0,3.024158926090789e-51,0
site_00793,0,1.5669344007768262e-12,0
site_05616,0,2.909562743335731e-76,0
site_20815,0,8.211132114760088e-47,0
site_05754,1,0.9999854280440823,1
site_08137,0,8.847723733756383e-81,0
site_02982,0,5.74861696134783e-12,0
site_15812,0,1.0277525988596337e-49,0
site_12502,0,1.4118766467250502e-07,0
site_19411,0,1.974134025156454e-58,0
site_04032,0,4.388036313395674e-55,0
site_17662,0,6.2909202092609344e-24,0
site_08178,0,1.8961797930400927e-85,0
site_17926,0,1.0077285368466772e-48,0
site_19203,0,2.0556375515041963e-52,0
site_00109,0,0.5327091528726512,1
site_13663,0,7.687944199012868e-16,0
site_11773,0,6.4388184898710955e-108,0
site_11740,0,8.661038797145991e-16,0
site_12443,0,6.961247388000585e-65,0
site_18158,0,1.8688291772998744e-37,0
site_21554,0,1.6752330491741038e-28,0
site_05369,0,7.940707759195064e-53,0
site_15739,0,7.945207442865732e-54,0
site_14362,0,3.635159715297834e-30,0
site_02043,1,0.9999441733140362,1
site_12190,0,2.98454223437226e-78,0
site_18102,0,8.923402986820254e-26,0
site_10985,1,0.9986500561853061,1
site_14707,0,2.475942492963182e-41,0
site_12373,1,0.9999497159657184,1
site_02038,0,4.5358198536861136e-14,0
site_15389,0,7.015575481763063e-49,0
site_01166,1,0.9986330221338423,1
site_06377,0,5.946230956378669e-16,0
site_09622,0,6.541207533833818e-12,0
site_18674,0,1.2979267719455346e-47,0
site_03995,0,9.751561617439988e-33,0
site_02776,1,0.9999963943755176,1
site_12177,0,5.11766784138664e-97,0
site_17971,0,1.2859875828175859e-20,0
site_13096,0,4.2910636605636215e-09,0
site_07717,0,2.0735204347375554e-59,0
site_04316,0,5.1442259173976745e-28,0
site_12361,0,1.922088762365016e-11,0
site_01729,0,8.652699420550707e-18,0
site_17083,1,0.9999998471572984,1
site_05518,0,8.710090659010084e-74,0
site_20462,0,2.4211146085480524e-20,0
site_19674,1,0.9999823489065565,1
site_18817,0,1.768992774351918e-46,0
site_10219,0,5.808289659811826e-93,0
site_15295,0,2.8508566328448476e-48,0
site_16999,0,3.096928459308553e-37,0
site_19297,0,1.0741045551444859e-34,0
site_06855,0,6.32988926725364e-35,0
site_21244,0,1.4965531761161867e-13,0
site_14706,0,2.4493777755166664e-44,0
site_12614,0,1.5491764005206171e-10,0
site_01716,0,4.487531056276448e-07,0
site_15564,0,7.805907669570683e-56,0
site_20468,0,2.069840465347575e-09,0
site_10323,0,1.6453038093998105e-130,0
site_08796,0,4.186531907511067e-120,0
site_18680,0,6.814409414594644e-35,0
site_06368,0,3.430344547842538e-34,0
site_02854,0,2.0383021358334575e-35,0
site_20732,1,0.9997875023948375,1
site_07223,0,4.205386125584286e-41,0
site_18766,0,2.473874023726922e-06,0
site_15175,0,1.4359231677335794e-16,0
site_12222,0,1.0197811652593686e-23,0
site_15819,0,4.619768113631079e-34,0
site_04506,0,6.653244733548124e-32,0
site_20793,1,0.9999977551911213,1
site_13720,0,3.3748709504804408e-71,0
site_01556,0,2.1378840848087213e-08,0
site_09095,0,1.3496423085949851e-21,0
site_11250,0,6.006344014345969e-19,0
site_14372,0,3.4682323861489594e-29,0
site_00061,1,0.9999915434936207,1
site_19508,0,6.341369545303924e-25,0
site_21042,0,1.784598059327575e-27,0
site_11191,0,5.9662488989409376e-123,0
site_16577,0,5.798819894756971e-63,0
site_05067,0,1.2116894683401885e-55,0
site_13637,0,7.302021659710962e-43,0
site_00242,0,7.464704342587488e-09,0
site_14755,0,3.9559573811799225e-48,0
site_21073,0,2.4497186559217304e-31,0
site_04920,0,4.28788446720135e-48,0
site_16167,0,1.650692463983469e-24,0
site_08477,0,5.098396067558602e-132,0
site_02702,0,6.453779643414672e-17,0
site_18799,0,4.1919618398800293e-44,0
site_18428,0,7.26742026564031e-32,0
site_06011,0,4.055368778635496e-56,0
site_02671,1,0.9999999605242964,1
site_14753,0,8.363900651113109e-48,0
site_11007,1,0.9257878739152882,1
site_01566,0,8.919585740729135e-13,0
site_05330,0,7.846571774248124e-48,0
site_19946,0,3.2939755405022284e-70,0
site_03988,0,1.0746500242953896e-35,0
site_03685,0,0.0007723661039301256,0
site_06232,0,1.5579787163212615e-32,0
site_10943,0,9.182235534349614e-102,0
site_00588,0,0.1611786821011701,0
site_00086,1,0.9993451038632878,1
site_06749,0,8.956831272882465e-30,0
site_19414,0,2.1914661866465386e-59,0
site_08122,0,8.577212324844936e-80,0
site_14191,0,2.685444174665621e-24,0
site_21447,0,0.00031053847652760553,0
site_18411,0,5.813158501721028e-32,0
site_07171,0,7.424231606122881e-50,0
site_07974,0,1.4750026473671717e-100,0
site_17758,0,4.951034381536518e-37,0
site_10442,0,3.3863608386438305e-128,0
site_15171,0,7.053000192652349e-32,0
site_07365,0,3.320710679795913e-49,0
site_15606,0,1.4904266167007285e-42,0
site_08506,0,1.2692782690153351e-105,0
site_02091,0,2.767138954528354e-37,0
site_03891,0,1.0936119394187676e-17,0
site_08004,0,1.0618342793724575e-71,0
site_11248,0,5.4717888081746476e-14,0
site_02202,0,1.0493399968314402e-32,0
site_10192,0,4.750698142342241e-120,0
site_20091,0,3.500363954061166e-56,0
site_08205,0,6.508099460959067e-116,0
site_06626,0,8.800243622667725e-40,0
site_08060,0,1.3830222456027136e-70,0
site_08243,0,1.6820618313815756e-91,0
site_14102,0,7.9650599323873095e-25,0
site_02905,0,8.616112801243983e-45,0
site_16875,0,1.6867706251494187e-61,0
site_13615,0,2.017931400732249e-66,0
site_00865,0,2.907250319576078e-23,0
site_19240,0,1.226474071610244e-13,0
site_19784,0,3.855231552407418e-12,0
site_20894,0,0.04268780889422669,0
site_19489,0,1.1173942302584897e-60,0
site_03870,0,7.590130863703e-20,0
site_11709,1,0.9999531260333718,1
site_07128,0,2.211291168972084e-73,0
site_00471,1,0.99998940588269,1
site_03901,0,8.312934923706292e-51,0
site_04633,0,1.0241983080302829e-29,0
site_09091,0,2.9269713909604145e-16,0
site_07773,0,5.092800226672726e-64,0
site_05791,0,2.2648149640464034e-67,0
site_11522,0,1.9480692910909403e-22,0
site_00260,1,0.9999924357207112,1
site_06636,0,2.5611831742971586e-54,0
site_17397,0,6.1428378409444606e-55,0
site_20061,1,0.99999952194091,1
site_10941,0,8.590221670911656e-105,0
site_00273,0,0.05797263167418873,0
site_04736,0,4.181914676823337e-39,0
site_08895,0,1.1325221057203693e-110,0
site_00586,0,0.0007661887180564517,0
site_17329,0,0.00038028403050339733,0
site_01816,0,1.557743232082252e-16,0
site_06509,0,7.240340489804738e-39,0
site_21166,0,1.4143387252498655e-58,0
site_05665,0,1.2961659215769345e-72,0
site_01997,0,1.0801712494031743e-19,0
site_06912,0,3.749252568842389e-34,0
site_10654,0,2.0921015485057028e-160,0
site_15613,0,5.948916770628463e-34,0
site_09730,0,4.536951433742626e-07,0
site_00944,0,1.1733418675542005e-27,0
site_13649,0,7.356209975153815e-26,0
site_09179,0,1.4429132572531968e-28,0
site_12603,0,2.657422594614164e-24,0
site_21101,0,2.885332108119022e-13,0
site_05048,0,5.0189914730608175e-56,0
site_05195,0,9.253335949777151e-57,0
site_06413,0,3.310319683514251e-47,0
site_07478,0,5.9733269607326565e-49,0
site_03480,0,5.5642329409958405e-09,0
site_01926,1,0.9999996105879374,1
site_20295,0,1.1275312199158918e-59,0
site_14528,0,7.901285397918776e-45,0
site_13846,0,3.3960774333685253e-47,0
site_14093,0,6.848069229454861e-22,0
site_04505,0,6.41790068573058e-31,0
site_19276,0,1.5353892909998942e-56,0
site_16614,1,0.9999919253928846,1
site_03116,0,6.683168185055199e-50,0
site_06469,0,1.0274153619710933e-25,0
site_13250,0,6.613333257102985e-11,0
site_04437,0,3.5479404430883995e-29,0
site_16928,0,7.279614817218059e-66,0
site_11669,0,2.486922843497129e-40,0
site_05279,0,4.634427974406591e-65,0
site_09184,0,3.631757871604453e-111,0
site_15111,0,2.796878084624702e-51,0
site_09316,0,1.3607544020733002e-30,0
site_11751,0,3.540925275590579e-142,0
site_16661,1,0.9081734031587713,1
site_21220,0,1.7517831215808435e-05,0
site_00736,0,0.021814558769278104,0
site_04432,0,1.8566947699993107e-30,0
site_05281,0,4.2516302498674e-65,0
site_01803,0,1.5905068291819799e-12,0
site_01048,0,3.8189684870040984e-14,0
site_13294,0,6.074338591911141e-53,0
site_02799,0,6.038964401081401e-34,0
site_19261,0,8.266841525456775e-52,0
site_08617,0,3.6420588234983836e-108,0
site_06764,0,2.6224236594436654e-25,0
site_00958,1,0.7344791784655381,1
site_00907,0,8.25890776678039e-21,0
site_07201,0,7.77773025952903e-85,0
site_20510,0,1.1358650213255707e-48,0
site_01709,0,3.164615633137773e-07,0
site_14773,0,1.1456084164306367e-62,0
site_21502,0,1.3989021930922445e-11,0
site_01470,0,6.918552574903429e-35,0
site_00314,0,1.6009720501831054e-05,0
site_18290,0,4.622883927900775e-46,0
site_06241,0,3.048287245775831e-10,0
site_07446,0,3.914738805426413e-61,0
site_06315,0,5.479359009056653e-10,0
site_00566,0,9.273526079572443e-09,0
site_13482,0,7.412894513377217e-98,0
site_03459,0,1.1434198049073283e-07,0
site_11366,0,2.2538377975047128e-52,0
site_12845,0,1.3326346599321673e-24,0
site_19495,0,2.861355537027536e-50,0
site_04111,0,1.6005244241219422e-31,0
site_20211,1,0.9999999747073836,1
site_15520,0,5.63169240003198e-54,0
site_14858,0,2.72865993114815e-60,0
site_08475,0,3.1368067298117055e-130,0
site_21536,0,4.797267219217776e-28,0
site_02669,1,0.9999999842509439,1
site_15625,0,5.5068444645380134e-18,0
site_14723,0,4.187077339565777e-37,0
site_19676,0,5.404200611910567e-15,0
site_04609,0,6.255937974367321e-54,0
site_20888,0,1.365471745348452e-13,0
site_16549,1,0.9999969525463157,1
site_17857,0,6.532302791327935e-44,0
site_04898,0,5.212812145652758e-49,0
site_02814,0,4.8646671900397374e-18,0
site_04806,0,3.6999188643607195e-56,0
site_04382,0,1.4349416707444746e-31,0
site_15113,0,6.275095932293026e-50,0
site_10573,0,1.1122557310168341e-102,0
site_11243,0,2.0625661542198975e-08,0
site_07636,0,2.026906327478669e-67,0
site_09612,0,3.9070981969454975e-14,0
site_16169,0,4.343628368805699e-22,0
site_08737,0,5.761666993170745e-105,0
site_00620,0,2.5715506996468816e-10,0
site_17966,0,6.348726941726417e-17,0
site_01807,0,1.8295069482834537e-17,0
site_14456,0,2.941162141884278e-32,0
site_15956,0,9.122979099359847e-37,0
site_09438,0,3.934857963495194e-25,0
site_11655,0,8.325084895578058e-59,0
site_08960,0,1.3877762354507684e-116,0
site_03353,0,1.2599056782724053e-56,0
site_06535,0,1.1455923283006249e-20,0
site_06165,0,1.0663962859117698e-30,0
site_13413,0,1.522272984722194e-45,0
site_13717,0,1.4826442248973872e-75,0
site_08924,0,1.4932373449652087e-144,0
site_13787,0,2.391336342596963e-15,0
site_08091,0,8.577484206404238e-102,0
site_21104,0,1.2293124910518936e-06,0
site_11218,0,8.400494499485191e-82,0
site_10129,0,9.252784618495933e-09,0
site_02332,0,8.583195936001597e-33,0
site_01544,0,0.006072851235418093,0
site_03186,0,4.997280282050575e-29,0
site_09455,0,6.131731179128192e-142,0
site_20399,0,4.109868405225497e-08,0
site_16760,0,1.1123023508814774e-56,0
site_06718,0,3.159268883179878e-60,0
site_05542,0,2.367005402299802e-70,0
site_06392,0,9.416082810716994e-17,0
site_16312,1,0.999973979792282,1
site_03334,1,0.9999228503280888,1
site_09979,1,0.9999999201325399,1
site_20689,0,6.0490319112215664e-09,0
site_06289,0,3.888691061918582e-50,0
site_03991,0,9.2628060701958e-37,0
site_06757,0,2.8480651023708984e-23,0
site_18072,0,2.3475828659861916e-45,0
site_20432,0,2.2103326112553864e-64,0
site_15769,0,1.1163415176100944e-24,0
site_08629,0,1.3684873801215999e-117,0
site_19686,0,5.025627992596219e-62,0
site_09852,1,0.9999997998678062,1
site_03413,0,4.794935612298684e-63,0
site_20315,0,3.563944650865598e-29,0
site_20938,0,2.968817637978249e-18,0
site_07962,0,3.297514709830676e-73,0
site_18225,0,7.118450973837078e-41,0
site_01358,0,3.553344357201442e-22,0
site_04288,0,2.4753977330593136e-45,0
site_02729,0,1.4423156847277952e-42,0
site_20264,1,0.9952294872826941,1
site_09401,0,2.8272961713143076e-69,0
site_09952,0,7.158214214506774e-97,0
site_19139,0,4.559549290839116e-52,0
site_13521,0,6.320985390417732e-50,0
site_12092,0,3.024035694355386e-28,0
site_06580,0,8.450710729812062e-42,0
site_19723,0,0.0006626720210432206,0
site_19158,0,2.481593640479865e-41,0
site_20624,0,1.3453047921778886e-27,0
site_16859,1,0.9999973053668185,1
site_04478,0,4.50150790007619e-52,0
site_09708,0,1.6969479004706244e-122,0
site_06234,0,1.0535523835122743e-28,0
site_01542,0,4.051427590725997e-06,0
site_11875,0,3.624370813393729e-16,0
site_06308,0,7.677623984723163e-12,0
site_05771,0,7.877618031807842e-17,0
site_05553,0,3.0512402621934756e-53,0
site_00197,1,0.9364981292353128,1
site_12615,0,1.2791387233289676e-08,0
site_01170,0,9.785904027532419e-74,0
site_09241,0,0.00043891919234800267,0
site_08238,0,3.644471481281293e-90,0
site_21115,1,0.9999672273447551,1
site_20678,1,0.9999967822939753,1
site_15976,1,0.9993133913493507,1
site_15836,0,0.0001266608531464253,0
site_19971,0,1.5454755257058811e-30,0
site_02267,0,2.588871998988232e-41,0
site_03344,1,0.9999821033780582,1
site_16067,0,4.0237842985327934e-66,0
site_14150,0,1.081403003120469e-46,0
site_14459,0,3.979718740708446e-31,0
site_18093,0,1.5087233753567836e-36,0
site_06909,0,3.322332664619066e-32,0
site_18211,0,6.6620082795931504e-43,0
site_01662,0,0.0038017991896768443,0
site_01868,0,2.0616403001390555e-20,0
site_17061,0,2.5812580216603274e-18,0
site_03252,0,1.4850825771591953e-24,0
site_04231,0,2.0563559229416352e-37,0
site_01333,0,1.1221742455184493e-24,0
site_11498,0,2.8516773734852884e-80,0
site_05989,0,5.4954434251600365e-37,0
site_06051,0,1.0066271318892383e-08,0
site_19345,0,6.984589162682517e-57,0
site_15832,0,0.0014393170240837596,0
site_17266,0,0.001087129867786998,0
site_04704,0,3.2043366942747194e-46,0
site_15001,0,1.5407980335794692e-52,0
site_04588,0,3.388396849463209e-44,0
site_20289,0,1.3163027886474612e-52,0
site_04082,0,9.23903464256998e-60,0
site_09819,0,1.6461988052523777e-122,0
site_04137,0,1.4157600717592794e-26,0
site_02574,0,3.529132525491609e-39,0
site_12795,0,2.823766157439425e-90,0
site_04692,0,4.906323956985488e-38,0
site_11161,0,2.87132063597621e-171,0
site_01702,0,7.98930551119974e-05,0
site_18564,0,2.817290317859861e-34,0
site_06132,0,8.624841691736711e-14,0
site_13809,0,4.811469756461454e-19,0
site_08515,0,5.1458664964583847e-104,0
site_12312,0,1.9384656376321878e-82,0
site_03376,0,7.943624507332219e-29,0
site_13190,0,3.5769432950092746e-39,0
site_15351,0,5.187130784189295e-52,0
site_13631,0,9.131040328062856e-52,0
site_13948,0,4.785078269360973e-50,0
site_04623,0,1.8896633666206116e-40,0
site_16239,0,1.1264869800199271e-10,0
site_20697,0,7.791195236446585e-53,0
site_20441,0,6.41376509028743e-47,0
site_04830,0,1.0724097211978949e-43,0
site_20411,1,0.9999993427459771,1
site_00635,0,0.0005688091661293123,0
site_07384,0,2.1438625679318806e-67,0
site_12171,0,2.6823194129880314e-107,0
site_12246,1,0.9995993366883938,1
site_10033,0,3.838509447649106e-153,0
site_12896,0,8.903406004730714e-116,0
site_00673,0,5.7851957247191424e-05,0
site_07288,0,2.1968340743387046e-41,0
site_05750,1,0.9999931950803519,1
site_15230,0,4.9562140527110237e-51,0
site_05902,0,8.699399840915106e-07,0
site_10366,0,2.6399144446842903e-15,0
site_12454,0,2.7555902640697725e-55,0
site_15241,0,5.136188376813181e-49,0
site_16685,0,6.295285907479556e-80,0
site_07332,0,9.105700503446424e-84,0
site_14095,0,6.726769108858885e-22,0
site_16015,0,9.009474379511741e-53,0
site_07440,0,7.52416089770567e-56,0
site_01407,0,1.4266372860487716e-26,0
site_20871,0,2.9803183123282194e-41,0
site_11187,0,5.934002463654411e-128,0
site_11631,0,8.74911067652313e-100,0
site_06975,0,9.858615698033967e-38,0
site_10918,0,5.643459687701416e-136,0
site_09118,0,1.1579683212296574e-127,0
site_17777,0,1.4696207334899674e-48,0
site_00740,0,3.761208288722616e-23,0
site_18292,0,2.6256947846549292e-49,0
site_07522,0,1.3873134402858684e-70,0
site_01019,1,0.7662593224873913,1
site_19444,0,1.228537700460208e-13,0
site_02897,0,0.0001341285656987021,0
site_03352,0,3.074835157142383e-57,0
site_10417,0,1.9761375493553297e-169,0
site_16459,0,4.892975934149207e-67,0
site_00869,0,8.9150847356695e-19,0
site_10811,0,9.445860079460318e-107,0
site_08435,0,9.390262690204676e-81,0
site_21545,0,1.4812334660606826e-27,0
site_01383,0,5.985935746662916e-08,0
site_01790,0,1.8844950886010648e-06,0
site_02257,0,2.444138722824185e-30,0
site_03194,0,8.155268876733416e-20,0
site_03460,0,0.0040276789909555,0
site_00564,0,3.827270957383779e-13,0
site_15281,0,4.1166096391446786e-46,0
site_09996,0,6.979057202050402e-19,0
site_06468,0,2.2904070436284676e-24,0
site_08765,0,2.301169176692138e-137,0
site_08646,0,1.4941163913643728e-25,0
site_05084,0,2.778669661729194e-54,0
site_13175,0,2.7198020161861514e-54,0
site_09889,0,5.8978699652805705e-27,0
site_13084,0,9.934358626328621e-29,0
site_09153,0,0.001985704460553715,0
site_10765,0,2.1953246236995176e-20,0
site_11122,1,0.9999998924604618,1
site_02049,1,0.9999997139079796,1
site_10634,0,1.782838877805177e-15,0
site_13243,0,0.041977701220828625,0
site_00648,0,2.435890740771721e-14,0
site_19338,0,6.0544407566341085e-55,0
site_12549,0,4.0013690087040455e-89,0
site_17592,0,1.0216323355499712e-50,0
site_01911,0,9.569944441833541e-36,0
site_04074,0,4.515724758602219e-21,0
site_14044,0,8.504358635973993e-54,0
site_04881,0,2.3655105434791332e-45,0
site_10974,1,0.9999919323543184,1
site_00422,1,0.9997311219839854,1
site_06147,0,1.241864791573366e-40,0
site_04229,0,4.5027531889447725e-40,0
site_09737,0,3.216170359273999e-17,0
site_03373,0,9.623906624656888e-30,0
site_00866,0,7.180775122872533e-17,0
site_14484,0,1.5471026741764003e-34,0
site_04677,0,6.680129340033148e-40,0
site_20669,1,0.9930762978736047,1
site_16404,0,3.437649038124435e-60,0
site_08566,0,1.9903667777507685e-105,0
site_13878,0,7.15777974336302e-19,0
site_10594,1,0.9999998090820323,1
site_15463,0,4.6793906547361625e-49,0
site_18460,0,4.355056470892122e-31,0
site_15475,0,7.785257602183874e-28,0
site_13325,0,1.2814740321702686e-12,0
site_04153,0,1.131464547299935e-48,0
site_18837,0,2.499509681888251e-05,0
site_20810,0,4.67075426109932e-49,0
site_14381,0,2.547415020135285e-28,0
site_16912,0,3.428885867227321e-14,0
site_05110,0,5.495096108398799e-57,0
site_06803,0,1.1859872861071264e-69,0
site_02590,0,5.869073028965064e-08,0
site_04698,0,2.0526325183596816e-43,0
site_19208,0,3.14267162372565e-54,0
site_06400,0,6.375850203583272e-20,0
site_08379,0,2.0287508291209872e-85,0
site_04635,0,4.5671297755058084e-36,0
site_20238,0,1.9691283654851954e-40,0
site_05485,0,1.9892358175513077e-63,0
site_06064,0,7.417255331434679e-33,0
site_19450,1,0.9986109543968071,1
site_12646,1,0.9999867090722239,1
site_03030,0,7.555355763572047e-18,0
site_01766,0,2.2851428212986674e-12,0
site_19106,0,1.282490351291759e-16,0
site_05153,0,8.192916543841286e-55,0
site_07784,0,3.33324286747111e-71,0
site_09497,0,1.6877030399911468e-26,0
site_10566,0,2.7744942245904123e-114,0
site_00617,0,1.6405728616973285e-15,0
site_15338,0,1.464137449758757e-58,0
site_12188,0,4.650507107618085e-78,0
site_07259,0,9.351821255942305e-79,0
site_09347,0,5.814080539850269e-22,0
site_16887,0,3.3395217856612556e-38,0
site_15602,0,1.0744044972550152e-53,0
site_13730,0,1.85261166646408e-60,0
site_13639,0,8.674381315956424e-44,0
site_02160,0,1.819577108148329e-20,0
site_09605,0,7.986969968914137e-24,0
site_01371,0,1.036038702308171e-27,0
site_11950,0,1.2198283978985505e-51,0
site_16532,0,9.238091711424375e-22,0
site_13377,0,6.562889762436893e-91,0
site_09007,0,2.3097401455856685e-08,0
site_18683,0,4.899151064589573e-31,0
site_02639,0,1.2901395555280051e-27,0
site_02504,0,2.4341113977493436e-42,0
site_03890,0,4.0755090215397417e-16,0
site_05586,0,2.8185446609413812e-52,0
site_02005,0,2.5263346975563356e-19,0
site_20093,0,4.567554664227155e-52,0
site_12883,1,0.9996663881191256,1
site_09145,0,3.475030176616624e-160,0
site_18860,0,3.4365724057953575e-41,0
site_07277,0,2.2761961705094138e-41,0
site_02547,1,0.999999926003104,1
site_10641,0,2.652860770022216e-18,0
site_00258,0,1.3053633761122732e-29,0
site_15142,0,1.7390160240397882e-45,0
site_13674,0,1.464920386242295e-13,0
site_04376,0,1.6083370798616506e-26,0
site_20359,0,5.615474317730891e-25,0
site_07473,0,9.394653832536515e-92,0
site_00761,0,3.284431296835335e-14,0
site_04297,0,1.78046244618063e-33,0
site_03963,0,1.0938732499282844e-63,0
site_11051,0,6.522141577218674e-132,0
site_11734,1,0.9172984093950596,1
site_01168,1,0.9999724745529777,1
site_09955,0,1.5500655043866826e-99,0
site_15860,0,1.5618471013585785e-60,0
site_18584,0,1.8519484950003343e-40,0
site_10682,0,1.3580500010163463e-117,0
site_06492,0,1.3762990182388618e-60,0
site_15403,0,5.9478179111337155e-15,0
site_18589,0,1.3821324081947835e-46,0
site_18355,0,2.801618003749017e-33,0
site_05363,0,1.386609838664636e-61,0
site_16077,0,8.082896084100628e-64,0
site_07685,0,1.037252165026551e-80,0
site_16535,0,1.6734914787217417e-15,0
site_12844,0,2.3462135195796837e-21,0
site_00605,0,6.428754674363743e-15,0
site_12184,0,7.735365901899362e-87,0
site_16495,1,0.9999999078442257,1
site_17499,0,1.7460571396503396e-51,0
site_06187,0,1.1038780198409844e-06,0
site_10859,1,0.999999720490677,1
site_16633,0,1.8505351736262282e-65,0
site_00207,0,6.345565943111937e-16,0
site_08188,0,3.169724802144301e-91,0
site_18513,0,1.6901036406588668e-42,0
site_04193,0,3.565105853489756e-24,0
site_14880,0,1.0030572559971258e-40,0
site_20362,0,2.1738000280282426e-65,0
site_10290,0,1.0173937664960476e-153,0
site_14743,0,4.503689375472105e-39,0
site_11719,0,4.826232545594707e-18,0
site_03518,0,3.6754257982689004e-21,0
site_15220,0,1.1517532088494915e-48,0
site_03855,0,1.1119691177527369e-38,0
site_02099,0,4.183298885145407e-15,0
site_15140,0,3.65362915079203e-46,0
site_07374,0,2.3659102046416228e-55,0
site_13974,0,3.340091680848728e-22,0
site_13421,0,7.447627264293014e-40,0
site_20334,1,0.9993006945743532,1
site_07813,0,1.8750093660639377e-107,0
site_02318,0,1.4037771038214231e-36,0
site_20434,0,3.375961827025715e-61,0
site_01307,0,5.84141445792926e-10,0
site_09029,0,2.954450475100575e-115,0
site_05988,0,2.625617930705178e-35,0
site_03255,0,1.743620299997372e-18,0
site_01050,0,1.192824253682961e-08,0
site_08176,0,1.1294665714724175e-82,0
site_01583,0,0.7128786742170968,1
site_06948,0,8.599199589720018e-77,0
site_20296,0,4.934745195067785e-56,0
site_00271,1,0.6267548786777132,1
site_08018,0,7.188556251844359e-77,0
site_08096,0,2.1309569024633477e-103,0
site_12336,0,1.2134100793989299e-46,0
site_15849,0,7.278300950486337e-63,0
site_20426,1,0.9999999462867146,1
site_10869,1,0.9999773236794344,1
site_16027,0,1.196515017926811e-33,0
site_12513,0,0.00264778083242119,0
site_19278,0,2.3686174544169114e-57,0
site_11202,0,8.194701475538795e-106,0
site_07663,0,7.959103127877946e-60,0
site_14841,0,1.2035676099891854e-50,0
site_06467,0,3.692258444839458e-23,0
site_13836,0,1.2242291088274627e-53,0
site_18065,0,7.335772554027656e-47,0
site_10656,0,4.906885347753013e-156,0
site_14215,0,1.7880645392296458e-23,0
site_19731,1,0.9999968775932776,1
site_16800,0,2.8474068519323155e-10,0
site_05032,0,1.6515045728133473e-48,0
site_01527,0,9.734366917204907e-27,0
site_14103,0,1.856109877867106e-26,0
site_10901,0,3.5740908578739715e-169,0
site_20809,0,2.1864492585216858e-54,0
site_21377,1,0.9998506342910015,1
site_00281,0,2.0470581573356417e-12,0
site_17656,0,5.103337703115885e-38,0
site_08729,0,1.2087108567130919e-20,0
site_19993,1,0.9999962196922345,1
site_06159,0,3.65297848929992e-35,0
site_15277,0,4.576631174239478e-49,0
site_21537,0,1.1839398706670525e-25,0
site_15801,0,2.4576096340212706e-58,0
site_14898,0,2.339512074894225e-40,0
site_17239,0,9.690464628546857e-56,0
site_12061,0,1.3413314990201201e-71,0
site_20283,0,1.714296906467722e-13,0
site_14796,0,1.8827502642656064e-41,0
site_08697,0,1.5332430084945292e-110,0
site_04262,0,1.4855170855647802e-32,0
site_18849,0,9.758566359131049e-43,0
site_13358,0,2.7684392178840774e-10,0
site_12860,0,9.43001215676556e-05,0
site_13862,0,2.152176807754365e-32,0
site_09293,0,2.5189679591732397e-145,0
site_12150,0,2.626617324430705e-136,0
site_21109,1,0.9970258492036614,1
site_07185,0,2.1778169844581233e-65,0
site_09119,0,1.8968383147087457e-128,0
site_16743,1,0.9999312281751365,1
site_13758,0,1.9609593962363106e-29,0
site_08301,0,6.143583109729416e-103,0
site_17564,0,9.785226108253247e-15,0
site_01904,0,3.368725684941227e-25,0
site_02380,0,1.5696615554430233e-42,0
site_18099,0,1.444858737291932e-29,0
site_03762,0,3.0149509543745617e-61,0
site_01074,0,3.190603417890816e-32,0
site_20262,0,0.0019588368338010163,0
site_05582,0,5.138524977199162e-57,0
site_21552,0,9.916049514555825e-26,0
site_13226,0,0.005520860728028936,0
site_14762,0,2.7692776534440174e-23,0
site_06839,0,2.2811672153166462e-26,0
site_03326,0,8.910157070698246e-10,0
site_12613,0,1.892774056403394e-34,0
site_19533,0,4.2090234550732485e-21,0
site_20947,1,0.9902409819170376,1
site_16714,0,4.075462623144948e-18,0
site_00022,0,9.04469381451507e-18,0
site_11762,0,3.0511181018846507e-125,0
site_20109,0,3.1922242969890166e-23,0
site_00548,1,0.982025065465914,1
site_19402,0,7.484268430157111e-56,0
site_06158,0,8.15149064107682e-47,0
site_11800,0,1.0538321641951462e-62,0
site_07814,0,6.172146292576028e-110,0
site_12802,0,1.1132572728044365e-79,0
site_17427,0,0.018382931035175742,0
site_14309,0,1.016127032218246e-42,0
site_13627,0,3.230473027280126e-56,0
site_16299,0,4.777132519385882e-16,0
site_16316,0,6.962270318497563e-05,0
site_06649,0,3.2669863115149535e-38,0
site_10436,0,9.755843979429321e-135,0
site_16416,0,3.6331217617983964e-22,0
site_07660,0,1.4994461559289005e-57,0
site_07766,0,1.1785596519494226e-59,0
site_17822,0,2.816967564775622e-16,0
site_05535,0,7.9432365475575845e-25,0
site_12864,1,0.9924616764808167,1
site_21414,1,0.9976185743262749,1
site_16492,1,0.9999103134496751,1
site_19178,1,0.4711320351563541,0
site_03260,0,1.9366328057003015e-13,0
site_11787,0,1.7060471329531544e-84,0
site_00637,0,4.063101696210355e-06,0
site_02830,1,0.9999687056799046,1
site_02556,0,9.554923814261762e-37,0
site_00674,0,3.5558254229322396e-05,0
site_17307,0,1.1768978895685613e-33,0
site_00020,0,3.263868704599777e-19,0
site_02497,0,1.457801849578042e-30,0
site_16386,0,2.4289818343838284e-73,0
site_13896,0,5.56795949420747e-18,0
site_14645,0,1.491467330981383e-34,0
site_20879,0,7.8554247319666346e-31,0
site_01123,0,0.0016020407166355312,0
site_18803,0,1.7970027034806948e-47,0
site_11874,1,0.9999934819636263,1
site_13359,0,5.972855627357736e-10,0
site_13865,0,1.8544166288637048e-28,0
site_16740,1,0.9999983383194965,1
site_00613,0,1.1629434524549117e-25,0
site_14418,0,6.016996760812956e-66,0
site_08124,0,2.0029517681753315e-67,0
site_19776,0,5.115185523152068e-37,0
site_06778,0,4.980889594420953e-37,0
site_02082,0,1.372458265474624e-31,0
site_08715,0,1.5348940359243474e-129,0
site_13829,0,1.7495553386843807e-67,0
site_10937,0,8.029319268711569e-109,0
site_20897,1,0.9995959393655284,1
site_09109,0,8.261352313224657e-115,0
site_18156,0,2.893692781649819e-35,0
site_08395,0,6.424798253947059e-89,0
site_15651,0,4.569076251537571e-53,0
site_21147,0,3.2681496501451035e-08,0
site_10195,0,2.0836552812398917e-131,0
site_06812,0,2.197808445259538e-52,0
site_13147,0,3.233558362585611e-93,0
site_14695,0,2.098742013877116e-52,0
site_01570,0,8.116599078228125e-10,0
site_12309,0,3.105363555173125e-84,0
site_20632,0,2.9320296679220636e-57,0
site_02969,0,4.341819730187777e-31,0
site_02654,0,0.020339866602815046,0
site_15892,0,1.024373784108963e-27,0
site_01041,0,2.3629305017191869e-29,0
site_10226,0,5.3392809496725564e-83,0
site_08673,0,2.4003008219972574e-127,0
site_02040,0,6.122425797478748e-10,0
site_14054,0,2.8611240076746167e-40,0
site_13328,0,5.2244686883050854e-09,0
site_16157,0,4.753643663857294e-46,0
site_02943,1,0.9999964702575626,1
site_18992,0,3.916134868016574e-42,0
site_04598,0,6.619486494354073e-62,0
site_15339,0,3.316732524361538e-58,0
site_18958,0,7.040278202983218e-40,0
site_14041,0,3.437666049874051e-59,0
site_17371,0,1.19100681107734e-10,0
site_19908,0,1.0004668327692893e-29,0
site_10128,0,8.16782513364475e-06,0
site_04883,0,2.7068352488607504e-45,0
site_15546,0,3.62769539591371e-29,0
site_18463,0,2.178648035466067e-25,0
site_10783,0,1.243132813985254e-150,0
site_16769,0,7.111396648963966e-42,0
site_01389,0,0.19431545596774022,0
site_01221,0,3.820145410888962e-33,0
site_11334,0,1.4959441408764008e-106,0
site_07191,0,2.6319183132070892e-73,0
site_06557,0,1.7803473323113808e-49,0
site_12031,0,1.7810660286370874e-127,0
site_20387,0,2.0736841437021145e-25,0
site_02623,0,1.5304744731838887e-45,0
site_07299,0,2.3058537364519604e-48,0
site_08309,0,4.59804959682381e-111,0
site_20348,1,0.6018822204933669,1
site_18388,0,3.2369857904982043e-23,0
site_20853,0,6.2832529056722645e-49,0
site_03052,1,0.9999994642078547,1
site_18468,0,2.0629693084737546e-16,0
site_03712,0,1.6033868044340803e-39,0
site_19866,1,0.9999992111551604,1
site_09886,0,1.3522934904713492e-22,0
site_11604,0,2.5548736068261933e-139,0
site_02756,0,5.691892558100494e-20,0
site_19688,0,4.429339807157932e-63,0
site_19630,0,8.18913265319422e-55,0
site_01970,0,4.3451147932805327e-38,0
site_10812,0,1.2222954160091382e-102,0
site_07881,0,1.084007353726935e-61,0
site_02269,0,6.02599662241232e-43,0
site_03446,0,3.0885839564664084e-23,0
site_02844,0,7.603494307422946e-16,0
site_04842,0,1.860964270794897e-48,0
site_17962,0,3.9928709223713315e-13,0
site_10459,0,1.4898708435071102e-101,0
site_02775,1,0.9999867244857376,1
site_09368,0,1.8300728239108883e-140,0
site_19705,0,4.103375373187095e-45,0
site_12684,0,9.423200627734911e-78,0
site_19913,0,1.827754732848108e-08,0
site_19607,1,0.9999999366565355,1
site_13327,0,9.233492200693225e-07,0
site_08580,0,2.271976056539546e-127,0
site_11123,1,0.9999784487437118,1
site_05409,0,1.4976809533710604e-53,0
site_12475,0,1.193064968328617e-27,0
site_10949,0,4.733380223656922e-92,0
site_06129,0,3.117823191893857e-09,0
site_16370,1,0.9993008550401212,1
site_17498,0,4.569879927100954e-52,0
site_07613,0,3.0265879899299485e-62,0
site_19665,1,0.9999995460080304,1
site_02737,0,1.6615151967799994e-48,0
site_00265,1,0.9999998492340113,1
site_17442,0,1.0500809179098442e-38,0
site_08357,0,1.0328292747434775e-113,0
site_05025,0,6.421086418934336e-52,0
site_05495,0,5.857615042688135e-24,0
site_06179,0,3.2326870392928415e-05,0
site_18011,0,9.74079535984131e-40,0
site_19343,0,1.5952591382591742e-55,0
site_19480,0,1.8886548799008355e-58,0
site_04255,0,2.5800632911346103e-26,0
site_06033,0,3.441631305916822e-07,0
site_15547,0,3.449010600419437e-27,0
site_21117,1,0.9999992375378122,1
site_15568,0,8.995810080472414e-56,0
site_01981,1,0.9981473805858821,1
site_12751,1,0.9999593716396681,1
site_02768,0,0.4376600051543707,0
site_18296,0,2.0870248794739317e-52,0
site_16043,1,0.9969727758016084,1
site_01303,0,1.218861946076197e-16,0
site_20696,0,2.075503173635696e-52,0
site_10930,0,2.6218819400532444e-122,0
site_13354,0,7.902673254980123e-06,0
site_06177,0,1.2187654568443699e-08,0
site_05941,0,2.2087877308226913e-52,0
site_08480,0,1.9513554519577986e-83,0
site_06424,0,2.240252203016619e-63,0
site_10084,0,2.76027778174563e-101,0
site_03072,0,6.1884280733655424e-30,0
site_09875,0,7.917009084462382e-15,0
site_13459,0,9.496349445181479e-08,0
site_18318,0,1.7958996687868948e-44,0
site_19818,0,1.6796267585664127e-67,0
site_17580,0,6.202860141850662e-40,0
site_17154,0,1.3430015329855953e-30,0
site_10235,1,0.9999934578118616,1
site_17960,0,1.006790910273148e-15,0
site_05792,0,1.646986864419887e-49,0
site_14082,0,9.742610722020449e-23,0
site_12455,0,2.6801784824450434e-45,0
site_00724,0,1.0318387669019607e-16,0
site_05223,0,1.9878911865581065e-26,0
site_08276,0,3.2422018129616572e-83,0
site_03597,0,8.374921616791998e-12,0
site_16937,0,3.4835869754892256e-53,0
site_09202,0,1.996133701762828e-131,0
site_06502,0,2.2144716956556066e-49,0
site_20125,1,0.9634560664096182,1
site_08398,0,2.5550952622582593e-102,0
site_01984,0,3.7248189941772116e-11,0
site_10256,0,0.011335355659803216,0
site_21534,0,1.2953460043961222e-25,0
site_20582,0,3.607197435922803e-38,0
site_08160,0,3.6868123169048366e-70,0
site_13538,0,1.3683393390088897e-35,0
site_07102,0,5.691037110101383e-42,0
site_09158,0,0.07214168696407204,0
site_18606,0,2.9725156852492635e-37,0
site_17419,0,1.2251233612604563e-18,0
site_08942,0,7.239960729953208e-13,0
site_03087,0,2.3935972985500447e-11,0
site_02339,0,6.414590270394165e-16,0
site_07213,0,1.0890707355236262e-33,0
site_10048,0,2.7079561447241843e-162,0
site_02638,0,2.4971423905871531e-29,0
site_19455,1,0.9999833805845323,1
site_17627,0,5.548040138530929e-19,0
site_17053,0,1.842547773635743e-36,0
site_10632,0,0.5357214633586291,1
site_14845,0,5.893298903748854e-46,0
site_05987,0,1.333988532869928e-33,0
site_20448,0,4.245063868401717e-40,0
site_18575,0,2.2056021798633083e-34,0
site_03461,0,0.16284936588456325,0
site_07443,0,9.813743197238397e-60,0
site_07664,0,3.5047948783989115e-61,0
site_18061,0,1.7829482793582086e-42,0
site_12062,0,1.9269808954103778e-78,0
site_19454,1,0.999991357163425,1
site_06213,0,1.95092796758339e-46,0
site_15922,0,8.273482498778268e-65,0
site_03643,0,3.853794530200842e-40,0
site_20231,0,9.807061255819016e-53,0
site_06352,0,2.3962436185004156e-52,0
site_02694,0,3.6505676625771716e-23,0
site_15264,0,2.018983334808054e-54,0
site_18715,0,2.5910717662738915e-37,0
site_19367,0,5.482245392483073e-31,0
site_17845,0,3.8990642112999685e-48,0
site_04553,0,5.565806155124962e-35,0
site_07306,0,6.655798580199553e-53,0
site_16272,0,1.394610533891423e-70,0
site_05852,0,6.516547257197073e-77,0
site_08345,0,6.438542852834018e-90,0
site_18698,1,0.9965858213385794,1
site_03931,0,3.7509278528093894e-28,0
site_07656,0,1.085297256017279e-55,0
site_11431,0,5.446130293310628e-23,0
site_02335,0,3.766680461035087e-14,0
site_19940,0,3.447799411276754e-15,0
site_12522,0,0.0032348802885771807,0
site_19142,0,1.8036623830021625e-54,0
site_08061,0,4.645791562656473e-71,0
site_00615,0,6.952325793775963e-22,0
site_07729,0,3.2233893500142095e-71,0
site_17087,0,5.4940041507608596e-64,0
site_09037,0,4.4206593430714976e-126,0
site_06864,0,7.450050105379834e-47,0
site_11279,1,0.9999995815630495,1
site_02754,0,1.5513996012589343e-23,0
site_10294,0,6.56827002969627e-158,0
site_13231,0,0.03473433895936844,0
site_04687,0,3.046615744993984e-36,0
site_15724,0,3.440982524464302e-60,0
site_21241,0,8.812635748848165e-20,0
site_08926,0,8.80922038398768e-145,0
site_17561,0,9.984709421096465e-21,0
site_09530,0,2.424431303116313e-22,0
site_19400,0,4.058331201167651e-56,0
site_21403,0,0.1725463426440615,0
site_19113,1,0.9935464689786928,1
site_04676,0,2.6716506779067033e-40,0
site_20764,0,2.0462756526156674e-40,0
site_02314,0,1.4931047341777584e-33,0
site_18851,0,5.83050347454074e-41,0
site_15721,0,5.690562937705281e-55,0
site_02052,1,0.9999607389648115,1
site_07787,0,1.1041243001578411e-76,0
site_08705,0,5.13673368714916e-119,0
site_08339,0,2.3098681625157026e-95,0
site_12077,0,7.836279311353532e-47,0
site_04286,0,3.0575070856129106e-46,0
site_10330,0,2.8605499024196287e-128,0
site_01062,0,6.376492107955107e-34,0
site_02698,0,3.186216761143214e-23,0
site_13565,0,5.3697573854353496e-11,0
site_13951,0,2.758286532478311e-46,0
site_13017,0,1.9991810048354946e-112,0
site_13881,0,1.3751221998937022e-18,0
site_20438,0,2.5618130631522125e-53,0
site_13972,0,1.1340498600301288e-24,0
site_18079,0,4.9001207721223294e-57,0
site_07517,0,8.382213966315226e-65,0
site_20459,0,7.509061944820827e-24,0
site_05403,0,6.206069256110596e-58,0
site_14423,0,1.772422333704458e-61,0
site_18455,0,2.0059664148882685e-40,0
site_13258,0,3.2502872999251098e-99,0
site_09044,0,4.1127864044308017e-134,0
site_06549,0,2.7921030155903922e-37,0
site_19544,0,1.6214542820710389e-55,0
site_04523,0,7.90269945164155e-45,0
site_01159,0,4.167721654452384e-07,0
site_03197,0,7.85985932470965e-14,0
site_00771,0,1.0275686933443222e-14,0
site_20473,1,0.9954973526817729,1
site_20902,1,0.9999973360748251,1
site_11894,0,3.270223660278683e-144,0
site_16173,0,2.9209844630851306e-12,0
site_02489,0,1.8899252586240065e-23,0
site_05704,0,0.039036221821004816,0
site_12149,0,2.5881809371237544e-141,0
site_05261,0,2.935725319172046e-59,0
site_06596,0,2.7199063640379414e-23,0
site_08086,0,4.382527608270314e-76,0
site_01977,0,3.0377795952055744e-23,0
site_16329,0,2.1020576206115265e-71,0
site_00941,0,8.820804390692352e-25,0
site_03801,0,2.8422136320714584e-21,0
site_06482,0,2.3307016957118407e-45,0
site_15460,0,1.606751997098031e-53,0
site_06635,0,1.4838121822465923e-52,0
site_15253,0,1.0952482471874113e-20,0
site_02325,0,3.9999819823169523e-44,0
site_06569,0,2.711120811610473e-63,0
site_03230,0,2.196989581376888e-53,0
site_20779,0,3.588013068322854e-17,0
site_21262,1,0.9999785537221342,1
site_05006,0,2.544988464616922e-59,0
site_05712,0,5.0453199365778956e-21,0
site_04086,0,3.1997152443874565e-51,0
site_08556,0,1.4644199697481986e-87,0
site_16098,0,2.659885682682127e-30,0
site_16741,1,0.9999765643211874,1
site_20201,1,0.9999982136884559,1
site_17447,0,2.3761922609404467e-52,0
site_08691,0,7.57466841627447e-105,0
site_19995,1,0.9999998390709585,1
site_03272,1,0.9999068303226628,1
site_18597,0,4.67935286928178e-53,0
site_01228,0,2.423290381385089e-22,0
site_07658,0,9.232413507003187e-55,0
site_04690,0,1.1415552659336675e-38,0
site_05769,0,7.750080261576677e-13,0
site_11689,0,7.25930224874146e-24,0
site_16547,1,0.9996169803366917,1
site_06599,0,4.4296063659720573e-16,0
site_07303,0,4.818065390560176e-51,0
site_01298,0,1.9288298982959473e-26,0
site_03859,0,1.9618628746081936e-32,0
site_00918,0,1.6224504819612374e-19,0
site_08059,0,1.3104231493844837e-69,0
site_15496,0,4.1248106844641256e-54,0
site_11897,0,6.94927743735725e-139,0
site_15634,0,2.842527271938707e-54,0
site_03224,0,5.02606569713657e-62,0
site_01243,1,0.9999190598225618,1
site_14543,0,6.478549647515875e-35,0
site_04260,0,3.29909357822718e-30,0
site_18091,0,8.834457372299831e-38,0
site_17436,0,1.5007477617241073e-52,0
site_17918,0,6.226268564692957e-51,0
site_02230,0,4.718508405448825e-13,0
site_07541,0,1.9592802345376033e-87,0
site_19470,0,3.920152836026641e-56,0
site_01138,1,0.99997489931471,1
site_05975,0,3.1384455881710895e-10,0
site_04622,0,4.640240285037238e-41,0
site_09866,0,0.00023496361874788234,0
site_19752,0,2.55525738016218e-65,0
site_19462,0,5.348807882907799e-19,0
site_02640,0,2.2649578691294554e-26,0
site_07674,0,7.344038747572737e-70,0
site_03301,0,1.6225360175659728e-41,0
site_05350,0,1.461998399350296e-64,0
site_18247,0,3.563994338278386e-36,0
site_11091,0,1.37644306422207e-62,0
site_04349,0,1.3481102092173683e-49,0
site_20605,1,0.9928723930196169,1
site_09465,0,1.646395695635425e-152,0
site_10833,0,1.0334220653744984e-19,0
site_15449,0,8.288287608401585e-55,0
site_05603,1,0.9999393483263038,1
site_15691,0,3.1484950942147095e-07,0
site_18451,0,2.4650962818954227e-47,0
site_08043,0,4.614153176971128e-114,0
site_07368,0,3.1823124014101864e-51,0
site_09936,0,3.419362662240563e-75,0
site_20566,0,2.620076492815943e-59,0
site_12182,0,7.147186684911346e-90,0
site_15311,0,2.565841247868905e-57,0
site_12362,0,9.295187754840823e-28,0
site_01963,0,5.885387763963152e-29,0
site_03342,1,0.9999479760343621,1
site_13781,0,7.755878863513006e-16,0
site_05799,0,8.887118774815398e-45,0
site_20044,0,2.978222889916281e-13,0
site_11687,0,0.001787324653483353,0
site_00325,0,8.133594639200611e-17,0
site_05649,1,0.9999757044689277,1
site_13171,0,1.391132833403593e-60,0
site_08759,0,2.1170686000333674e-131,0
site_14002,0,7.971462420364432e-22,0
site_20619,0,0.052080518579062915,0
site_18934,0,9.993789110078936e-44,0
site_19363,0,1.0052474828610124e-38,0
site_19846,0,1.316450437960841e-15,0
site_02876,0,3.978390892284801e-12,0
site_02326,0,1.5229227205356104e-43,0
site_02157,0,2.2012321639579948e-14,0
site_13735,0,1.0193161624382491e-52,0
site_15639,0,1.8896852090402567e-56,0
site_07321,0,1.0257290954129645e-70,0
site_16255,1,0.9999999467710998,1
site_03400,1,0.9999542250306154,1
site_21418,0,0.00550738320566463,0
site_11920,0,4.5823904484307265e-105,0
site_12651,0,3.1962684063265264e-127,0
site_02263,0,4.625535159270873e-37,0
site_05825,1,0.9996310383274444,1
site_12620,1,0.9802738484894619,1
site_12721,0,3.3628782491051066e-29,0
site_06959,0,9.702200074273755e-31,0
site_21158,1,0.9999876386576214,1
site_02342,0,5.064321697965908e-11,0
site_14953,0,2.1202995926863668e-48,0
site_11039,0,1.0333946923770932e-152,0
site_16245,0,9.502916679419162e-20,0
site_17787,0,3.346361207341079e-36,0
site_00589,1,0.6823970400485375,1
site_03623,0,2.7666058993802785e-09,0
site_00482,0,1.6676323883251366e-05,0
site_15875,0,6.118669514784385e-58,0
site_17851,0,1.11140247974029e-47,0
site_04629,0,4.4595592949355813e-38,0
site_20165,0,3.3121870695187333e-48,0
site_04979,0,2.3324528385338844e-49,0
site_20337,1,0.9999800882508748,1
site_12714,0,1.0926437490381107e-36,0
site_09890,0,2.5757341798032778e-27,0
site_13684,0,2.4176640982837694e-12,0
site_18465,0,9.39422585339719e-22,0
site_12871,1,0.9999374192623133,1
site_06233,0,2.0240813310010849e-25,0
site_20804,0,2.0901606459860881e-10,0
site_10316,0,8.37281520300757e-151,0
site_11767,0,6.212865438688573e-118,0
site_05789,0,1.8214456825379638e-68,0
site_18098,0,2.5053547431556936e-29,0
site_14051,0,8.487675039350863e-49,0
site_19548,0,8.297897826958936e-60,0
site_01510,0,1.6633935411514033e-12,0
site_14920,0,1.1501673028692741e-51,0
site_21058,1,0.9983193917448207,1
site_20707,0,1.513569835110267e-38,0
site_11659,0,1.987619874411385e-52,0
site_11043,0,1.949980003602176e-147,0
site_16739,1,0.35488402148865617,0
site_11435,1,0.986350980335856,1
site_14272,0,1.2515050305855227e-27,0
site_07896,0,7.196182117551431e-73,0
site_20484,0,2.1979367974281472e-12,0
site_02780,1,0.9999186721602186,1
site_00651,0,6.817961122301737e-31,0
site_15506,0,5.4947331022696626e-55,0
site_18103,0,4.0067931570971646e-25,0
site_13357,0,4.481535983515352e-09,0
site_02861,0,5.0026933917273704e-34,0
site_00777,0,7.065386631345485e-18,0
site_15292,0,1.332586884460333e-47,0
site_16293,0,4.9899271831226326e-29,0
site_04627,0,1.2102318556954074e-39,0
site_10363,1,0.9328354829043838,1
site_15957,0,1.0948395120055408e-35,0
site_19486,0,1.537391283023244e-60,0
site_18826,0,8.922390573598621e-29,0
site_08630,0,3.8671738771707764e-122,0
site_03695,0,7.950010788190855e-56,0
site_08346,0,2.0058891114005578e-97,0
site_10585,0,1.0525882644531384e-82,0
site_20833,0,1.619591337711916e-20,0
site_11276,0,5.84880220350733e-10,0
site_12278,0,5.21459881024359e-134,0
site_07850,0,2.571348276510954e-81,0
site_16166,0,4.2466525577373905e-28,0
site_01210,0,1.8574727885051854e-08,0
site_19998,0,6.761589767074579e-15,0
site_04950,0,4.875620247422188e-55,0
site_11352,0,1.4472534174360644e-83,0
site_19928,1,0.9999993082596454,1
site_11078,0,3.1174482030946434e-87,0
site_01068,1,0.9999998985543376,1
site_10365,1,0.9999999752641666,1
site_15379,0,1.2144147811735971e-51,0
site_05800,0,4.400015530516962e-52,0
site_14365,0,5.6192388778876524e-30,0
site_14616,0,9.541420396351301e-47,0
site_05054,0,3.3824566662480235e-60,0
site_10132,0,4.5105384383864475e-10,0
site_01638,0,1.198278672568489e-16,0
site_08450,0,5.146375022827647e-97,0
site_04324,0,4.6800428738536156e-35,0
site_07722,0,6.072395129516894e-64,0
site_11421,0,3.1264963546474923e-09,0
site_12816,0,1.6540625755214428e-60,0
site_13588,0,1.599802645097733e-12,0
site_19964,0,1.9083427659352725e-43,0
site_02810,0,1.512212619130611e-23,0
site_02278,0,1.5969607140478245e-10,0
site_07002,0,1.3811996958933428e-70,0
site_08663,0,1.384885289328629e-106,0
site_21482,0,9.032600544850728e-09,0
site_09452,0,9.446978847336801e-137,0
site_20043,0,2.173073786762293e-15,0
site_20973,0,1.4643309157724776e-48,0
site_20131,1,0.9999987667640141,1
site_19582,0,2.7102660142812977e-14,0
site_00355,0,7.807200425691908e-08,0
site_19614,0,7.14311767123187e-61,0
site_01998,0,2.96456110695339e-19,0
site_08577,0,1.0620503001128367e-123,0
site_08247,0,2.8492553363904836e-104,0
site_11056,0,1.9232302725702317e-125,0
site_06313,0,1.6953633016159566e-10,0
site_07903,0,3.440234660758159e-76,0
site_16647,0,9.556493908048289e-45,0
site_19028,0,1.0022390046353426e-39,0
site_02528,0,2.460963908660901e-09,0
site_21240,0,2.4101761150443404e-48,0
site_19593,1,0.9999975968156846,1
site_11544,0,4.2750384675958e-10,0
site_13262,0,4.228730991807406e-93,0
site_01153,0,5.331315517316173e-21,0
site_05347,0,2.1330318265022973e-64,0
site_18067,0,1.044984826600315e-51,0
site_07997,0,2.2560507712555397e-66,0
site_09138,0,1.3847954902962263e-149,0
site_13927,0,8.69984948940632e-74,0
site_00455,0,9.716743959319736e-15,0
site_05755,1,0.9999741922065073,1
site_02156,0,3.768630108602967e-18,0
site_09984,0,3.395337696464617e-32,0
site_18111,0,3.261053134887744e-17,0
site_14094,0,3.538097520712343e-22,0
site_10213,0,2.794541624902716e-105,0
site_05948,0,2.5303154171810737e-37,0
site_07643,0,2.020073975161165e-95,0
site_05458,0,1.911676384663447e-67,0
site_04155,0,5.4634574142062455e-48,0
site_05788,0,7.427153858920815e-73,0
site_10776,0,3.4746711261555042e-161,0
site_13688,0,4.506422913240951e-14,0
site_14887,0,1.2855439942477236e-40,0
site_01182,0,6.397835140338858e-38,0
site_20111,0,1.4379377783206227e-20,0
site_13075,0,1.2673898614382863e-36,0
site_08428,0,3.178730622884919e-81,0
site_05598,1,0.9999991579887126,1
site_14963,0,3.0510867313941235e-42,0
site_10450,0,3.822783317903151e-114,0
site_17288,0,1.489616242148555e-59,0
site_08291,0,5.413354638472294e-87,0
site_10259,0,6.1825626514223e-06,0
site_10218,0,2.5546360427562507e-97,0
site_10730,1,0.9999999389022702,1
site_21271,0,0.6457738888836239,1
site_12146,0,0.005711217118089164,0
site_11337,0,6.284590702618504e-103,0
site_06215,0,6.558615869053749e-49,0
site_21054,0,0.00012111077825998761,0
site_15684,0,6.35961508302346e-29,0
site_05612,0,2.6941223217082567e-15,0
site_07647,0,5.897440724519324e-102,0
site_11466,0,8.775998376856057e-131,0
site_07366,0,1.941567655194844e-49,0
site_21202,0,1.1305375341724186e-53,0
site_06791,0,2.2768529941532753e-55,0
site_20047,0,1.849464818950683e-08,0
site_02427,0,1.1436253263657914e-11,0
site_08138,0,6.152477237886097e-96,0
site_02190,0,2.8275837090384405e-22,0
site_08923,0,1.1824601856118634e-142,0
site_08903,0,6.654049817491039e-122,0
site_13428,0,7.139445303622809e-32,0
site_13401,0,7.374384241529248e-56,0
site_14026,0,2.4043208640244287e-73,0
site_05531,0,2.156832470329971e-55,0
site_19154,0,1.681116697561359e-48,0
site_17873,0,1.0676178428935926e-22,0
site_17431,1,0.3931502533482525,0
site_20691,0,3.3948607724805925e-37,0
site_18089,0,2.224739674355787e-42,0
site_15372,0,3.870316231533516e-49,0
site_00301,1,0.999993124276206,1
site_08647,0,2.453521380144178e-19,0
site_17826,0,3.016619255836864e-24,0
site_11539,0,0.004151042961746172,0
site_19349,0,3.4391717768452074e-60,0
site_07785,0,4.950683538299122e-73,0
site_02259,0,4.103831376377485e-33,0
site_11207,0,3.7011326602604787e-98,0
site_08349,0,5.848531524966775e-94,0
site_10046,0,1.0698676868422085e-165,0
site_08612,0,1.8345763322560288e-102,0
site_13353,0,1.776420082338293e-05,0
site_09917,0,9.40282094968806e-168,0
site_08215,0,2.8360284852792745e-73,0
site_19646,0,3.054834643257037e-26,0
site_07388,0,1.206423661490755e-72,0
site_01518,1,0.9789695864202105,1
site_01877,0,6.652442833452958e-17,0
site_16624,0,1.0658902044177052e-77,0
site_13716,0,2.3408872186086106e-76,0
site_19895,0,4.186820936959499e-53,0
site_10867,0,4.027371587843254e-24,0
site_06997,0,3.2635212517840135e-64,0
site_13954,0,3.949612119161373e-41,0
site_04606,0,8.982707063627157e-56,0
site_11359,0,2.856534015896372e-70,0
site_01488,0,0.5714861303918612,1
site_15267,0,1.2471286501042748e-52,0
site_09016,0,4.519559850388634e-17,0
site_19209,0,1.3192832889848361e-55,0
site_18666,0,3.021632033124017e-50,0
site_20741,0,4.135496610602804e-09,0
site_12249,1,0.9999938864364541,1
site_14325,0,5.708778773063608e-66,0
site_04521,0,6.6958036166743335e-40,0
site_18791,0,7.815604678132321e-40,0
site_18709,0,1.0083021133576754e-37,0
site_19167,0,6.872393173269125e-27,0
site_05928,0,2.7258317161175736e-72,0
site_20683,1,0.9998355928294559,1
site_10372,0,3.3360902719603455e-17,0
site_13320,0,6.938972599568789e-23,0
site_15951,0,4.483299483742221e-47,0
site_16059,0,1.4013448199179316e-62,0
site_02672,0,8.359206668079809e-22,0
site_00032,0,0.00025673953740828635,0
site_12366,0,2.5357321707102085e-06,0
site_04748,0,2.716925738255736e-46,0
site_12930,0,3.950593438747347e-65,0
site_10858,0,1.4736797973859502e-06,0
site_11545,1,0.965078658977624,1
site_21402,0,0.0027320697693241115,0
site_09556,0,2.673561293229142e-148,0
site_12382,0,3.73696181386388e-12,0
site_05430,0,7.66377843484149e-67,0
site_20393,0,1.1291478589391899e-17,0
site_21407,1,0.9998491131133789,1
site_02228,0,1.0286312027866592e-18,0
site_02284,0,7.944935752197547e-07,0
site_04188,0,1.4954067773967303e-20,0
site_07621,0,1.3450521980506872e-69,0
site_09590,0,1.7420579079078664e-69,0
site_00043,1,0.9999641424221241,1
site_06297,0,1.1920899231458479e-35,0
site_05724,0,5.202350586068101e-70,0
site_19060,0,5.201486187983473e-47,0
site_08607,0,8.09747676684407e-96,0
site_20010,0,1.9102477507263254e-70,0
site_17279,1,0.9996107733313178,1
site_01085,0,1.0093111114853562e-08,0
site_20021,0,3.575958354491577e-57,0
site_06654,0,1.1853858933100517e-50,0
site_09719,0,1.4638065627067471e-95,0
site_06056,0,1.66103827899414e-17,0
site_19736,1,0.9999963818098276,1
site_16817,0,8.45955525045571e-63,0
site_04329,0,2.775214031188503e-68,0
site_03306,0,5.427074382085263e-31,0
site_00216,0,1.3005709922017453e-15,0
site_05259,0,1.6706302716963042e-46,0
site_18614,0,8.48124460424215e-22,0
site_18737,0,4.234241689957252e-50,0
site_04592,0,2.0494925022235505e-73,0
site_03180,0,2.0165664546206884e-32,0
site_15274,0,3.3213613317893176e-50,0
site_03709,0,2.3020310515942846e-45,0
site_05338,0,3.8751959872663555e-64,0
site_03833,0,4.804188665091435e-54,0
site_16257,0,3.591660619734644e-23,0
site_18679,0,2.2555584953380427e-37,0
site_21461,0,3.603469912476535e-06,0
site_14437,0,2.545011508214733e-47,0
site_14301,0,2.119855171550137e-33,0
site_12411,0,2.370504055062732e-113,0
site_07052,0,3.5382382051081992e-56,0
site_12535,0,9.374427011850139e-105,0
site_03698,0,8.460259964006351e-56,0
site_14180,0,3.8709885291833657e-25,0
site_12671,0,5.048847823767096e-96,0
site_12229,0,6.267229543387336e-20,0
site_18294,0,1.2943721891479806e-51,0
site_07502,0,1.4317883575303064e-51,0
site_04107,0,1.902481794045379e-37,0
site_09621,1,0.9999671088103195,1
site_10139,0,3.9709406650728335e-11,0
site_16377,1,0.9999805628991847,1
site_18729,0,2.151641346681079e-43,0
site_18453,0,1.06999136334248e-43,0
site_12465,0,1.6895215755004567e-39,0
site_16381,1,0.999999857602731,1
site_04024,0,5.832132990284189e-61,0
site_12822,0,8.287993905387878e-50,0
site_12963,0,2.7009739299715996e-29,0
site_12413,0,1.0519044767309369e-101,0
site_08680,0,9.153639410800171e-136,0
site_09067,0,4.49163617438352e-162,0
site_07615,0,9.961433796630543e-64,0
site_09416,0,2.830428707144579e-11,0
site_20141,0,7.4718825897330814e-06,0
site_03383,0,1.366660389032736e-15,0
site_09003,0,1.183243757904674e-71,0
site_15349,0,9.584830550419184e-53,0
site_02747,0,1.0347051629901762e-35,0
site_14503,0,3.1996516895825223e-71,0
site_10051,0,2.8296896894277674e-158,0
site_13323,0,3.6983057756213207e-09,0
site_04070,0,6.3669002788680435e-18,0
site_19084,0,1.6766433557802732e-57,0
site_02567,0,2.253451040772125e-44,0
site_10834,0,2.5837308084443394e-18,0
site_10531,0,1.1966910625906403e-169,0
site_17267,0,0.18034342744054438,0
site_04406,0,2.0362021693880035e-54,0
site_04035,0,1.7933473441547713e-49,0
site_05467,0,2.722134375970841e-68,0
site_09643,0,8.158706060693744e-20,0
site_09570,0,9.14161714200064e-165,0
site_00087,1,0.9210137066530099,1
site_02912,0,9.111644051837644e-29,0
site_09231,0,1.7958695391029248e-158,0
site_18004,0,1.727534973747748e-43,0
site_09081,0,2.449337256463135e-13,0
site_19791,1,0.9997176754556762,1
site_17510,0,1.6719707636839446e-25,0
site_20826,0,1.2093014033285384e-33,0
site_08605,0,7.587178589673336e-95,0
site_02850,0,3.3453195606120138e-43,0
site_21128,0,1.0031207827850815e-50,0
site_08229,0,6.607473838362283e-80,0
site_06534,0,6.087578460187633e-20,0
site_10412,0,4.380303620896536e-24,0
site_19292,0,3.1490860156118354e-42,0
site_05258,0,4.4579658047355605e-50,0
site_07492,0,1.9383180368039166e-47,0
site_21149,0,2.4624459113557888e-05,0
site_19423,0,1.872112085350682e-55,0
site_18445,0,6.327311130770713e-51,0
site_03511,0,1.3519593463055134e-30,0
site_14917,0,3.766198081482455e-49,0
site_11331,0,4.180064187738124e-116,0
site_06894,0,1.5480336439966553e-28,0
site_07561,0,5.725046396750253e-60,0
site_21538,0,6.398536306253354e-20,0
site_01057,1,0.994952662341632,1
site_06606,0,1.987555750591116e-20,0
site_18969,0,6.409345315537904e-20,0
site_06934,0,2.6118717143767244e-60,0
site_19790,1,0.9871728407236439,1
site_12009,1,0.9999999720655955,1
site_18952,0,5.643298517199141e-51,0
site_17552,0,1.8244754624638565e-38,0
site_06689,0,1.7310842971674677e-24,0
site_18855,0,1.5662594545921105e-40,0
site_07843,0,5.239483570509974e-76,0
site_14478,0,3.794533242080406e-31,0
site_01116,0,7.935244065211577e-19,0
site_07224,0,4.4330856357268537e-41,0
site_16050,1,0.999999541713745,1
site_02265,0,1.3400149186129676e-32,0
site_05681,0,1.4568823523925937e-34,0
site_01871,0,2.6824449456098556e-17,0
site_09262,0,4.933948563212809e-17,0
site_04892,0,1.471232619932691e-49,0
site_05229,0,8.16507630624626e-60,0
site_11964,0,5.694659527133758e-33,0
site_14687,0,2.926433754391175e-61,0
site_06937,0,1.2641021018947006e-64,0
site_15198,0,1.3075734584110046e-48,0
site_12653,0,3.346376582253812e-123,0
site_01851,0,1.2479565623198343e-12,0
site_13603,0,1.7110948303647758e-85,0
site_16334,0,1.1912341272416064e-74,0
site_05783,0,6.897867505228462e-21,0
site_12059,0,2.2857166169453202e-85,0
site_06972,0,4.158312494620229e-35,0
site_03247,0,4.507918725224936e-25,0
site_13344,0,2.7657768547025103e-05,0
site_12691,0,8.566193850654072e-67,0
site_14922,0,2.1229719835208236e-52,0
site_12893,0,3.971189102921637e-06,0
site_07985,0,7.169954551188964e-112,0
site_17386,0,2.4919436422718607e-48,0
site_04043,0,1.2088364113471774e-38,0
site_16303,0,3.212353582813675e-06,0
site_09264,0,5.447758376719404e-19,0
site_04497,0,3.750448880253414e-33,0
site_04562,0,1.727530446123452e-36,0
site_01732,0,2.495805073301934e-13,0
site_18617,0,1.1084756503902138e-15,0
site_00924,0,0.0007222436123868729,0
site_13006,1,0.9398127074405213,1
site_01731,0,7.588209275133741e-14,0
site_10349,0,1.4658429670581156e-95,0
site_09445,0,6.519040692203128e-30,0
site_20908,0,1.078385700172305e-22,0
site_01308,0,5.774364159532981e-09,0
site_16086,0,6.1539671415372185e-50,0
site_10407,0,2.3671539336956264e-14,0
site_06522,0,4.5157267644719553e-20,0
site_00101,1,0.9999935219651447,1
site_10678,0,2.8450400341109258e-123,0
site_12360,0,5.1867112960998907e-17,0
site_04224,0,1.3752741153330616e-36,0
site_18725,0,7.270566852212568e-39,0
site_20783,0,1.6603697330057427e-09,0
site_14236,0,1.0937061678199809e-60,0
site_08779,0,1.5427368080638532e-20,0
site_08240,0,8.771367713396222e-96,0
site_07324,0,7.770847632099813e-75,0
site_01263,0,5.787749004565287e-25,0
site_02583,0,4.1712270196334047e-23,0
site_21365,0,0.004029712778473385,0
site_10305,0,3.3284822354486936e-166,0
site_07701,0,3.8098970173580573e-100,0
site_15181,0,7.173325180414098e-60,0
site_10004,0,2.2433398777285513e-12,0
site_08458,0,1.9399575317092326e-105,0
site_19634,0,1.2508798531422746e-49,0
site_04639,0,5.423073969889429e-36,0
site_09649,0,3.283268346683308e-22,0
site_19771,0,4.0597982568322464e-47,0
site_04996,0,4.1560777803057345e-51,0
site_00867,0,5.998463735050719e-15,0
site_11533,0,6.1346238905290955e-06,0
site_14064,0,1.298869259956383e-33,0
site_20455,0,2.398553854345723e-28,0
site_12008,1,0.9999998118373771,1
site_09357,0,3.157324554725369e-28,0
site_06621,0,5.0888286510641573e-33,0
site_05174,0,2.618834993446044e-58,0
site_06296,0,6.165984002295016e-37,0
site_04870,0,2.809156066710735e-48,0
site_01162,0,0.3662739898473041,0
site_16496,1,0.9999999670850663,1
site_09287,0,4.496681130950576e-140,0
site_09746,0,1.7625784207586773e-07,0
site_13319,0,7.1102190574048955e-25,0
site_11106,0,8.452883425912565e-08,0
site_09607,0,3.324662152585747e-82,0
site_02458,0,5.2767918319782965e-24,0
site_17313,0,2.0867256866380317e-16,0
site_21423,1,0.994290165288012,1
site_08945,0,9.123200197874533e-16,0
site_09744,1,0.8849098347444454,1
site_16206,0,2.5748809201011144e-69,0
site_09094,0,1.8541918321368576e-20,0
site_08704,0,8.155076820337401e-117,0
site_07054,0,4.400624389847184e-59,0
site_16321,1,0.999998569869049,1
site_01537,0,2.972840544276935e-14,0
site_07117,0,4.418602875590277e-58,0
site_12508,0,1.7013661575749893e-07,0
site_15701,0,8.83233570389757e-59,0
site_08233,0,5.444320438969472e-85,0
site_08050,0,3.4436098761914856e-65,0
site_12345,0,1.2359124228438566e-32,0
site_16150,0,3.3123808843770897e-59,0
site_15016,0,1.894202122805932e-64,0
site_00385,1,0.9999939706202088,1
site_14579,0,1.9890696259369467e-42,0
site_08867,0,6.598529740439886e-142,0
site_08479,0,2.46391501146872e-82,0
site_18356,0,5.142997737409332e-34,0
site_13456,0,2.4782390831000266e-08,0
site_14748,0,4.5033821997108565e-43,0
site_05968,1,0.7431637636358506,1
site_19287,0,4.0598171366465044e-49,0
site_03148,0,0.0018825324197201177,0
site_19594,1,0.9999925503122609,1
site_17572,0,1.020568258255728e-73,0
site_13279,0,1.7805481771901398e-65,0
site_19687,0,3.3260796965059816e-63,0
site_21346,1,0.9352464466458205,1
site_16469,0,2.9713884537189983e-52,0
site_20685,0,7.15690674680054e-36,0
site_13444,0,5.978284245135434e-11,0
site_17976,0,2.346481766017593e-27,0
site_07757,0,3.154674513267019e-101,0
site_03654,0,3.498737639382029e-24,0
site_10944,0,2.0704029768085326e-101,0
site_08073,0,1.0342847186180232e-80,0
site_09451,0,4.421384901560471e-137,0
site_17096,0,2.3278430810548385e-52,0
site_16456,0,5.091360754478553e-71,0
site_20466,0,1.42265805898349e-13,0
site_11473,0,2.69674271149781e-121,0
site_09286,0,2.1147117714961306e-137,0
site_12501,0,3.2398456279822934e-06,0
site_09671,0,2.52744042968107e-144,0
site_11012,1,0.9995802351893139,1
site_05405,0,6.483064323601081e-59,0
site_06724,0,3.3393095864824245e-67,0
site_07719,0,1.5729172572313268e-62,0
site_02034,0,6.92267012728134e-16,0
site_08817,0,1.0114255894598399e-137,0
site_05161,0,1.1630651001443835e-55,0
site_09891,0,2.4237661782043323e-29,0
site_02154,0,2.5785934308830653e-17,0
site_13560,0,1.8845171027327578e-11,0
site_12052,0,1.0421605335700229e-95,0
site_14784,0,4.399849549087525e-45,0
site_06821,0,2.8133730310390376e-40,0
site_12334,0,7.248120961748951e-42,0
site_13058,0,1.0811090387817674e-55,0
site_07240,0,1.3631490788872303e-55,0
site_12316,0,1.015955871381216e-70,0
site_04412,0,4.3838515682885806e-45,0
site_08503,0,3.270044083126422e-97,0
site_07592,0,8.499221547049728e-94,0
site_07414,0,4.0236719257118416e-45,0
site_19811,0,7.88708545905991e-27,0
site_09559,0,1.1972044178590716e-154,0
site_02939,1,0.9998403992067938,1
site_09266,0,4.422423987240687e-23,0
site_10016,0,2.0589926908038413e-21,0
site_15548,0,7.186391958266334e-26,0
site_08051,0,7.044706122350197e-65,0
site_16650,0,3.482615784076762e-22,0
site_06299,0,1.5588960357601633e-32,0
site_11341,0,9.110721176281042e-100,0
site_19337,0,6.941967099409023e-55,0
site_05873,0,4.3150967747519984e-45,0
site_15010,0,1.0770047010181477e-42,0
site_01864,0,1.7033445740201498e-28,0
site_16397,0,1.6278626677598848e-69,0
site_12231,0,1.2211933710330707e-18,0
site_09330,0,1.0255264064908935e-07,0
site_17953,0,7.745307779713534e-20,0
site_10049,0,5.934714423029156e-162,0
site_02231,1,0.9990377659666732,1
site_05057,0,5.374413302340964e-60,0
site_00847,0,7.117589172053117e-23,0
site_12066,0,4.1504557247457426e-74,0
site_06070,0,4.711585563687301e-43,0
site_06787,0,7.8576720418260475e-50,0
site_15321,0,4.793111909142225e-41,0
site_13239,0,0.0030959409339471294,0
site_11610,0,2.2475750008899272e-131,0
site_01061,0,2.2987645186597008e-49,0
site_20327,0,1.9998313282237805e-12,0
site_11288,0,0.35319459048833235,0
site_06015,0,1.49855286972041e-46,0
site_11738,0,4.998476751231918e-11,0
site_17461,0,2.252234551929995e-31,0
site_05872,0,4.1444185811000585e-40,0
site_01749,0,4.107747929458807e-08,0
site_00028,1,0.9999736989026632,1
site_02377,0,1.8250829114569217e-38,0
site_20083,0,1.5191188899121605e-66,0
site_20726,0,7.101031007673405e-09,0
site_17129,1,0.881453942976782,1
site_12107,0,1.6345032168625402e-07,0
site_20592,0,7.149853617912765e-24,0
site_14902,0,2.8626001002870396e-40,0
site_16281,0,2.947538371568157e-63,0
site_10455,0,1.0626343647506774e-106,0
site_17631,0,1.7369054539439552e-19,0
site_04362,0,5.6217940492139715e-33,0
site_00299,1,0.9999736378685691,1
site_11742,0,2.1471855620597857e-21,0
site_08068,0,3.1576236689684267e-77,0
site_08140,0,4.308204186167453e-94,0
site_15770,0,2.826978461083447e-24,0
site_02587,0,6.302560894881941e-16,0
site_13127,0,0.004887869866676089,0
site_05036,0,9.521921290947626e-52,0
site_09468,0,5.360429621807557e-157,0
site_02308,0,1.2936756582502827e-27,0
site_13114,1,0.9176507189115276,1
site_10458,0,3.615547005279349e-104,0
site_01675,0,1.6524780152734672e-20,0
site_17749,0,1.9923818773975513e-19,0
site_16554,1,0.9999998749340772,1
site_05943,0,2.6920072023269033e-46,0
site_06181,0,3.835551566330843e-05,0
site_16519,0,1.1837864089303403e-64,0
site_07442,0,2.8229041871654483e-58,0
site_07159,0,3.9587741597482806e-39,0
site_01923,0,4.5466403921536566e-13,0
site_20402,0,0.2433765896369044,0
site_17448,0,1.3395807106113752e-52,0
site_07339,0,8.740772036564168e-65,0
site_16052,0,3.299634768861602e-10,0
site_15127,0,7.692741897059934e-46,0
site_20774,0,5.477560304528137e-27,0
site_11299,0,5.2341036632299096e-166,0
site_17166,0,0.22976233843496083,0
site_13853,0,3.4246007326701594e-38,0
site_12323,0,1.6355956147176103e-57,0
site_03839,0,3.994381704500026e-52,0
site_14911,0,7.798631445098322e-44,0
site_21118,1,0.9999979502477696,1
site_20522,0,4.602130546652948e-31,0
site_14642,0,1.3470069603806422e-34,0
site_17675,0,3.1765383685864787e-07,0
site_21036,0,1.4808052836212805e-37,0
site_17666,0,3.454622709897786e-18,0
site_19654,0,1.9624157020439595e-07,0
site_12810,0,1.2453660938792842e-62,0
site_17778,0,5.0369556750427145e-50,0
site_07237,0,1.751353573014655e-52,0
site_00172,0,2.221477082589899e-31,0
site_03088,0,2.1938845107696687e-07,0
site_03385,0,1.609364448656235e-16,0
site_13048,0,3.36465393331971e-65,0
site_11682,0,9.521335634287674e-07,0
site_10489,1,0.9999968747084049,1
site_12777,0,4.462903970848e-112,0
site_14017,0,4.15361847684272e-83,0
site_09939,0,2.2973614817767914e-75,0
site_17958,0,4.853478535228572e-16,0
site_02139,0,1.439158484501145e-29,0
site_05650,1,0.9998485216306422,1
site_02105,1,0.9999999252370464,1
site_00461,0,0.13283245477390063,0
site_16555,1,0.999999986972798,1
site_14108,0,9.639604504123914e-31,0
site_14358,0,5.346731988596335e-32,0
site_13189,0,5.021798191048307e-40,0
site_11081,0,1.947975102847318e-87,0
site_07760,0,4.545061969202133e-106,0
site_17233,0,2.545118562565636e-10,0
site_04301,0,2.7519602585327452e-30,0
site_20380,0,9.680197674057327e-35,0
site_01051,0,2.3211523680466655e-06,0
site_01928,1,0.9999949645228814,1
site_09699,0,6.801855536126739e-139,0
site_01936,0,2.1721779992504947e-14,0
site_15324,0,1.369767269650375e-35,0
site_01451,0,3.390226271540277e-06,0
site_05530,0,4.239863148321234e-56,0
site_21541,0,9.1708214116636e-24,0
site_06856,0,2.714103360194723e-36,0
site_00049,0,5.503275769963224e-26,0
site_13541,0,2.858569476561817e-31,0
site_00502,0,0.04758516890694687,0
site_18854,0,4.13548443383104e-41,0
site_08656,0,5.650840091882142e-110,0
site_11650,0,2.9217906222562616e-66,0
site_07654,0,7.332119949862915e-54,0
site_17593,0,4.2913431488319225e-52,0
site_08514,0,3.3192946493911403e-113,0
site_15158,0,3.336622522687253e-52,0
site_07587,0,1.8962892953272233e-88,0
site_10516,0,1.0588410145863752e-10,0
site_05362,0,6.204106844750803e-59,0
site_02096,0,2.773109131016871e-14,0
site_11957,0,1.1885585651029918e-47,0
site_19681,0,1.0587954622452935e-62,0
site_01989,1,0.9999990007442803,1
site_07354,0,4.30729152347363e-43,0
site_14031,0,1.4135832114843966e-67,0
site_17284,1,0.9999530334581537,1
site_08547,0,4.7589018924777535e-93,0
site_20754,0,9.946519599537092e-51,0
site_05584,0,2.6756245392117777e-55,0
site_15465,0,2.276099284034694e-47,0
site_10889,0,4.492320473589405e-07,0
site_14182,0,4.0087592902049167e-25,0
site_16841,0,3.6860972978337215e-08,0
site_07448,0,3.3316304301927426e-62,0
site_08266,0,4.375619315572738e-74,0
site_17283,1,0.9999775199256373,1
site_12257,0,5.626803554433122e-15,0
site_02268,0,1.7129998640678386e-42,0
site_03084,0,1.7536888576583177e-16,0
site_16305,0,0.13070722426776685,0
site_18995,0,2.841257325809268e-42,0
site_09349,0,8.772006449228943e-26,0
site_13944,0,1.1108079924941681e-52,0
site_12482,0,3.1460166822986297e-21,0
site_07209,0,6.343046495128228e-37,0
site_17983,0,2.7020738345419113e-36,0
site_14542,0,1.5447154011151243e-34,0
site_18569,0,3.488141889461955e-33,0
site_20574,0,1.856829441511994e-49,0
site_12641,0,1.4439668589157204e-17,0
site_05181,0,4.271187884586523e-62,0
site_01098,1,0.9545373816240931,1
site_15859,0,3.1040509790998185e-58,0
site_11325,0,6.518430673002136e-124,0
site_18177,0,5.818204302575349e-28,0
site_06743,0,1.0247464138200404e-27,0
site_15477,0,3.5911415987586624e-13,0
site_11601,0,1.8164924969892964e-146,0
site_02239,1,0.999999564708215,1
site_20746,0,1.5923244483737558e-23,0
site_20512,0,3.7601448890745056e-45,0
site_04101,0,1.4318529014826768e-41,0
site_13054,0,1.3360495941523673e-59,0
site_00910,0,6.73359125327854e-23,0
site_18816,0,9.163003243997414e-47,0
site_10911,0,5.289006318800215e-152,0
site_01647,0,0.0006735020504370184,0
site_11643,0,2.317742688621459e-79,0
site_11777,0,9.623365003481683e-102,0
site_10423,0,9.239473648308466e-160,0
site_02396,0,2.4324951229583814e-31,0
site_15050,0,1.4521748616103355e-44,0
site_02607,1,0.9999934012135665,1
site_08995,0,9.172004059943931e-157,0
site_08904,0,5.372878189720168e-122,0
site_02290,1,0.9999990635979659,1
site_11988,0,0.0007620053608152572,0
site_13237,0,0.06536299367804592,0
site_19540,0,9.179281006138127e-59,0
site_17262,0,6.662115259763898e-13,0
site_07433,0,1.6267237380350025e-50,0
site_09969,0,0.07254975934111059,0
site_10885,0,0.43991104389940205,0
site_04902,0,4.696439954442319e-54,0
site_00481,0,0.03750998011433515,0
site_10647,0,1.3197803528063852e-170,0
site_00060,1,0.999989220738366,1
site_05332,0,6.944147931784879e-41,0
site_04308,0,1.4999561383220463e-25,0
site_18263,0,8.142666552861627e-25,0
site_03050,1,0.9999958098998158,1
site_17575,0,7.28258386845159e-22,0
site_12913,0,2.5057115407027203e-91,0
site_19641,0,4.12277130708403e-34,0
site_15523,0,6.403787571493407e-55,0
site_05342,0,1.525357092590987e-62,0
site_08517,0,9.965683701864807e-113,0
site_07208,0,2.061091641091675e-40,0
site_17107,0,8.835174725541896e-23,0
site_04069,0,5.73534926458696e-17,0
site_17038,0,5.624188621303245e-62,0
site_14892,0,5.229941562826783e-41,0
site_21504,0,1.5114086858107213e-15,0
site_14822,0,1.061329484076841e-38,0
site_20030,0,1.4564791691398374e-41,0
site_18368,0,2.839712300804603e-50,0
site_03973,0,2.56014606656832e-50,0
site_17161,0,7.5647971315805e-14,0
site_00277,0,6.258598144354538e-07,0
site_16781,0,4.976237088506313e-07,0
site_15489,0,2.9105021234106354e-56,0
site_02491,0,2.4290249345819506e-13,0
site_17798,0,7.536998946282963e-21,0
site_10356,0,6.203298657895032e-82,0
site_06789,0,1.984859582009923e-52,0
site_15136,0,4.926633306864163e-46,0
site_09186,0,8.359921698632802e-115,0
site_03094,1,0.9001439769886063,1
site_15152,0,1.2626293625253557e-47,0
site_07483,0,8.168704829334156e-47,0
site_10996,1,0.999996814137848,1
site_17080,0,1.1263399805936795e-07,0
site_18691,0,1.9986802102319747e-14,0
site_03170,0,1.9435210522806354e-52,0
site_14677,0,3.1371768273724687e-69,0
site_14971,0,5.548842845626093e-43,0
site_09802,0,2.122907574607549e-151,0
site_14955,0,2.193239405680105e-45,0
site_13806,0,1.0725784498675179e-16,0
site_15490,0,2.8480078879731236e-57,0
site_01040,0,1.4865547298793773e-28,0
site_14375,0,6.122771596422288e-29,0
site_15485,0,2.391373568180758e-59,0
site_07252,0,7.671627580069076e-70,0
site_03678,0,0.3807197666611712,0
site_20701,0,3.4611468266975126e-44,0
site_13145,0,5.361973225252788e-95,0
site_12265,1,0.9999999316997052,1
site_10645,0,1.639759993737271e-25,0
site_01368,0,1.3310279974442393e-19,0
site_04185,0,1.27884285705233e-20,0
site_13816,0,2.4606347306202762e-83,0
site_04555,0,3.0362427948384156e-42,0
site_18767,0,0.0004584705460347638,0
site_12748,1,0.9999595108769248,1
site_18549,0,0.7488368990292016,1
site_20892,0,4.719721021988731e-07,0
site_03576,0,2.536729772116617e-40,0
site_21460,0,5.767791660684926e-07,0
site_10874,0,2.2715388844912386e-16,0
site_04173,0,4.255574769260185e-31,0
site_13841,0,1.403814757903113e-54,0
site_12115,0,1.2182923369756233e-11,0
site_20860,0,3.778062856528682e-56,0
site_02098,0,1.753981911728134e-26,0
site_17920,0,1.1169627559107406e-47,0
site_07879,0,1.3293452823488356e-59,0
site_07359,0,5.919910740007174e-45,0
site_03214,1,0.9999877730207312,1
site_11044,0,2.4789572524781502e-144,0
site_01067,1,0.9999958370529892,1
site_02807,0,2.21406729402804e-31,0
site_00905,0,1.7056722601428778e-16,0
site_17570,0,1.4351531902742873e-05,0
site_01958,0,1.760340962547499e-22,0
site_03662,0,2.67397080294058e-23,0
site_04152,0,3.0659978166766126e-54,0
site_01428,1,0.9999995172366799,1
site_21010,1,0.9999963037181653,1
site_03354,0,5.156678557929727e-55,0
site_11277,0,3.337935432503959e-21,0
site_10225,0,2.3317483041864055e-85,0
site_13199,0,2.618203868973707e-31,0
site_20675,1,0.9999989579735586,1
site_19093,0,6.5237654972575915e-43,0
site_03003,1,0.9999981425387838,1
site_11312,0,9.664579484386806e-143,0
site_08650,0,8.576386341492544e-103,0
site_15054,0,8.868670807146934e-42,0
site_08242,0,1.4532503901227838e-95,0
site_09863,1,0.9475064359565848,1
site_12658,0,1.1708145940456858e-111,0
site_05693,1,0.9999927325053601,1
site_19009,0,2.770660204067674e-51,0
site_14220,0,7.840760041125978e-77,0
site_07887,0,2.2124857459755306e-66,0
site_01513,0,1.8142561591313963e-08,0
site_04578,0,6.223418053285885e-36,0
site_02723,1,0.9999836095827241,1
site_16725,1,0.9991696017999689,1
site_04028,0,4.95149698791177e-60,0
site_07081,0,1.318761082725991e-35,0
site_03574,0,4.3294257787441495e-40,0
site_13056,0,7.769223454263392e-56,0
site_03171,0,4.115802420638745e-51,0
site_05247,0,5.592453448193241e-63,0
site_05412,0,6.219514344882733e-47,0
site_19157,0,1.3536561557010869e-45,0
site_19441,0,5.446531743941039e-20,0
site_07151,0,5.507433305974987e-37,0
site_12698,0,1.0253690882046273e-51,0
site_16231,0,2.9653097615500306e-27,0
site_16197,0,9.156907190760498e-66,0
site_03048,1,0.9999584224668163,1
site_18066,0,3.8748355527349177e-50,0
site_07619,0,5.5151345906601575e-67,0
site_15687,0,3.0447829078173406e-24,0
site_20612,1,0.9999346470273225,1
site_17515,0,2.34483623524085e-16,0
site_14015,0,2.3288801150056743e-20,0
site_01805,0,1.0118379645465364e-15,0
site_01838,0,5.136982628489095e-11,0
site_16898,0,4.830725649746516e-14,0
site_10552,0,1.9233813251855078e-136,0
site_05917,0,1.7636864628334058e-32,0
site_05270,0,1.1641130036441718e-59,0
site_07705,0,8.995765551878299e-104,0
site_18918,0,6.26435364068814e-44,0
site_10056,0,1.6484894880536176e-148,0
site_19279,0,1.7015705446940383e-58,0
site_04601,0,5.816465448298315e-64,0
site_06682,0,2.238143651281448e-22,0
site_10387,0,0.3156865955156788,0
site_02403,0,2.2545879981513334e-07,0
site_18722,0,1.2523399481147084e-38,0
site_14638,0,1.4743065958701007e-35,0
site_09568,0,1.30460593429535e-164,0
site_06474,0,1.278680790926577e-32,0
site_14561,0,2.072204851591259e-29,0
site_15095,0,1.6277289762481603e-27,0
site_05661,0,4.035064641969592e-15,0
site_04904,0,8.043930089479863e-59,0
site_00911,0,1.5068634361056465e-23,0
site_03062,0,5.7607627752109525e-46,0
site_08204,0,3.561969271933062e-115,0
site_18807,0,9.174931249180402e-52,0
site_16896,0,7.874209596583954e-18,0
site_15667,0,7.981655245240852e-61,0
site_18306,0,1.3917924981141652e-25,0
site_20374,0,2.1247582416015182e-47,0
site_04812,0,9.954727773920072e-54,0
site_10036,0,7.972189765652986e-155,0
site_19843,0,1.557377716575434e-32,0
site_04261,0,2.6787331017847895e-31,0
site_06156,0,2.2447539871050933e-30,0
site_15918,0,1.231919283323831e-64,0
site_19535,1,0.9999680432847723,1
site_19370,0,1.3202307782087217e-24,0
site_08219,0,2.571405743194399e-77,0
site_13211,0,5.51398288899588e-07,0
site_13722,0,3.340285568883766e-69,0
site_16079,0,6.103372070348828e-64,0
site_03599,0,6.8997445343444036e-09,0
site_16835,0,3.5356681464757856e-20,0
site_04427,0,2.4643287291216426e-34,0
site_03626,0,2.463759798830244e-59,0
site_21064,1,0.9999929623858594,1
site_13767,0,2.0888789334732635e-19,0
site_12235,0,6.902501879695979e-17,0
site_18922,0,5.7282443671856774e-39,0
site_08150,0,1.2250064643644306e-111,0
site_09750,0,1.2008832251215359e-08,0
site_17003,0,2.9135299411886008e-30,0
site_00354,0,5.154033945840819e-07,0
site_02842,0,3.034555033966516e-20,0
site_01496,1,0.9996078569841839,1
site_09226,0,1.0350661262377183e-157,0
site_13875,0,1.5615641241698493e-15,0
site_09098,0,1.2325321884191948e-32,0
site_12460,0,2.4498102535707686e-46,0
site_09918,0,6.802410991912716e-167,0
site_11450,0,8.514301934851776e-158,0
site_19127,0,1.7889500538496603e-48,0
site_14709,0,8.39349919856539e-42,0
site_07019,0,3.981051626799554e-33,0
site_15623,0,2.0594023160018335e-07,0
site_18921,0,1.4877581192194143e-42,0
site_17026,1,0.7811237470736094,1
site_06052,0,1.4860368406419849e-10,0
site_02570,0,8.597416470486291e-45,0
site_09758,0,8.45264646561643e-17,0
site_16090,0,1.4630595438728635e-44,0
site_15891,0,1.1544187327248464e-29,0
site_17050,0,7.794461801900628e-42,0
site_05216,0,7.764883621874836e-62,0
site_09033,0,2.1430663995127048e-119,0
site_20789,1,0.9961622682576226,1
site_03237,0,1.4348492379789357e-35,0
site_10135,0,1.862995722979654e-10,0
site_02707,0,2.270247417587847e-09,0
site_13502,0,7.780503471157496e-74,0
site_15552,0,3.921971937903458e-10,0
site_09895,0,4.3598654415374555e-141,0
site_14891,0,1.535292821230737e-40,0
site_00399,0,8.608291324970627e-14,0
site_17892,0,5.706949096906111e-15,0
site_04095,0,1.672530005006006e-47,0
site_19615,0,6.867360177392794e-62,0
site_15433,0,2.0283040289476116e-51,0
site_19306,0,8.530467266180574e-16,0
site_19479,0,2.827837252255109e-60,0
site_05140,0,9.125768240782452e-61,0
site_19619,0,2.5767991563261745e-64,0
site_12862,0,0.3979490860795169,0
site_14241,0,3.318698623475498e-53,0
site_12697,0,3.328282733486243e-59,0
site_05111,0,1.0147711429988409e-55,0
site_18688,0,1.4877583903426386e-20,0
site_08770,0,1.5067822478060603e-120,0
site_20703,0,7.109507645623174e-45,0
site_12787,0,1.15027825112902e-102,0
site_08196,0,1.0881805400993516e-103,0
site_09408,1,0.9999985230179601,1
site_18750,0,2.1127870492949805e-39,0
site_12562,0,1.0398444071178584e-74,0
site_17411,0,2.253626118754022e-34,0
site_12284,0,4.747938375676226e-125,0
site_07752,0,5.236590704146255e-98,0
site_20898,1,0.9999776639052396,1
site_13154,0,2.179772989801107e-79,0
site_11336,0,1.4412616656164053e-102,0
site_03588,0,1.8612369684194355e-24,0
site_03349,0,2.1042945709824136e-61,0
site_12438,0,5.057863872041132e-74,0
site_20013,0,2.570854832733125e-70,0
site_16081,0,9.750907740989343e-59,0
site_02490,0,2.654397667124634e-15,0
site_07241,0,3.0943199410795026e-56,0
site_10798,0,5.276345712565457e-127,0
site_08056,0,1.0238540466577906e-67,0
site_09827,0,1.2088352151382385e-104,0
site_01452,0,6.497591556814279e-07,0
site_12466,0,6.97429472763973e-39,0
site_17432,0,2.162033105554124e-09,0
site_13710,0,3.6586138315110145e-85,0
site_11717,0,3.207484084916021e-13,0
site_11934,0,1.9639779153537044e-80,0
site_10973,1,0.9999866109168796,1
site_21373,1,0.9999931330128544,1
site_04893,0,2.716285610314619e-49,0
site_11326,0,5.553029920213992e-124,0
site_06317,0,4.6200380312038974e-10,0
site_02817,0,1.9665144850666713e-13,0
site_15581,0,6.7153190430898135e-56,0
site_01627,0,7.916439981883535e-45,0
site_16816,0,9.120739602635584e-60,0
site_15818,0,3.619620908641344e-35,0
site_13078,0,8.750744125134686e-34,0
site_15255,0,2.452545501261655e-18,0
site_00550,1,0.9993927094622281,1
site_16778,0,1.8565574061145606e-13,0
site_06652,0,5.3345643406594694e-51,0
site_13486,0,1.5015204867043069e-96,0
site_08531,0,2.2835640280383164e-135,0
site_07409,0,5.097120277224537e-46,0
site_11817,0,1.6193784885466851e-40,0
site_03818,0,5.4203270664982974e-08,0
site_03605,1,0.8411504173756251,1
site_00375,0,4.374065776423366e-22,0
site_06306,0,1.467186487357013e-16,0
site_19625,0,6.366578871404791e-63,0
site_10467,0,1.2272849653997162e-89,0
site_05656,0,1.6136384649288035e-13,0
site_00322,0,9.433151567201958e-16,0
site_16232,0,7.642509865326119e-27,0
site_05452,0,6.11054850243654e-50,0
site_18273,0,5.359577199017016e-27,0
site_07316,0,6.355794936415798e-64,0
site_17657,0,4.2436126115203214e-36,0
site_20375,0,8.106325778039229e-45,0
site_18821,0,3.0183745389324066e-38,0
site_16689,0,6.482043784245923e-67,0
site_08396,0,5.441073748913601e-99,0
site_15203,0,1.243280153172997e-45,0
site_13963,0,9.383303139899225e-34,0
site_06507,0,1.9755782536788268e-41,0
site_12832,0,3.187945775522186e-40,0
site_11822,0,1.7250739215616374e-30,0
site_09303,0,2.6668589483264325e-158,0
site_11510,0,1.723722686914958e-60,0
site_13915,0,9.174696367418239e-87,0
site_06739,0,1.2220551946105573e-41,0
site_01479,0,8.083888952239245e-15,0
site_08643,0,6.021451780406899e-48,0
site_17435,0,2.5194060647872852e-70,0
site_04614,0,1.3966627590593216e-52,0
site_13946,0,5.230782239412674e-54,0
site_14089,0,3.9625566302686053e-22,0
site_07111,0,1.5560851320230434e-51,0
site_10983,1,0.9999974119310201,1
site_07014,0,1.8262201244607326e-32,0
site_16351,0,1.9687175038534863e-46,0
site_08297,0,4.3992536570279734e-100,0
site_07312,0,6.989271943820621e-60,0
site_10057,0,5.558110771472751e-148,0
site_04012,0,4.4165889442223614e-14,0
site_05470,0,1.0209790061410747e-69,0
site_16612,1,0.9996593039700697,1
site_15917,0,8.938689495047948e-61,0
site_07540,0,2.300578103027459e-93,0
site_01719,0,1.249471227636859e-09,0
site_14166,0,4.633361211810131e-31,0
site_12258,1,0.999995354793793,1
site_13693,0,2.2265404309707473e-19,0
site_06819,0,8.47735443730501e-38,0
site_09761,0,2.9036136948713444e-19,0
site_20223,0,7.352329946691413e-64,0
site_04216,0,2.6187413774245793e-53,0
site_00707,0,2.188580378659384e-10,0
site_20037,0,2.1783740561566316e-29,0
site_18105,0,5.04236434448191e-24,0
site_01375,0,5.999875364168066e-16,0
site_19315,1,0.9999748818992622,1
site_08508,0,1.1421253512028903e-106,0
site_03721,0,3.5568603725808185e-30,0
site_15901,0,0.14046975118060331,0
site_13578,0,2.999153118997144e-11,0
site_19954,0,8.287356192160821e-60,0
site_16609,0,7.72556919550763e-27,0
site_17011,0,2.33441834212817e-16,0
site_14280,0,3.711204348814082e-27,0
site_01723,0,3.091894682449169e-16,0
site_11114,0,3.804793044030706e-16,0
site_14265,0,8.789516558965681e-28,0
site_12341,0,1.168341938624566e-39,0
site_02742,0,1.888896134681524e-43,0
site_12497,1,0.999535608890167,1
site_03651,0,1.9601347530359187e-30,0
site_17831,0,2.796934738343481e-32,0
site_19145,0,6.436296730188407e-55,0
site_21547,0,1.078641590043944e-23,0
site_19858,1,0.999960978870895,1
site_21065,1,0.9999991903887215,1
site_13590,0,1.5405838252698336e-12,0
site_01392,0,1.9292955429421906e-05,0
site_09276,0,1.0593798516993847e-29,0
site_03715,0,1.5142200610441429e-31,0
site_04970,0,2.2388293970898375e-52,0
site_06294,0,1.8091959186181508e-38,0
site_08336,0,4.1215406212978065e-88,0
site_19903,0,6.635277895880276e-40,0
site_11030,0,1.6956667324762244e-167,0
site_15094,0,2.111467591627897e-16,0
site_13629,0,6.250663440747719e-54,0
site_02965,0,4.471402452162858e-30,0
site_14104,0,3.432686366387377e-27,0
site_18762,0,8.2842781075713315e-16,0
site_09533,0,3.500867336791162e-23,0
site_17896,0,5.0816927293102e-19,0
site_00257,0,2.65008042165305e-32,0
site_18533,0,4.648461983597414e-36,0
site_19128,0,1.9428198337979296e-45,0
site_02450,0,3.4078432821763843e-38,0
site_19713,0,1.112067998329265e-26,0
site_02774,1,0.9999862776903817,1
site_08541,0,4.381485470877373e-88,0
site_00106,1,0.9999101824676729,1
site_02256,0,1.3529505570646279e-30,0
site_15987,0,8.650688514806863e-62,0
site_00915,0,3.7509713424521463e-26,0
site_19616,0,1.5186631280379834e-62,0
site_19612,0,3.9213707768858103e-59,0
site_13477,0,2.2469436795939555e-10,0
site_02248,0,1.4089019734650483e-27,0
site_03204,0,8.429322535993553e-05,0
site_08442,0,2.1604691769386623e-90,0
site_03768,0,6.448575539945925e-60,0
site_18031,0,5.595205161982918e-19,0
site_19289,0,4.558686698121171e-49,0
site_15665,0,5.185776698808093e-54,0
site_13916,0,1.3977350199758363e-85,0
site_12187,0,3.0893668644522724e-73,0
site_15617,0,1.4729064986644284e-26,0
site_11042,0,7.190346112309169e-148,0
site_10840,0,2.2107452110887976e-11,0
site_19053,0,4.2668736271365046e-46,0
site_06298,0,4.926551656487067e-35,0
site_06403,0,3.0852420617400504e-31,0
site_13060,0,2.073484616398014e-43,0
site_01890,0,4.44496332828858e-15,0
site_13105,1,0.5715495272425668,1
site_19271,0,2.8726803933529948e-52,0
site_06012,0,9.122451493745923e-47,0
site_00501,0,1.0876391526560544e-15,0
site_15761,0,0.00012469307906338908,0
site_11843,0,8.089478129138311e-11,0
site_11850,1,0.999994340951949,1
site_05340,0,2.6529693485654382e-61,0
site_04117,0,1.705967942794453e-23,0
site_18272,0,1.891109605224753e-26,0
site_21213,0,1.2232413612382125e-18,0
site_14377,0,6.434323132384265e-29,0
site_03904,0,6.703647448916798e-57,0
site_19829,0,9.069287583012083e-59,0
site_00143,0,4.6749831956282423e-23,0
site_14185,0,1.4226468103435467e-24,0
site_07589,0,3.4623780498455825e-89,0
site_00333,0,3.160982827217302e-16,0
site_14939,0,2.9495537247823662e-61,0
site_00494,0,3.2605949888638734e-17,0
site_08830,0,8.461142061234064e-102,0
site_01532,0,6.962833823834834e-21,0
site_17719,0,3.647654280768473e-27,0
site_14352,0,6.288556139830544e-37,0
site_18984,0,2.126178785748972e-46,0
site_11704,1,0.9999995457692239,1
site_00205,0,3.427121765341068e-12,0
site_03672,0,9.70215120888333e-08,0
site_20200,1,0.99999727017047,1
site_03536,1,0.9999011063147984,1
site_13307,0,4.862149337787006e-39,0
site_09061,0,3.3619853543765084e-155,0
site_13864,0,4.47996798585603e-28,0
site_15712,0,8.3106746737033e-60,0
site_16367,1,0.9960768750057529,1
site_10725,0,4.748912271961336e-05,0
site_02461,0,8.67726599181881e-16,0
site_02516,0,1.2361697702124306e-31,0
site_09140,0,5.612901778826158e-157,0
site_02046,1,0.9997210845254952,1
site_21039,0,3.6153326268773333e-33,0
site_00232,1,0.9993159451734381,1
site_11520,0,2.713851722208299e-39,0
site_01671,0,5.943826980807396e-17,0
site_19975,0,1.859002290878591e-15,0
site_06849,0,3.775592187136749e-30,0
site_14600,0,5.618703156016101e-63,0
site_11644,0,6.101045765259264e-79,0
site_17487,0,9.663049128968084e-53,0
site_12994,1,0.9992546272901351,1
site_13812,0,1.2748431380592786e-88,0
site_14447,0,1.687424346939685e-36,0
site_07703,0,2.193190980129558e-106,0
site_04546,0,2.1196037608162306e-49,0
site_11038,0,9.905566864838202e-155,0
site_10635,0,2.3795093339890475e-05,0
site_14992,0,7.48663243796214e-46,0
site_05772,0,5.744245815472885e-19,0
site_08133,0,1.8171359302468123e-75,0
site_10035,0,4.5581623780387214e-151,0
site_04027,0,9.530587145333662e-59,0
site_20366,0,1.7238405218591388e-56,0
site_10577,0,5.465424695742928e-95,0
site_04013,0,1.7072204600479906e-14,0
site_15358,0,1.1901233537023716e-51,0
site_11130,1,0.9999759100135764,1
site_09296,0,1.3173886269387664e-149,0
site_18422,0,9.564843109127745e-29,0
site_17290,0,6.757929734449325e-60,0
site_08181,0,1.9660037740643129e-87,0
site_19502,0,6.9885941181117134e-37,0
site_05262,0,2.334695525152695e-59,0
site_20686,0,1.252723217628934e-33,0
site_11880,1,0.9778384286600266,1
site_11724,1,0.999999970684986,1
site_10804,0,2.2072217252658243e-117,0
site_03878,0,2.2030559834809616e-09,0
site_16572,0,5.2340030773747905e-70,0
site_09381,0,1.218594475660959e-153,0
site_19878,0,2.681377389050935e-68,0
site_11886,0,3.835717077646266e-13,0
site_16376,0,4.499127178563809e-08,0
site_04641,0,3.4295415427867196e-36,0
site_18592,0,6.382179380299649e-50,0
site_13458,0,9.229780644084142e-08,0
site_16750,0,2.1911718127100501e-72,0
site_04775,0,4.6433735122597864e-42,0
site_00690,0,6.07600282671803e-07,0
site_01521,1,0.9994948349953495,1
site_03049,1,0.9999572312327989,1
site_14987,0,3.5704672373944998e-43,0
site_12209,0,4.185779226941047e-49,0
site_17590,0,3.352833349656097e-55,0
site_17815,0,1.1075783885052614e-10,0
site_18909,1,0.9812211103119146,1
site_08703,0,1.9831523341037628e-116,0
site_04643,0,1.7971403646634044e-35,0
site_00463,0,0.02542915739758578,0
site_12196,0,5.7442586406011065e-68,0
site_17768,0,1.038301112361222e-51,0
site_15979,0,5.634877233861693e-08,0
site_16369,0,0.1569739386551882,0
site_05044,0,1.7401858010753946e-53,0
site_16320,0,0.15943890323465681,0
site_04363,0,8.299216991429513e-33,0
site_05869,0,1.0526921726059915e-50,0
site_09218,0,1.2049551762327539e-149,0
site_11898,0,8.292370049733725e-137,0
site_10293,0,5.911483801122046e-157,0
site_06378,0,2.73120386014878e-12,0
site_17408,0,1.9568312320804465e-40,0
site_11589,0,3.6200786267027393e-16,0
site_07720,0,1.948131844123186e-62,0
site_18304,0,1.024220267758339e-37,0
site_19077,0,7.425595796538823e-53,0
site_15005,0,5.200393883615953e-50,0
site_13519,0,7.45566062626649e-51,0
site_16814,0,2.158351852432177e-68,0
site_05445,0,4.622946126807968e-61,0
site_10334,0,2.765818402641165e-119,0
site_17224,1,0.9999868402741504,1
site_07125,0,3.430455698636998e-69,0
site_17585,0,6.16451772594708e-18,0
site_12154,0,6.312754706700265e-132,0
site_02527,0,1.9446733402970363e-06,0
site_03551,0,2.027273622999063e-08,0
site_17865,0,5.7922188363909044e-30,0
site_10881,0,4.048266965544303e-11,0
site_02873,0,2.1217765032088838e-16,0
site_04085,0,1.5956686998004912e-58,0
site_20765,0,6.489741878808077e-38,0
site_15745,0,7.499616565773453e-46,0
site_06429,0,4.0125141677449455e-48,0
site_15122,0,7.212619612676253e-47,0
site_21189,1,0.9849673912216541,1
site_06446,0,1.6231724794611385e-20,0
site_01648,0,0.012191082033107372,0
