site_id,proxy_label,weighted_mcda_score,weighted_mcda_prediction
site_18684,0,0.8551946019722667,0
site_04960,0,0.8085124569810936,0
site_13655,0,0.8585857070783967,0
site_12717,0,0.8447394314648793,0
site_20836,0,0.8267856380429253,0
site_08085,0,0.7246099993269183,0
site_17781,0,0.8220732396528243,0
site_16125,0,0.7853415721758148,0
site_17602,0,0.8396373489592353,0
site_11697,0,0.74720976523059,0
site_00622,0,0.8161298618131858,0
site_09104,0,0.7256274253554457,0
site_07100,0,0.8364479989690576,0
site_20787,0,0.8780620987944114,1
site_15828,0,0.8618677503571293,0
site_18383,0,0.8292335044817574,0
site_17706,0,0.820830551664153,0
site_16774,0,0.852454113741273,0
site_11137,1,0.879943940497997,1
site_13600,0,0.7730524677752342,0
site_18972,0,0.869922894759565,0
site_12425,0,0.7586264919552135,0
site_04110,0,0.8397504191082275,0
site_19057,0,0.8285335650275187,0
site_02562,0,0.825344502409983,0
site_12124,1,0.8886363154651471,1
site_13811,0,0.7709405775316258,0
site_10452,0,0.7349324968586786,0
site_18497,0,0.8517569008719859,0
site_21459,0,0.8689083831945641,0
site_10696,0,0.7589405172069466,0
site_09754,0,0.8654668386116364,0
site_15795,0,0.808344091381677,0
site_11363,0,0.8042128459507383,0
site_21335,1,0.8172812651085131,0
site_12661,0,0.7276935502693546,0
site_20465,0,0.860065211306843,0
site_13704,0,0.7671237232844639,0
site_18656,0,0.838822785277824,0
site_02681,0,0.8234663399959967,0
site_14055,0,0.8302541716464399,0
site_15191,0,0.8229433298918455,0
site_18410,0,0.8472513244645238,0
site_09586,0,0.5142406384002596,0
site_18609,0,0.8483958202280639,0
site_04866,0,0.8218831734097292,0
site_10650,0,0.6525560985020644,0
site_04165,0,0.7723938561142079,0
site_07482,0,0.8142745544799754,0
site_03813,0,0.8760381105299744,1
site_15032,0,0.8191926167239869,0
site_21462,0,0.8667699162083926,0
site_16892,0,0.8392510552195593,0
site_15103,0,0.8185870008784835,0
site_01830,0,0.8631842539930301,0
site_14964,0,0.8320856184048289,0
site_18579,0,0.842650657501351,0
site_04694,0,0.8346127404572948,0
site_20856,0,0.7615174180539209,0
site_01741,0,0.865530732964408,0
site_15582,0,0.8185017421682709,0
site_10875,0,0.8192225318556621,0
site_02972,0,0.8556148762374929,0
site_14464,0,0.8484676556450299,0
site_02088,0,0.8395034326330157,0
site_21422,1,0.8769293804861384,1
site_13509,0,0.7837749726456857,0
site_14768,0,0.8034495563246629,0
site_11478,0,0.7296035163181043,0
site_13403,0,0.8048023086849774,0
site_15719,0,0.7920084641534362,0
site_21209,0,0.8269556605129926,0
site_06719,0,0.8081212848631323,0
site_04441,0,0.8513365550299334,0
site_02391,0,0.7630639754440722,0
site_05733,0,0.7778387250285899,0
site_04515,0,0.8408118339519084,0
site_03233,0,0.8164717190294735,0
site_21311,0,0.758337394439083,0
site_08745,0,0.7333293112196457,0
site_21081,0,0.81999183370257,0
site_20872,0,0.8192205318594192,0
site_03743,0,0.876414513184057,1
site_00160,1,0.8813243766861045,1
site_17179,1,0.8769333419416334,1
site_08267,0,0.7917715765675974,0
site_00957,1,0.8847374872918852,1
site_19111,0,0.8712787787132241,0
site_05096,0,0.8095443041830714,0
site_21142,0,0.853080147367911,0
site_03040,1,0.87971325874427,1
site_00849,0,0.8467774473256227,0
site_00903,0,0.8331920802457533,0
site_08509,0,0.7276188340883716,0
site_03676,0,0.8728246781386839,0
site_11932,0,0.7727400485034,0
site_10306,0,0.6601762008538593,0
site_03816,0,0.8731032616259902,1
site_06844,0,0.8551691125145393,0
site_20520,0,0.8332013210517273,0
site_15744,0,0.8206271404849474,0
site_19516,0,0.8739732270663281,1
site_09216,0,0.6829951122783992,0
site_16755,0,0.8029162680102593,0
site_06554,0,0.8330349146271787,0
site_10420,0,0.6618640873354908,0
site_13405,0,0.810199214644655,0
site_03226,0,0.8117157950508471,0
site_17074,1,0.8621713752055663,0
site_11852,1,0.8927598909354153,1
site_05984,0,0.8536326972982731,0
site_12321,0,0.7973681642499065,0
site_14646,0,0.843947633934761,0
site_02457,0,0.7898364970224725,0
site_13418,0,0.8337620585325121,0
site_06826,0,0.8370192565989694,0
site_05829,1,0.85225606261496,0
site_20449,0,0.836710539995805,0
site_10154,0,0.6698637599076116,0
site_04474,0,0.8099220605657951,0
site_13705,0,0.7701950900603014,0
site_16658,0,0.8649905236041655,0
site_10175,0,0.6566754889690561,0
site_12701,0,0.8177824489325684,0
site_09086,0,0.8615179887130915,0
site_17296,0,0.8118517322766985,0
site_21176,0,0.8368906620441221,0
site_06858,0,0.8430695306078272,0
site_09353,0,0.8569267840270276,0
site_08324,0,0.7846653773757465,0
site_07666,0,0.8106731610590785,0
site_14927,0,0.8301553191540276,0
site_09601,0,0.7528694011817052,0
site_00961,1,0.8470890258653712,0
site_14111,0,0.8433220735253963,0
site_09437,0,0.8575207458442353,0
site_14606,0,0.8144049475205928,0
site_02439,0,0.8362675972200038,0
site_03275,1,0.8884290704905937,1
site_12333,0,0.8202321861597015,0
site_11496,0,0.7744643789298755,0
site_20728,0,0.8650080306424219,0
site_11147,1,0.8780479674011186,1
site_01454,0,0.8631420876747014,0
site_02331,0,0.8398451207156494,0
site_15983,0,0.7944799010557895,0
site_09701,0,0.5894779547740299,0
site_00245,0,0.8624900612427875,0
site_05436,0,0.7921519585454881,0
site_12851,0,0.8366015532775304,0
site_21105,0,0.8620023212478316,0
site_00899,1,0.8573837366920993,0
site_13595,0,0.7615089726794178,0
site_01587,0,0.823435233714364,0
site_12975,0,0.8252272246670702,0
site_15397,0,0.8321962239346853,0
site_08569,0,0.7341421616378618,0
site_02945,1,0.882628997417015,1
site_00279,0,0.8713812110024868,0
site_09441,0,0.8565070101513277,0
site_07160,0,0.8392039149001504,0
site_04998,0,0.8171108438534287,0
site_15846,0,0.8051338028036947,0
site_18745,0,0.8315356591715759,0
site_11371,0,0.6202252070288345,0
site_17588,0,0.7168508750017718,0
site_08623,0,0.7335884469733465,0
site_13780,0,0.8666282207140084,0
site_18760,0,0.8600101785084411,0
site_06449,0,0.8622677009946929,0
site_02575,0,0.819327925248281,0
site_12991,1,0.8771853956596432,1
site_16018,0,0.8273563953113845,0
site_11217,0,0.7818831549543863,0
site_07855,0,0.7648627211021812,0
site_09101,0,0.7329717235809359,0
site_21251,1,0.8825796117593854,1
site_14954,0,0.823108717732542,0
site_04134,0,0.8532906860508642,0
site_06687,0,0.8569730989037099,0
site_09713,0,0.7384512434279433,0
site_13136,0,0.7412120457678483,0
site_09084,0,0.8757057380853341,1
site_17813,0,0.838456218823848,0
site_02053,1,0.8870253073793712,1
site_15857,0,0.8015273387457789,0
site_15443,0,0.8180145256777724,0
site_17535,0,0.7715974647998711,0
site_15419,0,0.8131365159696495,0
site_19879,0,0.7943559016140986,0
site_04019,0,0.8585050077483223,0
site_02090,0,0.8378851395341487,0
site_07211,0,0.8339009515392246,0
site_16449,0,0.7823376222836733,0
site_12136,1,0.8942863330736592,1
site_06020,0,0.826655686064576,0
site_07425,0,0.8342260643406881,0
site_15447,0,0.8226330687797416,0
site_10917,0,0.6185390086850416,0
site_18869,0,0.8341920403997197,0
site_10957,0,0.7853932268068464,0
site_07846,0,0.7768191316490995,0
site_15052,0,0.8331424286705895,0
site_09968,0,0.5864591331902707,0
site_08089,0,0.7203691741794007,0
site_02670,1,0.9169226936858492,1
site_06510,0,0.843297437572814,0
site_14722,0,0.8414976521073128,0
site_17605,0,0.8531397694687892,0
site_00468,1,0.8877444495272417,1
site_19475,0,0.8175957162086284,0
site_11653,0,0.7995922814999412,0
site_02351,1,0.8687697138017958,0
site_10975,1,0.9007675177741692,1
site_08289,0,0.7520150638754242,0
site_03295,0,0.8216983458365712,0
site_16410,0,0.8089817194070397,0
site_08660,0,0.7329059026287388,0
site_05824,1,0.8847197474958193,1
site_17207,0,0.8549920048832702,0
site_13391,0,0.7899161673371515,0
site_10337,0,0.7259268355458316,0
site_04211,0,0.8153978371042967,0
site_19918,1,0.8725333133514155,0
site_01649,0,0.8703462119990732,0
site_15301,0,0.8259215627776941,0
site_12367,0,0.8557611495060851,0
site_08909,0,0.7156110788635739,0
site_17465,0,0.8565177104232287,0
site_07953,0,0.7945904100851569,0
site_13769,0,0.8529721492413731,0
site_08957,0,0.7330091719844354,0
site_04688,0,0.8432781501211343,0
site_19834,0,0.8267896308095948,0
site_19755,0,0.8041746155261185,0
site_16575,0,0.7993131343119131,0
site_00249,0,0.7365524436727094,0
site_13910,0,0.7576013476301897,0
site_13053,0,0.7877938775473385,0
site_06877,0,0.806208020855099,0
site_10351,0,0.7616815876919627,0
site_19052,0,0.8216677427207324,0
site_03476,0,0.7328248598325573,0
site_03039,0,0.8800232765273359,1
site_00362,0,0.860485167326656,0
site_11904,0,0.7097273967450759,0
site_14096,0,0.8561747435114355,0
site_01634,0,0.8431185521938337,0
site_07343,0,0.8364771572784797,0
site_11367,0,0.7483040265594242,0
site_09771,0,0.695903572781366,0
site_06293,0,0.8289529826353582,0
site_19013,0,0.8194637760013279,0
site_00828,0,0.8557716415507874,0
site_13280,0,0.7911863395482568,0
site_20182,0,0.8606132365981627,0
site_09654,0,0.8565387352746516,0
site_00832,0,0.8543372080827483,0
site_12690,0,0.7902336121547859,0
site_10217,0,0.7518431287781853,0
site_09493,0,0.7449643947258604,0
site_06164,0,0.8302343318836974,0
site_18283,0,0.8448627835884732,0
site_07628,0,0.787670200902103,0
site_07876,0,0.8153533950219456,0
site_08261,0,0.7200973185004108,0
site_05185,0,0.8124788581540542,0
site_15995,0,0.7998025759868834,0
site_16078,0,0.804155320917245,0
site_12489,0,0.8595354302056147,0
site_02878,0,0.8585732539751147,0
site_03630,0,0.7900879897733384,0
site_05768,0,0.8650551765742225,0
site_20831,0,0.8512741433196058,0
site_04236,0,0.8481729960627807,0
site_03821,0,0.8636591432110712,0
site_09480,0,0.6672720421126007,0
site_04009,0,0.8651363329611033,0
site_00478,0,0.8670103001482379,0
site_12108,0,0.8219510143134695,0
site_21465,0,0.7390909807307984,0
site_18128,0,0.8485075595783238,0
site_03410,0,0.7438071550341814,0
site_11414,1,0.9013543752691404,1
site_03569,0,0.7972763973396283,0
site_21475,0,0.8531514494293331,0
site_10843,0,0.8356888308939683,0
site_17708,0,0.8213090265591735,0
site_14717,0,0.8395739784604248,0
site_11661,0,0.8160829248217443,0
site_13030,0,0.7632077625039271,0
site_07547,0,0.6866060322935336,0
site_01891,0,0.8627806707339056,0
site_01376,0,0.8591452172180116,0
site_05210,0,0.7890473993954377,0
site_10558,0,0.7129963657444734,0
site_13220,0,0.8364455828566851,0
site_05621,0,0.7896244067949956,0
site_00319,0,0.87001818389153,0
site_08269,0,0.7918202489526702,0
site_17359,0,0.8371323232742989,0
site_14949,0,0.8246864368078293,0
site_21520,0,0.8615734986457086,0
site_03164,0,0.8098099656234625,0
site_08851,0,0.7151792073699554,0
site_13342,0,0.875783996693003,1
site_03240,0,0.8342544254480064,0
site_00334,0,0.789984248417252,0
site_02070,0,0.8586343582585607,0
site_19505,0,0.8352921963500564,0
site_07056,0,0.8145348004913312,0
site_11089,0,0.7778761762264879,0
site_11552,1,0.8958647199850709,1
site_06662,0,0.8212370950299662,0
site_09823,0,0.6643223315827049,0
site_16041,0,0.7636484882766403,0
site_08683,0,0.8619740173560291,0
site_11026,0,0.6438264445642325,0
site_05354,0,0.8022381551973774,0
site_00489,0,0.850094080725228,0
site_17202,0,0.8363521312268702,0
site_16707,0,0.8246348697958903,0
site_06710,0,0.8286763055499848,0
site_02518,0,0.8389042076648203,0
site_19153,0,0.8153633711126496,0
site_14712,0,0.8376547642131162,0
site_17102,0,0.8330357663482028,0
site_02163,0,0.8371139542444014,0
site_13714,0,0.7774816162466329,0
site_21211,0,0.8485401928822901,0
site_14457,0,0.8486189799106881,0
site_19474,0,0.8136267779655901,0
site_21200,1,0.8562407560610834,0
site_09238,0,0.706530521197646,0
site_15999,0,0.8021666289030009,0
site_06817,0,0.8183159174557642,0
site_07287,0,0.8388889936798134,0
site_00443,0,0.8652470944810526,0
site_13329,0,0.8644355707269666,0
site_17430,1,0.8706599100775789,0
site_11685,0,0.8581987511116614,0
site_12673,0,0.7677111918701075,0
site_00016,0,0.7883168570905847,0
site_10625,1,0.8622714552258579,0
site_14131,0,0.8043622453470131,0
site_00336,0,0.7083226736262543,0
site_03810,0,0.8680461875663166,0
site_13660,0,0.8558739050118336,0
site_12670,0,0.7611801954602228,0
site_18143,0,0.8170939984190176,0
site_01101,1,0.8443394377990289,0
site_21516,0,0.860088459523604,0
site_10842,1,0.8654071980743745,0
site_04666,0,0.8290375937585719,0
site_05133,0,0.814206186686168,0
site_16846,1,0.7851395830997643,0
site_14232,0,0.8092115764081637,0
site_02715,1,0.8760678345785882,1
site_17183,0,0.8020602729898245,0
site_13178,0,0.8270056293279024,0
site_19507,0,0.8552836722353314,0
site_02486,1,0.886706930903729,1
site_05608,0,0.8751620825564939,1
site_12337,0,0.8315307589011198,0
site_03310,0,0.849653799691408,0
site_02112,1,0.9120684679462432,1
site_17890,0,0.8327764836005014,0
site_05393,0,0.7902455738505014,0
site_14226,0,0.8001371433309444,0
site_17655,0,0.814326503394049,0
site_09269,0,0.8411353820766065,0
site_14553,0,0.8466654380455281,0
site_03608,1,0.8722600815833959,0
site_07584,0,0.7738805600291858,0
site_15692,0,0.7263700400701394,0
site_21165,0,0.6397765070481433,0
site_20051,0,0.8745948253451119,1
site_07926,0,0.7352935748706446,0
site_11915,0,0.730705992924781,0
site_02447,0,0.8313135648092518,0
site_06359,0,0.8298825945133843,0
site_15778,0,0.8044010978097371,0
site_18088,0,0.8362146342317421,0
site_12987,1,0.8833668710755749,1
site_11171,0,0.6803563532329503,0
site_01070,1,0.8102491704871696,0
site_13513,0,0.8090100116721786,0
site_13042,0,0.7838247301592429,0
site_09720,0,0.7616144091239931,0
site_12346,0,0.8164973085427596,0
site_10738,1,0.8748878994614991,1
site_00754,0,0.8633130777044684,0
site_04175,0,0.849022243647763,0
site_20647,0,0.8350236877177988,0
site_05534,0,0.823224876909624,0
site_17355,0,0.8205230084301016,0
site_03933,0,0.8547764571050991,0
site_12289,0,0.7141465916320011,0
site_00467,1,0.8858926622281225,1
site_04543,0,0.8136748099272402,0
site_06994,0,0.8140027457990584,0
site_01557,0,0.7944053740983972,0
site_10104,1,0.874962182831279,1
site_08322,0,0.7870371186086622,0
site_00934,1,0.8418552773231905,0
site_16585,0,0.8042308459462528,0
site_06963,0,0.8519876082119826,0
site_21214,0,0.852669986844989,0
site_19171,0,0.8628349721301414,0
site_01395,0,0.842990154382018,0
site_09351,0,0.8561029707906456,0
site_05749,1,0.8795112336716142,1
site_01860,0,0.8368143339423382,0
site_20318,0,0.8436689298351034,0
site_11112,1,0.9064220657507773,1
site_16223,0,0.8245015174484456,0
site_19627,0,0.8093963546713494,0
site_04279,0,0.8035828001211813,0
site_04626,0,0.8324224387371162,0
site_14628,0,0.8395591322586831,0
site_12487,0,0.76573218117258,0
site_02797,0,0.8216053513468407,0
site_07611,0,0.8148365690800956,0
site_05353,0,0.8056598440430143,0
site_12121,1,0.8829926645392565,1
site_06875,0,0.811156933072704,0
site_21184,0,0.866717194178062,0
site_05312,0,0.8042514086890449,0
site_20488,1,0.8216462352213066,0
site_10007,0,0.8694703620242956,0
site_05922,0,0.7349277146697205,0
site_11582,1,0.8604198303256975,0
site_14422,0,0.8053614945858847,0
site_09367,0,0.6971364862705469,0
site_10830,0,0.7648915712647719,0
site_21411,1,0.8681971101135686,0
site_00321,0,0.8650916336954719,0
site_14681,0,0.8035284734629722,0
site_04510,0,0.8479893264138678,0
site_08554,0,0.710510478799417,0
site_15319,0,0.8303417266747011,0
site_06860,0,0.8382114055452021,0
site_01037,0,0.8402439662527388,0
site_20113,0,0.8642707785722885,0
site_04691,0,0.8402598394190579,0
site_06090,0,0.8090806344372425,0
site_02998,1,0.8772180426475253,1
site_08046,0,0.72995715978932,0
site_10274,0,0.8645901102893316,0
site_10628,0,0.761602780495457,0
site_14852,0,0.7951454481590055,0
site_18827,0,0.8451243724199882,0
site_14610,0,0.8164839326808122,0
site_14411,0,0.7995864439856817,0
site_21204,1,0.9063685874245412,1
site_13310,0,0.8409983561581484,0
site_04083,0,0.8078028305809433,0
site_06491,0,0.8141704244521529,0
site_14370,0,0.8498171018339499,0
site_05507,0,0.7850899366466337,0
site_12637,1,0.7993584572806287,0
site_16249,1,0.8653912158578707,0
site_12498,1,0.8827799493423392,1
site_03335,1,0.8835871561142112,1
site_03114,0,0.8271996425385353,0
site_10307,0,0.660659436891175,0
site_18444,0,0.8251084989993438,0
site_00779,1,0.8603361384583526,0
site_05619,0,0.7848908202660752,0
site_17076,1,0.8454400455311954,0
site_16294,0,0.8386292511637755,0
site_21225,1,0.8846194191058836,1
site_16359,0,0.8597190735271707,0
site_03683,0,0.8797375050469713,1
site_07340,0,0.8283016695789782,0
site_00015,1,0.8238992404052753,0
site_04717,0,0.810548223348643,0
site_11940,0,0.7756848366345725,0
site_04325,0,0.8375664756575596,0
site_04709,0,0.8160746245408327,0
site_18531,0,0.8403112401002333,0
site_13161,0,0.788767093752314,0
site_13135,0,0.7375538639606036,0
site_16099,0,0.8506387915310154,0
site_03322,0,0.8669165485101973,0
site_15899,0,0.8620001834717685,0
site_21215,0,0.854441554869134,0
site_11189,0,0.7113656374567825,0
site_18670,0,0.8188766032518767,0
site_14000,0,0.8602813550144566,0
site_02684,0,0.8245164085622694,0
site_07689,0,0.749041799232085,0
site_19632,0,0.8216481038216992,0
site_21389,1,0.8784293417598787,1
site_12957,0,0.8422999469286867,0
site_19959,0,0.81968698547602,0
site_19900,0,0.8329341475483949,0
site_08446,0,0.746549399959295,0
site_01154,0,0.856852229259101,0
site_02608,0,0.8546887968018929,0
site_06357,0,0.660770704442933,0
site_12894,0,0.8751051490805801,1
site_10398,0,0.8285684985269124,0
site_05963,1,0.8706865111412225,0
site_14161,0,0.8305570255898722,0
site_17530,0,0.746098261885204,0
site_14847,0,0.7192185130832537,0
site_02016,0,0.8388408969115551,0
site_03527,0,0.841966431253703,0
site_15803,0,0.8055588768220936,0
site_15040,0,0.8212836101531329,0
site_07267,0,0.773081474973596,0
site_15722,0,0.8031057825027388,0
site_18546,0,0.8544188354758713,0
site_00102,1,0.8832793049915819,1
site_10296,0,0.6673110044255274,0
site_03737,0,0.8643754857573704,0
site_17177,0,0.8397430479223769,0
site_02298,1,0.8902389943313236,1
site_05888,1,0.8843614613332469,1
site_07057,0,0.8120880708680402,0
site_00477,1,0.8734781014164346,1
site_18523,0,0.82466021033484,0
site_08982,0,0.6980447141181497,0
site_17320,1,0.8694199371233371,0
site_01223,0,0.8353382228386786,0
site_08145,0,0.7244586503999273,0
site_00938,0,0.8562586943701069,0
site_12485,0,0.8358467895626456,0
site_07219,0,0.8404257244057676,0
site_04714,0,0.8215301133616058,0
site_03622,0,0.8275379972154406,0
site_19008,0,0.8284130567926001,0
site_16723,1,0.8654190568166682,0
site_12630,1,0.8111014519410815,0
site_14508,0,0.8069172069889138,0
site_13455,0,0.8722229704002664,0
site_07162,0,0.8376969396270119,0
site_10501,0,0.8711737069808476,0
site_08440,0,0.7677139050978175,0
site_04617,0,0.8302855544528636,0
site_10786,0,0.6657011698865049,0
site_17058,0,0.8424481909310133,0
site_17632,0,0.8275975846966799,0
site_11590,0,0.8635169893751333,0
site_17115,0,0.864228867321009,0
site_17032,1,0.8819629305424461,1
site_19442,0,0.8550008860861489,0
site_15183,0,0.8162972424102223,0
site_12666,0,0.7500987432932593,0
site_16851,1,0.8720974980514314,0
site_19509,0,0.8497424813094681,0
site_13003,1,0.8853178449135095,1
site_06245,0,0.8683129440532846,0
site_13479,0,0.788828053845576,0
site_13736,0,0.795650692756209,0
site_05293,0,0.8145677635176674,0
site_00668,0,0.8739450229581198,1
site_08425,0,0.78487330204451,0
site_12555,0,0.7672266285371726,0
site_21392,1,0.879135770647931,1
site_04796,0,0.8282202245956942,0
site_19050,1,0.8751867621678929,1
site_20210,0,0.7288804785015949,0
site_19376,0,0.8707234137253905,0
site_11405,1,0.8936742644796585,1
site_05042,0,0.8195592944543258,0
site_06140,0,0.8528519086066215,0
site_05958,1,0.869868533154869,0
site_21007,1,0.8792507447822617,1
site_00773,0,0.8248166012100713,0
site_12127,1,0.8192482403954398,0
site_01706,0,0.8666116685960445,0
site_20312,0,0.8363687654053451,0
site_12310,0,0.7669291259127533,0
site_11318,0,0.7015999640425372,0
site_01585,0,0.8285036014534208,0
site_11966,0,0.8450087712376841,0
site_17898,0,0.8519950745517151,0
site_05711,0,0.8629851565679054,0
site_13682,0,0.8687079845608447,0
site_11902,0,0.6825825492904528,0
site_07603,0,0.8188104160197978,0
site_21092,0,0.8246251088074606,0
site_12397,1,0.8927443111424199,1
site_18480,0,0.8332108002155809,0
site_19904,0,0.8400655472203247,0
site_19792,1,0.8801399864403832,1
site_05689,0,0.7493690607467696,0
site_03549,0,0.8275286661368659,0
site_17367,0,0.8609838472062203,0
site_13941,0,0.8176114417012995,0
site_13234,0,0.8784932235902028,1
site_04509,0,0.8460021013986858,0
site_07007,0,0.7797460583030328,0
site_13464,0,0.8662461827551469,0
site_15596,0,0.8134353561160365,0
site_05472,0,0.7989664097133065,0
site_00813,0,0.8539543540527605,0
site_13551,0,0.8252604641607855,0
site_17089,0,0.8053283899689034,0
site_04519,0,0.8321259414302402,0
site_07308,0,0.8191073048324149,0
site_18937,0,0.8308679784157046,0
site_18133,0,0.8410955605418395,0
site_13241,0,0.8562041847405102,0
site_17402,0,0.8165825321241285,0
site_15914,0,0.8029906147806487,0
site_11541,0,0.8399996630792682,0
site_08743,0,0.7394400979590927,0
site_13532,0,0.837425618625562,0
site_02760,0,0.8627405792739393,0
site_07889,0,0.8036136550793175,0
site_10952,0,0.7700003798204441,0
site_01663,0,0.8776269905179417,1
site_17293,0,0.8194453876461834,0
site_12869,1,0.8704619889013403,0
site_15090,0,0.8298427256386605,0
site_15815,0,0.8269953636740512,0
site_03465,1,0.8800216938066958,1
site_11676,0,0.8498759798867651,0
site_20982,0,0.8284672778523798,0
site_14674,0,0.8235621190879585,0
site_05926,0,0.7898985971973365,0
site_00114,0,0.7766521150388193,0
site_06504,0,0.8331984911405306,0
site_03470,1,0.8816235032007509,1
site_13257,0,0.7565651115514009,0
site_11188,0,0.7114704497421174,0
site_12431,0,0.7670341816423216,0
site_17810,0,0.8526828287546842,0
site_04527,0,0.7924985268583681,0
site_19448,0,0.8701620367171659,0
site_07416,0,0.8251594548241568,0
site_14942,0,0.816289701774729,0
site_21053,0,0.8628712476711449,0
site_01107,0,0.8271466203855375,0
site_14896,0,0.8348474501225494,0
site_14875,0,0.8302079494339603,0
site_04859,0,0.8164541675033691,0
site_09896,0,0.6954522528290334,0
site_03917,0,0.8379340504384079,0
site_04595,0,0.7921969673352904,0
site_01551,0,0.6940890042653001,0
site_02383,0,0.8294474979117121,0
site_02796,0,0.8267925501577185,0
site_02781,1,0.8223102972551737,0
site_02913,0,0.8108668482039738,0
site_04723,0,0.8296071431956128,0
site_18685,0,0.8542450952604557,0
site_18557,0,0.8383932195236882,0
site_07778,0,0.8041458774268113,0
site_04967,0,0.8193463629202211,0
site_09487,0,0.6905199060846448,0
site_15754,0,0.8448170553370764,0
site_05069,0,0.816969264616497,0
site_20234,0,0.831574835457484,0
site_19453,1,0.8688323663534119,0
site_14489,0,0.8408158814633161,0
site_10614,1,0.8848812911200168,1
site_16406,0,0.8162314599466488,0
site_02772,1,0.8793449734742074,1
site_07646,0,0.7543760792936076,0
site_18904,0,0.8673043397706737,0
site_16306,1,0.7923665872307295,0
site_05904,0,0.8641494946748216,0
site_12173,0,0.7504794499855394,0
site_18228,0,0.7990950411417845,0
site_01480,0,0.8351368318000809,0
site_01956,0,0.8148596614667499,0
site_14660,0,0.8362590685912776,0
site_04909,0,0.8154322409281798,0
site_02280,0,0.7912295619409266,0
site_19832,0,0.8191053978057228,0
site_17303,0,0.8324282002513488,0
site_15055,0,0.8292404410546779,0
site_02443,0,0.809835998204721,0
site_06590,0,0.6634898057347016,0
site_12469,0,0.8474904050083212,0
site_18653,0,0.8373764674371256,0
site_10340,0,0.7336869160565677,0
site_11692,0,0.8911205473420658,1
site_18049,0,0.858266710002709,0
site_21358,0,0.7326122626531963,0
site_10970,1,0.841674516167605,0
site_14997,0,0.8275410776638694,0
site_00181,0,0.6455928798700675,0
site_00785,0,0.8481389287494786,0
site_07607,0,0.8175727709734116,0
site_19711,0,0.8317188035210941,0
site_06071,0,0.8158430272900621,0
site_04855,0,0.8133773328271918,0
site_08210,0,0.7248589234158764,0
site_11686,0,0.7719255972638536,0
site_18058,0,0.8403189422028519,0
site_18459,0,0.8428712684008346,0
site_15970,0,0.8059651072654734,0
site_04128,0,0.8586920769370889,0
site_04610,0,0.8191407377668369,0
site_15985,0,0.8057273394156241,0
site_03613,1,0.857607686561622,0
site_17761,0,0.8355270897965277,0
site_07389,0,0.7939295090702139,0
site_02617,0,0.8273290807609275,0
site_17037,0,0.7870259734512601,0
site_16558,1,0.8879768850673889,1
site_17930,0,0.8180199832251616,0
site_00822,0,0.8191766550161679,0
site_08824,0,0.8652634174866545,0
site_02834,1,0.8834846555609563,1
site_08252,0,0.7419658938797518,0
site_14514,0,0.8135785988602089,0
site_06344,0,0.835356879080813,0
site_19573,0,0.8377746597196862,0
site_01405,0,0.8310832796119665,0
site_10312,0,0.6705513903350532,0
site_01276,0,0.8789511400395313,1
site_14546,0,0.8468477971458499,0
site_02699,0,0.8325905300991719,0
site_02030,0,0.8398877696252767,0
site_06139,0,0.855668879345761,0
site_17020,1,0.8088950066733769,0
site_00591,1,0.8783955752110832,1
site_11167,0,0.6667115305960749,0
site_12908,0,0.7552201531413689,0
site_16983,0,0.7927979588458198,0
site_01367,1,0.8218584973903613,0
site_07488,0,0.8329557290208784,0
site_19379,0,0.8742162191676985,1
site_10092,0,0.7640520266528588,0
site_09864,0,0.8420663752727262,0
site_19213,0,0.8140069116444881,0
site_08248,0,0.7209274419918195,0
site_09382,0,0.6690472750751196,0
site_20554,1,0.8960825451810961,1
site_19613,0,0.8096044096372852,0
site_02045,1,0.8710269446783001,0
site_03176,0,0.8290287002852412,0
site_06138,0,0.8587222124729437,0
site_04344,0,0.820649136225162,0
site_06646,0,0.7925964033351607,0
site_17844,0,0.8175539449380599,0
site_02042,1,0.8767845333494744,1
site_20485,0,0.7377642321522244,0
site_10493,1,0.8735081037929422,1
site_10984,1,0.8852570335687853,1
site_19360,0,0.8369423154541815,0
site_06333,0,0.8570228410187464,0
site_04290,0,0.8380527856176103,0
site_19698,0,0.8150681112320299,0
site_00860,1,0.8647103984136237,0
site_05095,0,0.807061417652476,0
site_02634,0,0.7983563335902026,0
site_12047,0,0.7490049245400263,0
site_10677,0,0.7215362392764932,0
site_06109,0,0.8664545643448662,0
site_01446,0,0.8597444533992642,0
site_00437,1,0.8769549863351185,1
site_13602,0,0.7746091011679899,0
site_01164,1,0.8445669064604708,0
site_18315,0,0.8138509455140435,0
site_05023,0,0.8190953146711822,0
site_06769,0,0.8559672829990166,0
site_03107,0,0.7960674914652108,0
site_16076,0,0.7975677820364007,0
site_04745,0,0.8333425179622125,0
site_02370,0,0.8401653055231512,0
site_17880,0,0.8599714468074626,0
site_07799,0,0.7544460480942312,0
site_01087,0,0.8525827910955148,0
site_11556,1,0.9166294557433741,1
site_18847,0,0.8324338062581511,0
site_15864,0,0.8058523993493276,0
site_05868,0,0.8227141157720994,0
site_01808,0,0.8526300989212379,0
site_16521,0,0.7924787776769009,0
site_07097,0,0.8440934689496127,0
site_06945,0,0.7871635431199253,0
site_15686,0,0.8452935032975311,0
site_15738,0,0.8184955681521973,0
site_09403,0,0.6768868671338106,0
site_06091,0,0.7908714658224165,0
site_05856,0,0.7968167740488128,0
site_00980,0,0.8498667561056605,0
site_01141,1,0.8412940568081733,0
site_02475,1,0.8662422927218454,0
site_09064,0,0.6667154694273887,0
site_06974,0,0.8437682910292639,0
site_04291,0,0.8100008946140718,0
site_20877,0,0.8407208747403441,0
site_15904,1,0.8498433957179999,0
site_15263,0,0.818652927783702,0
site_17620,0,0.8595911361829323,0
site_08879,0,0.865507110918319,0
site_20477,1,0.876058937647864,1
site_16429,1,0.817127291432276,0
site_01161,0,0.8502040938361755,0
site_20302,0,0.8165251744605935,0
site_17256,0,0.8306321379400445,0
site_20215,0,0.8333191027294878,0
site_19031,0,0.8461269996393026,0
site_18275,0,0.8501149485263657,0
site_05333,0,0.7353746154170913,0
site_03328,0,0.8756573989715397,1
site_20650,0,0.8433030051785699,0
site_09709,0,0.7146735125152641,0
site_14268,0,0.8282628178658293,0
site_12850,0,0.8269356117708606,0
site_16919,1,0.8525223369300015,0
site_07347,0,0.8385424074215817,0
site_18466,0,0.8534787505812076,0
site_02592,0,0.7603165642698207,0
site_19939,0,0.8350185718677103,0
site_12919,0,0.7747990768294251,0
site_11355,0,0.7844279034018882,0
site_09777,0,0.6770675438315008,0
site_01198,0,0.8713627005033058,0
site_05745,0,0.6808364700453999,0
site_06922,0,0.83693238713395,0
site_06058,0,0.8329890605907211,0
site_15838,1,0.8751687611475255,1
site_20285,0,0.8667688798531893,0
site_10111,0,0.8157199200490202,0
site_04712,0,0.809726496822206,0
site_02673,0,0.8166280109434634,0
site_21492,0,0.8565881681032843,0
site_06106,0,0.7228221953763501,0
site_10477,1,0.8808947600370785,1
site_11225,0,0.795828004368133,0
site_05571,0,0.7868585044916627,0
site_14536,0,0.8435670333696932,0
site_10588,0,0.5386557170471035,0
site_14234,0,0.8109645991169767,0
site_01589,0,0.7622974758503602,0
site_07041,0,0.8364558868202789,0
site_08485,0,0.7742900780130688,0
site_06841,0,0.8530678546500365,0
site_14802,0,0.8398967923866589,0
site_13601,0,0.7746806147068179,0
site_18213,0,0.8326401290346461,0
site_11799,0,0.7944959095236421,0
site_20306,0,0.8357066842178711,0
site_21433,0,0.8506694888998663,0
site_17029,1,0.8654353212395438,0
site_03012,0,0.8222041429434461,0
site_13409,0,0.8213073531876265,0
site_11253,1,0.8738111201375927,1
site_18331,0,0.8424491043084332,0
site_16194,0,0.7875003227356531,0
site_10303,0,0.6486492697609532,0
site_11690,0,0.8929229448846682,1
site_13621,0,0.8047298009797206,0
site_02927,0,0.8520437554098155,0
site_03248,0,0.8119133382738148,0
site_00945,0,0.8519449486526551,0
site_13298,0,0.7603790783112445,0
site_20271,1,0.8946491112455204,1
site_12887,1,0.8775405785221034,1
site_17756,0,0.8281352240479609,0
site_06288,0,0.7204636745373127,0
site_13111,1,0.8779848564653712,1
site_15996,0,0.7956456850863503,0
site_17670,0,0.863090037603246,0
site_02359,1,0.891680310892484,1
site_03377,0,0.8528508725749686,0
site_20142,0,0.8216756052460601,0
site_15823,0,0.8514155599384178,0
site_06000,0,0.7932453708153802,0
site_18335,0,0.8549624984741151,0
site_00978,0,0.8582168739015574,0
site_08906,0,0.7192579333037065,0
site_11558,0,0.8117749593710033,0
site_12904,0,0.7482204158140562,0
site_21168,0,0.8604971570531336,0
site_00592,1,0.8794055907372906,1
site_19759,0,0.7984794782118783,0
site_20598,0,0.8525666411036981,0
site_04977,0,0.8297876039636863,0
site_13854,0,0.8197098377194489,0
site_15151,0,0.8253481292690559,0
site_13363,0,0.8467031367490663,0
site_02452,0,0.8410384656664911,0
site_01495,1,0.8662857119191565,0
site_20208,0,0.8490414418686573,0
site_04508,0,0.8476065545129639,0
site_17438,0,0.614272188197605,0
site_02887,1,0.88694524130483,1
site_05675,0,0.8031941997972194,0
site_08511,0,0.7342383090942204,0
site_12242,0,0.8647952310451739,0
site_12805,0,0.7736075223090121,0
site_14534,0,0.8234743303572964,0
site_00356,0,0.8717887250733232,0
site_13188,0,0.8260314957394261,0
site_13855,0,0.798951701530324,0
site_07253,0,0.8006825585462869,0
site_18015,0,0.8425879585632194,0
site_15067,0,0.8258629112138709,0
site_07518,0,0.8029061286881828,0
site_16085,0,0.8105071065046174,0
site_16010,0,0.8021393240805241,0
site_07815,0,0.732608371352613,0
site_05404,0,0.8102465166586832,0
site_14020,0,0.7815398844184644,0
site_07862,0,0.7604200991113703,0
site_03824,0,0.8660046537967914,0
site_18362,0,0.8348264741237206,0
site_04461,0,0.7793027175838896,0
site_10485,0,0.8322822654051527,0
site_20367,0,0.8184221113847059,0
site_03946,0,0.8625341758697822,0
site_04794,0,0.8337943045004417,0
site_19936,0,0.8420547985544857,0
site_07543,0,0.7289031379832549,0
site_20172,0,0.8371885453407719,0
site_05861,0,0.8079224333160195,0
site_05156,0,0.8221751827285602,0
site_09986,1,0.9026801871360913,1
site_04533,0,0.7837425391037685,0
site_03799,0,0.8551940521964754,0
site_09328,0,0.8527877616622902,0
site_03249,0,0.8489678990438924,0
site_13912,0,0.7663620387185028,0
site_18204,0,0.8474294992933877,0
site_20326,0,0.8632674126852942,0
site_17196,0,0.824068053087371,0
site_13203,0,0.8085456368454105,0
site_18464,0,0.8524232623071135,0
site_15923,0,0.8039802870389972,0
site_05214,0,0.8005707584203805,0
site_00164,0,0.8706842043986258,0
site_17376,1,0.8783587772681436,1
site_18237,0,0.6715436709203627,0
site_21440,0,0.8759882390399807,1
site_16485,1,0.8702765330239159,0
site_07088,0,0.8435952055432729,0
site_18354,0,0.8481313280858795,0
site_10150,0,0.8419728036220204,0
site_09574,0,0.6682511527125761,0
site_13478,0,0.8065446945994267,0
site_12490,0,0.8799438081887723,1
site_00215,0,0.8021166401420649,0
site_15919,0,0.8074990390384369,0
site_18234,0,0.8529352037924312,0
site_03483,0,0.7985881995318109,0
site_17457,0,0.8291750335500712,0
site_08747,0,0.7267333745780344,0
site_11997,1,0.8864795405665282,1
site_08113,0,0.7963715674331933,0
site_21540,0,0.8090774833597121,0
site_16854,1,0.8786838012598012,1
site_07638,0,0.7632033020246698,0
site_13608,0,0.7837858605109509,0
site_04161,0,0.8280089789995481,0
site_08236,0,0.765796317218663,0
site_08310,0,0.7204273744169285,0
site_10460,0,0.7513402474357828,0
site_18386,0,0.8475021074433322,0
site_15706,0,0.7991930169369902,0
site_13552,0,0.861877881219598,0
site_05578,0,0.8013515952533019,0
site_10471,0,0.6984414268016157,0
site_12100,0,0.8512735072827269,0
site_05736,0,0.8222690679711754,0
site_19609,0,0.8104234704290467,0
site_20543,1,0.8873712751438592,1
site_15479,0,0.812732982181379,0
site_09579,0,0.6813558067492126,0
site_05129,0,0.819946644864862,0
site_12167,0,0.7236912456960538,0
site_09687,0,0.6655978652544267,0
site_05642,1,0.8900270537553889,1
site_18519,0,0.8263187796894682,0
site_19051,0,0.7336799580952255,0
site_03010,0,0.8259709366965298,0
site_20015,0,0.8046840429672536,0
site_01497,1,0.8685952874884446,0
site_05767,0,0.8579502801168741,0
site_07793,0,0.7749796012757595,0
site_17417,0,0.8453070481785796,0
site_18316,0,0.6051469818781392,0
site_20018,0,0.8032877667774634,0
site_12353,0,0.8493995880856051,0
site_20918,0,0.8299967598002429,0
site_09743,0,0.7991144797787729,0
site_05801,0,0.8201869100213873,0
site_00805,0,0.8596861589455782,0
site_14599,0,0.8040729653428289,0
site_09845,1,0.8928503579826961,1
site_21483,0,0.8688840320927727,0
site_06899,0,0.8527585859585964,0
site_03858,0,0.8453818904979539,0
site_05481,0,0.7981165716553669,0
site_13292,0,0.8131184592386393,0
site_18147,0,0.8343493910694915,0
site_03966,0,0.7914383768909954,0
site_15395,0,0.831643174913671,0
site_19190,0,0.8223017991910755,0
site_06685,0,0.8604491940580037,0
site_19531,1,0.8706893850727488,0
site_06240,0,0.8631360400275667,0
site_06736,0,0.8166911074384686,0
site_10339,0,0.7364765806256752,0
site_14078,0,0.8579977294441656,0
site_01610,1,0.862926892532826,0
site_12378,0,0.7991815970779059,0
site_14076,0,0.8598534975587666,0
site_13985,0,0.8604331261687499,0
site_01038,0,0.8385511569687751,0
site_16138,0,0.7890478921638833,0
site_00297,1,0.8167617604611548,0
site_07951,0,0.7952690904480064,0
site_21110,1,0.8682719830326138,0
site_01462,1,0.818400026552163,0
site_01809,0,0.8332649588585928,0
site_19471,0,0.8168342791028296,0
site_07115,0,0.8154998295671257,0
site_07715,0,0.8158946716047866,0
site_20138,0,0.8206902995185913,0
site_09096,0,0.8418369570472077,0
site_11620,0,0.7352090756502025,0
site_10335,0,0.7222840465919254,0
site_10456,0,0.7413061163452259,0
site_01039,0,0.8384428257945877,0
site_17740,0,0.7223521267744435,0
site_12212,0,0.8328831643429855,0
site_05990,0,0.8304589935122719,0
site_19227,0,0.8317224215291475,0
site_14817,0,0.8384423169264472,0
site_00077,0,0.7396415156250736,0
site_07961,0,0.7709373009206413,0
site_13049,0,0.7264396572368059,0
site_07973,0,0.7542954053143973,0
site_07424,0,0.8296995391793289,0
site_16646,0,0.8180702961650046,0
site_21324,1,0.8740689048848593,1
site_14590,0,0.7980270855531448,0
site_08804,0,0.7109193762783375,0
site_03392,0,0.873493210971656,1
site_03490,0,0.8023694939225248,0
site_06885,0,0.7792613621535913,0
site_19397,0,0.8192819294572846,0
site_13857,0,0.7951378995878655,0
site_19849,0,0.8720487012401734,0
site_01783,0,0.8588808426277006,0
site_10882,1,0.8632999752854253,0
site_09569,0,0.6571454536139215,0
site_07326,0,0.7862749909212543,0
site_09706,0,0.7117827059497415,0
site_01120,0,0.8451309801333504,0
site_18865,0,0.836937623196611,0
site_13370,0,0.7524023235951827,0
site_18083,0,0.6528483159603352,0
site_10309,0,0.6621062937530867,0
site_09082,0,0.8719071876336848,0
site_15866,0,0.8078345250687409,0
site_18373,0,0.8305250995883761,0
site_14122,0,0.7883688141413352,0
site_18914,0,0.8287758431984,0
site_04597,0,0.8007792098341633,0
site_12568,0,0.7910781567858454,0
site_15890,0,0.8406778446706005,0
site_14995,0,0.8275486774560663,0
site_19572,0,0.8290136697874055,0
site_02488,0,0.7357617563535458,0
site_20991,0,0.8551506132171602,0
site_18071,0,0.8281205183297313,0
site_04848,0,0.8180332211951318,0
site_21086,0,0.8166509388998617,0
site_11317,0,0.6931336590013562,0
site_20803,0,0.7320274749075368,0
site_12090,0,0.8126047156726364,0
site_17437,0,0.6434930782727267,0
site_02382,0,0.8324186259820683,0
site_02910,0,0.8357051967440181,0
site_07009,0,0.7820508005940765,0
site_06873,0,0.8151682877835749,0
site_07469,0,0.7628122715006753,0
site_15076,0,0.8184565312453358,0
site_08500,0,0.7467691740524279,0
site_15693,0,0.8395745569409646,0
site_15062,0,0.8301847110556763,0
site_15164,0,0.8228871707206686,0
site_15827,0,0.8587684082771465,0
site_12570,0,0.7957297706241688,0
site_04620,0,0.8076293713430509,0
site_14821,0,0.8433201496409826,0
site_12237,0,0.8528089206792457,0
site_01167,1,0.8868540381886747,1
site_02470,0,0.7498734946853585,0
site_05737,0,0.82392132130486,0
site_15705,0,0.812391701941646,0
site_03543,1,0.8769931462126497,1
site_03922,0,0.8365962231048778,0
site_20400,0,0.8736241393869992,1
site_01250,0,0.7284831481789463,0
site_04078,0,0.8500333908347256,0
site_06602,0,0.8620793831167486,0
site_02124,0,0.8441675997773797,0
site_04464,0,0.801255965065907,0
site_10793,0,0.7007780311414276,0
site_00263,1,0.8905205665982776,1
site_02451,0,0.8356202921459366,0
site_14217,0,0.7850333982275333,0
site_00882,0,0.8576364720818037,0
site_02123,0,0.8420438871549422,0
site_11523,0,0.8297787730960235,0
site_03509,0,0.8463836699926729,0
site_18599,0,0.8252550015488453,0
site_11759,0,0.7104485306141612,0
site_20494,0,0.8235659202014561,0
site_19741,1,0.8485231576922889,0
site_19805,0,0.7430435373027873,0
site_11707,1,0.9075143401063313,1
site_11134,1,0.9063995055801692,1
site_02177,1,0.8930124327767472,1
site_00582,0,0.7806343766556869,0
site_15029,0,0.822624345975163,0
site_04294,0,0.824230076743768,0
site_08708,0,0.7152037556462476,0
site_20247,0,0.8539197240654446,0
site_02037,0,0.7628257711120632,0
site_00269,1,0.8760985024071497,1
site_05198,0,0.8193992526500666,0
site_16412,0,0.8425604794711887,0
site_02858,0,0.8231567973371077,0
site_10543,0,0.6808351472798321,0
site_10095,0,0.7606477837061041,0
site_02129,0,0.8418019799336609,0
site_00713,0,0.8740258801000145,1
site_21352,1,0.8805748748407969,1
site_12381,1,0.9050755204473829,1
site_02953,1,0.9107525755098723,1
site_21474,0,0.8322136604378894,0
site_01832,0,0.8526955326077947,0
site_18118,0,0.8248376142918532,0
site_00424,1,0.8816058242204337,1
site_08021,0,0.7646735524765012,0
site_03547,0,0.8638721317829473,0
site_18779,0,0.8321180150033984,0
site_19137,0,0.817820489846814,0
site_00746,0,0.8356763407543377,0
site_21261,0,0.7852713977357719,0
site_15526,0,0.8083168850166245,0
site_06684,0,0.8625627292448053,0
site_17139,0,0.8085957212310171,0
site_10472,1,0.8923896870246294,1
site_12423,0,0.7513563903015252,0
site_07990,0,0.8087547653557028,0
site_15167,0,0.8285395170241405,0
site_08437,0,0.7735148963752845,0
site_03075,0,0.8074440191207941,0
site_09289,0,0.6969846670454947,0
site_07027,0,0.8446016094163231,0
site_03936,0,0.8325201972491336,0
site_13543,0,0.8463019149960271,0
site_09527,0,0.8627886896027148,0
site_11994,1,0.8832917565299738,1
site_10196,0,0.7064974178547758,0
site_04705,0,0.8229980224413997,0
site_03425,0,0.8258094517066314,0
site_13911,0,0.7800544939682428,0
site_09685,0,0.6595801473298813,0
site_12163,0,0.7291767173243051,0
site_03359,0,0.8267353012819199,0
site_06750,0,0.8477590853706871,0
site_13381,0,0.775389839662523,0
site_16968,0,0.8172055092333078,0
site_13518,0,0.8164366565856336,0
site_13898,0,0.8604435064646421,0
site_19809,0,0.78645905179066,0
site_01058,1,0.8819576645753218,1
site_06432,0,0.7922273677942497,0
site_00292,0,0.8270202304400477,0
site_05307,0,0.8068618146822049,0
site_10215,0,0.7510213886417689,0
site_01595,0,0.8485837127331528,0
site_04488,0,0.8336647924677079,0
site_11596,0,0.6801841020922347,0
site_15991,0,0.7993465981427326,0
site_00280,0,0.8697969706470541,0
site_04772,0,0.8338073226107237,0
site_08023,0,0.717053450229715,0
site_06498,0,0.67859813817738,0
site_06700,0,0.8395569264414151,0
site_05846,0,0.8489327255006579,0
site_04826,0,0.8382059422560282,0
site_04682,0,0.8425676894083817,0
site_06488,0,0.8192278216698203,0
site_07868,0,0.7437188088471756,0
site_19029,0,0.8332705509256855,0
site_17821,0,0.6451471957194558,0
site_20245,0,0.8441362644848666,0
site_17255,0,0.83802350924539,0
site_11995,1,0.8913239256823591,1
site_20279,1,0.8880923835551247,1
site_18277,0,0.8505726707754335,0
site_01767,0,0.8208414502932367,0
site_06002,0,0.7983044075593164,0
site_12905,0,0.7515242349510773,0
site_11609,0,0.6896357238082971,0
site_12542,0,0.7423030495552398,0
site_19472,0,0.8128081806635039,0
site_20373,0,0.824777756073364,0
site_02171,1,0.8779933857760862,1
site_21500,0,0.8587626023833055,0
site_10837,0,0.7252166053171781,0
site_07899,0,0.788551693236127,0
site_17840,0,0.830195462921019,0
site_19530,0,0.8036574900591065,0
site_14583,0,0.8236883963392614,0
site_08990,0,0.6746394514968573,0
site_19011,0,0.8235181697968111,0
site_00802,0,0.866547927046432,0
site_01993,1,0.8833934668308263,1
site_17543,0,0.8132858785584538,0
site_08801,0,0.7161585798190665,0
site_18060,0,0.8370098503768326,0
site_15633,0,0.81205159288714,0
site_01615,0,0.6136129518334966,0
site_08690,0,0.7522315451019026,0
site_04244,0,0.8500526564823929,0
site_18802,0,0.8305340494464193,0
site_00854,0,0.8158685378029624,0
site_15544,0,0.8409967780956942,0
site_00720,0,0.8663812692063659,0
site_08453,0,0.7279433533737583,0
site_03117,0,0.8276556882882721,0
site_18537,0,0.8406370989529084,0
site_07732,0,0.7923386606018541,0
site_12023,0,0.6944184388693733,0
site_21362,1,0.8472635803245879,0
site_19635,0,0.8271173814877761,0
site_08849,0,0.7130943775663947,0
site_09700,0,0.7003559138860114,0
site_01499,1,0.8363121224018207,0
site_14591,0,0.7957197611994484,0
site_10877,0,0.7588314460561247,0
site_02581,0,0.85024698210969,0
site_06105,0,0.8523606910306465,0
site_01337,0,0.851765788703657,0
site_10260,0,0.8722532255563227,0
site_16916,1,0.860214545793196,0
site_18439,0,0.8323329640068555,0
site_01929,1,0.8886554853181647,1
site_11441,0,0.8697437640591452,0
site_16122,1,0.8602598475736526,0
site_09982,1,0.9123395780696048,1
site_02733,0,0.8245082396409935,0
site_12824,0,0.8145975369668914,0
site_11557,1,0.9083657455812103,1
site_07168,0,0.8290992700718556,0
site_02995,1,0.8846274411441644,1
site_19649,0,0.8600057690248195,0
site_13636,0,0.8310082569671771,0
site_12848,0,0.8515596238261718,0
site_19005,0,0.8307643888375529,0
site_09174,0,0.8490931739867158,0
site_18420,0,0.8545087145151733,0
site_15992,0,0.7998353779846679,0
site_09021,0,0.7410634507621694,0
site_15584,0,0.8107812656401017,0
site_20475,1,0.8718190306578926,0
site_08313,0,0.7164027684537446,0
site_20116,0,0.8712255279743983,0
site_15511,0,0.8146636628491133,0
site_18122,0,0.8518985657207958,0
site_02566,0,0.8078638829990681,0
site_14253,0,0.8297793320094592,0
site_13964,0,0.8403478269260032,0
site_08070,0,0.7878624635117242,0
site_20944,0,0.872679864345957,0
site_01661,0,0.8787781364742235,1
site_06697,0,0.8486140805517892,0
site_20437,0,0.8173756862001291,0
site_15886,0,0.8248723909979536,0
site_07999,0,0.8047272967607276,0
site_19804,0,0.7324249829312317,0
site_09972,1,0.8784917119316247,1
site_06708,0,0.8343353686886676,0
site_05947,0,0.8222356929076441,0
site_01270,0,0.8575258564589927,0
site_03902,0,0.7991210972839181,0
site_18374,0,0.8288821601300195,0
site_19249,1,0.8798003867908561,1
site_11585,0,0.829100764192604,0
site_19210,0,0.8195342295392114,0
site_02931,0,0.8283579780537972,0
site_14662,0,0.840242093277286,0
site_09483,0,0.6727112820033834,0
site_06545,0,0.8520297345535508,0
site_18152,0,0.8223758484713202,0
site_10608,1,0.916059065769377,1
site_13129,0,0.8585953411117382,0
site_11736,0,0.8710338767009992,0
site_05563,1,0.8920150311223001,1
site_09767,0,0.8386623685309647,0
site_10809,0,0.7415549601340681,0
site_13569,0,0.8726750170343593,0
site_08029,0,0.718971722652634,0
site_09313,0,0.48536065877132933,0
site_16910,0,0.7437827015137689,0
site_16411,0,0.8261889393971038,0
site_20687,1,0.8228090267485356,0
site_02349,1,0.8798081432135303,1
site_17500,0,0.8302931369559305,0
site_13939,0,0.8133325185177178,0
site_21332,0,0.8122188199229677,0
site_20668,1,0.8805483770803681,1
site_19195,0,0.8224572528939732,0
site_06433,0,0.8254863309620939,0
site_05494,0,0.8244368731910438,0
site_05328,0,0.8113654954371048,0
site_01857,0,0.8580301957787502,0
site_11368,0,0.7604717882170458,0
site_19580,0,0.8571237557384941,0
site_12302,0,0.7629369386207139,0
site_04098,0,0.8238687849469404,0
site_13998,0,0.8610371501448775,0
site_17363,0,0.8359050865366617,0
site_10110,0,0.8055558199426865,0
site_15105,0,0.8208811863077057,0
site_16836,0,0.8518692483214483,0
site_03759,0,0.7864241191720512,0
site_11497,0,0.7790281639021721,0
site_18119,0,0.857118627736235,0
site_14574,0,0.8419953883521494,0
site_16652,0,0.8626572732012532,0
site_09099,0,0.7389783570897283,0
site_15774,0,0.8100064295742055,0
site_21272,1,0.8625536449991817,0
site_17285,1,0.8578380136523045,0
site_12427,0,0.7592861584519246,0
site_07017,0,0.8430123975777758,0
site_19293,0,0.8363721377700288,0
site_03071,0,0.8442330398600946,0
site_20874,0,0.8220357836017251,0
site_03173,0,0.8277522335242389,0
site_12733,0,0.7919494110277329,0
site_06754,0,0.8413856002111385,0
site_00929,0,0.7226230269602589,0
site_17581,0,0.817220653132004,0
site_02344,0,0.8512501194733211,0
site_06008,0,0.8132507117652981,0
site_12648,0,0.773998991473438,0
site_01567,0,0.8607271559163554,0
site_04789,0,0.8349795783025822,0
site_07528,0,0.7892839229861293,0
site_11175,0,0.685452898018008,0
site_04037,0,0.7953859585323773,0
site_17647,0,0.8100265786809324,0
site_19112,0,0.8771238888994008,1
site_06960,0,0.8518817882887246,0
site_13146,0,0.7641895390937603,0
site_06110,0,0.8422625148739991,0
site_09032,0,0.7167322422796996,0
site_13300,0,0.7985068585027463,0
site_18114,0,0.8535798426935344,0
site_03464,1,0.8716452465057907,0
site_03291,0,0.8212179403004052,0
site_04732,0,0.8388178612958115,0
site_14637,0,0.8412647338623633,0
site_19492,0,0.8199621092816258,0
site_20235,0,0.8296650315770039,0
site_02085,0,0.7906433142254736,0
site_00384,1,0.8868494265801796,1
site_05382,0,0.7832093851611711,0
site_11212,0,0.7643712221670167,0
site_09900,0,0.6818658089293941,0
site_06732,0,0.8269215791174196,0
site_12091,0,0.8152095712156313,0
site_19988,1,0.8801092115985572,1
site_00544,0,0.8298448601979946,0
site_20058,1,0.8854505488527162,1
site_14767,0,0.8027421799138019,0
site_00284,0,0.8594422903512344,0
site_05407,0,0.815882378859947,0
site_19083,0,0.8089379692217544,0
site_16454,0,0.7790713918796792,0
site_15492,0,0.8120501774921953,0
site_02218,0,0.8223665098555216,0
site_03578,0,0.8210233614530529,0
site_11151,0,0.8696925990236567,0
site_17163,0,0.8647852031145697,0
site_14761,0,0.7973327240992005,0
site_12390,0,0.8097242507989564,0
site_19457,1,0.8735775177259166,1
site_05264,0,0.8135848951194328,0
site_07566,0,0.8095431263461523,0
site_13934,0,0.7990469780640348,0
site_03580,0,0.8385950969269063,0
site_19638,0,0.8313051460868874,0
site_09459,0,0.6841747048134158,0
site_20288,0,0.8344416891166764,0
site_07065,0,0.7947323174044478,0
site_16400,0,0.7960305605527951,0
site_08076,0,0.7529623141193147,0
site_14448,0,0.8221578661146215,0
site_00403,0,0.8610104649448234,0
site_16233,0,0.8577943580692675,0
site_06969,0,0.8387786684651488,0
site_05050,0,0.8106566758660327,0
site_04127,0,0.8606295184398223,0
site_17817,0,0.8644184581252496,0
site_01339,0,0.849772350292836,0
site_12027,0,0.7014249092791396,0
site_09834,0,0.7603934132426446,0
site_10433,0,0.6898478076069596,0
site_01060,1,0.8739620296693917,1
site_20193,0,0.8725009046566556,0
site_17067,0,0.869313899886784,0
site_02708,0,0.8546877581803316,0
site_20640,0,0.8197880614344712,0
site_20450,0,0.8439006441001383,0
site_02068,0,0.8491988386508988,0
site_21298,1,0.8673379271691719,0
site_16344,0,0.7968019517369391,0
site_13503,0,0.7577794492702834,0
site_05762,1,0.8658461250566323,0
site_20341,1,0.8869897857004998,1
site_09108,0,0.727919525833364,0
site_04485,0,0.8356398476734963,0
site_05459,0,0.7933440408871175,0
site_00804,0,0.8654620604686665,0
site_03277,1,0.8804404770127705,1
site_06541,0,0.8561855055119703,0
site_20456,0,0.8473763841633373,0
site_00364,0,0.8532001816564181,0
site_13921,0,0.7849896626111152,0
site_10172,0,0.6567508776911739,0
site_06632,0,0.8319836127398526,0
site_07691,0,0.7591907520485628,0
site_00959,1,0.887857487540693,1
site_11782,0,0.7647895118699553,0
site_11754,0,0.6773017985230433,0
site_13004,0,0.7658677479934757,0
site_17705,0,0.7967934974881898,0
site_04566,0,0.8472816677442697,0
site_19985,1,0.8787983021836117,1
site_06707,0,0.8335310865707156,0
site_15534,0,0.8240102577180348,0
site_06846,0,0.8530121723573281,0
site_01939,0,0.8235989468606545,0
site_13949,0,0.7998376756131307,0
site_17232,1,0.8636046697803192,0
site_17503,0,0.8240772945594959,0
site_17222,0,0.7712037049111029,0
site_11981,0,0.8497022775551012,0
site_04048,0,0.8370328706978792,0
site_10509,0,0.8653994704675063,0
site_13967,0,0.8459517023835681,0
site_08090,0,0.7577105758489688,0
site_04782,0,0.8355730183748948,0
site_21136,0,0.8260088629601801,0
site_16943,0,0.8163338056857095,0
site_18880,0,0.8177590341868239,0
site_21310,0,0.7547095951839325,0
site_20500,0,0.8084309071677815,0
site_09938,0,0.587323449740856,0
site_20756,0,0.8170296829373489,0
site_12496,1,0.8801606821558372,1
site_11438,0,0.8851424464802398,1
site_13417,0,0.8369118957990787,0
site_20000,1,0.9129230851906,1
site_12294,0,0.741876206548348,0
site_04516,0,0.8422228390972877,0
site_11185,0,0.7012922110239512,0
site_08789,0,0.7285446730445548,0
site_10772,0,0.6599629179799705,0
site_06191,0,0.8706601934484322,0
site_14640,0,0.8372471700406161,0
site_18446,0,0.8137245347126307,0
site_20603,0,0.8498697005860735,0
site_15409,0,0.8654127231249571,0
site_15852,0,0.8063232165090766,0
site_18394,0,0.6764864806646266,0
site_11562,1,0.8708603825007534,0
site_04542,0,0.8128528360983309,0
site_15202,0,0.8292488821215802,0
site_05594,0,0.7463698191956897,0
site_17733,0,0.8653253985630374,0
site_13555,0,0.8671461743951305,0
site_09194,0,0.7200276715254805,0
site_18452,0,0.8347459174989101,0
site_06405,0,0.8414898394023975,0
site_00623,0,0.8731480955132487,1
site_03128,0,0.8422121790012992,0
site_13562,0,0.8713363883385876,0
site_17014,0,0.8660710095418269,0
site_11949,0,0.8049388619398512,0
site_17906,0,0.7982015588943934,0
site_13090,0,0.7821275675020285,0
site_00009,0,0.8058555228441792,0
site_18553,0,0.833751608828059,0
site_15750,0,0.8364682626290632,0
site_13933,0,0.7988546501531578,0
site_17059,0,0.8520681154331393,0
site_08483,0,0.7804996149660925,0
site_16190,0,0.7594379650951507,0
site_03343,1,0.8879709946989891,1
site_09577,0,0.6747789632823105,0
site_05850,0,0.7696014667127442,0
site_14499,0,0.7876939736659898,0
site_06824,0,0.8420794842488011,0
site_17119,1,0.8118570318011693,0
site_14140,0,0.8168200216119593,0
site_01512,0,0.8365365366619799,0
site_13185,0,0.8216692007375535,0
site_04818,0,0.753955908168175,0
site_11712,0,0.8440860743827585,0
site_13965,0,0.8313571589869162,0
site_06843,0,0.852429951676407,0
site_14003,0,0.8497267325000151,0
site_03444,0,0.8344223266310679,0
site_13007,0,0.861598308674889,0
site_12928,0,0.7939572096463892,0
site_19143,0,0.8232269156776661,0
site_13387,0,0.7764457812301526,0
site_07781,0,0.8022484735549082,0
site_04575,0,0.8368177529616818,0
site_17234,0,0.7995522827840587,0
site_02871,0,0.8522676823988045,0
site_14136,0,0.8132826724154815,0
site_02532,0,0.7763235123618171,0
site_12095,0,0.8403503763466074,0
site_20496,0,0.8561755632485442,0
site_18481,0,0.8016383009203956,0
site_20042,0,0.8635420508580212,0
site_04251,0,0.8611761186733655,0
site_02847,0,0.8060676949712327,0
site_14770,0,0.8076516456886373,0
site_09463,0,0.6786806230947792,0
site_10243,1,0.9132868900588463,1
site_19815,0,0.7996105211357027,0
site_20263,0,0.8781483221309272,1
site_10204,0,0.7230088221531756,0
site_20204,1,0.884362568337755,1
site_11688,0,0.8373968600887945,0
site_09244,1,0.897161848651071,1
site_10766,0,0.8541116902701666,0
site_08352,0,0.715039086800447,0
site_05615,0,0.7909136287155787,0
site_14063,0,0.8384328968499093,0
site_11075,0,0.7590276394826876,0
site_14737,0,0.8416425075777784,0
site_01553,0,0.8263491672801346,0
site_11360,0,0.7977538554443235,0
site_10120,1,0.8704248090847398,0
site_06127,0,0.8690801714256127,0
site_06868,0,0.8263153300733346,0
site_13074,0,0.8426029904654335,0
site_19325,1,0.8321980721159801,0
site_09176,0,0.8404141533996092,0
site_02221,0,0.8140022178349664,0
site_05376,0,0.8388585372784738,0
site_06196,0,0.8489713883762178,0
site_13531,0,0.8323903197798312,0
site_18613,0,0.8560665291599967,0
site_18330,0,0.8453944248754048,0
site_13195,0,0.8455871430129038,0
site_12043,0,0.7265667050811493,0
site_20347,1,0.8018882492170858,0
site_16467,0,0.8207252246551645,0
site_12211,0,0.8065139294224214,0
site_21075,1,0.8935559272479917,1
site_02852,0,0.7968754394055877,0
site_02384,0,0.8304352469740395,0
site_08375,0,0.7851428490011343,0
site_14838,0,0.8224723019334963,0
site_15173,0,0.8134264250658402,0
site_14828,0,0.8268468467607938,0
site_02979,0,0.8445312859021541,0
site_02227,0,0.819945089186439,0
site_20207,1,0.8736816447848135,1
site_06630,0,0.8339098650841885,0
site_17915,0,0.8213879836387361,0
site_04746,0,0.8324811972955976,0
site_18171,0,0.8458937665376007,0
site_01054,1,0.8662678589219319,0
site_01506,0,0.8516709645248,0
site_06528,0,0.8653123812593266,0
site_18244,0,0.8239105801059197,0
site_16752,0,0.8019315457120538,0
site_08937,0,0.8676752962636205,0
site_04517,0,0.8379155003345893,0
site_00790,0,0.8488237841165853,0
site_05698,0,0.813358893203302,0
site_13295,0,0.809162917830146,0
site_16911,0,0.8011700742220974,0
site_02145,0,0.819725306893843,0
site_04241,0,0.8481301277104627,0
site_09035,0,0.7210042841002751,0
site_00758,0,0.8683939667286229,0
site_10403,0,0.871363570205969,0
site_13833,0,0.8099781579135696,0
site_19107,0,0.8667298310754172,0
site_05239,0,0.815673619268681,0
site_18479,0,0.8327256703414225,0
site_15764,0,0.8640298292646277,0
site_04312,0,0.849265902540268,0
site_08896,0,0.7338241172335709,0
site_15541,0,0.8342262108225631,0
site_21288,1,0.9179774601740981,1
site_00971,0,0.8436905059164066,0
site_03925,0,0.8356686432642604,0
site_01780,0,0.8389571619855891,0
site_09512,1,0.8613921389501641,0
site_07511,0,0.8081018428332878,0
site_16396,0,0.792454649598537,0
site_08914,0,0.7060912446447385,0
site_17235,0,0.7999143863166625,0
site_15967,0,0.8535141005626665,0
site_09901,0,0.6835207432427379,0
site_10429,0,0.6809360277822695,0
site_16847,0,0.763775023729057,0
site_21052,0,0.8609415142030334,0
site_09023,0,0.7151967059173236,0
site_04750,0,0.8241579748011304,0
site_04429,0,0.8503687706375589,0
site_19151,0,0.819743478905762,0
site_12992,1,0.8703510322648034,0
site_05751,1,0.8838346689463814,1
site_03660,0,0.8557929434595968,0
site_20578,0,0.8165483348360829,0
site_04030,0,0.797658776882628,0
site_20403,1,0.8802450672578728,1
site_17716,0,0.8254557603414,0
site_10770,0,0.6504834759016045,0
site_00562,0,0.8675999398316665,0
site_17780,0,0.8297212680559937,0
site_10221,0,0.765313737925116,0
site_06811,0,0.8212420371177299,0
site_17013,0,0.8593238358559141,0
site_00456,0,0.8018489023939904,0
site_11614,0,0.7114870538280595,0
site_08102,0,0.734571731729462,0
site_19487,0,0.8109366687058635,0
site_04210,0,0.8136440500061755,0
site_13515,0,0.8147437494438188,0
site_11936,0,0.7687746708492217,0
site_07046,0,0.8253239033958237,0
site_09742,0,0.7593087668483973,0
site_07932,0,0.5173034211501001,0
site_21309,1,0.8434705305293729,0
site_15246,0,0.8316817822439959,0
site_01906,0,0.8351017535308474,0
site_18596,0,0.8202757733709302,0
site_18084,0,0.8227678033626744,0
site_15386,0,0.818472350585687,0
site_17165,0,0.8725082431615863,0
site_17317,0,0.8661475896451101,0
site_19361,0,0.8363480503919375,0
site_08166,0,0.7923665292026094,0
site_16363,0,0.8677290297417897,0
site_15577,0,0.8180620635243161,0
site_05003,0,0.8148137991246629,0
site_15994,0,0.8053050010569109,0
site_03854,0,0.8208923492840956,0
site_13174,0,0.8184182650370961,0
site_20929,0,0.8456803757578428,0
site_15643,0,0.8137171518713053,0
site_19169,0,0.8611152862063001,0
site_05146,0,0.7905933903324072,0
site_02976,0,0.8367617752674436,0
site_05818,1,0.8832342452448152,1
site_20760,0,0.8140354201718727,0
site_16852,0,0.8250933881462851,0
site_13249,0,0.8320670406906304,0
site_14651,0,0.8440017539190257,0
site_05499,0,0.7939593217098306,0
site_06024,0,0.7709337196839574,0
site_19733,1,0.8895664134730001,1
site_00343,1,0.8883083108339069,1
site_17015,0,0.8652936462923879,0
site_00643,0,0.8491032571936841,0
site_07798,0,0.7644149202980666,0
site_12565,0,0.7480436332577998,0
site_13247,0,0.8147963234232044,0
site_14346,0,0.8218841043896943,0
site_00079,1,0.8651178520448943,0
site_04445,0,0.8474600326762141,0
site_01115,0,0.8601797381302896,0
site_18740,0,0.8011409565904675,0
site_05804,0,0.8253714798991302,0
site_00387,1,0.8913669803592978,1
site_14758,0,0.8168969323658124,0
site_04356,0,0.8231894844169445,0
site_20978,0,0.8289590555518223,0
site_04580,0,0.841030819197859,0
site_11866,0,0.7939185077013606,0
site_16756,0,0.7966734726244644,0
site_06501,0,0.8240613229007756,0
site_20523,0,0.8518704201857716,0
site_08681,0,0.6856445858367209,0
site_16790,0,0.8052377551396369,0
site_21235,0,0.7105501423320799,0
site_15185,0,0.8038774491059704,0
site_00583,0,0.8255161802902556,0
site_19991,1,0.8847480671377337,1
site_03688,0,0.8720135835386358,0
site_11206,0,0.7536132529905155,0
site_08512,0,0.7397173623631692,0
site_01244,1,0.8704824532452289,0
site_12969,0,0.8050589884197374,0
site_03433,0,0.8361610313639489,0
site_16536,0,0.8627293623256829,0
site_19938,1,0.9006205055346471,1
site_11670,0,0.8412367412632964,0
site_07402,0,0.7632341622980438,0
site_06108,0,0.8468337454450676,0
site_10359,0,0.601835171793082,0
site_12814,0,0.8014320087143185,0
site_13450,0,0.8751988350617967,1
site_16176,0,0.8721246746473761,0
site_17088,0,0.8015450299909794,0
site_17991,0,0.8261136773812898,0
site_21304,1,0.8826809193060419,1
site_19428,0,0.8295185188436518,0
site_01536,0,0.858075826583365,0
site_00987,1,0.8699161822581958,0
site_13126,0,0.7826803197890118,0
site_15932,0,0.8031140589778631,0
site_19275,0,0.8145138684092743,0
site_01618,1,0.8808600240387918,1
site_14493,0,0.8336232595851932,0
site_14684,0,0.8068695873939729,0
site_18232,0,0.5554357702582355,0
site_08633,0,0.7018053236916133,0
site_11515,0,0.8114552807421538,0
site_01264,0,0.8397440680563784,0
site_03141,0,0.8378542772400628,0
site_03280,1,0.8829643204750566,1
site_04534,0,0.7845071290728172,0
site_18950,0,0.8122636427146017,0
site_16060,0,0.7862131039356786,0
site_14492,0,0.8313925863504351,0
site_03595,0,0.8635827877067106,0
site_07764,0,0.8154785564306006,0
site_02009,0,0.8539847486822085,0
site_11220,0,0.7870407434465405,0
site_16494,1,0.8485887257803927,0
site_07137,0,0.7692082631411051,0
site_02473,1,0.8751482142579001,1
site_11796,0,0.7915863300160051,0
site_19597,1,0.8963819561619344,1
site_02506,0,0.8350461368337485,0
site_01356,0,0.8363298584671195,0
site_14178,0,0.8521251559125036,0
site_15773,0,0.7860122015711768,0
site_07498,0,0.8277969087133259,0
site_13617,0,0.7927031497868169,0
site_13695,0,0.8479810770187708,0
site_00329,0,0.5551170505228847,0
site_18198,0,0.8501442241553865,0
site_12945,0,0.8248913080050138,0
site_11304,0,0.6736593337327428,0
site_10251,1,0.8728664330807501,0
site_03635,0,0.8128075282533138,0
site_16845,1,0.8781387167687955,1
site_11726,0,0.7820778096943577,0
site_00401,0,0.8661280417888193,0
site_12983,1,0.8589827112755035,0
site_03646,0,0.814373977474007,0
site_08430,0,0.771753993164974,0
site_16022,0,0.8314378334801695,0
site_03717,0,0.8250832324063921,0
site_16407,0,0.8180331368399372,0
site_02345,0,0.7692808475546333,0
site_12798,0,0.7476773579662432,0
site_06279,0,0.8277123081642547,0
site_17208,0,0.8528361115978831,0
site_17980,0,0.8407698184271126,0
site_20171,0,0.8318347725981188,0
site_11911,0,0.7323512574066475,0
site_21503,0,0.8321903226077303,0
site_09991,0,0.8068848235159954,0
site_19555,0,0.8080787635055262,0
site_09731,1,0.8706594939655059,0
site_19875,0,0.853791306883742,0
site_09976,0,0.8319154142460664,0
site_08846,0,0.7197042284720435,0
site_19469,0,0.8161874411314727,0
site_08866,0,0.67372245125739,0
site_01096,1,0.8456229043593233,0
site_04094,0,0.8175599288532839,0
site_19661,1,0.8667021592442421,0
site_10364,1,0.8897577888094965,1
site_07513,0,0.8084367279990572,0
site_00402,0,0.8666455161310804,0
site_05549,0,0.7963066790630133,0
site_12386,0,0.8361742490610322,0
site_00734,0,0.8417155987709333,0
site_06957,0,0.849372647143277,0
site_19766,0,0.8195593951101652,0
site_14463,0,0.8446749875616277,0
site_13386,0,0.7817351882061905,0
site_09106,0,0.7286304594362039,0
site_00151,1,0.862445910520308,0
site_14024,0,0.7926937012612753,0
site_15196,0,0.8265917802141478,0
site_06388,0,0.836901796622789,0
site_01450,0,0.8562022722007412,0
site_05406,0,0.8145224308764998,0
site_14072,0,0.8526880360186286,0
site_12857,0,0.8682174544848207,0
site_13468,0,0.8633852225727179,0
site_19490,0,0.817199587763404,0
site_20179,0,0.8362572282820366,0
site_01737,0,0.8430957932697762,0
site_05972,0,0.8727210958184233,0
site_19121,0,0.8167244094337409,0
site_02151,0,0.838693625563427,0
site_00252,0,0.8272239368471094,0
site_21349,1,0.8752266201595924,1
site_05109,0,0.817353037671031,0
site_06083,0,0.8009024692016091,0
site_20069,1,0.8799493584247384,1
site_11260,1,0.9181275205627253,1
site_13755,0,0.7932859778774897,0
site_18778,0,0.8348574812936245,0
site_20895,1,0.8768380932815893,1
site_16356,0,0.8560692667453462,0
site_17565,0,0.8627451295196689,0
site_15428,0,0.8171192867737749,0
site_01487,0,0.8728946463802074,0
site_02494,0,0.7873465655679094,0
site_01117,0,0.8489360848870373,0
site_09387,0,0.6616172308574125,0
site_18423,0,0.8493788760461327,0
site_01690,0,0.8680035668104618,0
site_15740,0,0.8169115947123985,0
site_10376,1,0.8911952448678082,1
site_11554,1,0.8942808497135522,1
site_08371,0,0.78323787390314,0
site_14242,0,0.8106276662776077,0
site_09089,0,0.8699462173796,0
site_06369,0,0.8462210220146025,0
site_00683,0,0.8629857229725963,0
site_17944,0,0.8378257846756161,0
site_21451,0,0.8008176620488047,0
site_04591,0,0.8318066799392896,0
site_21096,0,0.8280989731698003,0
site_10948,0,0.7631563675236286,0
site_07537,0,0.7721762420596465,0
site_20297,0,0.8112458568490788,0
site_06034,0,0.8748394176830054,1
site_09475,0,0.6590118636777732,0
site_09738,1,0.8790347065042301,1
site_13690,0,0.8660101359206012,0
site_02101,0,0.8610499657091324,0
site_04322,0,0.8441991490328682,0
site_08165,0,0.7945742416693689,0
site_17019,0,0.8767444316827759,1
site_04850,0,0.8176012157215014,0
site_13026,0,0.7519643769866662,0
site_05104,0,0.6756075696401167,0
site_12109,0,0.8340341172363812,0
site_19564,0,0.8101300378056322,0
site_00576,0,0.8587543420927959,0
site_04197,0,0.8526422433886776,0
site_18720,0,0.8441540823467999,0
site_10963,0,0.6497514522267691,0
site_18258,0,0.8515428759443626,0
site_12299,0,0.752083623540527,0
site_18756,0,0.8522830686149485,0
site_18387,0,0.8536548885560684,0
site_00427,1,0.8887423028509978,1
site_05911,0,0.8564627989855429,0
site_21496,0,0.8672691656985669,0
site_09000,0,0.47156274522703556,0
site_07431,0,0.8314491845699099,0
site_02444,0,0.827261371042441,0
site_16375,0,0.7505787904065587,0
site_09143,0,0.6537929582290061,0
site_14412,0,0.7950409037333588,0
site_05205,0,0.8114022738132782,0
site_14746,0,0.8383135918726898,0
site_20659,0,0.8632098745015577,0
site_08040,0,0.7347887191588931,0
site_09830,0,0.7531512479574412,0
site_18754,0,0.8473229598195916,0
site_21292,0,0.8580676281043147,0
site_05821,1,0.8813777893938477,1
site_08201,0,0.7316052906098363,0
site_18220,0,0.8239330939599685,0
site_17882,0,0.8619658600869189,0
site_16029,0,0.8502051013114968,0
site_03227,0,0.8145277210465418,0
site_07468,0,0.7692881605489195,0
site_07637,0,0.7654617423362904,0
site_00048,0,0.8656641431557399,0
site_08273,0,0.7759912337238575,0
site_17946,0,0.8479498850932994,0
site_00757,0,0.8694507186413378,0
site_18608,0,0.8486369822826834,0
site_13633,0,0.804792391154032,0
site_02442,0,0.8145204480502835,0
site_19434,0,0.8432177446390303,0
site_07375,0,0.8181035675393824,0
site_03524,0,0.825632185711169,0
site_07978,0,0.7472967968254038,0
site_12527,0,0.7010147556877817,0
site_19232,0,0.8424884734812224,0
site_17637,0,0.8095938213991751,0
site_15767,0,0.8207109696002971,0
site_09653,0,0.8510163321934947,0
site_05700,1,0.8854174220605304,1
site_06494,0,0.7970702564826289,0
site_04605,0,0.8010981129583099,0
site_05576,0,0.7797972151997212,0
site_02173,1,0.8879814942077161,1
site_07913,0,0.760703572986533,0
site_08874,0,0.6033586010208196,0
site_09681,0,0.66518949066927,0
site_14605,0,0.8121799490445842,0
site_05710,0,0.8678041260661724,0
site_01968,0,0.8366130550022541,0
site_09486,0,0.6477661036408329,0
site_15342,0,0.8189592388764569,0
site_15186,0,0.8120278493305175,0
site_11572,0,0.8391150908612398,0
site_01794,0,0.8595736005811134,0
site_13448,0,0.8701437222881216,0
site_13158,0,0.7807250162849946,0
site_12874,1,0.8801442959574182,1
site_18038,0,0.8605157019088707,0
site_04805,0,0.8171183082730255,0
site_02722,1,0.8593827338484878,0
site_07335,0,0.7654242736433239,0
site_09664,0,0.6847857397189517,0
site_17872,0,0.8560608631625408,0
site_15697,0,0.8759281068492646,1
site_13805,0,0.7641965654086902,0
site_18484,0,0.8437525094978633,0
site_07668,0,0.806188337165098,0
site_07808,0,0.7489739730565894,0
site_08279,0,0.7799438782611405,0
site_01359,0,0.7577004080643635,0
site_09813,0,0.6398978961034334,0
site_09799,0,0.6737291076268298,0
site_01239,0,0.8760967195441665,1
site_20886,0,0.8599589065044781,0
site_18875,0,0.8269849042697928,0
site_00793,0,0.8608905553780961,0
site_05616,0,0.7906222705421038,0
site_20815,0,0.8279997222954987,0
site_05754,1,0.8786677240473069,1
site_08137,0,0.7037618322814008,0
site_02982,0,0.8499811611290377,0
site_15812,0,0.8290926756833863,0
site_12502,0,0.8458507902022652,0
site_19411,0,0.8155441169297875,0
site_04032,0,0.8191250487650665,0
site_17662,0,0.8449925478481619,0
site_08178,0,0.7760058800012045,0
site_17926,0,0.6158245390427933,0
site_19203,0,0.8262783243068789,0
site_00109,0,0.8643472932152498,0
site_13663,0,0.8549499196833183,0
site_11773,0,0.7416147732924789,0
site_11740,0,0.8675192102744542,0
site_12443,0,0.7768858756658786,0
site_18158,0,0.6756857759509852,0
site_21554,0,0.8486622017496009,0
site_05369,0,0.8117467672924967,0
site_15739,0,0.8120567844741229,0
site_14362,0,0.8406924326523021,0
site_02043,1,0.8635757632821135,0
site_12190,0,0.7884016299747632,0
site_18102,0,0.8510052227499816,0
site_10985,1,0.8593221363413894,0
site_14707,0,0.8266106894251453,0
site_12373,1,0.882810399795684,1
site_02038,0,0.77761588381061,0
site_15389,0,0.8121436433757363,0
site_01166,1,0.858851945301409,0
site_06377,0,0.8573231140098829,0
site_09622,0,0.830362803889512,0
site_18674,0,0.8317916742559841,0
site_03995,0,0.8456022735382404,0
site_02776,1,0.8853256019888414,1
site_12177,0,0.7582329754598551,0
site_17971,0,0.8494914481687367,0
site_13096,0,0.8733686251771868,1
site_07717,0,0.8104769331714343,0
site_04316,0,0.852065380577645,0
site_12361,0,0.7977372165956881,0
site_01729,0,0.859484793106909,0
site_17083,1,0.8826463115899237,1
site_05518,0,0.7930876462624286,0
site_20462,0,0.8629486720780353,0
site_19674,1,0.8355582661449945,0
site_18817,0,0.8320416565038091,0
site_10219,0,0.750284435135588,0
site_15295,0,0.8224040430941117,0
site_16999,0,0.8282824414883474,0
site_19297,0,0.8410787054674467,0
site_06855,0,0.8427274267528186,0
site_21244,0,0.8419822065623024,0
site_14706,0,0.8369137548753633,0
site_12614,0,0.8705017424547734,0
site_01716,0,0.7641423775733882,0
site_15564,0,0.8114393287403898,0
site_20468,0,0.8711809486248705,0
site_10323,0,0.6699578363440969,0
site_08796,0,0.7230969734506263,0
site_18680,0,0.8337817830272654,0
site_06368,0,0.8411394170558022,0
site_02854,0,0.7927358788763241,0
site_20732,1,0.8711728158441776,0
site_07223,0,0.8417241872108423,0
site_18766,0,0.8679113096266811,0
site_15175,0,0.7640752615871237,0
site_12222,0,0.8207970878215485,0
site_15819,0,0.8304523490248015,0
site_04506,0,0.8489277483409752,0
site_20793,1,0.8895661736130986,1
site_13720,0,0.7950084050646029,0
site_01556,0,0.811986814148371,0
site_09095,0,0.8573311336556957,0
site_11250,0,0.7000381461720595,0
site_14372,0,0.8507508018495796,0
site_00061,1,0.8863333190552829,1
site_19508,0,0.8533839362274387,0
site_21042,0,0.8451158791283624,0
site_11191,0,0.721977483672188,0
site_16577,0,0.8039841902914295,0
site_05067,0,0.8200628960339771,0
site_13637,0,0.8175637334046917,0
site_00242,0,0.8702537105871961,0
site_14755,0,0.8200933548462688,0
site_21073,0,0.7236506621568446,0
site_04920,0,0.8172349975800796,0
site_16167,0,0.8401324718304071,0
site_08477,0,0.7033044935703963,0
site_02702,0,0.8617166650423371,0
site_18799,0,0.8339711497507891,0
site_18428,0,0.8460565163625291,0
site_06011,0,0.8141050828417027,0
site_02671,1,0.9114465392834522,1
site_14753,0,0.828746691987495,0
site_11007,1,0.8642253547511469,0
site_01566,0,0.8301151525540504,0
site_05330,0,0.8095900349896503,0
site_19946,0,0.7934459807670555,0
site_03988,0,0.819617570655883,0
site_03685,0,0.8655634683845992,0
site_06232,0,0.8484477521479858,0
site_10943,0,0.7512478735565056,0
site_00588,0,0.8785970680929878,1
site_00086,1,0.8774095851779642,1
site_06749,0,0.8468054785907118,0
site_19414,0,0.811082514866765,0
site_08122,0,0.7818474101091089,0
site_14191,0,0.8579168326356914,0
site_21447,0,0.8705179308348803,0
site_18411,0,0.849220388644435,0
site_07171,0,0.829497448540784,0
site_07974,0,0.7547207646535876,0
site_17758,0,0.8324721988057008,0
site_10442,0,0.713718668083268,0
site_15171,0,0.8253749815876127,0
site_07365,0,0.8319512164719847,0
site_15606,0,0.8101895744252445,0
site_08506,0,0.7490647617995931,0
site_02091,0,0.8385135367940741,0
site_03891,0,0.8610370284936628,0
site_08004,0,0.7993873608173585,0
site_11248,0,0.7306450193651541,0
site_02202,0,0.8397577102600975,0
site_10192,0,0.6234052184576767,0
site_20091,0,0.823656048573201,0
site_08205,0,0.727429982447845,0
site_06626,0,0.8404187936603149,0
site_08060,0,0.7995767005707137,0
site_08243,0,0.7322922127391744,0
site_14102,0,0.8527852511036824,0
site_02905,0,0.8100271983698912,0
site_16875,0,0.8027334334299137,0
site_13615,0,0.7912980484111342,0
site_00865,0,0.843132462933196,0
site_19240,0,0.8694970015669248,0
site_19784,0,0.8670425819094836,0
site_20894,0,0.8741782146828811,1
site_19489,0,0.8145212439544731,0
site_03870,0,0.8472241155605402,0
site_11709,1,0.8854018314568446,1
site_07128,0,0.7983646714088943,0
site_00471,1,0.8841396292756363,1
site_03901,0,0.7753956411663909,0
site_04633,0,0.813590679801591,0
site_09091,0,0.8640602776212645,0
site_07773,0,0.8110942939441896,0
site_05791,0,0.8035400081438129,0
site_11522,0,0.750302365570471,0
site_00260,1,0.8823150017526302,1
site_06636,0,0.8212199738723822,0
site_17397,0,0.8141115431817607,0
site_20061,1,0.8938744789937143,1
site_10941,0,0.7464045741660026,0
site_00273,0,0.8769740880242316,1
site_04736,0,0.8344954947838507,0
site_08895,0,0.7311327112040684,0
site_00586,0,0.876918454209247,1
site_17329,0,0.834741643581477,0
site_01816,0,0.7591647469581941,0
site_06509,0,0.8426809568065223,0
site_21166,0,0.61994796558255,0
site_05665,0,0.7932749795595715,0
site_01997,0,0.8611665144025551,0
site_06912,0,0.847247869163389,0
site_10654,0,0.661026805276573,0
site_15613,0,0.8364167666061966,0
site_09730,0,0.8499020926457346,0
site_00944,0,0.8466265978242979,0
site_13649,0,0.8093341995519394,0
site_09179,0,0.8338764703910565,0
site_12603,0,0.8523304421377458,0
site_21101,0,0.8493580385959607,0
site_05048,0,0.8123770925841066,0
site_05195,0,0.8156724138027804,0
site_06413,0,0.8296363147880077,0
site_07478,0,0.8311775146042137,0
site_03480,0,0.8599533667766026,0
site_01926,1,0.9091784182528745,1
site_20295,0,0.8074276871280528,0
site_14528,0,0.8234923548649722,0
site_13846,0,0.8154439394042721,0
site_14093,0,0.8579281350405183,0
site_04505,0,0.8414155081154893,0
site_19276,0,0.818032446545603,0
site_16614,1,0.8626687837089678,0
site_03116,0,0.8306623681384555,0
site_06469,0,0.856544442254938,0
site_13250,0,0.8557764827355608,0
site_04437,0,0.8473419154449049,0
site_16928,0,0.7999572400290751,0
site_11669,0,0.8376445078273722,0
site_05279,0,0.8109885308444107,0
site_09184,0,0.7300780128639145,0
site_15111,0,0.8215458365257708,0
site_09316,0,0.6463269889135039,0
site_11751,0,0.6915856663270412,0
site_16661,1,0.8802267655908891,1
site_21220,0,0.874772451226622,1
site_00736,0,0.8322663694574725,0
site_04432,0,0.8439846135966009,0
site_05281,0,0.8065592490472757,0
site_01803,0,0.8489383680571538,0
site_01048,0,0.8706132185711137,0
site_13294,0,0.8265114029448255,0
site_02799,0,0.7898303125499444,0
site_19261,0,0.8242274335265378,0
site_08617,0,0.7463246484951835,0
site_06764,0,0.8567028850325378,0
site_00958,1,0.8429839000653927,0
site_00907,0,0.8601289105170917,0
site_07201,0,0.7691485218058978,0
site_20510,0,0.828363723387184,0
site_01709,0,0.8535770815695516,0
site_14773,0,0.8097232209755028,0
site_21502,0,0.8228704095444632,0
site_01470,0,0.6782274993168256,0
site_00314,0,0.8742427611956762,1
site_18290,0,0.8314674587199257,0
site_06241,0,0.8262663405836128,0
site_07446,0,0.809321756483355,0
site_06315,0,0.8661354659236014,0
site_00566,0,0.8332057087231685,0
site_13482,0,0.7460622133641636,0
site_03459,0,0.8181922537072817,0
site_11366,0,0.7838703606117288,0
site_12845,0,0.8303569848363914,0
site_19495,0,0.8259180992818613,0
site_04111,0,0.8478454088934191,0
site_20211,1,0.9119571130563823,1
site_15520,0,0.8147862160695969,0
site_14858,0,0.8122374155903369,0
site_08475,0,0.7095145933411835,0
site_21536,0,0.8463195600719657,0
site_02669,1,0.9188874732387766,1
site_15625,0,0.7711103639654373,0
site_14723,0,0.8406652931531602,0
site_19676,0,0.7860273517022208,0
site_04609,0,0.8052809623500079,0
site_20888,0,0.8032024349810267,0
site_16549,1,0.8696107752267793,0
site_17857,0,0.8230738177966564,0
site_04898,0,0.8095526909789865,0
site_02814,0,0.841728837526657,0
site_04806,0,0.807839338284931,0
site_04382,0,0.8488459277419449,0
site_15113,0,0.8227069286724548,0
site_10573,0,0.7493569138584456,0
site_11243,0,0.8170293039666575,0
site_07636,0,0.6772084620639154,0
site_09612,0,0.8270734918438444,0
site_16169,0,0.8600828318076321,0
site_08737,0,0.7393761365943197,0
site_00620,0,0.8351067881570919,0
site_17966,0,0.8607347823131837,0
site_01807,0,0.8487347413843853,0
site_14456,0,0.8506715532845565,0
site_15956,0,0.8340398357565344,0
site_09438,0,0.8581262002139112,0
site_11655,0,0.800147018739538,0
site_08960,0,0.7340817120783671,0
site_03353,0,0.8156282027149977,0
site_06535,0,0.8631509779850373,0
site_06165,0,0.8227750605780488,0
site_13413,0,0.8241727874935756,0
site_13717,0,0.7913637160991327,0
site_08924,0,0.6861530910831939,0
site_13787,0,0.8677373545809182,0
site_08091,0,0.7551354802982402,0
site_21104,0,0.8696088267203168,0
site_11218,0,0.7856480848060209,0
site_10129,0,0.8593020692311995,0
site_02332,0,0.8474380086832038,0
site_01544,0,0.8705790535100475,0
site_03186,0,0.8339636505231175,0
site_09455,0,0.6935388577825925,0
site_20399,0,0.8723600170565231,0
site_16760,0,0.8127038253153869,0
site_06718,0,0.8110407556099569,0
site_05542,0,0.7949696492428984,0
site_06392,0,0.8635319940553967,0
site_16312,1,0.8554146881232062,0
site_03334,1,0.8837497069930931,1
site_09979,1,0.9133339415857824,1
site_20689,0,0.8460005115786285,0
site_06289,0,0.8268624318852871,0
site_03991,0,0.840273177907312,0
site_06757,0,0.8430162224174609,0
site_18072,0,0.8280230681377891,0
site_20432,0,0.8091450747256861,0
site_15769,0,0.7581019261860545,0
site_08629,0,0.7145232911862086,0
site_19686,0,0.8021313929152633,0
site_09852,1,0.9102071847738343,1
site_03413,0,0.8027449858404332,0
site_20315,0,0.8461657441921899,0
site_20938,0,0.8571451434959787,0
site_07962,0,0.745529601782458,0
site_18225,0,0.8366711334748664,0
site_01358,0,0.7754474389705202,0
site_04288,0,0.833337815419773,0
site_02729,0,0.7225892937849079,0
site_20264,1,0.8817374444867103,1
site_09401,0,0.5968471583567758,0
site_09952,0,0.7191811993908148,0
site_19139,0,0.8258251423918552,0
site_13521,0,0.8195083769197705,0
site_12092,0,0.8121666184071381,0
site_06580,0,0.817076682198444,0
site_19723,0,0.8748035956258595,1
site_19158,0,0.8192762065704617,0
site_20624,0,0.7808062060843053,0
site_16859,1,0.871256660191708,0
site_04478,0,0.8214455751404912,0
site_09708,0,0.718801152433675,0
site_06234,0,0.8485918828040868,0
site_01542,0,0.8568371814148241,0
site_11875,0,0.8198437888570652,0
site_06308,0,0.834807939252035,0
site_05771,0,0.8546233842568827,0
site_05553,0,0.8207364759276148,0
site_00197,1,0.8772552146593973,1
site_12615,0,0.8732936253041048,1
site_01170,0,0.5508149814531442,0
site_09241,0,0.854195188195094,0
site_08238,0,0.753383695382567,0
site_21115,1,0.8727598512550616,0
site_20678,1,0.8818084263259712,1
site_15976,1,0.8471490577277385,0
site_15836,0,0.8272587886826165,0
site_19971,0,0.8422277808321095,0
site_02267,0,0.8342568284947465,0
site_03344,1,0.8786677648775172,1
site_16067,0,0.7993371778153577,0
site_14150,0,0.8111835967823315,0
site_14459,0,0.8450912175433818,0
site_18093,0,0.8435153029125617,0
site_06909,0,0.8522126297517185,0
site_18211,0,0.8320264084632396,0
site_01662,0,0.8726348798727568,0
site_01868,0,0.8288315376465807,0
site_17061,0,0.8585430184256118,0
site_03252,0,0.8415976640199088,0
site_04231,0,0.8440075518761279,0
site_01333,0,0.822957235322014,0
site_11498,0,0.778551066585821,0
site_05989,0,0.8388530809005432,0
site_06051,0,0.8707656387636853,0
site_19345,0,0.8103257638612998,0
site_15832,0,0.8504451346197656,0
site_17266,0,0.8733676065577907,1
site_04704,0,0.8167242211942121,0
site_15001,0,0.8207903259006293,0
site_04588,0,0.8322828336399739,0
site_20289,0,0.686016657771214,0
site_04082,0,0.7977296746392344,0
site_09819,0,0.7189078546376142,0
site_04137,0,0.844671389496038,0
site_02574,0,0.8310295600756082,0
site_12795,0,0.7660798893978122,0
site_04692,0,0.8314522266898761,0
site_11161,0,0.655913143296412,0
site_01702,0,0.8776783607037815,1
site_18564,0,0.845089182437759,0
site_06132,0,0.8638513545480004,0
site_13809,0,0.828846646849119,0
site_08515,0,0.6967002393906787,0
site_12312,0,0.7851338088592947,0
site_03376,0,0.8504225212868202,0
site_13190,0,0.8416753146882316,0
site_15351,0,0.8220474615941555,0
site_13631,0,0.8236562390566861,0
site_13948,0,0.8177002932959647,0
site_04623,0,0.8227895214781487,0
site_16239,0,0.8664452394456963,0
site_20697,0,0.8224698059107671,0
site_20441,0,0.8136841863380917,0
site_04830,0,0.8377452813880226,0
site_20411,1,0.8901804096113595,1
site_00635,0,0.8753129344929602,1
site_07384,0,0.8031120596442161,0
site_12171,0,0.7481419960263305,0
site_12246,1,0.8782902029360973,1
site_10033,0,0.6719838655844175,0
site_12896,0,0.7280009547352537,0
site_00673,0,0.8767227727642932,1
site_07288,0,0.837460212760714,0
site_05750,1,0.8887871464878632,1
site_15230,0,0.8209425866107913,0
site_05902,0,0.8721842022911077,0
site_10366,0,0.8059996831110818,0
site_12454,0,0.8150875724236917,0
site_15241,0,0.8300639695696028,0
site_16685,0,0.7894134639854624,0
site_07332,0,0.7713574266976173,0
site_14095,0,0.8588797636458967,0
site_16015,0,0.8098251787775252,0
site_07440,0,0.8192422832290027,0
site_01407,0,0.8465108533731597,0
site_20871,0,0.8298926296426237,0
site_11187,0,0.7091601651540425,0
site_11631,0,0.7595742884750469,0
site_06975,0,0.8434733867784108,0
site_10918,0,0.6782524787531071,0
site_09118,0,0.7057669827649737,0
site_17777,0,0.8099310284814427,0
site_00740,0,0.8556012047530523,0
site_18292,0,0.8300202045936684,0
site_07522,0,0.7980577413979597,0
site_01019,1,0.8739367474664392,1
site_19444,0,0.8680924774199119,0
site_02897,0,0.7667164865586606,0
site_03352,0,0.8120947838980579,0
site_10417,0,0.6544976189816294,0
site_16459,0,0.7984740561175196,0
site_00869,0,0.8633009207204039,0
site_10811,0,0.7460049852674918,0
site_08435,0,0.7583388360028884,0
site_21545,0,0.840188553407514,0
site_01383,0,0.855820851047596,0
site_01790,0,0.8358400984617109,0
site_02257,0,0.8364598628749562,0
site_03194,0,0.8605769917849586,0
site_03460,0,0.8750665703903047,1
site_00564,0,0.8693358785002665,0
site_15281,0,0.8126376034002691,0
site_09996,0,0.7924784340734637,0
site_06468,0,0.8573780285885408,0
site_08765,0,0.694430930036367,0
site_08646,0,0.8580796542172688,0
site_05084,0,0.8244735513675432,0
site_13175,0,0.8152821731617139,0
site_09889,0,0.8553917373750959,0
site_13084,0,0.8518201076318205,0
site_09153,0,0.8553507975998974,0
site_10765,0,0.8580678540879558,0
site_11122,1,0.9052758069953645,1
site_02049,1,0.9051397999457735,1
site_10634,0,0.7204023439700679,0
site_13243,0,0.7728282962566397,0
site_00648,0,0.781182360270218,0
site_19338,0,0.8196899266073754,0
site_12549,0,0.7353810975115445,0
site_17592,0,0.8140788245319934,0
site_01911,0,0.8389989101683686,0
site_04074,0,0.8599292332494455,0
site_14044,0,0.8133218000811885,0
site_04881,0,0.8333957478492201,0
site_10974,1,0.8952174322415907,1
site_00422,1,0.8805489708530225,1
site_06147,0,0.8383155480558664,0
site_04229,0,0.8413378011526516,0
site_09737,0,0.8117245724643545,0
site_03373,0,0.8260238779518204,0
site_00866,0,0.8337531941244007,0
site_14484,0,0.839406938016354,0
site_04677,0,0.8410963267851905,0
site_20669,1,0.8829809671604525,1
site_16404,0,0.8069368683463587,0
site_08566,0,0.7193787210404552,0
site_13878,0,0.8623725577708496,0
site_10594,1,0.9107560856388435,1
site_15463,0,0.8208534446759874,0
site_18460,0,0.8466132835055666,0
site_15475,0,0.8466471279836858,0
site_13325,0,0.7894834248109202,0
site_04153,0,0.8091776336327796,0
site_18837,0,0.873325573595314,1
site_20810,0,0.8081208321647787,0
site_14381,0,0.8512977521384639,0
site_16912,0,0.8036529287320694,0
site_05110,0,0.8194906435443381,0
site_06803,0,0.7926678773670981,0
site_02590,0,0.844184197800945,0
site_04698,0,0.8327873216433546,0
site_19208,0,0.8203519917492603,0
site_06400,0,0.8037602205109833,0
site_08379,0,0.7803319569432586,0
site_04635,0,0.8455626376825804,0
site_20238,0,0.8301654562710862,0
site_05485,0,0.8091930607517102,0
site_06064,0,0.848962876709416,0
site_19450,1,0.8809626608479972,1
site_12646,1,0.8820561792664117,1
site_03030,0,0.8595253910644236,0
site_01766,0,0.7482684908953425,0
site_19106,0,0.8655673671614545,0
site_05153,0,0.8161695045958975,0
site_07784,0,0.7896047037596612,0
site_09497,0,0.7044649163161396,0
site_10566,0,0.7348409784173243,0
site_00617,0,0.7991009275941139,0
site_15338,0,0.8182451848871213,0
site_12188,0,0.7755454923437937,0
site_07259,0,0.7892455358084485,0
site_09347,0,0.8326861685870066,0
site_16887,0,0.8273123230091315,0
site_15602,0,0.8168633201473514,0
site_13730,0,0.8134281557501547,0
site_13639,0,0.827048760786891,0
site_02160,0,0.7517541840881907,0
site_09605,0,0.6565351395836976,0
site_01371,0,0.8543311325636935,0
site_11950,0,0.7920086496810921,0
site_16532,0,0.8581752305511752,0
site_13377,0,0.7655317478289454,0
site_09007,0,0.8667835023511197,0
site_18683,0,0.8511553744943657,0
site_02639,0,0.8431444526136582,0
site_02504,0,0.8272877074086706,0
site_03890,0,0.8607761429562872,0
site_05586,0,0.8247552610228636,0
site_02005,0,0.8611088209250954,0
site_20093,0,0.8248474820374874,0
site_12883,1,0.865232884041099,0
site_09145,0,0.6600709734193563,0
site_18860,0,0.8367128232776291,0
site_07277,0,0.8352399150953924,0
site_02547,1,0.8991223578304632,1
site_10641,0,0.8668538667162506,0
site_00258,0,0.6638883232855173,0
site_15142,0,0.828404014400502,0
site_13674,0,0.8687283066578833,0
site_04376,0,0.8400182104647795,0
site_20359,0,0.7913520683880297,0
site_07473,0,0.7520430220758918,0
site_00761,0,0.8649732050924996,0
site_04297,0,0.8412734378230977,0
site_03963,0,0.794316903202406,0
site_11051,0,0.7008122437583979,0
site_11734,1,0.8979183253259411,1
site_01168,1,0.8769880777523356,1
site_09955,0,0.748894722185391,0
site_15860,0,0.8038912890882849,0
site_18584,0,0.8356170073985821,0
site_10682,0,0.730112913273842,0
site_06492,0,0.8149284014516958,0
site_15403,0,0.7780014447401288,0
site_18589,0,0.8335608030456878,0
site_18355,0,0.8422778351850406,0
site_05363,0,0.7966732353173889,0
site_16077,0,0.7941132286988739,0
site_07685,0,0.7779494722239497,0
site_16535,0,0.8596193852634646,0
site_12844,0,0.8061793366545628,0
site_00605,0,0.8469219363184961,0
site_12184,0,0.7745229683782224,0
site_16495,1,0.8817374302590623,1
site_17499,0,0.8250222357984234,0
site_06187,0,0.877199552743609,1
site_10859,1,0.9014223602529142,1
site_16633,0,0.7964045303245393,0
site_00207,0,0.8579790414475534,0
site_08188,0,0.7468906237657977,0
site_18513,0,0.8367628997235694,0
site_04193,0,0.8576168053968449,0
site_14880,0,0.8268937339742534,0
site_20362,0,0.8082960637141863,0
site_10290,0,0.6785157878750901,0
site_14743,0,0.8393992127603358,0
site_11719,0,0.8177697568512419,0
site_03518,0,0.8573393034279342,0
site_15220,0,0.8327754070052569,0
site_03855,0,0.8361887906117849,0
site_02099,0,0.774693218019421,0
site_15140,0,0.832473370619538,0
site_07374,0,0.815473305609616,0
site_13974,0,0.8438608529971525,0
site_13421,0,0.8369317349774466,0
site_20334,1,0.8815539735086544,1
site_07813,0,0.7407920735899827,0
site_02318,0,0.8398575269262429,0
site_20434,0,0.8125379316776524,0
site_01307,0,0.8558235628033266,0
site_09029,0,0.7250467475784879,0
site_05988,0,0.8420425857045061,0
site_03255,0,0.8378122262059226,0
site_01050,0,0.8647522407348951,0
site_08176,0,0.7765538107101306,0
site_01583,0,0.8685323372206954,0
site_06948,0,0.7706723343773572,0
site_20296,0,0.8033181927606536,0
site_00271,1,0.8786788161268753,1
site_08018,0,0.7586393135079474,0
site_08096,0,0.7329419755919397,0
site_12336,0,0.8291381959917807,0
site_15849,0,0.8074779601377988,0
site_20426,1,0.909530881761087,1
site_10869,1,0.8811478420556473,1
site_16027,0,0.842297638191307,0
site_12513,0,0.8599686587300515,0
site_19278,0,0.8148380578600749,0
site_11202,0,0.747309444474465,0
site_07663,0,0.8144063116912246,0
site_14841,0,0.8139348844517199,0
site_06467,0,0.858694975786114,0
site_13836,0,0.7973809446559508,0
site_18065,0,0.8217243005234742,0
site_10656,0,0.6620880295331752,0
site_14215,0,0.7484177206857283,0
site_19731,1,0.8871807596573957,1
site_16800,0,0.818994248577886,0
site_05032,0,0.8191519666543803,0
site_01527,0,0.73918794847022,0
site_14103,0,0.8584662540333186,0
site_10901,0,0.6579678802967743,0
site_20809,0,0.8186561232696481,0
site_21377,1,0.8782617209288888,1
site_00281,0,0.8673876680854091,0
site_17656,0,0.8285030475115163,0
site_08729,0,0.8561040624369027,0
site_19993,1,0.8837939749001025,1
site_06159,0,0.7855297356686433,0
site_15277,0,0.8205732626828919,0
site_21537,0,0.8250881368086254,0
site_15801,0,0.7949526390484616,0
site_14898,0,0.8376921172199638,0
site_17239,0,0.8067643194999752,0
site_12061,0,0.7505888460125167,0
site_20283,0,0.8319817838364235,0
site_14796,0,0.836160156388168,0
site_08697,0,0.7429610527289094,0
site_04262,0,0.841311782016406,0
site_18849,0,0.8355431950449165,0
site_13358,0,0.8626312173536403,0
site_12860,0,0.8750560708618014,1
site_13862,0,0.8455498931420813,0
site_09293,0,0.6875928057017328,0
site_12150,0,0.6910980981137553,0
site_21109,1,0.8605055468392095,0
site_07185,0,0.8052307405796388,0
site_09119,0,0.7032020311759843,0
site_16743,1,0.8613824962105601,0
site_13758,0,0.8363774906469608,0
site_08301,0,0.7251574061280945,0
site_17564,0,0.8578611760043215,0
site_01904,0,0.8456926763580215,0
site_02380,0,0.8293192617787433,0
site_18099,0,0.8542498101632894,0
site_03762,0,0.7924027393974573,0
site_01074,0,0.8372175741295536,0
site_20262,0,0.8771271813331396,1
site_05582,0,0.8109922753969239,0
site_21552,0,0.8233912552567739,0
site_13226,0,0.8766455213248017,1
site_14762,0,0.7340229682827815,0
site_06839,0,0.8540499945182651,0
site_03326,0,0.8718214926063221,0
site_12613,0,0.72828382599659,0
site_19533,0,0.8047535524018179,0
site_20947,1,0.8708034291677189,0
site_16714,0,0.8624536341908446,0
site_00022,0,0.7700771474605889,0
site_11762,0,0.7174280946163973,0
site_20109,0,0.8476129597854347,0
site_00548,1,0.8819632181085542,1
site_19402,0,0.8210744317985359,0
site_06158,0,0.8215794955575442,0
site_11800,0,0.7900444290168729,0
site_07814,0,0.7419800113529569,0
site_12802,0,0.7792833599721233,0
site_17427,0,0.8786640734253686,1
site_14309,0,0.8317326390337585,0
site_13627,0,0.8198128292181642,0
site_16299,0,0.8604605906214478,0
site_16316,0,0.8391411671144587,0
site_06649,0,0.7029435591315174,0
site_10436,0,0.67632108673444,0
site_16416,0,0.8591174121157286,0
site_07660,0,0.8170194899519858,0
site_07766,0,0.8178278097918252,0
site_17822,0,0.8397643012899227,0
site_05535,0,0.7624093579297913,0
site_12864,1,0.787138005343264,0
site_21414,1,0.864829215172827,0
site_16492,1,0.85224874314916,0
site_19178,1,0.8798311732203858,1
site_03260,0,0.865774759549139,0
site_11787,0,0.7676002619178377,0
site_00637,0,0.8699016881777097,0
site_02830,1,0.8830066339291556,1
site_02556,0,0.8236101496231711,0
site_00674,0,0.873978675228515,1
site_17307,0,0.8353841298443332,0
site_00020,0,0.7658848080564206,0
site_02497,0,0.8060462618708688,0
site_16386,0,0.7853118089058497,0
site_13896,0,0.8643006785151186,0
site_14645,0,0.8434589910079238,0
site_20879,0,0.8437033567661041,0
site_01123,0,0.8561554057884353,0
site_18803,0,0.8294786631152937,0
site_11874,1,0.8888300038697599,1
site_13359,0,0.843245293498509,0
site_13865,0,0.8492115697493923,0
site_16740,1,0.8757193336610765,1
site_00613,0,0.8541322050817413,0
site_14418,0,0.8072229500330332,0
site_08124,0,0.7251165224074159,0
site_19776,0,0.8309476770417963,0
site_06778,0,0.8424378711564995,0
site_02082,0,0.8413311794788769,0
site_08715,0,0.7086474625412805,0
site_13829,0,0.8050138081362194,0
site_10937,0,0.7308856411104032,0
site_20897,1,0.8655904911931258,0
site_09109,0,0.7094412168180415,0
site_18156,0,0.6801214114221222,0
site_08395,0,0.7230813590408518,0
site_15651,0,0.8024619236788342,0
site_21147,0,0.8615606472509716,0
site_10195,0,0.6958418460606852,0
site_06812,0,0.8202041545789013,0
site_13147,0,0.7659805010887473,0
site_14695,0,0.813396178625345,0
site_01570,0,0.856478317114655,0
site_12309,0,0.7715131782078595,0
site_20632,0,0.8160116096021999,0
site_02969,0,0.8514267440076189,0
site_02654,0,0.8707142189431214,0
site_15892,0,0.8503553333496128,0
site_01041,0,0.8537337825888796,0
site_10226,0,0.769467306790439,0
site_08673,0,0.7120174950659619,0
site_02040,0,0.8393238904495649,0
site_14054,0,0.8057486312703313,0
site_13328,0,0.8373629855033684,0
site_16157,0,0.8164605311799469,0
site_02943,1,0.8897234890810872,1
site_18992,0,0.8218525579438641,0
site_04598,0,0.7853631986916376,0
site_15339,0,0.8200902581011899,0
site_18958,0,0.8268001940559355,0
site_14041,0,0.8181784636822744,0
site_17371,0,0.8628257646187003,0
site_19908,0,0.8426127950581976,0
site_10128,0,0.8724161839583121,0
site_04883,0,0.8320447632953278,0
site_15546,0,0.8447995847009544,0
site_18463,0,0.8515617059911558,0
site_10783,0,0.6806739862229353,0
site_16769,0,0.8368064276420899,0
site_01389,0,0.8361669834898653,0
site_01221,0,0.8284116419636243,0
site_11334,0,0.7281158121870694,0
site_07191,0,0.7945976963029744,0
site_06557,0,0.8295118612362212,0
site_12031,0,0.7144568981063699,0
site_20387,0,0.8433608906125649,0
site_02623,0,0.8240300148929389,0
site_07299,0,0.8333644505548659,0
site_08309,0,0.7041815198690933,0
site_20348,1,0.7923175222105622,0
site_18388,0,0.8573199786482157,0
site_20853,0,0.648650610669614,0
site_03052,1,0.8933859242575164,1
site_18468,0,0.8640410865905805,0
site_03712,0,0.8056429820534208,0
site_19866,1,0.8904448012112414,1
site_09886,0,0.8558004114178526,0
site_11604,0,0.6911440298375318,0
site_02756,0,0.8565983225607519,0
site_19688,0,0.8011376685751512,0
site_19630,0,0.8169611498058285,0
site_01970,0,0.8344283254472551,0
site_10812,0,0.7411453332893159,0
site_07881,0,0.8087514765634349,0
site_02269,0,0.8293431551967831,0
site_03446,0,0.857422200591718,0
site_02844,0,0.8244982930522037,0
site_04842,0,0.8314548227869338,0
site_17962,0,0.840286815397292,0
site_10459,0,0.7533739124436238,0
site_02775,1,0.8790900219941373,1
site_09368,0,0.699047692265619,0
site_19705,0,0.8290601718040618,0
site_12684,0,0.7887543453996307,0
site_19913,0,0.8713740320947458,0
site_19607,1,0.9094884085502702,1
site_13327,0,0.8410386946370465,0
site_08580,0,0.7098146980417424,0
site_11123,1,0.8868267713722588,1
site_05409,0,0.8213371093879152,0
site_12475,0,0.8538341834889756,0
site_10949,0,0.7639648356879635,0
site_06129,0,0.8706178366696025,0
site_16370,1,0.8479879637796233,0
site_17498,0,0.82072002637645,0
site_07613,0,0.8128945643992317,0
site_19665,1,0.8951990131488652,1
site_02737,0,0.8109737494579208,0
site_00265,1,0.8961759002099623,1
site_17442,0,0.6459731957599261,0
site_08357,0,0.7254289976081785,0
site_05025,0,0.8269505150553533,0
site_05495,0,0.6810530229418372,0
site_06179,0,0.8501262707459858,0
site_18011,0,0.8189345147751144,0
site_19343,0,0.811496874114469,0
site_19480,0,0.8093643502810459,0
site_04255,0,0.8567066963405501,0
site_06033,0,0.876513305652306,1
site_15547,0,0.8475587508440064,0
site_21117,1,0.8881250156904843,1
site_15568,0,0.8134289010725058,0
site_01981,1,0.8543604422725488,0
site_12751,1,0.8761120755369751,1
site_02768,0,0.8436659857710866,0
site_18296,0,0.8261558119810197,0
site_16043,1,0.8610541965151107,0
site_01303,0,0.8472793342298321,0
site_20696,0,0.8154798709071538,0
site_10930,0,0.7218382177486653,0
site_13354,0,0.8681418658931841,0
site_06177,0,0.8722285022290046,0
site_05941,0,0.8251914893998316,0
site_08480,0,0.7837007853734856,0
site_06424,0,0.8068251903500698,0
site_10084,0,0.7469376545457611,0
site_03072,0,0.8314527947461985,0
site_09875,0,0.8654070606621678,0
site_13459,0,0.871400044091311,0
site_18318,0,0.8255574638605627,0
site_19818,0,0.8025401363784237,0
site_17580,0,0.8008014904688332,0
site_17154,0,0.822984989561032,0
site_10235,1,0.8915744879443874,1
site_17960,0,0.8610189585352044,0
site_05792,0,0.7122029765059883,0
site_14082,0,0.8557452116967086,0
site_12455,0,0.7885935981345484,0
site_00724,0,0.8496983284800266,0
site_05223,0,0.6743893547353557,0
site_08276,0,0.7821770866773705,0
site_03597,0,0.8570430508452127,0
site_16937,0,0.8198030681461133,0
site_09202,0,0.7069561826240057,0
site_06502,0,0.8274074816303076,0
site_20125,1,0.8805810505008222,1
site_08398,0,0.7495500307661087,0
site_01984,0,0.8148789719126914,0
site_10256,0,0.8761386535690854,1
site_21534,0,0.8527154026099575,0
site_20582,0,0.8432569004581235,0
site_08160,0,0.6328927857215416,0
site_13538,0,0.8462088772749476,0
site_07102,0,0.8377049394482337,0
site_09158,0,0.8665426846496516,0
site_18606,0,0.8436935628536524,0
site_17419,0,0.8616528937965278,0
site_08942,0,0.8689676269081359,0
site_03087,0,0.8704094454665294,0
site_02339,0,0.7732539360362154,0
site_07213,0,0.8184186681549604,0
site_10048,0,0.6610319511737999,0
site_02638,0,0.8405411392692292,0
site_19455,1,0.8762113227993735,1
site_17627,0,0.8196078046027487,0
site_17053,0,0.8358402610065385,0
site_10632,0,0.8656614581972115,0
site_14845,0,0.8245153144794404,0
site_05987,0,0.8452743604125841,0
site_20448,0,0.8405948246537391,0
site_18575,0,0.8469775449680104,0
site_03461,0,0.8804101671456666,1
site_07443,0,0.8182020122949113,0
site_07664,0,0.8148876431565069,0
site_18061,0,0.8349627386372236,0
site_12062,0,0.7787650121420395,0
site_19454,1,0.8806605605790432,1
site_06213,0,0.8302104188442673,0
site_15922,0,0.8074734246615822,0
site_03643,0,0.8087686581213813,0
site_20231,0,0.821494191430433,0
site_06352,0,0.8029084872819909,0
site_02694,0,0.8054511247149339,0
site_15264,0,0.8155749931081809,0
site_18715,0,0.8443284746783495,0
site_19367,0,0.8476124123229412,0
site_17845,0,0.8187892316707746,0
site_04553,0,0.7971989413881857,0
site_07306,0,0.8178297879734089,0
site_16272,0,0.7902424453292429,0
site_05852,0,0.7829426664163692,0
site_08345,0,0.7150246126459835,0
site_18698,1,0.8502994732017716,0
site_03931,0,0.8487719878563943,0
site_07656,0,0.8218465055227959,0
site_11431,0,0.7904191138012644,0
site_02335,0,0.8107402158125842,0
site_19940,0,0.8237234799812085,0
site_12522,0,0.8594253800693682,0
site_19142,0,0.8249963192406695,0
site_08061,0,0.7979880039808103,0
site_00615,0,0.8549912594006182,0
site_07729,0,0.7989102214086704,0
site_17087,0,0.7992064109699819,0
site_09037,0,0.7203642391865397,0
site_06864,0,0.834854039299401,0
site_11279,1,0.9074225934149435,1
site_02754,0,0.8565672278920822,0
site_10294,0,0.6712537597556574,0
site_13231,0,0.8739620966249715,1
site_04687,0,0.8327226345474059,0
site_15724,0,0.8155580437280087,0
site_21241,0,0.8497319322344876,0
site_08926,0,0.6756174518052708,0
site_17561,0,0.8619361653106783,0
site_09530,0,0.8608035502608968,0
site_19400,0,0.8227892664797316,0
site_21403,0,0.8770304885915827,1
site_19113,1,0.8761997090456859,1
site_04676,0,0.8389811554800372,0
site_20764,0,0.8352311244766566,0
site_02314,0,0.8439786908190727,0
site_18851,0,0.8313573242407575,0
site_15721,0,0.8014171357662246,0
site_02052,1,0.8728577293146869,0
site_07787,0,0.7913790515883323,0
site_08705,0,0.7295533952739208,0
site_08339,0,0.7624136680325169,0
site_12077,0,0.776278707240098,0
site_04286,0,0.8261088319309371,0
site_10330,0,0.7142705355555345,0
site_01062,0,0.6936438620749811,0
site_02698,0,0.8477575881247006,0
site_13565,0,0.8692219658995994,0
site_13951,0,0.8146095336816247,0
site_13017,0,0.7354999144755701,0
site_13881,0,0.862230549492643,0
site_20438,0,0.8145855347586528,0
site_13972,0,0.8501452596817403,0
site_18079,0,0.5925658049987597,0
site_07517,0,0.8055937130265519,0
site_20459,0,0.8568128014455205,0
site_05403,0,0.7933356872638305,0
site_14423,0,0.8111217196436438,0
site_18455,0,0.8388343201867765,0
site_13258,0,0.7556487655556932,0
site_09044,0,0.7097933415344936,0
site_06549,0,0.8455340642299659,0
site_19544,0,0.8028927185886363,0
site_04523,0,0.830475103394818,0
site_01159,0,0.8586374289357726,0
site_03197,0,0.8519085841811842,0
site_00771,0,0.849330026862268,0
site_20473,1,0.8844774253751766,1
site_20902,1,0.8881999636617339,1
site_11894,0,0.689518070383075,0
site_16173,0,0.86135121930017,0
site_02489,0,0.6833501322563039,0
site_05704,0,0.8745259597148665,1
site_12149,0,0.6990072220350003,0
site_05261,0,0.8079385089572146,0
site_06596,0,0.8555462164820287,0
site_08086,0,0.6783637018526515,0
site_01977,0,0.7349812516892607,0
site_16329,0,0.787390285920045,0
site_00941,0,0.847576114001545,0
site_03801,0,0.8628328838111583,0
site_06482,0,0.8348097025427945,0
site_15460,0,0.8139963084750316,0
site_06635,0,0.8219534224916953,0
site_15253,0,0.78668756352152,0
site_02325,0,0.8321190399152296,0
site_06569,0,0.7955434070460334,0
site_03230,0,0.819972909743319,0
site_20779,0,0.8483167846051933,0
site_21262,1,0.9050201871479925,1
site_05006,0,0.8098582950167079,0
site_05712,0,0.8594251690087988,0
site_04086,0,0.7869774760727197,0
site_08556,0,0.7078270550341406,0
site_16098,0,0.8510462298096761,0
site_16741,1,0.8637071892303112,0
site_20201,1,0.8861247363832283,1
site_17447,0,0.8028133942518512,0
site_08691,0,0.7525299892236336,0
site_19995,1,0.8973541852655442,1
site_03272,1,0.8811532779181497,1
site_18597,0,0.8244453497318356,0
site_01228,0,0.8545349985033659,0
site_07658,0,0.8144800988297691,0
site_04690,0,0.8414330809916251,0
site_05769,0,0.866111732765573,0
site_11689,0,0.751541438653467,0
site_16547,1,0.8485201211462484,0
site_06599,0,0.812397983894213,0
site_07303,0,0.8246076368195803,0
site_01298,0,0.8510915140548627,0
site_03859,0,0.8311577730237898,0
site_00918,0,0.8606530439386146,0
site_08059,0,0.7996819326445322,0
site_15496,0,0.8145645796587132,0
site_11897,0,0.6944981160799626,0
site_15634,0,0.8008428290296015,0
site_03224,0,0.8108171581288938,0
site_01243,1,0.8786879416346756,1
site_14543,0,0.8483692528682922,0
site_04260,0,0.8431151986644703,0
site_18091,0,0.8319562772641369,0
site_17436,0,0.632143530754296,0
site_17918,0,0.8189143559704017,0
site_02230,0,0.808353690115309,0
site_07541,0,0.7419754202691973,0
site_19470,0,0.8156073088501501,0
site_01138,1,0.8257214063539123,0
site_05975,0,0.8648949454775163,0
site_04622,0,0.8209426535557853,0
site_09866,0,0.889449833403089,1
site_19752,0,0.8064061587958747,0
site_19462,0,0.812774873898918,0
site_02640,0,0.8520529266816461,0
site_07674,0,0.80022419688291,0
site_03301,0,0.8325989624382057,0
site_05350,0,0.8055309441649695,0
site_18247,0,0.8293719271013895,0
site_11091,0,0.7791855388903591,0
site_04349,0,0.8318689686507628,0
site_20605,1,0.869723383416668,0
site_09465,0,0.673144330732026,0
site_10833,0,0.6589640910137449,0
site_15449,0,0.822633255091086,0
site_05603,1,0.8736061753164839,1
site_15691,0,0.7846005591559784,0
site_18451,0,0.830059525851004,0
site_08043,0,0.7335622223895782,0
site_07368,0,0.8269395552652199,0
site_09936,0,0.6206575067089378,0
site_20566,0,0.8075691316264795,0
site_12182,0,0.7702616205667709,0
site_15311,0,0.8183689562763103,0
site_12362,0,0.7278080141148046,0
site_01963,0,0.8504263952108411,0
site_03342,1,0.8716939445306424,0
site_13781,0,0.8654165396494935,0
site_05799,0,0.788908082191609,0
site_20044,0,0.8606512631403265,0
site_11687,0,0.8571310458707907,0
site_00325,0,0.8332155331851034,0
site_05649,1,0.8840540056371251,1
site_13171,0,0.8124372059385755,0
site_08759,0,0.7096223387557595,0
site_14002,0,0.8530164053705604,0
site_20619,0,0.8639760024332169,0
site_18934,0,0.8270799766107899,0
site_19363,0,0.8376078955637285,0
site_19846,0,0.8668443964283019,0
site_02876,0,0.8628000358753589,0
site_02326,0,0.8304743193303525,0
site_02157,0,0.831139037174138,0
site_13735,0,0.8127164094177819,0
site_15639,0,0.8090486587790939,0
site_07321,0,0.796037466763552,0
site_16255,1,0.8819162286779058,1
site_03400,1,0.8759121677920545,1
site_21418,0,0.81394607379596,0
site_11920,0,0.751712564107023,0
site_12651,0,0.7188881316859659,0
site_02263,0,0.8413021002002977,0
site_05825,1,0.864636229516647,0
site_12620,1,0.882617655152504,1
site_12721,0,0.8513614968814736,0
site_06959,0,0.8495595493246677,0
site_21158,1,0.8773052133239336,1
site_02342,0,0.7987840139370381,0
site_14953,0,0.8260927470177819,0
site_11039,0,0.6785761125585749,0
site_16245,0,0.7746542370185002,0
site_17787,0,0.8363243824528908,0
site_00589,1,0.8762207880126613,1
site_03623,0,0.836961721637561,0
site_00482,0,0.8332029574004733,0
site_15875,0,0.8111711139204547,0
site_17851,0,0.6188085382085183,0
site_04629,0,0.8380993128915042,0
site_20165,0,0.8320007199685371,0
site_04979,0,0.8272528574906028,0
site_20337,1,0.8787109667080364,1
site_12714,0,0.8422219413914795,0
site_09890,0,0.843350747598207,0
site_13684,0,0.8653705395973508,0
site_18465,0,0.8556264066103847,0
site_12871,1,0.8801638174153381,1
site_06233,0,0.8212831397311093,0
site_20804,0,0.7649940176504539,0
site_10316,0,0.6828587559080445,0
site_11767,0,0.7300668771426992,0
site_05789,0,0.7935028652892107,0
site_18098,0,0.8407662205418305,0
site_14051,0,0.8180784663922898,0
site_19548,0,0.8087453009919869,0
site_01510,0,0.8656337181219385,0
site_14920,0,0.824141101870554,0
site_21058,1,0.8751908593910329,1
site_20707,0,0.8346932084175873,0
site_11659,0,0.8068340837018217,0
site_11043,0,0.6908876960180803,0
site_16739,1,0.8473546607747912,0
site_11435,1,0.8962066697935842,1
site_14272,0,0.8530237635123055,0
site_07896,0,0.7920338343073665,0
site_20484,0,0.7604953169447061,0
site_02780,1,0.7939346575917559,0
site_00651,0,0.837888696180948,0
site_15506,0,0.8199063037514577,0
site_18103,0,0.854136937297538,0
site_13357,0,0.8658657685388722,0
site_02861,0,0.8419081720222548,0
site_00777,0,0.7766769760444991,0
site_15292,0,0.8204473003309396,0
site_16293,0,0.8510251113758835,0
site_04627,0,0.8377613684081577,0
site_10363,1,0.8725559830245936,0
site_15957,0,0.8409823679037476,0
site_19486,0,0.7999959077426482,0
site_18826,0,0.8451418856416035,0
site_08630,0,0.7224816652201307,0
site_03695,0,0.7794803151247738,0
site_08346,0,0.735445954186724,0
site_10585,0,0.7737056833528644,0
site_20833,0,0.8486672183135429,0
site_11276,0,0.8408558640112782,0
site_12278,0,0.7101440988214112,0
site_07850,0,0.7714239966568406,0
site_16166,0,0.8504027464241708,0
site_01210,0,0.8236319249734123,0
site_19998,0,0.8274880448805009,0
site_04950,0,0.8180028564645775,0
site_11352,0,0.7826095618386695,0
site_19928,1,0.8942065306476896,1
site_11078,0,0.756143391743281,0
site_01068,1,0.8415532135386447,0
site_10365,1,0.9173625928628648,1
site_15379,0,0.8145056838333018,0
site_05800,0,0.8201379853084221,0
site_14365,0,0.8504965745590354,0
site_14616,0,0.8287864922203221,0
site_05054,0,0.8030775579939959,0
site_10132,0,0.8743104459040576,1
site_01638,0,0.8505137547597929,0
site_08450,0,0.7436258892029406,0
site_04324,0,0.8372822440198731,0
site_07722,0,0.8065295806070467,0
site_11421,0,0.8451449234985755,0
site_12816,0,0.8076985435201778,0
site_13588,0,0.7834613254085758,0
site_19964,0,0.8313312072653019,0
site_02810,0,0.8329974653341923,0
site_02278,0,0.7917097911045907,0
site_07002,0,0.7975939013238981,0
site_08663,0,0.701281436856545,0
site_21482,0,0.8706979091384692,0
site_09452,0,0.6929293977345903,0
site_20043,0,0.8633384350204552,0
site_20973,0,0.821661749064309,0
site_20131,1,0.8891256456472592,1
site_19582,0,0.8645595904502488,0
site_00355,0,0.868146996480865,0
site_19614,0,0.8101117075393804,0
site_01998,0,0.8609899547025284,0
site_08577,0,0.715524462290476,0
site_08247,0,0.7491642498501001,0
site_11056,0,0.7164412375653191,0
site_06313,0,0.8631026443459895,0
site_07903,0,0.7713807350758684,0
site_16647,0,0.8281783791526938,0
site_19028,0,0.8401285256515113,0
site_02528,0,0.806550512054526,0
site_21240,0,0.8300781696916755,0
site_19593,1,0.8884955854428276,1
site_11544,0,0.7546435628617945,0
site_13262,0,0.762789683129535,0
site_01153,0,0.8621581902647262,0
site_05347,0,0.808319251585538,0
site_18067,0,0.8246249628331109,0
site_07997,0,0.8045658583409361,0
site_09138,0,0.6535396319801862,0
site_13927,0,0.7984418023110862,0
site_00455,0,0.8552683509323604,0
site_05755,1,0.8754301121031656,1
site_02156,0,0.7044365282602082,0
site_09984,0,0.7572536339512057,0
site_18111,0,0.8345918953963138,0
site_14094,0,0.8612951681098395,0
site_10213,0,0.7444540545653484,0
site_05948,0,0.8262328885638615,0
site_07643,0,0.757800903477833,0
site_05458,0,0.798111480776823,0
site_04155,0,0.815994104029031,0
site_05788,0,0.7989084974391407,0
site_10776,0,0.662859515697248,0
site_13688,0,0.8636195405909801,0
site_14887,0,0.8335040706651702,0
site_01182,0,0.8379322761355186,0
site_20111,0,0.8596301996946918,0
site_13075,0,0.8453562227084641,0
site_08428,0,0.7811326084522365,0
site_05598,1,0.8897965800411136,1
site_14963,0,0.8270603993450455,0
site_10450,0,0.7281796053254062,0
site_17288,0,0.8027901614919031,0
site_08291,0,0.7278920974260321,0
site_10259,0,0.8615394692486917,0
site_10218,0,0.7557718513037028,0
site_10730,1,0.9082938684187805,1
site_21271,0,0.85313943721364,0
site_12146,0,0.8661024021410197,0
site_11337,0,0.7380755514616342,0
site_06215,0,0.8233323023198422,0
site_21054,0,0.8705278179142342,0
site_15684,0,0.8356073917727322,0
site_05612,0,0.8626129825431079,0
site_07647,0,0.7530256070406809,0
site_11466,0,0.7085712766961247,0
site_07366,0,0.8284420716190233,0
site_21202,0,0.636442964791941,0
site_06791,0,0.8228217649939797,0
site_20047,0,0.8711350775666784,0
site_02427,0,0.7455202751784284,0
site_08138,0,0.7549419627359306,0
site_02190,0,0.8278200259792564,0
site_08923,0,0.6860582567018694,0
site_08903,0,0.727721582391831,0
site_13428,0,0.8411131364662796,0
site_13401,0,0.8006269881529673,0
site_14026,0,0.7928058879325306,0
site_05531,0,0.8203202484747918,0
site_19154,0,0.8135329167016829,0
site_17873,0,0.8586794017930344,0
site_17431,1,0.8399486729085188,0
site_20691,0,0.7682368640227448,0
site_18089,0,0.839513021375053,0
site_15372,0,0.8170169951274342,0
site_00301,1,0.8819955716722196,1
site_08647,0,0.817913807185575,0
site_17826,0,0.8503995276885733,0
site_11539,0,0.8316202182133509,0
site_19349,0,0.80765085397473,0
site_07785,0,0.7902780441112773,0
site_02259,0,0.8439093906569035,0
site_11207,0,0.7589741241135781,0
site_08349,0,0.7056834273487218,0
site_10046,0,0.6570588166636508,0
site_08612,0,0.752326083404538,0
site_13353,0,0.8757144260841467,1
site_09917,0,0.6571809466666767,0
site_08215,0,0.7915317317059637,0
site_19646,0,0.8573611872418265,0
site_07388,0,0.7972304566547455,0
site_01518,1,0.8734893739911316,1
site_01877,0,0.8634629542983252,0
site_16624,0,0.7719754564252821,0
site_13716,0,0.7882881366816832,0
site_19895,0,0.820301442799814,0
site_10867,0,0.7836691799195309,0
site_06997,0,0.8082199271462056,0
site_13954,0,0.8081559468605266,0
site_04606,0,0.8001475299390606,0
site_11359,0,0.7912650813039301,0
site_01488,0,0.8623708471287781,0
site_15267,0,0.8177472886532297,0
site_09016,0,0.8638354078017705,0
site_19209,0,0.821762667172441,0
site_18666,0,0.8228279816747228,0
site_20741,0,0.7660225013009839,0
site_12249,1,0.8881956690004431,1
site_14325,0,0.8055380613410088,0
site_04521,0,0.8224684267550482,0
site_18791,0,0.8410128318731764,0
site_18709,0,0.8353033588250112,0
site_19167,0,0.8509432847332483,0
site_05928,0,0.7952514377262949,0
site_20683,1,0.8045142248052818,0
site_10372,0,0.823077159508238,0
site_13320,0,0.8499429957866078,0
site_15951,0,0.8283571011669912,0
site_16059,0,0.7879062067203336,0
site_02672,0,0.8055270432683905,0
site_00032,0,0.8124992887541967,0
site_12366,0,0.8854691173275541,1
site_04748,0,0.8268919635540364,0
site_12930,0,0.7944580922239597,0
site_10858,0,0.8567381986783686,0
site_11545,1,0.8816637011810113,1
site_21402,0,0.8770313120765079,1
site_09556,0,0.676998544409241,0
site_12382,0,0.8340053444727356,0
site_05430,0,0.7974999686802555,0
site_20393,0,0.8560137660853131,0
site_21407,1,0.8766681845717401,1
site_02228,0,0.7711362937066679,0
site_02284,0,0.8168093982740303,0
site_04188,0,0.8513088806811808,0
site_07621,0,0.8000250353346583,0
site_09590,0,0.637227025918252,0
site_00043,1,0.8767597524583419,1
site_06297,0,0.835003158233656,0
site_05724,0,0.7920394548038792,0
site_19060,0,0.8325070815688214,0
site_08607,0,0.7542088490626877,0
site_20010,0,0.7897517370135588,0
site_17279,1,0.855022331479347,0
site_01085,0,0.8507245138165125,0
site_20021,0,0.8153184982126809,0
site_06654,0,0.8230843041465111,0
site_09719,0,0.7578635316074975,0
site_06056,0,0.8576232013350082,0
site_19736,1,0.8827958767006501,1
site_16817,0,0.8085260737690948,0
site_04329,0,0.7991995781925363,0
site_03306,0,0.8171516933399291,0
site_00216,0,0.7600357229818336,0
site_05259,0,0.8100495400705976,0
site_18614,0,0.8583925569431741,0
site_18737,0,0.8215664616544389,0
site_04592,0,0.7899218725458428,0
site_03180,0,0.8165962464147447,0
site_15274,0,0.8218870505745051,0
site_03709,0,0.8114950337514358,0
site_05338,0,0.8081209052956126,0
site_03833,0,0.7784633511919348,0
site_16257,0,0.7744087199272455,0
site_18679,0,0.8356469117426879,0
site_21461,0,0.8415024041065187,0
site_14437,0,0.8284936316192432,0
site_14301,0,0.8448029205367338,0
site_12411,0,0.7087741574407584,0
site_07052,0,0.8190693122755546,0
site_12535,0,0.6820160173823303,0
site_03698,0,0.7958201400735943,0
site_14180,0,0.8558767556221849,0
site_12671,0,0.7596618046764896,0
site_12229,0,0.8531599458874692,0
site_18294,0,0.8246863672986503,0
site_07502,0,0.8243582212273297,0
site_04107,0,0.8456309547519729,0
site_09621,1,0.8848940132978986,1
site_10139,0,0.7558106090721529,0
site_16377,1,0.8592705362407608,0
site_18729,0,0.8365087783398022,0
site_18453,0,0.8330059616384173,0
site_12465,0,0.8318508309803194,0
site_16381,1,0.8822573824358376,1
site_04024,0,0.8026422507518638,0
site_12822,0,0.8099963483555586,0
site_12963,0,0.842134664758452,0
site_12413,0,0.6797317871589558,0
site_08680,0,0.6981443350112178,0
site_09067,0,0.6651680213134867,0
site_07615,0,0.8093005723749599,0
site_09416,0,0.8295315809729076,0
site_20141,0,0.8548148602534004,0
site_03383,0,0.8370781042119367,0
site_09003,0,0.6059870304570861,0
site_15349,0,0.8228090944459352,0
site_02747,0,0.8436204115479051,0
site_14503,0,0.8014708805970798,0
site_10051,0,0.6702296475869751,0
site_13323,0,0.8212287910187602,0
site_04070,0,0.8650929352015015,0
site_19084,0,0.8121901654450812,0
site_02567,0,0.8198759390988068,0
site_10834,0,0.666880600861024,0
site_10531,0,0.6537546538982627,0
site_17267,0,0.8771752767293473,1
site_04406,0,0.8131566277631348,0
site_04035,0,0.8171937935266738,0
site_05467,0,0.7993154589421321,0
site_09643,0,0.8614644297588689,0
site_09570,0,0.6612575868790679,0
site_00087,1,0.8793843133260175,1
site_02912,0,0.7977319037796193,0
site_09231,0,0.6624768988723126,0
site_18004,0,0.6430586129233288,0
site_09081,0,0.7351803391688033,0
site_19791,1,0.877622310579474,1
site_17510,0,0.8442761623617501,0
site_20826,0,0.8469296295863971,0
site_08605,0,0.7591186574583633,0
site_02850,0,0.7943228843958317,0
site_21128,0,0.8255213156410797,0
site_08229,0,0.7635748019033644,0
site_06534,0,0.8628260990629317,0
site_10412,0,0.8566949146897103,0
site_19292,0,0.8228592544269897,0
site_05258,0,0.8074673425916115,0
site_07492,0,0.8333953520692314,0
site_21149,0,0.8680024617365911,0
site_19423,0,0.8204926535586555,0
site_18445,0,0.8248774599011306,0
site_03511,0,0.8512273639637258,0
site_14917,0,0.8290554815595306,0
site_11331,0,0.7351677756405177,0
site_06894,0,0.8376759264113736,0
site_07561,0,0.8158440609558124,0
site_21538,0,0.8600638082680374,0
site_01057,1,0.8497124118609731,0
site_06606,0,0.862516784785748,0
site_18969,0,0.8608343219012398,0
site_06934,0,0.8122101013409468,0
site_19790,1,0.8829168929775146,1
site_12009,1,0.9151337766934893,1
site_18952,0,0.8186979261485932,0
site_17552,0,0.8308487797157957,0
site_06689,0,0.8564427309772449,0
site_18855,0,0.8346300480971733,0
site_07843,0,0.789074863200333,0
site_14478,0,0.8470106875577414,0
site_01116,0,0.8491272222871695,0
site_07224,0,0.8372295444800304,0
site_16050,1,0.8726989230826264,0
site_02265,0,0.8117214184200037,0
site_05681,0,0.7526495563934084,0
site_01871,0,0.8357338587319346,0
site_09262,0,0.8661368619568146,0
site_04892,0,0.8306549065105764,0
site_05229,0,0.8178548257589393,0
site_11964,0,0.8364925336904352,0
site_14687,0,0.8012363836923346,0
site_06937,0,0.807354572047813,0
site_15198,0,0.8241590059041461,0
site_12653,0,0.7205931400066033,0
site_01851,0,0.8153313106757082,0
site_13603,0,0.7786500797735197,0
site_16334,0,0.7947413368128369,0
site_05783,0,0.7447134840313974,0
site_12059,0,0.7788308416230403,0
site_06972,0,0.8455952662555286,0
site_03247,0,0.810638470332228,0
site_13344,0,0.8740039477753596,1
site_12691,0,0.7998336312395018,0
site_14922,0,0.8177653413635777,0
site_12893,0,0.8647926402952519,0
site_07985,0,0.7252445485846165,0
site_17386,0,0.657837751122496,0
site_04043,0,0.8190895746004299,0
site_16303,0,0.8632022795732295,0
site_09264,0,0.8486056852718349,0
site_04497,0,0.8436099126471011,0
site_04562,0,0.8420821782155841,0
site_01732,0,0.8639830026879027,0
site_18617,0,0.8639796199395366,0
site_00924,0,0.8649228760662337,0
site_13006,1,0.799637249106093,0
site_01731,0,0.8502622363483434,0
site_10349,0,0.7505095853012604,0
site_09445,0,0.8487538064810509,0
site_20908,0,0.7212362630733342,0
site_01308,0,0.8671152351987277,0
site_16086,0,0.8148435792247257,0
site_10407,0,0.8483897633179633,0
site_06522,0,0.8625294185168229,0
site_00101,1,0.8836672973255904,1
site_10678,0,0.7191427846809737,0
site_12360,0,0.7687791548741215,0
site_04224,0,0.8001271262975305,0
site_18725,0,0.8317976676898153,0
site_20783,0,0.8570132654148925,0
site_14236,0,0.8143768465303783,0
site_08779,0,0.8543025892352023,0
site_08240,0,0.7597139615816284,0
site_07324,0,0.7913374057684828,0
site_01263,0,0.8483145860164976,0
site_02583,0,0.8508604123524506,0
site_21365,0,0.8610454471415567,0
site_10305,0,0.6511547285946657,0
site_07701,0,0.7445571223750219,0
site_15181,0,0.8145871940861178,0
site_10004,0,0.8652641646331101,0
site_08458,0,0.7291647843288549,0
site_19634,0,0.8305283272439705,0
site_04639,0,0.8470155254643077,0
site_09649,0,0.8548761447029583,0
site_19771,0,0.8262509741189175,0
site_04996,0,0.8182017122395298,0
site_00867,0,0.821605773973582,0
site_11533,0,0.8429849945936014,0
site_14064,0,0.8387525868461421,0
site_20455,0,0.840601970986914,0
site_12008,1,0.9034561204744218,1
site_09357,0,0.8488445282467705,0
site_06621,0,0.8497387244784949,0
site_05174,0,0.8008184156174729,0
site_06296,0,0.8316437791062468,0
site_04870,0,0.8274799008047632,0
site_01162,0,0.8638370009179628,0
site_16496,1,0.8858230218803927,1
site_09287,0,0.7027389364150294,0
site_09746,0,0.8369477238440449,0
site_13319,0,0.8539771232234612,0
site_11106,0,0.84155831902614,0
site_09607,0,0.7674005635225676,0
site_02458,0,0.8577759537104008,0
site_17313,0,0.8619756631374207,0
site_21423,1,0.8742635468450002,1
site_08945,0,0.8683599721192987,0
site_09744,1,0.8982024332265495,1
site_16206,0,0.7939407212906826,0
site_09094,0,0.8609875907297797,0
site_08704,0,0.7281865536679594,0
site_07054,0,0.8168940510268122,0
site_16321,1,0.8692147474077377,0
site_01537,0,0.8588573427017514,0
site_07117,0,0.8149576920831637,0
site_12508,0,0.847419541384411,0
site_15701,0,0.8055766021259156,0
site_08233,0,0.7612262829521177,0
site_08050,0,0.8066094006911466,0
site_12345,0,0.8382797625728182,0
site_16150,0,0.8074786356607995,0
site_15016,0,0.8049375520348072,0
site_00385,1,0.8836119807289344,1
site_14579,0,0.8336169746574142,0
site_08867,0,0.6646683743068975,0
site_08479,0,0.7831893005330428,0
site_18356,0,0.8388073020581284,0
site_13456,0,0.875019822274399,1
site_14748,0,0.8359260141100244,0
site_05968,1,0.839352528556994,0
site_19287,0,0.8089191274736645,0
site_03148,0,0.8767632002801231,1
site_19594,1,0.8798810328827211,1
site_17572,0,0.554082046293107,0
site_13279,0,0.7847315538669091,0
site_19687,0,0.8034759894063637,0
site_21346,1,0.8619314410478507,0
site_16469,0,0.8227818598914423,0
site_20685,0,0.7469082818409888,0
site_13444,0,0.8683552909707828,0
site_17976,0,0.8476975642105686,0
site_07757,0,0.7383068263255697,0
site_03654,0,0.809207402392316,0
site_10944,0,0.7568054993906119,0
site_08073,0,0.7816345441158346,0
site_09451,0,0.698784579892469,0
site_17096,0,0.8193995401594163,0
site_16456,0,0.7898541338922231,0
site_20466,0,0.8641106715362934,0
site_11473,0,0.7286579606176655,0
site_09286,0,0.6999520122741772,0
site_12501,0,0.7588746841694607,0
site_09671,0,0.6534331525896339,0
site_11012,1,0.8769153491799317,1
site_05405,0,0.8095854302432841,0
site_06724,0,0.7947769964781113,0
site_07719,0,0.8128179817930645,0
site_02034,0,0.7570141457168555,0
site_08817,0,0.6612174947955652,0
site_05161,0,0.8180444704473019,0
site_09891,0,0.8478552650403277,0
site_02154,0,0.7568270192095357,0
site_13560,0,0.8695554500651399,0
site_12052,0,0.7628260420750324,0
site_14784,0,0.8068535821992523,0
site_06821,0,0.8332738989590595,0
site_12334,0,0.8007502044350079,0
site_13058,0,0.8185908236943389,0
site_07240,0,0.8223983816431524,0
site_12316,0,0.7777238337242686,0
site_04412,0,0.8062167778150207,0
site_08503,0,0.7390534570416296,0
site_07592,0,0.756834164914783,0
site_07414,0,0.8360678251406626,0
site_19811,0,0.7844161147747075,0
site_09559,0,0.6802055982749067,0
site_02939,1,0.8837190307347584,1
site_09266,0,0.8553463204979832,0
site_10016,0,0.8387185110853645,0
site_15548,0,0.8564199236684173,0
site_08051,0,0.8042225327769716,0
site_16650,0,0.8587553486281441,0
site_06299,0,0.8384171980868733,0
site_11341,0,0.7557061494367705,0
site_19337,0,0.8210631793152193,0
site_05873,0,0.8354333918627113,0
site_15010,0,0.8395270891277105,0
site_01864,0,0.8207770930995516,0
site_16397,0,0.7867999593649085,0
site_12231,0,0.8623697146088329,0
site_09330,0,0.8395615721706776,0
site_17953,0,0.8622941908282693,0
site_10049,0,0.6670767710031459,0
site_02231,1,0.855030822488297,0
site_05057,0,0.8083791771320761,0
site_00847,0,0.8563241307945983,0
site_12066,0,0.791780694982694,0
site_06070,0,0.8323973098715031,0
site_06787,0,0.8302693422204275,0
site_15321,0,0.8383618512979167,0
site_13239,0,0.8703957284991919,0
site_11610,0,0.709197484705276,0
site_01061,0,0.6447365633577001,0
site_20327,0,0.8694644966366334,0
site_11288,0,0.8771018273436273,1
site_06015,0,0.811997170534873,0
site_11738,0,0.8738669824267902,1
site_17461,0,0.8508324935563804,0
site_05872,0,0.808868885059834,0
site_01749,0,0.8737726291265642,1
site_00028,1,0.8196306083275482,0
site_02377,0,0.8276045012282367,0
site_20083,0,0.8009997876807873,0
site_20726,0,0.8706756340478177,0
site_17129,1,0.8505789949431497,0
site_12107,0,0.8450101725196695,0
site_20592,0,0.8453006193424257,0
site_14902,0,0.837825439898539,0
site_16281,0,0.8106673211413061,0
site_10455,0,0.7409683842974861,0
site_17631,0,0.7689045848268611,0
site_04362,0,0.8403122500450488,0
site_00299,1,0.8779734539704707,1
site_11742,0,0.6787941845945933,0
site_08068,0,0.7915622711611183,0
site_08140,0,0.7393746072050216,0
site_15770,0,0.7613879145265482,0
site_02587,0,0.8647607805410624,0
site_13127,0,0.8555306147882885,0
site_05036,0,0.8268502813595593,0
site_09468,0,0.670319422851334,0
site_02308,0,0.8272823550018515,0
site_13114,1,0.878581806971507,1
site_10458,0,0.7539060800860276,0
site_01675,0,0.7512062689073418,0
site_17749,0,0.840294357161772,0
site_16554,1,0.8776629169408171,1
site_05943,0,0.8199442859301393,0
site_06181,0,0.873208337165678,1
site_16519,0,0.80363148885161,0
site_07442,0,0.8181769305077227,0
site_07159,0,0.8387416036581808,0
site_01923,0,0.806103136804124,0
site_20402,0,0.8811155875585015,1
site_17448,0,0.8093031924233722,0
site_07339,0,0.7363301640311765,0
site_16052,0,0.8268232255344595,0
site_15127,0,0.8262819744449641,0
site_20774,0,0.8507038882647269,0
site_11299,0,0.6605556001180496,0
site_17166,0,0.8726607351188826,0
site_13853,0,0.8087463747988415,0
site_12323,0,0.7820956611748637,0
site_03839,0,0.8012928020993707,0
site_14911,0,0.8327206844202704,0
site_21118,1,0.8822748678824703,1
site_20522,0,0.8496626195410037,0
site_14642,0,0.8414861215744945,0
site_17675,0,0.8585575046742824,0
site_21036,0,0.837502141206071,0
site_17666,0,0.8549031519131558,0
site_19654,0,0.8650352140959543,0
site_12810,0,0.7788813475817564,0
site_17778,0,0.8204588282442815,0
site_07237,0,0.8269762882339606,0
site_00172,0,0.6892809690552101,0
site_03088,0,0.8433808741514766,0
site_03385,0,0.8679118858034178,0
site_13048,0,0.7911893882380987,0
site_11682,0,0.8531772211798355,0
site_10489,1,0.881775874579086,1
site_12777,0,0.7126325909217704,0
site_14017,0,0.7737285544525971,0
site_09939,0,0.6427460259381352,0
site_17958,0,0.854602632439759,0
site_02139,0,0.8486871416486805,0
site_05650,1,0.8786786739349515,1
site_02105,1,0.889770046830588,1
site_00461,0,0.8416827470556261,0
site_16555,1,0.8925470443869948,1
site_14108,0,0.8427769930032725,0
site_14358,0,0.8349436429533905,0
site_13189,0,0.8399678698615766,0
site_11081,0,0.7763576911823284,0
site_07760,0,0.7344929067449599,0
site_17233,0,0.8135148071724521,0
site_04301,0,0.8524556961347057,0
site_20380,0,0.8282919452942081,0
site_01051,0,0.8701546520481351,0
site_01928,1,0.8855455080971804,1
site_09699,0,0.6901480497942853,0
site_01936,0,0.8075708160508845,0
site_15324,0,0.8448202842971766,0
site_01451,0,0.8399369510031834,0
site_05530,0,0.8156005860899982,0
site_21541,0,0.8537492054166176,0
site_06856,0,0.8437570189942742,0
site_00049,0,0.7654646724547989,0
site_13541,0,0.8509610564420929,0
site_00502,0,0.8231556012549125,0
site_18854,0,0.8372097620090756,0
site_08656,0,0.7463444669344994,0
site_11650,0,0.7893567277089,0
site_07654,0,0.8205025849877878,0
site_17593,0,0.823827386074558,0
site_08514,0,0.731681384778754,0
site_15158,0,0.812079965921592,0
site_07587,0,0.7700354697284535,0
site_10516,0,0.753418135378926,0
site_05362,0,0.7814992578310767,0
site_02096,0,0.803033479739147,0
site_11957,0,0.824000126691984,0
site_19681,0,0.8109825425894439,0
site_01989,1,0.8935675819466162,1
site_07354,0,0.8365240786597214,0
site_14031,0,0.8004414760672341,0
site_17284,1,0.8625134655553144,0
site_08547,0,0.7669851266710751,0
site_20754,0,0.8120467954966962,0
site_05584,0,0.819453491630052,0
site_15465,0,0.8311545257825275,0
site_10889,0,0.8451935980759575,0
site_14182,0,0.8570721073993564,0
site_16841,0,0.8621986488694628,0
site_07448,0,0.8033436535339279,0
site_08266,0,0.7876595005631885,0
site_17283,1,0.8649876370596903,0
site_12257,0,0.8256170235261734,0
site_02268,0,0.8327876746150993,0
site_03084,0,0.8626510108494305,0
site_16305,0,0.8745837774323915,1
site_18995,0,0.823143412606455,0
site_09349,0,0.8527208880162,0
site_13944,0,0.8125497640342279,0
site_12482,0,0.8589412862196455,0
site_07209,0,0.8250002818008964,0
site_17983,0,0.829273285629978,0
site_14542,0,0.8413647446172263,0
site_18569,0,0.8474370797200035,0
site_20574,0,0.826446131288527,0
site_12641,0,0.8110889568912953,0
site_05181,0,0.8062730664642559,0
site_01098,1,0.8071756505122242,0
site_15859,0,0.7973940572508826,0
site_11325,0,0.7170320033149332,0
site_18177,0,0.8512893382275282,0
site_06743,0,0.801848177293714,0
site_15477,0,0.7817427323066686,0
site_11601,0,0.6914656920223669,0
site_02239,1,0.8953162071784384,1
site_20746,0,0.7198243778986958,0
site_20512,0,0.8296253818864172,0
site_04101,0,0.8268766752080658,0
site_13054,0,0.8085611619904909,0
site_00910,0,0.8596005706103389,0
site_18816,0,0.8240795330355533,0
site_10911,0,0.6771284049738069,0
site_01647,0,0.8736216114543718,1
site_11643,0,0.7807769218812215,0
site_11777,0,0.750613562350426,0
site_10423,0,0.6598830292009727,0
site_02396,0,0.7117326248359626,0
site_15050,0,0.8313104791715776,0
site_02607,1,0.8887927137648237,1
site_08995,0,0.6672263066898922,0
site_08904,0,0.723377814634357,0
site_02290,1,0.8826337305616168,1
site_11988,0,0.8912278369813196,1
site_13237,0,0.8710069717879076,0
site_19540,0,0.8157141948286111,0
site_17262,0,0.8611669268777402,0
site_07433,0,0.8283709327917139,0
site_09969,0,0.7839085695058159,0
site_10885,0,0.8770957409018645,1
site_04902,0,0.8097400850367609,0
site_00481,0,0.7800077647760357,0
site_10647,0,0.6537000067410186,0
site_00060,1,0.8814293265955013,1
site_05332,0,0.80114061072097,0
site_04308,0,0.8573634308866473,0
site_18263,0,0.8490840157583708,0
site_03050,1,0.8858690111820251,1
site_17575,0,0.7298955246475364,0
site_12913,0,0.766333738731751,0
site_19641,0,0.8321689081944055,0
site_15523,0,0.8130041290127619,0
site_05342,0,0.8055358952357068,0
site_08517,0,0.7145694283936801,0
site_07208,0,0.8407524357102047,0
site_17107,0,0.8510545342582427,0
site_04069,0,0.8600768653751323,0
site_17038,0,0.7965180517220987,0
site_14892,0,0.8384584647983717,0
site_21504,0,0.8461858753747358,0
site_14822,0,0.8395105711305632,0
site_20030,0,0.8291394997223647,0
site_18368,0,0.8281031184381372,0
site_03973,0,0.7954957964155486,0
site_17161,0,0.8645530969401076,0
site_00277,0,0.8727864218398409,0
site_16781,0,0.8687230953761484,0
site_15489,0,0.8128221627422063,0
site_02491,0,0.7344963278301947,0
site_17798,0,0.8598302449532349,0
site_10356,0,0.7593632269517421,0
site_06789,0,0.8258766099712651,0
site_15136,0,0.8305414970071706,0
site_09186,0,0.7328469995941245,0
site_03094,1,0.88007771762961,1
site_15152,0,0.8172203108504283,0
site_07483,0,0.8321075751571175,0
site_10996,1,0.890010567840156,1
site_17080,0,0.8311471028012747,0
site_18691,0,0.8635308947558893,0
site_03170,0,0.8277159068235254,0
site_14677,0,0.7924359898754798,0
site_14971,0,0.8349972566782522,0
site_09802,0,0.6780713703954439,0
site_14955,0,0.822111054490325,0
site_13806,0,0.7699618852177117,0
site_15490,0,0.8171604067376639,0
site_01040,0,0.8321860802029233,0
site_14375,0,0.851411801751917,0
site_15485,0,0.8132228884741726,0
site_07252,0,0.8028817015158958,0
site_03678,0,0.8748053773029842,1
site_20701,0,0.8181991024647701,0
site_13145,0,0.7589019041543985,0
site_12265,1,0.9142176270472495,1
site_10645,0,0.8562696325059207,0
site_01368,0,0.7473451574207151,0
site_04185,0,0.8555797459802381,0
site_13816,0,0.7820529026800676,0
site_04555,0,0.8332408924330506,0
site_18767,0,0.8717634725192602,0
site_12748,1,0.8769401154420071,1
site_18549,0,0.8534807513118849,0
site_20892,0,0.8723228308064566,0
site_03576,0,0.8392888369536944,0
site_21460,0,0.8743741049890099,1
site_10874,0,0.812045085144065,0
site_04173,0,0.8526360298649165,0
site_13841,0,0.8202642672129395,0
site_12115,0,0.7488206001329649,0
site_20860,0,0.8193085553060084,0
site_02098,0,0.7265387251880879,0
site_17920,0,0.8211087257617535,0
site_07879,0,0.8071640495086801,0
site_07359,0,0.8338644193447515,0
site_03214,1,0.8790892810419979,1
site_11044,0,0.6887112742891547,0
site_01067,1,0.8304638459913186,0
site_02807,0,0.8460669044244744,0
site_00905,0,0.8352151987886343,0
site_17570,0,0.8668907148296683,0
site_01958,0,0.8511274505868842,0
site_03662,0,0.8577759467175545,0
site_04152,0,0.8212442821219321,0
site_01428,1,0.8869532616167142,1
site_21010,1,0.8862110964542063,1
site_03354,0,0.8163788669952257,0
site_11277,0,0.7999360322082337,0
site_10225,0,0.7693018835617573,0
site_13199,0,0.8461208698362863,0
site_20675,1,0.8915355563572724,1
site_19093,0,0.8333255468727363,0
site_03003,1,0.8305416752992809,0
site_11312,0,0.6823348384307198,0
site_08650,0,0.7521700988929771,0
site_15054,0,0.822263880420359,0
site_08242,0,0.7495836928938697,0
site_09863,1,0.8808436353446032,1
site_12658,0,0.7202355886290075,0
site_05693,1,0.8804503012612777,1
site_19009,0,0.8291278059619198,0
site_14220,0,0.7931920861831276,0
site_07887,0,0.8058640904673153,0
site_01513,0,0.8695285695154635,0
site_04578,0,0.8454266175698375,0
site_02723,1,0.8015491013875129,0
site_16725,1,0.7995452392896569,0
site_04028,0,0.8147507562391987,0
site_07081,0,0.8411834314425322,0
site_03574,0,0.8236661515254446,0
site_13056,0,0.8086119618608647,0
site_03171,0,0.8298851402605842,0
site_05247,0,0.8017296201906694,0
site_05412,0,0.8308147607680769,0
site_19157,0,0.8258150172797263,0
site_19441,0,0.8527998335697236,0
site_07151,0,0.8460341618910537,0
site_12698,0,0.7969026981673453,0
site_16231,0,0.8399276788857861,0
site_16197,0,0.7840311645169908,0
site_03048,1,0.877578594137171,1
site_18066,0,0.8261068586637963,0
site_07619,0,0.8016938145569055,0
site_15687,0,0.852920774093285,0
site_20612,1,0.8699870571763626,0
site_17515,0,0.8512815176762825,0
site_14015,0,0.7609401640926274,0
site_01805,0,0.8594960373565068,0
site_01838,0,0.8634516161110453,0
site_16898,0,0.8623274112831762,0
site_10552,0,0.7027077039446776,0
site_05917,0,0.8215186250739317,0
site_05270,0,0.8093039476246227,0
site_07705,0,0.7312184673364834,0
site_18918,0,0.8301654632930595,0
site_10056,0,0.6764132016146709,0
site_19279,0,0.8150268023822895,0
site_04601,0,0.803773279370268,0
site_06682,0,0.8613358570686371,0
site_10387,0,0.8596022441239448,0
site_02403,0,0.8173633693670368,0
site_18722,0,0.8418973771886209,0
site_14638,0,0.8462571221159902,0
site_09568,0,0.6611025288421148,0
site_06474,0,0.8471704714330267,0
site_14561,0,0.828830724527581,0
site_15095,0,0.7155206280717749,0
site_05661,0,0.7676671731002636,0
site_04904,0,0.8151928106247204,0
site_00911,0,0.8571495111676912,0
site_03062,0,0.8276314951531383,0
site_08204,0,0.7308820446923101,0
site_18807,0,0.8259751013090042,0
site_16896,0,0.8554286062097225,0
site_15667,0,0.8110910246061742,0
site_18306,0,0.7949841588150037,0
site_20374,0,0.8338774718220974,0
site_04812,0,0.8248598080846545,0
site_10036,0,0.6617060527807835,0
site_19843,0,0.8382219217721085,0
site_04261,0,0.8416285986668555,0
site_06156,0,0.7421222675716636,0
site_15918,0,0.8057142971920692,0
site_19535,1,0.8869927059014391,1
site_19370,0,0.8540276048447912,0
site_08219,0,0.7914340860894968,0
site_13211,0,0.858029869422227,0
site_13722,0,0.7996372207736551,0
site_16079,0,0.8075826341888932,0
site_03599,0,0.869290645155254,0
site_16835,0,0.8519989942375036,0
site_04427,0,0.8439843078377236,0
site_03626,0,0.7906953097397977,0
site_21064,1,0.8800152224192477,1
site_13767,0,0.8496679356274215,0
site_12235,0,0.770968088298767,0
site_18922,0,0.8179443189866049,0
site_08150,0,0.7358687855771315,0
site_09750,0,0.8863719014005197,1
site_17003,0,0.8296011485410524,0
site_00354,0,0.870831313532276,0
site_02842,0,0.8043849120263118,0
site_01496,1,0.8726878174975046,0
site_09226,0,0.6576647575768495,0
site_13875,0,0.831971659393044,0
site_09098,0,0.8508777127462719,0
site_12460,0,0.8230834209754504,0
site_09918,0,0.6607066303568272,0
site_11450,0,0.6772999814886742,0
site_19127,0,0.829058144589448,0
site_14709,0,0.8386881133326598,0
site_07019,0,0.8461376389981239,0
site_15623,0,0.8323431137804543,0
site_18921,0,0.829890274179404,0
site_17026,1,0.8440663335650841,0
site_06052,0,0.8713131391888957,0
site_02570,0,0.8195185488620852,0
site_09758,0,0.8523416221655511,0
site_16090,0,0.8269449043631838,0
site_15891,0,0.8464953348697504,0
site_17050,0,0.8350572598093737,0
site_05216,0,0.8068639194402965,0
site_09033,0,0.7194918994510379,0
site_20789,1,0.855357286263676,0
site_03237,0,0.8004013739358448,0
site_10135,0,0.8723709013098073,0
site_02707,0,0.8155271888562786,0
site_13502,0,0.7945090877451106,0
site_15552,0,0.8164331616572177,0
site_09895,0,0.6899083819953773,0
site_14891,0,0.8345653418211862,0
site_00399,0,0.8686691334785464,0
site_17892,0,0.8572203885129492,0
site_04095,0,0.8198665238615079,0
site_19615,0,0.8114323073989358,0
site_15433,0,0.8159825635400417,0
site_19306,0,0.8647313879822647,0
site_19479,0,0.8163111603733775,0
site_05140,0,0.8042076227325464,0
site_19619,0,0.8107228340611282,0
site_12862,0,0.8508431549876694,0
site_14241,0,0.8084024562087392,0
site_12697,0,0.8132456661322309,0
site_05111,0,0.817832889242017,0
site_18688,0,0.8550692026300855,0
site_08770,0,0.5737813201066475,0
site_20703,0,0.8337298215649593,0
site_12787,0,0.750736787552315,0
site_08196,0,0.7415817238436044,0
site_09408,1,0.905629530557418,1
site_18750,0,0.8392781513536682,0
site_12562,0,0.7773233568595186,0
site_17411,0,0.8341656965971183,0
site_12284,0,0.724442003573357,0
site_07752,0,0.7576763457407754,0
site_20898,1,0.8830855047890633,1
site_13154,0,0.7694153862984745,0
site_11336,0,0.7301445533689164,0
site_03588,0,0.8575437977953286,0
site_03349,0,0.8074425081547196,0
site_12438,0,0.771938032004037,0
site_20013,0,0.8001236453804048,0
site_16081,0,0.8065962894944567,0
site_02490,0,0.7219873733788638,0
site_07241,0,0.819521109362306,0
site_10798,0,0.7155665543428884,0
site_08056,0,0.8020662787935229,0
site_09827,0,0.7497169362042919,0
site_01452,0,0.8731847828616137,1
site_12466,0,0.8371938483120409,0
site_17432,0,0.8140801083766471,0
site_13710,0,0.7797833852431033,0
site_11717,0,0.8355059091730322,0
site_11934,0,0.7736927506086084,0
site_10973,1,0.8819538426904641,1
site_21373,1,0.8871022762203338,1
site_04893,0,0.8261477700660744,0
site_11326,0,0.7239177096179505,0
site_06317,0,0.8660920530726381,0
site_02817,0,0.8419141117586906,0
site_15581,0,0.8171328040575585,0
site_01627,0,0.6645044815222392,0
site_16816,0,0.7938936759242015,0
site_15818,0,0.8253509204325877,0
site_13078,0,0.8447748626933511,0
site_15255,0,0.8254873665778125,0
site_00550,1,0.8806435020584924,1
site_16778,0,0.8619773111847613,0
site_06652,0,0.8124737856260322,0
site_13486,0,0.7661367235282837,0
site_08531,0,0.70341654322633,0
site_07409,0,0.8281665798925137,0
site_11817,0,0.8326150337178748,0
site_03818,0,0.8674580805959906,0
site_03605,1,0.8796360891097041,1
site_00375,0,0.7334419473733252,0
site_06306,0,0.8469762525929083,0
site_19625,0,0.8063355901823899,0
site_10467,0,0.773490665337258,0
site_05656,0,0.8654204021499476,0
site_00322,0,0.8624224927386239,0
site_16232,0,0.8565562782948322,0
site_05452,0,0.8250462737339703,0
site_18273,0,0.8554041733017981,0
site_07316,0,0.8029716507528417,0
site_17657,0,0.8287788704171157,0
site_20375,0,0.830532504396692,0
site_18821,0,0.8357566884585415,0
site_16689,0,0.7795219535243629,0
site_08396,0,0.7495755440222247,0
site_15203,0,0.8178172851371357,0
site_13963,0,0.8335334189201171,0
site_06507,0,0.8350360385215028,0
site_12832,0,0.8348363427694498,0
site_11822,0,0.8306269665338952,0
site_09303,0,0.6720272299463403,0
site_11510,0,0.8007428982841136,0
site_13915,0,0.7713795076592713,0
site_06739,0,0.8320761581204126,0
site_01479,0,0.8643811341866734,0
site_08643,0,0.49153998970730156,0
site_17435,0,0.5655402102870797,0
site_04614,0,0.8226805656104575,0
site_13946,0,0.8233859356196461,0
site_14089,0,0.8566425630764707,0
site_07111,0,0.8257587057606575,0
site_10983,1,0.8855739916867631,1
site_07014,0,0.7289793566762096,0
site_16351,0,0.8217063936410348,0
site_08297,0,0.7379029889105007,0
site_07312,0,0.811069689473187,0
site_10057,0,0.6818999644538133,0
site_04012,0,0.8621339715178702,0
site_05470,0,0.8001669438806516,0
site_16612,1,0.8543448731665378,0
site_15917,0,0.7949773083797382,0
site_07540,0,0.7647072464471076,0
site_01719,0,0.8044640940431329,0
site_14166,0,0.8415219212749326,0
site_12258,1,0.890056343178802,1
site_13693,0,0.8595532569610764,0
site_06819,0,0.812388372898547,0
site_09761,0,0.8636958073092453,0
site_20223,0,0.8024711141776729,0
site_04216,0,0.8222492657179141,0
site_00707,0,0.8613173086157841,0
site_20037,0,0.8412963951640892,0
site_18105,0,0.8590468241477338,0
site_01375,0,0.807053901560639,0
site_19315,1,0.8788877498219878,1
site_08508,0,0.7426707865447042,0
site_03721,0,0.820859642870259,0
site_15901,0,0.7760247036459715,0
site_13578,0,0.8701673462001522,0
site_19954,0,0.8114883257375727,0
site_16609,0,0.6667198194584467,0
site_17011,0,0.8531265130964012,0
site_14280,0,0.8554693050843099,0
site_01723,0,0.8435686211245293,0
site_11114,0,0.815025377571164,0
site_14265,0,0.8292143672533105,0
site_12341,0,0.8416750625251472,0
site_02742,0,0.8290046720157103,0
site_12497,1,0.8827957056798919,1
site_03651,0,0.8174335552771268,0
site_17831,0,0.8423848378589116,0
site_19145,0,0.8169582455775475,0
site_21547,0,0.8431556717585751,0
site_19858,1,0.8758084465231335,1
site_21065,1,0.8896350552294106,1
site_13590,0,0.7593355165585929,0
site_01392,0,0.8367977318150173,0
site_09276,0,0.8527029229129117,0
site_03715,0,0.7893552972976063,0
site_04970,0,0.8184375195591088,0
site_06294,0,0.8217902433229507,0
site_08336,0,0.7552676376990306,0
site_19903,0,0.8404615975754299,0
site_11030,0,0.6593972600381397,0
site_15094,0,0.8031202681353906,0
site_13629,0,0.8218530064130308,0
site_02965,0,0.8133525486658841,0
site_14104,0,0.855667791849243,0
site_18762,0,0.8650835037730449,0
site_09533,0,0.8570116074453897,0
site_17896,0,0.8538985468718787,0
site_00257,0,0.7057662682198246,0
site_18533,0,0.8434417026210589,0
site_19128,0,0.8187465326112495,0
site_02450,0,0.832725214292515,0
site_19713,0,0.8375953678764784,0
site_02774,1,0.8807407432573771,1
site_08541,0,0.7735162277618519,0
site_00106,1,0.8766299841304395,1
site_02256,0,0.8424711607922142,0
site_15987,0,0.7913740201842661,0
site_00915,0,0.8556486748547047,0
site_19616,0,0.8116147433708846,0
site_19612,0,0.807791335318288,0
site_13477,0,0.770300703967961,0
site_02248,0,0.8432881066946397,0
site_03204,0,0.8773408072352473,1
site_08442,0,0.7593115044262904,0
site_03768,0,0.8163000570733749,0
site_18031,0,0.845376548237593,0
site_19289,0,0.8225615423496023,0
site_15665,0,0.790685151234515,0
site_13916,0,0.7735965848714581,0
site_12187,0,0.754762385791863,0
site_15617,0,0.8475271516549914,0
site_11042,0,0.6852127795585521,0
site_10840,0,0.8116943692413815,0
site_19053,0,0.8200812995713997,0
site_06298,0,0.843297407790705,0
site_06403,0,0.8481689332518051,0
site_13060,0,0.7895366066817875,0
site_01890,0,0.862155983227449,0
site_13105,1,0.8768043417813662,1
site_19271,0,0.8168458332923207,0
site_06012,0,0.7914733467395252,0
site_00501,0,0.7856576614052828,0
site_15761,0,0.7747689287684618,0
site_11843,0,0.7516797907540735,0
site_11850,1,0.8838290540346807,1
site_05340,0,0.8016009800890054,0
site_04117,0,0.8474009448415634,0
site_18272,0,0.8564178202932535,0
site_21213,0,0.8553129448389396,0
site_14377,0,0.8531576318621557,0
site_03904,0,0.8099820096597363,0
site_19829,0,0.8179903363416927,0
site_00143,0,0.7375664645611261,0
site_14185,0,0.8552086523431329,0
site_07589,0,0.7610387094704043,0
site_00333,0,0.753367730249627,0
site_14939,0,0.8100105448445796,0
site_00494,0,0.8357632981221441,0
site_08830,0,0.7314928700053065,0
site_01532,0,0.8531491413925474,0
site_17719,0,0.8336736952121278,0
site_14352,0,0.8275181988280074,0
site_18984,0,0.8244148575930531,0
site_11704,1,0.8930763385977896,1
site_00205,0,0.8644186138964558,0
site_03672,0,0.8721029383685748,0
site_20200,1,0.8858566586769805,1
site_03536,1,0.8806111030674757,1
site_13307,0,0.8400664527220172,0
site_09061,0,0.6756061229071016,0
site_13864,0,0.8357141656509007,0
site_15712,0,0.8125949179400296,0
site_16367,1,0.7827690590157295,0
site_10725,0,0.8584454631986322,0
site_02461,0,0.8442288672609131,0
site_02516,0,0.8290938930972915,0
site_09140,0,0.6653501852543388,0
site_02046,1,0.8580818586560706,0
site_21039,0,0.8463872486492612,0
site_00232,1,0.8774161407633203,1
site_11520,0,0.8070009866582506,0
site_01671,0,0.7085898869912621,0
site_19975,0,0.8571586513663312,0
site_06849,0,0.8530664792785594,0
site_14600,0,0.8060716285857306,0
site_11644,0,0.7859721702519336,0
site_17487,0,0.5916151317676543,0
site_12994,1,0.8657468176801693,0
site_13812,0,0.7745547472505646,0
site_14447,0,0.8379458326819147,0
site_07703,0,0.7503616368622834,0
site_04546,0,0.8134806485690014,0
site_11038,0,0.6775678482251809,0
site_10635,0,0.8770475427226352,1
site_14992,0,0.8319957351338092,0
site_05772,0,0.8533472886676494,0
site_08133,0,0.7037384172847347,0
site_10035,0,0.6548459677860157,0
site_04027,0,0.807781396499279,0
site_20366,0,0.8083349651620131,0
site_10577,0,0.7546363410934185,0
site_04013,0,0.8611075045514738,0
site_15358,0,0.8230299532147609,0
site_11130,1,0.8833237225625601,1
site_09296,0,0.6844019629670284,0
site_18422,0,0.8461869005621965,0
site_17290,0,0.8145508302596196,0
site_08181,0,0.768734790011141,0
site_19502,0,0.8384577957955501,0
site_05262,0,0.8089096172186869,0
site_20686,0,0.7561619929682581,0
site_11880,1,0.8627114490801875,0
site_11724,1,0.9165931760894728,1
site_10804,0,0.7288727653699643,0
site_03878,0,0.8672030613252049,0
site_16572,0,0.791068020886722,0
site_09381,0,0.6702507861995968,0
site_19878,0,0.8031717711083888,0
site_11886,0,0.8699128011194353,0
site_16376,0,0.830557076050367,0
site_04641,0,0.8451731161096221,0
site_18592,0,0.8279109848581733,0
site_13458,0,0.8694261321540837,0
site_16750,0,0.792730373581881,0
site_04775,0,0.833423489787722,0
site_00690,0,0.7496118280568294,0
site_01521,1,0.8552133684145224,0
site_03049,1,0.8738779895317652,1
site_14987,0,0.834391757537891,0
site_12209,0,0.8214459114902309,0
site_17590,0,0.8164205664193369,0
site_17815,0,0.8530568135006175,0
site_18909,1,0.8745854818584349,1
site_08703,0,0.7318829197820784,0
site_04643,0,0.8351086013535327,0
site_00463,0,0.8341906473007195,0
site_12196,0,0.7970691883669931,0
site_17768,0,0.8262710482950091,0
site_15979,0,0.7668066033640326,0
site_16369,0,0.7694490193865366,0
site_05044,0,0.8163635752872036,0
site_16320,0,0.8446681187504456,0
site_04363,0,0.8481107333577145,0
site_05869,0,0.8213453019856851,0
site_09218,0,0.6782153258459862,0
site_11898,0,0.6952558898580952,0
site_10293,0,0.6734015631787021,0
site_06378,0,0.8375827202963317,0
site_17408,0,0.8379215768366095,0
site_11589,0,0.8677326721353191,0
site_07720,0,0.8093108570254923,0
site_18304,0,0.8361128233822879,0
site_19077,0,0.8235127629606247,0
site_15005,0,0.8242689300696925,0
site_13519,0,0.8138344877693782,0
site_16814,0,0.8050796739898592,0
site_05445,0,0.8091803136873121,0
site_10334,0,0.715866263352944,0
site_17224,1,0.865840786659797,0
site_07125,0,0.8034754400380555,0
site_17585,0,0.7520917187505618,0
site_12154,0,0.7056561483730246,0
site_02527,0,0.8427970675719962,0
site_03551,0,0.8446657045755529,0
site_17865,0,0.8250441197917324,0
site_10881,0,0.8301677685227304,0
site_02873,0,0.8610441955914665,0
site_04085,0,0.80555374320158,0
site_20765,0,0.83040022165158,0
site_15745,0,0.8313728667737614,0
site_06429,0,0.8269409657196526,0
site_15122,0,0.8283480252852788,0
site_21189,1,0.8666358829769318,0
site_06446,0,0.8592322108441695,0
site_01648,0,0.8677909315834573,0
