site_id,proxy_label,slope_score,road_access_score,ground_score,erosion_score,waterlogging_score,mass_movement_score,shallow_rock_score,structure_decline_score
site_18684,0,0.9974599447806319,0.8023979027237368,0.6785714285714286,0.8571428571428572,0.8571428571428572,1.0,1.0,1.0
site_04960,0,0.979024493399828,0.6377918644160094,0.6785714285714286,0.8571428571428572,0.8571428571428572,1.0,1.0,1.0
site_13655,0,0.9962191443045655,0.8174512837195368,0.6785714285714286,0.8571428571428572,0.8571428571428572,1.0,1.0,1.0
site_12717,0,0.9787533660477526,0.7830251151736421,0.6785714285714286,0.8571428571428572,0.8571428571428572,1.0,1.0,1.0
site_20836,0,0.8578873595771197,0.8562491492505858,0.6785714285714286,0.8571428571428572,0.8571428571428572,1.0,1.0,1.0
site_08085,0,0.8553400217921264,0.4506033997285499,0.6785714285714286,0.8571428571428572,0.8571428571428572,1.0,1.0,1.0
site_17781,0,0.9564678750638008,0.7191029371061646,0.6785714285714286,0.8571428571428572,0.8571428571428572,1.0,1.0,1.0
site_16125,0,0.9402336470228734,0.5916573408472394,0.6785714285714286,0.8571428571428572,0.8571428571428572,1.0,1.0,1.0
site_17602,0,0.9774517964107731,0.7641786687154423,0.6785714285714286,0.8571428571428572,0.8571428571428572,1.0,1.0,1.0
site_11697,0,0.8990777556732793,0.9142314684001386,0.4642857142857143,1.0,0.0,1.0,1.0,0.1428571428571429
site_00622,0,0.8056963912558228,0.8762552063171846,0.6785714285714286,0.8571428571428572,0.8571428571428572,1.0,1.0,1.0
site_09104,0,0.9619826918438573,0.3267018997805824,0.6785714285714286,0.8571428571428572,0.8571428571428572,1.0,1.0,1.0
site_07100,0,0.977836261106348,0.7509599111200419,0.6785714285714286,0.8571428571428572,0.8571428571428572,1.0,1.0,1.0
site_20787,0,0.9876214529075821,0.905674080259976,0.6785714285714286,0.8571428571428572,0.8571428571428572,1.0,1.0,1.0
site_15828,0,0.979269333284093,0.8509192300590342,0.6785714285714286,0.8571428571428572,0.8571428571428572,1.0,1.0,1.0
site_18383,0,0.9233170849173996,0.7875249445975783,0.6785714285714286,0.8571428571428572,0.8571428571428572,1.0,1.0,1.0
site_17706,0,0.9828582926534256,0.6824636840439298,0.6785714285714286,0.8571428571428572,0.8571428571428572,1.0,1.0,1.0
site_16774,0,0.9612689380052276,0.8348651579302475,0.6785714285714286,0.8571428571428572,0.8571428571428572,1.0,1.0,1.0
site_11137,1,0.9018073080285709,0.9518927066434173,0.7428571428571429,0.8571428571428572,0.8571428571428572,1.0,1.0,1.0
site_13600,0,0.9926169031134139,0.47964101593626873,0.6785714285714286,0.8571428571428572,0.8571428571428572,1.0,1.0,1.0
site_18972,0,0.9930547158506363,0.8665973485889246,0.6785714285714286,0.8571428571428572,0.8571428571428572,1.0,1.0,1.0
site_12425,0,0.9891817690227749,0.42605927356495266,0.6785714285714286,0.8571428571428572,0.8571428571428572,1.0,1.0,1.0
site_04110,0,0.9609143822668986,0.7844758462840599,0.6785714285714286,0.8571428571428572,0.8571428571428572,1.0,1.0,1.0
site_19057,0,0.9799040347028704,0.716820847038059,0.6785714285714286,0.8571428571428572,0.8571428571428572,1.0,1.0,1.0
site_02562,0,0.9526909186636722,0.7367203358149542,0.6785714285714286,0.8571428571428572,0.8571428571428572,1.0,1.0,1.0
site_12124,1,0.9879794112438812,0.9475413969393599,0.6785714285714286,0.8571428571428572,0.8571428571428572,1.0,1.0,1.0
site_13811,0,0.9869641395347063,0.47797677125628457,0.6785714285714286,0.8571428571428572,0.8571428571428572,1.0,1.0,1.0
site_10452,0,0.9784965830725563,0.3441055163190754,0.6785714285714286,0.8571428571428572,0.8571428571428572,1.0,1.0,1.0
site_18497,0,0.994286698027871,0.792454994425927,0.6785714285714286,0.8571428571428572,0.8571428571428572,1.0,1.0,1.0
site_21459,0,0.9683680968002963,0.8921632451893294,0.6785714285714286,0.8571428571428572,0.8571428571428572,1.0,1.0,1.0
site_10696,0,0.9766568235925104,0.4423453090882026,0.6785714285714286,0.8571428571428572,0.8571428571428572,1.0,1.0,1.0
site_09754,0,0.9905664605979565,0.8517590303004265,0.6785714285714286,0.8571428571428572,0.8571428571428572,1.0,1.0,1.0
site_15795,0,0.977817734505301,0.6385665126917752,0.6785714285714286,0.8571428571428572,0.8571428571428572,1.0,1.0,1.0
site_11363,0,0.985425717223315,0.6129119517064038,0.6785714285714286,0.8571428571428572,0.8571428571428572,1.0,1.0,1.0
site_21335,1,0.8587301531946664,0.9615060194575953,0.6714285714285715,0.4285714285714286,0.7142857142857143,1.0,1.0,0.7142857142857143
site_12661,0,0.948512647582401,0.35113045254996567,0.6785714285714286,0.8571428571428572,0.8571428571428572,1.0,1.0,1.0
site_20465,0,0.9691477844741054,0.8558549324298739,0.6785714285714286,0.8571428571428572,0.8571428571428572,1.0,1.0,1.0
site_13704,0,0.9897916369719436,0.45931635734295206,0.6785714285714286,0.8571428571428572,0.8571428571428572,1.0,1.0,1.0
site_18656,0,0.987688326578883,0.7486365777880648,0.6785714285714286,0.8571428571428572,0.8571428571428572,1.0,1.0,1.0
site_02681,0,0.976491377039912,0.7006471361075214,0.6785714285714286,0.8571428571428572,0.8571428571428572,1.0,1.0,1.0
site_14055,0,0.9812036911352973,0.7221436857948313,0.6785714285714286,0.8571428571428572,0.8571428571428572,1.0,1.0,1.0
site_15191,0,0.9838585931178229,0.689714436397423,0.6785714285714286,0.8571428571428572,0.8571428571428572,1.0,1.0,1.0
site_18410,0,0.9839773906390668,0.7868038576626435,0.6785714285714286,0.8571428571428572,0.8571428571428572,1.0,1.0,1.0
site_09586,0,0.9657460713844153,0.19949583936831172,0.3500000000000001,0.1428571428571429,1.0,0.1428571428571429,0.2857142857142857,0.7142857142857143
site_18609,0,0.9848310012208146,0.7903575080187071,0.6785714285714286,0.8571428571428572,0.8571428571428572,1.0,1.0,1.0
site_04866,0,0.975241592466372,0.6958142112506989,0.6785714285714286,0.8571428571428572,0.8571428571428572,1.0,1.0,1.0
site_10650,0,0.9699794155583716,0.02482052390964018,0.6785714285714286,0.8571428571428572,0.8571428571428572,1.0,1.0,1.0
site_04165,0,0.7685250511092011,0.7459167916972185,0.6785714285714286,0.8571428571428572,0.8571428571428572,1.0,1.0,1.0
site_07482,0,0.9307255345586665,0.7187990050209305,0.6785714285714286,0.8571428571428572,0.8571428571428572,1.0,1.0,1.0
site_03813,0,0.9934815597968115,0.8905459989351526,0.6785714285714286,0.8571428571428572,0.8571428571428572,1.0,1.0,1.0
site_15032,0,0.9629125167080321,0.6998468754177379,0.6785714285714286,0.8571428571428572,0.8571428571428572,1.0,1.0,1.0
site_21462,0,0.9721325866328828,0.8790919894455396,0.6785714285714286,0.8571428571428572,0.8571428571428572,1.0,1.0,1.0
site_16892,0,0.9325995286638952,0.8164562150529918,0.6785714285714286,0.8571428571428572,0.8571428571428572,1.0,1.0,1.0
site_15103,0,0.9967718673766157,0.6567931912334233,0.6785714285714286,0.8571428571428572,0.8571428571428572,1.0,1.0,1.0
site_01830,0,0.9782637179486262,0.8573919830051976,0.6785714285714286,0.8571428571428572,0.8571428571428572,1.0,1.0,1.0
site_14964,0,0.9769641118146637,0.7345569680131478,0.6785714285714286,0.8571428571428572,0.8571428571428572,1.0,1.0,1.0
site_18579,0,0.984330133769772,0.7679778980531062,0.6785714285714286,0.8571428571428572,0.8571428571428572,1.0,1.0,1.0
site_04694,0,0.9737959624386865,0.7484672354741841,0.6785714285714286,0.8571428571428572,0.8571428571428572,1.0,1.0,1.0
site_20856,0,0.7521429083248713,0.9749267536544095,0.5857142857142859,0.2857142857142857,1.0,1.0,0.5714285714285714,0.7142857142857143
site_01741,0,0.9584609386745623,0.8905412340195855,0.6785714285714286,0.8571428571428572,0.8571428571428572,1.0,1.0,1.0
site_15582,0,0.987066666434176,0.6680983975235009,0.6785714285714286,0.8571428571428572,0.8571428571428572,1.0,1.0,1.0
site_10875,0,0.7145743816969983,0.9336865836719644,0.7428571428571429,0.8571428571428572,0.8571428571428572,1.0,1.0,1.0
site_02972,0,0.9905638189971234,0.8123543507248522,0.6785714285714286,0.8571428571428572,0.8571428571428572,1.0,1.0,1.0
site_14464,0,0.9835144603390572,0.7922246987446795,0.6785714285714286,0.8571428571428572,0.8571428571428572,1.0,1.0,1.0
site_02088,0,0.9879564388174547,0.7510374325225462,0.6785714285714286,0.8571428571428572,0.8571428571428572,1.0,1.0,1.0
site_21422,1,0.9781432344973724,0.9125170691191352,0.6785714285714286,0.8571428571428572,0.8571428571428572,1.0,1.0,1.0
site_13509,0,0.9121670480109946,0.6190708615409781,0.6785714285714286,0.8571428571428572,0.8571428571428572,1.0,1.0,1.0
site_14768,0,0.9891816842605479,0.6053516327574224,0.6785714285714286,0.8571428571428572,0.8571428571428572,1.0,1.0,1.0
site_11478,0,0.9605377399139879,0.3443402059470604,0.6785714285714286,0.8571428571428572,0.8571428571428572,1.0,1.0,1.0
site_13403,0,0.949144448456399,0.6588073251636589,0.6785714285714286,0.8571428571428572,0.8571428571428572,1.0,1.0,1.0
site_15719,0,0.914297392897207,0.6494484137085246,0.6785714285714286,0.8571428571428572,0.8571428571428572,1.0,1.0,1.0
site_21209,0,0.9740903444474609,0.7174856572864461,0.6785714285714286,0.8571428571428572,0.8571428571428572,1.0,1.0,1.0
site_06719,0,0.9801227529179667,0.6349092645223975,0.6785714285714286,0.8571428571428572,0.8571428571428572,1.0,1.0,1.0
site_04441,0,0.9887817341581149,0.7973795677014242,0.6785714285714286,0.8571428571428572,0.8571428571428572,1.0,1.0,1.0
site_02391,0,0.9179887040528372,0.8006694569128836,0.55,1.0,0.0,1.0,1.0,1.0
site_05733,0,0.8573864017751319,0.66106264655563,0.6785714285714286,0.8571428571428572,0.8571428571428572,1.0,1.0,1.0
site_04515,0,0.979390539542909,0.7665501169275714,0.6785714285714286,0.8571428571428572,0.8571428571428572,1.0,1.0,1.0
site_03233,0,0.9515646764331829,0.7025806929695027,0.6785714285714286,0.8571428571428572,0.8571428571428572,1.0,1.0,1.0
site_21311,0,0.6528794030307008,0.9727514369766335,0.6714285714285715,0.4285714285714286,0.7142857142857143,1.0,1.0,0.7142857142857143
site_08745,0,0.9863043997266506,0.32832339377803055,0.6785714285714286,0.8571428571428572,0.8571428571428572,1.0,1.0,1.0
site_21081,0,0.9562642221702397,0.7110216967774208,0.6785714285714286,0.8571428571428572,0.8571428571428572,1.0,1.0,1.0
site_20872,0,0.9248141013466218,0.7456766343931596,0.6785714285714286,0.8571428571428572,0.8571428571428572,1.0,1.0,1.0
site_03743,0,0.9915533714248448,0.8943654355978433,0.6785714285714286,0.8571428571428572,0.8571428571428572,1.0,1.0,1.0
site_00160,1,0.9892399624831578,0.9167809803360576,0.6785714285714286,0.8571428571428572,0.8571428571428572,1.0,1.0,1.0
site_17179,1,0.9428578259581925,0.9834468337595594,0.6785714285714286,0.7142857142857143,0.8571428571428572,1.0,1.0,1.0
site_08267,0,0.9922979717282093,0.5549001687679669,0.6785714285714286,0.8571428571428572,0.8571428571428572,1.0,1.0,1.0
site_00957,1,0.995324605443197,0.9231318512071329,0.6785714285714286,0.8571428571428572,0.8571428571428572,1.0,1.0,1.0
site_19111,0,0.9713411496103754,0.8980771638918746,0.6785714285714286,0.8571428571428572,0.8571428571428572,1.0,1.0,1.0
site_05096,0,0.9774067289866876,0.643860570519689,0.6785714285714286,0.8571428571428572,0.8571428571428572,1.0,1.0,1.0
site_21142,0,0.9708023822664217,0.8259291593233665,0.6785714285714286,0.8571428571428572,0.8571428571428572,1.0,1.0,1.0
site_03040,1,0.9892019694449422,0.9103821002145775,0.6785714285714286,0.8571428571428572,0.8571428571428572,1.0,1.0,1.0
site_00849,0,0.9521243344060095,0.8231320165867079,0.6785714285714286,0.8571428571428572,0.8571428571428572,1.0,1.0,1.0
site_00903,0,0.8955339717765853,0.8366989834225391,0.6785714285714286,0.8571428571428572,0.8571428571428572,1.0,1.0,1.0
site_08509,0,0.9347597322088892,0.36733508627424816,0.6785714285714286,0.8571428571428572,0.8571428571428572,1.0,1.0,1.0
site_03676,0,0.9724259384545904,0.9029590149806556,0.6785714285714286,0.8571428571428572,0.8571428571428572,1.0,1.0,1.0
site_11932,0,0.9764518405840023,0.4977894138842258,0.6785714285714286,0.8571428571428572,0.8571428571428572,1.0,1.0,1.0
site_10306,0,0.986690394799577,0.03524775822737303,0.6785714285714286,0.8571428571428572,0.8571428571428572,1.0,1.0,1.0
site_03816,0,0.9852344824617377,0.8887030961213042,0.6785714285714286,0.8571428571428572,0.8571428571428572,1.0,1.0,1.0
site_06844,0,0.9915059790939612,0.8094407037168326,0.6785714285714286,0.8571428571428572,0.8571428571428572,1.0,1.0,1.0
site_20520,0,0.9422243521945273,0.7807074901449047,0.6785714285714286,0.8571428571428572,0.8571428571428572,1.0,1.0,1.0
site_15744,0,0.9557701943789,0.7141557572565386,0.6785714285714286,0.8571428571428572,0.8571428571428572,1.0,1.0,1.0
site_19516,0,0.9868648820354213,0.8902264783942354,0.6785714285714286,0.8571428571428572,0.8571428571428572,1.0,1.0,1.0
site_09216,0,0.9765028916624431,0.13874840769009356,0.6785714285714286,0.8571428571428572,0.8571428571428572,1.0,1.0,1.0
site_16755,0,0.9789866074787125,0.6154525716380109,0.6785714285714286,0.8571428571428572,0.8571428571428572,1.0,1.0,1.0
site_06554,0,0.9838602101203073,0.7300788349357745,0.6785714285714286,0.8571428571428572,0.8571428571428572,1.0,1.0,1.0
site_10420,0,0.9926167391776781,0.03488769090017818,0.6785714285714286,0.8571428571428572,0.8571428571428572,1.0,1.0,1.0
site_13405,0,0.9564637058799754,0.6716118400940784,0.6785714285714286,0.8571428571428572,0.8571428571428572,1.0,1.0,1.0
site_03226,0,0.9784965830725563,0.6512387090877496,0.6785714285714286,0.8571428571428572,0.8571428571428572,1.0,1.0,1.0
site_17074,1,0.9241389841802611,0.9468615769488088,0.6785714285714286,0.5714285714285714,1.0,1.0,1.0,1.0
site_11852,1,0.9856400631978223,0.966842916475703,0.6785714285714286,0.8571428571428572,0.8571428571428572,1.0,1.0,1.0
site_05984,0,0.989256062649025,0.8059949425856907,0.6785714285714286,0.8571428571428572,0.8571428571428572,1.0,1.0,1.0
site_12321,0,0.9741805668522181,0.599027405348393,0.6785714285714286,0.8571428571428572,0.8571428571428572,1.0,1.0,1.0
site_14646,0,0.9816221762218548,0.776415352844247,0.6785714285714286,0.8571428571428572,0.8571428571428572,1.0,1.0,1.0
site_02457,0,0.9950984896280245,0.8152278005362598,0.55,1.0,0.0,1.0,1.0,1.0
site_13418,0,0.9778877555564378,0.7401543560337513,0.6785714285714286,0.8571428571428572,0.8571428571428572,1.0,1.0,1.0
site_06826,0,0.9597851072252976,0.7749063262969489,0.6785714285714286,0.8571428571428572,0.8571428571428572,1.0,1.0,1.0
site_05829,1,0.8940830809021068,0.9146959819487406,0.6785714285714286,0.8571428571428572,0.8571428571428572,1.0,1.0,1.0
site_20449,0,0.9717561007640836,0.7593062676377487,0.6785714285714286,0.8571428571428572,0.8571428571428572,1.0,1.0,1.0
site_10154,0,0.9258486476136382,0.14700809106550894,0.6785714285714286,0.8571428571428572,0.8571428571428572,1.0,1.0,1.0
site_04474,0,0.9565641053406925,0.6703827444257777,0.6785714285714286,0.8571428571428572,0.8571428571428572,1.0,1.0,1.0
site_13705,0,0.9934814894721067,0.46717400144610643,0.6785714285714286,0.8571428571428572,0.8571428571428572,1.0,1.0,1.0
site_16658,0,0.9576621506246309,0.8893389422385334,0.6785714285714286,0.8571428571428572,0.8571428571428572,1.0,1.0,1.0
site_10175,0,0.9747928612365666,0.0355219509637732,0.6785714285714286,0.8571428571428572,0.8571428571428572,1.0,1.0,1.0
site_12701,0,0.9747292597598097,0.6800261125899303,0.6785714285714286,0.8571428571428572,0.8571428571428572,1.0,1.0,1.0
site_09086,0,0.9525513609169813,0.8815817503234167,0.6785714285714286,0.8571428571428572,0.8571428571428572,1.0,1.0,1.0
site_17296,0,0.9444325814584749,0.6926592599280526,0.6785714285714286,0.8571428571428572,0.8571428571428572,1.0,1.0,1.0
site_21176,0,0.9534766179354279,0.7819621352254036,0.6785714285714286,0.8571428571428572,0.8571428571428572,1.0,1.0,1.0
site_06858,0,0.9936689178508192,0.7584468495817542,0.6785714285714286,0.8571428571428572,0.8571428571428572,1.0,1.0,1.0
site_09353,0,0.9950492879496027,0.812219419140016,0.6785714285714286,0.8571428571428572,0.8571428571428572,1.0,1.0,1.0
site_08324,0,0.9955229038789342,0.5226054534196936,0.6785714285714286,0.8571428571428572,0.8571428571428572,1.0,1.0,1.0
site_07666,0,0.9883264604021278,0.6352723203251889,0.6785714285714286,0.8571428571428572,0.8571428571428572,1.0,1.0,1.0
site_14927,0,0.9822566838983989,0.7204846845094607,0.6785714285714286,0.8571428571428572,0.8571428571428572,1.0,1.0,1.0
site_09601,0,0.9767255760046012,0.417978342092728,0.6785714285714286,0.8571428571428572,0.8571428571428572,1.0,1.0,1.0
site_00961,1,0.8639368564851725,0.9587747328221349,0.6785714285714286,0.7142857142857143,0.8571428571428572,1.0,1.0,1.0
site_14111,0,0.9814470854044378,0.7741232201876885,0.6785714285714286,0.8571428571428572,0.8571428571428572,1.0,1.0,1.0
site_09437,0,0.9895167707673492,0.8212342870275511,0.6785714285714286,0.8571428571428572,0.8571428571428572,1.0,1.0,1.0
site_14606,0,0.9820947768673681,0.6576774864129578,0.6785714285714286,0.8571428571428572,0.8571428571428572,1.0,1.0,1.0
site_02439,0,0.9782690961585029,0.74971890206124,0.6785714285714286,0.8571428571428572,0.8571428571428572,1.0,1.0,1.0
site_03275,1,0.9889254415281171,0.9455771807000626,0.6785714285714286,0.8571428571428572,0.8571428571428572,1.0,1.0,1.0
site_12333,0,0.9702474616637772,0.6952032192137017,0.6785714285714286,0.8571428571428572,0.8571428571428572,1.0,1.0,1.0
site_11496,0,0.9762993002447828,0.5048697839971914,0.6785714285714286,0.8571428571428572,0.8571428571428572,1.0,1.0,1.0
site_20728,0,0.9517554603714867,0.8964969986953324,0.6785714285714286,0.8571428571428572,0.8571428571428572,1.0,1.0,1.0
site_11147,1,0.9746388622418802,0.9211966634856467,0.6785714285714286,0.8571428571428572,0.8571428571428572,1.0,1.0,1.0
site_01454,0,0.9444054724490795,0.8978532123313384,0.6785714285714286,0.8571428571428572,0.8571428571428572,1.0,1.0,1.0
site_02331,0,0.9680847003487241,0.7762502710155577,0.6785714285714286,0.8571428571428572,0.8571428571428572,1.0,1.0,1.0
site_15983,0,0.9565209157259438,0.6086659339234541,0.6785714285714286,0.8571428571428572,0.8571428571428572,1.0,1.0,1.0
site_09701,0,0.8326012559504201,0.20879031195561493,0.55,1.0,0.0,1.0,1.0,1.0
site_00245,0,0.9713548475588419,0.8629058564719685,0.6785714285714286,0.8571428571428572,0.8571428571428572,1.0,1.0,1.0
site_05436,0,0.969086284355416,0.5842757215268817,0.6785714285714286,0.8571428571428572,0.8571428571428572,1.0,1.0,1.0
site_12851,0,0.931260240767348,0.8360367813321612,0.6785714285714286,0.7142857142857143,0.8571428571428572,1.0,1.0,1.0
site_21105,0,0.9433233512863829,0.894592692019095,0.6785714285714286,0.8571428571428572,0.8571428571428572,1.0,1.0,1.0
site_00899,1,0.8973137028337514,0.9599013605107529,0.6785714285714286,0.7142857142857143,0.8571428571428572,1.0,1.0,1.0
site_13595,0,0.9872751796497212,0.439877103709434,0.6785714285714286,0.8571428571428572,0.8571428571428572,1.0,1.0,1.0
site_01587,0,0.8454255610745267,0.8863731187108806,0.6785714285714286,0.7142857142857143,0.8571428571428572,1.0,1.0,1.0
site_12975,0,0.8649511864953199,0.870110332016754,0.6785714285714286,0.7142857142857143,0.8571428571428572,1.0,1.0,1.0
site_15397,0,0.95736302379405,0.7585206957573096,0.6785714285714286,0.8571428571428572,0.8571428571428572,1.0,1.0,1.0
site_08569,0,0.989218738394095,0.32807758904996187,0.6785714285714286,0.8571428571428572,0.8571428571428572,1.0,1.0,1.0
site_02945,1,0.9655061402576927,0.9504800499302573,0.6785714285714286,0.8571428571428572,0.8571428571428572,1.0,1.0,1.0
site_00279,0,0.9871865248804372,0.8794724427248509,0.6785714285714286,0.8571428571428572,0.8571428571428572,1.0,1.0,1.0
site_09441,0,0.9934826579799505,0.8124202796007984,0.6785714285714286,0.8571428571428572,0.8571428571428572,1.0,1.0,1.0
site_07160,0,0.9858441603944854,0.7523740956986475,0.6785714285714286,0.8571428571428572,0.8571428571428572,1.0,1.0,1.0
site_04998,0,0.9719081306670349,0.6807250471847016,0.6785714285714286,0.8571428571428572,0.8571428571428572,1.0,1.0,1.0
site_15846,0,0.9766174082254964,0.6271657499156115,0.6785714285714286,0.8571428571428572,0.8571428571428572,1.0,1.0,1.0
site_18745,0,0.9953247353808966,0.710324382800656,0.6785714285714286,0.8571428571428572,0.8571428571428572,1.0,1.0,1.0
site_11371,0,0.5333664662358555,0.69943249720374,0.5642857142857143,0.4285714285714286,1.0,1.0,0.2857142857142857,0.7142857142857143
site_17588,0,0.6532603300676143,0.7134911039259499,0.7357142857142858,0.5714285714285714,0.7142857142857143,1.0,1.0,0.7142857142857143
site_08623,0,0.9815440012307699,0.33507241498789075,0.6785714285714286,0.8571428571428572,0.8571428571428572,1.0,1.0,1.0
site_13780,0,0.9909539301610517,0.8559395952342002,0.6785714285714286,0.8571428571428572,0.8571428571428572,1.0,1.0,1.0
site_18760,0,0.9827475838704166,0.8393150419606925,0.6785714285714286,0.8571428571428572,0.8571428571428572,1.0,1.0,1.0
site_06449,0,0.9819833881236368,0.8492621668018355,0.6785714285714286,0.8571428571428572,0.8571428571428572,1.0,1.0,1.0
site_02575,0,0.9152017965449024,0.7576409737106697,0.6785714285714286,0.8571428571428572,0.8571428571428572,1.0,1.0,1.0
site_12991,1,0.973296277001557,0.9193574788081332,0.6785714285714286,0.8571428571428572,0.8571428571428572,1.0,1.0,1.0
site_16018,0,0.9922441696032028,0.6973040062931233,0.6785714285714286,0.8571428571428572,0.8571428571428572,1.0,1.0,1.0
site_11217,0,0.9903154647405231,0.5177254907003461,0.6785714285714286,0.8571428571428572,0.8571428571428572,1.0,1.0,1.0
site_07855,0,0.9695164871212683,0.47460252843463124,0.6785714285714286,0.8571428571428572,0.8571428571428572,1.0,1.0,1.0
site_09101,0,0.9734167399608438,0.3423582349421592,0.6785714285714286,0.8571428571428572,0.8571428571428572,1.0,1.0,1.0
site_21251,1,0.9726446808874658,0.9417162585440114,0.6785714285714286,0.8571428571428572,0.8571428571428572,1.0,1.0,1.0
site_14954,0,0.9659706968747173,0.7118414632519355,0.6785714285714286,0.8571428571428572,0.8571428571428572,1.0,1.0,1.0
site_04134,0,0.9735677489912588,0.8234528739853748,0.6785714285714286,0.8571428571428572,0.8571428571428572,1.0,1.0,1.0
site_06687,0,0.9841610266067103,0.8254705922582161,0.6785714285714286,0.8571428571428572,0.8571428571428572,1.0,1.0,1.0
site_09713,0,0.9588030762809074,0.3818127107461128,0.6785714285714286,0.8571428571428572,0.8571428571428572,1.0,1.0,1.0
site_13136,0,0.9823425377883793,0.3646085662967664,0.6785714285714286,0.8571428571428572,0.8571428571428572,1.0,1.0,1.0
site_09084,0,0.9948300858446499,0.887598277899185,0.6785714285714286,0.8571428571428572,0.8571428571428572,1.0,1.0,1.0
site_17813,0,0.8817993091569256,0.8742371328785101,0.6785714285714286,0.8571428571428572,0.8571428571428572,1.0,1.0,1.0
site_02053,1,0.9835278192386157,0.9464392750025746,0.6785714285714286,0.8571428571428572,0.8571428571428572,1.0,1.0,1.0
site_15857,0,0.9611787994312443,0.631266224237051,0.6785714285714286,0.8571428571428572,0.8571428571428572,1.0,1.0,1.0
site_15443,0,0.970348827972754,0.6862109377152135,0.6785714285714286,0.8571428571428572,0.8571428571428572,1.0,1.0,1.0
site_17535,0,0.8575796074913504,0.6872943302098641,0.7357142857142858,0.5714285714285714,0.7142857142857143,1.0,1.0,0.7142857142857143
site_15419,0,0.9647677513489527,0.6733961908312837,0.6785714285714286,0.8571428571428572,0.8571428571428572,1.0,1.0,1.0
site_19879,0,0.9636124030737414,0.5996601513393336,0.6785714285714286,0.8571428571428572,0.8571428571428572,1.0,1.0,1.0
site_04019,0,0.977836197767541,0.8391880222436685,0.6785714285714286,0.8571428571428572,0.8571428571428572,1.0,1.0,1.0
site_02090,0,0.9806500391716989,0.7533319397019844,0.6785714285714286,0.8571428571428572,0.8571428571428572,1.0,1.0,1.0
site_07211,0,0.9649950594240216,0.756181163419501,0.6785714285714286,0.8571428571428572,0.8571428571428572,1.0,1.0,1.0
site_16449,0,0.9650152794067028,0.5499035824180785,0.6785714285714286,0.8571428571428572,0.8571428571428572,1.0,1.0,1.0
site_12136,1,0.9233773238486674,0.9833782579619502,0.7428571428571429,0.8571428571428572,0.8571428571428572,1.0,1.0,1.0
site_06020,0,0.9535083134196124,0.7409841967261975,0.6785714285714286,0.8571428571428572,0.8571428571428572,1.0,1.0,1.0
site_07425,0,0.9931811834219719,0.7236582658278148,0.6785714285714286,0.8571428571428572,0.8571428571428572,1.0,1.0,1.0
site_15447,0,0.9889077103879698,0.6824144512248316,0.6785714285714286,0.8571428571428572,0.8571428571428572,1.0,1.0,1.0
site_10917,0,0.7367107433227782,0.1686745713242609,0.6785714285714286,0.8571428571428572,0.8571428571428572,1.0,1.0,1.0
site_18869,0,0.9928969887151409,0.7238632037121384,0.6785714285714286,0.8571428571428572,0.8571428571428572,1.0,1.0,1.0
site_10957,0,0.9917452526148346,0.5300500326610127,0.6785714285714286,0.8571428571428572,0.8571428571428572,1.0,1.0,1.0
site_07846,0,0.9593008522392966,0.5346869324806709,0.6785714285714286,0.8571428571428572,0.8571428571428572,1.0,1.0,1.0
site_15052,0,0.9851170197127059,0.7290007195985394,0.6785714285714286,0.8571428571428572,0.8571428571428572,1.0,1.0,1.0
site_09968,0,0.5564084982854707,0.5367177633899464,0.5642857142857143,0.4285714285714286,1.0,1.0,0.2857142857142857,0.7142857142857143
site_08089,0,0.8639736078964804,0.4232797958132548,0.6785714285714286,0.8571428571428572,0.8571428571428572,1.0,1.0,1.0
site_02670,1,0.9875727938005585,0.9968891364684409,0.7428571428571429,0.8571428571428572,0.8571428571428572,1.0,1.0,1.0
site_06510,0,0.9887816186579375,0.7652232364731593,0.6785714285714286,0.8571428571428572,0.8571428571428572,1.0,1.0,1.0
site_14722,0,0.9837975624514675,0.7640049620589184,0.6785714285714286,0.8571428571428572,0.8571428571428572,1.0,1.0,1.0
site_17605,0,0.9836783215585746,0.8107165205762958,0.6785714285714286,0.8571428571428572,0.8571428571428572,1.0,1.0,1.0
site_00468,1,0.9926286701597199,0.938394822488732,0.6785714285714286,0.8571428571428572,0.8571428571428572,1.0,1.0,1.0
site_19475,0,0.9917350746274217,0.6588722038530359,0.6785714285714286,0.8571428571428572,0.8571428571428572,1.0,1.0,1.0
site_11653,0,0.9673364268602801,0.6161368423388576,0.6785714285714286,0.8571428571428572,0.8571428571428572,1.0,1.0,1.0
site_02351,1,0.9271742319730005,0.9696126339824399,0.6785714285714286,0.7142857142857143,0.8571428571428572,1.0,1.0,1.0
site_10975,1,0.9772363177893642,0.9446722040351538,0.7428571428571429,0.8571428571428572,0.8571428571428572,1.0,1.0,1.0
site_08289,0,0.9520535886844044,0.44416737765184,0.6785714285714286,0.8571428571428572,0.8571428571428572,1.0,1.0,1.0
site_03295,0,0.9682560243700308,0.7034575826736764,0.6785714285714286,0.8571428571428572,0.8571428571428572,1.0,1.0,1.0
site_16410,0,0.9361935439603511,0.6910660534471655,0.6785714285714286,0.8571428571428572,0.8571428571428572,1.0,1.0,1.0
site_08660,0,0.973902982667641,0.3415114598852145,0.6785714285714286,0.8571428571428572,0.8571428571428572,1.0,1.0,1.0
site_05824,1,0.984364586354967,0.9362129149287455,0.6785714285714286,0.8571428571428572,0.8571428571428572,1.0,1.0,1.0
site_17207,0,0.9687578279313825,0.8360300545868503,0.6785714285714286,0.8571428571428572,0.8571428571428572,1.0,1.0,1.0
site_13391,0,0.9701265795506205,0.5740842024592903,0.6785714285714286,0.8571428571428572,0.8571428571428572,1.0,1.0,1.0
site_10337,0,0.9707767933883943,0.31734661868868175,0.6785714285714286,0.8571428571428572,0.8571428571428572,1.0,1.0,1.0
site_04211,0,0.9883198787549182,0.6541789224827136,0.6785714285714286,0.8571428571428572,0.8571428571428572,1.0,1.0,1.0
site_19918,1,0.9615952073775135,0.9147904331240747,0.6785714285714286,0.8571428571428572,0.8571428571428572,1.0,1.0,1.0
site_01649,0,0.9637528736444154,0.9034528281944232,0.6785714285714286,0.8571428571428572,0.8571428571428572,1.0,1.0,1.0
site_15301,0,0.9879320375420585,0.6967392346317346,0.6785714285714286,0.8571428571428572,0.8571428571428572,1.0,1.0,1.0
site_12367,0,0.8754515609841533,0.8867884391290706,0.7428571428571429,0.8571428571428572,0.8571428571428572,1.0,1.0,1.0
site_08909,0,0.9860150326610657,0.25779770483244546,0.6785714285714286,0.8571428571428572,0.8571428571428572,1.0,1.0,1.0
site_17465,0,0.9828254403045604,0.8252517418988706,0.6785714285714286,0.8571428571428572,0.8571428571428572,1.0,1.0,1.0
site_07953,0,0.9959959390472926,0.5617379420553048,0.6785714285714286,0.8571428571428572,0.8571428571428572,1.0,1.0,1.0
site_13769,0,0.9542937220780184,0.8453075590432985,0.6785714285714286,0.8571428571428572,0.8571428571428572,1.0,1.0,1.0
site_08957,0,0.9743674759458585,0.3413671453741397,0.6785714285714286,0.8571428571428572,0.8571428571428572,1.0,1.0,1.0
site_04688,0,0.9919917337193632,0.7612939485927297,0.6785714285714286,0.8571428571428572,0.8571428571428572,1.0,1.0,1.0
site_19834,0,0.9860132489284862,0.7025140530956244,0.6785714285714286,0.8571428571428572,0.8571428571428572,1.0,1.0,1.0
site_19755,0,0.9878744700181211,0.6098205266541572,0.6785714285714286,0.8571428571428572,0.8571428571428572,1.0,1.0,1.0
site_16575,0,0.9755705053023971,0.6051393594562042,0.6785714285714286,0.8571428571428572,0.8571428571428572,1.0,1.0,1.0
site_00249,0,0.6945251902459311,0.8342081178242916,0.6785714285714286,0.5714285714285714,0.8571428571428572,1.0,0.5714285714285714,0.5714285714285714
site_13910,0,0.9109219784527638,0.7872990163774417,0.55,1.0,0.0,1.0,1.0,1.0
site_13053,0,0.9127094368443838,0.6344956145475223,0.6785714285714286,0.8571428571428572,0.8571428571428572,1.0,1.0,1.0
site_06877,0,0.9811786071048197,0.6259891834660408,0.6785714285714286,0.8571428571428572,0.8571428571428572,1.0,1.0,1.0
site_10351,0,0.9838602585558657,0.44466546907224047,0.6785714285714286,0.8571428571428572,0.8571428571428572,1.0,1.0,1.0
site_19052,0,0.964637321842094,0.7076776132438454,0.6785714285714286,0.8571428571428572,0.8571428571428572,1.0,1.0,1.0
site_03476,0,0.7279278117631461,0.9077860652144536,0.55,1.0,0.0,1.0,1.0,1.0
site_03039,0,0.9949640194778605,0.9047077113073397,0.6785714285714286,0.8571428571428572,0.8571428571428572,1.0,1.0,1.0
site_00362,0,0.9719095893225019,0.8542205906910499,0.6785714285714286,0.8571428571428572,0.8571428571428572,1.0,1.0,1.0
site_11904,0,0.9730723761817233,0.2497941641336643,0.6785714285714286,0.8571428571428572,0.8571428571428572,1.0,1.0,1.0
site_14096,0,0.9763607463391958,0.8316375070101358,0.6785714285714286,0.8571428571428572,0.8571428571428572,1.0,1.0,1.0
site_01634,0,0.9708739532554239,0.8145683220116827,0.6785714285714286,0.5714285714285714,1.0,1.0,1.0,1.0
site_07343,0,0.9927814205416008,0.7331423530354266,0.6785714285714286,0.8571428571428572,0.8571428571428572,1.0,1.0,1.0
site_11367,0,0.7699931105261884,0.6477958021776993,0.6785714285714286,0.8571428571428572,0.8571428571428572,1.0,1.0,1.0
site_09771,0,0.9855638647500969,0.17950908199677662,0.6785714285714286,0.8571428571428572,0.8571428571428572,1.0,1.0,1.0
site_06293,0,0.9663589004228111,0.7347526786054881,0.6785714285714286,0.8571428571428572,0.8571428571428572,1.0,1.0,1.0
site_19013,0,0.9784247233331104,0.6823168645770075,0.6785714285714286,0.8571428571428572,0.8571428571428572,1.0,1.0,1.0
site_00828,0,0.9664830556619648,0.8418783279802207,0.6785714285714286,0.8571428571428572,0.8571428571428572,1.0,1.0,1.0
site_13280,0,0.9575605365491444,0.5942441429054823,0.6785714285714286,0.8571428571428572,0.8571428571428572,1.0,1.0,1.0
site_20182,0,0.9799293534595149,0.8451091508126616,0.6785714285714286,0.8571428571428572,0.8571428571428572,1.0,1.0,1.0
site_09654,0,0.9971876880417405,0.8081011440199466,0.6785714285714286,0.8571428571428572,0.8571428571428572,1.0,1.0,1.0
site_00832,0,0.9512169016730149,0.8544599788948035,0.6785714285714286,0.8571428571428572,0.8571428571428572,1.0,1.0,1.0
site_12690,0,0.9540006124341023,0.5947051422696499,0.6785714285714286,0.8571428571428572,0.8571428571428572,1.0,1.0,1.0
site_10217,0,0.9734166207348541,0.41784399880234435,0.6785714285714286,0.8571428571428572,0.8571428571428572,1.0,1.0,1.0
site_09493,0,0.9810302452639562,0.38119271315812253,0.6785714285714286,0.8571428571428572,0.8571428571428572,1.0,1.0,1.0
site_06164,0,0.943439954304255,0.7673808109411124,0.6785714285714286,0.8571428571428572,0.8571428571428572,1.0,1.0,1.0
site_18283,0,0.9922598068369071,0.7673107947210328,0.6785714285714286,0.8571428571428572,0.8571428571428572,1.0,1.0,1.0
site_07628,0,0.9854256920740827,0.5467414016909418,0.6785714285714286,0.8571428571428572,0.8571428571428572,1.0,1.0,1.0
site_07876,0,0.9943371166496948,0.6467804686795771,0.6785714285714286,0.8571428571428572,0.8571428571428572,1.0,1.0,1.0
site_08261,0,0.9736738489446056,0.290552083839545,0.6785714285714286,0.8571428571428572,0.8571428571428572,1.0,1.0,1.0
site_05185,0,0.9697140930216671,0.6648299495616448,0.6785714285714286,0.8571428571428572,0.8571428571428572,1.0,1.0,1.0
site_15995,0,0.9705840291809187,0.6130808975018599,0.6785714285714286,0.8571428571428572,0.8571428571428572,1.0,1.0,1.0
site_16078,0,0.9834381184475631,0.6150669701033323,0.6785714285714286,0.8571428571428572,0.8571428571428572,1.0,1.0,1.0
site_12489,0,0.9049118633794153,0.8665331990528747,0.7428571428571429,0.8571428571428572,0.8571428571428572,1.0,1.0,1.0
site_02878,0,0.9434504573687802,0.8807238956293515,0.6785714285714286,0.8571428571428572,0.8571428571428572,1.0,1.0,1.0
site_03630,0,0.91098586122834,0.6457403541907742,0.6785714285714286,0.8571428571428572,0.8571428571428572,1.0,1.0,1.0
site_05768,0,0.9695559229802492,0.875325027292019,0.6785714285714286,0.8571428571428572,0.8571428571428572,1.0,1.0,1.0
site_20831,0,0.9705580490926127,0.8189983429387167,0.6785714285714286,0.8571428571428572,0.8571428571428572,1.0,1.0,1.0
site_04236,0,0.9827096290217758,0.7920118579964206,0.6785714285714286,0.8571428571428572,0.8571428571428572,1.0,1.0,1.0
site_03821,0,0.967668989129332,0.872005214460515,0.6785714285714286,0.8571428571428572,0.8571428571428572,1.0,1.0,1.0
site_09480,0,0.9647333732800012,0.08997954908582995,0.6785714285714286,0.8571428571428572,0.8571428571428572,1.0,1.0,1.0
site_04009,0,0.9798823243953185,0.8632579711414592,0.6785714285714286,0.8571428571428572,0.8571428571428572,1.0,1.0,1.0
site_00478,0,0.9499394846134688,0.9066852476282177,0.6785714285714286,0.8571428571428572,0.8571428571428572,1.0,1.0,1.0
site_12108,0,0.8617586721706152,0.8608365077919967,0.6785714285714286,0.5714285714285714,1.0,1.0,1.0,1.0
site_21465,0,0.6811917007265513,0.8617910249084746,0.6714285714285715,0.4285714285714286,0.7142857142857143,1.0,1.0,0.7142857142857143
site_18128,0,0.9830591008893901,0.7929307458174555,0.6785714285714286,0.8571428571428572,0.8571428571428572,1.0,1.0,1.0
site_03410,0,0.7538049186205124,0.9206627177921103,0.55,1.0,0.0,1.0,1.0,1.0
site_11414,1,0.9552782232358816,0.9733693474792182,0.7428571428571429,0.8571428571428572,0.8571428571428572,1.0,1.0,1.0
site_03569,0,0.8795876521457757,0.7121718353550108,0.6785714285714286,0.8571428571428572,0.8571428571428572,1.0,1.0,1.0
site_21475,0,0.9292456121557097,0.876082491701909,0.6785714285714286,0.8571428571428572,0.8571428571428572,1.0,1.0,1.0
site_10843,0,0.7610422044503962,0.9437903925211117,0.7428571428571429,0.8571428571428572,0.8571428571428572,1.0,1.0,1.0
site_17708,0,0.9706687820934009,0.6990049962960414,0.6785714285714286,0.8571428571428572,0.8571428571428572,1.0,1.0,1.0
site_14717,0,0.9792755870598311,0.7617366379413306,0.6785714285714286,0.8571428571428572,0.8571428571428572,1.0,1.0,1.0
site_11661,0,0.9656178401067407,0.6841617197303168,0.6785714285714286,0.8571428571428572,0.8571428571428572,1.0,1.0,1.0
site_13030,0,0.9827794377016186,0.45206715334519487,0.6785714285714286,0.8571428571428572,0.8571428571428572,1.0,1.0,1.0
site_07547,0,0.7957730034922484,0.39863938212629246,0.6785714285714286,0.5714285714285714,1.0,1.0,1.0,1.0
site_01891,0,0.9768430713544896,0.8574824258816633,0.6785714285714286,0.8571428571428572,0.8571428571428572,1.0,1.0,1.0
site_01376,0,0.977203530642212,0.8425080606728204,0.6785714285714286,0.8571428571428572,0.8571428571428572,1.0,1.0,1.0
site_05210,0,0.9256402256804913,0.6239927553365898,0.6785714285714286,0.8571428571428572,0.8571428571428572,1.0,1.0,1.0
site_10558,0,0.9740415772918842,0.26170699879906123,0.6785714285714286,0.8571428571428572,0.8571428571428572,1.0,1.0,1.0
site_13220,0,0.8540730519099229,0.8994660977062616,0.6785714285714286,0.8571428571428572,0.8571428571428572,1.0,1.0,1.0
site_05621,0,0.9477584984881549,0.599758857565625,0.6785714285714286,0.8571428571428572,0.8571428571428572,1.0,1.0,1.0
site_00319,0,0.9891260718565501,0.8716928779096883,0.6785714285714286,0.8571428571428572,0.8571428571428572,1.0,1.0,1.0
site_08269,0,0.9987334832697025,0.5473722444584663,0.6785714285714286,0.8571428571428572,0.8571428571428572,1.0,1.0,1.0
site_17359,0,0.9649310276159583,0.7691834885294738,0.6785714285714286,0.8571428571428572,0.8571428571428572,1.0,1.0,1.0
site_14949,0,0.9882167389593455,0.6914570890515312,0.6785714285714286,0.8571428571428572,0.8571428571428572,1.0,1.0,1.0
site_21520,0,0.9927354067612224,0.8335829350407958,0.6785714285714286,0.8571428571428572,0.8571428571428572,1.0,1.0,1.0
site_03164,0,0.9745399586947521,0.6483633406315762,0.6785714285714286,0.8571428571428572,0.8571428571428572,1.0,1.0,1.0
site_08851,0,0.9903568594452558,0.2508600267169435,0.6785714285714286,0.8571428571428572,0.8571428571428572,1.0,1.0,1.0
site_13342,0,0.990850621772478,0.8926866692164671,0.6785714285714286,0.8571428571428572,0.8571428571428572,1.0,1.0,1.0
site_03240,0,0.9728373035140787,0.7481843661465603,0.6785714285714286,0.8571428571428572,0.8571428571428572,1.0,1.0,1.0
site_00334,0,0.830031235420897,0.8853280825925027,0.6785714285714286,0.5714285714285714,0.8571428571428572,1.0,0.5714285714285714,0.5714285714285714
site_02070,0,0.9875315034185668,0.8280710575033914,0.6785714285714286,0.8571428571428572,0.8571428571428572,1.0,1.0,1.0
site_19505,0,0.9404371583355718,0.7912156239689679,0.6785714285714286,0.8571428571428572,0.8571428571428572,1.0,1.0,1.0
site_07056,0,0.9964186200969504,0.641008286420413,0.6785714285714286,0.8571428571428572,0.8571428571428572,1.0,1.0,1.0
site_11089,0,0.9382590187307607,0.5641653110004674,0.6785714285714286,0.8571428571428572,0.8571428571428572,1.0,1.0,1.0
site_11552,1,0.9941831917055254,0.9690104784650815,0.6785714285714286,0.8571428571428572,0.8571428571428572,1.0,1.0,1.0
site_06662,0,0.9252937475029607,0.7531673116877406,0.6785714285714286,0.8571428571428572,0.8571428571428572,1.0,1.0,1.0
site_09823,0,0.9677184902699074,0.354598566578359,0.5642857142857143,0.4285714285714286,1.0,1.0,0.2857142857142857,0.7142857142857143
site_16041,0,0.831687224804061,0.9065692833416875,0.55,1.0,0.0,1.0,1.0,1.0
site_08683,0,0.9939651455338004,0.8337093233549844,0.6785714285714286,0.8571428571428572,0.8571428571428572,1.0,1.0,1.0
site_11026,0,0.9615643390236321,0.0,0.6785714285714286,0.8571428571428572,0.8571428571428572,1.0,1.0,1.0
site_05354,0,0.9811787356453399,0.6101095665865301,0.6785714285714286,0.8571428571428572,0.8571428571428572,1.0,1.0,1.0
site_00489,0,0.973722230478622,0.8104810748979937,0.6785714285714286,0.8571428571428572,0.8571428571428572,1.0,1.0,1.0
site_17202,0,0.9734182805841788,0.7558780167778951,0.6785714285714286,0.8571428571428572,0.8571428571428572,1.0,1.0,1.0
site_16707,0,0.956024246333771,0.7298818121544648,0.6785714285714286,0.8571428571428572,0.8571428571428572,1.0,1.0,1.0
site_06710,0,0.9904824481906442,0.7046977129425951,0.6785714285714286,0.8571428571428572,0.8571428571428572,1.0,1.0,1.0
site_02518,0,0.9493372070751563,0.7949836107405224,0.6785714285714286,0.8571428571428572,0.8571428571428572,1.0,1.0,1.0
site_19153,0,0.9644792244540136,0.6826498436772103,0.6785714285714286,0.8571428571428572,0.8571428571428572,1.0,1.0,1.0
site_14712,0,0.9802143128892952,0.7529333099567395,0.6785714285714286,0.8571428571428572,0.8571428571428572,1.0,1.0,1.0
site_17102,0,0.9604781790805363,0.758140679067596,0.6785714285714286,0.8571428571428572,0.8571428571428572,1.0,1.0,1.0
site_02163,0,0.9116238842086727,0.8616500130700553,0.6785714285714286,0.7142857142857143,0.8571428571428572,1.0,1.0,1.0
site_13714,0,0.9603859130678004,0.5360347978765996,0.6785714285714286,0.8571428571428572,0.8571428571428572,1.0,1.0,1.0
site_21211,0,0.9766178087503053,0.8007908296002226,0.6785714285714286,0.8571428571428572,0.8571428571428572,1.0,1.0,1.0
site_14457,0,0.9860430088532451,0.7897957375902869,0.6785714285714286,0.8571428571428572,0.8571428571428572,1.0,1.0,1.0
site_19474,0,0.9771443964142545,0.6605052647366839,0.6785714285714286,0.8571428571428572,0.8571428571428572,1.0,1.0,1.0
site_21200,1,0.8927807083526033,0.9807690313640663,0.6357142857142858,1.0,0.8571428571428572,1.0,0.7142857142857143,1.0
site_09238,0,0.8556696518469954,0.4064613597170468,0.6785714285714286,0.7142857142857143,0.8571428571428572,1.0,1.0,1.0
site_15999,0,0.9781869922984779,0.6134135534252585,0.6785714285714286,0.8571428571428572,0.8571428571428572,1.0,1.0,1.0
site_06817,0,0.9426004394014236,0.720714571112777,0.6785714285714286,0.8571428571428572,0.8571428571428572,1.0,1.0,1.0
site_07287,0,0.9895586405131344,0.7466570346749212,0.6785714285714286,0.8571428571428572,0.8571428571428572,1.0,1.0,1.0
site_00443,0,0.9968052411063224,0.8433935171680526,0.6785714285714286,0.8571428571428572,0.8571428571428572,1.0,1.0,1.0
site_13329,0,0.9675016666303027,0.8753117115229314,0.6785714285714286,0.8571428571428572,0.8571428571428572,1.0,1.0,1.0
site_17430,1,0.960627938100966,0.9370289717320135,0.6785714285714286,0.7142857142857143,0.8571428571428572,1.0,1.0,1.0
site_11685,0,0.9678562447235048,0.8785103679212962,0.6785714285714286,0.5714285714285714,1.0,1.0,1.0,1.0
site_12673,0,0.9959957103755702,0.4542213436011744,0.6785714285714286,0.8571428571428572,0.8571428571428572,1.0,1.0,1.0
site_00016,0,0.7471425703191906,0.9781249154078816,0.6785714285714286,0.5714285714285714,0.8571428571428572,1.0,0.5714285714285714,0.5714285714285714
site_10625,1,0.9268139906452904,0.9154804607005116,0.6785714285714286,0.8571428571428572,0.8571428571428572,1.0,1.0,1.0
site_14131,0,0.9917452526148346,0.6059261068216792,0.6785714285714286,0.8571428571428572,0.8571428571428572,1.0,1.0,1.0
site_00336,0,0.5436148342407028,0.9023814648447452,0.6785714285714286,0.5714285714285714,0.8571428571428572,1.0,0.5714285714285714,0.5714285714285714
site_03810,0,0.9708866377829785,0.8856922134971207,0.6785714285714286,0.8571428571428572,0.8571428571428572,1.0,1.0,1.0
site_13660,0,0.966169759567677,0.8426633371375504,0.6785714285714286,0.8571428571428572,0.8571428571428572,1.0,1.0,1.0
site_12670,0,0.9955229038789342,0.4286647257575986,0.6785714285714286,0.8571428571428572,0.8571428571428572,1.0,1.0,1.0
site_18143,0,0.9651634773118307,0.6887512494733024,0.6785714285714286,0.8571428571428572,0.8571428571428572,1.0,1.0,1.0
site_01101,1,0.96998555010812,0.9890893767806567,0.6357142857142858,0.4285714285714286,0.8571428571428572,1.0,0.7142857142857143,0.5714285714285714
site_21516,0,0.9728452245907657,0.8515109971569257,0.6785714285714286,0.8571428571428572,0.8571428571428572,1.0,1.0,1.0
site_10842,1,0.9410443986557031,0.9395183710535114,0.7357142857142858,0.7142857142857143,0.8571428571428572,1.0,0.7142857142857143,0.7142857142857143
site_04666,0,0.9883609353421958,0.708688681195081,0.6785714285714286,0.8571428571428572,0.8571428571428572,1.0,1.0,1.0
site_05133,0,0.9777639691726897,0.6620794123088727,0.6785714285714286,0.8571428571428572,0.8571428571428572,1.0,1.0,1.0
site_16846,1,0.8933438872179367,0.9185456677375329,0.55,1.0,0.0,1.0,1.0,1.0
site_14232,0,0.9908694725191843,0.626374367181062,0.6785714285714286,0.8571428571428572,0.8571428571428572,1.0,1.0,1.0
site_02715,1,0.9658462174899043,0.9238273058978964,0.6785714285714286,0.8571428571428572,0.8571428571428572,1.0,1.0,1.0
site_17183,0,0.9788155573046008,0.6122338517652056,0.6785714285714286,0.8571428571428572,0.8571428571428572,1.0,1.0,1.0
site_13178,0,0.9963082235835744,0.6910240775827488,0.6785714285714286,0.8571428571428572,0.8571428571428572,1.0,1.0,1.0
site_19507,0,0.9920018651341239,0.8093038793518051,0.6785714285714286,0.8571428571428572,0.8571428571428572,1.0,1.0,1.0
site_02486,1,0.9446897668213863,0.9917714320006809,0.6785714285714286,0.8571428571428572,0.8571428571428572,1.0,1.0,1.0
site_05608,0,0.988326444567426,0.8932280253164931,0.6785714285714286,0.8571428571428572,0.8571428571428572,1.0,1.0,1.0
site_12337,0,0.9826171878958675,0.7255538387008666,0.6785714285714286,0.8571428571428572,0.8571428571428572,1.0,1.0,1.0
site_03310,0,0.989608440650137,0.7896564985568963,0.6785714285714286,0.8571428571428572,0.8571428571428572,1.0,1.0,1.0
site_02112,1,0.9840503029204526,0.9816992225661437,0.7428571428571429,0.8571428571428572,0.8571428571428572,1.0,1.0,1.0
site_17890,0,0.8726631407964749,0.8624815940176644,0.6785714285714286,0.8571428571428572,0.8571428571428572,1.0,1.0,1.0
site_05393,0,0.9464239162923864,0.6038450244225706,0.6785714285714286,0.8571428571428572,0.8571428571428572,1.0,1.0,1.0
site_14226,0,0.9883607248338079,0.5930871320946369,0.6785714285714286,0.8571428571428572,0.8571428571428572,1.0,1.0,1.0
site_17655,0,0.9100491473374511,0.7438184653426829,0.6785714285714286,0.8571428571428572,0.8571428571428572,1.0,1.0,1.0
site_09269,0,0.9476350586049391,0.8059508865519276,0.6785714285714286,0.8571428571428572,0.8571428571428572,1.0,1.0,1.0
site_14553,0,0.9850921750656607,0.7831225706747479,0.6785714285714286,0.8571428571428572,0.8571428571428572,1.0,1.0,1.0
site_03608,1,0.9581676427400374,0.917810583616967,0.6785714285714286,0.8571428571428572,0.8571428571428572,1.0,1.0,1.0
site_07584,0,0.976350125911587,0.5024735175942674,0.6785714285714286,0.8571428571428572,0.8571428571428572,1.0,1.0,1.0
site_15692,0,0.7420642585162827,0.8650030500610179,0.55,1.0,0.0,1.0,1.0,1.0
site_21165,0,0.2394589619970734,0.9946124166532276,0.6714285714285715,0.4285714285714286,0.7142857142857143,1.0,1.0,0.7142857142857143
site_20051,0,0.9761832952197651,0.9055307756881581,0.6785714285714286,0.8571428571428572,0.8571428571428572,1.0,1.0,1.0
site_07926,0,0.967570027832115,0.3586616946554694,0.6785714285714286,0.8571428571428572,0.8571428571428572,1.0,1.0,1.0
site_11915,0,0.9612740721744066,0.3478665136612643,0.6785714285714286,0.8571428571428572,0.8571428571428572,1.0,1.0,1.0
site_02447,0,0.9799852928035312,0.7278433364441983,0.6785714285714286,0.8571428571428572,0.8571428571428572,1.0,1.0,1.0
site_06359,0,0.9931812504865911,0.7062843060410566,0.6785714285714286,0.8571428571428572,0.8571428571428572,1.0,1.0,1.0
site_15778,0,0.9663444330941302,0.636562500097421,0.6785714285714286,0.8571428571428572,0.8571428571428572,1.0,1.0,1.0
site_18088,0,0.9900869765144472,0.7353255936810605,0.6785714285714286,0.8571428571428572,0.8571428571428572,1.0,1.0,1.0
site_12987,1,0.9948915482394911,0.9181690549863389,0.6785714285714286,0.8571428571428572,0.8571428571428572,1.0,1.0,1.0
site_11171,0,0.9971685299155296,0.1033946056045939,0.6785714285714286,0.8571428571428572,0.8571428571428572,1.0,1.0,1.0
site_01070,1,0.8571829277205553,0.9880914543982973,0.6357142857142858,0.4285714285714286,0.8571428571428572,1.0,0.7142857142857143,0.5714285714285714
site_13513,0,0.9739030571838845,0.6459278066394814,0.6785714285714286,0.8571428571428572,0.8571428571428572,1.0,1.0,1.0
site_13042,0,0.9701936907424477,0.5496379203174627,0.6785714285714286,0.8571428571428572,0.8571428571428572,1.0,1.0,1.0
site_09720,0,0.982896025816242,0.44555383408791094,0.6785714285714286,0.8571428571428572,0.8571428571428572,1.0,1.0,1.0
site_12346,0,0.8808981469658237,0.7874828863834787,0.6785714285714286,0.8571428571428572,0.8571428571428572,1.0,1.0,1.0
site_10738,1,0.9020748884074543,0.9313474460427658,0.7428571428571429,0.8571428571428572,0.8571428571428572,1.0,1.0,1.0
site_00754,0,0.9621157554999247,0.8772848327893927,0.6785714285714286,0.8571428571428572,0.8571428571428572,1.0,1.0,1.0
site_04175,0,0.975064303419771,0.8045832390587557,0.6785714285714286,0.8571428571428572,0.8571428571428572,1.0,1.0,1.0
site_20647,0,0.9593312511408437,0.7674686780736113,0.6785714285714286,0.8571428571428572,0.8571428571428572,1.0,1.0,1.0
site_05534,0,0.975241549619532,0.701181076666486,0.6785714285714286,0.8571428571428572,0.8571428571428572,1.0,1.0,1.0
site_17355,0,0.933671452278665,0.7402577195574369,0.6785714285714286,0.8571428571428572,0.8571428571428572,1.0,1.0,1.0
site_03933,0,0.9839846708760595,0.8168956519405534,0.6785714285714286,0.8571428571428572,0.8571428571428572,1.0,1.0,1.0
site_12289,0,0.9261923686901582,0.3237269526712431,0.6785714285714286,0.8571428571428572,0.8571428571428572,1.0,1.0,1.0
site_00467,1,0.9889293098526093,0.9354269056607873,0.6785714285714286,0.8571428571428572,0.8571428571428572,1.0,1.0,1.0
site_04543,0,0.9679434548091174,0.6717385225094481,0.6785714285714286,0.8571428571428572,0.8571428571428572,1.0,1.0,1.0
site_06994,0,0.9901108096034865,0.6464494402434784,0.6785714285714286,0.8571428571428572,0.8571428571428572,1.0,1.0,1.0
site_01557,0,0.7553601024294323,0.8783322306211272,0.6785714285714286,0.7142857142857143,0.8571428571428572,1.0,1.0,1.0
site_10104,1,0.8520939451915741,0.9916217113809416,0.7428571428571429,0.8571428571428572,0.8571428571428572,1.0,1.0,1.0
site_08322,0,0.9963082648003716,0.5311499852456316,0.6785714285714286,0.8571428571428572,0.8571428571428572,1.0,1.0,1.0
site_00934,1,0.9630176554018375,0.9875142085248425,0.6357142857142858,0.4285714285714286,0.8571428571428572,1.0,0.7142857142857143,0.5714285714285714
site_16585,0,0.9186225764784053,0.6931477205823537,0.6785714285714286,0.8571428571428572,0.8571428571428572,1.0,1.0,1.0
site_06963,0,0.9936687250400391,0.7941193913713122,0.6785714285714286,0.8571428571428572,0.8571428571428572,1.0,1.0,1.0
site_21214,0,0.9493714472890573,0.8500056392045154,0.6785714285714286,0.8571428571428572,0.8571428571428572,1.0,1.0,1.0
site_19171,0,0.9865840712974995,0.8460104315349948,0.6785714285714286,0.8571428571428572,0.8571428571428572,1.0,1.0,1.0
site_01395,0,0.8310875329793991,0.9817984350956502,0.6785714285714286,0.7142857142857143,0.8571428571428572,1.0,1.0,1.0
site_09351,0,0.9908903091237807,0.8139149407854737,0.6785714285714286,0.8571428571428572,0.8571428571428572,1.0,1.0,1.0
site_05749,1,0.9745398692752598,0.9271685201275734,0.6785714285714286,0.8571428571428572,0.8571428571428572,1.0,1.0,1.0
site_01860,0,0.9306145128074347,0.8090913489718596,0.6785714285714286,0.8571428571428572,0.8571428571428572,1.0,1.0,1.0
site_20318,0,0.944915551039275,0.819348486664712,0.6785714285714286,0.8571428571428572,0.8571428571428572,1.0,1.0,1.0
site_11112,1,0.9991062837281011,0.9410464368151026,0.7428571428571429,0.8571428571428572,0.8571428571428572,1.0,1.0,1.0
site_16223,0,0.9843212011350791,0.6953920570031158,0.6785714285714286,0.8571428571428572,0.8571428571428572,1.0,1.0,1.0
site_19627,0,0.9764950600052483,0.6443627752505282,0.6785714285714286,0.8571428571428572,0.8571428571428572,1.0,1.0,1.0
site_04279,0,0.9251775692276767,0.6826895459829416,0.6785714285714286,0.8571428571428572,0.8571428571428572,1.0,1.0,1.0
site_04626,0,0.9663114000433745,0.7486875034678437,0.6785714285714286,0.8571428571428572,0.8571428571428572,1.0,1.0,1.0
site_14628,0,0.9772306657322926,0.7641311587274096,0.6785714285714286,0.8571428571428572,0.8571428571428572,1.0,1.0,1.0
site_12487,0,0.6826346928792159,0.8509099503781175,0.6785714285714286,0.5714285714285714,1.0,1.0,1.0,1.0
site_02797,0,0.9622822247879655,0.7102541642132324,0.6785714285714286,0.8571428571428572,0.8571428571428572,1.0,1.0,1.0
site_07611,0,0.9917452339857737,0.6478234241088823,0.6785714285714286,0.8571428571428572,0.8571428571428572,1.0,1.0,1.0
site_05353,0,0.9904824481906442,0.6126318669147126,0.6785714285714286,0.8571428571428572,0.8571428571428572,1.0,1.0,1.0
site_12121,1,0.9861898906152216,0.9271142179901888,0.6785714285714286,0.8571428571428572,0.8571428571428572,1.0,1.0,1.0
site_06875,0,0.984701397912806,0.641557483366877,0.6785714285714286,0.8571428571428572,0.8571428571428572,1.0,1.0,1.0
site_21184,0,0.9756713779412605,0.8746345517541643,0.6785714285714286,0.8571428571428572,0.8571428571428572,1.0,1.0,1.0
site_05312,0,0.9784779353826135,0.6214035408684719,0.6785714285714286,0.8571428571428572,0.8571428571428572,1.0,1.0,1.0
site_20488,1,0.9503865336390764,0.9775496719469062,0.5857142857142859,0.2857142857142857,1.0,1.0,0.5714285714285714,0.7142857142857143
site_10007,0,0.9936686859190113,0.8640504535657976,0.6785714285714286,0.8571428571428572,0.8571428571428572,1.0,1.0,1.0
site_05922,0,0.8888431061088655,0.7230991313482429,0.55,1.0,0.0,1.0,1.0,1.0
site_11582,1,0.864866401913434,0.9181253532923834,0.7428571428571429,0.8571428571428572,0.8571428571428572,1.0,1.0,1.0
site_14422,0,0.9715119743728504,0.6342030376675465,0.6785714285714286,0.8571428571428572,0.8571428571428572,1.0,1.0,1.0
site_09367,0,0.9780542863203795,0.19345223006916112,0.6785714285714286,0.8571428571428572,0.8571428571428572,1.0,1.0,1.0
site_10830,0,0.9071978503434841,0.5495002932183355,0.6785714285714286,0.8571428571428572,0.8571428571428572,1.0,1.0,1.0
site_21411,1,0.9375358162324515,0.9263168895467606,0.6785714285714286,0.8571428571428572,0.8571428571428572,1.0,1.0,1.0
site_00321,0,0.9811009257838483,0.8616168524126981,0.6785714285714286,0.8571428571428572,0.8571428571428572,1.0,1.0,1.0
site_14681,0,0.9926165729133097,0.6015454349273455,0.6785714285714286,0.8571428571428572,0.8571428571428572,1.0,1.0,1.0
site_04510,0,0.9897917263914359,0.7827786625571767,0.6785714285714286,0.8571428571428572,0.8571428571428572,1.0,1.0,1.0
site_08554,0,0.8327291407275623,0.42133837489602166,0.6785714285714286,0.8571428571428572,0.8571428571428572,1.0,1.0,1.0
site_15319,0,0.97518164601136,0.7297203600566009,0.6785714285714286,0.8571428571428572,0.8571428571428572,1.0,1.0,1.0
site_06860,0,0.9871811410818423,0.7467996814540263,0.6785714285714286,0.8571428571428572,0.8571428571428572,1.0,1.0,1.0
site_01037,0,0.9542411322391487,0.7944579348954056,0.6785714285714286,0.8571428571428572,0.8571428571428572,1.0,1.0,1.0
site_20113,0,0.9868578234842532,0.8514251546794784,0.6785714285714286,0.8571428571428572,0.8571428571428572,1.0,1.0,1.0
site_04691,0,0.9860725694470525,0.7563237029111975,0.6785714285714286,0.8571428571428572,0.8571428571428572,1.0,1.0,1.0
site_06090,0,0.9622782977819316,0.6601600089820805,0.6785714285714286,0.8571428571428572,0.8571428571428572,1.0,1.0,1.0
site_02998,1,0.9537149655919755,0.9429856404511594,0.6785714285714286,0.8571428571428572,0.8571428571428572,1.0,1.0,1.0
site_08046,0,0.9899898436595559,0.3104122553372409,0.6785714285714286,0.8571428571428572,0.8571428571428572,1.0,1.0,1.0
site_10274,0,0.979826990495781,0.8611394811338179,0.6785714285714286,0.8571428571428572,0.8571428571428572,1.0,1.0,1.0
site_10628,0,0.5921166821839292,0.9144425319325417,0.6785714285714286,0.8571428571428572,0.8571428571428572,1.0,1.0,1.0
site_14852,0,0.9607715271764317,0.6062273885957324,0.6785714285714286,0.8571428571428572,0.8571428571428572,1.0,1.0,1.0
site_18827,0,0.9583935238290429,0.8089966896565297,0.6785714285714286,0.8571428571428572,0.8571428571428572,1.0,1.0,1.0
site_14610,0,0.9679632276943375,0.6829512860614726,0.6785714285714286,0.8571428571428572,0.8571428571428572,1.0,1.0,1.0
site_14411,0,0.998209217485329,0.5790661435317608,0.6785714285714286,0.8571428571428572,0.8571428571428572,1.0,1.0,1.0
site_21204,1,0.9287326572385138,0.9981380181548053,0.8214285714285715,0.8571428571428572,0.7142857142857143,1.0,1.0,0.7142857142857143
site_13310,0,0.9806493573480706,0.7657856243863377,0.6785714285714286,0.8571428571428572,0.8571428571428572,1.0,1.0,1.0
site_04083,0,0.9820055976900203,0.631376033667177,0.6785714285714286,0.8571428571428572,0.8571428571428572,1.0,1.0,1.0
site_06491,0,0.9833470353801932,0.6552366839238084,0.6785714285714286,0.8571428571428572,0.8571428571428572,1.0,1.0,1.0
site_14370,0,0.9811856153575236,0.8004170974781997,0.6785714285714286,0.8571428571428572,0.8571428571428572,1.0,1.0,1.0
site_05507,0,0.942205887069381,0.5882841106747062,0.6785714285714286,0.8571428571428572,0.8571428571428572,1.0,1.0,1.0
site_12637,1,0.9156185211852065,0.9486916037002667,0.55,1.0,0.0,1.0,1.0,1.0
site_16249,1,0.9026415024716143,0.9569664890369746,0.6785714285714286,0.8571428571428572,0.8571428571428572,1.0,1.0,1.0
site_12498,1,0.9847845049477594,0.9279498200034739,0.6785714285714286,0.8571428571428572,0.8571428571428572,1.0,1.0,1.0
site_03335,1,0.9834920030061641,0.9327296494208768,0.6785714285714286,0.8571428571428572,0.8571428571428572,1.0,1.0,1.0
site_03114,0,0.9964186200969504,0.691667654609229,0.6785714285714286,0.8571428571428572,0.8571428571428572,1.0,1.0,1.0
site_10307,0,0.9807160195795305,0.04434995264069175,0.6785714285714286,0.8571428571428572,0.8571428571428572,1.0,1.0,1.0
site_18444,0,0.9794859203346244,0.7036223201672543,0.6785714285714286,0.8571428571428572,0.8571428571428572,1.0,1.0,1.0
site_00779,1,0.9362254294609567,0.9250168956231188,0.6785714285714286,0.7142857142857143,0.8571428571428572,1.0,1.0,1.0
site_05619,0,0.9471133703840019,0.5815986651749268,0.6785714285714286,0.8571428571428572,0.8571428571428572,1.0,1.0,1.0
site_17076,1,0.8544009978976881,0.9636218417904128,0.6785714285714286,0.5714285714285714,1.0,1.0,1.0,1.0
site_16294,0,0.9353953781210532,0.8106139794812668,0.6785714285714286,0.8571428571428572,0.8571428571428572,1.0,1.0,1.0
site_21225,1,0.9738263520257032,0.9484574825641185,0.6785714285714286,0.8571428571428572,0.8571428571428572,1.0,1.0,1.0
site_16359,0,0.9716139181827146,0.8515110208608536,0.6785714285714286,0.8571428571428572,0.8571428571428572,1.0,1.0,1.0
site_03683,0,0.9945536920570632,0.9040570182908381,0.6785714285714286,0.8571428571428572,0.8571428571428572,1.0,1.0,1.0
site_07340,0,0.9718939576775159,0.7255053576743224,0.6785714285714286,0.8571428571428572,0.8571428571428572,1.0,1.0,1.0
site_00015,1,0.8596939462884532,0.9853927975035287,0.6785714285714286,0.5714285714285714,0.8571428571428572,1.0,0.5714285714285714,0.5714285714285714
site_04717,0,0.9209415219769863,0.7156344955936169,0.6785714285714286,0.8571428571428572,0.8571428571428572,1.0,1.0,1.0
site_11940,0,0.9284724912258614,0.5671437856386854,0.6785714285714286,0.8571428571428572,0.8571428571428572,1.0,1.0,1.0
site_04325,0,0.9699262817509242,0.7649257931005576,0.6785714285714286,0.8571428571428572,0.8571428571428572,1.0,1.0,1.0
site_04709,0,0.9741651270865591,0.6738717742308884,0.6785714285714286,0.8571428571428572,0.8571428571428572,1.0,1.0,1.0
site_18531,0,0.9887060228603316,0.753369161539964,0.6785714285714286,0.8571428571428572,0.8571428571428572,1.0,1.0,1.0
site_13161,0,0.9707768883966048,0.5687075375047588,0.6785714285714286,0.8571428571428572,0.8571428571428572,1.0,1.0,1.0
site_13135,0,0.9772124353333136,0.3561319620138671,0.6785714285714286,0.8571428571428572,0.8571428571428572,1.0,1.0,1.0
site_16099,0,0.979294829016816,0.8059727998753108,0.6785714285714286,0.8571428571428572,0.8571428571428572,1.0,1.0,1.0
site_03322,0,0.9864530652212066,0.86249394434677,0.6785714285714286,0.8571428571428572,0.8571428571428572,1.0,1.0,1.0
site_15899,0,0.9638004746207809,0.8700115929135659,0.6785714285714286,0.8571428571428572,0.8571428571428572,1.0,1.0,1.0
site_21215,0,0.9501967072345019,0.856101599366562,0.6785714285714286,0.8571428571428572,0.8571428571428572,1.0,1.0,1.0
site_11189,0,0.9649037732998881,0.2661494504386924,0.6785714285714286,0.8571428571428572,0.8571428571428572,1.0,1.0,1.0
site_18670,0,0.9770738705155677,0.6815891969602541,0.6785714285714286,0.8571428571428572,0.8571428571428572,1.0,1.0,1.0
site_14000,0,0.9864815760674333,0.8359189573483345,0.6785714285714286,0.8571428571428572,0.8571428571428572,1.0,1.0,1.0
site_02684,0,0.9733441499622113,0.7086240828658528,0.6785714285714286,0.8571428571428572,0.8571428571428572,1.0,1.0,1.0
site_07689,0,0.9025895422950025,0.4916311747457658,0.6785714285714286,0.8571428571428572,0.8571428571428572,1.0,1.0,1.0
site_19632,0,0.9796861268519224,0.6895404916359185,0.6785714285714286,0.8571428571428572,0.8571428571428572,1.0,1.0,1.0
site_21389,1,0.9730344269218008,0.9246474833047823,0.6785714285714286,0.8571428571428572,0.8571428571428572,1.0,1.0,1.0
site_12957,0,0.975861964411519,0.7767368589923527,0.6785714285714286,0.8571428571428572,0.8571428571428572,1.0,1.0,1.0
site_19959,0,0.9735131490767199,0.6891035915834445,0.6785714285714286,0.8571428571428572,0.8571428571428572,1.0,1.0,1.0
site_19900,0,0.9863984420203417,0.7266298883405978,0.6785714285714286,0.8571428571428572,0.8571428571428572,1.0,1.0,1.0
site_08446,0,0.9410383144044191,0.4355230511233057,0.6785714285714286,0.8571428571428572,0.8571428571428572,1.0,1.0,1.0
site_01154,0,0.9671962394513315,0.8453448582662345,0.6785714285714286,0.8571428571428572,0.8571428571428572,1.0,1.0,1.0
site_02608,0,0.7921115584470242,0.9825070313568568,0.7428571428571429,0.8571428571428572,0.8571428571428572,1.0,1.0,1.0
site_06357,0,0.7276887040409146,0.6198563729226334,0.55,1.0,0.0,1.0,1.0,1.0
site_12894,0,0.9974135723908316,0.8820957380247508,0.6785714285714286,0.8571428571428572,0.8571428571428572,1.0,1.0,1.0
site_10398,0,0.8318438281414587,0.8946328289093277,0.6785714285714286,0.8571428571428572,0.8571428571428572,1.0,1.0,1.0
site_05963,1,0.9489485787844744,0.9225791785949491,0.6785714285714286,0.8571428571428572,0.8571428571428572,1.0,1.0,1.0
site_14161,0,0.9466737729827469,0.7647910033516212,0.6785714285714286,0.8571428571428572,0.8571428571428572,1.0,1.0,1.0
site_17530,0,0.7337165912383443,0.7310759951976598,0.6357142857142858,1.0,0.8571428571428572,1.0,0.7142857142857143,1.0
site_14847,0,0.8291183667279369,0.7319320122594899,0.55,1.0,0.0,1.0,1.0,1.0
site_02016,0,0.9258881635775809,0.822869219924552,0.6785714285714286,0.8571428571428572,0.8571428571428572,1.0,1.0,1.0
site_03527,0,0.8876031707198138,0.8813133487224636,0.6785714285714286,0.8571428571428572,0.8571428571428572,1.0,1.0,1.0
site_15803,0,0.9806569188838826,0.6240186331991436,0.6785714285714286,0.8571428571428572,0.8571428571428572,1.0,1.0,1.0
site_15040,0,0.9517343350164467,0.7216246671642239,0.6785714285714286,0.8571428571428572,0.8571428571428572,1.0,1.0,1.0
site_07267,0,0.9923501326329521,0.4800771693062702,0.6785714285714286,0.8571428571428572,0.8571428571428572,1.0,1.0,1.0
site_15722,0,0.9507628257656425,0.6500791676636128,0.6785714285714286,0.8571428571428572,0.8571428571428572,1.0,1.0,1.0
site_18546,0,0.9352649746948798,0.873928800841058,0.6785714285714286,0.8571428571428572,0.8571428571428572,1.0,1.0,1.0
site_00102,1,0.9719874364421153,0.9453037248072175,0.6785714285714286,0.8571428571428572,0.8571428571428572,1.0,1.0,1.0
site_10296,0,0.9807159562407235,0.0709562987846698,0.6785714285714286,0.8571428571428572,0.8571428571428572,1.0,1.0,1.0
site_03737,0,0.9787213110226931,0.8616077983736788,0.6785714285714286,0.8571428571428572,0.8571428571428572,1.0,1.0,1.0
site_17177,0,0.8222842137755377,0.9793739923017188,0.6785714285714286,0.7142857142857143,0.8571428571428572,1.0,1.0,1.0
site_02298,1,0.9612169890060522,0.9860670190894599,0.6785714285714286,0.8571428571428572,0.8571428571428572,1.0,1.0,1.0
site_05888,1,0.990781908481415,0.9270789837267178,0.6785714285714286,0.8571428571428572,0.8571428571428572,1.0,1.0,1.0
site_07057,0,0.9943373332125276,0.6337189121885566,0.6785714285714286,0.8571428571428572,0.8571428571428572,1.0,1.0,1.0
site_00477,1,0.9657761275112421,0.9135524812236759,0.6785714285714286,0.8571428571428572,0.8571428571428572,1.0,1.0,1.0
site_18523,0,0.9933835835111887,0.6851519696973623,0.6785714285714286,0.8571428571428572,0.8571428571428572,1.0,1.0,1.0
site_08982,0,0.9887815832627217,0.18421238512876137,0.6785714285714286,0.8571428571428572,0.8571428571428572,1.0,1.0,1.0
site_17320,1,0.9559557659059691,0.9091042579776142,0.6785714285714286,0.8571428571428572,0.8571428571428572,1.0,1.0,1.0
site_01223,0,0.9432289764639551,0.788049548169397,0.6785714285714286,0.8571428571428572,0.8571428571428572,1.0,1.0,1.0
site_08145,0,0.9118298545574075,0.3822102047022483,0.6785714285714286,0.8571428571428572,0.8571428571428572,1.0,1.0,1.0
site_00938,0,0.9814796899867934,0.8258305780677038,0.6785714285714286,0.8571428571428572,0.8571428571428572,1.0,1.0,1.0
site_12485,0,0.9246094275805243,0.8409987022968097,0.6785714285714286,0.5714285714285714,1.0,1.0,1.0,1.0
site_07219,0,0.9871811885859476,0.7556568998913615,0.6785714285714286,0.8571428571428572,0.8571428571428572,1.0,1.0,1.0
site_04714,0,0.9696217580814058,0.701145772320165,0.6785714285714286,0.8571428571428572,0.8571428571428572,1.0,1.0,1.0
site_03622,0,0.8625840886001712,0.8536225111129859,0.6785714285714286,0.8571428571428572,0.8571428571428572,1.0,1.0,1.0
site_19008,0,0.9905856410790405,0.7035208864469806,0.6785714285714286,0.8571428571428572,0.8571428571428572,1.0,1.0,1.0
site_16723,1,0.9377724984509563,0.9149206576969537,0.6785714285714286,0.8571428571428572,0.8571428571428572,1.0,1.0,1.0
site_12630,1,0.9569501553693484,0.9460656213211078,0.55,1.0,0.0,1.0,1.0,1.0
site_14508,0,0.9943375483781808,0.6130351984732667,0.6785714285714286,0.8571428571428572,0.8571428571428572,1.0,1.0,1.0
site_13455,0,0.986558586742213,0.8835930060818388,0.6785714285714286,0.8571428571428572,0.8571428571428572,1.0,1.0,1.0
site_07162,0,0.9859862647337988,0.7461756693989174,0.6785714285714286,0.8571428571428572,0.8571428571428572,1.0,1.0,1.0
site_10501,0,0.9623276163577104,0.908473116865567,0.6785714285714286,0.8571428571428572,0.8571428571428572,1.0,1.0,1.0
site_08440,0,0.9840600477821999,0.46855499162405856,0.6785714285714286,0.8571428571428572,0.8571428571428572,1.0,1.0,1.0
site_04617,0,0.995434583501293,0.7051921461813313,0.6785714285714286,0.8571428571428572,0.8571428571428572,1.0,1.0,1.0
site_10786,0,0.908363455779617,0.15133996118190718,0.6785714285714286,0.8571428571428572,0.8571428571428572,1.0,1.0,1.0
site_17058,0,0.9370730889892056,0.8238764855084351,0.6785714285714286,0.8571428571428572,0.8571428571428572,1.0,1.0,1.0
site_17632,0,0.9698660428196565,0.7251225159745602,0.6785714285714286,0.8571428571428572,0.8571428571428572,1.0,1.0,1.0
site_11590,0,0.9881184743890056,0.8468972168051554,0.6785714285714286,0.8571428571428572,0.8571428571428572,1.0,1.0,1.0
site_17115,0,0.960363304839514,0.8830509320480477,0.6785714285714286,0.8571428571428572,0.8571428571428572,1.0,1.0,1.0
site_17032,1,0.9525462491026754,0.9919390803894306,0.6785714285714286,0.7142857142857143,0.8571428571428572,1.0,1.0,1.0
site_19442,0,0.9600511115856305,0.8465136390132677,0.6785714285714286,0.8571428571428572,0.8571428571428572,1.0,1.0,1.0
site_15183,0,0.9875619926710592,0.6586860070070466,0.6785714285714286,0.8571428571428572,0.8571428571428572,1.0,1.0,1.0
site_12666,0,0.9871809622428579,0.394349247053036,0.6785714285714286,0.8571428571428572,0.8571428571428572,1.0,1.0,1.0
site_16851,1,0.9530786713884928,0.9518384436823911,0.6785714285714286,0.5714285714285714,1.0,1.0,1.0,1.0
site_19509,0,0.958479985026408,0.8273653717776116,0.6785714285714286,0.8571428571428572,0.8571428571428572,1.0,1.0,1.0
site_13003,1,0.998233140459587,0.9219630396739618,0.6785714285714286,0.8571428571428572,0.8571428571428572,1.0,1.0,1.0
site_06245,0,0.9756821306352015,0.8810046480223248,0.6785714285714286,0.8571428571428572,0.8571428571428572,1.0,1.0,1.0
site_13479,0,0.7867672534612199,0.8183343683716965,0.6785714285714286,0.5714285714285714,1.0,1.0,1.0,1.0
site_13736,0,0.9015046901119806,0.679368571461888,0.6785714285714286,0.8571428571428572,0.8571428571428572,1.0,1.0,1.0
site_05293,0,0.9648128224988504,0.6790670956434777,0.6785714285714286,0.8571428571428572,0.8571428571428572,1.0,1.0,1.0
site_00668,0,0.9873454195923235,0.8895370168931194,0.6785714285714286,0.8571428571428572,0.8571428571428572,1.0,1.0,1.0
site_08425,0,0.9875296544842743,0.5330290513683396,0.6785714285714286,0.8571428571428572,0.8571428571428572,1.0,1.0,1.0
site_12555,0,0.970409305356001,0.48298677629291786,0.6785714285714286,0.8571428571428572,0.8571428571428572,1.0,1.0,1.0
site_21392,1,0.9665331156743666,0.9352747723539128,0.6785714285714286,0.8571428571428572,0.8571428571428572,1.0,1.0,1.0
site_04796,0,0.9850994553026534,0.7093329805910213,0.6785714285714286,0.8571428571428572,0.8571428571428572,1.0,1.0,1.0
site_19050,1,0.9850003906141486,0.9458894370774501,0.6357142857142858,1.0,0.8571428571428572,1.0,0.7142857142857143,1.0
site_20210,0,0.3689616954317252,0.9956250223454522,0.7571428571428572,0.8571428571428572,0.8571428571428572,1.0,1.0,0.7142857142857143
site_19376,0,0.9892060156769658,0.874417864660632,0.6785714285714286,0.8571428571428572,0.8571428571428572,1.0,1.0,1.0
site_11405,1,0.9846623840020541,0.9716736256875974,0.6785714285714286,0.8571428571428572,0.8571428571428572,1.0,1.0,1.0
site_05042,0,0.9787777794320384,0.682275271070286,0.6785714285714286,0.8571428571428572,0.8571428571428572,1.0,1.0,1.0
site_06140,0,0.9869640808531644,0.8056221659741171,0.6785714285714286,0.8571428571428572,0.8571428571428572,1.0,1.0,1.0
site_05958,1,0.9558077990011962,0.9110762023894693,0.6785714285714286,0.8571428571428572,0.8571428571428572,1.0,1.0,1.0
site_21007,1,0.9687651994507736,0.9330561683595473,0.6785714285714286,0.8571428571428572,0.8571428571428572,1.0,1.0,1.0
site_00773,0,0.8366703048477406,0.8738334675944248,0.6785714285714286,0.8571428571428572,0.8571428571428572,1.0,1.0,1.0
site_12127,1,0.96700905464759,0.9665820960046508,0.55,1.0,0.0,1.0,1.0,1.0
site_01706,0,0.9614546250324741,0.8912725529166379,0.6785714285714286,0.8571428571428572,0.8571428571428572,1.0,1.0,1.0
site_20312,0,0.9554936795024175,0.7774540747899082,0.6785714285714286,0.8571428571428572,0.8571428571428572,1.0,1.0,1.0
site_12310,0,0.949839893653994,0.5064800598376491,0.6785714285714286,0.8571428571428572,0.8571428571428572,1.0,1.0,1.0
site_11318,0,0.9784964116851962,0.2107755907193417,0.6785714285714286,0.8571428571428572,0.8571428571428572,1.0,1.0,1.0
site_01585,0,0.8522322771460589,0.8984785303812697,0.6785714285714286,0.7142857142857143,0.8571428571428572,1.0,1.0,1.0
site_11966,0,0.9714558506011315,0.7928594928008073,0.6785714285714286,0.8571428571428572,0.8571428571428572,1.0,1.0,1.0
site_17898,0,0.9627261776636546,0.8312803135819036,0.6785714285714286,0.8571428571428572,0.8571428571428572,1.0,1.0,1.0
site_05711,0,0.9883608105274879,0.844479082210065,0.6785714285714286,0.8571428571428572,0.8571428571428572,1.0,1.0,1.0
site_13682,0,0.9876896725285317,0.8681757597805692,0.6785714285714286,0.8571428571428572,0.8571428571428572,1.0,1.0,1.0
site_11902,0,0.8974978324715083,0.2319042267674296,0.6785714285714286,0.8571428571428572,0.8571428571428572,1.0,1.0,1.0
site_07603,0,0.9780541167959256,0.6801481524955091,0.6785714285714286,0.8571428571428572,0.8571428571428572,1.0,1.0,1.0
site_21092,0,0.9036023819802793,0.792749005424936,0.6785714285714286,0.8571428571428572,0.8571428571428572,1.0,1.0,1.0
site_12397,1,0.9330480940950586,0.9656052459413236,0.7428571428571429,0.8571428571428572,0.8571428571428572,1.0,1.0,1.0
site_18480,0,0.9619265997415419,0.7571027097439021,0.6785714285714286,0.8571428571428572,0.8571428571428572,1.0,1.0,1.0
site_19904,0,0.9811983390061059,0.7613956106454,0.6785714285714286,0.8571428571428572,0.8571428571428572,1.0,1.0,1.0
site_19792,1,0.9754850687033804,0.9285492918889044,0.6785714285714286,0.8571428571428572,0.8571428571428572,1.0,1.0,1.0
site_05689,0,0.53578645576066,0.933103924645715,0.6785714285714286,0.8571428571428572,0.8571428571428572,1.0,1.0,1.0
site_03549,0,0.8457495427981363,0.8737866417611286,0.6785714285714286,0.8571428571428572,0.8571428571428572,1.0,1.0,1.0
site_17367,0,0.9841698083460101,0.8415030473810976,0.6785714285714286,0.8571428571428572,0.8571428571428572,1.0,1.0,1.0
site_13941,0,0.9915060331182377,0.6592099556347413,0.6785714285714286,0.8571428571428572,0.8571428571428572,1.0,1.0,1.0
site_13234,0,0.9899962548508584,0.904548817111209,0.6785714285714286,0.8571428571428572,0.8571428571428572,1.0,1.0,1.0
site_04509,0,0.981306912898738,0.7850115386876866,0.6785714285714286,0.8571428571428572,0.8571428571428572,1.0,1.0,1.0
site_07007,0,0.9601345511493207,0.5453942004043748,0.6785714285714286,0.8571428571428572,0.8571428571428572,1.0,1.0,1.0
site_13464,0,0.963973266612085,0.8867882396575136,0.6785714285714286,0.8571428571428572,0.8571428571428572,1.0,1.0,1.0
site_15596,0,0.9860848925708259,0.6490109819505834,0.6785714285714286,0.8571428571428572,0.8571428571428572,1.0,1.0,1.0
site_05472,0,0.9883608952897149,0.5884039930769963,0.6785714285714286,0.8571428571428572,0.8571428571428572,1.0,1.0,1.0
site_00813,0,0.9394618748370329,0.8670345949780308,0.6785714285714286,0.8571428571428572,0.8571428571428572,1.0,1.0,1.0
site_13551,0,0.8574167745959937,0.8507131556993777,0.6785714285714286,0.8571428571428572,0.8571428571428572,1.0,1.0,1.0
site_17089,0,0.9759462162022635,0.6287495290043263,0.6785714285714286,0.8571428571428572,0.8571428571428572,1.0,1.0,1.0
site_04519,0,0.965617910897172,0.7483337012157829,0.6785714285714286,0.8571428571428572,0.8571428571428572,1.0,1.0,1.0
site_07308,0,0.9885342498786578,0.668759548046699,0.6785714285714286,0.8571428571428572,0.8571428571428572,1.0,1.0,1.0
site_18937,0,0.9859248484458832,0.718933524099187,0.6785714285714286,0.8571428571428572,0.8571428571428572,1.0,1.0,1.0
site_18133,0,0.9842778382700643,0.7618202648147095,0.6785714285714286,0.8571428571428572,0.8571428571428572,1.0,1.0,1.0
site_13241,0,0.9259502877698099,0.892247822209697,0.6785714285714286,0.8571428571428572,0.8571428571428572,1.0,1.0,1.0
site_17402,0,0.9496921018623934,0.7052710348330703,0.6785714285714286,0.8571428571428572,0.8571428571428572,1.0,1.0,1.0
site_15914,0,0.9773041014902891,0.6177689659056764,0.6785714285714286,0.8571428571428572,0.8571428571428572,1.0,1.0,1.0
site_11541,0,0.8091757782148603,0.9032734327449549,0.7428571428571429,0.8571428571428572,0.8571428571428572,1.0,1.0,1.0
site_08743,0,0.9964184496410433,0.3406296808385476,0.6785714285714286,0.8571428571428572,0.8571428571428572,1.0,1.0,1.0
site_13532,0,0.9880716660791806,0.74258790377866,0.6785714285714286,0.8571428571428572,0.8571428571428572,1.0,1.0,1.0
site_02760,0,0.9716671972968368,0.8635331089109812,0.6785714285714286,0.8571428571428572,0.8571428571428572,1.0,1.0,1.0
site_07889,0,0.9908690710629223,0.6039831636131916,0.6785714285714286,0.8571428571428572,0.8571428571428572,1.0,1.0,1.0
site_10952,0,0.9778905499155701,0.4851042879545209,0.6785714285714286,0.8571428571428572,0.8571428571428572,1.0,1.0,1.0
site_01663,0,0.9922957362409035,0.8983245071541107,0.6785714285714286,0.8571428571428572,0.8571428571428572,1.0,1.0,1.0
site_17293,0,0.9878117860226127,0.6709788359290265,0.6785714285714286,0.8571428571428572,0.8571428571428572,1.0,1.0,1.0
site_12869,1,0.9442894133997851,0.9272720880970478,0.6785714285714286,0.8571428571428572,0.8571428571428572,1.0,1.0,1.0
site_15090,0,0.9540305642381882,0.7531056540402443,0.6785714285714286,0.8571428571428572,0.8571428571428572,1.0,1.0,1.0
site_15815,0,0.9612111022228136,0.733099560600257,0.6785714285714286,0.8571428571428572,0.8571428571428572,1.0,1.0,1.0
site_03465,1,0.9755671408940018,0.9279776347254095,0.6785714285714286,0.8571428571428572,0.8571428571428572,1.0,1.0,1.0
site_11676,0,0.9784779391084256,0.8039018211883782,0.6785714285714286,0.8571428571428572,0.8571428571428572,1.0,1.0,1.0
site_20982,0,0.9448833972801929,0.7585804632447162,0.6785714285714286,0.8571428571428572,0.8571428571428572,1.0,1.0,1.0
site_14674,0,0.9845936939973172,0.6913074721264822,0.6785714285714286,0.8571428571428572,0.8571428571428572,1.0,1.0,1.0
site_05926,0,0.9836627998250478,0.5577704575707167,0.6785714285714286,0.8571428571428572,0.8571428571428572,1.0,1.0,1.0
site_00114,0,0.9070601592286937,0.868136269080844,0.55,1.0,0.0,1.0,1.0,1.0
site_06504,0,0.991941856271758,0.7210351656074412,0.6785714285714286,0.8571428571428572,0.8571428571428572,1.0,1.0,1.0
site_03470,1,0.9749361596986825,0.9351420497360132,0.6785714285714286,0.8571428571428572,0.8571428571428572,1.0,1.0,1.0
site_13257,0,0.994553635704154,0.41136751193204746,0.6785714285714286,0.8571428571428572,0.8571428571428572,1.0,1.0,1.0
site_11188,0,0.9727767013161238,0.2571211859605492,0.6785714285714286,0.8571428571428572,0.8571428571428572,1.0,1.0,1.0
site_12431,0,0.9741807102959869,0.47769130278553085,0.6785714285714286,0.8571428571428572,0.8571428571428572,1.0,1.0,1.0
site_17810,0,0.9295102640462225,0.8738904267346981,0.6785714285714286,0.8571428571428572,0.8571428571428572,1.0,1.0,1.0
site_04527,0,0.9709553603885718,0.5834191035386147,0.6785714285714286,0.8571428571428572,0.8571428571428572,1.0,1.0,1.0
site_19448,0,0.9653596525003538,0.9007879924396672,0.6785714285714286,0.8571428571428572,0.8571428571428572,1.0,1.0,1.0
site_07416,0,0.9569808299809965,0.7308322518908599,0.6785714285714286,0.8571428571428572,0.8571428571428572,1.0,1.0,1.0
site_14942,0,0.9903570187237263,0.6553018132018729,0.6785714285714286,0.8571428571428572,0.8571428571428572,1.0,1.0,1.0
site_21053,0,0.9513900364390392,0.888388375529161,0.6785714285714286,0.8571428571428572,0.8571428571428572,1.0,1.0,1.0
site_01107,0,0.925085668344534,0.777055108100138,0.6785714285714286,0.8571428571428572,0.8571428571428572,1.0,1.0,1.0
site_14896,0,0.9742777546628391,0.7488279234662192,0.6785714285714286,0.8571428571428572,0.8571428571428572,1.0,1.0,1.0
site_14875,0,0.9769500543253222,0.7270631611168831,0.6785714285714286,0.8571428571428572,0.8571428571428572,1.0,1.0,1.0
site_04859,0,0.9843391558239571,0.6631811115961563,0.6785714285714286,0.8571428571428572,0.8571428571428572,1.0,1.0,1.0
site_09896,0,0.9947793030246859,0.16664527625793912,0.6785714285714286,0.8571428571428572,0.8571428571428572,1.0,1.0,1.0
site_03917,0,0.9995527291721361,0.7308443553184965,0.6785714285714286,0.8571428571428572,0.8571428571428572,1.0,1.0,1.0
site_04595,0,0.9701414958396687,0.5831895029049878,0.6785714285714286,0.8571428571428572,0.8571428571428572,1.0,1.0,1.0
site_01551,0,0.9035385811725709,0.9163954339398298,0.3928571428571429,0.1428571428571429,1.0,0.1428571428571429,0.5714285714285714,0.7142857142857143
site_02383,0,0.9721261987279064,0.7298099817447892,0.6785714285714286,0.8571428571428572,0.8571428571428572,1.0,1.0,1.0
site_02796,0,0.986526816741785,0.7019094491121608,0.6785714285714286,0.8571428571428572,0.8571428571428572,1.0,1.0,1.0
site_02781,1,0.9669013600466316,0.9789595569647361,0.55,1.0,0.0,1.0,1.0,1.0
site_02913,0,0.881005755873102,0.7648319143396013,0.6785714285714286,0.8571428571428572,0.8571428571428572,1.0,1.0,1.0
site_04723,0,0.9651900460784605,0.7387719460597271,0.6785714285714286,0.8571428571428572,0.8571428571428572,1.0,1.0,1.0
site_18685,0,0.9873658892044205,0.8107127425679466,0.6785714285714286,0.8571428571428572,0.8571428571428572,1.0,1.0,1.0
site_18557,0,0.9764487202163046,0.7604058424066158,0.6785714285714286,0.8571428571428572,0.8571428571428572,1.0,1.0,1.0
site_07778,0,0.9917453643891999,0.6050605010116336,0.6785714285714286,0.8571428571428572,0.8571428571428572,1.0,1.0,1.0
site_04967,0,0.9871811764770579,0.6713394684798433,0.6785714285714286,0.8571428571428572,0.8571428571428572,1.0,1.0,1.0
site_09487,0,0.9815440403517978,0.1627982044878502,0.6785714285714286,0.8571428571428572,0.8571428571428572,1.0,1.0,1.0
site_15754,0,0.9610726324132783,0.8045524910238001,0.6785714285714286,0.8571428571428572,0.8571428571428572,1.0,1.0,1.0
site_05069,0,0.9736740110174352,0.6780396738164942,0.6785714285714286,0.8571428571428572,0.8571428571428572,1.0,1.0,1.0
site_20234,0,0.995153243698042,0.7106868779637141,0.6785714285714286,0.8571428571428572,0.8571428571428572,1.0,1.0,1.0
site_19453,1,0.9236409474150196,0.9455317570870524,0.6785714285714286,0.8571428571428572,0.8571428571428572,1.0,1.0,1.0
site_14489,0,0.9921857106787023,0.7512121016102502,0.6785714285714286,0.8571428571428572,0.8571428571428572,1.0,1.0,1.0
site_10614,1,0.9692259855458756,0.9550254103964454,0.6785714285714286,0.8571428571428572,0.8571428571428572,1.0,1.0,1.0
site_16406,0,0.9901613604916427,0.6553036357680526,0.6785714285714286,0.8571428571428572,0.8571428571428572,1.0,1.0,1.0
site_02772,1,0.9710315662879214,0.9307134429227526,0.6785714285714286,0.8571428571428572,0.8571428571428572,1.0,1.0,1.0
site_07646,0,0.9854256827595523,0.4135649264343958,0.6785714285714286,0.8571428571428572,0.8571428571428572,1.0,1.0,1.0
site_18904,0,0.980025063985608,0.8717587108713933,0.6785714285714286,0.8571428571428572,0.8571428571428572,1.0,1.0,1.0
site_16306,1,0.9213356085825067,0.9138636186239094,0.55,1.0,0.0,1.0,1.0,1.0
site_05904,0,0.9675700650902368,0.8740853291624308,0.6785714285714286,0.8571428571428572,0.8571428571428572,1.0,1.0,1.0
site_12173,0,0.9866903715132508,0.3964607826976848,0.6785714285714286,0.8571428571428572,0.8571428571428572,1.0,1.0,1.0
site_18228,0,0.8369062679844954,0.7706640715571722,0.6785714285714286,0.8571428571428572,0.8571428571428572,1.0,1.0,1.0
site_01480,0,0.878248796443441,0.865220200039623,0.6785714285714286,0.8571428571428572,0.8571428571428572,1.0,1.0,1.0
site_01956,0,0.8359978851693957,0.8348126122351536,0.6785714285714286,0.8571428571428572,0.8571428571428572,1.0,1.0,1.0
site_14660,0,0.9717262383794899,0.7575362168811514,0.6785714285714286,0.8571428571428572,0.8571428571428572,1.0,1.0,1.0
site_04909,0,0.9915059250696846,0.6504932822005265,0.6785714285714286,0.8571428571428572,0.8571428571428572,1.0,1.0,1.0
site_02280,0,0.7837170353551557,0.8316006624803767,0.6785714285714286,0.7142857142857143,0.8571428571428572,1.0,1.0,1.0
site_19832,0,0.9751982426416997,0.6847551286242797,0.6785714285714286,0.8571428571428572,0.8571428571428572,1.0,1.0,1.0
site_17303,0,0.9689626302380001,0.7455290732912239,0.6785714285714286,0.8571428571428572,0.8571428571428572,1.0,1.0,1.0
site_15055,0,0.9709953588451914,0.7303387621759105,0.6785714285714286,0.8571428571428572,0.8571428571428572,1.0,1.0,1.0
site_02443,0,0.9049410588436295,0.7319861507779569,0.6785714285714286,0.8571428571428572,0.8571428571428572,1.0,1.0,1.0
site_06590,0,0.9058454997494466,0.791230337525185,0.3928571428571429,0.1428571428571429,1.0,0.1428571428571429,0.5714285714285714,0.7142857142857143
site_12469,0,0.994935070848703,0.7746109635862695,0.6785714285714286,0.8571428571428572,0.8571428571428572,1.0,1.0,1.0
site_18653,0,0.973845906950911,0.759462209978838,0.6785714285714286,0.8571428571428572,0.8571428571428572,1.0,1.0,1.0
site_10340,0,0.9739030385548236,0.3446354465319108,0.6785714285714286,0.8571428571428572,0.8571428571428572,1.0,1.0,1.0
site_11692,0,0.9837717854199253,0.8982417611500673,0.7428571428571429,0.8571428571428572,0.8571428571428572,1.0,1.0,1.0
site_18049,0,0.9959988372634393,0.8164396638661379,0.6785714285714286,0.8571428571428572,0.8571428571428572,1.0,1.0,1.0
site_21358,0,0.5865267716594577,0.9494740674785791,0.6714285714285715,0.4285714285714286,0.7142857142857143,1.0,1.0,0.7142857142857143
site_10970,1,0.8685609768805307,0.9315677495566403,0.7357142857142858,0.7142857142857143,0.8571428571428572,1.0,0.7142857142857143,0.7142857142857143
site_14997,0,0.986685560558278,0.7047130665569724,0.6785714285714286,0.8571428571428572,0.8571428571428572,1.0,1.0,1.0
site_00181,0,0.29803206773753066,0.9461616096238049,0.6785714285714286,0.5714285714285714,0.8571428571428572,1.0,0.5714285714285714,0.5714285714285714
site_00785,0,0.9417950901962495,0.8409730353338436,0.6785714285714286,0.8571428571428572,0.8571428571428572,1.0,1.0,1.0
site_07607,0,0.9860723272692611,0.6655757197419618,0.6785714285714286,0.8571428571428572,0.8571428571428572,1.0,1.0,1.0
site_19711,0,0.9398647320044166,0.7776089642505049,0.6785714285714286,0.8571428571428572,0.8571428571428572,1.0,1.0,1.0
site_06071,0,0.9295757414694102,0.7264526479683844,0.6785714285714286,0.8571428571428572,0.8571428571428572,1.0,1.0,1.0
site_04855,0,0.9924025259352295,0.6411977287579205,0.6785714285714286,0.8571428571428572,0.8571428571428572,1.0,1.0,1.0
site_08210,0,0.9979978929116334,0.2804096507409741,0.6785714285714286,0.8571428571428572,0.8571428571428572,1.0,1.0,1.0
site_11686,0,0.6767820082735684,0.882706836269989,0.6785714285714286,0.5714285714285714,1.0,1.0,1.0,1.0
site_18058,0,0.9823965918714344,0.7609712871371148,0.6785714285714286,0.8571428571428572,0.8571428571428572,1.0,1.0,1.0
site_18459,0,0.9722401657336637,0.7833683032943705,0.6785714285714286,0.8571428571428572,0.8571428571428572,1.0,1.0,1.0
site_15970,0,0.9876737633105385,0.8886519130892472,0.55,1.0,0.0,1.0,1.0,1.0
site_04128,0,0.9758971845140223,0.8422631149029574,0.6785714285714286,0.8571428571428572,0.8571428571428572,1.0,1.0,1.0
site_04610,0,0.9928498441507669,0.6637145666578561,0.6785714285714286,0.8571428571428572,0.8571428571428572,1.0,1.0,1.0
site_15985,0,0.9935228185093997,0.6092534040226454,0.6785714285714286,0.8571428571428572,0.8571428571428572,1.0,1.0,1.0
site_03613,1,0.9165836034100063,0.9091018507259091,0.6785714285714286,0.8571428571428572,0.8571428571428572,1.0,1.0,1.0
site_17761,0,0.9883950544672011,0.7346057223968977,0.6785714285714286,0.8571428571428572,0.8571428571428572,1.0,1.0,1.0
site_07389,0,0.9869641861073585,0.5699324415234542,0.6785714285714286,0.8571428571428572,0.8571428571428572,1.0,1.0,1.0
site_02617,0,0.9591075645552102,0.7369586741488863,0.6785714285714286,0.8571428571428572,0.8571428571428572,1.0,1.0,1.0
site_17037,0,0.9323082819260673,0.607905384065188,0.6785714285714286,0.8571428571428572,0.8571428571428572,1.0,1.0,1.0
site_16558,1,0.9772275248726279,0.9863773675652588,0.6785714285714286,0.5714285714285714,1.0,1.0,1.0,1.0
site_17930,0,0.9571998779304705,0.7020115079555104,0.6785714285714286,0.8571428571428572,0.8571428571428572,1.0,1.0,1.0
site_00822,0,0.7820561875129137,0.9453820521920318,0.6785714285714286,0.7142857142857143,0.8571428571428572,1.0,1.0,1.0
site_08824,0,0.9880068341529524,0.854016897534503,0.6785714285714286,0.8571428571428572,0.8571428571428572,1.0,1.0,1.0
site_02834,1,0.9638262944991632,0.955918497416258,0.6785714285714286,0.8571428571428572,0.8571428571428572,1.0,1.0,1.0
site_08252,0,0.9915059790939612,0.3566278291776819,0.6785714285714286,0.8571428571428572,0.8571428571428572,1.0,1.0,1.0
site_14514,0,0.9959958626681429,0.6376907888104926,0.6785714285714286,0.8571428571428572,0.8571428571428572,1.0,1.0,1.0
site_06344,0,0.9927813567370672,0.7286613168101997,0.6785714285714286,0.8571428571428572,0.8571428571428572,1.0,1.0,1.0
site_19573,0,0.9572271247949165,0.780997517696274,0.6785714285714286,0.8571428571428572,0.8571428571428572,1.0,1.0,1.0
site_01405,0,0.7694733299210854,0.956679408256849,0.7642857142857142,0.8571428571428572,0.7142857142857143,1.0,1.0,0.5714285714285714
site_10312,0,0.9757647821896163,0.08985925128410144,0.6785714285714286,0.8571428571428572,0.8571428571428572,1.0,1.0,1.0
site_01276,0,0.9920734482320157,0.9038878508511348,0.6785714285714286,0.8571428571428572,0.8571428571428572,1.0,1.0,1.0
site_14546,0,0.9877060297754391,0.7807153814243012,0.6785714285714286,0.8571428571428572,0.8571428571428572,1.0,1.0,1.0
site_02699,0,0.8987179092816598,0.8304720578301246,0.6785714285714286,0.8571428571428572,0.8571428571428572,1.0,1.0,1.0
site_02030,0,0.9872050943283243,0.7534763938785463,0.6785714285714286,0.8571428571428572,0.8571428571428572,1.0,1.0,1.0
site_06139,0,0.9898703438227167,0.813402533367212,0.6785714285714286,0.8571428571428572,0.8571428571428572,1.0,1.0,1.0
site_17020,1,0.9767292123972853,0.9135049718167648,0.55,1.0,0.0,1.0,1.0,1.0
site_00591,1,0.9824773041406113,0.9131809644470275,0.6785714285714286,0.8571428571428572,0.8571428571428572,1.0,1.0,1.0
site_11167,0,0.9818725414855773,0.06717050117303514,0.6785714285714286,0.8571428571428572,0.8571428571428572,1.0,1.0,1.0
site_12908,0,0.9811148565955757,0.422114213222213,0.6785714285714286,0.8571428571428572,0.8571428571428572,1.0,1.0,1.0
site_16983,0,0.955593203397273,0.6030514198779805,0.6785714285714286,0.8571428571428572,0.8571428571428572,1.0,1.0,1.0
site_01367,1,0.9010216609181856,0.981922282173908,0.6357142857142858,0.4285714285714286,0.8571428571428572,1.0,0.7142857142857143,0.5714285714285714
site_07488,0,0.9903154647405231,0.7220157869663146,0.6785714285714286,0.8571428571428572,0.8571428571428572,1.0,1.0,1.0
site_19379,0,0.9781097841556529,0.9017045642554393,0.6785714285714286,0.8571428571428572,0.8571428571428572,1.0,1.0,1.0
site_10092,0,0.9683317179702061,0.47278147361861655,0.6785714285714286,0.8571428571428572,0.8571428571428572,1.0,1.0,1.0
site_09864,0,0.8160955652343214,0.9032365370954335,0.7428571428571429,0.8571428571428572,0.8571428571428572,1.0,1.0,1.0
site_19213,0,0.979907870426506,0.6587096306375739,0.6785714285714286,0.8571428571428572,0.8571428571428572,1.0,1.0,1.0
site_08248,0,0.8979293634894013,0.3847659603514245,0.6785714285714286,0.8571428571428572,0.8571428571428572,1.0,1.0,1.0
site_09382,0,0.9689313222382819,0.09204294218596853,0.6785714285714286,0.8571428571428572,0.8571428571428572,1.0,1.0,1.0
site_20554,1,0.9428398749951267,0.9757794735873753,0.7571428571428572,0.8571428571428572,0.8571428571428572,1.0,1.0,0.7142857142857143
site_19613,0,0.9800081487983272,0.6409792885625767,0.6785714285714286,0.8571428571428572,0.8571428571428572,1.0,1.0,1.0
site_02045,1,0.9188269223730312,0.9886583290084204,0.6785714285714286,0.7142857142857143,0.8571428571428572,1.0,1.0,1.0
site_03176,0,0.9656745842261869,0.7358767286409693,0.6785714285714286,0.8571428571428572,0.8571428571428572,1.0,1.0,1.0
site_06138,0,0.9936689062076561,0.8210575910140154,0.6785714285714286,0.8571428571428572,0.8571428571428572,1.0,1.0,1.0
site_04344,0,0.9795275115759494,0.6857349595809369,0.6785714285714286,0.8571428571428572,0.8571428571428572,1.0,1.0,1.0
site_06646,0,0.9591832395263247,0.5979371544804813,0.6785714285714286,0.8571428571428572,0.8571428571428572,1.0,1.0,1.0
site_17844,0,0.9635577677639869,0.6925178870068838,0.6785714285714286,0.8571428571428572,0.8571428571428572,1.0,1.0,1.0
site_02042,1,0.9366857535553488,0.990258086274336,0.6785714285714286,0.7142857142857143,0.8571428571428572,1.0,1.0,1.0
site_20485,0,0.6572977691744304,0.9937281770281524,0.5857142857142859,0.2857142857142857,1.0,1.0,0.5714285714285714,0.7142857142857143
site_10493,1,0.9213758100958899,0.9669528716281298,0.6785714285714286,0.8571428571428572,0.8571428571428572,1.0,1.0,1.0
site_10984,1,0.9591024341118433,0.9686766419123577,0.6785714285714286,0.8571428571428572,0.8571428571428572,1.0,1.0,1.0
site_19360,0,0.9979803371175215,0.7287642858471289,0.6785714285714286,0.8571428571428572,0.8571428571428572,1.0,1.0,1.0
site_06333,0,0.9959958244785682,0.8114678032721324,0.6785714285714286,0.8571428571428572,0.8571428571428572,1.0,1.0,1.0
site_04290,0,0.9926167391776781,0.7396424840286565,0.6785714285714286,0.8571428571428572,0.8571428571428572,1.0,1.0,1.0
site_19698,0,0.9813661123284084,0.6612045387054578,0.6785714285714286,0.8571428571428572,0.8571428571428572,1.0,1.0,1.0
site_00860,1,0.9455656158445618,0.9313057117838774,0.6785714285714286,0.7142857142857143,0.8571428571428572,1.0,1.0,1.0
site_05095,0,0.9654553946958503,0.6482706255463117,0.6785714285714286,0.8571428571428572,0.8571428571428572,1.0,1.0,1.0
site_02634,0,0.8409314566208755,0.7628790149871888,0.6785714285714286,0.8571428571428572,0.8571428571428572,1.0,1.0,1.0
site_12047,0,0.979802783894071,0.39882778605864877,0.6785714285714286,0.8571428571428572,0.8571428571428572,1.0,1.0,1.0
site_10677,0,0.9955233137182735,0.2700884092154737,0.6785714285714286,0.8571428571428572,0.8571428571428572,1.0,1.0,1.0
site_06109,0,0.9846751905499573,0.8627794572909442,0.6785714285714286,0.8571428571428572,0.8571428571428572,1.0,1.0,1.0
site_01446,0,0.9679707128509998,0.8559843867472857,0.6785714285714286,0.8571428571428572,0.8571428571428572,1.0,1.0,1.0
site_00437,1,0.9785291410822596,0.9121564046131913,0.6785714285714286,0.8571428571428572,0.8571428571428572,1.0,1.0,1.0
site_13602,0,0.9847536719890937,0.4953034268564752,0.6785714285714286,0.8571428571428572,0.8571428571428572,1.0,1.0,1.0
site_01164,1,0.864207499481665,0.9197900550353143,0.6785714285714286,0.8571428571428572,0.8571428571428572,1.0,1.0,1.0
site_18315,0,0.8669221858463728,0.8422400161833834,0.6357142857142858,1.0,0.8571428571428572,1.0,0.7142857142857143,1.0
site_05023,0,0.9696086935210093,0.6914222550309463,0.6785714285714286,0.8571428571428572,0.8571428571428572,1.0,1.0,1.0
site_06769,0,0.9962011947386793,0.8069991268810797,0.6785714285714286,0.8571428571428572,0.8571428571428572,1.0,1.0,1.0
site_03107,0,0.931498998263235,0.6450425965163902,0.6785714285714286,0.8571428571428572,0.8571428571428572,1.0,1.0,1.0
site_16076,0,0.9766456349785447,0.5968677947427778,0.6785714285714286,0.8571428571428572,0.8571428571428572,1.0,1.0,1.0
site_04745,0,0.9851803547938922,0.7297250746676075,0.6785714285714286,0.8571428571428572,0.8571428571428572,1.0,1.0,1.0
site_02370,0,0.9706181427172056,0.7744908794033865,0.6785714285714286,0.8571428571428572,0.8571428571428572,1.0,1.0,1.0
site_17880,0,0.9689826303977629,0.8556780593239632,0.6785714285714286,0.8571428571428572,0.8571428571428572,1.0,1.0,1.0
site_07799,0,0.9359108218807828,0.47326263469141405,0.6785714285714286,0.8571428571428572,0.8571428571428572,1.0,1.0,1.0
site_01087,0,0.912208374719655,0.8942525432899016,0.6785714285714286,0.8571428571428572,0.8571428571428572,1.0,1.0,1.0
site_11556,1,0.9847871018388463,0.999059015052595,0.7428571428571429,0.8571428571428572,0.8571428571428572,1.0,1.0,1.0
site_18847,0,0.9784197884948828,0.7342029074101736,0.6785714285714286,0.8571428571428572,0.8571428571428572,1.0,1.0,1.0
site_15864,0,0.9770517317396157,0.6295189478812002,0.6785714285714286,0.8571428571428572,0.8571428571428572,1.0,1.0,1.0
site_05868,0,0.9873383377548292,0.6846218863540315,0.6785714285714286,0.8571428571428572,0.8571428571428572,1.0,1.0,1.0
site_01808,0,0.9574402859611516,0.8401634811029983,0.6785714285714286,0.8571428571428572,0.8571428571428572,1.0,1.0,1.0
site_16521,0,0.928899998366604,0.6338065412391074,0.6785714285714286,0.8571428571428572,0.8571428571428572,1.0,1.0,1.0
site_07097,0,0.9949349497598073,0.7610233646581106,0.6785714285714286,0.8571428571428572,0.8571428571428572,1.0,1.0,1.0
site_06945,0,0.9746502203802999,0.55764533659477,0.6785714285714286,0.8571428571428572,0.8571428571428572,1.0,1.0,1.0
site_15686,0,0.9565116496310612,0.8119314622042791,0.6785714285714286,0.8571428571428572,0.8571428571428572,1.0,1.0,1.0
site_15738,0,0.9940086276248049,0.6597433480304518,0.6785714285714286,0.8571428571428572,0.8571428571428572,1.0,1.0,1.0
site_09403,0,0.9731469054655936,0.3897711819765295,0.55,1.0,0.0,1.0,1.0,1.0
site_06091,0,0.8943062048901016,0.6688898459929724,0.6785714285714286,0.8571428571428572,0.8571428571428572,1.0,1.0,1.0
site_05856,0,0.9904824481906442,0.5772595869379069,0.6785714285714286,0.8571428571428572,0.8571428571428572,1.0,1.0,1.0
site_00980,0,0.940268069801571,0.8497167692321854,0.6785714285714286,0.8571428571428572,0.8571428571428572,1.0,1.0,1.0
site_01141,1,0.9554113353275072,0.9943969105539698,0.6357142857142858,0.4285714285714286,0.8571428571428572,1.0,0.7142857142857143,0.5714285714285714
site_02475,1,0.9448402262945051,0.9383037564768322,0.6785714285714286,0.7142857142857143,0.8571428571428572,1.0,1.0,1.0
site_09064,0,0.9791203231519108,0.0704889184986901,0.6785714285714286,0.8571428571428572,0.8571428571428572,1.0,1.0,1.0
site_06974,0,0.9885342498786578,0.7674034928340947,0.6785714285714286,0.8571428571428572,0.8571428571428572,1.0,1.0,1.0
site_04291,0,0.89391610490361,0.7458756811433835,0.6785714285714286,0.8571428571428572,0.8571428571428572,1.0,1.0,1.0
site_20877,0,0.9708099475280458,0.7764829904991498,0.6785714285714286,0.8571428571428572,0.8571428571428572,1.0,1.0,1.0
site_15904,1,0.909333567850855,0.9153161585938305,0.6785714285714286,0.5714285714285714,1.0,1.0,1.0,1.0
site_15263,0,0.988127630572429,0.6674299830193218,0.6785714285714286,0.8571428571428572,0.8571428571428572,1.0,1.0,1.0
site_17620,0,0.9602359230470157,0.8932242942181674,0.6785714285714286,0.7142857142857143,0.8571428571428572,1.0,1.0,1.0
site_08879,0,0.9813418237588306,0.8629896837341077,0.6785714285714286,0.8571428571428572,0.8571428571428572,1.0,1.0,1.0
site_20477,1,0.9462689150542246,0.947284481097815,0.6785714285714286,0.8571428571428572,0.8571428571428572,1.0,1.0,1.0
site_16429,1,0.9878515655877669,0.9330872870237834,0.55,1.0,0.0,1.0,1.0,1.0
site_01161,0,0.9001284123521464,0.8992337090935549,0.6785714285714286,0.8571428571428572,0.8571428571428572,1.0,1.0,1.0
site_20302,0,0.9550778937667818,0.698578653893664,0.6785714285714286,0.8571428571428572,0.8571428571428572,1.0,1.0,1.0
site_17256,0,0.9339376541070432,0.7803747954031546,0.6785714285714286,0.8571428571428572,0.8571428571428572,1.0,1.0,1.0
site_20215,0,0.7326582221282721,0.9769436872211678,0.7571428571428572,0.8571428571428572,0.8571428571428572,1.0,1.0,0.7142857142857143
site_19031,0,0.9856504116411422,0.780298933159268,0.6785714285714286,0.8571428571428572,0.8571428571428572,1.0,1.0,1.0
site_18275,0,0.9782061578763133,0.8051838332253152,0.6785714285714286,0.8571428571428572,0.8571428571428572,1.0,1.0,1.0
site_05333,0,0.8958704722291075,0.7164538949934351,0.55,1.0,0.0,1.0,1.0,1.0
site_03328,0,0.9974674543879367,0.884240079192063,0.6785714285714286,0.8571428571428572,0.8571428571428572,1.0,1.0,1.0
site_20650,0,0.9719845209940873,0.7854020240928036,0.6785714285714286,0.8571428571428572,0.8571428571428572,1.0,1.0,1.0
site_09709,0,0.9554297110331612,0.29074982539269134,0.6785714285714286,0.8571428571428572,0.8571428571428572,1.0,1.0,1.0
site_14268,0,0.9082846474004621,0.8016811231541914,0.6785714285714286,0.8571428571428572,0.8571428571428572,1.0,1.0,1.0
site_12850,0,0.9051919475839628,0.8286549671255444,0.6785714285714286,0.7142857142857143,0.8571428571428572,1.0,1.0,1.0
site_16919,1,0.8662936264289682,0.9776798531481007,0.6785714285714286,0.7142857142857143,0.8571428571428572,1.0,1.0,1.0
site_07347,0,0.9946278808948459,0.7391876011839406,0.6785714285714286,0.8571428571428572,0.8571428571428572,1.0,1.0,1.0
site_18466,0,0.9611039888485547,0.8391616442779932,0.6785714285714286,0.8571428571428572,0.8571428571428572,1.0,1.0,1.0
site_02592,0,0.6316721397357212,0.8904025465392744,0.6785714285714286,0.5714285714285714,1.0,1.0,1.0,1.0
site_19939,0,0.7358898127710827,0.979863655002685,0.7571428571428572,0.8571428571428572,0.8571428571428572,1.0,1.0,0.7142857142857143
site_12919,0,0.9701266037683997,0.5136158113670489,0.6785714285714286,0.8571428571428572,0.8571428571428572,1.0,1.0,1.0
site_11355,0,0.9782189653556697,0.5424202837521774,0.6785714285714286,0.8571428571428572,0.8571428571428572,1.0,1.0,1.0
site_09777,0,0.9594586031268446,0.13549128014521794,0.6785714285714286,0.8571428571428572,0.8571428571428572,1.0,1.0,1.0
site_01198,0,0.9813431948577115,0.8864103967553975,0.6785714285714286,0.8571428571428572,0.8571428571428572,1.0,1.0,1.0
site_05745,0,0.6632261622835021,0.7774744854413969,0.55,1.0,0.0,1.0,1.0,1.0
site_06922,0,0.9987337247489041,0.7278205074085434,0.6785714285714286,0.8571428571428572,0.8571428571428572,1.0,1.0,1.0
site_06058,0,0.8973865573650484,0.833663802096255,0.6785714285714286,0.8571428571428572,0.8571428571428572,1.0,1.0,1.0
site_15838,1,0.9732043258199499,0.9399727107490188,0.6785714285714286,0.5714285714285714,1.0,1.0,1.0,1.0
site_20285,0,0.8426824989242835,0.9787136635607602,0.7571428571428572,0.8571428571428572,0.8571428571428572,1.0,1.0,0.7142857142857143
site_10111,0,0.6646117173156555,0.9796313337030084,0.7428571428571429,0.8571428571428572,0.8571428571428572,1.0,1.0,1.0
site_04712,0,0.9389858278152565,0.690694422481945,0.6785714285714286,0.8571428571428572,0.8571428571428572,1.0,1.0,1.0
site_02673,0,0.656575468322668,0.9929071960723664,0.7428571428571429,0.8571428571428572,0.8571428571428572,1.0,1.0,1.0
site_21492,0,0.9593604354276213,0.8536915784714204,0.6785714285714286,0.8571428571428572,0.8571428571428572,1.0,1.0,1.0
site_06106,0,0.7812100257611596,0.8038367505920082,0.55,1.0,0.0,1.0,1.0,1.0
site_10477,1,0.9365582711659217,0.9782805433206366,0.6785714285714286,0.8571428571428572,0.8571428571428572,1.0,1.0,1.0
site_11225,0,0.9775488370518131,0.5888248415817848,0.6785714285714286,0.8571428571428572,0.8571428571428572,1.0,1.0,1.0
site_05571,0,0.9759139897898439,0.5549086587902665,0.6785714285714286,0.8571428571428572,0.8571428571428572,1.0,1.0,1.0
site_14536,0,0.9964336346542947,0.7571192004650475,0.6785714285714286,0.8571428571428572,0.8571428571428572,1.0,1.0,1.0
site_10588,0,0.768482845108867,0.533872025486345,0.3500000000000001,0.1428571428571429,1.0,0.1428571428571429,0.2857142857142857,0.7142857142857143
site_14234,0,0.9883607248338079,0.6363969552387659,0.6785714285714286,0.8571428571428572,0.8571428571428572,1.0,1.0,1.0
site_01589,0,0.6529415197713055,0.8728029368187314,0.6785714285714286,0.7142857142857143,0.8571428571428572,1.0,1.0,1.0
site_07041,0,0.9899898548369924,0.7364071500481533,0.6785714285714286,0.8571428571428572,0.8571428571428572,1.0,1.0,1.0
site_08485,0,0.9810091906993474,0.49852071178448687,0.6785714285714286,0.8571428571428572,0.8571428571428572,1.0,1.0,1.0
site_06841,0,0.9815440012307699,0.8129900456946506,0.6785714285714286,0.8571428571428572,0.8571428571428572,1.0,1.0,1.0
site_14802,0,0.98724701623548,0.7534621786354879,0.6785714285714286,0.8571428571428572,0.8571428571428572,1.0,1.0,1.0
site_13601,0,0.9915059250696846,0.4874867773150786,0.6785714285714286,0.8571428571428572,0.8571428571428572,1.0,1.0,1.0
site_18213,0,0.9899856558466696,0.7211491576940092,0.6785714285714286,0.8571428571428572,0.8571428571428572,1.0,1.0,1.0
site_11799,0,0.967177744519688,0.5959417732423713,0.6785714285714286,0.8571428571428572,0.8571428571428572,1.0,1.0,1.0
site_20306,0,0.9919710694335799,0.7310328821226174,0.6785714285714286,0.8571428571428572,0.8571428571428572,1.0,1.0,1.0
site_21433,0,0.9063617929943524,0.8936152325776707,0.6785714285714286,0.8571428571428572,0.8571428571428572,1.0,1.0,1.0
site_17029,1,0.8971878747049306,0.9922586924551153,0.6785714285714286,0.7142857142857143,0.8571428571428572,1.0,1.0,1.0
site_03012,0,0.9399883842589264,0.7394019392345018,0.6785714285714286,0.8571428571428572,0.8571428571428572,1.0,1.0,1.0
site_13409,0,0.9734164977830524,0.6957010439822721,0.6785714285714286,0.8571428571428572,0.8571428571428572,1.0,1.0,1.0
site_11253,1,0.8931615906797705,0.9377362860203604,0.7428571428571429,0.8571428571428572,0.8571428571428572,1.0,1.0,1.0
site_18331,0,0.9660122471321082,0.7891531492466315,0.6785714285714286,0.8571428571428572,0.8571428571428572,1.0,1.0,1.0
site_16194,0,0.9542353087947171,0.5834903489603804,0.6785714285714286,0.8571428571428572,0.8571428571428572,1.0,1.0,1.0
site_10303,0,0.957560696759068,0.02409567150435943,0.6785714285714286,0.8571428571428572,0.8571428571428572,1.0,1.0,1.0
site_11690,0,0.9930247142138124,0.894347836767812,0.7428571428571429,0.8571428571428572,0.8571428571428572,1.0,1.0,1.0
site_13621,0,0.9703686679225932,0.6330482309831993,0.6785714285714286,0.8571428571428572,0.8571428571428572,1.0,1.0,1.0
site_02927,0,0.947647562430603,0.849569375293967,0.6785714285714286,0.8571428571428572,0.8571428571428572,1.0,1.0,1.0
site_03248,0,0.8627347455413354,0.7909430870170855,0.6785714285714286,0.8571428571428572,0.8571428571428572,1.0,1.0,1.0
site_00945,0,0.9766609182600922,0.8143581212699381,0.6785714285714286,0.8571428571428572,0.8571428571428572,1.0,1.0,1.0
site_13298,0,0.7549561796797661,0.7141403262006873,0.6785714285714286,0.8571428571428572,0.8571428571428572,1.0,1.0,1.0
site_20271,1,0.9889305244673787,0.9704512441926557,0.6785714285714286,0.8571428571428572,0.8571428571428572,1.0,1.0,1.0
site_12887,1,0.9936885617297927,0.9248788971555191,0.6785714285714286,0.5714285714285714,1.0,1.0,1.0,1.0
site_17756,0,0.930372826823177,0.77466493257546,0.6785714285714286,0.8571428571428572,0.8571428571428572,1.0,1.0,1.0
site_06288,0,0.909833601651423,0.640054376167543,0.55,1.0,0.0,1.0,1.0,1.0
site_13111,1,0.9830307157893243,0.9108739954857237,0.6785714285714286,0.8571428571428572,0.8571428571428572,1.0,1.0,1.0
site_15996,0,0.9563902999284764,0.6134858090026583,0.6785714285714286,0.8571428571428572,0.8571428571428572,1.0,1.0,1.0
site_17670,0,0.9701135746032189,0.86679528946055,0.6785714285714286,0.8571428571428572,0.8571428571428572,1.0,1.0,1.0
site_02359,1,0.9717596235194964,0.9791811239179685,0.6785714285714286,0.8571428571428572,0.8571428571428572,1.0,1.0,1.0
site_03377,0,0.984322488403186,0.80878793278748,0.6785714285714286,0.8571428571428572,0.8571428571428572,1.0,1.0,1.0
site_20142,0,0.6815898559189684,0.9916517367386214,0.7571428571428572,0.8571428571428572,0.8571428571428572,1.0,1.0,0.7142857142857143
site_15823,0,0.9821217368442764,0.805687584111968,0.6785714285714286,0.8571428571428572,0.8571428571428572,1.0,1.0,1.0
site_06000,0,0.9887815832627217,0.5650150119176831,0.6785714285714286,0.8571428571428572,0.8571428571428572,1.0,1.0,1.0
site_18335,0,0.9982886977914235,0.8004749851181805,0.6785714285714286,0.8571428571428572,0.8571428571428572,1.0,1.0,1.0
site_00978,0,0.9831519406772012,0.831656595365017,0.6785714285714286,0.8571428571428572,0.8571428571428572,1.0,1.0,1.0
site_08906,0,0.9820725263170508,0.2771161302057934,0.6785714285714286,0.8571428571428572,0.8571428571428572,1.0,1.0,1.0
site_11558,0,0.6432367626662412,0.989501436570238,0.7428571428571429,0.8571428571428572,0.8571428571428572,1.0,1.0,1.0
site_12904,0,0.9860725694470525,0.3881660084911903,0.6785714285714286,0.8571428571428572,0.8571428571428572,1.0,1.0,1.0
site_21168,0,0.7811260012449578,0.991780283861442,0.8214285714285715,0.8571428571428572,0.7142857142857143,1.0,1.0,0.7142857142857143
site_00592,1,0.9853986277744335,0.9137154381912705,0.6785714285714286,0.8571428571428572,0.8571428571428572,1.0,1.0,1.0
site_19759,0,0.9722326917544378,0.6058101113136161,0.6785714285714286,0.8571428571428572,0.8571428571428572,1.0,1.0,1.0
site_20598,0,0.9387779200441899,0.862304488933193,0.6785714285714286,0.8571428571428572,0.8571428571428572,1.0,1.0,1.0
site_04977,0,0.9962014359850178,0.7022801212441525,0.6785714285714286,0.8571428571428572,0.8571428571428572,1.0,1.0,1.0
site_13854,0,0.9356186585931595,0.7346683891374329,0.6785714285714286,0.8571428571428572,0.8571428571428572,1.0,1.0,1.0
site_15151,0,0.9804000278601331,0.7034839122154926,0.6785714285714286,0.8571428571428572,0.8571428571428572,1.0,1.0,1.0
site_13363,0,0.9335925842865154,0.8450728744238755,0.6785714285714286,0.8571428571428572,0.8571428571428572,1.0,1.0,1.0
site_02452,0,0.9756907055919255,0.7718964445270822,0.6785714285714286,0.8571428571428572,0.8571428571428572,1.0,1.0,1.0
site_01495,1,0.9463673398344881,0.9366448970180976,0.6785714285714286,0.7142857142857143,0.8571428571428572,1.0,1.0,1.0
site_20208,0,0.7785056822510534,0.9848160916305079,0.7571428571428572,0.8571428571428572,0.8571428571428572,1.0,1.0,0.7142857142857143
site_04508,0,0.9850994553026534,0.7868783002601002,0.6785714285714286,0.8571428571428572,0.8571428571428572,1.0,1.0,1.0
site_17438,0,0.7557483916712062,0.7359049684992582,0.41428571428571437,0.1428571428571429,1.0,0.1428571428571429,0.7142857142857143,0.7142857142857143
site_02887,1,0.9908518885486179,0.9373301275324073,0.6785714285714286,0.8571428571428572,0.8571428571428572,1.0,1.0,1.0
site_05675,0,0.9408830858917144,0.662288524690249,0.6785714285714286,0.8571428571428572,0.8571428571428572,1.0,1.0,1.0
site_08511,0,0.9677184716408465,0.35426249897929407,0.6785714285714286,0.8571428571428572,0.8571428571428572,1.0,1.0,1.0
site_12242,0,0.9015771571588113,0.8915740498758361,0.7428571428571429,0.8571428571428572,0.8571428571428572,1.0,1.0,1.0
site_12805,0,0.9356381967522125,0.550235681704822,0.6785714285714286,0.8571428571428572,0.8571428571428572,1.0,1.0,1.0
site_14534,0,0.9362873971690743,0.748923873397725,0.6785714285714286,0.8571428571428572,0.8571428571428572,1.0,1.0,1.0
site_00356,0,0.9873841913252839,0.8808652992743802,0.6785714285714286,0.8571428571428572,0.8571428571428572,1.0,1.0,1.0
site_13188,0,0.9460863092736479,0.7473938404007554,0.6785714285714286,0.8571428571428572,0.8571428571428572,1.0,1.0,1.0
site_13855,0,0.8608573087856559,0.7413494641499379,0.6785714285714286,0.8571428571428572,0.8571428571428572,1.0,1.0,1.0
site_07253,0,0.9942669032535044,0.5881813788523709,0.6785714285714286,0.8571428571428572,0.8571428571428572,1.0,1.0,1.0
site_18015,0,0.9893262578818811,0.7617317533660494,0.6785714285714286,0.8571428571428572,0.8571428571428572,1.0,1.0,1.0
site_15067,0,0.963845407915628,0.7254085839281583,0.6785714285714286,0.8571428571428572,0.8571428571428572,1.0,1.0,1.0
site_07518,0,0.9818725414855773,0.611948893541467,0.6785714285714286,0.8571428571428572,0.8571428571428572,1.0,1.0,1.0
site_16085,0,0.9515419825112165,0.6787494755764387,0.6785714285714286,0.8571428571428572,0.8571428571428572,1.0,1.0,1.0
site_16010,0,0.9688903587963087,0.6244602943379546,0.6785714285714286,0.8571428571428572,0.8571428571428572,1.0,1.0,1.0
site_07815,0,0.9636608125513492,0.35261193892026166,0.6785714285714286,0.8571428571428572,0.8571428571428572,1.0,1.0,1.0
site_05404,0,0.9856752860946848,0.6367471518925396,0.6785714285714286,0.8571428571428572,0.8571428571428572,1.0,1.0,1.0
site_14020,0,0.9815440012307699,0.5268781647683622,0.6785714285714286,0.8571428571428572,0.8571428571428572,1.0,1.0,1.0
site_07862,0,0.9967717253300264,0.42412575462087776,0.6785714285714286,0.8571428571428572,0.8571428571428572,1.0,1.0,1.0
site_03824,0,0.9889254154474318,0.8558795452216756,0.6785714285714286,0.8571428571428572,0.8571428571428572,1.0,1.0,1.0
site_18362,0,0.9794932508700814,0.742485424022213,0.6785714285714286,0.8571428571428572,0.8571428571428572,1.0,1.0,1.0
site_04461,0,0.9162358882628332,0.5962992329915873,0.6785714285714286,0.8571428571428572,0.8571428571428572,1.0,1.0,1.0
site_10485,0,0.7096174121450508,0.9918738813322642,0.7428571428571429,0.8571428571428572,0.8571428571428572,1.0,1.0,1.0
site_20367,0,0.992140606927948,0.6616911457967145,0.6785714285714286,0.8571428571428572,0.8571428571428572,1.0,1.0,1.0
site_03946,0,0.9639703604785874,0.8719436994762523,0.6785714285714286,0.8571428571428572,0.8571428571428572,1.0,1.0,1.0
site_04794,0,0.9967716305546792,0.7176226899075804,0.6785714285714286,0.8571428571428572,0.8571428571428572,1.0,1.0,1.0
site_19936,0,0.7485248466366289,0.9928465211111315,0.7571428571428572,0.8571428571428572,0.8571428571428572,1.0,1.0,0.7142857142857143
site_07543,0,0.8863292708269622,0.43058885551209347,0.6785714285714286,0.8571428571428572,0.8571428571428572,1.0,1.0,1.0
site_20172,0,0.9629964629821782,0.7717298543559025,0.6785714285714286,0.8571428571428572,0.8571428571428572,1.0,1.0,1.0
site_05861,0,0.9901106391475795,0.6221283948584111,0.6785714285714286,0.8571428571428572,0.8571428571428572,1.0,1.0,1.0
site_05156,0,0.9959957867547198,0.6720772153800053,0.6785714285714286,0.8571428571428572,0.8571428571428572,1.0,1.0,1.0
site_09986,1,0.9808475128057654,0.9479894474631613,0.7428571428571429,0.8571428571428572,0.8571428571428572,1.0,1.0,1.0
site_04533,0,0.9111366075889965,0.6201776558797063,0.6785714285714286,0.8571428571428572,0.8571428571428572,1.0,1.0,1.0
site_03799,0,0.9802238640088093,0.8230790005467591,0.6785714285714286,0.8571428571428572,0.8571428571428572,1.0,1.0,1.0
site_09328,0,0.8367148655613702,0.9213789222612309,0.7428571428571429,0.8571428571428572,0.8571428571428572,1.0,1.0,1.0
site_03249,0,0.9813653354965697,0.7968046221511145,0.6785714285714286,0.8571428571428572,0.8571428571428572,1.0,1.0,1.0
site_13912,0,0.9512236304898054,0.7739797982862444,0.55,1.0,0.0,1.0,1.0,1.0
site_18204,0,0.9901371212890762,0.7801248801980882,0.6785714285714286,0.8571428571428572,0.8571428571428572,1.0,1.0,1.0
site_20326,0,0.9722944265992944,0.8648877673934516,0.6785714285714286,0.8571428571428572,0.8571428571428572,1.0,1.0,1.0
site_17196,0,0.9698423373396843,0.7110328361132914,0.6785714285714286,0.8571428571428572,0.8571428571428572,1.0,1.0,1.0
site_13203,0,0.8284670798562563,0.8185934801255631,0.6785714285714286,0.8571428571428572,0.8571428571428572,1.0,1.0,1.0
site_18464,0,0.9704115128997156,0.8237706623202237,0.6785714285714286,0.8571428571428572,0.8571428571428572,1.0,1.0,1.0
site_15923,0,0.9778260821874821,0.6211012781024382,0.6785714285714286,0.8571428571428572,0.8571428571428572,1.0,1.0,1.0
site_05214,0,0.973072540117459,0.613167414112,0.6785714285714286,0.8571428571428572,0.8571428571428572,1.0,1.0,1.0
site_00164,0,0.9717264526136901,0.8952365030295036,0.6785714285714286,0.8571428571428572,0.8571428571428572,1.0,1.0,1.0
site_17376,1,0.9850181450406221,0.9099847635952567,0.6785714285714286,0.8571428571428572,0.8571428571428572,1.0,1.0,1.0
site_18237,0,0.8633068961623896,0.835920694000869,0.41428571428571437,0.1428571428571429,1.0,0.1428571428571429,0.7142857142857143,0.7142857142857143
site_21440,0,0.9784534158126807,0.9083802857561346,0.6785714285714286,0.8571428571428572,0.8571428571428572,1.0,1.0,1.0
site_16485,1,0.9554529750043905,0.9131339906618237,0.6785714285714286,0.8571428571428572,0.8571428571428572,1.0,1.0,1.0
site_07088,0,0.9802848276105455,0.7766104576118658,0.6785714285714286,0.8571428571428572,0.8571428571428572,1.0,1.0,1.0
site_18354,0,0.9882516908033722,0.7851947119509001,0.6785714285714286,0.8571428571428572,0.8571428571428572,1.0,1.0,1.0
site_10150,0,0.9515715617340847,0.8045767689786085,0.6785714285714286,0.8571428571428572,0.8571428571428572,1.0,1.0,1.0
site_09574,0,0.9753712842624197,0.08113049830682928,0.6785714285714286,0.8571428571428572,0.8571428571428572,1.0,1.0,1.0
site_13478,0,0.8399592729980675,0.8253705079428826,0.6785714285714286,0.5714285714285714,1.0,1.0,1.0,1.0
site_12490,0,0.966584833673187,0.8741591466329788,0.7428571428571429,0.8571428571428572,0.8571428571428572,1.0,1.0,1.0
site_00215,0,0.8656844561381295,0.8910737846310754,0.6785714285714286,0.5714285714285714,0.8571428571428572,1.0,0.5714285714285714,0.5714285714285714
site_15919,0,0.9909979478375565,0.6193700473201083,0.6785714285714286,0.8571428571428572,0.8571428571428572,1.0,1.0,1.0
site_18234,0,0.9789162250237945,0.8156127737125998,0.6785714285714286,0.8571428571428572,0.8571428571428572,1.0,1.0,1.0
site_03483,0,0.9584073130599076,0.6228354510267832,0.6785714285714286,0.8571428571428572,0.8571428571428572,1.0,1.0,1.0
site_17457,0,0.9656791110879812,0.736456629466136,0.6785714285714286,0.8571428571428572,0.8571428571428572,1.0,1.0,1.0
site_08747,0,0.9747928798656276,0.31575347104481355,0.6785714285714286,0.8571428571428572,0.8571428571428572,1.0,1.0,1.0
site_11997,1,0.9700573241538859,0.960420801852878,0.6785714285714286,0.8571428571428572,0.8571428571428572,1.0,1.0,1.0
site_08113,0,0.9934814894721067,0.5718799109376735,0.6785714285714286,0.8571428571428572,0.8571428571428572,1.0,1.0,1.0
site_21540,0,0.8230002850693412,0.8272810199270677,0.6785714285714286,0.8571428571428572,0.8571428571428572,1.0,1.0,1.0
site_16854,1,0.9624387945930537,0.9669515086703968,0.6785714285714286,0.5714285714285714,1.0,1.0,1.0,1.0
site_07638,0,0.9637380225570803,0.4748990096016118,0.6785714285714286,0.8571428571428572,0.8571428571428572,1.0,1.0,1.0
site_13608,0,0.9770550160430491,0.5412488513635731,0.6785714285714286,0.8571428571428572,0.8571428571428572,1.0,1.0,1.0
site_04161,0,0.9686356846308042,0.7282445230126557,0.6785714285714286,0.8571428571428572,0.8571428571428572,1.0,1.0,1.0
site_08236,0,0.9821621693580146,0.46316209421646315,0.6785714285714286,0.8571428571428572,0.8571428571428572,1.0,1.0,1.0
site_08310,0,0.9666935454208695,0.3002486717340992,0.6785714285714286,0.8571428571428572,0.8571428571428572,1.0,1.0,1.0
site_10460,0,0.9726155059152186,0.4167938112162972,0.6785714285714286,0.8571428571428572,0.8571428571428572,1.0,1.0,1.0
site_18386,0,0.9644317538810743,0.8112617536874679,0.6785714285714286,0.8571428571428572,0.8571428571428572,1.0,1.0,1.0
site_15706,0,0.9421326264245569,0.6447843446099211,0.6785714285714286,0.8571428571428572,0.8571428571428572,1.0,1.0,1.0
site_13552,0,0.9759459311776321,0.8549478360366624,0.6785714285714286,0.8571428571428572,0.8571428571428572,1.0,1.0,1.0
site_05578,0,0.9711768152127117,0.6185656313293824,0.6785714285714286,0.8571428571428572,0.8571428571428572,1.0,1.0,1.0
site_10471,0,0.9388424473852727,0.5257261989155642,0.5642857142857143,0.4285714285714286,1.0,1.0,0.2857142857142857,0.7142857142857143
site_12100,0,0.9654341501148206,0.8251444775645513,0.6785714285714286,0.8571428571428572,0.8571428571428572,1.0,1.0,1.0
site_05736,0,0.9829899311863356,0.6880597830325275,0.6785714285714286,0.8571428571428572,0.8571428571428572,1.0,1.0,1.0
site_19609,0,0.9787065083709163,0.6458175002425157,0.6785714285714286,0.8571428571428572,0.8571428571428572,1.0,1.0,1.0
site_20543,1,0.994550952187934,0.934595386521344,0.6785714285714286,0.8571428571428572,0.8571428571428572,1.0,1.0,1.0
site_15479,0,0.849681019806656,0.8384575621003852,0.6785714285714286,0.5714285714285714,1.0,1.0,1.0,1.0
site_09579,0,0.9811149013053219,0.12665677400189268,0.6785714285714286,0.8571428571428572,0.8571428571428572,1.0,1.0,1.0
site_05129,0,0.9883264082407573,0.6723663181419679,0.6785714285714286,0.8571428571428572,0.8571428571428572,1.0,1.0,1.0
site_12167,0,0.9414180305523752,0.3436347746927938,0.6785714285714286,0.8571428571428572,0.8571428571428572,1.0,1.0,1.0
site_09687,0,0.9739798815680555,0.07218703170746832,0.6785714285714286,0.8571428571428572,0.8571428571428572,1.0,1.0,1.0
site_05642,1,0.9767255760046012,0.9666089523874631,0.6785714285714286,0.8571428571428572,0.8571428571428572,1.0,1.0,1.0
site_18519,0,0.9831836063548883,0.7040262197034352,0.6785714285714286,0.8571428571428572,0.8571428571428572,1.0,1.0,1.0
site_19051,0,0.506189170154921,0.9544356853378532,0.6357142857142858,1.0,0.8571428571428572,1.0,0.7142857142857143,1.0
site_03010,0,0.9649579242540596,0.7245056662526759,0.6785714285714286,0.8571428571428572,0.8571428571428572,1.0,1.0,1.0
site_20015,0,0.9914551925481849,0.607561369382621,0.6785714285714286,0.8571428571428572,0.8571428571428572,1.0,1.0,1.0
site_01497,1,0.9637584809917409,0.9250138299065463,0.6785714285714286,0.7142857142857143,0.8571428571428572,1.0,1.0,1.0
site_05767,0,0.9390708322200606,0.8834875503748523,0.6785714285714286,0.8571428571428572,0.8571428571428572,1.0,1.0,1.0
site_07793,0,0.9696217580814058,0.5149437239767798,0.6785714285714286,0.8571428571428572,0.8571428571428572,1.0,1.0,1.0
site_17417,0,0.9420011909484105,0.829398192147654,0.6785714285714286,0.8571428571428572,0.8571428571428572,1.0,1.0,1.0
site_18316,0,0.6312510037338004,0.8488010087462821,0.41428571428571437,0.1428571428571429,1.0,0.1428571428571429,0.7142857142857143,0.7142857142857143
site_20018,0,0.964758380931329,0.6340124385636872,0.6785714285714286,0.8571428571428572,0.8571428571428572,1.0,1.0,1.0
site_12353,0,0.9589546795783644,0.8254241654198117,0.6785714285714286,0.8571428571428572,0.8571428571428572,1.0,1.0,1.0
site_20918,0,0.9911111780639559,0.7092250540956531,0.6785714285714286,0.8571428571428572,0.8571428571428572,1.0,1.0,1.0
site_09743,0,0.6616855240453188,0.9167210045464235,0.7428571428571429,0.8571428571428572,0.8571428571428572,1.0,1.0,1.0
site_05801,0,0.9699263283235765,0.695407474668686,0.6785714285714286,0.8571428571428572,0.8571428571428572,1.0,1.0,1.0
site_00805,0,0.9810333581800296,0.8400760345377059,0.6785714285714286,0.8571428571428572,0.8571428571428572,1.0,1.0,1.0
site_14599,0,0.9774598665199472,0.6219114501188072,0.6785714285714286,0.8571428571428572,0.8571428571428572,1.0,1.0,1.0
site_09845,1,0.9245480187442332,0.9762295237234188,0.7428571428571429,0.8571428571428572,0.8571428571428572,1.0,1.0,1.0
site_21483,0,0.9767739165546837,0.8819788570768984,0.6785714285714286,0.8571428571428572,0.8571428571428572,1.0,1.0,1.0
site_06899,0,0.9879546951373561,0.804060138240987,0.6785714285714286,0.8571428571428572,0.8571428571428572,1.0,1.0,1.0
site_03858,0,0.9903943951400268,0.7716257163952118,0.6785714285714286,0.8571428571428572,0.8571428571428572,1.0,1.0,1.0
site_05481,0,0.9826171431861215,0.5918971433695502,0.6785714285714286,0.8571428571428572,0.8571428571428572,1.0,1.0,1.0
site_13292,0,0.960751150709639,0.6781438846744194,0.6785714285714286,0.8571428571428572,0.8571428571428572,1.0,1.0,1.0
site_18147,0,0.9980312645455708,0.7183314753947098,0.6785714285714286,0.8571428571428572,0.8571428571428572,1.0,1.0,1.0
site_03966,0,0.9331091825115027,0.6245939171216068,0.6785714285714286,0.8571428571428572,0.8571428571428572,1.0,1.0,1.0
site_15395,0,0.9700118375759306,0.7411299231349957,0.6785714285714286,0.8571428571428572,0.8571428571428572,1.0,1.0,1.0
site_19190,0,0.9741754680782547,0.6987680636418244,0.6785714285714286,0.8571428571428572,0.8571428571428572,1.0,1.0,1.0
site_06685,0,0.9927814638541673,0.8290304481784423,0.6785714285714286,0.8571428571428572,0.8571428571428572,1.0,1.0,1.0
site_19531,1,0.9302232503675439,0.9936324969927994,0.6357142857142858,1.0,0.8571428571428572,1.0,0.7142857142857143,1.0
site_06240,0,0.9753063657110584,0.8607479498284253,0.6785714285714286,0.8571428571428572,0.8571428571428572,1.0,1.0,1.0
site_06736,0,0.9380014645124438,0.7197341009103704,0.6785714285714286,0.8571428571428572,0.8571428571428572,1.0,1.0,1.0
site_10339,0,0.990781887989448,0.33553948548679224,0.6785714285714286,0.8571428571428572,0.8571428571428572,1.0,1.0,1.0
site_14078,0,0.9870615453053395,0.8260884919816841,0.6785714285714286,0.8571428571428572,0.8571428571428572,1.0,1.0,1.0
site_01610,1,0.9337840165161378,0.9097381788833668,0.6785714285714286,0.8571428571428572,0.8571428571428572,1.0,1.0,1.0
site_12378,0,0.6285408777631964,0.9567630492815025,0.7428571428571429,0.8571428571428572,0.8571428571428572,1.0,1.0,1.0
site_14076,0,0.9954443507179134,0.8234521979449989,0.6785714285714286,0.8571428571428572,0.8571428571428572,1.0,1.0,1.0
site_13985,0,0.9857258462973714,0.8374329176895827,0.6785714285714286,0.8571428571428572,0.8571428571428572,1.0,1.0,1.0
site_01038,0,0.951083130112634,0.7914763003113686,0.6785714285714286,0.8571428571428572,0.8571428571428572,1.0,1.0,1.0
site_16138,0,0.9499875289614832,0.5947779624731816,0.6785714285714286,0.8571428571428572,0.8571428571428572,1.0,1.0,1.0
site_00297,1,0.9953071295211836,0.9226784864191984,0.55,1.0,0.0,1.0,1.0,1.0
site_07951,0,0.9895205580554265,0.5722231206969424,0.6785714285714286,0.8571428571428572,0.8571428571428572,1.0,1.0,1.0
site_21110,1,0.9378396301347504,0.9262518045401831,0.6785714285714286,0.8571428571428572,0.8571428571428572,1.0,1.0,1.0
site_01462,1,0.9103766685826283,0.9568623896237837,0.6357142857142858,0.4285714285714286,0.8571428571428572,1.0,0.7142857142857143,0.5714285714285714
site_01809,0,0.8977109638312462,0.834378107408304,0.6785714285714286,0.8571428571428572,0.8571428571428572,1.0,1.0,1.0
site_19471,0,0.9849505140979964,0.6639679280651509,0.6785714285714286,0.8571428571428572,0.8571428571428572,1.0,1.0,1.0
site_07115,0,0.9755672209989635,0.6698900816411753,0.6785714285714286,0.8571428571428572,0.8571428571428572,1.0,1.0,1.0
site_07715,0,0.9910017034562303,0.6529480708430982,0.6785714285714286,0.8571428571428572,0.8571428571428572,1.0,1.0,1.0
site_20138,0,0.6826166301417848,0.9864783847613666,0.7571428571428572,0.8571428571428572,0.8571428571428572,1.0,1.0,0.7142857142857143
site_09096,0,0.9544890962169236,0.8005323412999509,0.6785714285714286,0.8571428571428572,0.8571428571428572,1.0,1.0,1.0
site_11620,0,0.9955230752662942,0.3247800408526855,0.6785714285714286,0.8571428571428572,0.8571428571428572,1.0,1.0,1.0
site_10335,0,0.9737958674304761,0.2991525740225589,0.6785714285714286,0.8571428571428572,0.8571428571428572,1.0,1.0,1.0
site_10456,0,0.969450937044743,0.38045476949864054,0.6785714285714286,0.8571428571428572,0.8571428571428572,1.0,1.0,1.0
site_01039,0,0.9534982611783606,0.7881448183357468,0.6785714285714286,0.8571428571428572,0.8571428571428572,1.0,1.0,1.0
site_17740,0,0.5106208299964959,0.8838063682448358,0.6785714285714286,0.7142857142857143,0.8571428571428572,1.0,1.0,1.0
site_12212,0,0.9828026159791678,0.7307409467683693,0.6785714285714286,0.8571428571428572,0.8571428571428572,1.0,1.0,1.0
site_05990,0,0.9542968443086222,0.7552511894501694,0.6785714285714286,0.8571428571428572,0.8571428571428572,1.0,1.0,1.0
site_19227,0,0.9655720386976564,0.7467746682508312,0.6785714285714286,0.8571428571428572,0.8571428571428572,1.0,1.0,1.0
site_14817,0,0.9777130149653654,0.7590850783187786,0.6785714285714286,0.8571428571428572,0.8571428571428572,1.0,1.0,1.0
site_00077,0,0.5957504518963073,0.9650940916532972,0.6785714285714286,0.5714285714285714,0.8571428571428572,1.0,0.5714285714285714,0.5714285714285714
site_07961,0,0.9559345958411829,0.5151991172445742,0.6785714285714286,0.8571428571428572,0.8571428571428572,1.0,1.0,1.0
site_13049,0,0.7332773328859974,0.6043972580554553,0.6785714285714286,0.8571428571428572,0.8571428571428572,1.0,1.0,1.0
site_07973,0,0.9793324187358635,0.42055414734598173,0.6785714285714286,0.8571428571428572,0.8571428571428572,1.0,1.0,1.0
site_07424,0,0.9765711708963875,0.7254841802130796,0.6785714285714286,0.8571428571428572,0.8571428571428572,1.0,1.0,1.0
site_16646,0,0.945599904494021,0.7161327278386217,0.6785714285714286,0.8571428571428572,0.8571428571428572,1.0,1.0,1.0
site_21324,1,0.9630683152699998,0.9191650697868656,0.6785714285714286,0.8571428571428572,0.8571428571428572,1.0,1.0,1.0
site_14590,0,0.9915060331182377,0.5808725310421228,0.6785714285714286,0.8571428571428572,0.8571428571428572,1.0,1.0,1.0
site_08804,0,0.9823427706516403,0.24343760890280997,0.6785714285714286,0.8571428571428572,0.8571428571428572,1.0,1.0,1.0
site_03392,0,0.9891079560262955,0.8856147252264975,0.6785714285714286,0.8571428571428572,0.8571428571428572,1.0,1.0,1.0
site_03490,0,0.9304619557020605,0.6714950574190548,0.6785714285714286,0.8571428571428572,0.8571428571428572,1.0,1.0,1.0
site_06885,0,0.9449549403256038,0.5616709487950694,0.6785714285714286,0.8571428571428572,0.8571428571428572,1.0,1.0,1.0
site_19397,0,0.9847208270918528,0.6740341538903434,0.6785714285714286,0.8571428571428572,0.8571428571428572,1.0,1.0,1.0
site_13857,0,0.8373105931218765,0.7543503151766391,0.6785714285714286,0.8571428571428572,0.8571428571428572,1.0,1.0,1.0
site_19849,0,0.9880497769326444,0.881106501212949,0.6785714285714286,0.8571428571428572,0.8571428571428572,1.0,1.0,1.0
site_01783,0,0.9540226357098769,0.8692676362303782,0.6785714285714286,0.8571428571428572,0.8571428571428572,1.0,1.0,1.0
site_10882,1,0.9232933365905873,0.9238193258044247,0.6785714285714286,0.8571428571428572,0.8571428571428572,1.0,1.0,1.0
site_09569,0,0.9743518647928395,0.03793100527570714,0.6785714285714286,0.8571428571428572,0.8571428571428572,1.0,1.0,1.0
site_07326,0,0.9816311423888572,0.5457140213898171,0.6785714285714286,0.8571428571428572,0.8571428571428572,1.0,1.0,1.0
site_09706,0,0.9685600059338775,0.26343024524974157,0.6785714285714286,0.8571428571428572,0.8571428571428572,1.0,1.0,1.0
site_01120,0,0.904339876694097,0.8738874970719143,0.6785714285714286,0.8571428571428572,0.8571428571428572,1.0,1.0,1.0
site_18865,0,0.9915986409742409,0.7364035521887835,0.6785714285714286,0.8571428571428572,0.8571428571428572,1.0,1.0,1.0
site_13370,0,0.9838601616847491,0.4075485289304601,0.6785714285714286,0.8571428571428572,0.8571428571428572,1.0,1.0,1.0
site_18083,0,0.8072894442197034,0.8283602164919827,0.41428571428571437,0.1428571428571429,1.0,0.1428571428571429,0.7142857142857143,0.7142857142857143
site_10309,0,0.9703688225437985,0.06255401653121695,0.6785714285714286,0.8571428571428572,0.8571428571428572,1.0,1.0,1.0
site_09082,0,0.9789609720280329,0.8914470126725281,0.6785714285714286,0.8571428571428572,0.8571428571428572,1.0,1.0,1.0
site_15866,0,0.9857459936267151,0.6270143364943337,0.6785714285714286,0.8571428571428572,0.8571428571428572,1.0,1.0,1.0
site_18373,0,0.9969478428415613,0.7043344155150593,0.6785714285714286,0.8571428571428572,0.8571428571428572,1.0,1.0,1.0
site_14122,0,0.9860723272692611,0.5487598924136557,0.6785714285714286,0.8571428571428572,0.8571428571428572,1.0,1.0,1.0
site_18914,0,0.9776293891110666,0.7205195344317488,0.6785714285714286,0.8571428571428572,0.8571428571428572,1.0,1.0,1.0
site_04597,0,0.9885179578334635,0.5954667185079252,0.6785714285714286,0.8571428571428572,0.8571428571428572,1.0,1.0,1.0
site_12568,0,0.9599344936645098,0.5909626633173981,0.6785714285714286,0.8571428571428572,0.8571428571428572,1.0,1.0,1.0
site_15890,0,0.960894005800106,0.7882100002937034,0.6785714285714286,0.8571428571428572,0.8571428571428572,1.0,1.0,1.0
site_14995,0,0.9797720254516489,0.7130397078537152,0.6785714285714286,0.8571428571428572,0.8571428571428572,1.0,1.0,1.0
site_19572,0,0.9355345223025925,0.7719846809579396,0.6785714285714286,0.8571428571428572,0.8571428571428572,1.0,1.0,1.0
site_02488,0,0.8071634521551468,0.9787365971137204,0.4642857142857143,1.0,0.0,1.0,1.0,0.1428571428571429
site_20991,0,0.9780008600366763,0.8255728493960581,0.6785714285714286,0.8571428571428572,0.8571428571428572,1.0,1.0,1.0
site_18071,0,0.9807721638432164,0.7141269052784942,0.6785714285714286,0.8571428571428572,0.8571428571428572,1.0,1.0,1.0
site_04848,0,0.9692420233043888,0.6876138853866893,0.6785714285714286,0.8571428571428572,0.8571428571428572,1.0,1.0,1.0
site_21086,0,0.9142270346600683,0.7481027425787935,0.6785714285714286,0.8571428571428572,0.8571428571428572,1.0,1.0,1.0
site_11317,0,0.9577966300893253,0.20175010846966313,0.6785714285714286,0.8571428571428572,0.8571428571428572,1.0,1.0,1.0
site_20803,0,0.6522967158128119,0.9767824120833446,0.5857142857142859,0.2857142857142857,1.0,1.0,0.5714285714285714,0.7142857142857143
site_12090,0,0.8921804800109878,0.7583737152487887,0.6785714285714286,0.8571428571428572,0.8571428571428572,1.0,1.0,1.0
site_17437,0,0.8457778738739254,0.7447531501564825,0.41428571428571437,0.1428571428571429,1.0,0.1428571428571429,0.7142857142857143,0.7142857142857143
site_02382,0,0.9872637656241189,0.7235294137507589,0.6785714285714286,0.8571428571428572,0.8571428571428572,1.0,1.0,1.0
site_02910,0,0.9827818147697871,0.7420540378237566,0.6785714285714286,0.8571428571428572,0.8571428571428572,1.0,1.0,1.0
site_07009,0,0.9813712092394657,0.5291291798603757,0.6785714285714286,0.8571428571428572,0.8571428571428572,1.0,1.0,1.0
site_06873,0,0.9853162677648215,0.6568650583879424,0.6785714285714286,0.8571428571428572,0.8571428571428572,1.0,1.0,1.0
site_07469,0,0.9627799970205425,0.4744845181494789,0.6785714285714286,0.8571428571428572,0.8571428571428572,1.0,1.0,1.0
site_15076,0,0.9630821566622351,0.69669896555809,0.6785714285714286,0.8571428571428572,0.8571428571428572,1.0,1.0,1.0
site_08500,0,0.9524550151399123,0.4227021066132455,0.6785714285714286,0.8571428571428572,0.8571428571428572,1.0,1.0,1.0
site_15693,0,0.909769532585238,0.8737176458044298,0.6785714285714286,0.5714285714285714,1.0,1.0,1.0,1.0
site_15062,0,0.9730156898123657,0.7316914450192946,0.6785714285714286,0.8571428571428572,0.8571428571428572,1.0,1.0,1.0
site_15164,0,0.962548665068323,0.7150617133721152,0.6785714285714286,0.8571428571428572,0.8571428571428572,1.0,1.0,1.0
site_15827,0,0.9764650448623554,0.8418870078451879,0.6785714285714286,0.8571428571428572,0.8571428571428572,1.0,1.0,1.0
site_12570,0,0.9620353301182853,0.6070481149261613,0.6785714285714286,0.8571428571428572,0.8571428571428572,1.0,1.0,1.0
site_04620,0,0.906451495648311,0.7213471191656593,0.6785714285714286,0.8571428571428572,0.8571428571428572,1.0,1.0,1.0
site_14821,0,0.9946738718546246,0.7582433809098094,0.6785714285714286,0.8571428571428572,0.8571428571428572,1.0,1.0,1.0
site_12237,0,0.8873144724375146,0.8607440300776795,0.7428571428571429,0.8571428571428572,0.8571428571428572,1.0,1.0,1.0
site_01167,1,0.9910532286442706,0.9367237069530028,0.6785714285714286,0.8571428571428572,0.8571428571428572,1.0,1.0,1.0
site_02470,0,0.5754305578357526,0.916120166481388,0.6785714285714286,0.7142857142857143,0.8571428571428572,1.0,1.0,1.0
site_05737,0,0.9810090677475456,0.6970458324938134,0.6785714285714286,0.8571428571428572,0.8571428571428572,1.0,1.0,1.0
site_15705,0,0.9864665172660694,0.6443784156187291,0.6785714285714286,0.8571428571428572,0.8571428571428572,1.0,1.0,1.0
site_03543,1,0.9783480833766421,0.9125263133700567,0.6785714285714286,0.8571428571428572,0.8571428571428572,1.0,1.0,1.0
site_03922,0,0.9716499989478307,0.7589763222535432,0.6785714285714286,0.8571428571428572,0.8571428571428572,1.0,1.0,1.0
site_20400,0,0.9838901358437081,0.8923998231069757,0.6785714285714286,0.8571428571428572,0.8571428571428572,1.0,1.0,1.0
site_01250,0,0.5779854217613423,0.9960643723164598,0.6357142857142858,0.4285714285714286,0.8571428571428572,1.0,0.7142857142857143,0.5714285714285714
site_04078,0,0.9688284656044346,0.8161108331850095,0.6785714285714286,0.8571428571428572,0.8571428571428572,1.0,1.0,1.0
site_06602,0,0.9892561483427051,0.8397815830271764,0.6785714285714286,0.8571428571428572,0.8571428571428572,1.0,1.0,1.0
site_02124,0,0.9404525645689211,0.8266987501982416,0.6785714285714286,0.8571428571428572,0.8571428571428572,1.0,1.0,1.0
site_04464,0,0.9737371095095484,0.6151107574235988,0.6785714285714286,0.8571428571428572,0.8571428571428572,1.0,1.0,1.0
site_10793,0,0.9723535142545997,0.21485933603161944,0.6785714285714286,0.8571428571428572,0.8571428571428572,1.0,1.0,1.0
site_00263,1,0.971973827913141,0.97428510146877,0.6785714285714286,0.8571428571428572,0.8571428571428572,1.0,1.0,1.0
site_02451,0,0.9649348540250634,0.7631307723250988,0.6785714285714286,0.8571428571428572,0.8571428571428572,1.0,1.0,1.0
site_14217,0,0.9856752860946848,0.5358946781679397,0.6785714285714286,0.8571428571428572,0.8571428571428572,1.0,1.0,1.0
site_00882,0,0.9831936530074219,0.8292849332897371,0.6785714285714286,0.8571428571428572,0.8571428571428572,1.0,1.0,1.0
site_02123,0,0.932985090611156,0.8271648684578101,0.6785714285714286,0.8571428571428572,0.8571428571428572,1.0,1.0,1.0
site_11523,0,0.9531915411425641,0.753856671584446,0.6785714285714286,0.8571428571428572,0.8571428571428572,1.0,1.0,1.0
site_03509,0,0.984228974243371,0.783031339450075,0.6785714285714286,0.8571428571428572,0.8571428571428572,1.0,1.0,1.0
site_18599,0,0.9785838788518489,0.7052907801445915,0.6785714285714286,0.8571428571428572,0.8571428571428572,1.0,1.0,1.0
site_11759,0,0.9815441651665057,0.24251255282826711,0.6785714285714286,0.8571428571428572,0.8571428571428572,1.0,1.0,1.0
site_20494,0,0.6896595179955536,0.9895294020683035,0.7571428571428572,0.8571428571428572,0.8571428571428572,1.0,1.0,0.7142857142857143
site_19741,1,0.9401812770069221,0.9887322412179916,0.6714285714285715,0.4285714285714286,0.7142857142857143,1.0,1.0,0.7142857142857143
site_19805,0,0.5886822285197391,0.9886126178446046,0.6714285714285715,0.4285714285714286,0.7142857142857143,1.0,1.0,0.7142857142857143
site_11707,1,0.9598342357846554,0.9925419917694525,0.7428571428571429,0.8571428571428572,0.8571428571428572,1.0,1.0,1.0
site_11134,1,0.9889902324704114,0.9530954576418975,0.7428571428571429,0.8571428571428572,0.8571428571428572,1.0,1.0,1.0
site_02177,1,0.991753224921439,0.9605172897726906,0.6785714285714286,0.8571428571428572,0.8571428571428572,1.0,1.0,1.0
site_00582,0,0.6863090292345704,0.8775381001126918,0.6785714285714286,0.8571428571428572,0.8571428571428572,1.0,1.0,1.0
site_15029,0,0.9843588504671215,0.6878381919115351,0.6785714285714286,0.8571428571428572,0.8571428571428572,1.0,1.0,1.0
site_04294,0,0.9266567092100766,0.7635036844944088,0.6785714285714286,0.8571428571428572,0.8571428571428572,1.0,1.0,1.0
site_08708,0,0.9582632433546712,0.28947055913081354,0.6785714285714286,0.8571428571428572,0.8571428571428572,1.0,1.0,1.0
site_20247,0,0.9852364152268042,0.8119666265610416,0.6785714285714286,0.8571428571428572,0.8571428571428572,1.0,1.0,1.0
site_02037,0,0.7010128724724239,0.8172304946242006,0.6785714285714286,0.7142857142857143,0.8571428571428572,1.0,1.0,1.0
site_00269,1,0.9761157313417586,0.9116265605899175,0.6785714285714286,0.8571428571428572,0.8571428571428572,1.0,1.0,1.0
site_05198,0,0.9971686919883592,0.6595660087856641,0.6785714285714286,0.8571428571428572,0.8571428571428572,1.0,1.0,1.0
site_16412,0,0.9599093481581313,0.7969221286664255,0.6785714285714286,0.8571428571428572,0.8571428571428572,1.0,1.0,1.0
site_02858,0,0.9305180217236907,0.7545769918514308,0.6785714285714286,0.8571428571428572,0.8571428571428572,1.0,1.0,1.0
site_10543,0,0.9804477722802674,0.12537469095443587,0.6785714285714286,0.8571428571428572,0.8571428571428572,1.0,1.0,1.0
site_10095,0,0.934225033451832,0.5000925232536462,0.6785714285714286,0.8571428571428572,0.8571428571428572,1.0,1.0,1.0
site_02129,0,0.9371000191596165,0.8212593253145323,0.6785714285714286,0.8571428571428572,0.8571428571428572,1.0,1.0,1.0
site_00713,0,0.990235363504543,0.8863925127660351,0.6785714285714286,0.8571428571428572,0.8571428571428572,1.0,1.0,1.0
site_21352,1,0.9633554859693068,0.9448443447714476,0.6785714285714286,0.8571428571428572,0.8571428571428572,1.0,1.0,1.0
site_12381,1,0.9757646108022562,0.9636702631125388,0.7428571428571429,0.8571428571428572,0.8571428571428572,1.0,1.0,1.0
site_02953,1,0.9649951823758235,0.9993017974742154,0.7428571428571429,0.8571428571428572,0.8571428571428572,1.0,1.0,1.0
site_21474,0,0.856045511779349,0.8801714561877669,0.6785714285714286,0.8571428571428572,0.8571428571428572,1.0,1.0,1.0
site_01832,0,0.9381644501660997,0.8635562188032878,0.6785714285714286,0.8571428571428572,0.8571428571428572,1.0,1.0,1.0
site_18118,0,0.8700851768353917,0.8338196735363713,0.6785714285714286,0.8571428571428572,0.8571428571428572,1.0,1.0,1.0
site_00424,1,0.9754110666219331,0.9345014455068432,0.6785714285714286,0.8571428571428572,0.8571428571428572,1.0,1.0,1.0
site_08021,0,0.9563079408503173,0.4896961094570521,0.6785714285714286,0.8571428571428572,0.8571428571428572,1.0,1.0,1.0
site_03547,0,0.9787212066999522,0.8881659362347031,0.6785714285714286,0.5714285714285714,1.0,1.0,1.0,1.0
site_18779,0,0.966323661691247,0.7474550945555264,0.6785714285714286,0.8571428571428572,0.8571428571428572,1.0,1.0,1.0
site_19137,0,0.9591439843692343,0.6988806067156036,0.6785714285714286,0.8571428571428572,0.8571428571428572,1.0,1.0,1.0
site_00746,0,0.8860097824328373,0.8580650526693745,0.6785714285714286,0.8571428571428572,0.8571428571428572,1.0,1.0,1.0
site_21261,0,0.7281170830217064,0.9902022341741823,0.6714285714285715,0.4285714285714286,0.7142857142857143,1.0,1.0,0.7142857142857143
site_15526,0,0.9618622586910679,0.6576042582086448,0.6785714285714286,0.8571428571428572,0.8571428571428572,1.0,1.0,1.0
site_06684,0,0.9987337247489041,0.8303418758519643,0.6785714285714286,0.8571428571428572,0.8571428571428572,1.0,1.0,1.0
site_17139,0,0.970405123131833,0.6484681657372973,0.6785714285714286,0.8571428571428572,0.8571428571428572,1.0,1.0,1.0
site_10472,1,0.9752732171601252,0.9549451732206531,0.7642857142857142,0.8571428571428572,0.7142857142857143,1.0,1.0,0.5714285714285714
site_12423,0,0.9793906792608656,0.40872817466449063,0.6785714285714286,0.8571428571428572,0.8571428571428572,1.0,1.0,1.0
site_07990,0,0.9871811056866266,0.628973163170288,0.6785714285714286,0.8571428571428572,0.8571428571428572,1.0,1.0,1.0
site_15167,0,0.9602727936843132,0.7404021442468149,0.6785714285714286,0.8571428571428572,0.8571428571428572,1.0,1.0,1.0
site_08437,0,0.9907819289733819,0.48369269930450776,0.6785714285714286,0.8571428571428572,0.8571428571428572,1.0,1.0,1.0
site_03075,0,0.8376491949324663,0.8031684711356455,0.6785714285714286,0.8571428571428572,0.8571428571428572,1.0,1.0,1.0
site_09289,0,0.988534383076443,0.18026883706167585,0.6785714285714286,0.8571428571428572,0.8571428571428572,1.0,1.0,1.0
site_07027,0,0.9786460831490398,0.7826025664578733,0.6785714285714286,0.8571428571428572,0.8571428571428572,1.0,1.0,1.0
site_03936,0,0.8950571572375005,0.8345836288829628,0.6785714285714286,0.8571428571428572,0.8571428571428572,1.0,1.0,1.0
site_13543,0,0.9650548139997065,0.8057133117558896,0.6785714285714286,0.8571428571428572,0.8571428571428572,1.0,1.0,1.0
site_09527,0,0.9973061306793747,0.8329588301670383,0.6785714285714286,0.8571428571428572,0.8571428571428572,1.0,1.0,1.0
site_11994,1,0.9765908767169884,0.9398294026309377,0.6785714285714286,0.8571428571428572,0.8571428571428572,1.0,1.0,1.0
site_10196,0,0.9815440552550464,0.22670823368447646,0.6785714285714286,0.8571428571428572,0.8571428571428572,1.0,1.0,1.0
site_04705,0,0.9758971919656467,0.6994868879782511,0.6785714285714286,0.8571428571428572,0.8571428571428572,1.0,1.0,1.0
site_03425,0,0.9818946281001589,0.7035356816777638,0.6785714285714286,0.8571428571428572,0.8571428571428572,1.0,1.0,1.0
site_13911,0,0.991242143156315,0.7807274040853927,0.55,1.0,0.0,1.0,1.0,1.0
site_09685,0,0.9690992054720438,0.05397297132450107,0.6785714285714286,0.8571428571428572,0.8571428571428572,1.0,1.0,1.0
site_12163,0,0.9891816842605479,0.308260276755992,0.6785714285714286,0.8571428571428572,0.8571428571428572,1.0,1.0,1.0
site_03359,0,0.9847801010377668,0.703776512453788,0.6785714285714286,0.8571428571428572,0.8571428571428572,1.0,1.0,1.0
site_06750,0,0.9736587072439208,0.8012173213614724,0.6785714285714286,0.8571428571428572,0.8571428571428572,1.0,1.0,1.0
site_13381,0,0.9863043997266506,0.4965655075495393,0.6785714285714286,0.8571428571428572,0.8571428571428572,1.0,1.0,1.0
site_16968,0,0.7638137467089156,0.9593883980253889,0.6785714285714286,0.5714285714285714,1.0,1.0,1.0,1.0
site_13518,0,0.9727180533066553,0.6770563909459768,0.6785714285714286,0.8571428571428572,0.8571428571428572,1.0,1.0,1.0
site_13898,0,0.9796997540099576,0.8447057496180477,0.6785714285714286,0.8571428571428572,0.8571428571428572,1.0,1.0,1.0
site_19809,0,0.5709611629684552,0.9835399544576369,0.7571428571428572,0.8571428571428572,0.8571428571428572,1.0,1.0,0.7142857142857143
site_01058,1,0.9680681763717218,0.9447202752266497,0.6785714285714286,0.8571428571428572,0.8571428571428572,1.0,1.0,1.0
site_06432,0,0.8449004749128846,0.7336003298529659,0.6785714285714286,0.8571428571428572,0.8571428571428572,1.0,1.0,1.0
site_00292,0,0.958666633313196,0.8791095332129272,0.6785714285714286,0.5714285714285714,0.8571428571428572,1.0,0.5714285714285714,0.5714285714285714
site_05307,0,0.979024493399828,0.6311892952204545,0.6785714285714286,0.8571428571428572,0.8571428571428572,1.0,1.0,1.0
site_10215,0,0.9858440784266176,0.39964408902656334,0.6785714285714286,0.8571428571428572,0.8571428571428572,1.0,1.0,1.0
site_01595,0,0.9522133440589033,0.8302502666333558,0.6785714285714286,0.8571428571428572,0.8571428571428572,1.0,1.0,1.0
site_04488,0,0.9721947480832336,0.7465969007423794,0.6785714285714286,0.8571428571428572,0.8571428571428572,1.0,1.0,1.0
site_11596,0,0.9918922489455355,0.10903713820572469,0.6785714285714286,0.8571428571428572,0.8571428571428572,1.0,1.0,1.0
site_15991,0,0.9702527690832224,0.611654498242492,0.6785714285714286,0.8571428571428572,0.8571428571428572,1.0,1.0,1.0
site_00280,0,0.9861731142144444,0.8743515741023111,0.6785714285714286,0.8571428571428572,0.8571428571428572,1.0,1.0,1.0
site_04772,0,0.9839847472552091,0.7330190223080723,0.6785714285714286,0.8571428571428572,0.8571428571428572,1.0,1.0,1.0
site_08023,0,0.8083734171110517,0.47673712895702647,0.6785714285714286,0.8571428571428572,0.8571428571428572,1.0,1.0,1.0
site_06498,0,0.8066025981966115,0.5964694348735855,0.55,1.0,0.0,1.0,1.0,1.0
site_06700,0,0.9702474318572798,0.7725022161083533,0.6785714285714286,0.8571428571428572,0.8571428571428572,1.0,1.0,1.0
site_05846,0,0.9967717076324186,0.7781762814151578,0.6785714285714286,0.8571428571428572,0.8571428571428572,1.0,1.0,1.0
site_04826,0,0.9991046079276431,0.7324696680823696,0.6785714285714286,0.8571428571428572,0.8571428571428572,1.0,1.0,1.0
site_04682,0,0.9890711235785729,0.7619568379106678,0.6785714285714286,0.8571428571428572,0.8571428571428572,1.0,1.0,1.0
site_06488,0,0.9797040088874629,0.6798379045857542,0.6785714285714286,0.8571428571428572,0.8571428571428572,1.0,1.0,1.0
site_07868,0,0.9787778166901602,0.37891328393193835,0.6785714285714286,0.8571428571428572,0.8571428571428572,1.0,1.0,1.0
site_19029,0,0.9577836456338906,0.7623132575135014,0.6785714285714286,0.8571428571428572,0.8571428571428572,1.0,1.0,1.0
site_17821,0,0.6582350344855215,0.8492781700666261,0.47857142857142865,0.2857142857142857,1.0,0.1428571428571429,1.0,0.7142857142857143
site_20245,0,0.9646295833302037,0.7975609865146505,0.6785714285714286,0.8571428571428572,0.8571428571428572,1.0,1.0,1.0
site_17255,0,0.9646606156198207,0.7730727268092041,0.6785714285714286,0.8571428571428572,0.8571428571428572,1.0,1.0,1.0
site_11995,1,0.9973152184009995,0.9470888692196653,0.6785714285714286,0.8571428571428572,0.8571428571428572,1.0,1.0,1.0
site_20279,1,0.9057295599261419,0.9883512051662717,0.7571428571428572,0.8571428571428572,0.8571428571428572,1.0,1.0,0.7142857142857143
site_18277,0,0.9861339810777028,0.7975013343799194,0.6785714285714286,0.8571428571428572,0.8571428571428572,1.0,1.0,1.0
site_01767,0,0.9087702101465371,0.7999844061399589,0.6785714285714286,0.5714285714285714,1.0,1.0,1.0,1.0
site_06002,0,0.9907818460740611,0.582850843519821,0.6785714285714286,0.8571428571428572,0.8571428571428572,1.0,1.0,1.0
site_12905,0,0.9899901305470935,0.3966802117192253,0.6785714285714286,0.8571428571428572,0.8571428571428572,1.0,1.0,1.0
site_11609,0,0.9258486476136382,0.22609594666825095,0.6785714285714286,0.8571428571428572,0.8571428571428572,1.0,1.0,1.0
site_12542,0,0.9804478188529197,0.37124624416888463,0.6785714285714286,0.8571428571428572,0.8571428571428572,1.0,1.0,1.0
site_19472,0,0.972290257415469,0.6630558423268812,0.6785714285714286,0.8571428571428572,0.8571428571428572,1.0,1.0,1.0
site_20373,0,0.9725013898769743,0.7106807850125156,0.6785714285714286,0.8571428571428572,0.8571428571428572,1.0,1.0,1.0
site_02171,1,0.9340186979735039,0.9982939626789974,0.6785714285714286,0.7142857142857143,0.8571428571428572,1.0,1.0,1.0
site_21500,0,0.9559417531263737,0.8664917343530022,0.6785714285714286,0.8571428571428572,0.8571428571428572,1.0,1.0,1.0
site_10837,0,0.8964125629975226,0.6837427742431137,0.5642857142857143,0.4285714285714286,1.0,1.0,0.2857142857142857,0.7142857142857143
site_07899,0,0.9838601523702186,0.5521460186716737,0.6785714285714286,0.8571428571428572,0.8571428571428572,1.0,1.0,1.0
site_17840,0,0.9875934236225792,0.7142411719084094,0.6785714285714286,0.8571428571428572,0.8571428571428572,1.0,1.0,1.0
site_19530,0,0.7069963479887111,0.9933771997928293,0.6357142857142858,1.0,0.8571428571428572,1.0,0.7142857142857143,1.0
site_14583,0,0.9645323433582123,0.7158862018986196,0.6785714285714286,0.8571428571428572,0.8571428571428572,1.0,1.0,1.0
site_08990,0,0.9581676464658495,0.12732805879983822,0.6785714285714286,0.8571428571428572,0.8571428571428572,1.0,1.0,1.0
site_19011,0,0.9843455716725248,0.6914294217516435,0.6785714285714286,0.8571428571428572,0.8571428571428572,1.0,1.0,1.0
site_00802,0,0.9924689930272766,0.8538003451244249,0.6785714285714286,0.8571428571428572,0.8571428571428572,1.0,1.0,1.0
site_01993,1,0.9883904186254007,0.9260767935442532,0.6785714285714286,0.8571428571428572,0.8571428571428572,1.0,1.0,1.0
site_17543,0,0.9580938418524476,0.6820023325823064,0.6785714285714286,0.8571428571428572,0.8571428571428572,1.0,1.0,1.0
site_08801,0,0.9828959904210263,0.26373055934246303,0.6785714285714286,0.8571428571428572,0.8571428571428572,1.0,1.0,1.0
site_18060,0,0.9832716379820858,0.7466848645002556,0.6785714285714286,0.8571428571428572,0.8571428571428572,1.0,1.0,1.0
site_15633,0,0.9797664628140695,0.6510580447431051,0.6785714285714286,0.8571428571428572,0.8571428571428572,1.0,1.0,1.0
site_01615,0,0.6382889139025015,0.9127908249366992,0.3928571428571429,0.1428571428571429,1.0,0.1428571428571429,0.5714285714285714,0.7142857142857143
site_08690,0,0.989870223665274,0.39965334058071045,0.6785714285714286,0.8571428571428572,0.8571428571428572,1.0,1.0,1.0
site_04244,0,0.9641595721241529,0.8217905679520167,0.6785714285714286,0.8571428571428572,0.8571428571428572,1.0,1.0,1.0
site_18802,0,0.9841429471031244,0.7197360898333564,0.6785714285714286,0.8571428571428572,0.8571428571428572,1.0,1.0,1.0
site_00854,0,0.8113471070350129,0.8684290513412625,0.6785714285714286,0.8571428571428572,0.8571428571428572,1.0,1.0,1.0
site_15544,0,0.9678427759124871,0.7811472098592205,0.6785714285714286,0.8571428571428572,0.8571428571428572,1.0,1.0,1.0
site_00720,0,0.9784255150681979,0.8699858873150547,0.6785714285714286,0.8571428571428572,0.8571428571428572,1.0,1.0,1.0
site_08453,0,0.9144317382326631,0.3930267561872659,0.6785714285714286,0.8571428571428572,0.8571428571428572,1.0,1.0,1.0
site_03117,0,0.9794011599705178,0.7139127897598956,0.6785714285714286,0.8571428571428572,0.8571428571428572,1.0,1.0,1.0
site_18537,0,0.9478331563125452,0.8037200368080083,0.6785714285714286,0.8571428571428572,0.8571428571428572,1.0,1.0,1.0
site_07732,0,0.984364565863,0.5666885919432451,0.6785714285714286,0.8571428571428572,0.8571428571428572,1.0,1.0,1.0
site_12023,0,0.9756494515366024,0.1854658422049984,0.6785714285714286,0.8571428571428572,0.8571428571428572,1.0,1.0,1.0
site_21362,1,0.9088787207003621,0.9255427136007741,0.6357142857142858,1.0,0.8571428571428572,1.0,0.7142857142857143,1.0
site_19635,0,0.9753702708415077,0.7165966295127234,0.6785714285714286,0.8571428571428572,0.8571428571428572,1.0,1.0,1.0
site_08849,0,0.9723535142545997,0.2641247217314875,0.6785714285714286,0.8571428571428572,0.8571428571428572,1.0,1.0,1.0
site_09700,0,0.9911819032935941,0.19057680016316092,0.6785714285714286,0.8571428571428572,0.8571428571428572,1.0,1.0,1.0
site_01499,1,0.8677067524712269,0.9111432437846678,0.6785714285714286,0.7142857142857143,0.8571428571428572,1.0,1.0,1.0
site_14591,0,0.9795465560648889,0.5859946060913557,0.6785714285714286,0.8571428571428572,0.8571428571428572,1.0,1.0,1.0
site_10877,0,0.5137699460609699,0.9330875632370491,0.7428571428571429,0.8571428571428572,0.8571428571428572,1.0,1.0,1.0
site_02581,0,0.9760987844850743,0.8082408156280994,0.6785714285714286,0.8571428571428572,0.8571428571428572,1.0,1.0,1.0
site_06105,0,0.9934817102264781,0.7958361404222407,0.6785714285714286,0.8571428571428572,0.8571428571428572,1.0,1.0,1.0
site_01337,0,0.9646117329640665,0.8281005038291769,0.6785714285714286,0.8571428571428572,0.8571428571428572,1.0,1.0,1.0
site_10260,0,0.9822055620295268,0.8889376563612872,0.6785714285714286,0.8571428571428572,0.8571428571428572,1.0,1.0,1.0
site_16916,1,0.8771614181597636,0.9954073385239246,0.6785714285714286,0.7142857142857143,0.8571428571428572,1.0,1.0,1.0
site_18439,0,0.9768136616560752,0.73572689061156,0.6785714285714286,0.8571428571428572,0.8571428571428572,1.0,1.0,1.0
site_01929,1,0.991751620959297,0.943091424692931,0.6785714285714286,0.8571428571428572,0.8571428571428572,1.0,1.0,1.0
site_11441,0,0.9954652422782394,0.862988194074122,0.6785714285714286,0.8571428571428572,0.8571428571428572,1.0,1.0,1.0
site_16122,1,0.8769506266100725,0.9958414955053798,0.6785714285714286,0.5714285714285714,1.0,1.0,1.0,1.0
site_09982,1,0.9968840355136817,0.9673831839477155,0.7428571428571429,0.8571428571428572,0.8571428571428572,1.0,1.0,1.0
site_02733,0,0.976767502569022,0.7044833840525762,0.6785714285714286,0.8571428571428572,0.8571428571428572,1.0,1.0,1.0
site_12824,0,0.9507312420558233,0.6960840859720063,0.6785714285714286,0.8571428571428572,0.8571428571428572,1.0,1.0,1.0
site_11557,1,0.9599275263957399,0.9958356649356677,0.7428571428571429,0.8571428571428572,0.8571428571428572,1.0,1.0,1.0
site_07168,0,0.9781455445009218,0.7211938554577443,0.6785714285714286,0.8571428571428572,0.8571428571428572,1.0,1.0,1.0
site_02995,1,0.9814182886021265,0.9393792468255344,0.6785714285714286,0.8571428571428572,0.8571428571428572,1.0,1.0,1.0
site_19649,0,0.9807468674414448,0.8416982637409727,0.6785714285714286,0.8571428571428572,0.8571428571428572,1.0,1.0,1.0
site_13636,0,0.989125349980441,0.7156540364636075,0.6785714285714286,0.8571428571428572,0.8571428571428572,1.0,1.0,1.0
site_12848,0,0.9761472926967047,0.8134331726400698,0.6785714285714286,0.8571428571428572,0.8571428571428572,1.0,1.0,1.0
site_19005,0,0.990099833360815,0.713509183888662,0.6785714285714286,0.8571428571428572,0.8571428571428572,1.0,1.0,1.0
site_09174,0,0.973721194702837,0.8064786908748875,0.6785714285714286,0.8571428571428572,0.8571428571428572,1.0,1.0,1.0
site_18420,0,0.9956366221867287,0.8018423400080473,0.6785714285714286,0.8571428571428572,0.8571428571428572,1.0,1.0,1.0
site_15992,0,0.9715960231068314,0.6119977127819024,0.6785714285714286,0.8571428571428572,0.8571428571428572,1.0,1.0,1.0
site_09021,0,0.9856752860946848,0.3600148883064844,0.6785714285714286,0.8571428571428572,0.8571428571428572,1.0,1.0,1.0
site_15584,0,0.9611701853534925,0.6682922687076445,0.6785714285714286,0.8571428571428572,0.8571428571428572,1.0,1.0,1.0
site_20475,1,0.9445530183370764,0.9323839291985075,0.6785714285714286,0.8571428571428572,0.8571428571428572,1.0,1.0,1.0
site_08313,0,0.9719081641993444,0.2778927053471937,0.6785714285714286,0.8571428571428572,0.8571428571428572,1.0,1.0,1.0
site_20116,0,0.9943605217360604,0.8702409143857492,0.6785714285714286,0.8571428571428572,0.8571428571428572,1.0,1.0,1.0
site_15511,0,0.9670928518892491,0.6767146577007825,0.6785714285714286,0.8571428571428572,0.8571428571428572,1.0,1.0,1.0
site_18122,0,0.9702455167898212,0.8218710713068265,0.6785714285714286,0.8571428571428572,0.8571428571428572,1.0,1.0,1.0
site_02566,0,0.9075260943962234,0.7209956472922328,0.6785714285714286,0.8571428571428572,0.8571428571428572,1.0,1.0,1.0
site_14253,0,0.9693871138821616,0.7344242199506714,0.6785714285714286,0.8571428571428572,0.8571428571428572,1.0,1.0,1.0
site_13964,0,0.9674824414394726,0.7789838065480743,0.6785714285714286,0.8571428571428572,0.8571428571428572,1.0,1.0,1.0
site_08070,0,0.9903156072528388,0.5416425539149187,0.6785714285714286,0.8571428571428572,0.8571428571428572,1.0,1.0,1.0
site_20944,0,0.9814689223896036,0.8915281790877319,0.6785714285714286,0.8571428571428572,0.8571428571428572,1.0,1.0,1.0
site_01661,0,0.9934865155927326,0.9015001557570439,0.6785714285714286,0.8571428571428572,0.8571428571428572,1.0,1.0,1.0
site_06697,0,0.9863632256436504,0.7893918800062049,0.6785714285714286,0.8571428571428572,0.8571428571428572,1.0,1.0,1.0
site_20437,0,0.9850215178320948,0.6660483519734313,0.6785714285714286,0.8571428571428572,0.8571428571428572,1.0,1.0,1.0
site_15886,0,0.9385357608817859,0.7518180795050996,0.6785714285714286,0.8571428571428572,0.8571428571428572,1.0,1.0,1.0
site_07999,0,0.9946280513507529,0.6039269539934355,0.6785714285714286,0.8571428571428572,0.8571428571428572,1.0,1.0,1.0
site_19804,0,0.5608762239889129,0.9795056057953738,0.6714285714285715,0.4285714285714286,0.7142857142857143,1.0,1.0,0.7142857142857143
site_09972,1,0.8692066601306979,0.9852045698553753,0.7428571428571429,0.8571428571428572,0.8571428571428572,1.0,1.0,1.0
site_06708,0,0.9971686919883592,0.7193104729400681,0.6785714285714286,0.8571428571428572,0.8571428571428572,1.0,1.0,1.0
site_05947,0,0.9363596928285448,0.743882568807751,0.6785714285714286,0.8571428571428572,0.8571428571428572,1.0,1.0,1.0
site_01270,0,0.9507597817770944,0.867763116274886,0.6785714285714286,0.8571428571428572,0.8571428571428572,1.0,1.0,1.0
site_03902,0,0.9433203371043322,0.6430714131819024,0.6785714285714286,0.8571428571428572,0.8571428571428572,1.0,1.0,1.0
site_18374,0,0.9845013581256029,0.7126984393407829,0.6785714285714286,0.8571428571428572,0.8571428571428572,1.0,1.0,1.0
site_19249,1,0.9593940534308888,0.946500111617787,0.6785714285714286,0.8571428571428572,0.8571428571428572,1.0,1.0,1.0
site_11585,0,0.7825163402199458,0.8916691627921955,0.7428571428571429,0.8571428571428572,0.8571428571428572,1.0,1.0,1.0
site_19210,0,0.987997531731401,0.6711113086505931,0.6785714285714286,0.8571428571428572,0.8571428571428572,1.0,1.0,1.0
site_02931,0,0.8488161395745277,0.873423973297184,0.6785714285714286,0.8571428571428572,0.8571428571428572,1.0,1.0,1.0
site_14662,0,0.9915187819160522,0.7497172633813103,0.6785714285714286,0.8571428571428572,0.8571428571428572,1.0,1.0,1.0
site_09483,0,0.9525223107594422,0.12638978367363107,0.6785714285714286,0.8571428571428572,0.8571428571428572,1.0,1.0,1.0
site_06545,0,0.995434583501293,0.79216886658408,0.6785714285714286,0.8571428571428572,0.8571428571428572,1.0,1.0,1.0
site_18152,0,0.9249306596547477,0.7581580308710119,0.6785714285714286,0.8571428571428572,0.8571428571428572,1.0,1.0,1.0
site_10608,1,0.9826483952986569,0.9993439030048339,0.7428571428571429,0.8571428571428572,0.8571428571428572,1.0,1.0,1.0
site_13129,0,0.9462451555499758,0.8774586063584106,0.6785714285714286,0.8571428571428572,0.8571428571428572,1.0,1.0,1.0
site_11736,0,0.9209544132871166,0.8932759251451713,0.7428571428571429,0.8571428571428572,0.8571428571428572,1.0,1.0,1.0
site_05563,1,0.9847538321990172,0.9649269544218082,0.6785714285714286,0.8571428571428572,0.8571428571428572,1.0,1.0,1.0
site_09767,0,0.9405058585862921,0.8046138723917364,0.6785714285714286,0.8571428571428572,0.8571428571428572,1.0,1.0,1.0
site_10809,0,0.9874335639253392,0.3598709923972935,0.6785714285714286,0.8571428571428572,0.8571428571428572,1.0,1.0,1.0
site_13569,0,0.9944654140605356,0.875912999836223,0.6785714285714286,0.8571428571428572,0.8571428571428572,1.0,1.0,1.0
site_08029,0,0.8486203704995319,0.43611387458252604,0.6785714285714286,0.8571428571428572,0.8571428571428572,1.0,1.0,1.0
site_09313,0,0.8931954210543321,0.1710367012486902,0.3500000000000001,0.1428571428571429,1.0,0.1428571428571429,0.2857142857142857,0.7142857142857143
site_16910,0,0.5316919372113017,0.9442433385443703,0.6785714285714286,0.5714285714285714,1.0,1.0,1.0,1.0
site_16411,0,0.9861213906269057,0.6999815174075573,0.6785714285714286,0.8571428571428572,0.8571428571428572,1.0,1.0,1.0
site_20687,1,0.9438080645472816,0.9900950009659761,0.5857142857142859,0.2857142857142857,1.0,1.0,0.5714285714285714,0.7142857142857143
site_02349,1,0.9731044554245619,0.9586500834875041,0.6785714285714286,0.7142857142857143,0.8571428571428572,1.0,1.0,1.0
site_17500,0,0.9980720263279599,0.7020575448015985,0.6785714285714286,0.8571428571428572,0.8571428571428572,1.0,1.0,1.0
site_13939,0,0.9861014715035578,0.6485797368380306,0.6785714285714286,0.8571428571428572,0.8571428571428572,1.0,1.0,1.0
site_21332,0,0.7620485761257347,0.9615598454838461,0.6357142857142858,1.0,0.8571428571428572,1.0,0.7142857142857143,1.0
site_20668,1,0.9929731494390178,0.9091971575660796,0.6785714285714286,0.8571428571428572,0.8571428571428572,1.0,1.0,1.0
site_19195,0,0.9722833888807219,0.7016603734904552,0.6785714285714286,0.8571428571428572,0.8571428571428572,1.0,1.0,1.0
site_06433,0,0.9493645396332823,0.7412793048598656,0.6785714285714286,0.8571428571428572,0.8571428571428572,1.0,1.0,1.0
site_05494,0,0.9641037780868116,0.7193943876314297,0.6785714285714286,0.8571428571428572,0.8571428571428572,1.0,1.0,1.0
site_05328,0,0.9605884258628355,0.671327299284445,0.6785714285714286,0.8571428571428572,0.8571428571428572,1.0,1.0,1.0
site_01857,0,0.9861040441768656,0.8273673586741906,0.6785714285714286,0.8571428571428572,0.8571428571428572,1.0,1.0,1.0
site_11368,0,0.803326670388902,0.6564665769729293,0.6785714285714286,0.8571428571428572,0.8571428571428572,1.0,1.0,1.0
site_19580,0,0.9693992153201104,0.8437873931412724,0.6785714285714286,0.8571428571428572,0.8571428571428572,1.0,1.0,1.0
site_12302,0,0.9939937681543924,0.43752666126901296,0.6785714285714286,0.8571428571428572,0.8571428571428572,1.0,1.0,1.0
site_04098,0,0.9609543304250537,0.7209013718491253,0.6785714285714286,0.8571428571428572,0.8571428571428572,1.0,1.0,1.0
site_13998,0,0.9859229222009881,0.8396125225097525,0.6785714285714286,0.8571428571428572,0.8571428571428572,1.0,1.0,1.0
site_17363,0,0.9283192634742954,0.8082086585489213,0.6785714285714286,0.8571428571428572,0.8571428571428572,1.0,1.0,1.0
site_10110,0,0.6282436175645159,0.9826166529790414,0.7428571428571429,0.8571428571428572,0.8571428571428572,1.0,1.0,1.0
site_15105,0,0.9963082235835744,0.6665263055019618,0.6785714285714286,0.8571428571428572,0.8571428571428572,1.0,1.0,1.0
site_16836,0,0.9518680469638326,0.8438067655006228,0.6785714285714286,0.8571428571428572,0.8571428571428572,1.0,1.0,1.0
site_03759,0,0.9427673334320524,0.5929471051411705,0.6785714285714286,0.8571428571428572,0.8571428571428572,1.0,1.0,1.0
site_11497,0,0.9841355942127943,0.5137213711247637,0.6785714285714286,0.8571428571428572,0.8571428571428572,1.0,1.0,1.0
site_18119,0,0.9796298279670311,0.8314901459559312,0.6785714285714286,0.8571428571428572,0.8571428571428572,1.0,1.0,1.0
site_14574,0,0.9871633643004958,0.761956944819431,0.6785714285714286,0.8571428571428572,0.8571428571428572,1.0,1.0,1.0
site_16652,0,0.9861161390946431,0.8458611544628697,0.6785714285714286,0.8571428571428572,0.8571428571428572,1.0,1.0,1.0
site_09099,0,0.9850994553026534,0.3523655105671575,0.6785714285714286,0.8571428571428572,0.8571428571428572,1.0,1.0,1.0
site_15774,0,0.986093240253007,0.635285258564642,0.6785714285714286,0.8571428571428572,0.8571428571428572,1.0,1.0,1.0
site_21272,1,0.9273449412352981,0.9159720790857977,0.6785714285714286,0.8571428571428572,0.8571428571428572,1.0,1.0,1.0
site_17285,1,0.914093106615576,0.9415831838133838,0.6785714285714286,0.7142857142857143,0.8571428571428572,1.0,1.0,1.0
site_12427,0,0.9769851402985872,0.443333894020822,0.6785714285714286,0.8571428571428572,0.8571428571428572,1.0,1.0,1.0
site_07017,0,0.9758971398042763,0.7795444511174001,0.6785714285714286,0.8571428571428572,0.8571428571428572,1.0,1.0,1.0
site_19293,0,0.988445537359285,0.7379253348204023,0.6785714285714286,0.8571428571428572,0.8571428571428572,1.0,1.0,1.0
site_03071,0,0.9789760708818777,0.7807323029535537,0.6785714285714286,0.8571428571428572,0.8571428571428572,1.0,1.0,1.0
site_20874,0,0.9251472262133122,0.7565378915223541,0.6785714285714286,0.8571428571428572,0.8571428571428572,1.0,1.0,1.0
site_03173,0,0.9784779353826135,0.7154068402092477,0.6785714285714286,0.8571428571428572,0.8571428571428572,1.0,1.0,1.0
site_12733,0,0.7657549991755523,0.8560345022431252,0.6785714285714286,0.5714285714285714,1.0,1.0,1.0,1.0
site_06754,0,0.9411736209994166,0.8147054842166828,0.6785714285714286,0.8571428571428572,0.8571428571428572,1.0,1.0,1.0
site_00929,0,0.4628821476129824,0.9421763878483137,0.6785714285714286,0.7142857142857143,0.8571428571428572,1.0,1.0,1.0
site_17581,0,0.9947876963480662,0.7022802340531933,0.6357142857142858,1.0,0.8571428571428572,1.0,0.7142857142857143,1.0
site_02344,0,0.935405765685401,0.8896564162136604,0.6785714285714286,0.7142857142857143,0.8571428571428572,1.0,1.0,1.0
site_06008,0,0.9962014359850178,0.6361325524505996,0.6785714285714286,0.8571428571428572,0.8571428571428572,1.0,1.0,1.0
site_12648,0,0.9760886893969823,0.9289752529030868,0.4642857142857143,1.0,0.0,1.0,1.0,0.1428571428571429
site_01567,0,0.9701773400157117,0.8572672442179958,0.6785714285714286,0.8571428571428572,0.8571428571428572,1.0,1.0,1.0
site_04789,0,0.987087599909889,0.7339846218898904,0.6785714285714286,0.8571428571428572,0.8571428571428572,1.0,1.0,1.0
site_07528,0,0.9927814419650207,0.544369390157921,0.6785714285714286,0.8571428571428572,0.8571428571428572,1.0,1.0,1.0
site_11175,0,0.9839848236343587,0.13960123228222998,0.6785714285714286,0.8571428571428572,0.8571428571428572,1.0,1.0,1.0
site_04037,0,0.8791475219533795,0.7051382363568823,0.6785714285714286,0.8571428571428572,0.8571428571428572,1.0,1.0,1.0
site_17647,0,0.9504489782511526,0.6781389693937754,0.6785714285714286,0.8571428571428572,0.8571428571428572,1.0,1.0,1.0
site_19112,0,0.9835139163704795,0.9068502845244569,0.6785714285714286,0.8571428571428572,0.8571428571428572,1.0,1.0,1.0
site_06960,0,0.9926167391776781,0.7949584947131131,0.6785714285714286,0.8571428571428572,0.8571428571428572,1.0,1.0,1.0
site_13146,0,0.9892186964787081,0.44826714917201993,0.6785714285714286,0.8571428571428572,0.8571428571428572,1.0,1.0,1.0
site_06110,0,0.898719772187748,0.8691577614421272,0.6785714285714286,0.8571428571428572,0.8571428571428572,1.0,1.0,1.0
site_09032,0,0.9543666101416249,0.3002604655202772,0.6785714285714286,0.8571428571428572,0.8571428571428572,1.0,1.0,1.0
site_13300,0,0.8730998655965418,0.7248790238665634,0.6785714285714286,0.8571428571428572,0.8571428571428572,1.0,1.0,1.0
site_18114,0,0.9621827195221708,0.838271535918961,0.6785714285714286,0.8571428571428572,0.8571428571428572,1.0,1.0,1.0
site_03464,1,0.9515153466799675,0.9233339985786301,0.6785714285714286,0.8571428571428572,0.8571428571428572,1.0,1.0,1.0
site_03291,0,0.9898704649116125,0.6755986318791143,0.6785714285714286,0.8571428571428572,0.8571428571428572,1.0,1.0,1.0
site_04732,0,0.9831794651146543,0.7540275156170893,0.6785714285714286,0.8571428571428572,0.8571428571428572,1.0,1.0,1.0
site_14637,0,0.9754353067559526,0.7731079959137387,0.6785714285714286,0.8571428571428572,0.8571428571428572,1.0,1.0,1.0
site_19492,0,0.9876011854207956,0.6732984431929769,0.6785714285714286,0.8571428571428572,0.8571428571428572,1.0,1.0,1.0
site_20235,0,0.9819093376066312,0.7189403497514866,0.6785714285714286,0.8571428571428572,0.8571428571428572,1.0,1.0,1.0
site_02085,0,0.8091961956655869,0.7701092506746186,0.6785714285714286,0.8571428571428572,0.8571428571428572,1.0,1.0,1.0
site_00384,1,0.9823543784194759,0.9471438807887756,0.6785714285714286,0.8571428571428572,0.8571428571428572,1.0,1.0,1.0
site_05382,0,0.911641633977881,0.6174390084426558,0.6785714285714286,0.8571428571428572,0.8571428571428572,1.0,1.0,1.0
site_11212,0,0.9691771066159336,0.4730437893003746,0.6785714285714286,0.8571428571428572,0.8571428571428572,1.0,1.0,1.0
site_09900,0,0.9702071595534653,0.14178607282484623,0.6785714285714286,0.8571428571428572,0.8571428571428572,1.0,1.0,1.0
site_06732,0,0.9963082235835744,0.6906878767408174,0.6785714285714286,0.8571428571428572,0.8571428571428572,1.0,1.0,1.0
site_12091,0,0.8947538835779671,0.7657050531403932,0.6785714285714286,0.8571428571428572,0.8571428571428572,1.0,1.0,1.0
site_19988,1,0.9760677670987059,0.9277269544472101,0.6785714285714286,0.8571428571428572,0.8571428571428572,1.0,1.0,1.0
site_00544,0,0.8347342238084048,0.8962698007933213,0.6785714285714286,0.8571428571428572,0.8571428571428572,1.0,1.0,1.0
site_20058,1,0.9817460520250951,0.9422783615521796,0.6785714285714286,0.8571428571428572,0.8571428571428572,1.0,1.0,1.0
site_14767,0,0.9899897933610915,0.6015523961933265,0.6785714285714286,0.8571428571428572,0.8571428571428572,1.0,1.0,1.0
site_00284,0,0.9719198613866722,0.8500367563123592,0.6785714285714286,0.8571428571428572,0.8571428571428572,1.0,1.0,1.0
site_05407,0,0.981740472621361,0.6640123768655835,0.6785714285714286,0.8571428571428572,0.8571428571428572,1.0,1.0,1.0
site_19083,0,0.9621156698062446,0.6597845016909524,0.6785714285714286,0.8571428571428572,0.8571428571428572,1.0,1.0,1.0
site_16454,0,0.9498587760701039,0.5550264648060206,0.6785714285714286,0.8571428571428572,0.8571428571428572,1.0,1.0,1.0
site_15492,0,0.9671176397176585,0.6662309708790195,0.6785714285714286,0.8571428571428572,0.8571428571428572,1.0,1.0,1.0
site_02218,0,0.9086091879958982,0.8062778709698653,0.6785714285714286,0.5714285714285714,1.0,1.0,1.0,1.0
site_03578,0,0.9158879048571833,0.7635993885550201,0.6785714285714286,0.8571428571428572,0.8571428571428572,1.0,1.0,1.0
site_11151,0,0.918545027423766,0.8908020774718219,0.7428571428571429,0.8571428571428572,0.8571428571428572,1.0,1.0,1.0
site_17163,0,0.9642446734000737,0.8806186329496186,0.6785714285714286,0.8571428571428572,0.8571428571428572,1.0,1.0,1.0
site_14761,0,0.8802323517815284,0.7116235028303968,0.6785714285714286,0.8571428571428572,0.8571428571428572,1.0,1.0,1.0
site_12390,0,0.6552470523460515,0.9668862546662778,0.7428571428571429,0.8571428571428572,0.8571428571428572,1.0,1.0,1.0
site_19457,1,0.9110653178988136,0.9796031179965191,0.6785714285714286,0.8571428571428572,0.8571428571428572,1.0,1.0,1.0
site_05264,0,0.9903571454013403,0.6444824345675513,0.6785714285714286,0.8571428571428572,0.8571428571428572,1.0,1.0,1.0
site_07566,0,0.9945536077605628,0.6232796046433626,0.6785714285714286,0.8571428571428572,0.8571428571428572,1.0,1.0,1.0
site_13934,0,0.962608613386241,0.6196290047640787,0.6785714285714286,0.8571428571428572,0.8571428571428572,1.0,1.0,1.0
site_03580,0,0.9636108382326273,0.7766188103999008,0.6785714285714286,0.8571428571428572,0.8571428571428572,1.0,1.0,1.0
site_19638,0,0.9668287402415018,0.7435975246291762,0.6785714285714286,0.8571428571428572,0.8571428571428572,1.0,1.0,1.0
site_09459,0,0.9728209527873427,0.14788510448028036,0.6785714285714286,0.8571428571428572,0.8571428571428572,1.0,1.0,1.0
site_20288,0,0.7661936912044484,0.9969057555927962,0.6785714285714286,0.8571428571428572,0.8571428571428572,1.0,1.0,1.0
site_07065,0,0.9871810339647422,0.5728834574315294,0.6785714285714286,0.8571428571428572,0.8571428571428572,1.0,1.0,1.0
site_16400,0,0.9677173427197571,0.6014328595189004,0.6785714285714286,0.8571428571428572,0.8571428571428572,1.0,1.0,1.0
site_08076,0,0.9022257539941004,0.5077497802557668,0.6785714285714286,0.8571428571428572,0.8571428571428572,1.0,1.0,1.0
site_14448,0,0.9150033225302664,0.7691989059935949,0.6785714285714286,0.8571428571428572,0.8571428571428572,1.0,1.0,1.0
site_00403,0,0.9799776977354097,0.8466400510682305,0.6785714285714286,0.8571428571428572,0.8571428571428572,1.0,1.0,1.0
site_16233,0,0.9902392439379247,0.821461768122989,0.6785714285714286,0.8571428571428572,0.8571428571428572,1.0,1.0,1.0
site_06969,0,0.9582441522930795,0.7837931196803286,0.6785714285714286,0.8571428571428572,0.8571428571428572,1.0,1.0,1.0
site_05050,0,0.974539789170298,0.6517503850312018,0.6785714285714286,0.8571428571428572,0.8571428571428572,1.0,1.0,1.0
site_04127,0,0.9811148565955757,0.8437516744160264,0.6785714285714286,0.8571428571428572,0.8571428571428572,1.0,1.0,1.0
site_17817,0,0.9751533689598474,0.8660612183206101,0.6785714285714286,0.8571428571428572,0.8571428571428572,1.0,1.0,1.0
site_01339,0,0.9463242731715413,0.8420717019369227,0.6785714285714286,0.8571428571428572,0.8571428571428572,1.0,1.0,1.0
site_12027,0,0.9692030773897091,0.2212273728203359,0.6785714285714286,0.8571428571428572,0.8571428571428572,1.0,1.0,1.0
site_09834,0,0.9711351550438615,0.4547828954893731,0.6785714285714286,0.8571428571428572,0.8571428571428572,1.0,1.0,1.0
site_10433,0,0.9873384215856031,0.15315655309654308,0.6785714285714286,0.8571428571428572,0.8571428571428572,1.0,1.0,1.0
site_01060,1,0.9537999364644701,0.95843105206306,0.6785714285714286,0.7142857142857143,0.8571428571428572,1.0,1.0,1.0
site_20193,0,0.9714090506743839,0.9028841863887906,0.6785714285714286,0.8571428571428572,0.8571428571428572,1.0,1.0,1.0
site_17067,0,0.9729575745940385,0.8882779386057184,0.6785714285714286,0.8571428571428572,0.8571428571428572,1.0,1.0,1.0
site_02708,0,0.9259724638038838,0.8861555047280945,0.6785714285714286,0.8571428571428572,0.8571428571428572,1.0,1.0,1.0
site_20640,0,0.9473153205813983,0.7209452896116355,0.6785714285714286,0.8571428571428572,0.8571428571428572,1.0,1.0,1.0
site_20450,0,0.9897604612385578,0.7664614514857124,0.6785714285714286,0.8571428571428572,0.8571428571428572,1.0,1.0,1.0
site_02068,0,0.9542043472955313,0.8303215664203866,0.6785714285714286,0.8571428571428572,0.8571428571428572,1.0,1.0,1.0
site_21298,1,0.9484213465550186,0.9098175213820939,0.6785714285714286,0.8571428571428572,0.8571428571428572,1.0,1.0,1.0
site_16344,0,0.9391293237454177,0.6388240470246835,0.6785714285714286,0.8571428571428572,0.8571428571428572,1.0,1.0,1.0
site_13503,0,0.8612091893908422,0.5762381983835514,0.6785714285714286,0.8571428571428572,0.8571428571428572,1.0,1.0,1.0
site_05762,1,0.9340196443297968,0.9211323556022015,0.6785714285714286,0.8571428571428572,0.8571428571428572,1.0,1.0,1.0
site_20341,1,0.9615566638505488,0.9726625747527692,0.6785714285714286,0.8571428571428572,0.8571428571428572,1.0,1.0,1.0
site_09108,0,0.987954568459742,0.3047040497531939,0.6785714285714286,0.8571428571428572,0.8571428571428572,1.0,1.0,1.0
site_04485,0,0.9919918091670599,0.7307406482649421,0.6785714285714286,0.8571428571428572,0.8571428571428572,1.0,1.0,1.0
site_05459,0,0.9611813963223312,0.5985299165331012,0.6785714285714286,0.8571428571428572,0.8571428571428572,1.0,1.0,1.0
site_00804,0,0.9961409530130524,0.8450505268304318,0.6785714285714286,0.8571428571428572,0.8571428571428572,1.0,1.0,1.0
site_03277,1,0.9534740024152801,0.9561645337241743,0.6785714285714286,0.8571428571428572,0.8571428571428572,1.0,1.0,1.0
site_06541,0,0.9904823354848259,0.8147346480375184,0.6785714285714286,0.8571428571428572,0.8571428571428572,1.0,1.0,1.0
site_20456,0,0.9683625639692144,0.8060418884617201,0.6785714285714286,0.8571428571428572,0.8571428571428572,1.0,1.0,1.0
site_00364,0,0.9568530495265953,0.8431484957651862,0.6785714285714286,0.8571428571428572,0.8571428571428572,1.0,1.0,1.0
site_13921,0,0.9883604882447347,0.5324974931222083,0.6785714285714286,0.8571428571428572,0.8571428571428572,1.0,1.0,1.0
site_10172,0,0.9795662190386498,0.0300954764897442,0.6785714285714286,0.8571428571428572,0.8571428571428572,1.0,1.0,1.0
site_06632,0,0.9971685299155296,0.709903643632203,0.6785714285714286,0.8571428571428572,0.8571428571428572,1.0,1.0,1.0
site_07691,0,0.9485824022379672,0.4770355540801188,0.6785714285714286,0.8571428571428572,0.8571428571428572,1.0,1.0,1.0
site_00959,1,0.9907731118388665,0.9410736445275606,0.6785714285714286,0.8571428571428572,0.8571428571428572,1.0,1.0,1.0
site_11782,0,0.9918922871351104,0.4474587314891174,0.6785714285714286,0.8571428571428572,0.8571428571428572,1.0,1.0,1.0
site_11754,0,0.908441191124865,0.1976491933137633,0.6785714285714286,0.8571428571428572,0.8571428571428572,1.0,1.0,1.0
site_13004,0,0.8281011454875407,0.9197496173888534,0.55,1.0,0.0,1.0,1.0,1.0
site_17705,0,0.9096378772861733,0.6741799657807795,0.6785714285714286,0.8571428571428572,0.8571428571428572,1.0,1.0,1.0
site_04566,0,0.9919918091670599,0.7773079285480355,0.6785714285714286,0.8571428571428572,0.8571428571428572,1.0,1.0,1.0
site_19985,1,0.9798188719510487,0.9179819909646171,0.6785714285714286,0.8571428571428572,0.8571428571428572,1.0,1.0,1.0
site_06707,0,0.9885342498786578,0.7264546749999017,0.6785714285714286,0.8571428571428572,0.8571428571428572,1.0,1.0,1.0
site_15534,0,0.98531801144492,0.6922308457096635,0.6785714285714286,0.8571428571428572,0.8571428571428572,1.0,1.0,1.0
site_06846,0,0.9873384215856031,0.8058140120980168,0.6785714285714286,0.8571428571428572,0.8571428571428572,1.0,1.0,1.0
site_01939,0,0.8507134572639805,0.8521110672972698,0.6785714285714286,0.8571428571428572,0.8571428571428572,1.0,1.0,1.0
site_13949,0,0.9023914483132086,0.695052393048101,0.6785714285714286,0.8571428571428572,0.8571428571428572,1.0,1.0,1.0
site_17232,1,0.9166837532413076,0.9615410323745647,0.6785714285714286,0.7142857142857143,0.8571428571428572,1.0,1.0,1.0
site_17503,0,0.9593494815398227,0.7236612289616247,0.6785714285714286,0.8571428571428572,0.8571428571428572,1.0,1.0,1.0
site_17222,0,0.6142255920255935,0.9548869663565561,0.6785714285714286,0.7142857142857143,0.8571428571428572,1.0,1.0,1.0
site_11981,0,0.944729115123781,0.8722770292147237,0.6785714285714286,0.5714285714285714,1.0,1.0,1.0,1.0
site_04048,0,0.9709804630481101,0.7615263557052134,0.6785714285714286,0.8571428571428572,0.8571428571428572,1.0,1.0,1.0
site_10509,0,0.9456853448188498,0.9053468966588343,0.6785714285714286,0.8571428571428572,0.8571428571428572,1.0,1.0,1.0
site_13967,0,0.972251009710003,0.7956770264536974,0.6785714285714286,0.8571428571428572,0.8571428571428572,1.0,1.0,1.0
site_08090,0,0.9942669032535044,0.41629344806309876,0.6785714285714286,0.8571428571428572,0.8571428571428572,1.0,1.0,1.0
site_04782,0,0.9801228032164311,0.7447161382112906,0.6785714285714286,0.8571428571428572,0.8571428571428572,1.0,1.0,1.0
site_21136,0,0.9187982932322678,0.7800489285334273,0.6785714285714286,0.8571428571428572,0.8571428571428572,1.0,1.0,1.0
site_16943,0,0.9030947996842419,0.7601928916931763,0.6785714285714286,0.8571428571428572,0.8571428571428572,1.0,1.0,1.0
site_18880,0,0.9825654773486715,0.6705289925003184,0.6785714285714286,0.8571428571428572,0.8571428571428572,1.0,1.0,1.0
site_21310,0,0.6407656251918794,0.9727767733626176,0.6714285714285715,0.4285714285714286,0.7142857142857143,1.0,1.0,0.7142857142857143
site_20500,0,0.9858619315871138,0.6292607393380181,0.6785714285714286,0.8571428571428572,0.8571428571428572,1.0,1.0,1.0
site_09938,0,0.583995544286315,0.22707057439127454,0.6785714285714286,0.8571428571428572,0.8571428571428572,1.0,1.0,1.0
site_20756,0,0.9594625338586907,0.695335119690395,0.6785714285714286,0.8571428571428572,0.8571428571428572,1.0,1.0,1.0
site_12496,1,0.9866238247819684,0.9152655674564152,0.6785714285714286,0.8571428571428572,0.8571428571428572,1.0,1.0,1.0
site_11438,0,0.9712680249576956,0.8893338702574388,0.7428571428571429,0.8571428571428572,0.8571428571428572,1.0,1.0,1.0
site_13417,0,0.9918360972302253,0.7360156950914729,0.6785714285714286,0.8571428571428572,0.8571428571428572,1.0,1.0,1.0
site_20000,1,0.9922557065806069,0.9838426357228146,0.7571428571428572,0.8571428571428572,0.8571428571428572,1.0,1.0,0.7142857142857143
site_12294,0,0.9819835427448422,0.3676960034710095,0.6785714285714286,0.8571428571428572,0.8571428571428572,1.0,1.0,1.0
site_04516,0,0.9875619926710592,0.7623883937553082,0.6785714285714286,0.8571428571428572,0.8571428571428572,1.0,1.0,1.0
site_11185,0,0.9614292634289895,0.23002515655244593,0.6785714285714286,0.8571428571428572,0.8571428571428572,1.0,1.0,1.0
site_08789,0,0.960781609224181,0.3398121896806311,0.6785714285714286,0.8571428571428572,0.8571428571428572,1.0,1.0,1.0
site_10772,0,0.9951782108311625,0.024209247493915398,0.6785714285714286,0.8571428571428572,0.8571428571428572,1.0,1.0,1.0
site_06191,0,0.9865704627685252,0.8773276470429273,0.6785714285714286,0.8571428571428572,0.8571428571428572,1.0,1.0,1.0
site_14640,0,0.961283055107564,0.7740204426048164,0.6785714285714286,0.8571428571428572,0.8571428571428572,1.0,1.0,1.0
site_18446,0,0.953026755921627,0.6898374603159995,0.6785714285714286,0.8571428571428572,0.8571428571428572,1.0,1.0,1.0
site_20603,0,0.8987455697112573,0.8995555472622137,0.6785714285714286,0.8571428571428572,0.8571428571428572,1.0,1.0,1.0
site_15409,0,0.9848184694515593,0.8584401577293855,0.6785714285714286,0.8571428571428572,0.8571428571428572,1.0,1.0,1.0
site_15852,0,0.9787093399881704,0.6294130866219303,0.6785714285714286,0.8571428571428572,0.8571428571428572,1.0,1.0,1.0
site_18394,0,0.8530904956260158,0.867951613621573,0.41428571428571437,0.1428571428571429,1.0,0.1428571428571429,0.7142857142857143,0.7142857142857143
site_11562,1,0.8462796662578407,0.9821916447793188,0.7428571428571429,0.8571428571428572,0.8571428571428572,1.0,1.0,1.0
site_04542,0,0.9689180005968453,0.6672811722485379,0.6785714285714286,0.8571428571428572,0.8571428571428572,1.0,1.0,1.0
site_15202,0,0.9892229019892022,0.7084994746707065,0.6785714285714286,0.8571428571428572,0.8571428571428572,1.0,1.0,1.0
site_05594,0,0.8930078785726216,0.7638698224956122,0.55,1.0,0.0,1.0,1.0,1.0
site_17733,0,0.9722337219415046,0.8731925564937729,0.6785714285714286,0.8571428571428572,0.8571428571428572,1.0,1.0,1.0
site_13555,0,0.9847524760033851,0.8654531549478885,0.6785714285714286,0.8571428571428572,0.8571428571428572,1.0,1.0,1.0
site_09194,0,0.9818723831385598,0.280435254907079,0.6785714285714286,0.8571428571428572,0.8571428571428572,1.0,1.0,1.0
site_18452,0,0.9940818975841595,0.7246568214660776,0.6785714285714286,0.8571428571428572,0.8571428571428572,1.0,1.0,1.0
site_06405,0,0.9724261079790444,0.7776194566061654,0.6785714285714286,0.8571428571428572,0.8571428571428572,1.0,1.0,1.0
site_00623,0,0.9914105722215605,0.8814711239585507,0.6785714285714286,0.8571428571428572,0.8571428571428572,1.0,1.0,1.0
site_03128,0,0.9685108289389615,0.7852071498498716,0.6785714285714286,0.8571428571428572,0.8571428571428572,1.0,1.0,1.0
site_13562,0,0.9922296803853754,0.8732413654633288,0.6785714285714286,0.8571428571428572,0.8571428571428572,1.0,1.0,1.0
site_17014,0,0.9748600488075434,0.8730234081696837,0.6785714285714286,0.8571428571428572,0.8571428571428572,1.0,1.0,1.0
site_11949,0,0.9623632500253654,0.6434909763003946,0.6785714285714286,0.8571428571428572,0.8571428571428572,1.0,1.0,1.0
site_17906,0,0.8265991811797483,0.7794586467333044,0.6785714285714286,0.8571428571428572,0.8571428571428572,1.0,1.0,1.0
site_13090,0,0.7426224745997971,0.8445061576312146,0.6785714285714286,0.7142857142857143,0.8571428571428572,1.0,1.0,1.0
site_00009,0,0.7888571658336943,0.9982220638048548,0.6785714285714286,0.5714285714285714,0.8571428571428572,1.0,0.5714285714285714,0.5714285714285714
site_18553,0,0.9740097234606822,0.7447661957308457,0.6785714285714286,0.8571428571428572,0.8571428571428572,1.0,1.0,1.0
site_15750,0,0.9633222070149472,0.7684578306697443,0.6785714285714286,0.8571428571428572,0.8571428571428572,1.0,1.0,1.0
site_13933,0,0.9670923749852904,0.6134791792017114,0.6785714285714286,0.8571428571428572,0.8571428571428572,1.0,1.0,1.0
site_17059,0,0.962946332179345,0.8313082916887715,0.6785714285714286,0.8571428571428572,0.8571428571428572,1.0,1.0,1.0
site_08483,0,0.9949349497598073,0.50664794872403,0.6785714285714286,0.8571428571428572,0.8571428571428572,1.0,1.0,1.0
site_16190,0,0.5422516042751102,0.9941927923933274,0.6785714285714286,0.5714285714285714,1.0,1.0,1.0,1.0
site_03343,1,0.9838601952170587,0.9498231731069143,0.6785714285714286,0.8571428571428572,0.8571428571428572,1.0,1.0,1.0
site_09577,0,0.9743673865263663,0.10844641786903053,0.6785714285714286,0.8571428571428572,0.8571428571428572,1.0,1.0,1.0
site_05850,0,0.9878223887526136,0.7430190003478402,0.55,1.0,0.0,1.0,1.0,1.0
site_14499,0,0.9692420326189193,0.5662568840926849,0.6785714285714286,0.8571428571428572,0.8571428571428572,1.0,1.0,1.0
site_06824,0,0.9855360999977586,0.7642460455693225,0.6785714285714286,0.8571428571428572,0.8571428571428572,1.0,1.0,1.0
site_17119,1,0.9828028730602081,0.9180646795324271,0.55,1.0,0.0,1.0,1.0,1.0
site_14140,0,0.9934815597968115,0.6536736432630921,0.6785714285714286,0.8571428571428572,0.8571428571428572,1.0,1.0,1.0
site_01512,0,0.8726659575104803,0.877518426206772,0.6785714285714286,0.8571428571428572,0.8571428571428572,1.0,1.0,1.0
site_13185,0,0.9441084618798147,0.732318077265865,0.6785714285714286,0.8571428571428572,0.8571428571428572,1.0,1.0,1.0
site_04818,0,0.7355482005042544,0.7117372206390233,0.6785714285714286,0.8571428571428572,0.8571428571428572,1.0,1.0,1.0
site_11712,0,0.7492111710460161,0.9915766065615288,0.7428571428571429,0.8571428571428572,0.8571428571428572,1.0,1.0,1.0
site_13965,0,0.9327214521415551,0.7847343219492274,0.6785714285714286,0.8571428571428572,0.8571428571428572,1.0,1.0,1.0
site_06843,0,0.9810302974253267,0.8110548783666647,0.6785714285714286,0.8571428571428572,0.8571428571428572,1.0,1.0,1.0
site_14003,0,0.9588172455446142,0.826897663917952,0.6785714285714286,0.8571428571428572,0.8571428571428572,1.0,1.0,1.0
site_03444,0,0.9178763708157192,0.814809090116837,0.6785714285714286,0.8571428571428572,0.8571428571428572,1.0,1.0,1.0
site_13007,0,0.9547149996608021,0.9078780922494494,0.6785714285714286,0.5714285714285714,1.0,1.0,1.0,1.0
site_12928,0,0.9737959382209074,0.5858451412918965,0.6785714285714286,0.8571428571428572,0.8571428571428572,1.0,1.0,1.0
site_19143,0,0.9934408362039971,0.6793500878372969,0.6785714285714286,0.8571428571428572,0.8571428571428572,1.0,1.0,1.0
site_13387,0,0.9506017253729478,0.5436324830445018,0.6785714285714286,0.8571428571428572,0.8571428571428572,1.0,1.0,1.0
site_07781,0,0.9987339662281058,0.5890845633173347,0.6785714285714286,0.8571428571428572,0.8571428571428572,1.0,1.0,1.0
site_04575,0,0.9566015981886233,0.7779205225918078,0.6785714285714286,0.8571428571428572,0.8571428571428572,1.0,1.0,1.0
site_17234,0,0.9675751396464211,0.6156903921319579,0.6785714285714286,0.8571428571428572,0.8571428571428572,1.0,1.0,1.0
site_02871,0,0.9534729070265002,0.8434746697348461,0.6785714285714286,0.8571428571428572,0.8571428571428572,1.0,1.0,1.0
site_14136,0,0.998209217485329,0.6338510572509597,0.6785714285714286,0.8571428571428572,0.8571428571428572,1.0,1.0,1.0
site_02532,0,0.6743105727342322,0.9032642193090467,0.6785714285714286,0.7142857142857143,0.8571428571428572,1.0,1.0,1.0
site_12095,0,0.9551259828245424,0.7938217545684072,0.6785714285714286,0.8571428571428572,0.8571428571428572,1.0,1.0,1.0
site_20496,0,0.7919655513194561,0.9972007342679723,0.7571428571428572,0.8571428571428572,0.8571428571428572,1.0,1.0,0.7142857142857143
site_18481,0,0.8532207351164534,0.7612597501132671,0.6785714285714286,0.8571428571428572,0.8571428571428572,1.0,1.0,1.0
site_20042,0,0.9853054582522448,0.8503730821008194,0.6785714285714286,0.8571428571428572,0.8571428571428572,1.0,1.0,1.0
site_04251,0,0.9991047786746292,0.8243501688553356,0.6785714285714286,0.8571428571428572,0.8571428571428572,1.0,1.0,1.0
site_02847,0,0.9353670768517615,0.6804017162342455,0.6785714285714286,0.8571428571428572,0.8571428571428572,1.0,1.0,1.0
site_14770,0,0.9971685299155296,0.6125757754273422,0.6785714285714286,0.8571428571428572,0.8571428571428572,1.0,1.0,1.0
site_09463,0,0.9769850993146533,0.12091180177296124,0.6785714285714286,0.8571428571428572,0.8571428571428572,1.0,1.0,1.0
site_10243,1,0.9830969979879423,0.987716876935569,0.7428571428571429,0.8571428571428572,0.8571428571428572,1.0,1.0,1.0
site_19815,0,0.9720326882939035,0.6105742871615552,0.6785714285714286,0.8571428571428572,0.8571428571428572,1.0,1.0,1.0
site_20263,0,0.9854872564630323,0.9085800093394989,0.6785714285714286,0.8571428571428572,0.8571428571428572,1.0,1.0,1.0
site_10204,0,0.9758972143205198,0.2995300599995071,0.6785714285714286,0.8571428571428572,0.8571428571428572,1.0,1.0,1.0
site_20204,1,0.9378593173262905,0.9905905211309002,0.6785714285714286,0.8571428571428572,0.8571428571428572,1.0,1.0,1.0
site_11688,0,0.8892442717575211,0.8896371713890092,0.6785714285714286,0.5714285714285714,1.0,1.0,1.0,1.0
site_09244,1,0.9851436704472035,0.9207607043533538,0.7428571428571429,0.8571428571428572,0.8571428571428572,1.0,1.0,1.0
site_10766,0,0.9710871088329409,0.8297136590525661,0.6785714285714286,0.8571428571428572,0.8571428571428572,1.0,1.0,1.0
site_08352,0,0.8997051749921579,0.35908156578262695,0.6785714285714286,0.8571428571428572,0.8571428571428572,1.0,1.0,1.0
site_05615,0,0.9974674543879367,0.5452649981682192,0.6785714285714286,0.8571428571428572,0.8571428571428572,1.0,1.0,1.0
site_14063,0,0.9669707383951681,0.7719381298968637,0.6785714285714286,0.8571428571428572,0.8571428571428572,1.0,1.0,1.0
site_11075,0,0.9799823624522545,0.43870315155947315,0.6785714285714286,0.8571428571428572,0.8571428571428572,1.0,1.0,1.0
site_14737,0,0.9815301989595625,0.7673052201310671,0.6785714285714286,0.8571428571428572,0.8571428571428572,1.0,1.0,1.0
site_01553,0,0.8392011894461631,0.9054980989279996,0.6785714285714286,0.7142857142857143,0.8571428571428572,1.0,1.0,1.0
site_11360,0,0.9858441380396123,0.5865738847011878,0.6785714285714286,0.8571428571428572,0.8571428571428572,1.0,1.0,1.0
site_10120,1,0.8893426108441045,0.9287738176117484,0.7428571428571429,0.8571428571428572,0.8571428571428572,1.0,1.0,1.0
site_06127,0,0.9710798081039813,0.8895963445491017,0.6785714285714286,0.8571428571428572,0.8571428571428572,1.0,1.0,1.0
site_06868,0,0.9917453643891999,0.6937383115977271,0.6785714285714286,0.8571428571428572,0.8571428571428572,1.0,1.0,1.0
site_13074,0,0.9871590507414485,0.7643925295434245,0.6785714285714286,0.8571428571428572,0.8571428571428572,1.0,1.0,1.0
site_19325,1,0.8937501497776494,0.9791492515878838,0.6714285714285715,0.4285714285714286,0.7142857142857143,1.0,1.0,0.7142857142857143
site_09176,0,0.953066383659935,0.7965483817779434,0.6785714285714286,0.8571428571428572,0.8571428571428572,1.0,1.0,1.0
site_02221,0,0.8582111326552475,0.8332983692964256,0.6785714285714286,0.7142857142857143,0.8571428571428572,1.0,1.0,1.0
site_05376,0,0.9684709962809837,0.7718403821481438,0.6785714285714286,0.8571428571428572,0.8571428571428572,1.0,1.0,1.0
site_06196,0,0.9367802252488932,0.8503207117776281,0.6785714285714286,0.8571428571428572,0.8571428571428572,1.0,1.0,1.0
site_13531,0,0.9740378142215861,0.73928733062485,0.6785714285714286,0.8571428571428572,0.8571428571428572,1.0,1.0,1.0
site_18613,0,0.982307485347424,0.8240685627945066,0.6785714285714286,0.8571428571428572,0.8571428571428572,1.0,1.0,1.0
site_18330,0,0.9788329847910558,0.7855495463237807,0.6785714285714286,0.8571428571428572,0.8571428571428572,1.0,1.0,1.0
site_13195,0,0.9887387140678203,0.7744335437416596,0.6785714285714286,0.8571428571428572,0.8571428571428572,1.0,1.0,1.0
site_12043,0,0.9344371811971554,0.3635136314594397,0.6785714285714286,0.8571428571428572,0.8571428571428572,1.0,1.0,1.0
site_20347,1,0.879509141831595,0.9835705980990005,0.5857142857142859,0.2857142857142857,1.0,1.0,0.5714285714285714,0.7142857142857143
site_16467,0,0.9917708582590168,0.6713472972812664,0.6785714285714286,0.8571428571428572,0.8571428571428572,1.0,1.0,1.0
site_12211,0,0.9012382572832475,0.7231412375212172,0.6785714285714286,0.8571428571428572,0.8571428571428572,1.0,1.0,1.0
site_21075,1,0.8864758070198594,0.9975955977109926,0.8214285714285715,0.8571428571428572,0.7142857142857143,1.0,1.0,0.7142857142857143
site_02852,0,0.883031971760609,0.7064348200810486,0.6785714285714286,0.8571428571428572,0.8571428571428572,1.0,1.0,1.0
site_02384,0,0.9679873038926212,0.7387276517964407,0.6785714285714286,0.8571428571428572,0.8571428571428572,1.0,1.0,1.0
site_08375,0,0.9967717728341318,0.5230166971750076,0.6785714285714286,0.8571428571428572,0.8571428571428572,1.0,1.0,1.0
site_14838,0,0.973418181850156,0.7003588180852267,0.6785714285714286,0.8571428571428572,0.8571428571428572,1.0,1.0,1.0
site_15173,0,0.8927163561246927,0.7895889300565858,0.6785714285714286,0.5714285714285714,1.0,1.0,1.0,1.0
site_14828,0,0.9516455004767251,0.7439842150425335,0.6785714285714286,0.8571428571428572,0.8571428571428572,1.0,1.0,1.0
site_02979,0,0.9229199580491433,0.8491926225210731,0.6785714285714286,0.8571428571428572,0.8571428571428572,1.0,1.0,1.0
site_02227,0,0.8333509489733033,0.8869020751206494,0.6785714285714286,0.7142857142857143,0.8571428571428572,1.0,1.0,1.0
site_20207,1,0.858744341087434,0.9870905126914761,0.7571428571428572,0.8571428571428572,0.8571428571428572,1.0,1.0,0.7142857142857143
site_06630,0,0.9911818492693175,0.7247926697850018,0.6785714285714286,0.8571428571428572,0.8571428571428572,1.0,1.0,1.0
site_17915,0,0.9616593733148151,0.7101321151485946,0.6785714285714286,0.8571428571428572,0.8571428571428572,1.0,1.0,1.0
site_04746,0,0.9855638209718038,0.7258196325876543,0.6785714285714286,0.8571428571428572,0.8571428571428572,1.0,1.0,1.0
site_18171,0,0.9865307362961946,0.7783096111663981,0.6785714285714286,0.8571428571428572,0.8571428571428572,1.0,1.0,1.0
site_01054,1,0.9408546132350625,0.9146173283770811,0.6785714285714286,0.8571428571428572,0.8571428571428572,1.0,1.0,1.0
site_01506,0,0.9486485428557223,0.8468770352437618,0.6785714285714286,0.8571428571428572,0.8571428571428572,1.0,1.0,1.0
site_06528,0,0.9917452339857737,0.8497266728258066,0.6785714285714286,0.8571428571428572,0.8571428571428572,1.0,1.0,1.0
site_18244,0,0.9432260740562697,0.7423424601275839,0.6785714285714286,0.8571428571428572,0.8571428571428572,1.0,1.0,1.0
site_16752,0,0.9974664714721119,0.5893378456531095,0.6785714285714286,0.8571428571428572,0.8571428571428572,1.0,1.0,1.0
site_08937,0,0.977360666770751,0.8764398135010091,0.6785714285714286,0.8571428571428572,0.8571428571428572,1.0,1.0,1.0
site_04517,0,0.9768983735846236,0.7579553816082372,0.6785714285714286,0.8571428571428572,0.8571428571428572,1.0,1.0,1.0
site_00790,0,0.927608602059772,0.8607362425660431,0.6785714285714286,0.8571428571428572,0.8571428571428572,1.0,1.0,1.0
site_05698,0,0.7382698019763616,0.9460832390130026,0.6785714285714286,0.8571428571428572,0.8571428571428572,1.0,1.0,1.0
site_13295,0,0.9320295911752737,0.6967875904816846,0.6785714285714286,0.8571428571428572,0.8571428571428572,1.0,1.0,1.0
site_16911,0,0.7178317549600695,0.9504250480791625,0.6785714285714286,0.5714285714285714,1.0,1.0,1.0,1.0
site_02145,0,0.9070195627792198,0.7690491808117368,0.6785714285714286,0.8571428571428572,0.8571428571428572,1.0,1.0,1.0
site_04241,0,0.9647786828818782,0.8133575199550254,0.6785714285714286,0.8571428571428572,0.8571428571428572,1.0,1.0,1.0
site_09035,0,0.9834919843771032,0.28239818372000514,0.6785714285714286,0.8571428571428572,0.8571428571428572,1.0,1.0,1.0
site_00758,0,0.9833379593017315,0.8721417443238426,0.6785714285714286,0.8571428571428572,0.8571428571428572,1.0,1.0,1.0
site_10403,0,0.9878052546738675,0.8786594037866632,0.6785714285714286,0.8571428571428572,0.8571428571428572,1.0,1.0,1.0
site_13833,0,0.9883264082407573,0.6324923703367982,0.6785714285714286,0.8571428571428572,0.8571428571428572,1.0,1.0,1.0
site_19107,0,0.9857629982334881,0.8625751549929116,0.6785714285714286,0.8571428571428572,0.8571428571428572,1.0,1.0,1.0
site_05239,0,0.9979978451746648,0.6436684914365547,0.6785714285714286,0.8571428571428572,0.8571428571428572,1.0,1.0,1.0
site_18479,0,0.9639655877131895,0.7527154046812915,0.6785714285714286,0.8571428571428572,0.8571428571428572,1.0,1.0,1.0
site_15764,0,0.9745688598198042,0.8937795424176018,0.6785714285714286,0.5714285714285714,1.0,1.0,1.0,1.0
site_04312,0,0.9668862891363782,0.8153714917688465,0.6785714285714286,0.8571428571428572,0.8571428571428572,1.0,1.0,1.0
site_08896,0,0.980366039138554,0.33742865053944693,0.6785714285714286,0.8571428571428572,0.8571428571428572,1.0,1.0,1.0
site_15541,0,0.9673646312584554,0.7546387143515344,0.6785714285714286,0.8571428571428572,0.8571428571428572,1.0,1.0,1.0
site_21288,1,0.9963284559080084,0.9634585507496394,0.8214285714285715,0.8571428571428572,0.7142857142857143,1.0,1.0,0.7142857142857143
site_00971,0,0.9513553975632354,0.8117069751611729,0.6785714285714286,0.8571428571428572,0.8571428571428572,1.0,1.0,1.0
site_03925,0,0.9564779496599257,0.773472462036559,0.6785714285714286,0.8571428571428572,0.8571428571428572,1.0,1.0,1.0
site_01780,0,0.8977201069743269,0.8571359481445925,0.6785714285714286,0.8571428571428572,0.8571428571428572,1.0,1.0,1.0
site_09512,1,0.8609851786595494,0.9266720556949114,0.7428571428571429,0.8571428571428572,0.8571428571428572,1.0,1.0,1.0
site_07511,0,0.96514411426595,0.6528058627854398,0.6785714285714286,0.8571428571428572,0.8571428571428572,1.0,1.0,1.0
site_16396,0,0.9858155461569708,0.5654113715772113,0.6785714285714286,0.8571428571428572,0.8571428571428572,1.0,1.0,1.0
site_08914,0,0.9820055976900203,0.22452968992235833,0.6785714285714286,0.8571428571428572,0.8571428571428572,1.0,1.0,1.0
site_17235,0,0.9622563564740249,0.6235213460692489,0.6785714285714286,0.8571428571428572,0.8571428571428572,1.0,1.0,1.0
site_15967,0,0.9427476536921368,0.8613306463915303,0.6785714285714286,0.8571428571428572,0.8571428571428572,1.0,1.0,1.0
site_09901,0,0.9810094310142329,0.1354430843253004,0.6785714285714286,0.8571428571428572,0.8571428571428572,1.0,1.0,1.0
site_10429,0,0.9879546951373561,0.11676990553567868,0.6785714285714286,0.8571428571428572,0.8571428571428572,1.0,1.0,1.0
site_16847,0,0.816181974270316,0.925681725791848,0.55,1.0,0.0,1.0,1.0,1.0
site_21052,0,0.9508403114814747,0.8813291116057929,0.6785714285714286,0.8571428571428572,0.8571428571428572,1.0,1.0,1.0
site_09023,0,0.9078903297945867,0.34988985648721926,0.6785714285714286,0.8571428571428572,0.8571428571428572,1.0,1.0,1.0
site_04750,0,0.9727766994532177,0.707871288432089,0.6785714285714286,0.8571428571428572,0.8571428571428572,1.0,1.0,1.0
site_04429,0,0.9962013151289852,0.7846049329668817,0.6785714285714286,0.8571428571428572,0.8571428571428572,1.0,1.0,1.0
site_19151,0,0.9942341617475514,0.6644643500974151,0.6785714285714286,0.8571428571428572,0.8571428571428572,1.0,1.0,1.0
site_12992,1,0.9502642114995136,0.9196585038312253,0.6785714285714286,0.8571428571428572,0.8571428571428572,1.0,1.0,1.0
site_05751,1,0.9751125061148029,0.9437750970191908,0.6785714285714286,0.8571428571428572,0.8571428571428572,1.0,1.0,1.0
site_03660,0,0.98599864840202,0.8185448243273914,0.6785714285714286,0.8571428571428572,0.8571428571428572,1.0,1.0,1.0
site_20578,0,0.9258530217171332,0.7337411418552002,0.6785714285714286,0.8571428571428572,0.8571428571428572,1.0,1.0,1.0
site_04030,0,0.924102120994588,0.6602839909084349,0.6785714285714286,0.8571428571428572,0.8571428571428572,1.0,1.0,1.0
site_20403,1,0.9868995907702035,0.9152721886786753,0.6785714285714286,0.8571428571428572,0.8571428571428572,1.0,1.0,1.0
site_17716,0,0.9187492093826561,0.7778954186778413,0.6785714285714286,0.8571428571428572,0.8571428571428572,1.0,1.0,1.0
site_10770,0,0.978721268175853,0.006039810366822662,0.6785714285714286,0.8571428571428572,0.8571428571428572,1.0,1.0,1.0
site_00562,0,0.9732857217756613,0.8810283217673005,0.6785714285714286,0.8571428571428572,0.8571428571428572,1.0,1.0,1.0
site_17780,0,0.9886036757312995,0.7111320899178439,0.6785714285714286,0.8571428571428572,0.8571428571428572,1.0,1.0,1.0
site_10221,0,0.9879880756200974,0.4542406895277761,0.6785714285714286,0.8571428571428572,0.8571428571428572,1.0,1.0,1.0
site_06811,0,0.9879546951373561,0.6779939428775208,0.6785714285714286,0.8571428571428572,0.8571428571428572,1.0,1.0,1.0
site_17013,0,0.9583166528722197,0.8658867885484209,0.6785714285714286,0.8571428571428572,0.8571428571428572,1.0,1.0,1.0
site_00456,0,0.8857810846298265,0.8658868794487415,0.6785714285714286,0.5714285714285714,0.8571428571428572,1.0,0.5714285714285714,0.5714285714285714
site_11614,0,0.9612637665779268,0.2710031239901548,0.6785714285714286,0.8571428571428572,0.8571428571428572,1.0,1.0,1.0
site_08102,0,0.9903154647405231,0.3284797978006486,0.6785714285714286,0.8571428571428572,0.8571428571428572,1.0,1.0,1.0
site_19487,0,0.9953756853966822,0.6278672809188635,0.6785714285714286,0.8571428571428572,0.8571428571428572,1.0,1.0,1.0
site_04210,0,0.9877733552014663,0.6478196023543712,0.6785714285714286,0.8571428571428572,0.8571428571428572,1.0,1.0,1.0
site_13515,0,0.9823427706516403,0.6587351015647351,0.6785714285714286,0.8571428571428572,0.8571428571428572,1.0,1.0,1.0
site_11936,0,0.9342251005164512,0.5325999913485737,0.6785714285714286,0.8571428571428572,0.8571428571428572,1.0,1.0,1.0
site_07046,0,0.9763669889374973,0.7082266554297268,0.6785714285714286,0.8571428571428572,0.8571428571428572,1.0,1.0,1.0
site_09742,0,0.5241818921236092,0.9225025111309725,0.7428571428571429,0.8571428571428572,0.8571428571428572,1.0,1.0,1.0
site_07932,0,0.5060427010266431,0.3119624433684285,0.55,1.0,0.0,1.0,1.0,1.0
site_21309,1,0.8592642409185266,0.9699078901581167,0.6357142857142858,1.0,0.8571428571428572,1.0,0.7142857142857143,1.0
site_15246,0,0.9608294486525257,0.7523032191643814,0.6785714285714286,0.8571428571428572,0.8571428571428572,1.0,1.0,1.0
site_01906,0,0.9303505911761083,0.8025577332834882,0.6785714285714286,0.8571428571428572,0.8571428571428572,1.0,1.0,1.0
site_18596,0,0.9837653528052027,0.679156098688906,0.6785714285714286,0.8571428571428572,0.8571428571428572,1.0,1.0,1.0
site_18084,0,0.9689357652693023,0.7069197236989633,0.6785714285714286,0.8571428571428572,0.8571428571428572,1.0,1.0,1.0
site_15386,0,0.9922213257172964,0.6617952400534208,0.6785714285714286,0.8571428571428572,0.8571428571428572,1.0,1.0,1.0
site_17165,0,0.9756434697451533,0.8978322375235895,0.6785714285714286,0.8571428571428572,0.8571428571428572,1.0,1.0,1.0
site_17317,0,0.9640520377331181,0.8862993418721276,0.6785714285714286,0.8571428571428572,0.8571428571428572,1.0,1.0,1.0
site_19361,0,0.9884114098512023,0.7378699383177356,0.6785714285714286,0.8571428571428572,0.8571428571428572,1.0,1.0,1.0
site_08166,0,0.9903567010982383,0.5596095040639806,0.6785714285714286,0.8571428571428572,0.8571428571428572,1.0,1.0,1.0
site_16363,0,0.9701434630684979,0.88531539185639,0.6785714285714286,0.8571428571428572,0.8571428571428572,1.0,1.0,1.0
site_15577,0,0.9871510262734736,0.6662384511405247,0.6785714285714286,0.8571428571428572,0.8571428571428572,1.0,1.0,1.0
site_05003,0,0.9818727016955009,0.6595793830354794,0.6785714285714286,0.8571428571428572,0.8571428571428572,1.0,1.0,1.0
site_15994,0,0.9893451673101293,0.6125772320269174,0.6785714285714286,0.8571428571428572,0.8571428571428572,1.0,1.0,1.0
site_03854,0,0.9271006248276439,0.7496200759146385,0.6785714285714286,0.8571428571428572,0.8571428571428572,1.0,1.0,1.0
site_13174,0,0.9897915624557001,0.6644946137729728,0.6785714285714286,0.8571428571428572,0.8571428571428572,1.0,1.0,1.0
site_20929,0,0.9854776326901806,0.778719772374583,0.6785714285714286,0.8571428571428572,0.8571428571428572,1.0,1.0,1.0
site_15643,0,0.9814127781259177,0.6557447023055487,0.6785714285714286,0.8571428571428572,0.8571428571428572,1.0,1.0,1.0
site_19169,0,0.995934628013571,0.8279110197803432,0.6785714285714286,0.8571428571428572,0.8571428571428572,1.0,1.0,1.0
site_05146,0,0.9133101197350846,0.6449728462189555,0.6785714285714286,0.8571428571428572,0.8571428571428572,1.0,1.0,1.0
site_02976,0,0.9104580403205605,0.8330688812565301,0.6785714285714286,0.8571428571428572,0.8571428571428572,1.0,1.0,1.0
site_05818,1,0.9799821892019882,0.9355297825083039,0.6785714285714286,0.8571428571428572,0.8571428571428572,1.0,1.0,1.0
site_20760,0,0.926694950946255,0.7226791681234135,0.6785714285714286,0.8571428571428572,0.8571428571428572,1.0,1.0,1.0
site_16852,0,0.7923201592191557,0.9567322186650098,0.6785714285714286,0.5714285714285714,1.0,1.0,1.0,1.0
site_13249,0,0.9095908649881317,0.8439019819196201,0.6785714285714286,0.5714285714285714,1.0,1.0,1.0,1.0
site_14651,0,0.9811919343349748,0.7771481230455616,0.6785714285714286,0.8571428571428572,0.8571428571428572,1.0,1.0,1.0
site_05499,0,0.9713437837595841,0.5887961748992503,0.6785714285714286,0.8571428571428572,0.8571428571428572,1.0,1.0,1.0
site_06024,0,0.9656178438325528,0.7749934661367659,0.55,1.0,0.0,1.0,1.0,1.0
site_19733,1,0.9784408654143646,0.9627080439661916,0.6785714285714286,0.8571428571428572,0.8571428571428572,1.0,1.0,1.0
site_00343,1,0.9810172980666433,0.954583914227084,0.6785714285714286,0.8571428571428572,0.8571428571428572,1.0,1.0,1.0
site_17015,0,0.9663221229308181,0.8801594662239988,0.6785714285714286,0.8571428571428572,0.8571428571428572,1.0,1.0,1.0
site_00643,0,0.9330416111818718,0.8553345239279188,0.6785714285714286,0.8571428571428572,0.8571428571428572,1.0,1.0,1.0
site_07798,0,0.9632122881041196,0.4803763640387515,0.6785714285714286,0.8571428571428572,0.8571428571428572,1.0,1.0,1.0
site_12565,0,0.8368482198307874,0.566528097805683,0.6785714285714286,0.8571428571428572,0.8571428571428572,1.0,1.0,1.0
site_13247,0,0.8165173867856829,0.8579358581214267,0.6785714285714286,0.8571428571428572,0.8571428571428572,1.0,1.0,1.0
site_14346,0,0.9537918179197378,0.7215576646265205,0.6785714285714286,0.8571428571428572,0.8571428571428572,1.0,1.0,1.0
site_00079,1,0.9009480984825751,0.9579051185719155,0.6785714285714286,0.8571428571428572,0.8571428571428572,1.0,1.0,1.0
site_04445,0,0.9829664026824417,0.7888518760573546,0.6785714285714286,0.8571428571428572,0.8571428571428572,1.0,1.0,1.0
site_01115,0,0.9893908215496326,0.8320213952330278,0.6785714285714286,0.8571428571428572,0.8571428571428572,1.0,1.0,1.0
site_18740,0,0.920843652342737,0.6781228721220138,0.6785714285714286,0.8571428571428572,0.8571428571428572,1.0,1.0,1.0
site_05804,0,0.96491526370464,0.7221590317223814,0.6785714285714286,0.8571428571428572,0.8571428571428572,1.0,1.0,1.0
site_00387,1,0.9882265583373363,0.9581674800038162,0.6785714285714286,0.8571428571428572,0.8571428571428572,1.0,1.0,1.0
site_14758,0,0.9652842197070307,0.6878180943862413,0.6785714285714286,0.8571428571428572,0.8571428571428572,1.0,1.0,1.0
site_04356,0,0.9338390169554857,0.7507225458926238,0.6785714285714286,0.8571428571428572,0.8571428571428572,1.0,1.0,1.0
site_20978,0,0.9693910148075102,0.7311384330097055,0.6785714285714286,0.8571428571428572,0.8571428571428572,1.0,1.0,1.0
site_04580,0,0.980966934400549,0.7655343840822062,0.6785714285714286,0.8571428571428572,0.8571428571428572,1.0,1.0,1.0
site_11866,0,0.5761615919912564,0.998565834701649,0.7428571428571429,0.8571428571428572,0.8571428571428572,1.0,1.0,1.0
site_16756,0,0.9509550180609491,0.6241192973961477,0.6785714285714286,0.8571428571428572,0.8571428571428572,1.0,1.0,1.0
site_06501,0,0.980966934400549,0.6976563988938722,0.6785714285714286,0.8571428571428572,0.8571428571428572,1.0,1.0,1.0
site_20523,0,0.9891197053749937,0.7991094628645223,0.6785714285714286,0.8571428571428572,0.8571428571428572,1.0,1.0,1.0
site_08681,0,0.9372353928192333,0.19646730053523243,0.6785714285714286,0.8571428571428572,0.8571428571428572,1.0,1.0,1.0
site_16790,0,0.729555872458236,0.9526268307515208,0.6785714285714286,0.5714285714285714,1.0,1.0,1.0,1.0
site_21235,0,0.4744783058177633,0.9956837452041463,0.6714285714285715,0.4285714285714286,0.7142857142857143,1.0,1.0,0.7142857142857143
site_15185,0,0.9388381105398994,0.6674754923474304,0.6785714285714286,0.8571428571428572,0.8571428571428572,1.0,1.0,1.0
site_00583,0,0.830971943382439,0.8834698176735244,0.6785714285714286,0.8571428571428572,0.8571428571428572,1.0,1.0,1.0
site_19991,1,0.9789933269809726,0.9427717047451962,0.6785714285714286,0.8571428571428572,0.8571428571428572,1.0,1.0,1.0
site_03688,0,0.9875618976628487,0.881551485530553,0.6785714285714286,0.8571428571428572,0.8571428571428572,1.0,1.0,1.0
site_11206,0,0.9781454047829652,0.419249954793932,0.6785714285714286,0.8571428571428572,0.8571428571428572,1.0,1.0,1.0
site_08512,0,0.9915059790939612,0.347633703111352,0.6785714285714286,0.8571428571428572,0.8571428571428572,1.0,1.0,1.0
site_01244,1,0.9402440010549116,0.9322084402864498,0.6785714285714286,0.8571428571428572,0.8571428571428572,1.0,1.0,1.0
site_12969,0,0.8307689611350696,0.8304560574597233,0.6785714285714286,0.7142857142857143,0.8571428571428572,1.0,1.0,1.0
site_03433,0,0.9800178638535771,0.7471941174029315,0.6785714285714286,0.8571428571428572,0.8571428571428572,1.0,1.0,1.0
site_16536,0,0.9713305124166118,0.8638922629742256,0.6785714285714286,0.8571428571428572,0.8571428571428572,1.0,1.0,1.0
site_19938,1,0.9469736039918292,0.9889708402055365,0.7571428571428572,0.8571428571428572,0.8571428571428572,1.0,1.0,0.7142857142857143
site_11670,0,0.9883264706481113,0.7575266288468802,0.6785714285714286,0.8571428571428572,0.8571428571428572,1.0,1.0,1.0
site_07402,0,0.9668742324081754,0.4712589988737932,0.6785714285714286,0.8571428571428572,0.8571428571428572,1.0,1.0,1.0
site_06108,0,0.9248327304075037,0.8561071338626944,0.6785714285714286,0.8571428571428572,0.8571428571428572,1.0,1.0,1.0
site_10359,0,0.6237817041280688,0.517374070790074,0.5642857142857143,0.4285714285714286,1.0,1.0,0.2857142857142857,0.7142857142857143
site_12814,0,0.968738699611669,0.6218130238946997,0.6785714285714286,0.8571428571428572,0.8571428571428572,1.0,1.0,1.0
site_13450,0,0.9977634361673142,0.8820506454178384,0.6785714285714286,0.8571428571428572,0.8571428571428572,1.0,1.0,1.0
site_16176,0,0.9770880677228658,0.8945644458934935,0.6785714285714286,0.8571428571428572,0.8571428571428572,1.0,1.0,1.0
site_17088,0,0.9701330363831222,0.6205919048755996,0.6785714285714286,0.8571428571428572,0.8571428571428572,1.0,1.0,1.0
site_17991,0,0.9876758888863851,0.6978150714329259,0.6785714285714286,0.8571428571428572,0.8571428571428572,1.0,1.0,1.0
site_21304,1,0.975966778959665,0.9381349710439981,0.6785714285714286,0.8571428571428572,0.8571428571428572,1.0,1.0,1.0
site_19428,0,0.9811012965021598,0.7193239481434437,0.6785714285714286,0.8571428571428572,0.8571428571428572,1.0,1.0,1.0
site_01536,0,0.9628051835108549,0.8555085146918624,0.6785714285714286,0.8571428571428572,0.8571428571428572,1.0,1.0,1.0
site_00987,1,0.9548474485578603,0.9124192193347794,0.6785714285714286,0.8571428571428572,0.8571428571428572,1.0,1.0,1.0
site_13126,0,0.9045866819442849,0.8952172608229048,0.55,1.0,0.0,1.0,1.0,1.0
site_15932,0,0.9747161244089819,0.6213683151921031,0.6785714285714286,0.8571428571428572,0.8571428571428572,1.0,1.0,1.0
site_19275,0,0.9722820718061176,0.6698884160411844,0.6785714285714286,0.8571428571428572,0.8571428571428572,1.0,1.0,1.0
site_01618,1,0.9939895393575722,0.9092240774975096,0.6785714285714286,0.8571428571428572,0.8571428571428572,1.0,1.0,1.0
site_14493,0,0.9869376844053479,0.728739245625784,0.6785714285714286,0.8571428571428572,0.8571428571428572,1.0,1.0,1.0
site_14684,0,0.9936689178508192,0.6136470767263369,0.6785714285714286,0.8571428571428572,0.8571428571428572,1.0,1.0,1.0
site_18232,0,0.5052657052521314,0.8011385204446702,0.41428571428571437,0.1428571428571429,1.0,0.1428571428571429,0.7142857142857143,0.7142857142857143
site_08633,0,0.9323346308697786,0.2669911662941473,0.6785714285714286,0.8571428571428572,0.8571428571428572,1.0,1.0,1.0
site_11515,0,0.9614500348318729,0.6706525097417964,0.6785714285714286,0.8571428571428572,0.8571428571428572,1.0,1.0,1.0
site_01264,0,0.9278100641757734,0.8241756237860138,0.6785714285714286,0.8571428571428572,0.8571428571428572,1.0,1.0,1.0
site_03141,0,0.8914061817244918,0.8603011194622898,0.6785714285714286,0.8571428571428572,0.8571428571428572,1.0,1.0,1.0
site_03280,1,0.9557987639066685,0.9634701937836524,0.6785714285714286,0.8571428571428572,0.8571428571428572,1.0,1.0,1.0
site_04534,0,0.9088975360518529,0.6259229016004735,0.6785714285714286,0.8571428571428572,0.8571428571428572,1.0,1.0,1.0
site_18950,0,0.9639587508478458,0.6708754984124202,0.6785714285714286,0.8571428571428572,0.8571428571428572,1.0,1.0,1.0
site_16060,0,0.9340555611591771,0.6025571709231303,0.6785714285714286,0.8571428571428572,0.8571428571428572,1.0,1.0,1.0
site_14492,0,0.974578338285981,0.7346477680299919,0.6785714285714286,0.8571428571428572,0.8571428571428572,1.0,1.0,1.0
site_03595,0,0.9818725414855773,0.8546555296155784,0.6785714285714286,0.8571428571428572,0.8571428571428572,1.0,1.0,1.0
site_07764,0,0.9837858652641398,0.6599426159768637,0.6785714285714286,0.8571428571428572,0.8571428571428572,1.0,1.0,1.0
site_02009,0,0.9635224619678036,0.8382834689388982,0.6785714285714286,0.8571428571428572,0.8571428571428572,1.0,1.0,1.0
site_11220,0,0.9852344824617377,0.5444530234035057,0.6785714285714286,0.8571428571428572,0.8571428571428572,1.0,1.0,1.0
site_16494,1,0.850772041934642,0.9805713099428572,0.6785714285714286,0.5714285714285714,1.0,1.0,1.0,1.0
site_07137,0,0.9589488673113693,0.504665840362206,0.6785714285714286,0.8571428571428572,0.8571428571428572,1.0,1.0,1.0
site_02473,1,0.9806206108442237,0.9309909811613886,0.6785714285714286,0.7142857142857143,0.8571428571428572,1.0,1.0,1.0
site_11796,0,0.9790437688891226,0.5700642259685016,0.6785714285714286,0.8571428571428572,0.8571428571428572,1.0,1.0,1.0
site_19597,1,0.987679581166252,0.9788837558196637,0.6785714285714286,0.8571428571428572,0.8571428571428572,1.0,1.0,1.0
site_02506,0,0.9954060652034419,0.7242686976622923,0.6785714285714286,0.8571428571428572,0.8571428571428572,1.0,1.0,1.0
site_01356,0,0.783672787609749,0.9834835173082078,0.6785714285714286,0.8571428571428572,0.8571428571428572,1.0,1.0,1.0
site_14178,0,0.9741969678774185,0.818035690768541,0.6785714285714286,0.8571428571428572,0.8571428571428572,1.0,1.0,1.0
site_15773,0,0.9065878827288397,0.6347147755815279,0.6785714285714286,0.8571428571428572,0.8571428571428572,1.0,1.0,1.0
site_07498,0,0.986304366194341,0.7061938239915225,0.6785714285714286,0.8571428571428572,0.8571428571428572,1.0,1.0,1.0
site_13617,0,0.9526319316052957,0.606225709792341,0.6785714285714286,0.8571428571428572,0.8571428571428572,1.0,1.0,1.0
site_13695,0,0.9492351235473356,0.8314135883897092,0.6785714285714286,0.8571428571428572,0.8571428571428572,1.0,1.0,1.0
site_00329,0,0.0836149153143757,0.8415588751428593,0.6785714285714286,0.5714285714285714,0.8571428571428572,1.0,0.5714285714285714,0.5714285714285714
site_18198,0,0.9745136022994163,0.8097320024336749,0.6785714285714286,0.8571428571428572,0.8571428571428572,1.0,1.0,1.0
site_12945,0,0.9731766542129159,0.7103246755359842,0.6785714285714286,0.8571428571428572,0.8571428571428572,1.0,1.0,1.0
site_11304,0,0.9907818460740611,0.08427054821352642,0.6785714285714286,0.8571428571428572,0.8571428571428572,1.0,1.0,1.0
site_10251,1,0.9404233355723974,0.9415291582075522,0.6785714285714286,0.8571428571428572,0.8571428571428572,1.0,1.0,1.0
site_03635,0,0.9606189141838748,0.6770588445640342,0.6785714285714286,0.8571428571428572,0.8571428571428572,1.0,1.0,1.0
site_16845,1,0.9830972383028276,0.9114096096832177,0.6785714285714286,0.8571428571428572,0.8571428571428572,1.0,1.0,1.0
site_11726,0,0.5526337438403383,0.9794364604547389,0.7428571428571429,0.8571428571428572,0.8571428571428572,1.0,1.0,1.0
site_00401,0,0.989498242303396,0.8556857049626305,0.6785714285714286,0.8571428571428572,0.8571428571428572,1.0,1.0,1.0
site_12983,1,0.919186269505819,0.9114787502664596,0.6785714285714286,0.8571428571428572,0.8571428571428572,1.0,1.0,1.0
site_03646,0,0.9154310904778613,0.737550029894023,0.6785714285714286,0.8571428571428572,0.8571428571428572,1.0,1.0,1.0
site_08430,0,0.9589488524081206,0.5148487783415798,0.6785714285714286,0.8571428571428572,0.8571428571428572,1.0,1.0,1.0
site_16022,0,0.9755005718078463,0.7337220763226908,0.6785714285714286,0.8571428571428572,0.8571428571428572,1.0,1.0,1.0
site_03717,0,0.9400376581249591,0.7508591684470466,0.6785714285714286,0.8571428571428572,0.8571428571428572,1.0,1.0,1.0
site_16407,0,0.9887052143590893,0.6642577187002703,0.6785714285714286,0.8571428571428572,0.8571428571428572,1.0,1.0,1.0
site_02345,0,0.6552975445526659,0.8979091938981915,0.6785714285714286,0.7142857142857143,0.8571428571428572,1.0,1.0,1.0
site_12798,0,0.8970992748913762,0.49276173056674966,0.6785714285714286,0.8571428571428572,0.8571428571428572,1.0,1.0,1.0
site_06279,0,0.9776024738439043,0.716297692615762,0.6785714285714286,0.8571428571428572,0.8571428571428572,1.0,1.0,1.0
site_17208,0,0.9556617397122577,0.8431217873082518,0.6785714285714286,0.8571428571428572,0.8571428571428572,1.0,1.0,1.0
site_17980,0,0.9674113566689594,0.7807570742771276,0.6785714285714286,0.8571428571428572,0.8571428571428572,1.0,1.0,1.0
site_20171,0,0.9518160122709773,0.763731304238731,0.6785714285714286,0.8571428571428572,0.8571428571428572,1.0,1.0,1.0
site_11911,0,0.9964184496410433,0.3122743186287664,0.6785714285714286,0.8571428571428572,0.8571428571428572,1.0,1.0,1.0
site_21503,0,0.8763375591196974,0.855727648058713,0.6785714285714286,0.8571428571428572,0.8571428571428572,1.0,1.0,1.0
site_09991,0,0.6881732468086481,0.9160171121793182,0.7428571428571429,0.8571428571428572,0.8571428571428572,1.0,1.0,1.0
site_19555,0,0.9938546188498615,0.6182609399736995,0.6785714285714286,0.8571428571428572,0.8571428571428572,1.0,1.0,1.0
site_09731,1,0.8638812226577548,0.9602662229584321,0.7428571428571429,0.8571428571428572,0.8571428571428572,1.0,1.0,1.0
site_19875,0,0.7907909815792269,0.9890731924970388,0.7571428571428572,0.8571428571428572,0.8571428571428572,1.0,1.0,0.7142857142857143
site_09976,0,0.7185379304967324,0.9797018546739011,0.7428571428571429,0.8571428571428572,0.8571428571428572,1.0,1.0,1.0
site_08846,0,0.9781455016540818,0.28361374047470456,0.6785714285714286,0.8571428571428572,0.8571428571428572,1.0,1.0,1.0
site_19469,0,0.9818878247671248,0.6650558033767695,0.6785714285714286,0.8571428571428572,0.8571428571428572,1.0,1.0,1.0
site_08866,0,0.9399335365778779,0.14554098970753493,0.6785714285714286,0.8571428571428572,0.8571428571428572,1.0,1.0,1.0
site_01096,1,0.8605668742748824,0.9569542254502912,0.6785714285714286,0.7142857142857143,0.8571428571428572,1.0,1.0,1.0
site_04094,0,0.9587801103746522,0.6982750115349814,0.6785714285714286,0.8571428571428572,0.8571428571428572,1.0,1.0,1.0
site_19661,1,0.9199731535858469,0.9414122812453805,0.6785714285714286,0.8571428571428572,0.8571428571428572,1.0,1.0,1.0
site_10364,1,0.9050731165304092,0.9872291296872094,0.7428571428571429,0.8571428571428572,0.8571428571428572,1.0,1.0,1.0
site_07513,0,0.9754201576036434,0.6418141514432849,0.6785714285714286,0.8571428571428572,0.8571428571428572,1.0,1.0,1.0
site_00402,0,0.9948247542074256,0.8513637880468393,0.6785714285714286,0.8571428571428572,0.8571428571428572,1.0,1.0,1.0
site_05549,0,0.9312441154522486,0.6463052062807837,0.6785714285714286,0.8571428571428572,0.8571428571428572,1.0,1.0,1.0
site_12386,0,0.7448417471710356,0.9651726139246003,0.7428571428571429,0.8571428571428572,0.8571428571428572,1.0,1.0,1.0
site_00734,0,0.9049269082089836,0.8880929623758094,0.6785714285714286,0.5714285714285714,1.0,1.0,1.0,1.0
site_06957,0,0.9865704972322878,0.7921774204657913,0.6785714285714286,0.8571428571428572,0.8571428571428572,1.0,1.0,1.0
site_19766,0,0.9900957098181887,0.6686941572302629,0.6785714285714286,0.8571428571428572,0.8571428571428572,1.0,1.0,1.0
site_14463,0,0.9711271426847762,0.7919188075962077,0.6785714285714286,0.8571428571428572,0.8571428571428572,1.0,1.0,1.0
site_13386,0,0.9746817109448147,0.5358941282624131,0.6785714285714286,0.8571428571428572,0.8571428571428572,1.0,1.0,1.0
site_09106,0,0.9810301912396796,0.3158570368286282,0.6785714285714286,0.8571428571428572,0.8571428571428572,1.0,1.0,1.0
site_00151,1,0.9071187289961065,0.9398125958573328,0.6785714285714286,0.8571428571428572,0.8571428571428572,1.0,1.0,1.0
site_14024,0,0.9954345504347099,0.5548247730948777,0.6785714285714286,0.8571428571428572,0.8571428571428572,1.0,1.0,1.0
site_15196,0,0.9857765061655336,0.7020067420293794,0.6785714285714286,0.8571428571428572,0.8571428571428572,1.0,1.0,1.0
site_06388,0,0.8859985826414352,0.8629803158928622,0.6785714285714286,0.8571428571428572,0.8571428571428572,1.0,1.0,1.0
site_01450,0,0.9378443581904022,0.8779672875459101,0.6785714285714286,0.8571428571428572,0.8571428571428572,1.0,1.0,1.0
site_05406,0,0.9847801355015295,0.6549249894755923,0.6785714285714286,0.8571428571428572,0.8571428571428572,1.0,1.0,1.0
site_14072,0,0.9799424739070941,0.8133926039574304,0.6785714285714286,0.8571428571428572,0.8571428571428572,1.0,1.0,1.0
site_12857,0,0.9790115760090126,0.8766273552998965,0.6785714285714286,0.8571428571428572,0.8571428571428572,1.0,1.0,1.0
site_13468,0,0.9606137092242645,0.8793758677931822,0.6785714285714286,0.8571428571428572,0.8571428571428572,1.0,1.0,1.0
site_19490,0,0.993533660622833,0.6551293868776448,0.6785714285714286,0.8571428571428572,0.8571428571428572,1.0,1.0,1.0
site_20179,0,0.915684266866871,0.8247792214593296,0.6785714285714286,0.8571428571428572,0.8571428571428572,1.0,1.0,1.0
site_01737,0,0.8895172769189333,0.8835338693478131,0.6785714285714286,0.8571428571428572,0.8571428571428572,1.0,1.0,1.0
site_05972,0,0.9787213110226931,0.8949902386178897,0.6785714285714286,0.8571428571428572,0.8571428571428572,1.0,1.0,1.0
site_19121,0,0.950530987102967,0.7048318817828318,0.6785714285714286,0.8571428571428572,0.8571428571428572,1.0,1.0,1.0
site_02151,0,0.9837451682177372,0.7528517289638516,0.6785714285714286,0.8571428571428572,0.8571428571428572,1.0,1.0,1.0
site_00252,0,0.9578586648620621,0.8808939209825339,0.6785714285714286,0.5714285714285714,0.8571428571428572,1.0,0.5714285714285714,0.5714285714285714
site_21349,1,0.9614299638816787,0.9257619525517837,0.6785714285714286,0.8571428571428572,0.8571428571428572,1.0,1.0,1.0
site_05109,0,0.986690394799577,0.6639551054960603,0.6785714285714286,0.8571428571428572,0.8571428571428572,1.0,1.0,1.0
site_06083,0,0.9863338699695128,0.5985806614144498,0.6785714285714286,0.8571428571428572,0.8571428571428572,1.0,1.0,1.0
site_20069,1,0.8695747405672272,0.999164887875424,0.7571428571428572,0.8571428571428572,0.8571428571428572,1.0,1.0,0.7142857142857143
site_11260,1,0.9892211368856836,0.9997304322737954,0.7428571428571429,0.8571428571428572,0.8571428571428572,1.0,1.0,1.0
site_13755,0,0.8151026809990614,0.7735921228825136,0.6785714285714286,0.8571428571428572,0.8571428571428572,1.0,1.0,1.0
site_18778,0,0.9773098839507869,0.7452294930049823,0.6785714285714286,0.8571428571428572,0.8571428571428572,1.0,1.0,1.0
site_20895,1,0.9783992480923543,0.9118447039869605,0.6785714285714286,0.8571428571428572,0.8571428571428572,1.0,1.0,1.0
site_16356,0,0.9809390429705966,0.8257216439880976,0.6785714285714286,0.8571428571428572,0.8571428571428572,1.0,1.0,1.0
site_17565,0,0.9705757467004505,0.8648610506095635,0.6785714285714286,0.8571428571428572,0.8571428571428572,1.0,1.0,1.0
site_15428,0,0.9710538615479849,0.681783941808946,0.6785714285714286,0.8571428571428572,0.8571428571428572,1.0,1.0,1.0
site_01487,0,0.9737762324003065,0.9016185352118905,0.6785714285714286,0.8571428571428572,0.8571428571428572,1.0,1.0,1.0
site_02494,0,0.8045690946204875,0.762474777298481,0.6785714285714286,0.8571428571428572,0.8571428571428572,1.0,1.0,1.0
site_01117,0,0.937744186004228,0.8490227449145045,0.6785714285714286,0.8571428571428572,0.8571428571428572,1.0,1.0,1.0
site_09387,0,0.9739798685277128,0.056264509767823045,0.6785714285714286,0.8571428571428572,0.8571428571428572,1.0,1.0,1.0
site_18423,0,0.9803066459666503,0.799718957595979,0.6785714285714286,0.8571428571428572,0.8571428571428572,1.0,1.0,1.0
site_01690,0,0.9704306114129317,0.8860689621177571,0.6785714285714286,0.8571428571428572,0.8571428571428572,1.0,1.0,1.0
site_15740,0,0.9736068159948342,0.6778896282272215,0.6785714285714286,0.8571428571428572,0.8571428571428572,1.0,1.0,1.0
site_10376,1,0.9646041695653486,0.9858274045642436,0.6785714285714286,0.8571428571428572,0.8571428571428572,1.0,1.0,1.0
site_11554,1,0.9753501980284075,0.9852745897915478,0.6785714285714286,0.8571428571428572,0.8571428571428572,1.0,1.0,1.0
site_08371,0,0.9778360189285565,0.5381197014697205,0.6785714285714286,0.8571428571428572,0.8571428571428572,1.0,1.0,1.0
site_14242,0,0.959290721755989,0.6699332275746728,0.6785714285714286,0.8571428571428572,0.8571428571428572,1.0,1.0,1.0
site_09089,0,0.9911262452483972,0.8690048037917519,0.6785714285714286,0.8571428571428572,0.8571428571428572,1.0,1.0,1.0
site_06369,0,0.9831081996422505,0.7837256770591379,0.6785714285714286,0.8571428571428572,0.8571428571428572,1.0,1.0,1.0
site_00683,0,0.9790931992392666,0.8556024813746939,0.6785714285714286,0.8571428571428572,0.8571428571428572,1.0,1.0,1.0
site_17944,0,0.9417373140268304,0.7997897904416964,0.6785714285714286,0.8571428571428572,0.8571428571428572,1.0,1.0,1.0
site_21451,0,0.8762162019654881,0.8746683486937756,0.6714285714285715,0.4285714285714286,0.7142857142857143,1.0,1.0,0.7142857142857143
site_04591,0,0.9934816832143398,0.7136201284713792,0.6785714285714286,0.8571428571428572,0.8571428571428572,1.0,1.0,1.0
site_21096,0,0.8904087445467522,0.8224768277945274,0.6785714285714286,0.8571428571428572,0.8571428571428572,1.0,1.0,1.0
site_10948,0,0.9850994553026534,0.4490775523027588,0.6785714285714286,0.8571428571428572,0.8571428571428572,1.0,1.0,1.0
site_07537,0,0.9915533257836456,0.47741240586963973,0.6785714285714286,0.8571428571428572,0.8571428571428572,1.0,1.0,1.0
site_20297,0,0.9722039303473423,0.6569101395509327,0.6785714285714286,0.8571428571428572,0.8571428571428572,1.0,1.0,1.0
site_06034,0,0.9869640808531644,0.8935722022796527,0.6785714285714286,0.8571428571428572,0.8571428571428572,1.0,1.0,1.0
site_09475,0,0.9751286351557145,0.04446452109566368,0.6785714285714286,0.8571428571428572,0.8571428571428572,1.0,1.0,1.0
site_09738,1,0.9067072428477223,0.9423758488853677,0.7428571428571429,0.8571428571428572,0.8571428571428572,1.0,1.0,1.0
site_13690,0,0.9892113966812015,0.8555582962363912,0.6785714285714286,0.8571428571428572,0.8571428571428572,1.0,1.0,1.0
site_02101,0,0.9982705268890076,0.8534180877125777,0.6785714285714286,0.7142857142857143,0.8571428571428572,1.0,1.0,1.0
site_04322,0,0.9784964955159702,0.7811722300837375,0.6785714285714286,0.8571428571428572,0.8571428571428572,1.0,1.0,1.0
site_08165,0,0.9942671165562514,0.5637478553814025,0.6785714285714286,0.8571428571428572,0.8571428571428572,1.0,1.0,1.0
site_17019,0,0.9816483481894878,0.9075711374751467,0.6785714285714286,0.8571428571428572,0.8571428571428572,1.0,1.0,1.0
site_04850,0,0.9762149683490765,0.6775183294385421,0.6785714285714286,0.8571428571428572,0.8571428571428572,1.0,1.0,1.0
site_13026,0,0.9731469650785884,0.41865257842378745,0.6785714285714286,0.8571428571428572,0.8571428571428572,1.0,1.0,1.0
site_05104,0,0.736283347956401,0.6688902610127848,0.55,1.0,0.0,1.0,1.0,1.0
site_12109,0,0.8997925154811967,0.8635283075109454,0.6785714285714286,0.5714285714285714,1.0,1.0,1.0,1.0
site_19564,0,0.9328352011873001,0.6996893383691968,0.6785714285714286,0.8571428571428572,0.8571428571428572,1.0,1.0,1.0
site_00576,0,0.9812649807455988,0.8360708200478935,0.6785714285714286,0.8571428571428572,0.8571428571428572,1.0,1.0,1.0
site_04197,0,0.9856473397090028,0.8063635944753356,0.6785714285714286,0.8571428571428572,0.8571428571428572,1.0,1.0,1.0
site_18720,0,0.9940552962166732,0.7623214024986202,0.6785714285714286,0.8571428571428572,0.8571428571428572,1.0,1.0,1.0
site_10963,0,0.6761490374945469,0.6461983924850484,0.5642857142857143,0.4285714285714286,1.0,1.0,0.2857142857142857,0.7142857142857143
site_18258,0,0.9815399810794315,0.8068949550535613,0.6785714285714286,0.8571428571428572,0.8571428571428572,1.0,1.0,1.0
site_12299,0,0.9795663662082308,0.4114262832836595,0.6785714285714286,0.8571428571428572,0.8571428571428572,1.0,1.0,1.0
site_18756,0,0.9848600113258729,0.805871689440175,0.6785714285714286,0.8571428571428572,0.8571428571428572,1.0,1.0,1.0
site_18387,0,0.978534875107199,0.8189491326670629,0.6785714285714286,0.8571428571428572,0.8571428571428572,1.0,1.0,1.0
site_00427,1,0.9886698238006789,0.9471368514146048,0.6785714285714286,0.8571428571428572,0.8571428571428572,1.0,1.0,1.0
site_05911,0,0.9886749561069519,0.8180126771852577,0.6785714285714286,0.8571428571428572,0.8571428571428572,1.0,1.0,1.0
site_21496,0,0.9789754151389346,0.8728775931989748,0.6785714285714286,0.8571428571428572,0.8571428571428572,1.0,1.0,1.0
site_09000,0,0.541016750893867,0.09560230840693063,0.5642857142857143,0.4285714285714286,1.0,1.0,0.2857142857142857,0.7142857142857143
site_07431,0,0.9962014359850178,0.7089264436690469,0.6785714285714286,0.8571428571428572,0.8571428571428572,1.0,1.0,1.0
site_02444,0,0.9672034414462685,0.7269727830056703,0.6785714285714286,0.8571428571428572,0.8571428571428572,1.0,1.0,1.0
site_16375,0,0.5286615106195185,0.9750642060256689,0.6785714285714286,0.5714285714285714,1.0,1.0,1.0,1.0
site_09143,0,0.9466252703598348,0.057792937055650806,0.6785714285714286,0.8571428571428572,0.8571428571428572,1.0,1.0,1.0
site_14412,0,0.9783297970904805,0.5847392869962873,0.6785714285714286,0.8571428571428572,0.8571428571428572,1.0,1.0,1.0
site_05205,0,0.9827792700400707,0.6448453997764567,0.6785714285714286,0.8571428571428572,0.8571428571428572,1.0,1.0,1.0
site_14746,0,0.9885972906206821,0.7455090473173696,0.6785714285714286,0.8571428571428572,0.8571428571428572,1.0,1.0,1.0
site_20659,0,0.9910460955768589,0.8421556118854285,0.6785714285714286,0.8571428571428572,0.8571428571428572,1.0,1.0,1.0
site_08040,0,0.9679174560917506,0.35622535789690024,0.6785714285714286,0.8571428571428572,0.8571428571428572,1.0,1.0,1.0
site_09830,0,0.9773534535983774,0.41835227608313985,0.6785714285714286,0.8571428571428572,0.8571428571428572,1.0,1.0,1.0
site_18754,0,0.9825537987904046,0.7887987093013094,0.6785714285714286,0.8571428571428572,0.8571428571428572,1.0,1.0,1.0
site_21292,0,0.9545651474950679,0.8653637639946058,0.6785714285714286,0.8571428571428572,0.8571428571428572,1.0,1.0,1.0
site_05821,1,0.9694116613956857,0.9407885924719963,0.6785714285714286,0.8571428571428572,0.8571428571428572,1.0,1.0,1.0
site_08201,0,0.9643722750154904,0.34774586099218485,0.6785714285714286,0.8571428571428572,0.8571428571428572,1.0,1.0,1.0
site_18220,0,0.9738442079805585,0.7056907548346321,0.6785714285714286,0.8571428571428572,0.8571428571428572,1.0,1.0,1.0
site_17882,0,0.9719431812450842,0.860103051425003,0.6785714285714286,0.8571428571428572,0.8571428571428572,1.0,1.0,1.0
site_16029,0,0.9849578287987517,0.7974424392589139,0.6785714285714286,0.8571428571428572,0.8571428571428572,1.0,1.0,1.0
site_03227,0,0.9815439751500846,0.6588295425774943,0.6785714285714286,0.8571428571428572,0.8571428571428572,1.0,1.0,1.0
site_07468,0,0.9778905033429179,0.48225546675560493,0.6785714285714286,0.8571428571428572,0.8571428571428572,1.0,1.0,1.0
site_07637,0,0.965052332608797,0.4823555987860334,0.6785714285714286,0.8571428571428572,0.8571428571428572,1.0,1.0,1.0
site_00048,0,0.901717389277506,0.8948814197756668,0.7428571428571429,0.8571428571428572,0.8571428571428572,1.0,1.0,1.0
site_08273,0,0.9599845648543481,0.5305548856416406,0.6785714285714286,0.8571428571428572,0.8571428571428572,1.0,1.0,1.0
site_17946,0,0.9660563793773375,0.8111033136918212,0.6785714285714286,0.8571428571428572,0.8571428571428572,1.0,1.0,1.0
site_00757,0,0.9849831289263354,0.8743945484251776,0.6785714285714286,0.8571428571428572,0.8571428571428572,1.0,1.0,1.0
site_18608,0,0.9925511094619176,0.7820580263478609,0.6785714285714286,0.8571428571428572,0.8571428571428572,1.0,1.0,1.0
site_13633,0,0.9130777110231462,0.7020477399597811,0.6785714285714286,0.8571428571428572,0.8571428571428572,1.0,1.0,1.0
site_02442,0,0.9165611963755776,0.7367797851218691,0.6785714285714286,0.8571428571428572,0.8571428571428572,1.0,1.0,1.0
site_19434,0,0.9813057932921789,0.7738754551769352,0.6785714285714286,0.8571428571428572,0.8571428571428572,1.0,1.0,1.0
site_07375,0,0.9910466134647514,0.6617297625712566,0.6785714285714286,0.8571428571428572,0.8571428571428572,1.0,1.0,1.0
site_03524,0,0.850759493399232,0.8601887793370262,0.6785714285714286,0.8571428571428572,0.8571428571428572,1.0,1.0,1.0
site_07978,0,0.9865704972322878,0.3838740191942982,0.6785714285714286,0.8571428571428572,0.8571428571428572,1.0,1.0,1.0
site_12527,0,0.9523543846788404,0.23980518970794706,0.6785714285714286,0.8571428571428572,0.8571428571428572,1.0,1.0,1.0
site_19232,0,0.9635432855320573,0.7922733798578494,0.6785714285714286,0.8571428571428572,0.8571428571428572,1.0,1.0,1.0
site_17637,0,0.9841014359667613,0.6845964195794438,0.6357142857142858,1.0,0.8571428571428572,1.0,0.7142857142857143,1.0
site_15767,0,0.8085447448581706,0.9197330417142399,0.6785714285714286,0.5714285714285714,1.0,1.0,1.0,1.0
site_09653,0,0.974673394932037,0.8130286834269629,0.6785714285714286,0.8571428571428572,0.8571428571428572,1.0,1.0,1.0
site_05700,1,0.9885342834109674,0.933999976720389,0.6785714285714286,0.8571428571428572,0.8571428571428572,1.0,1.0,1.0
site_06494,0,0.947166202400663,0.6302530116211483,0.6785714285714286,0.8571428571428572,0.8571428571428572,1.0,1.0,1.0
site_04605,0,0.9522433629276085,0.6402718448915384,0.6785714285714286,0.8571428571428572,0.8571428571428572,1.0,1.0,1.0
site_05576,0,0.9144826626334899,0.6003810942101252,0.6785714285714286,0.8571428571428572,0.8571428571428572,1.0,1.0,1.0
site_02173,1,0.8931223653291775,0.9944648527215655,0.7428571428571429,0.8571428571428572,0.8571428571428572,1.0,1.0,1.0
site_07913,0,0.9721945915991221,0.45475221059861415,0.6785714285714286,0.8571428571428572,0.8571428571428572,1.0,1.0,1.0
site_08874,0,0.9377515184025911,0.2924182962858828,0.4642857142857143,1.0,0.0,1.0,1.0,0.1428571428571429
site_09681,0,0.9939937681543924,0.04653686946323765,0.6785714285714286,0.8571428571428572,0.8571428571428572,1.0,1.0,1.0
site_14605,0,0.9799821351777117,0.6513126625365115,0.6785714285714286,0.8571428571428572,0.8571428571428572,1.0,1.0,1.0
site_05710,0,0.9971685974458753,0.8531856159010675,0.6785714285714286,0.8571428571428572,0.8571428571428572,1.0,1.0,1.0
site_01968,0,0.9624618312897403,0.7700694510327568,0.6785714285714286,0.8571428571428572,0.8571428571428572,1.0,1.0,1.0
site_09486,0,0.8466163008396014,0.15369628212723796,0.6785714285714286,0.8571428571428572,0.8571428571428572,1.0,1.0,1.0
site_15342,0,0.9849230977090965,0.6725006668263405,0.6785714285714286,0.8571428571428572,0.8571428571428572,1.0,1.0,1.0
site_15186,0,0.9625162169700789,0.6716633655294038,0.6785714285714286,0.8571428571428572,0.8571428571428572,1.0,1.0,1.0
site_11572,0,0.7434700819666756,0.9785819793706627,0.7428571428571429,0.8571428571428572,0.8571428571428572,1.0,1.0,1.0
site_01794,0,0.948193241156144,0.8790339415085091,0.6785714285714286,0.8571428571428572,0.8571428571428572,1.0,1.0,1.0
site_13448,0,0.9815436211979279,0.881293972286402,0.6785714285714286,0.8571428571428572,0.8571428571428572,1.0,1.0,1.0
site_13158,0,0.9635727939644942,0.5451841409540139,0.6785714285714286,0.8571428571428572,0.8571428571428572,1.0,1.0,1.0
site_12874,1,0.9753227387926675,0.9287613258499003,0.6785714285714286,0.8571428571428572,0.8571428571428572,1.0,1.0,1.0
site_18038,0,0.9777129516265585,0.8473786942550409,0.6785714285714286,0.8571428571428572,0.8571428571428572,1.0,1.0,1.0
site_04805,0,0.9990264982547029,0.6482128637578868,0.6785714285714286,0.8571428571428572,0.8571428571428572,1.0,1.0,1.0
site_02722,1,0.8719080826040577,0.9698126648405103,0.6785714285714286,0.8571428571428572,0.8571428571428572,1.0,1.0,1.0
site_07335,0,0.9704498943538505,0.4757286499201038,0.6785714285714286,0.8571428571428572,0.8571428571428572,1.0,1.0,1.0
site_09664,0,0.9637602507525247,0.16120208654420576,0.6785714285714286,0.8571428571428572,0.8571428571428572,1.0,1.0,1.0
site_17872,0,0.9824732746747425,0.8238469516119007,0.6785714285714286,0.8571428571428572,0.8571428571428572,1.0,1.0,1.0
site_15697,0,0.9787258099408961,0.9078128840394112,0.6785714285714286,0.8571428571428572,0.8571428571428572,1.0,1.0,1.0
site_13805,0,0.92217262719118,0.8001791090053443,0.55,1.0,0.0,1.0,1.0,1.0
site_18484,0,0.984500200329469,0.7721812261675189,0.6785714285714286,0.8571428571428572,0.8571428571428572,1.0,1.0,1.0
site_07668,0,0.9817404055567418,0.6252362905637303,0.6785714285714286,0.8571428571428572,0.8571428571428572,1.0,1.0,1.0
site_07808,0,0.9730724860931825,0.4067803374859672,0.6785714285714286,0.8571428571428572,0.8571428571428572,1.0,1.0,1.0
site_08279,0,0.9974674543879367,0.5013859963504665,0.6785714285714286,0.8571428571428572,0.8571428571428572,1.0,1.0,1.0
site_01359,0,0.5390274652566525,0.9911115310923275,0.6785714285714286,0.7142857142857143,0.8571428571428572,1.0,1.0,1.0
site_09813,0,0.9930070706302513,0.2179830996574318,0.55,1.0,0.0,1.0,1.0,1.0
site_09799,0,0.9858440197450757,0.09047503538465684,0.6785714285714286,0.8571428571428572,0.8571428571428572,1.0,1.0,1.0
site_01239,0,0.9806955350641847,0.9061236646710726,0.6785714285714286,0.8571428571428572,0.8571428571428572,1.0,1.0,1.0
site_20886,0,0.979048066613468,0.843549374653179,0.6785714285714286,0.8571428571428572,0.8571428571428572,1.0,1.0,1.0
site_18875,0,0.9906700279304764,0.6977070121340276,0.6785714285714286,0.8571428571428572,0.8571428571428572,1.0,1.0,1.0
site_00793,0,0.9627341136435904,0.8668527137115049,0.6785714285714286,0.8571428571428572,0.8571428571428572,1.0,1.0,1.0
site_05616,0,0.9889255039354711,0.5543499060172783,0.6785714285714286,0.8571428571428572,0.8571428571428572,1.0,1.0,1.0
site_20815,0,0.9785537407571542,0.7163058288448384,0.6785714285714286,0.8571428571428572,0.8571428571428572,1.0,1.0,1.0
site_05754,1,0.9527922458516211,0.9498916297387104,0.6785714285714286,0.8571428571428572,0.8571428571428572,1.0,1.0,1.0
site_08137,0,0.7965709234279428,0.4377336495834999,0.6785714285714286,0.8571428571428572,0.8571428571428572,1.0,1.0,1.0
site_02982,0,0.9270499910401668,0.866036083839379,0.6785714285714286,0.8571428571428572,0.8571428571428572,1.0,1.0,1.0
site_15812,0,0.9909150224359468,0.7058441043818378,0.6785714285714286,0.8571428571428572,0.8571428571428572,1.0,1.0,1.0
site_12502,0,0.7909146934467316,0.9485912429586972,0.7428571428571429,0.8571428571428572,0.8571428571428572,1.0,1.0,1.0
site_19411,0,0.9873663260558981,0.6559083050235008,0.6785714285714286,0.8571428571428572,0.8571428571428572,1.0,1.0,1.0
site_04032,0,0.9846835894620559,0.6734513162772273,0.6785714285714286,0.8571428571428572,0.8571428571428572,1.0,1.0,1.0
site_17662,0,0.9493771962172455,0.819288984503382,0.6785714285714286,0.8571428571428572,0.8571428571428572,1.0,1.0,1.0
site_08178,0,0.9858441063702088,0.4995820209319961,0.6785714285714286,0.8571428571428572,0.8571428571428572,1.0,1.0,1.0
site_17926,0,0.7490529283512608,0.7501489278639459,0.41428571428571437,0.1428571428571429,1.0,0.1428571428571429,0.7142857142857143,0.7142857142857143
site_19203,0,0.9926874672016754,0.6924597651569335,0.6785714285714286,0.8571428571428572,0.8571428571428572,1.0,1.0,1.0
site_00109,0,0.9405660714368747,0.9072813157081786,0.6785714285714286,0.8571428571428572,0.8571428571428572,1.0,1.0,1.0
site_13663,0,0.95372164969902,0.8539051276658777,0.6785714285714286,0.8571428571428572,0.8571428571428572,1.0,1.0,1.0
site_11773,0,0.9811787356453399,0.36761603896693673,0.6785714285714286,0.8571428571428572,0.8571428571428572,1.0,1.0,1.0
site_11740,0,0.9929618895688943,0.8570940021865723,0.6785714285714286,0.8571428571428572,0.8571428571428572,1.0,1.0,1.0
site_12443,0,0.9228724464922701,0.5786679954442191,0.6785714285714286,0.8571428571428572,0.8571428571428572,1.0,1.0,1.0
site_18158,0,0.8825902171141039,0.8293491289813018,0.41428571428571437,0.1428571428571429,1.0,0.1428571428571429,0.7142857142857143,0.7142857142857143
site_21554,0,0.975464422115205,0.8026629290315863,0.6785714285714286,0.8571428571428572,0.8571428571428572,1.0,1.0,1.0
site_05369,0,0.9610168160210639,0.6723383185161386,0.6785714285714286,0.8571428571428572,0.8571428571428572,1.0,1.0,1.0
site_15739,0,0.964984273197771,0.6688174386305948,0.6785714285714286,0.8571428571428572,0.8571428571428572,1.0,1.0,1.0
site_14362,0,0.9570677531790716,0.7928598553657511,0.6785714285714286,0.8571428571428572,0.8571428571428572,1.0,1.0,1.0
site_02043,1,0.887798060503136,0.9960882376675475,0.6785714285714286,0.7142857142857143,0.8571428571428572,1.0,1.0,1.0
site_12190,0,0.9903154647405231,0.5437993907818531,0.6785714285714286,0.8571428571428572,0.8571428571428572,1.0,1.0,1.0
site_18102,0,0.9736860845117928,0.8141690181572032,0.6785714285714286,0.8571428571428572,0.8571428571428572,1.0,1.0,1.0
site_10985,1,0.8656928019574046,0.9770286115881007,0.6785714285714286,0.8571428571428572,0.8571428571428572,1.0,1.0,1.0
site_14707,0,0.9568783813235826,0.7367601286837107,0.6785714285714286,0.8571428571428572,0.8571428571428572,1.0,1.0,1.0
site_12373,1,0.9847233802046467,0.9281449715085881,0.6785714285714286,0.8571428571428572,0.8571428571428572,1.0,1.0,1.0
site_02038,0,0.7427234888195232,0.8263382058018689,0.6785714285714286,0.7142857142857143,0.8571428571428572,1.0,1.0,1.0
site_15389,0,0.9489619507243754,0.6883916612051233,0.6785714285714286,0.8571428571428572,0.8571428571428572,1.0,1.0,1.0
site_01166,1,0.9019600365213052,0.9316271659514981,0.6785714285714286,0.8571428571428572,0.8571428571428572,1.0,1.0,1.0
site_06377,0,0.9614500758158068,0.8541237936319924,0.6785714285714286,0.8571428571428572,0.8571428571428572,1.0,1.0,1.0
site_09622,0,0.7444245456267728,0.9424274750916347,0.7428571428571429,0.8571428571428572,0.8571428571428572,1.0,1.0,1.0
site_18674,0,0.9908842062434359,0.7166770781032417,0.6785714285714286,0.8571428571428572,0.8571428571428572,1.0,1.0,1.0
site_03995,0,0.9803932468819722,0.7845086264660235,0.6785714285714286,0.8571428571428572,0.8571428571428572,1.0,1.0,1.0
site_02776,1,0.9691158877960635,0.9569347711715173,0.6785714285714286,0.8571428571428572,0.8571428571428572,1.0,1.0,1.0
site_12177,0,0.9833470353801932,0.4314868879546172,0.6785714285714286,0.8571428571428572,0.8571428571428572,1.0,1.0,1.0
site_17971,0,0.9522581245954513,0.8338274717318337,0.6785714285714286,0.8571428571428572,0.8571428571428572,1.0,1.0,1.0
site_13096,0,0.9922009506476832,0.8814047885029557,0.6785714285714286,0.8571428571428572,0.8571428571428572,1.0,1.0,1.0
site_07717,0,0.9793908413336953,0.6452101516567313,0.6785714285714286,0.8571428571428572,0.8571428571428572,1.0,1.0,1.0
site_04316,0,0.9839848236343587,0.8060511625207779,0.6785714285714286,0.8571428571428572,0.8571428571428572,1.0,1.0,1.0
site_12361,0,0.7902039873224621,0.8498469387386544,0.6785714285714286,0.5714285714285714,1.0,1.0,1.0,1.0
site_01729,0,0.9736225594141855,0.8481635297020413,0.6785714285714286,0.8571428571428572,0.8571428571428572,1.0,1.0,1.0
site_17083,1,0.9491780925403517,0.9987143924541295,0.6785714285714286,0.7142857142857143,0.8571428571428572,1.0,1.0,1.0
site_05518,0,0.9865406553396612,0.5670732272135495,0.6785714285714286,0.8571428571428572,0.8571428571428572,1.0,1.0,1.0
site_20462,0,0.9920587545602451,0.8398956114112753,0.6785714285714286,0.8571428571428572,0.8571428571428572,1.0,1.0,1.0
site_19674,1,0.8963803347221969,0.9894338057704845,0.6714285714285715,0.4285714285714286,0.7142857142857143,1.0,1.0,0.7142857142857143
site_18817,0,0.9878404058488456,0.7213295675680503,0.6785714285714286,0.8571428571428572,0.8571428571428572,1.0,1.0,1.0
site_10219,0,0.9530552248524667,0.4360428992908205,0.6785714285714286,0.8571428571428572,0.8571428571428572,1.0,1.0,1.0
site_15295,0,0.9698185871499659,0.7044052963679166,0.6785714285714286,0.8571428571428572,0.8571428571428572,1.0,1.0,1.0
site_16999,0,0.9474312156949569,0.7547837356908695,0.6785714285714286,0.8571428571428572,0.8571428571428572,1.0,1.0,1.0
site_19297,0,0.9737770762967645,0.7743537588850982,0.6785714285714286,0.8571428571428572,0.8571428571428572,1.0,1.0,1.0
site_06855,0,0.9793322697033765,0.7742824119386513,0.6785714285714286,0.8571428571428572,0.8571428571428572,1.0,1.0,1.0
site_21244,0,0.9089548613979986,0.8557544211430396,0.6785714285714286,0.8571428571428572,0.8571428571428572,1.0,1.0,1.0
site_14706,0,0.9945561366555774,0.7327590840861893,0.6785714285714286,0.8571428571428572,0.8571428571428572,1.0,1.0,1.0
site_12614,0,0.987169938496081,0.8759744721952253,0.6785714285714286,0.8571428571428572,0.8571428571428572,1.0,1.0,1.0
site_01716,0,0.8823643732832203,0.8477322623536883,0.55,1.0,0.0,1.0,1.0,1.0
site_15564,0,0.97019788041824,0.6600912870311001,0.6785714285714286,0.8571428571428572,0.8571428571428572,1.0,1.0,1.0
site_20468,0,0.9861291859574318,0.8799401999219926,0.6785714285714286,0.8571428571428572,0.8571428571428572,1.0,1.0,1.0
site_10323,0,0.8903622985721614,0.18996801566122246,0.6785714285714286,0.8571428571428572,0.8571428571428572,1.0,1.0,1.0
site_08796,0,0.9787211526756756,0.2964939391631227,0.6785714285714286,0.8571428571428572,0.8571428571428572,1.0,1.0,1.0
site_18680,0,0.954272674965034,0.7685713507224494,0.6785714285714286,0.8571428571428572,0.8571428571428572,1.0,1.0,1.0
site_06368,0,0.9722379190689213,0.7764435939119316,0.6785714285714286,0.8571428571428572,0.8571428571428572,1.0,1.0,1.0
site_02854,0,0.8556374459265428,0.7227500089648735,0.6785714285714286,0.8571428571428572,0.8571428571428572,1.0,1.0,1.0
site_20732,1,0.9481350551473854,0.9255006257712766,0.6785714285714286,0.8571428571428572,0.8571428571428572,1.0,1.0,1.0
site_07223,0,0.9974674543879367,0.7485072321492735,0.6785714285714286,0.8571428571428572,0.8571428571428572,1.0,1.0,1.0
site_18766,0,0.9674248441090378,0.8893068541473075,0.6785714285714286,0.8571428571428572,0.8571428571428572,1.0,1.0,1.0
site_15175,0,0.7150896466177434,0.8053363275500595,0.6785714285714286,0.5714285714285714,1.0,1.0,1.0,1.0
site_12222,0,0.8845050461207857,0.8003537245126795,0.6785714285714286,0.8571428571428572,0.8571428571428572,1.0,1.0,1.0
site_15819,0,0.9424713660901971,0.7694151853623981,0.6785714285714286,0.8571428571428572,0.8571428571428572,1.0,1.0,1.0
site_04506,0,0.9873383247144866,0.789476432277945,0.6785714285714286,0.8571428571428572,0.8571428571428572,1.0,1.0,1.0
site_20793,1,0.9870701491371079,0.9523519440592932,0.6785714285714286,0.8571428571428572,0.8571428571428572,1.0,1.0,1.0
site_13720,0,0.9826171878958675,0.5794644233547994,0.6785714285714286,0.8571428571428572,0.8571428571428572,1.0,1.0,1.0
site_01556,0,0.8079038306475891,0.8856055169592343,0.6785714285714286,0.7142857142857143,0.8571428571428572,1.0,1.0,1.0
site_09095,0,0.9792870010854334,0.8327515618916913,0.6785714285714286,0.8571428571428572,0.8571428571428572,1.0,1.0,1.0
site_11250,0,0.7269821112132877,0.9320597655180064,0.4642857142857143,1.0,0.0,1.0,1.0,0.1428571428571429
site_14372,0,0.983794171962387,0.8010216296148827,0.6785714285714286,0.8571428571428572,0.8571428571428572,1.0,1.0,1.0
site_00061,1,0.9865713057335301,0.940019137912324,0.6785714285714286,0.8571428571428572,0.8571428571428572,1.0,1.0,1.0
site_19508,0,0.9781405873078212,0.818338468711798,0.6785714285714286,0.8571428571428572,0.8571428571428572,1.0,1.0,1.0
site_21042,0,0.9613215315699094,0.8054491072009866,0.6785714285714286,0.8571428571428572,0.8571428571428572,1.0,1.0,1.0
site_11191,0,0.9852345225142186,0.2841999362431178,0.6785714285714286,0.8571428571428572,0.8571428571428572,1.0,1.0,1.0
site_16577,0,0.9763754856521656,0.622857606954548,0.6785714285714286,0.8571428571428572,0.8571428571428572,1.0,1.0,1.0
site_05067,0,0.9885344901935431,0.6725816244750851,0.6785714285714286,0.8571428571428572,0.8571428571428572,1.0,1.0,1.0
site_13637,0,0.9408643338790307,0.7197891615353581,0.6785714285714286,0.8571428571428572,0.8571428571428572,1.0,1.0,1.0
site_00242,0,0.9816518038802814,0.8816041062638755,0.6785714285714286,0.8571428571428572,0.8571428571428572,1.0,1.0,1.0
site_14755,0,0.9641457046512324,0.7019700023750248,0.6785714285714286,0.8571428571428572,0.8571428571428572,1.0,1.0,1.0
site_21073,0,0.525991295548948,0.9862702368257837,0.6714285714285715,0.4285714285714286,0.7142857142857143,1.0,1.0,0.7142857142857143
site_04920,0,0.9576833355926658,0.6982914161805478,0.6785714285714286,0.8571428571428572,0.8571428571428572,1.0,1.0,1.0
site_16167,0,0.9375829365790463,0.8140017919982016,0.6785714285714286,0.8571428571428572,0.8571428571428572,1.0,1.0,1.0
site_08477,0,0.9724260297369887,0.22487816716862752,0.6785714285714286,0.8571428571428572,0.8571428571428572,1.0,1.0,1.0
site_02702,0,0.978098422291421,0.8517199819910722,0.6785714285714286,0.8571428571428572,0.8571428571428572,1.0,1.0,1.0
site_18799,0,0.9852332743671395,0.7321760983340178,0.6785714285714286,0.8571428571428572,0.8571428571428572,1.0,1.0,1.0
site_18428,0,0.9787941115297135,0.7882445601858886,0.6785714285714286,0.8571428571428572,0.8571428571428572,1.0,1.0,1.0
site_06011,0,0.9769850993146533,0.6626096407606554,0.6785714285714286,0.8571428571428572,0.8571428571428572,1.0,1.0,1.0
site_02671,1,0.9687294856781569,0.9975964886057348,0.7428571428571429,0.8571428571428572,0.8571428571428572,1.0,1.0,1.0
site_14753,0,0.9837197600416003,0.7130944844714879,0.6785714285714286,0.8571428571428572,0.8571428571428572,1.0,1.0,1.0
site_11007,1,0.8584713433776461,0.9410215212371268,0.7428571428571429,0.8571428571428572,0.8571428571428572,1.0,1.0,1.0
site_01566,0,0.8720075468859185,0.8526229825245284,0.6785714285714286,0.8571428571428572,0.8571428571428572,1.0,1.0,1.0
site_05330,0,0.939615993057709,0.689392376860779,0.6785714285714286,0.8571428571428572,0.8571428571428572,1.0,1.0,1.0
site_19946,0,0.9761126202885912,0.5810202072933416,0.6785714285714286,0.8571428571428572,0.8571428571428572,1.0,1.0,1.0
site_03988,0,0.9213594090706895,0.751410420310133,0.6785714285714286,0.8571428571428572,0.8571428571428572,1.0,1.0,1.0
site_03685,0,0.9533025703454203,0.8968622176953213,0.6785714285714286,0.8571428571428572,0.8571428571428572,1.0,1.0,1.0
site_06232,0,0.9880549530172104,0.7866964935427193,0.6785714285714286,0.8571428571428572,0.8571428571428572,1.0,1.0,1.0
site_10943,0,0.9829899311863356,0.40397500537384845,0.6785714285714286,0.8571428571428572,0.8571428571428572,1.0,1.0,1.0
site_00588,0,0.9885616848966186,0.9066856790674377,0.6785714285714286,0.8571428571428572,0.8571428571428572,1.0,1.0,1.0
site_00086,1,0.9734857773975661,0.9200268364062061,0.6785714285714286,0.8571428571428572,0.8571428571428572,1.0,1.0,1.0
site_06749,0,0.9740260723245122,0.7969620561448607,0.6785714285714286,0.8571428571428572,0.8571428571428572,1.0,1.0,1.0
site_19414,0,0.9806351582778664,0.6461392981050487,0.6785714285714286,0.8571428571428572,0.8571428571428572,1.0,1.0,1.0
site_08122,0,0.9808617789405889,0.5289269342791574,0.6785714285714286,0.8571428571428572,0.8571428571428572,1.0,1.0,1.0
site_14191,0,0.9895978826298821,0.8227212999583353,0.6785714285714286,0.8571428571428572,0.8571428571428572,1.0,1.0,1.0
site_21447,0,0.9701750356008805,0.8964331091898932,0.6785714285714286,0.8571428571428572,0.8571428571428572,1.0,1.0,1.0
site_18411,0,0.9883943707806667,0.7893797382123686,0.6785714285714286,0.8571428571428572,0.8571428571428572,1.0,1.0,1.0
site_07171,0,0.992402768113021,0.7056779009989397,0.6785714285714286,0.8571428571428572,0.8571428571428572,1.0,1.0,1.0
site_07974,0,0.9867808817369986,0.4133174291013809,0.6785714285714286,0.8571428571428572,0.8571428571428572,1.0,1.0,1.0
site_17758,0,0.9579880623189478,0.7588745490114943,0.6785714285714286,0.8571428571428572,0.8571428571428572,1.0,1.0,1.0
site_10442,0,0.9835405056290762,0.2531974941496091,0.6785714285714286,0.8571428571428572,0.8571428571428572,1.0,1.0,1.0
site_15171,0,0.9221667851176873,0.7734712127806544,0.6785714285714286,0.8571428571428572,0.8571428571428572,1.0,1.0,1.0
site_07365,0,0.9967718673766157,0.7102500536074281,0.6785714285714286,0.8571428571428572,0.8571428571428572,1.0,1.0,1.0
site_15606,0,0.9229851299557326,0.7117475703255278,0.6785714285714286,0.8571428571428572,0.8571428571428572,1.0,1.0,1.0
site_08506,0,0.9903153697323126,0.38645203209102597,0.6785714285714286,0.8571428571428572,0.8571428571428572,1.0,1.0,1.0
site_02091,0,0.9751595295902811,0.7624341402393877,0.6785714285714286,0.8571428571428572,0.8571428571428572,1.0,1.0,1.0
site_03891,0,0.9782189597669514,0.8488567908257378,0.6785714285714286,0.8571428571428572,0.8571428571428572,1.0,1.0,1.0
site_08004,0,0.993732526313474,0.5836418402646939,0.6785714285714286,0.8571428571428572,0.8571428571428572,1.0,1.0,1.0
site_11248,0,0.8315432594215656,0.9290138804404513,0.4642857142857143,1.0,0.0,1.0,1.0,0.1428571428571429
site_02202,0,0.9629835269623018,0.7820220372570567,0.6785714285714286,0.8571428571428572,0.8571428571428572,1.0,1.0,1.0
site_10192,0,0.7349147528212744,0.19029459901660573,0.6785714285714286,0.8571428571428572,0.8571428571428572,1.0,1.0,1.0
site_20091,0,0.9985028787823104,0.6749921683254603,0.6785714285714286,0.8571428571428572,0.8571428571428572,1.0,1.0,1.0
site_08205,0,0.9750643220488319,0.3182141719042103,0.6785714285714286,0.8571428571428572,0.8571428571428572,1.0,1.0,1.0
site_06626,0,0.9891818398132063,0.7532283954368408,0.6785714285714286,0.8571428571428572,0.8571428571428572,1.0,1.0,1.0
site_08060,0,0.9906525445568388,0.5880951773860773,0.6785714285714286,0.8571428571428572,0.8571428571428572,1.0,1.0,1.0
site_08243,0,0.9075819294174988,0.4186419642271276,0.6785714285714286,0.8571428571428572,0.8571428571428572,1.0,1.0,1.0
site_14102,0,0.9759974330793462,0.8185155132909425,0.6785714285714286,0.8571428571428572,0.8571428571428572,1.0,1.0,1.0
site_02905,0,0.9302454413048664,0.7023856924851539,0.6785714285714286,0.8571428571428572,0.8571428571428572,1.0,1.0,1.0
site_16875,0,0.969064229410238,0.6266280869987979,0.6785714285714286,0.8571428571428572,0.8571428571428572,1.0,1.0,1.0
site_13615,0,0.9595669870030556,0.5922832378122984,0.6785714285714286,0.8571428571428572,0.8571428571428572,1.0,1.0,1.0
site_00865,0,0.9420055948584031,0.820694566474129,0.6785714285714286,0.8571428571428572,0.8571428571428572,1.0,1.0,1.0
site_19240,0,0.9929536923163798,0.8650150040594717,0.6785714285714286,0.8571428571428572,0.8571428571428572,1.0,1.0,1.0
site_19784,0,0.9808728669576258,0.869694315860212,0.6785714285714286,0.8571428571428572,0.8571428571428572,1.0,1.0,1.0
site_20894,0,0.9761355377592882,0.903921641991807,0.6785714285714286,0.8571428571428572,0.8571428571428572,1.0,1.0,1.0
site_19489,0,0.9921777812189378,0.6460430669265957,0.6785714285714286,0.8571428571428572,0.8571428571428572,1.0,1.0,1.0
site_03870,0,0.942962547361034,0.8359128339803485,0.6785714285714286,0.8571428571428572,0.8571428571428572,1.0,1.0,1.0
site_11709,1,0.8831578445991759,0.9961036265940814,0.7428571428571429,0.8571428571428572,0.8571428571428572,1.0,1.0,1.0
site_07128,0,0.9967718673766157,0.575903873355067,0.6785714285714286,0.8571428571428572,0.8571428571428572,1.0,1.0,1.0
site_00471,1,0.9789255656349207,0.9404192669120687,0.6785714285714286,0.8571428571428572,0.8571428571428572,1.0,1.0,1.0
site_03901,0,0.8689560918102117,0.6374066830647382,0.6785714285714286,0.8571428571428572,0.8571428571428572,1.0,1.0,1.0
site_04633,0,0.8871433384326289,0.7683621416586379,0.6785714285714286,0.8571428571428572,0.8571428571428572,1.0,1.0,1.0
site_09091,0,0.983567011056899,0.8545321257882079,0.6785714285714286,0.8571428571428572,0.8571428571428572,1.0,1.0,1.0
site_07773,0,0.9951783696439065,0.6287345607754995,0.6785714285714286,0.8571428571428572,0.8571428571428572,1.0,1.0,1.0
site_05791,0,0.989218738394095,0.6056689750737659,0.6785714285714286,0.8571428571428572,0.8571428571428572,1.0,1.0,1.0
site_11522,0,0.9279796407911693,0.7376338933324808,0.55,1.0,0.0,1.0,1.0,1.0
site_00260,1,0.9636734654095002,0.9514232770905489,0.6785714285714286,0.8571428571428572,0.8571428571428572,1.0,1.0,1.0
site_06636,0,0.9869640221716227,0.6790944974550098,0.6785714285714286,0.8571428571428572,0.8571428571428572,1.0,1.0,1.0
site_17397,0,0.9731935880292576,0.6671852956633623,0.6785714285714286,0.8571428571428572,0.8571428571428572,1.0,1.0,1.0
site_20061,1,0.9874109044671355,0.969176259185723,0.6785714285714286,0.8571428571428572,0.8571428571428572,1.0,1.0,1.0
site_10941,0,0.9818948088020495,0.3859159546729798,0.6785714285714286,0.8571428571428572,0.8571428571428572,1.0,1.0,1.0
site_00273,0,0.9846920964227076,0.904837264961106,0.6785714285714286,0.8571428571428572,0.8571428571428572,1.0,1.0,1.0
site_04736,0,0.9702472194859858,0.7522567443236483,0.6785714285714286,0.8571428571428572,0.8571428571428572,1.0,1.0,1.0
site_08895,0,0.9666936832759201,0.3430698534565979,0.6785714285714286,0.8571428571428572,0.8571428571428572,1.0,1.0,1.0
site_00586,0,0.9895718177793492,0.8987590640731974,0.6785714285714286,0.8571428571428572,0.8571428571428572,1.0,1.0,1.0
site_17329,0,0.8276827069736354,0.9528901831004021,0.6785714285714286,0.7142857142857143,0.8571428571428572,1.0,1.0,1.0
site_01816,0,0.916161252793316,0.7872654844807969,0.55,1.0,0.0,1.0,1.0,1.0
site_06509,0,0.9926167391776781,0.758155168784304,0.6785714285714286,0.8571428571428572,0.8571428571428572,1.0,1.0,1.0
site_21166,0,0.17123230671410428,0.9971702371304177,0.6714285714285715,0.4285714285714286,0.7142857142857143,1.0,1.0,0.7142857142857143
site_05665,0,0.9832750098421055,0.5717413349991878,0.6785714285714286,0.8571428571428572,0.8571428571428572,1.0,1.0,1.0
site_01997,0,0.9847654958540354,0.8415188911568067,0.6785714285714286,0.8571428571428572,0.8571428571428572,1.0,1.0,1.0
site_06912,0,0.9899898548369924,0.7795750794205938,0.6785714285714286,0.8571428571428572,0.8571428571428572,1.0,1.0,1.0
site_10654,0,0.9679174598175628,0.061177697896644845,0.6785714285714286,0.8571428571428572,0.8571428571428572,1.0,1.0,1.0
site_15613,0,0.9581933173117448,0.7744065142221213,0.6785714285714286,0.8571428571428572,0.8571428571428572,1.0,1.0,1.0
site_09730,0,0.7934785738377881,0.9617197962633071,0.7428571428571429,0.8571428571428572,0.8571428571428572,1.0,1.0,1.0
site_00944,0,0.9665086967013626,0.8052673838269854,0.6785714285714286,0.8571428571428572,0.8571428571428572,1.0,1.0,1.0
site_13649,0,0.8631659114296353,0.7801091330636238,0.6785714285714286,0.8571428571428572,0.8571428571428572,1.0,1.0,1.0
site_09179,0,0.933260137517641,0.7941651451144853,0.6785714285714286,0.8571428571428572,0.8571428571428572,1.0,1.0,1.0
site_12603,0,0.972907946775849,0.820403660991393,0.6785714285714286,0.8571428571428572,0.8571428571428572,1.0,1.0,1.0
site_21101,0,0.928923254886209,0.8612956770918206,0.6785714285714286,0.8571428571428572,0.8571428571428572,1.0,1.0,1.0
site_05048,0,0.9729094780846536,0.6605884252062708,0.6785714285714286,0.8571428571428572,0.8571428571428572,1.0,1.0,1.0
site_05195,0,0.9824109232079707,0.6623679759329855,0.6785714285714286,0.8571428571428572,0.8571428571428572,1.0,1.0,1.0
site_06413,0,0.9839848236343587,0.716334899362229,0.6785714285714286,0.8571428571428572,0.8571428571428572,1.0,1.0,1.0
site_07478,0,0.9936688940987666,0.7108788140697637,0.6785714285714286,0.8571428571428572,0.8571428571428572,1.0,1.0,1.0
site_03480,0,0.9496412184455005,0.878815433543238,0.6785714285714286,0.8571428571428572,0.8571428571428572,1.0,1.0,1.0
site_01926,1,0.9946171868824466,0.9574587630382762,0.7428571428571429,0.8571428571428572,0.8571428571428572,1.0,1.0,1.0
site_20295,0,0.9735753123899767,0.6399918022156678,0.6785714285714286,0.8571428571428572,0.8571428571428572,1.0,1.0,1.0
site_14528,0,0.9610691748595787,0.7192578381998227,0.6785714285714286,0.8571428571428572,0.8571428571428572,1.0,1.0,1.0
site_13846,0,0.9507693943725094,0.6994239129415054,0.6785714285714286,0.8571428571428572,0.8571428571428572,1.0,1.0,1.0
site_14093,0,0.9820631447219906,0.831808195067113,0.6785714285714286,0.8571428571428572,0.8571428571428572,1.0,1.0,1.0
site_04505,0,0.9616997648446193,0.7901937432198428,0.6785714285714286,0.8571428571428572,0.8571428571428572,1.0,1.0,1.0
site_19276,0,0.9868645411236072,0.6664637654055122,0.6785714285714286,0.8571428571428572,0.8571428571428572,1.0,1.0,1.0
site_16614,1,0.8827505611669267,0.9985173185784157,0.6785714285714286,0.5714285714285714,1.0,1.0,1.0,1.0
site_03116,0,0.9955232112584387,0.7065930476151243,0.6785714285714286,0.8571428571428572,0.8571428571428572,1.0,1.0,1.0
site_06469,0,0.9899897933610915,0.8167614455578709,0.6785714285714286,0.8571428571428572,0.8571428571428572,1.0,1.0,1.0
site_13250,0,0.9947278779678479,0.8365753345236824,0.6785714285714286,0.5714285714285714,1.0,1.0,1.0,1.0
site_04437,0,0.9736588059779434,0.799548523177516,0.6785714285714286,0.8571428571428572,0.8571428571428572,1.0,1.0,1.0
site_16928,0,0.9766900746032785,0.6063722991637945,0.6785714285714286,0.8571428571428572,0.8571428571428572,1.0,1.0,1.0
site_11669,0,0.9830135658758764,0.7495331808298658,0.6785714285714286,0.8571428571428572,0.8571428571428572,1.0,1.0,1.0
site_05279,0,0.998209217485329,0.6246744909666768,0.6785714285714286,0.8571428571428572,0.8571428571428572,1.0,1.0,1.0
site_09184,0,0.9659218104931508,0.33977730743530543,0.6785714285714286,0.8571428571428572,0.8571428571428572,1.0,1.0,1.0
site_15111,0,0.9777045331539459,0.691509334889777,0.6785714285714286,0.8571428571428572,0.8571428571428572,1.0,1.0,1.0
site_09316,0,0.8941015609305016,0.3709575111088419,0.5642857142857143,0.4285714285714286,1.0,1.0,0.2857142857142857,0.7142857142857143
site_11751,0,0.9785152177221564,0.17069583261300547,0.6785714285714286,0.8571428571428572,0.8571428571428572,1.0,1.0,1.0
site_16661,1,0.9892207577842946,0.9124135815938312,0.6785714285714286,0.8571428571428572,0.8571428571428572,1.0,1.0,1.0
site_21220,0,0.987077123857502,0.8931686848489141,0.6785714285714286,0.8571428571428572,0.8571428571428572,1.0,1.0,1.0
site_00736,0,0.8596306521912008,0.9046515523433055,0.6785714285714286,0.5714285714285714,1.0,1.0,1.0,1.0
site_04432,0,0.9678675525634601,0.79306881988168,0.6785714285714286,0.8571428571428572,0.8571428571428572,1.0,1.0,1.0
site_05281,0,0.9886749020826754,0.618398542261321,0.6785714285714286,0.8571428571428572,0.8571428571428572,1.0,1.0,1.0
site_01803,0,0.9256548681223444,0.8635390590532305,0.6785714285714286,0.8571428571428572,0.8571428571428572,1.0,1.0,1.0
site_01048,0,0.9977808424632125,0.863687291900028,0.6785714285714286,0.8571428571428572,0.8571428571428572,1.0,1.0,1.0
site_13294,0,0.9949351910061457,0.6906948111433554,0.6785714285714286,0.8571428571428572,0.8571428571428572,1.0,1.0,1.0
site_02799,0,0.8425794578627335,0.7267973293359258,0.6785714285714286,0.8571428571428572,0.8571428571428572,1.0,1.0,1.0
site_19261,0,0.9857964206316163,0.6925254579196403,0.6785714285714286,0.8571428571428572,0.8571428571428572,1.0,1.0,1.0
site_08617,0,0.9922979717282093,0.37311245647831126,0.6785714285714286,0.8571428571428572,0.8571428571428572,1.0,1.0,1.0
site_06764,0,0.9891816842605479,0.8183649475889225,0.6785714285714286,0.8571428571428572,0.8571428571428572,1.0,1.0,1.0
site_00958,1,0.8486550503592696,0.9321209684018761,0.6785714285714286,0.8571428571428572,0.8571428571428572,1.0,1.0,1.0
site_00907,0,0.9851931697248729,0.8368552669699484,0.6785714285714286,0.8571428571428572,0.8571428571428572,1.0,1.0,1.0
site_07201,0,0.9689829005191457,0.4923860351720448,0.6785714285714286,0.8571428571428572,0.8571428571428572,1.0,1.0,1.0
site_20510,0,0.9856241577056413,0.709277332873395,0.6785714285714286,0.8571428571428572,0.8571428571428572,1.0,1.0,1.0
site_01709,0,0.9241849159927715,0.8838578556583091,0.6785714285714286,0.8571428571428572,0.8571428571428572,1.0,1.0,1.0
site_14773,0,0.9879546951373561,0.6319186783086119,0.6785714285714286,0.8571428571428572,0.8571428571428572,1.0,1.0,1.0
site_21502,0,0.8418653687010078,0.8598146243080722,0.6785714285714286,0.8571428571428572,0.8571428571428572,1.0,1.0,1.0
site_01470,0,0.47699403381225225,0.9162314424068851,0.6357142857142858,0.4285714285714286,0.8571428571428572,1.0,0.7142857142857143,0.5714285714285714
site_00314,0,0.9854894826358076,0.8929550941911645,0.6785714285714286,0.8571428571428572,0.8571428571428572,1.0,1.0,1.0
site_18290,0,0.9849729919228565,0.7224736731437034,0.6785714285714286,0.8571428571428572,0.8571428571428572,1.0,1.0,1.0
site_06241,0,0.8482081019305907,0.8657870685891712,0.6785714285714286,0.8571428571428572,0.8571428571428572,1.0,1.0,1.0
site_07446,0,0.9822749347893449,0.6371285327576348,0.6785714285714286,0.8571428571428572,0.8571428571428572,1.0,1.0,1.0
site_06315,0,0.9718938477660567,0.8768406749465658,0.6785714285714286,0.8571428571428572,0.8571428571428572,1.0,1.0,1.0
site_00566,0,0.9071278795908116,0.8514122365265565,0.6785714285714286,0.5714285714285714,1.0,1.0,1.0,1.0
site_13482,0,0.9591931166544043,0.4117885420427976,0.6785714285714286,0.8571428571428572,0.8571428571428572,1.0,1.0,1.0
site_03459,0,0.7976345831913053,0.8941789435709891,0.6785714285714286,0.8571428571428572,0.8571428571428572,1.0,1.0,1.0
site_11366,0,0.895791142236248,0.6391035003348461,0.6785714285714286,0.8571428571428572,0.8571428571428572,1.0,1.0,1.0
site_12845,0,0.9116867684665857,0.8059752457570913,0.6785714285714286,0.8571428571428572,0.8571428571428572,1.0,1.0,1.0
site_19495,0,0.9847508515492761,0.7005428038397428,0.6785714285714286,0.8571428571428572,0.8571428571428572,1.0,1.0,1.0
site_04111,0,0.9828961152357342,0.7904777258622238,0.6785714285714286,0.8571428571428572,0.8571428571428572,1.0,1.0,1.0
site_20211,1,0.9764667456956139,0.9989255002479355,0.7571428571428572,0.8571428571428572,0.8571428571428572,1.0,1.0,0.7142857142857143
site_15520,0,0.9715357897642819,0.6718733451326779,0.6785714285714286,0.8571428571428572,0.8571428571428572,1.0,1.0,1.0
site_14858,0,0.9859864184235511,0.6443373888245152,0.6785714285714286,0.8571428571428572,0.8571428571428572,1.0,1.0,1.0
site_08475,0,0.9806331463392912,0.2398700263290129,0.6785714285714286,0.8571428571428572,0.8571428571428572,1.0,1.0,1.0
site_21536,0,0.9668420749232811,0.8036391789513543,0.6785714285714286,0.8571428571428572,0.8571428571428572,1.0,1.0,1.0
site_02669,1,0.9967629503437613,0.9937200668283073,0.7428571428571429,0.8571428571428572,0.8571428571428572,1.0,1.0,1.0
site_15625,0,0.6770479716499673,0.879126747024645,0.6785714285714286,0.5714285714285714,1.0,1.0,1.0,1.0
site_14723,0,0.980773106473697,0.7643048734156327,0.6785714285714286,0.8571428571428572,0.8571428571428572,1.0,1.0,1.0
site_19676,0,0.7287560747132049,0.99245926001018,0.6714285714285715,0.4285714285714286,0.7142857142857143,1.0,1.0,0.7142857142857143
site_04609,0,0.9502775722619782,0.6593621912570866,0.6785714285714286,0.8571428571428572,0.8571428571428572,1.0,1.0,1.0
site_20888,0,0.7774870452020303,0.8583967142530995,0.6785714285714286,0.8571428571428572,0.8571428571428572,1.0,1.0,1.0
site_16549,1,0.937619345215634,0.9604427437912132,0.6785714285714286,0.5714285714285714,1.0,1.0,1.0,1.0
site_17857,0,0.957144229199804,0.7222936247182896,0.6785714285714286,0.8571428571428572,0.8571428571428572,1.0,1.0,1.0
site_04898,0,0.9435459052251147,0.6845271062172369,0.6785714285714286,0.8571428571428572,0.8571428571428572,1.0,1.0,1.0
site_02814,0,0.9221339532607891,0.8389260347651099,0.6785714285714286,0.8571428571428572,0.8571428571428572,1.0,1.0,1.0
site_04806,0,0.9632667333974531,0.6540087016342091,0.6785714285714286,0.8571428571428572,0.8571428571428572,1.0,1.0,1.0
site_04382,0,0.9859861883546491,0.7907717135136292,0.6785714285714286,0.8571428571428572,0.8571428571428572,1.0,1.0,1.0
site_15113,0,0.97593494562043,0.6982772085167315,0.6785714285714286,0.8571428571428572,0.8571428571428572,1.0,1.0,1.0
site_10573,0,0.9817405396859802,0.3979104363820347,0.6785714285714286,0.8571428571428572,0.8571428571428572,1.0,1.0,1.0
site_11243,0,0.8033791894373403,0.9112050456846782,0.6785714285714286,0.5714285714285714,1.0,1.0,1.0,1.0
site_07636,0,0.6647055779760029,0.4897585832558863,0.6785714285714286,0.8571428571428572,0.8571428571428572,1.0,1.0,1.0
site_09612,0,0.7143106240014079,0.9654069328594023,0.7428571428571429,0.8571428571428572,0.8571428571428572,1.0,1.0,1.0
site_16169,0,0.9890671080844997,0.8320222261005572,0.6785714285714286,0.8571428571428572,0.8571428571428572,1.0,1.0,1.0
site_08737,0,0.9668862705073173,0.3758124503399266,0.6785714285714286,0.8571428571428572,0.8571428571428572,1.0,1.0,1.0
site_00620,0,0.8786063626380085,0.8646709460341861,0.6785714285714286,0.8571428571428572,0.8571428571428572,1.0,1.0,1.0
site_17966,0,0.9750196570124614,0.8514869694092095,0.6785714285714286,0.8571428571428572,0.8571428571428572,1.0,1.0,1.0
site_01807,0,0.9399019752229317,0.8456280238414521,0.6785714285714286,0.8571428571428572,0.8571428571428572,1.0,1.0,1.0
site_14456,0,0.9936486806362567,0.7888792249461465,0.6785714285714286,0.8571428571428572,0.8571428571428572,1.0,1.0,1.0
site_15956,0,0.9613184205167421,0.7611486669774759,0.6785714285714286,0.8571428571428572,0.8571428571428572,1.0,1.0,1.0
site_09438,0,0.9928308536861039,0.819679205003748,0.6785714285714286,0.8571428571428572,0.8571428571428572,1.0,1.0,1.0
site_11655,0,0.9548685403805908,0.6333172550728716,0.6785714285714286,0.8571428571428572,0.8571428571428572,1.0,1.0,1.0
site_08960,0,0.9918922871351104,0.3246275323227651,0.6785714285714286,0.8571428571428572,0.8571428571428572,1.0,1.0,1.0
site_03353,0,0.9818946411405015,0.6628106700628176,0.6785714285714286,0.8571428571428572,0.8571428571428572,1.0,1.0,1.0
site_06535,0,0.9936688461289348,0.8387727251568559,0.6785714285714286,0.8571428571428572,0.8571428571428572,1.0,1.0,1.0
site_06165,0,0.9118298992671536,0.7754757917630397,0.6785714285714286,0.8571428571428572,0.8571428571428572,1.0,1.0,1.0
site_13413,0,0.9649284940636784,0.7173483856693167,0.6785714285714286,0.8571428571428572,0.8571428571428572,1.0,1.0,1.0
site_13717,0,0.9883263299987016,0.5580346969695171,0.6785714285714286,0.8571428571428572,0.8571428571428572,1.0,1.0,1.0
site_08924,0,0.9738570694841914,0.1545553095231743,0.6785714285714286,0.8571428571428572,0.8571428571428572,1.0,1.0,1.0
site_13787,0,0.9923886859401738,0.8586544237668923,0.6785714285714286,0.8571428571428572,0.8571428571428572,1.0,1.0,1.0
site_08091,0,0.9915533714248448,0.4092493040545756,0.6785714285714286,0.8571428571428572,0.8571428571428572,1.0,1.0,1.0
site_21104,0,0.973652058532092,0.8886242652141854,0.6785714285714286,0.8571428571428572,0.8571428571428572,1.0,1.0,1.0
site_11218,0,0.995434617499329,0.5266422267963173,0.6785714285714286,0.8571428571428572,0.8571428571428572,1.0,1.0,1.0
site_10129,0,0.946974613686929,0.8794101690719116,0.6785714285714286,0.8571428571428572,0.8571428571428572,1.0,1.0,1.0
site_02332,0,0.9859653331209919,0.7851650635590538,0.6785714285714286,0.8571428571428572,0.8571428571428572,1.0,1.0,1.0
site_01544,0,0.9669345644847476,0.9005661652299213,0.6785714285714286,0.8571428571428572,0.8571428571428572,1.0,1.0,1.0
site_03186,0,0.9350339668883197,0.7923852703979148,0.6785714285714286,0.8571428571428572,0.8571428571428572,1.0,1.0,1.0
site_09455,0,0.9821623835922146,0.1741319993911411,0.6785714285714286,0.8571428571428572,0.8571428571428572,1.0,1.0,1.0
site_20399,0,0.986356540605153,0.8843836480713377,0.6785714285714286,0.8571428571428572,0.8571428571428572,1.0,1.0,1.0
site_16760,0,0.9756918251984844,0.6585565395947944,0.6785714285714286,0.8571428571428572,0.8571428571428572,1.0,1.0,1.0
site_06718,0,0.9831794651146543,0.6429190928736712,0.6785714285714286,0.8571428571428572,0.8571428571428572,1.0,1.0,1.0
site_05542,0,0.9798824156777168,0.5825911267297621,0.6785714285714286,0.8571428571428572,0.8571428571428572,1.0,1.0,1.0
site_06392,0,0.9833470353801932,0.8526829623367839,0.6785714285714286,0.8571428571428572,0.8571428571428572,1.0,1.0,1.0
site_16312,1,0.8917829134968946,0.9586621134394074,0.6785714285714286,0.5714285714285714,1.0,1.0,1.0,1.0
site_03334,1,0.989218823156322,0.926507668756214,0.6785714285714286,0.8571428571428572,0.8571428571428572,1.0,1.0,1.0
site_09979,1,0.993608333350472,0.9752914806082773,0.7428571428571429,0.8571428571428572,0.8571428571428572,1.0,1.0,1.0
site_20689,0,0.7578049356698289,0.9974932663678626,0.7571428571428572,0.8571428571428572,0.8571428571428572,1.0,1.0,0.7142857142857143
site_06289,0,0.9866902569445264,0.7019928477791452,0.6785714285714286,0.8571428571428572,0.8571428571428572,1.0,1.0,1.0
site_03991,0,0.9784661059289534,0.7655048130859322,0.6785714285714286,0.8571428571428572,0.8571428571428572,1.0,1.0,1.0
site_06757,0,0.9417112668739053,0.8205827979925857,0.6785714285714286,0.8571428571428572,0.8571428571428572,1.0,1.0,1.0
site_18072,0,0.9737930190470672,0.7221120782661046,0.6785714285714286,0.8571428571428572,0.8571428571428572,1.0,1.0,1.0
site_20432,0,0.9920666309271859,0.6246717703615496,0.6785714285714286,0.8571428571428572,0.8571428571428572,1.0,1.0,1.0
site_15769,0,0.5859630711804196,0.9363948764705712,0.6785714285714286,0.5714285714285714,1.0,1.0,1.0,1.0
site_08629,0,0.9515152982444093,0.29484623542297195,0.6785714285714286,0.8571428571428572,0.8571428571428572,1.0,1.0,1.0
site_19686,0,0.96939988224049,0.6238171415438936,0.6785714285714286,0.8571428571428572,0.8571428571428572,1.0,1.0,1.0
site_09852,1,0.9919145740120965,0.964816964566536,0.7428571428571429,0.8571428571428572,0.8571428571428572,1.0,1.0,1.0
site_03413,0,0.9739338491586162,0.6208307529428221,0.6785714285714286,0.8571428571428572,0.8571428571428572,1.0,1.0,1.0
site_20315,0,0.9700741983572327,0.7991453673115088,0.6785714285714286,0.8571428571428572,0.8571428571428572,1.0,1.0,1.0
site_20938,0,0.9678794528075515,0.8456966591862817,0.6785714285714286,0.8571428571428572,0.8571428571428572,1.0,1.0,1.0
site_07962,0,0.876465242702982,0.5089315444576821,0.6785714285714286,0.8571428571428572,0.8571428571428572,1.0,1.0,1.0
site_18225,0,0.9820451266943057,0.7468018104377273,0.6785714285714286,0.8571428571428572,0.8571428571428572,1.0,1.0,1.0
site_01358,0,0.5993431780617502,0.9897207993508377,0.6785714285714286,0.7142857142857143,0.8571428571428572,1.0,1.0,1.0
site_04288,0,0.9875873598632621,0.7268178584146059,0.6785714285714286,0.8571428571428572,0.8571428571428572,1.0,1.0,1.0
site_02729,0,0.35271751202066237,0.9813818750005509,0.7428571428571429,0.8571428571428572,0.8571428571428572,1.0,1.0,1.0
site_20264,1,0.990489981782865,0.9169332283788318,0.6785714285714286,0.8571428571428572,0.8571428571428572,1.0,1.0,1.0
site_09401,0,0.9182585571771482,0.28976407910023916,0.4642857142857143,1.0,0.0,1.0,1.0,0.1428571428571429
site_09952,0,0.8944999396716492,0.3818962985287089,0.6785714285714286,0.8571428571428572,0.8571428571428572,1.0,1.0,1.0
site_19139,0,0.9904661263389526,0.6933126465321063,0.6785714285714286,0.8571428571428572,0.8571428571428572,1.0,1.0,1.0
site_13521,0,0.9687386921600447,0.6941185056584569,0.6785714285714286,0.8571428571428572,0.8571428571428572,1.0,1.0,1.0
site_12092,0,0.8785815263740407,0.7729400705511323,0.6785714285714286,0.8571428571428572,0.8571428571428572,1.0,1.0,1.0
site_06580,0,0.9361349592896897,0.7235162062175768,0.6785714285714286,0.8571428571428572,0.8571428571428572,1.0,1.0,1.0
site_19723,0,0.9829859352527763,0.8982026887715348,0.6785714285714286,0.8571428571428572,0.8571428571428572,1.0,1.0,1.0
site_19158,0,0.9396502295457979,0.7280959793983179,0.6785714285714286,0.8571428571428572,0.8571428571428572,1.0,1.0,1.0
site_20624,0,0.5426613541950202,0.9948883421603403,0.7571428571428572,0.8571428571428572,0.8571428571428572,1.0,1.0,0.7142857142857143
site_16859,1,0.9200001657241256,0.9881692990407385,0.6785714285714286,0.7142857142857143,0.8571428571428572,1.0,1.0,1.0
site_04478,0,0.9800949900285344,0.6882397410991521,0.6785714285714286,0.8571428571428572,0.8571428571428572,1.0,1.0,1.0
site_09708,0,0.9767772567452998,0.28164333021176857,0.6785714285714286,0.8571428571428572,0.8571428571428572,1.0,1.0,1.0
site_06234,0,0.975897199417271,0.8018623204870508,0.6785714285714286,0.8571428571428572,0.8571428571428572,1.0,1.0,1.0
site_01542,0,0.9315384620658073,0.8880739997517564,0.6785714285714286,0.8571428571428572,0.8571428571428572,1.0,1.0,1.0
site_11875,0,0.6891419579745078,0.9666905201445656,0.7428571428571429,0.8571428571428572,0.8571428571428572,1.0,1.0,1.0
site_06308,0,0.8831857956421232,0.8579802308090207,0.6785714285714286,0.8571428571428572,0.8571428571428572,1.0,1.0,1.0
site_05771,0,0.9557355443256595,0.8501823124081678,0.6785714285714286,0.8571428571428572,0.8571428571428572,1.0,1.0,1.0
site_05553,0,0.9823427930065134,0.6827059806740718,0.6785714285714286,0.8571428571428572,0.8571428571428572,1.0,1.0,1.0
site_00197,1,0.9792708943993949,0.9124672139297442,0.6785714285714286,0.8571428571428572,0.8571428571428572,1.0,1.0,1.0
site_12615,0,0.9906839410445961,0.8829252005343325,0.6785714285714286,0.8571428571428572,0.8571428571428572,1.0,1.0,1.0
site_01170,0,0.3961160107031555,0.9522064272545048,0.3928571428571429,0.1428571428571429,1.0,0.1428571428571429,0.5714285714285714,0.7142857142857143
site_09241,0,0.828592207532388,0.9367558180272245,0.7428571428571429,0.8571428571428572,0.8571428571428572,1.0,1.0,1.0
site_08238,0,0.9510644488903816,0.4508288714332387,0.6785714285714286,0.8571428571428572,0.8571428571428572,1.0,1.0,1.0
site_21115,1,0.9155448097171089,0.9709570619311444,0.6785714285714286,0.8571428571428572,0.8571428571428572,1.0,1.0,1.0
site_20678,1,0.9743367528986521,0.9851724589683595,0.6357142857142858,1.0,0.8571428571428572,1.0,0.7142857142857143,1.0
site_15976,1,0.8770421251055001,0.9432885379272107,0.6785714285714286,0.5714285714285714,1.0,1.0,1.0,1.0
site_15836,0,0.8280336784806508,0.9225375976965418,0.6785714285714286,0.5714285714285714,1.0,1.0,1.0,1.0
site_19971,0,0.9628316032449976,0.792084628005869,0.6785714285714286,0.8571428571428572,0.8571428571428572,1.0,1.0,1.0
site_02267,0,0.9768079648892576,0.7434291846833054,0.6785714285714286,0.8571428571428572,0.8571428571428572,1.0,1.0,1.0
site_03344,1,0.9565647424545746,0.9453647971360079,0.6785714285714286,0.8571428571428572,0.8571428571428572,1.0,1.0,1.0
site_16067,0,0.9761455900005401,0.6045454318322117,0.6785714285714286,0.8571428571428572,0.8571428571428572,1.0,1.0,1.0
site_14150,0,0.9393637220410583,0.6960693492514848,0.6785714285714286,0.8571428571428572,0.8571428571428572,1.0,1.0,1.0
site_14459,0,0.9735080894237844,0.7907265914364144,0.6785714285714286,0.8571428571428572,0.8571428571428572,1.0,1.0,1.0
site_18093,0,0.9871286266906693,0.7680782881928719,0.6785714285714286,0.8571428571428572,0.8571428571428572,1.0,1.0,1.0
site_06909,0,0.9979978451746648,0.7898245333687046,0.6785714285714286,0.8571428571428572,0.8571428571428572,1.0,1.0,1.0
site_18211,0,0.9761385072315928,0.7353108537464753,0.6785714285714286,0.8571428571428572,0.8571428571428572,1.0,1.0,1.0
site_01662,0,0.9740422237202968,0.9002602795980993,0.6785714285714286,0.8571428571428572,0.8571428571428572,1.0,1.0,1.0
site_01868,0,0.9679377580422998,0.7609436980784203,0.6785714285714286,0.7142857142857143,0.8571428571428572,1.0,1.0,1.0
site_17061,0,0.9723661838789055,0.845904081619189,0.6785714285714286,0.8571428571428572,0.8571428571428572,1.0,1.0,1.0
site_03252,0,0.9417883464762103,0.8148160688796111,0.6785714285714286,0.8571428571428572,0.8571428571428572,1.0,1.0,1.0
site_04231,0,0.9915059790939612,0.7647944611631865,0.6785714285714286,0.8571428571428572,0.8571428571428572,1.0,1.0,1.0
site_01333,0,0.8928522141398924,0.798977712891614,0.6785714285714286,0.8571428571428572,0.8571428571428572,1.0,1.0,1.0
site_11498,0,0.975176977568703,0.5225633218322687,0.6785714285714286,0.8571428571428572,0.8571428571428572,1.0,1.0,1.0
site_05989,0,0.9751286351557145,0.7638293899867443,0.6785714285714286,0.8571428571428572,0.8571428571428572,1.0,1.0,1.0
site_06051,0,0.9828960668001759,0.8821587034659589,0.6785714285714286,0.8571428571428572,0.8571428571428572,1.0,1.0,1.0
site_19345,0,0.9711430351366145,0.6545028418526906,0.6785714285714286,0.8571428571428572,0.8571428571428572,1.0,1.0,1.0
site_15832,0,0.9349971037026465,0.886926871178743,0.6785714285714286,0.5714285714285714,1.0,1.0,1.0,1.0
site_17266,0,0.9778290013613223,0.8986470531690047,0.6785714285714286,0.8571428571428572,0.8571428571428572,1.0,1.0,1.0
site_04704,0,0.9503839367479895,0.7050075892506897,0.6785714285714286,0.8571428571428572,0.8571428571428572,1.0,1.0,1.0
site_15001,0,0.9801557934203469,0.6855457800695293,0.6785714285714286,0.8571428571428572,0.8571428571428572,1.0,1.0,1.0
site_04588,0,0.9810302452639562,0.7304664688145769,0.6785714285714286,0.8571428571428572,0.8571428571428572,1.0,1.0,1.0
site_20289,0,0.22624723201961794,0.9954270955184576,0.7571428571428572,0.8571428571428572,0.8571428571428572,1.0,1.0,0.7142857142857143
site_04082,0,0.9526317341372503,0.6263320461636659,0.6785714285714286,0.8571428571428572,0.8571428571428572,1.0,1.0,1.0
site_09819,0,0.977054842792783,0.28173703577054554,0.6785714285714286,0.8571428571428572,0.8571428571428572,1.0,1.0,1.0
site_04137,0,0.9570364898890995,0.8088131986886614,0.6785714285714286,0.8571428571428572,0.8571428571428572,1.0,1.0,1.0
site_02574,0,0.9613725379386041,0.7490426233475367,0.6785714285714286,0.8571428571428572,0.8571428571428572,1.0,1.0,1.0
site_12795,0,0.9793324727601401,0.46769201885050915,0.6785714285714286,0.8571428571428572,0.8571428571428572,1.0,1.0,1.0
site_04692,0,0.9586386077540053,0.7540140060261262,0.6785714285714286,0.8571428571428572,0.8571428571428572,1.0,1.0,1.0
site_11161,0,0.9911818492693175,0.012805782633895535,0.6785714285714286,0.8571428571428572,0.8571428571428572,1.0,1.0,1.0
site_01702,0,0.9946064677208152,0.8957571101215759,0.6785714285714286,0.8571428571428572,0.8571428571428572,1.0,1.0,1.0
site_18564,0,0.9840754186203335,0.7780376559780642,0.6785714285714286,0.8571428571428572,0.8571428571428572,1.0,1.0,1.0
site_06132,0,0.9756492447540267,0.8631977530585985,0.6785714285714286,0.8571428571428572,0.8571428571428572,1.0,1.0,1.0
site_13809,0,0.9580993821351539,0.7728101859771477,0.6785714285714286,0.5714285714285714,1.0,1.0,1.0,1.0
site_08515,0,0.8649776248585235,0.3273992363039151,0.6785714285714286,0.8571428571428572,0.8571428571428572,1.0,1.0,1.0
site_12312,0,0.9963083886836265,0.5235365975882558,0.6785714285714286,0.8571428571428572,0.8571428571428572,1.0,1.0,1.0
site_03376,0,0.9816902039634773,0.8022332689625364,0.6785714285714286,0.8571428571428572,0.8571428571428572,1.0,1.0,1.0
site_13190,0,0.9907466595038673,0.7563766959197142,0.6785714285714286,0.8571428571428572,0.8571428571428572,1.0,1.0,1.0
site_15351,0,0.9812997798313262,0.6892015391504592,0.6785714285714286,0.8571428571428572,0.8571428571428572,1.0,1.0,1.0
site_13631,0,0.9842928905512569,0.6920449161366644,0.6785714285714286,0.8571428571428572,0.8571428571428572,1.0,1.0,1.0
site_13948,0,0.9651199635514227,0.6912286454935803,0.6785714285714286,0.8571428571428572,0.8571428571428572,1.0,1.0,1.0
site_04623,0,0.9448102782162313,0.7359571806245455,0.6785714285714286,0.8571428571428572,0.8571428571428572,1.0,1.0,1.0
site_16239,0,0.9747955214664606,0.8745977605944613,0.6785714285714286,0.8571428571428572,0.8571428571428572,1.0,1.0,1.0
site_20697,0,0.9850411798744025,0.6864012363652141,0.6785714285714286,0.8571428571428572,0.8571428571428572,1.0,1.0,1.0
site_20441,0,0.9458367916321955,0.6983040239651606,0.6785714285714286,0.8571428571428572,0.8571428571428572,1.0,1.0,1.0
site_04830,0,0.9947793030246859,0.7358173904938957,0.6785714285714286,0.8571428571428572,0.8571428571428572,1.0,1.0,1.0
site_20411,1,0.9703735655026992,0.9748447884136275,0.6785714285714286,0.8571428571428572,0.8571428571428572,1.0,1.0,1.0
site_00635,0,0.9847886648170543,0.8980767687628041,0.6785714285714286,0.8571428571428572,0.8571428571428572,1.0,1.0,1.0
site_07384,0,0.9883608952897149,0.6049865928006348,0.6785714285714286,0.8571428571428572,0.8571428571428572,1.0,1.0,1.0
site_12171,0,0.9935435819949322,0.3788871142828317,0.6785714285714286,0.8571428571428572,0.8571428571428572,1.0,1.0,1.0
site_12246,1,0.9752192077868163,0.9214691909716377,0.6785714285714286,0.8571428571428572,0.8571428571428572,1.0,1.0,1.0
site_10033,0,0.9693853105890682,0.10324451820221658,0.6785714285714286,0.8571428571428572,0.8571428571428572,1.0,1.0,1.0
site_12896,0,0.9758970205782865,0.3194988228184993,0.6785714285714286,0.8571428571428572,0.8571428571428572,1.0,1.0,1.0
site_00673,0,0.99192728275743,0.8951497803196854,0.6785714285714286,0.8571428571428572,0.8571428571428572,1.0,1.0,1.0
site_07288,0,0.9860725694470525,0.7451251962778219,0.6785714285714286,0.8571428571428572,0.8571428571428572,1.0,1.0,1.0
site_05750,1,0.9955231693430516,0.9390922113112192,0.6785714285714286,0.8571428571428572,0.8571428571428572,1.0,1.0,1.0
site_15230,0,0.9755499313675591,0.6916818573735233,0.6785714285714286,0.8571428571428572,0.8571428571428572,1.0,1.0,1.0
site_05902,0,0.9822748137004492,0.8885784612953206,0.6785714285714286,0.8571428571428572,0.8571428571428572,1.0,1.0,1.0
site_10366,0,0.6762708864559633,0.9910450972686002,0.6785714285714286,0.8571428571428572,0.8571428571428572,1.0,1.0,1.0
site_12454,0,0.976502951275438,0.6671181767356699,0.6785714285714286,0.8571428571428572,0.8571428571428572,1.0,1.0,1.0
site_15241,0,0.9910507137210515,0.7095664503845778,0.6785714285714286,0.8571428571428572,0.8571428571428572,1.0,1.0,1.0
site_16685,0,0.9977682673813907,0.5389033636556095,0.6785714285714286,0.8571428571428572,0.8571428571428572,1.0,1.0,1.0
site_07332,0,0.9704499558297515,0.49946118836619624,0.6785714285714286,0.8571428571428572,0.8571428571428572,1.0,1.0,1.0
site_14095,0,0.9849201142649963,0.83218634603702,0.6785714285714286,0.8571428571428572,0.8571428571428572,1.0,1.0,1.0
site_16015,0,0.9565696456233987,0.6699885689334513,0.6785714285714286,0.8571428571428572,0.8571428571428572,1.0,1.0,1.0
site_07440,0,0.9873383247144866,0.6707345718300552,0.6785714285714286,0.8571428571428572,0.8571428571428572,1.0,1.0,1.0
site_01407,0,0.9626183452076458,0.8094728278148924,0.6785714285714286,0.8571428571428572,0.8571428571428572,1.0,1.0,1.0
site_20871,0,0.9651703775159813,0.7399374941227453,0.6785714285714286,0.8571428571428572,0.8571428571428572,1.0,1.0,1.0
site_11187,0,0.9726009044572994,0.24809100383883886,0.6785714285714286,0.8571428571428572,0.8571428571428572,1.0,1.0,1.0
site_11631,0,0.994935070848703,0.4229464974531725,0.6785714285714286,0.8571428571428572,0.8571428571428572,1.0,1.0,1.0
site_06975,0,0.9910466134647514,0.7632090395273698,0.6785714285714286,0.8571428571428572,0.8571428571428572,1.0,1.0,1.0
site_10918,0,0.9282006783243455,0.17774052959464237,0.6785714285714286,0.8571428571428572,0.8571428571428572,1.0,1.0,1.0
site_09118,0,0.9640260613706244,0.244808085986574,0.6785714285714286,0.8571428571428572,0.8571428571428572,1.0,1.0,1.0
site_17777,0,0.9428735228048916,0.6868473151313295,0.6785714285714286,0.8571428571428572,0.8571428571428572,1.0,1.0,1.0
site_00740,0,0.9790987227558181,0.826057780276656,0.6785714285714286,0.8571428571428572,0.8571428571428572,1.0,1.0,1.0
site_18292,0,0.9919048170414595,0.7083664664963508,0.6785714285714286,0.8571428571428572,0.8571428571428572,1.0,1.0,1.0
site_07522,0,0.9873384448719292,0.5859962603169522,0.6785714285714286,0.8571428571428572,0.8571428571428572,1.0,1.0,1.0
site_01019,1,0.9704082546769673,0.9098285128248242,0.6785714285714286,0.8571428571428572,0.8571428571428572,1.0,1.0,1.0
site_19444,0,0.988586495079901,0.8646375441551949,0.6785714285714286,0.8571428571428572,0.8571428571428572,1.0,1.0,1.0
site_02897,0,0.7927966160802715,0.9655100069383163,0.55,1.0,0.0,1.0,1.0,1.0
site_03352,0,0.976114155323208,0.6556135777758109,0.6785714285714286,0.8571428571428572,0.8571428571428572,1.0,1.0,1.0
site_10417,0,0.982094879327203,0.01804804930530235,0.6785714285714286,0.8571428571428572,0.8571428571428572,1.0,1.0,1.0
site_16459,0,0.9771316783543904,0.5999096390162384,0.6785714285714286,0.8571428571428572,0.8571428571428572,1.0,1.0,1.0
site_00869,0,0.9884853281018757,0.8455927177307927,0.6785714285714286,0.8571428571428572,0.8571428571428572,1.0,1.0,1.0
site_10811,0,0.9871811177955162,0.3779740282867763,0.6785714285714286,0.8571428571428572,0.8571428571428572,1.0,1.0,1.0
site_08435,0,0.9322581473974219,0.49321699570607624,0.6785714285714286,0.8571428571428572,0.8571428571428572,1.0,1.0,1.0
site_21545,0,0.947262652500473,0.8026104592009168,0.6785714285714286,0.8571428571428572,0.8571428571428572,1.0,1.0,1.0
site_01383,0,0.9337590759294292,0.881343941646497,0.6785714285714286,0.8571428571428572,0.8571428571428572,1.0,1.0,1.0
site_01790,0,0.8667461784791605,0.8818364082432795,0.6785714285714286,0.8571428571428572,0.8571428571428572,1.0,1.0,1.0
site_02257,0,0.946155322492591,0.789024493080144,0.6785714285714286,0.8571428571428572,0.8571428571428572,1.0,1.0,1.0
site_03194,0,0.9833461169674917,0.8408640553502731,0.6785714285714286,0.8571428571428572,0.8571428571428572,1.0,1.0,1.0
site_03460,0,0.9817405396859802,0.9007490625094707,0.6785714285714286,0.8571428571428572,0.8571428571428572,1.0,1.0,1.0
site_00564,0,0.9910612326202785,0.8666414634281608,0.6785714285714286,0.8571428571428572,0.8571428571428572,1.0,1.0,1.0
site_15281,0,0.9406984309144407,0.7002837250751762,0.6785714285714286,0.8571428571428572,0.8571428571428572,1.0,1.0,1.0
site_09996,0,0.6719555613737839,0.8778527769310285,0.7428571428571429,0.8571428571428572,0.8571428571428572,1.0,1.0,1.0
site_06468,0,0.9882239679664208,0.8222147813658868,0.6785714285714286,0.8571428571428572,0.8571428571428572,1.0,1.0,1.0
site_08765,0,0.9695164871212683,0.19287536417137474,0.6785714285714286,0.8571428571428572,0.8571428571428572,1.0,1.0,1.0
site_08646,0,0.9940118825874674,0.818075786335543,0.6785714285714286,0.8571428571428572,0.8571428571428572,1.0,1.0,1.0
site_05084,0,0.9943371702082449,0.6832610297917074,0.6785714285714286,0.8571428571428572,0.8571428571428572,1.0,1.0,1.0
site_13175,0,0.973673921597943,0.671291415300753,0.6785714285714286,0.8571428571428572,0.8571428571428572,1.0,1.0,1.0
site_09889,0,0.9904777611189264,0.8115650647291001,0.6785714285714286,0.8571428571428572,0.8571428571428572,1.0,1.0,1.0
site_13084,0,0.9855115822907319,0.8032379603498323,0.6785714285714286,0.8571428571428572,0.8571428571428572,1.0,1.0,1.0
site_09153,0,0.8345706457506128,0.9342041297845686,0.7428571428571429,0.8571428571428572,0.8571428571428572,1.0,1.0,1.0
site_10765,0,0.9775762459890887,0.8377513497363457,0.6785714285714286,0.8571428571428572,0.8571428571428572,1.0,1.0,1.0
site_11122,1,0.9468048694099852,0.9992230989751901,0.7428571428571429,0.8571428571428572,0.8571428571428572,1.0,1.0,1.0
site_02049,1,0.9672768921075137,0.9741126435397919,0.7428571428571429,0.8571428571428572,0.8571428571428572,1.0,1.0,1.0
site_10634,0,0.8224532762288533,0.8989511586913611,0.4642857142857143,1.0,0.0,1.0,1.0,0.1428571428571429
site_13243,0,0.8823370630799674,0.8825087093305971,0.55,1.0,0.0,1.0,1.0,1.0
site_00648,0,0.7370327131078126,0.8474330424943535,0.6785714285714286,0.5714285714285714,1.0,1.0,1.0,1.0
site_19338,0,0.9854764823456712,0.6747593561861247,0.6785714285714286,0.8571428571428572,0.8571428571428572,1.0,1.0,1.0
site_12549,0,0.9069554266484156,0.43174930663950795,0.6785714285714286,0.8571428571428572,0.8571428571428572,1.0,1.0,1.0
site_17592,0,0.9592771225415452,0.6837541796495479,0.6785714285714286,0.8571428571428572,0.8571428571428572,1.0,1.0,1.0
site_01911,0,0.9713309297075756,0.7689699535958123,0.6785714285714286,0.8571428571428572,0.8571428571428572,1.0,1.0,1.0
site_04074,0,0.985425717223315,0.8357775009012326,0.6785714285714286,0.8571428571428572,0.8571428571428572,1.0,1.0,1.0
site_14044,0,0.9676966421073051,0.6706226583674164,0.6785714285714286,0.8571428571428572,0.8571428571428572,1.0,1.0,1.0
site_04881,0,0.9878224735148406,0.7267674517505003,0.6785714285714286,0.8571428571428572,0.8571428571428572,1.0,1.0,1.0
site_10974,1,0.960598724007691,0.9424369744428478,0.7428571428571429,0.8571428571428572,0.8571428571428572,1.0,1.0,1.0
site_00422,1,0.9816681322521443,0.9227655532809451,0.6785714285714286,0.8571428571428572,0.8571428571428572,1.0,1.0,1.0
site_06147,0,0.9859863802339762,0.7486499645141229,0.6785714285714286,0.8571428571428572,0.8571428571428572,1.0,1.0,1.0
site_04229,0,0.9928371843067182,0.7525180120139726,0.6785714285714286,0.8571428571428572,0.8571428571428572,1.0,1.0,1.0
site_09737,0,0.678460441949283,0.9470314738039926,0.7428571428571429,0.8571428571428572,0.8571428571428572,1.0,1.0,1.0
site_03373,0,0.9168234339398001,0.78247881965095,0.6785714285714286,0.8571428571428572,0.8571428571428572,1.0,1.0,1.0
site_00866,0,0.896870018216539,0.837340183209185,0.6785714285714286,0.8571428571428572,0.8571428571428572,1.0,1.0,1.0
site_14484,0,0.9683948406800984,0.7741253718207266,0.6785714285714286,0.8571428571428572,0.8571428571428572,1.0,1.0,1.0
site_04677,0,0.9915533714248448,0.7530926900023769,0.6785714285714286,0.8571428571428572,0.8571428571428572,1.0,1.0,1.0
site_20669,1,0.994895463602362,0.9166207408904039,0.6785714285714286,0.8571428571428572,0.8571428571428572,1.0,1.0,1.0
site_16404,0,0.9741219970848053,0.6373725054550969,0.6785714285714286,0.8571428571428572,0.8571428571428572,1.0,1.0,1.0
site_08566,0,0.9234457893732206,0.3479513654853842,0.6785714285714286,0.8571428571428572,0.8571428571428572,1.0,1.0,1.0
site_13878,0,0.985940768841313,0.8449327370452513,0.6785714285714286,0.8571428571428572,0.8571428571428572,1.0,1.0,1.0
site_10594,1,0.9943029709782779,0.9641464916671549,0.7428571428571429,0.8571428571428572,0.8571428571428572,1.0,1.0,1.0
site_15463,0,0.9688742316183032,0.6993361293334142,0.6785714285714286,0.8571428571428572,0.8571428571428572,1.0,1.0,1.0
site_18460,0,0.9778386642552018,0.7916181654874528,0.6785714285714286,0.8571428571428572,0.8571428571428572,1.0,1.0,1.0
site_15475,0,0.9671521705449093,0.8045773358522808,0.6785714285714286,0.8571428571428572,0.8571428571428572,1.0,1.0,1.0
site_13325,0,0.7576915219471798,0.8558467300499215,0.6785714285714286,0.7142857142857143,0.8571428571428572,1.0,1.0,1.0
site_04153,0,0.941543519632288,0.6854297395438016,0.6785714285714286,0.8571428571428572,0.8571428571428572,1.0,1.0,1.0
site_18837,0,0.9820468461566251,0.8934175075647344,0.6785714285714286,0.8571428571428572,0.8571428571428572,1.0,1.0,1.0
site_20810,0,0.9404448782184013,0.6825209033684618,0.6785714285714286,0.8571428571428572,0.8571428571428572,1.0,1.0,1.0
site_14381,0,0.9826798448792378,0.8045466232701993,0.6785714285714286,0.8571428571428572,0.8571428571428572,1.0,1.0,1.0
site_16912,0,0.7185495252242253,0.9594951418020639,0.6785714285714286,0.5714285714285714,1.0,1.0,1.0,1.0
site_05110,0,0.9915060331182377,0.6667267630068956,0.6785714285714286,0.8571428571428572,0.8571428571428572,1.0,1.0,1.0
site_06803,0,0.9726740309728853,0.5820341008723586,0.6785714285714286,0.8571428571428572,0.8571428571428572,1.0,1.0,1.0
site_02590,0,0.8982214746156542,0.8774424502364235,0.6785714285714286,0.8571428571428572,0.8571428571428572,1.0,1.0,1.0
site_04698,0,0.9798028230150989,0.7339573275267278,0.6785714285714286,0.8571428571428572,0.8571428571428572,1.0,1.0,1.0
site_19208,0,0.9846880986262424,0.6783536772169793,0.6785714285714286,0.8571428571428572,0.8571428571428572,1.0,1.0,1.0
site_06400,0,0.8182711861901013,0.8116868871872404,0.6785714285714286,0.8571428571428572,0.8571428571428572,1.0,1.0,1.0
site_08379,0,0.9951783696439065,0.5056852127717752,0.6785714285714286,0.8571428571428572,0.8571428571428572,1.0,1.0,1.0
site_04635,0,0.9915061411667908,0.7710146099016013,0.6785714285714286,0.8571428571428572,0.8571428571428572,1.0,1.0,1.0
site_20238,0,0.9632177762254553,0.7433719221852269,0.6785714285714286,0.8571428571428572,0.8571428571428572,1.0,1.0,1.0
site_05485,0,0.9891816134701166,0.6283257354141294,0.6785714285714286,0.8571428571428572,0.8571428571428572,1.0,1.0,1.0
site_06064,0,0.990652357334777,0.7856401066073596,0.6785714285714286,0.8571428571428572,0.8571428571428572,1.0,1.0,1.0
site_19450,1,0.9863669672905285,0.9187817112147829,0.6785714285714286,0.8571428571428572,0.8571428571428572,1.0,1.0,1.0
site_12646,1,0.9717329336639708,0.94071662524031,0.6785714285714286,0.8571428571428572,0.8571428571428572,1.0,1.0,1.0
site_03030,0,0.973928584586011,0.8479586913259096,0.6785714285714286,0.8571428571428572,0.8571428571428572,1.0,1.0,1.0
site_01766,0,0.8631334670572033,0.8073138031127258,0.55,1.0,0.0,1.0,1.0,1.0
site_19106,0,0.9893382838721335,0.8536349565706861,0.6785714285714286,0.8571428571428572,0.8571428571428572,1.0,1.0,1.0
site_05153,0,0.9773535355662454,0.6704252042755243,0.6785714285714286,0.8571428571428572,0.8571428571428572,1.0,1.0,1.0
site_07784,0,0.9708591524665532,0.5719592606502092,0.6785714285714286,0.8571428571428572,0.8571428571428572,1.0,1.0,1.0
site_09497,0,0.9959957867547198,0.48123614973032314,0.5642857142857143,0.4285714285714286,1.0,1.0,0.2857142857142857,0.7142857142857143
site_10566,0,0.9863045329244359,0.3343699027314029,0.6785714285714286,0.8571428571428572,0.8571428571428572,1.0,1.0,1.0
site_00617,0,0.7749452961353015,0.8450407835855223,0.6785714285714286,0.8571428571428572,0.8571428571428572,1.0,1.0,1.0
site_15338,0,0.993668966752104,0.6591494080173886,0.6785714285714286,0.8571428571428572,0.8571428571428572,1.0,1.0,1.0
site_12188,0,0.9616997648446193,0.5267136801330599,0.6785714285714286,0.8571428571428572,0.8571428571428572,1.0,1.0,1.0
site_07259,0,0.993732526313474,0.5430745402290538,0.6785714285714286,0.8571428571428572,0.8571428571428572,1.0,1.0,1.0
site_09347,0,0.9097084888785401,0.8176659162652071,0.6785714285714286,0.8571428571428572,0.8571428571428572,1.0,1.0,1.0
site_16887,0,0.948157313149327,0.7500319448287621,0.6785714285714286,0.8571428571428572,0.8571428571428572,1.0,1.0,1.0
site_15602,0,0.9752283714218641,0.6757506634545971,0.6785714285714286,0.8571428571428572,0.8571428571428572,1.0,1.0,1.0
site_13730,0,0.9891079560262955,0.6453545043404927,0.6785714285714286,0.8571428571428572,0.8571428571428572,1.0,1.0,1.0
site_13639,0,0.9661532728487965,0.7273825443004371,0.6785714285714286,0.8571428571428572,0.8571428571428572,1.0,1.0,1.0
site_02160,0,0.6497066802202771,0.8345115772312877,0.6785714285714286,0.7142857142857143,0.8571428571428572,1.0,1.0,1.0
site_09605,0,0.8358550822402993,0.4816858882178593,0.5642857142857143,0.4285714285714286,1.0,1.0,0.2857142857142857,0.7142857142857143
site_01371,0,0.9897178984917078,0.8082344806361534,0.6785714285714286,0.8571428571428572,0.8571428571428572,1.0,1.0,1.0
site_11950,0,0.9123248957696592,0.6518161523722055,0.6785714285714286,0.8571428571428572,0.8571428571428572,1.0,1.0,1.0
site_16532,0,0.9823903623134754,0.8324039159999588,0.6785714285714286,0.8571428571428572,0.8571428571428572,1.0,1.0,1.0
site_13377,0,0.9801227044824083,0.46455117450831995,0.6785714285714286,0.8571428571428572,0.8571428571428572,1.0,1.0,1.0
site_09007,0,0.9693698764121276,0.8824615862813536,0.6785714285714286,0.8571428571428572,0.8571428571428572,1.0,1.0,1.0
site_18683,0,0.9909803144999787,0.7940165491489171,0.6785714285714286,0.8571428571428572,0.8571428571428572,1.0,1.0,1.0
site_02639,0,0.9557871840824242,0.804204618127152,0.6785714285714286,0.8571428571428572,0.8571428571428572,1.0,1.0,1.0
site_02504,0,0.9619742752341509,0.7333531279251302,0.6785714285714286,0.8571428571428572,0.8571428571428572,1.0,1.0,1.0
site_03890,0,0.9727767236709969,0.8543439319913814,0.6785714285714286,0.8571428571428572,0.8571428571428572,1.0,1.0,1.0
site_05586,0,0.9886043724581765,0.691267225713071,0.6785714285714286,0.8571428571428572,0.8571428571428572,1.0,1.0,1.0
site_02005,0,0.9834269968982167,0.8428943159939503,0.6785714285714286,0.8571428571428572,0.8571428571428572,1.0,1.0,1.0
site_20093,0,0.9881281288998076,0.6922076020416086,0.6785714285714286,0.8571428571428572,0.8571428571428572,1.0,1.0,1.0
site_12883,1,0.9226089496035319,0.9323722252115862,0.6785714285714286,0.8571428571428572,0.8571428571428572,1.0,1.0,1.0
site_09145,0,0.9650523363346092,0.06079251864732249,0.6785714285714286,0.8571428571428572,0.8571428571428572,1.0,1.0,1.0
site_18860,0,0.9832441992383129,0.7455296825959691,0.6785714285714286,0.8571428571428572,0.8571428571428572,1.0,1.0,1.0
site_07277,0,0.9795859267221568,0.74402797688641,0.6785714285714286,0.8571428571428572,0.8571428571428572,1.0,1.0,1.0
site_02547,1,0.9885544530951842,0.9887955161790606,0.6785714285714286,0.8571428571428572,0.8571428571428572,1.0,1.0,1.0
site_10641,0,0.9979915206084955,0.8483970707062368,0.6785714285714286,0.8571428571428572,0.8571428571428572,1.0,1.0,1.0
site_00258,0,0.47607259575128646,0.9342661782405246,0.55,1.0,0.0,1.0,1.0,1.0
site_15142,0,0.9751845651852002,0.7219660079511963,0.6785714285714286,0.8571428571428572,0.8571428571428572,1.0,1.0,1.0
site_13674,0,0.9903691099156917,0.8650417233041316,0.6785714285714286,0.8571428571428572,0.8571428571428572,1.0,1.0,1.0
site_04376,0,0.9435529283810673,0.8063807563732661,0.6785714285714286,0.8571428571428572,0.8571428571428572,1.0,1.0,1.0
site_20359,0,0.5753462352545766,0.9978499341037702,0.7571428571428572,0.8571428571428572,0.8571428571428572,1.0,1.0,0.7142857142857143
site_07473,0,0.953123351328112,0.4429954952812615,0.6785714285714286,0.8571428571428572,0.8571428571428572,1.0,1.0,1.0
site_00761,0,0.9804232657506773,0.8619563300406146,0.6785714285714286,0.8571428571428572,0.8571428571428572,1.0,1.0,1.0
site_04297,0,0.9701936907424477,0.7794327509728823,0.6785714285714286,0.8571428571428572,0.8571428571428572,1.0,1.0,1.0
site_03963,0,0.9575794524975639,0.6067436983839759,0.6785714285714286,0.8571428571428572,0.8571428571428572,1.0,1.0,1.0
site_11051,0,0.9664542849403387,0.22207526167661407,0.6785714285714286,0.8571428571428572,0.8571428571428572,1.0,1.0,1.0
site_11734,1,0.9955571906654873,0.9112903867908937,0.7428571428571429,0.8571428571428572,0.8571428571428572,1.0,1.0,1.0
site_01168,1,0.9539131638965104,0.9418279429049583,0.6785714285714286,0.8571428571428572,0.8571428571428572,1.0,1.0,1.0
site_09955,0,0.9707768157432674,0.40921813842107146,0.6785714285714286,0.8571428571428572,0.8571428571428572,1.0,1.0,1.0
site_15860,0,0.9685589664322803,0.6318658252058318,0.6785714285714286,0.8571428571428572,0.8571428571428572,1.0,1.0,1.0
site_18584,0,0.9775906499789626,0.747930678191002,0.6785714285714286,0.8571428571428572,0.8571428571428572,1.0,1.0,1.0
site_10682,0,0.986304366194341,0.3154578422335874,0.6785714285714286,0.8571428571428572,0.8571428571428572,1.0,1.0,1.0
site_06492,0,0.9927814419650207,0.6469473040201865,0.6785714285714286,0.8571428571428572,0.8571428571428572,1.0,1.0,1.0
site_15403,0,0.9602009861062377,0.8097645956330293,0.55,1.0,0.0,1.0,1.0,1.0
site_18589,0,0.9925058673903863,0.7218075998857161,0.6785714285714286,0.8571428571428572,0.8571428571428572,1.0,1.0,1.0
site_18355,0,0.9724661548712222,0.7807233834661242,0.6785714285714286,0.8571428571428572,0.8571428571428572,1.0,1.0,1.0
site_05363,0,0.9561253909569233,0.6179139006926764,0.6785714285714286,0.8571428571428572,0.8571428571428572,1.0,1.0,1.0
site_16077,0,0.9575473099159183,0.6059675714678225,0.6785714285714286,0.8571428571428572,0.8571428571428572,1.0,1.0,1.0
site_07685,0,0.975241592466372,0.5200794065075809,0.6785714285714286,0.8571428571428572,0.8571428571428572,1.0,1.0,1.0
site_16535,0,0.9673417175135706,0.856238908609002,0.6785714285714286,0.8571428571428572,0.8571428571428572,1.0,1.0,1.0
site_12844,0,0.8333784603704136,0.8032346227451832,0.6785714285714286,0.8571428571428572,0.8571428571428572,1.0,1.0,1.0
site_00605,0,0.9269434924249171,0.8539269829355124,0.6785714285714286,0.8571428571428572,0.8571428571428572,1.0,1.0,1.0
site_12184,0,0.9869639755989705,0.492306531365554,0.6785714285714286,0.8571428571428572,0.8571428571428572,1.0,1.0,1.0
site_16495,1,0.9550745517132596,0.9880031161231937,0.6785714285714286,0.5714285714285714,1.0,1.0,1.0,1.0
site_17499,0,0.9866113870894706,0.6947267072577572,0.6785714285714286,0.8571428571428572,0.8571428571428572,1.0,1.0,1.0
site_06187,0,0.9979978451746648,0.8897722253362662,0.6785714285714286,0.8571428571428572,0.8571428571428572,1.0,1.0,1.0
site_10859,1,0.9356308047408546,0.9972181896083456,0.7428571428571429,0.8571428571428572,0.8571428571428572,1.0,1.0,1.0
site_16633,0,0.9676791009835787,0.6029746286892915,0.6785714285714286,0.8571428571428572,0.8571428571428572,1.0,1.0,1.0
site_00207,0,0.9634224350883042,0.854380672255677,0.6785714285714286,0.8571428571428572,0.8571428571428572,1.0,1.0,1.0
site_08188,0,0.940026398720562,0.4381022451699451,0.6785714285714286,0.8571428571428572,0.8571428571428572,1.0,1.0,1.0
site_18513,0,0.9878495517862855,0.7402035653221637,0.6785714285714286,0.8571428571428572,0.8571428571428572,1.0,1.0,1.0
site_04193,0,0.9883264082407573,0.8230469602698997,0.6785714285714286,0.8571428571428572,0.8571428571428572,1.0,1.0,1.0
site_14880,0,0.9555237840648027,0.7395178235906787,0.6785714285714286,0.8571428571428572,0.8571428571428572,1.0,1.0,1.0
site_20362,0,0.9933722542478134,0.6197089783307979,0.6785714285714286,0.8571428571428572,0.8571428571428572,1.0,1.0,1.0
site_10290,0,0.9859864184235511,0.10945087796352759,0.6785714285714286,0.8571428571428572,0.8571428571428572,1.0,1.0,1.0
site_14743,0,0.983809717913693,0.7555966181163402,0.6785714285714286,0.8571428571428572,0.8571428571428572,1.0,1.0,1.0
site_11719,0,0.6636289970960125,0.9890099451754669,0.7428571428571429,0.8571428571428572,0.8571428571428572,1.0,1.0,1.0
site_03518,0,0.9778927667738151,0.834457322154587,0.6785714285714286,0.8571428571428572,0.8571428571428572,1.0,1.0,1.0
site_15220,0,0.9973187281160696,0.7128905828531727,0.6785714285714286,0.8571428571428572,0.8571428571428572,1.0,1.0,1.0
site_03855,0,0.9733027561889317,0.75536328359185,0.6785714285714286,0.8571428571428572,0.8571428571428572,1.0,1.0,1.0
site_02099,0,0.7255717869817857,0.8352295848423985,0.6785714285714286,0.7142857142857143,0.8571428571428572,1.0,1.0,1.0
site_15140,0,0.9879460531160129,0.7229296473103648,0.6785714285714286,0.8571428571428572,0.8571428571428572,1.0,1.0,1.0
site_07374,0,0.9775667582083816,0.6673845411598345,0.6785714285714286,0.8571428571428572,0.8571428571428572,1.0,1.0,1.0
site_13974,0,0.9407530662241952,0.8251111610910044,0.6785714285714286,0.8571428571428572,0.8571428571428572,1.0,1.0,1.0
site_13421,0,0.9793239611422231,0.751109615110547,0.6785714285714286,0.8571428571428572,0.8571428571428572,1.0,1.0,1.0
site_20334,1,0.986925033410103,0.9204772825139226,0.6785714285714286,0.8571428571428572,0.8571428571428572,1.0,1.0,1.0
site_07813,0,0.9778904493186413,0.3682711837489899,0.6785714285714286,0.8571428571428572,0.8571428571428572,1.0,1.0,1.0
site_02318,0,0.9766496215975734,0.7660219903593122,0.6785714285714286,0.8571428571428572,0.8571428571428572,1.0,1.0,1.0
site_20434,0,0.9894846011735653,0.6413416338737599,0.6785714285714286,0.8571428571428572,0.8571428571428572,1.0,1.0,1.0
site_01307,0,0.9394354029415197,0.8745431962549108,0.6785714285714286,0.8571428571428572,0.8571428571428572,1.0,1.0,1.0
site_09029,0,0.9677185983184605,0.31749610090322766,0.6785714285714286,0.8571428571428572,0.8571428571428572,1.0,1.0,1.0
site_05988,0,0.9786461055039128,0.7723664447847574,0.6785714285714286,0.8571428571428572,0.8571428571428572,1.0,1.0,1.0
site_03255,0,0.9127298393918616,0.8345445261248849,0.6785714285714286,0.8571428571428572,0.8571428571428572,1.0,1.0,1.0
site_01050,0,0.9637921399789423,0.8810298235362781,0.6785714285714286,0.8571428571428572,0.8571428571428572,1.0,1.0,1.0
site_08176,0,0.9783478859085968,0.5107692083216351,0.6785714285714286,0.8571428571428572,0.8571428571428572,1.0,1.0,1.0
site_01583,0,0.9534707982168084,0.9085358195940404,0.6785714285714286,0.8571428571428572,0.8571428571428572,1.0,1.0,1.0
site_06948,0,0.947022922567608,0.5248332589997279,0.6785714285714286,0.8571428571428572,0.8571428571428572,1.0,1.0,1.0
site_20296,0,0.9528163332273414,0.6484645997412335,0.6785714285714286,0.8571428571428572,0.8571428571428572,1.0,1.0,1.0
site_00271,1,0.9863226692466575,0.9096994899829404,0.6785714285714286,0.8571428571428572,0.8571428571428572,1.0,1.0,1.0
site_08018,0,0.9205163620979149,0.5085090480857204,0.6785714285714286,0.8571428571428572,0.8571428571428572,1.0,1.0,1.0
site_08096,0,0.9475907773272227,0.37323039814652026,0.6785714285714286,0.8571428571428572,0.8571428571428572,1.0,1.0,1.0
site_12336,0,0.9808621310298395,0.7180896553027438,0.6785714285714286,0.8571428571428572,0.8571428571428572,1.0,1.0,1.0
site_15849,0,0.9836793815521387,0.6280680112600576,0.6785714285714286,0.8571428571428572,0.8571428571428572,1.0,1.0,1.0
site_20426,1,0.9716852320906766,0.994958391392679,0.7571428571428572,0.8571428571428572,0.8571428571428572,1.0,1.0,0.7142857142857143
site_10869,1,0.972560190644742,0.9360905680203271,0.6785714285714286,0.8571428571428572,0.8571428571428572,1.0,1.0,1.0
site_16027,0,0.973769462599582,0.7792386262171583,0.6785714285714286,0.8571428571428572,0.8571428571428572,1.0,1.0,1.0
site_12513,0,0.8306729246004111,0.9573528396854271,0.7428571428571429,0.8571428571428572,0.8571428571428572,1.0,1.0,1.0
site_19278,0,0.9824469313197495,0.6589873424280289,0.6785714285714286,0.8571428571428572,0.8571428571428572,1.0,1.0,1.0
site_11202,0,0.987087599909889,0.383304086577422,0.6785714285714286,0.8571428571428572,0.8571428571428572,1.0,1.0,1.0
site_07663,0,0.989255976955345,0.6490895029899132,0.6785714285714286,0.8571428571428572,0.8571428571428572,1.0,1.0,1.0
site_14841,0,0.9587240294497732,0.6838421310385803,0.6785714285714286,0.8571428571428572,0.8571428571428572,1.0,1.0,1.0
site_06467,0,0.9883264082407573,0.8273596418269761,0.6785714285714286,0.8571428571428572,0.8571428571428572,1.0,1.0,1.0
site_13836,0,0.9315862716876546,0.6501916811700459,0.6785714285714286,0.8571428571428572,0.8571428571428572,1.0,1.0,1.0
site_18065,0,0.9636886033843728,0.7090423066040783,0.6785714285714286,0.8571428571428572,0.8571428571428572,1.0,1.0,1.0
site_10656,0,0.9563078775115104,0.07935409369031687,0.6785714285714286,0.8571428571428572,0.8571428571428572,1.0,1.0,1.0
site_14215,0,0.9292589803697985,0.7285601062991546,0.55,1.0,0.0,1.0,1.0,1.0
site_19731,1,0.9782961269258426,0.9533391148900003,0.6785714285714286,0.8571428571428572,0.8571428571428572,1.0,1.0,1.0
site_16800,0,0.7520213276219315,0.9806942583080835,0.6785714285714286,0.7142857142857143,0.8571428571428572,1.0,1.0,1.0
site_05032,0,0.9632994124960521,0.6992200001936869,0.6785714285714286,0.8571428571428572,0.8571428571428572,1.0,1.0,1.0
site_01527,0,0.5607262376939404,0.8910231657910083,0.6785714285714286,0.7142857142857143,0.8571428571428572,1.0,1.0,1.0
site_14103,0,0.997992810205235,0.8148450724584205,0.6785714285714286,0.8571428571428572,0.8571428571428572,1.0,1.0,1.0
site_10901,0,0.9891079560262955,0.023513402526970872,0.6785714285714286,0.8571428571428572,0.8571428571428572,1.0,1.0,1.0
site_20809,0,0.98147661991756,0.6754239777489487,0.6785714285714286,0.8571428571428572,0.8571428571428572,1.0,1.0,1.0
site_21377,1,0.9967331317374607,0.944109982773459,0.6357142857142858,1.0,0.8571428571428572,1.0,0.7142857142857143,1.0
site_00281,0,0.9827703578973448,0.8687976714362511,0.6785714285714286,0.8571428571428572,0.8571428571428572,1.0,1.0,1.0
site_17656,0,0.9506226942438765,0.7518363855248417,0.6785714285714286,0.8571428571428572,0.8571428571428572,1.0,1.0,1.0
site_08729,0,0.9724508660009564,0.8360466391178919,0.6785714285714286,0.8571428571428572,0.8571428571428572,1.0,1.0,1.0
site_19993,1,0.9606339478360065,0.9609865907686307,0.6785714285714286,0.8571428571428572,0.8571428571428572,1.0,1.0,1.0
site_06159,0,0.8359812978535864,0.7175128138216982,0.6785714285714286,0.8571428571428572,0.8571428571428572,1.0,1.0,1.0
site_15277,0,0.9682836549931308,0.6989240933112391,0.6785714285714286,0.8571428571428572,0.8571428571428572,1.0,1.0,1.0
site_21537,0,0.9012710891401458,0.7973986688377551,0.6785714285714286,0.8571428571428572,0.8571428571428572,1.0,1.0,1.0
site_15801,0,0.9417913755615097,0.6282323340914633,0.6785714285714286,0.8571428571428572,0.8571428571428572,1.0,1.0,1.0
site_14898,0,0.983242006597847,0.7494494895338677,0.6785714285714286,0.8571428571428572,0.8571428571428572,1.0,1.0,1.0
site_17239,0,0.9595079626865574,0.6542191513474604,0.6785714285714286,0.8571428571428572,0.8571428571428572,1.0,1.0,1.0
site_12061,0,0.8831825020241593,0.5211078101925042,0.6785714285714286,0.8571428571428572,0.8571428571428572,1.0,1.0,1.0
site_20283,0,0.7176094581023778,0.989652928479984,0.7571428571428572,0.8571428571428572,0.8571428571428572,1.0,1.0,0.7142857142857143
site_14796,0,0.9825336440094365,0.7441716813127769,0.6785714285714286,0.8571428571428572,0.8571428571428572,1.0,1.0,1.0
site_08697,0,0.9924025259352295,0.3595326083647913,0.6785714285714286,0.8571428571428572,0.8571428571428572,1.0,1.0,1.0
site_04262,0,0.9670680864157126,0.7833368529381974,0.6785714285714286,0.8571428571428572,0.8571428571428572,1.0,1.0,1.0
site_18849,0,0.9851282660767603,0.7385902894589822,0.6785714285714286,0.8571428571428572,0.8571428571428572,1.0,1.0,1.0
site_13358,0,0.9617139490115748,0.8750395591720996,0.6785714285714286,0.8571428571428572,0.8571428571428572,1.0,1.0,1.0
site_12860,0,0.986041464504098,0.8955459546137161,0.6785714285714286,0.8571428571428572,0.8571428571428572,1.0,1.0,1.0
site_13862,0,0.9790809375913941,0.785873876030081,0.6785714285714286,0.8571428571428572,0.8571428571428572,1.0,1.0,1.0
site_09293,0,0.9795859267221568,0.15343953931177134,0.6785714285714286,0.8571428571428572,0.8571428571428572,1.0,1.0,1.0
site_12150,0,0.9585999189203658,0.19264391832201067,0.6785714285714286,0.8571428571428572,0.8571428571428572,1.0,1.0,1.0
site_21109,1,0.9194932838807773,0.9172016752713337,0.6785714285714286,0.8571428571428572,0.8571428571428572,1.0,1.0,1.0
site_07185,0,0.9866902569445264,0.6154660825565521,0.6785714285714286,0.8571428571428572,0.8571428571428572,1.0,1.0,1.0
site_09119,0,0.9607509457899693,0.23847841832740269,0.6785714285714286,0.8571428571428572,0.8571428571428572,1.0,1.0,1.0
site_16743,1,0.9230702573123386,0.9449885332102907,0.6785714285714286,0.7142857142857143,0.8571428571428572,1.0,1.0,1.0
site_13758,0,0.9429071333565348,0.7925928311314302,0.6785714285714286,0.8571428571428572,0.8571428571428572,1.0,1.0,1.0
site_08301,0,0.9285169774232473,0.36498068017591,0.6785714285714286,0.8571428571428572,0.8571428571428572,1.0,1.0,1.0
site_17564,0,0.9596194762449965,0.8584727610947188,0.6785714285714286,0.8571428571428572,0.8571428571428572,1.0,1.0,1.0
site_01904,0,0.9556521308426548,0.8145595769923291,0.6785714285714286,0.8571428571428572,0.8571428571428572,1.0,1.0,1.0
site_02380,0,0.9678267698233775,0.7344563518983487,0.6785714285714286,0.8571428571428572,0.8571428571428572,1.0,1.0,1.0
site_18099,0,0.9953265018815948,0.8011788669666722,0.6785714285714286,0.8571428571428572,0.8571428571428572,1.0,1.0,1.0
site_03762,0,0.9456770399835086,0.6133699381810473,0.6785714285714286,0.8571428571428572,0.8571428571428572,1.0,1.0,1.0
site_01074,0,0.9545046850150696,0.7820361030715591,0.6785714285714286,0.8571428571428572,0.8571428571428572,1.0,1.0,1.0
site_20262,0,0.9891544224928533,0.9000948469125627,0.6785714285714286,0.8571428571428572,0.8571428571428572,1.0,1.0,1.0
site_05582,0,0.9730130295824718,0.6549248946601579,0.6785714285714286,0.8571428571428572,0.8571428571428572,1.0,1.0,1.0
site_21552,0,0.897272756157933,0.7954091422090044,0.6785714285714286,0.8571428571428572,0.8571428571428572,1.0,1.0,1.0
site_13226,0,0.9864172117306332,0.9014528597938752,0.6785714285714286,0.8571428571428572,0.8571428571428572,1.0,1.0,1.0
site_14762,0,0.8888964299327339,0.7194161572118446,0.55,1.0,0.0,1.0,1.0,1.0
site_06839,0,0.9846751849612391,0.8131611846910022,0.6785714285714286,0.8571428571428572,0.8571428571428572,1.0,1.0,1.0
site_03326,0,0.9891825495804258,0.8788383395002063,0.6785714285714286,0.8571428571428572,0.8571428571428572,1.0,1.0,1.0
site_12613,0,0.46550440402921844,0.8688157334370121,0.7428571428571429,0.8571428571428572,0.8571428571428572,1.0,1.0,1.0
site_19533,0,0.6223957914179463,0.9949964027628789,0.7571428571428572,0.8571428571428572,0.8571428571428572,1.0,1.0,0.7142857142857143
site_20947,1,0.9564440633981816,0.9140522691644866,0.6785714285714286,0.8571428571428572,0.8571428571428572,1.0,1.0,1.0
site_16714,0,0.9839511124857868,0.8476446303518625,0.6785714285714286,0.8571428571428572,0.8571428571428572,1.0,1.0,1.0
site_00022,0,0.6758307637151915,0.9907402448126967,0.6785714285714286,0.5714285714285714,0.8571428571428572,1.0,0.5714285714285714,0.5714285714285714
site_11762,0,0.9824111318534526,0.26939044881287466,0.6785714285714286,0.8571428571428572,0.8571428571428572,1.0,1.0,1.0
site_20109,0,0.9550436386496322,0.8229709013336091,0.6785714285714286,0.8571428571428572,0.8571428571428572,1.0,1.0,1.0
site_00548,1,0.992775882587527,0.9150932419006127,0.6785714285714286,0.8571428571428572,0.8571428571428572,1.0,1.0,1.0
site_19402,0,0.9915239412344635,0.673040426284216,0.6785714285714286,0.8571428571428572,0.8571428571428572,1.0,1.0,1.0
site_06158,0,0.9632123737977997,0.7090345622442452,0.6785714285714286,0.8571428571428572,0.8571428571428572,1.0,1.0,1.0
site_11800,0,0.9451872856987352,0.6045244018004376,0.6785714285714286,0.8571428571428572,0.8571428571428572,1.0,1.0,1.0
site_07814,0,0.9883608235678306,0.36045848570185923,0.6785714285714286,0.8571428571428572,0.8571428571428572,1.0,1.0,1.0
site_12802,0,0.9749202709726563,0.5258005432927342,0.6785714285714286,0.8571428571428572,0.8571428571428572,1.0,1.0,1.0
site_17427,0,0.9914608045527755,0.9034747568095725,0.6785714285714286,0.8571428571428572,0.8571428571428572,1.0,1.0,1.0
site_14309,0,0.9747696438379895,0.7357784121008752,0.6785714285714286,0.8571428571428572,0.8571428571428572,1.0,1.0,1.0
site_13627,0,0.989791772032635,0.6700726190049235,0.6785714285714286,0.8571428571428572,0.8571428571428572,1.0,1.0,1.0
site_16299,0,0.9715777815304159,0.8545204532207206,0.6785714285714286,0.8571428571428572,0.8571428571428572,1.0,1.0,1.0
site_16316,0,0.8132712654753844,0.9877820070302304,0.6785714285714286,0.5714285714285714,1.0,1.0,1.0,1.0
site_06649,0,0.9074707586337798,0.5728093261655332,0.55,1.0,0.0,1.0,1.0,1.0
site_10436,0,0.9195098562933379,0.18044394795718277,0.6785714285714286,0.8571428571428572,0.8571428571428572,1.0,1.0,1.0
site_16416,0,0.9864603687445253,0.8312886345409126,0.6785714285714286,0.8571428571428572,0.8571428571428572,1.0,1.0,1.0
site_07660,0,0.9878224735148406,0.6612624201615633,0.6785714285714286,0.8571428571428572,0.8571428571428572,1.0,1.0,1.0
site_07766,0,0.9962011947386793,0.6544412340523139,0.6785714285714286,0.8571428571428572,0.8571428571428572,1.0,1.0,1.0
site_17822,0,0.9113309161456193,0.8440315343563762,0.6785714285714286,0.8571428571428572,0.8571428571428572,1.0,1.0,1.0
site_05535,0,0.9759471141229981,0.7285008947715665,0.55,1.0,0.0,1.0,1.0,1.0
site_12864,1,0.9020953282130539,0.9160376275173906,0.55,1.0,0.0,1.0,1.0,1.0
site_21414,1,0.934259907053803,0.9167764007981722,0.6785714285714286,0.8571428571428572,0.8571428571428572,1.0,1.0,1.0
site_16492,1,0.8755337374975156,0.9654973447424775,0.6785714285714286,0.5714285714285714,1.0,1.0,1.0,1.0
site_19178,1,0.9907335828345812,0.9090158220514747,0.6785714285714286,0.8571428571428572,0.8571428571428572,1.0,1.0,1.0
site_03260,0,0.9806886814326863,0.8648440490487603,0.6785714285714286,0.8571428571428572,0.8571428571428572,1.0,1.0,1.0
site_11787,0,0.9645410654845171,0.4915231976613591,0.6785714285714286,0.8571428571428572,0.8571428571428572,1.0,1.0,1.0
site_00637,0,0.9732085285360849,0.8903279470389658,0.6785714285714286,0.8571428571428572,0.8571428571428572,1.0,1.0,1.0
site_02830,1,0.9829978913840504,0.93100049462719,0.6785714285714286,0.8571428571428572,0.8571428571428572,1.0,1.0,1.0
site_02556,0,0.9341735576308031,0.7520037579071495,0.6785714285714286,0.8571428571428572,0.8571428571428572,1.0,1.0,1.0
site_00674,0,0.9837258703735696,0.8940150850372053,0.6785714285714286,0.8571428571428572,0.8571428571428572,1.0,1.0,1.0
site_17307,0,0.9544025903098123,0.7748248395769868,0.6785714285714286,0.8571428571428572,0.8571428571428572,1.0,1.0,1.0
site_00020,0,0.6593334337216166,0.9937676831883133,0.6785714285714286,0.5714285714285714,0.8571428571428572,1.0,0.5714285714285714,0.5714285714285714
site_02497,0,0.8715186756186308,0.7569340653125469,0.6785714285714286,0.8571428571428572,0.8571428571428572,1.0,1.0,1.0
site_16386,0,0.968201299640784,0.5579771046258867,0.6785714285714286,0.8571428571428572,0.8571428571428572,1.0,1.0,1.0
site_13896,0,0.9893005162455545,0.8486135231372379,0.6785714285714286,0.8571428571428572,0.8571428571428572,1.0,1.0,1.0
site_14645,0,0.9802239776460807,0.7761386194278267,0.6785714285714286,0.8571428571428572,0.8571428571428572,1.0,1.0,1.0
site_20879,0,0.9683133348129278,0.7914088538603317,0.6785714285714286,0.8571428571428572,0.8571428571428572,1.0,1.0,1.0
site_01123,0,0.9214166971587135,0.8974930151347134,0.6785714285714286,0.8571428571428572,0.8571428571428572,1.0,1.0,1.0
site_18803,0,0.984465554933494,0.715127415112411,0.6785714285714286,0.8571428571428572,0.8571428571428572,1.0,1.0,1.0
site_11874,1,0.9116392345548394,0.9756386482989462,0.7428571428571429,0.8571428571428572,0.8571428571428572,1.0,1.0,1.0
site_13359,0,0.901488497732262,0.86976640528675,0.6785714285714286,0.8571428571428572,0.8571428571428572,1.0,1.0,1.0
site_13865,0,0.9769533404916617,0.8030736989790032,0.6785714285714286,0.8571428571428572,0.8571428571428572,1.0,1.0,1.0
site_16740,1,0.9480902895140861,0.9723118443702593,0.6785714285714286,0.7142857142857143,0.8571428571428572,1.0,1.0,1.0
site_00613,0,0.9827001244749138,0.8158600995284967,0.6785714285714286,0.8571428571428572,0.8571428571428572,1.0,1.0,1.0
site_14418,0,0.9927815905317813,0.6161253200654242,0.6785714285714286,0.8571428571428572,0.8571428571428572,1.0,1.0,1.0
site_08124,0,0.800859079887732,0.5180066223358134,0.6785714285714286,0.8571428571428572,0.8571428571428572,1.0,1.0,1.0
site_19776,0,0.9538263338437398,0.7577705361261261,0.6785714285714286,0.8571428571428572,0.8571428571428572,1.0,1.0,1.0
site_06778,0,0.9856473490235332,0.7655460943691867,0.6785714285714286,0.8571428571428572,0.8571428571428572,1.0,1.0,1.0
site_02082,0,0.9637692523147428,0.7873730437092451,0.6785714285714286,0.8571428571428572,0.8571428571428572,1.0,1.0,1.0
site_08715,0,0.9765028916624431,0.24135780874161905,0.6785714285714286,0.8571428571428572,0.8571428571428572,1.0,1.0,1.0
site_13829,0,0.9927814419650207,0.6072889307582812,0.6785714285714286,0.8571428571428572,0.8571428571428572,1.0,1.0,1.0
site_10937,0,0.9602852751551041,0.34977166282691674,0.6785714285714286,0.8571428571428572,0.8571428571428572,1.0,1.0,1.0
site_20897,1,0.9283955755592921,0.926858702672781,0.6785714285714286,0.8571428571428572,0.8571428571428572,1.0,1.0,1.0
site_09109,0,0.9310997551336625,0.2990165896831998,0.6785714285714286,0.8571428571428572,0.8571428571428572,1.0,1.0,1.0
site_18156,0,0.9137155253579969,0.8097413009731782,0.41428571428571437,0.1428571428571429,1.0,0.1428571428571429,0.7142857142857143,0.7142857142857143
site_08395,0,0.8770582280657264,0.41842699105596415,0.6785714285714286,0.8571428571428572,0.8571428571428572,1.0,1.0,1.0
site_15651,0,0.941185055516986,0.6589970566663819,0.6785714285714286,0.8571428571428572,0.8571428571428572,1.0,1.0,1.0
site_21147,0,0.9525340209871125,0.8817731923907798,0.6785714285714286,0.8571428571428572,0.8571428571428572,1.0,1.0,1.0
site_10195,0,0.9536115295943348,0.21760497730096784,0.6785714285714286,0.8571428571428572,0.8571428571428572,1.0,1.0,1.0
site_06812,0,0.9783481821106649,0.6853702283542358,0.6785714285714286,0.8571428571428572,0.8571428571428572,1.0,1.0,1.0
site_13147,0,0.9883263560793869,0.4565018056311533,0.6785714285714286,0.8571428571428572,0.8571428571428572,1.0,1.0,1.0
site_14695,0,0.9632952880219728,0.6762017974464412,0.6785714285714286,0.8571428571428572,0.8571428571428572,1.0,1.0,1.0
site_01570,0,0.9410727893444871,0.8751973498166639,0.6785714285714286,0.8571428571428572,0.8571428571428572,1.0,1.0,1.0
site_12309,0,0.972252403163757,0.49792125760635786,0.6785714285714286,0.8571428571428572,0.8571428571428572,1.0,1.0,1.0
site_20632,0,0.9847138123189777,0.6609612921974545,0.6785714285714286,0.8571428571428572,0.8571428571428572,1.0,1.0,1.0
site_02969,0,0.9919501350264139,0.7939382425702074,0.6785714285714286,0.8571428571428572,0.8571428571428572,1.0,1.0,1.0
site_02654,0,0.9659554955610375,0.9022817096706689,0.6785714285714286,0.8571428571428572,0.8571428571428572,1.0,1.0,1.0
site_15892,0,0.9779936040174628,0.8064004371489244,0.6785714285714286,0.8571428571428572,0.8571428571428572,1.0,1.0,1.0
site_01041,0,0.9931291547835613,0.8017515731866734,0.6785714285714286,0.8571428571428572,0.8571428571428572,1.0,1.0,1.0
site_10226,0,0.9639259525232571,0.49972951270527566,0.6785714285714286,0.8571428571428572,0.8571428571428572,1.0,1.0,1.0
site_08673,0,0.9770548539702195,0.2541755840710125,0.6785714285714286,0.8571428571428572,0.8571428571428572,1.0,1.0,1.0
site_02040,0,0.9332373429987458,0.8445536073426216,0.6785714285714286,0.7142857142857143,0.8571428571428572,1.0,1.0,1.0
site_14054,0,0.904974233475248,0.715596873482456,0.6785714285714286,0.8571428571428572,0.8571428571428572,1.0,1.0,1.0
site_13328,0,0.8807997408146211,0.8710636816073571,0.6785714285714286,0.8571428571428572,0.8571428571428572,1.0,1.0,1.0
site_16157,0,0.9491989086529812,0.7053748629076386,0.6785714285714286,0.8571428571428572,0.8571428571428572,1.0,1.0,1.0
site_02943,1,0.9938952846925871,0.9447910432646728,0.6785714285714286,0.8571428571428572,0.8571428571428572,1.0,1.0,1.0
site_18992,0,0.9483376275554154,0.7279765072803865,0.6785714285714286,0.8571428571428572,0.8571428571428572,1.0,1.0,1.0
site_04598,0,0.9321360897905235,0.6014609155893507,0.6785714285714286,0.8571428571428572,0.8571428571428572,1.0,1.0,1.0
site_15339,0,0.9967716305546792,0.6628065043105729,0.6785714285714286,0.8571428571428572,0.8571428571428572,1.0,1.0,1.0
site_18958,0,0.9524368592571768,0.7428479736865582,0.6785714285714286,0.8571428571428572,0.8571428571428572,1.0,1.0,1.0
site_14041,0,0.9955231777261291,0.6566574700291712,0.6785714285714286,0.8571428571428572,0.8571428571428572,1.0,1.0,1.0
site_17371,0,0.9633578332309778,0.8738450871690567,0.6785714285714286,0.8571428571428572,0.8571428571428572,1.0,1.0,1.0
site_19908,0,0.9611812323865955,0.7956051299403047,0.6785714285714286,0.8571428571428572,0.8571428571428572,1.0,1.0,1.0
site_10128,0,0.9367557243080213,0.8798435809493369,0.7428571428571429,0.8571428571428572,0.8571428571428572,1.0,1.0,1.0
site_04883,0,0.9839848236343587,0.7259686933915092,0.6785714285714286,0.8571428571428572,0.8571428571428572,1.0,1.0,1.0
site_15546,0,0.9658927566097995,0.7986984594434869,0.6785714285714286,0.8571428571428572,0.8571428571428572,1.0,1.0,1.0
site_18463,0,0.9741136438139059,0.8158818799593649,0.6785714285714286,0.8571428571428572,0.8571428571428572,1.0,1.0,1.0
site_10783,0,0.9809670461749143,0.12410691805327245,0.6785714285714286,0.8571428571428572,0.8571428571428572,1.0,1.0,1.0
site_16769,0,0.9858480724972706,0.7427794521430633,0.6785714285714286,0.8571428571428572,0.8571428571428572,1.0,1.0,1.0
site_01389,0,0.8414642477620984,0.9134822652163718,0.6785714285714286,0.8571428571428572,0.8571428571428572,1.0,1.0,1.0
site_01221,0,0.9341581253167686,0.7712282460458036,0.6785714285714286,0.8571428571428572,0.8571428571428572,1.0,1.0,1.0
site_11334,0,0.9468049998134114,0.35486867754361306,0.6785714285714286,0.8571428571428572,0.8571428571428572,1.0,1.0,1.0
site_07191,0,0.9883265125634982,0.570970398707128,0.6785714285714286,0.8571428571428572,0.8571428571428572,1.0,1.0,1.0
site_06557,0,0.9911819172653897,0.7072005727978459,0.6785714285714286,0.8571428571428572,0.8571428571428572,1.0,1.0,1.0
site_12031,0,0.9828959736548715,0.25692385261106276,0.6785714285714286,0.8571428571428572,0.8571428571428572,1.0,1.0,1.0
site_20387,0,0.9493489918190703,0.8127962008388039,0.6785714285714286,0.8571428571428572,0.8571428571428572,1.0,1.0,1.0
site_02623,0,0.9645984206371604,0.717173383378592,0.6785714285714286,0.8571428571428572,0.8571428571428572,1.0,1.0,1.0
site_07299,0,0.9979978451746648,0.714431816581294,0.6785714285714286,0.8571428571428572,0.8571428571428572,1.0,1.0,1.0
site_08309,0,0.9063967113060695,0.30762145448051803,0.6785714285714286,0.8571428571428572,0.8571428571428572,1.0,1.0,1.0
site_20348,1,0.8496803342572156,0.9810822591621613,0.5857142857142859,0.2857142857142857,1.0,1.0,0.5714285714285714,0.7142857142857143
site_18388,0,0.98444656726319,0.8265154624484633,0.6785714285714286,0.8571428571428572,0.8571428571428572,1.0,1.0,1.0
site_20853,0,0.21546729493994177,0.9631845458933828,0.6357142857142858,1.0,0.8571428571428572,1.0,0.7142857142857143,1.0
site_03052,1,0.9863338159452362,0.968514546467211,0.6785714285714286,0.8571428571428572,0.8571428571428572,1.0,1.0,1.0
site_18468,0,0.9839529884322176,0.8539921888150895,0.6785714285714286,0.8571428571428572,0.8571428571428572,1.0,1.0,1.0
site_03712,0,0.9021487414564147,0.7185648670374138,0.6785714285714286,0.8571428571428572,0.8571428571428572,1.0,1.0,1.0
site_19866,1,0.9750579956197564,0.9702810386726863,0.6785714285714286,0.8571428571428572,0.8571428571428572,1.0,1.0,1.0
site_09886,0,0.977891792473931,0.8283029232741216,0.6785714285714286,0.8571428571428572,0.8571428571428572,1.0,1.0,1.0
site_11604,0,0.9683571242834369,0.18111899878143156,0.6785714285714286,0.8571428571428572,0.8571428571428572,1.0,1.0,1.0
site_02756,0,0.9717587889375688,0.8388541720893535,0.6785714285714286,0.8571428571428572,0.8571428571428572,1.0,1.0,1.0
site_19688,0,0.970539339926769,0.6184748949599106,0.6785714285714286,0.8571428571428572,0.8571428571428572,1.0,1.0,1.0
site_19630,0,0.9791122139217088,0.6714813710886915,0.6785714285714286,0.8571428571428572,0.8571428571428572,1.0,1.0,1.0
site_01970,0,0.9667640899486172,0.7561678224221082,0.6785714285714286,0.8571428571428572,0.8571428571428572,1.0,1.0,1.0
site_10812,0,0.9634414292787793,0.387023046594157,0.6785714285714286,0.8571428571428572,0.8571428571428572,1.0,1.0,1.0
site_07881,0,0.9827794395645247,0.6342420073477388,0.6785714285714286,0.8571428571428572,0.8571428571428572,1.0,1.0,1.0
site_02269,0,0.9692419171187419,0.7328537488160709,0.6785714285714286,0.8571428571428572,0.8571428571428572,1.0,1.0,1.0
site_03446,0,0.9848122249903516,0.8264855609498782,0.6785714285714286,0.8571428571428572,0.8571428571428572,1.0,1.0,1.0
site_02844,0,0.691233092413376,0.9827991755984777,0.7428571428571429,0.8571428571428572,0.8571428571428572,1.0,1.0,1.0
site_04842,0,0.9927814205416008,0.7130530150692431,0.6785714285714286,0.8571428571428572,0.8571428571428572,1.0,1.0,1.0
site_17962,0,0.9026940960362962,0.856485774917041,0.6785714285714286,0.8571428571428572,0.8571428571428572,1.0,1.0,1.0
site_10459,0,0.9869641395347063,0.40771011090427645,0.6785714285714286,0.8571428571428572,0.8571428571428572,1.0,1.0,1.0
site_02775,1,0.9537352675425246,0.9504491954969482,0.6785714285714286,0.8571428571428572,0.8571428571428572,1.0,1.0,1.0
site_09368,0,0.9897916369719436,0.18701223326757266,0.6785714285714286,0.8571428571428572,0.8571428571428572,1.0,1.0,1.0
site_19705,0,0.9756045629515013,0.7240866402458743,0.6785714285714286,0.8571428571428572,0.8571428571428572,1.0,1.0,1.0
site_12684,0,0.9895203400954142,0.5461644020554544,0.6785714285714286,0.8571428571428572,0.8571428571428572,1.0,1.0,1.0
site_19913,0,0.9841424832395085,0.8830965770630019,0.6785714285714286,0.8571428571428572,0.8571428571428572,1.0,1.0,1.0
site_19607,1,0.9743144427353398,0.9916334457758164,0.7571428571428572,0.8571428571428572,0.8571428571428572,1.0,1.0,0.7142857142857143
site_13327,0,0.9207322431070388,0.8664189439625961,0.6785714285714286,0.7142857142857143,0.8571428571428572,1.0,1.0,1.0
site_08580,0,0.9722091762908867,0.2511792091893338,0.6785714285714286,0.8571428571428572,0.8571428571428572,1.0,1.0,1.0
site_11123,1,0.8927565501864516,0.990284939551008,0.7428571428571429,0.8571428571428572,0.8571428571428572,1.0,1.0,1.0
site_05409,0,0.9847801792798225,0.682183650987302,0.6785714285714286,0.8571428571428572,0.8571428571428572,1.0,1.0,1.0
site_12475,0,0.9880570702099796,0.8082396782753557,0.6785714285714286,0.8571428571428572,0.8571428571428572,1.0,1.0,1.0
site_10949,0,0.9802845556262566,0.45808930457177444,0.6785714285714286,0.8571428571428572,0.8571428571428572,1.0,1.0,1.0
site_06129,0,0.9838602585558657,0.8804104649827991,0.6785714285714286,0.8571428571428572,0.8571428571428572,1.0,1.0,1.0
site_16370,1,0.8836549126532516,0.9387088170774478,0.6785714285714286,0.5714285714285714,1.0,1.0,1.0,1.0
site_17498,0,0.9784510890429765,0.6873102272256569,0.6785714285714286,0.8571428571428572,0.8571428571428572,1.0,1.0,1.0
site_07613,0,0.9935433449401324,0.6378976722401963,0.6785714285714286,0.8571428571428572,0.8571428571428572,1.0,1.0,1.0
site_19665,1,0.9943459943286581,0.9661522879724993,0.6785714285714286,0.8571428571428572,0.8571428571428572,1.0,1.0,1.0
site_02737,0,0.9450684546451816,0.6883842808288937,0.6785714285714286,0.8571428571428572,0.8571428571428572,1.0,1.0,1.0
site_00265,1,0.9823647473547628,0.9844373325855624,0.6785714285714286,0.8571428571428572,0.8571428571428572,1.0,1.0,1.0
site_17442,0,0.8910420133907478,0.7003566526850923,0.41428571428571437,0.1428571428571429,1.0,0.1428571428571429,0.7142857142857143,0.7142857142857143
site_08357,0,0.9636608349062222,0.32389441711667566,0.6785714285714286,0.8571428571428572,0.8571428571428572,1.0,1.0,1.0
site_05025,0,0.9927812510171468,0.6950359875722658,0.6785714285714286,0.8571428571428572,0.8571428571428572,1.0,1.0,1.0
site_05495,0,0.7047593107450159,0.7285009188733295,0.55,1.0,0.0,1.0,1.0,1.0
site_06179,0,0.9078259626634275,0.8896853563592584,0.6785714285714286,0.8571428571428572,0.8571428571428572,1.0,1.0,1.0
site_18011,0,0.9334621510538444,0.7341549064072724,0.6785714285714286,0.8571428571428572,0.8571428571428572,1.0,1.0,1.0
site_19343,0,0.9693075957357871,0.6613898101463602,0.6785714285714286,0.8571428571428572,0.8571428571428572,1.0,1.0,1.0
site_19480,0,0.9739605483286722,0.6472761717012058,0.6785714285714286,0.8571428571428572,0.8571428571428572,1.0,1.0,1.0
site_04255,0,0.9923501698910739,0.8145780100643398,0.6785714285714286,0.8571428571428572,0.8571428571428572,1.0,1.0,1.0
site_06033,0,0.9971685299155296,0.888022415282017,0.6785714285714286,0.8571428571428572,0.8571428571428572,1.0,1.0,1.0
site_15547,0,0.9678155141447926,0.8074278149737033,0.6785714285714286,0.8571428571428572,0.8571428571428572,1.0,1.0,1.0
site_21117,1,0.9533168700125533,0.9870912473183021,0.6785714285714286,0.8571428571428572,0.8571428571428572,1.0,1.0,1.0
site_15568,0,0.9744140672271242,0.6629901521889028,0.6785714285714286,0.8571428571428572,0.8571428571428572,1.0,1.0,1.0
site_01981,1,0.8640245024908098,0.9877552232440807,0.6785714285714286,0.7142857142857143,0.8571428571428572,1.0,1.0,1.0
site_12751,1,0.9550476178170365,0.9369625893388854,0.6785714285714286,0.8571428571428572,0.8571428571428572,1.0,1.0,1.0
site_02768,0,0.8724953153128019,0.9062409932804132,0.6785714285714286,0.8571428571428572,0.8571428571428572,1.0,1.0,1.0
site_18296,0,0.9923646646976196,0.6923570788583637,0.6785714285714286,0.8571428571428572,0.8571428571428572,1.0,1.0,1.0
site_16043,1,0.9388745750636697,0.9247101531268955,0.6785714285714286,0.5714285714285714,1.0,1.0,1.0,1.0
site_01303,0,0.9331097488349535,0.8479570668888132,0.6785714285714286,0.8571428571428572,0.8571428571428572,1.0,1.0,1.0
site_20696,0,0.967938439865928,0.6789647843609304,0.6785714285714286,0.8571428571428572,0.8571428571428572,1.0,1.0,1.0
site_10930,0,0.9828961152357342,0.28644896128320896,0.6785714285714286,0.8571428571428572,0.8571428571428572,1.0,1.0,1.0
site_13354,0,0.9668216500209301,0.8909529121190486,0.6785714285714286,0.8571428571428572,0.8571428571428572,1.0,1.0,1.0
site_06177,0,0.9873384327630397,0.8826793181717992,0.6785714285714286,0.8571428571428572,0.8571428571428572,1.0,1.0,1.0
site_05941,0,0.9899897933610915,0.691349634137445,0.6785714285714286,0.8571428571428572,0.8571428571428572,1.0,1.0,1.0
site_08480,0,0.9963085132654711,0.5178043541468056,0.6785714285714286,0.8571428571428572,0.8571428571428572,1.0,1.0,1.0
site_06424,0,0.9838602157090256,0.6252399311208774,0.6785714285714286,0.8571428571428572,0.8571428571428572,1.0,1.0,1.0
site_10084,0,0.9719795805671414,0.39994655007390345,0.6785714285714286,0.8571428571428572,0.8571428571428572,1.0,1.0,1.0
site_03072,0,0.9313995786911204,0.7867031131268782,0.6785714285714286,0.8571428571428572,0.8571428571428572,1.0,1.0,1.0
site_09875,0,0.9836091257748348,0.8598687202902977,0.6785714285714286,0.8571428571428572,0.8571428571428572,1.0,1.0,1.0
site_13459,0,0.9823251680520131,0.8853814032742566,0.6785714285714286,0.8571428571428572,0.8571428571428572,1.0,1.0,1.0
site_18318,0,0.9646574971150291,0.7232122874756446,0.6785714285714286,0.8571428571428572,0.8571428571428572,1.0,1.0,1.0
site_19818,0,0.9874466936874489,0.603795941660185,0.6785714285714286,0.8571428571428572,0.8571428571428572,1.0,1.0,1.0
site_17580,0,0.8923478136874536,0.7109600140218171,0.6785714285714286,0.8571428571428572,0.8571428571428572,1.0,1.0,1.0
site_17154,0,0.912010407415475,0.7760988979169867,0.6785714285714286,0.8571428571428572,0.8571428571428572,1.0,1.0,1.0
site_10235,1,0.9004863883860532,1.0,0.7428571428571429,0.8571428571428572,0.8571428571428572,1.0,1.0,1.0
site_17960,0,0.9723888219136892,0.855780676415819,0.6785714285714286,0.8571428571428572,0.8571428571428572,1.0,1.0,1.0
site_05792,0,0.6772601939115341,0.6146711019015406,0.6785714285714286,0.8571428571428572,0.8571428571428572,1.0,1.0,1.0
site_14082,0,0.9781883969296685,0.8277261990426605,0.6785714285714286,0.8571428571428572,0.8571428571428572,1.0,1.0,1.0
site_12455,0,0.8816898298919348,0.6749180252393009,0.6785714285714286,0.8571428571428572,0.8571428571428572,1.0,1.0,1.0
site_00724,0,0.9404037117196644,0.8488802884279377,0.6785714285714286,0.8571428571428572,0.8571428571428572,1.0,1.0,1.0
site_05223,0,0.7117083081319397,0.6935074491830947,0.55,1.0,0.0,1.0,1.0,1.0
site_08276,0,0.9922979717282093,0.5165222092070594,0.6785714285714286,0.8571428571428572,0.8571428571428572,1.0,1.0,1.0
site_03597,0,0.9485823016410384,0.8684448699830335,0.6785714285714286,0.8571428571428572,0.8571428571428572,1.0,1.0,1.0
site_16937,0,0.9800812045234817,0.6816862557277037,0.6785714285714286,0.8571428571428572,0.8571428571428572,1.0,1.0,1.0
site_09202,0,0.978721268175853,0.23193063725642782,0.6785714285714286,0.8571428571428572,0.8571428571428572,1.0,1.0,1.0
site_06502,0,0.9855638209718038,0.7055247699264944,0.6785714285714286,0.8571428571428572,0.8571428571428572,1.0,1.0,1.0
site_20125,1,0.9892171120770801,0.9138350960822215,0.6785714285714286,0.8571428571428572,0.8571428571428572,1.0,1.0,1.0
site_08398,0,0.9810301912396796,0.3995353221482476,0.6785714285714286,0.8571428571428572,0.8571428571428572,1.0,1.0,1.0
site_01984,0,0.741670335846498,0.9766543417778255,0.6785714285714286,0.7142857142857143,0.8571428571428572,1.0,1.0,1.0
site_10256,0,0.9839622098173542,0.9023713910669449,0.6785714285714286,0.8571428571428572,0.8571428571428572,1.0,1.0,1.0
site_21534,0,0.9783578040206103,0.8154036741865258,0.6785714285714286,0.8571428571428572,0.8571428571428572,1.0,1.0,1.0
site_20582,0,0.991907975598732,0.7613094596854442,0.6785714285714286,0.8571428571428572,0.8571428571428572,1.0,1.0,1.0
site_08160,0,0.9394381376876573,0.2542453776609773,0.55,1.0,0.0,1.0,1.0,1.0
site_13538,0,0.9917948338603718,0.7732531370387729,0.6785714285714286,0.8571428571428572,0.8571428571428572,1.0,1.0,1.0
site_07102,0,0.9887817341581149,0.7428531053746252,0.6785714285714286,0.8571428571428572,0.8571428571428572,1.0,1.0,1.0
site_09158,0,0.9511117480759608,0.9034080694788821,0.6785714285714286,0.8571428571428572,0.8571428571428572,1.0,1.0,1.0
site_18606,0,0.990050490567257,0.7652850913053297,0.6785714285714286,0.8571428571428572,0.8571428571428572,1.0,1.0,1.0
site_17419,0,0.982981449374916,0.8456052645076404,0.6785714285714286,0.8571428571428572,0.8571428571428572,1.0,1.0,1.0
site_08942,0,0.9890849472732003,0.8675399994761319,0.6785714285714286,0.8571428571428572,0.8571428571428572,1.0,1.0,1.0
site_03087,0,0.9891914952554614,0.8731794161309924,0.6785714285714286,0.8571428571428572,0.8571428571428572,1.0,1.0,1.0
site_02339,0,0.7110228779174749,0.8469311477867485,0.6785714285714286,0.7142857142857143,0.8571428571428572,1.0,1.0,1.0
site_07213,0,0.9117895263664103,0.7580986695515779,0.6785714285714286,0.8571428571428572,0.8571428571428572,1.0,1.0,1.0
site_10048,0,0.9739798815680555,0.05392337538496128,0.6785714285714286,0.8571428571428572,0.8571428571428572,1.0,1.0,1.0
site_02638,0,0.9538774743416728,0.7960830164383379,0.6785714285714286,0.8571428571428572,0.8571428571428572,1.0,1.0,1.0
site_19455,1,0.9336810052610852,0.9629995134556202,0.6785714285714286,0.8571428571428572,0.8571428571428572,1.0,1.0,1.0
site_17627,0,0.9487248586665312,0.767104245154014,0.6357142857142858,1.0,0.8571428571428572,1.0,0.7142857142857143,1.0
site_17053,0,0.9651418862302685,0.7637622091212604,0.6785714285714286,0.8571428571428572,0.8571428571428572,1.0,1.0,1.0
site_10632,0,0.9449455102949854,0.907282649006292,0.6785714285714286,0.8571428571428572,0.8571428571428572,1.0,1.0,1.0
site_14845,0,0.9670558955582715,0.7161656118192641,0.6785714285714286,0.8571428571428572,0.8571428571428572,1.0,1.0,1.0
site_05987,0,0.9823427706516403,0.7808575454397968,0.6785714285714286,0.8571428571428572,0.8571428571428572,1.0,1.0,1.0
site_20448,0,0.9907714082112489,0.7520250373328863,0.6785714285714286,0.8571428571428572,0.8571428571428572,1.0,1.0,1.0
site_18575,0,0.9899740164094306,0.7785127887521534,0.6785714285714286,0.8571428571428572,0.8571428571428572,1.0,1.0,1.0
site_03461,0,0.9943372787225245,0.9070073626870654,0.6785714285714286,0.8571428571428572,0.8571428571428572,1.0,1.0,1.0
site_07443,0,0.997313830768827,0.6546028808284814,0.6785714285714286,0.8571428571428572,0.8571428571428572,1.0,1.0,1.0
site_07664,0,0.9945537763535637,0.6446574695731795,0.6785714285714286,0.8571428571428572,0.8571428571428572,1.0,1.0,1.0
site_18061,0,0.982553765258095,0.7393578648106088,0.6785714285714286,0.8571428571428572,0.8571428571428572,1.0,1.0,1.0
site_12062,0,0.969913053254792,0.5297358132338363,0.6785714285714286,0.8571428571428572,0.8571428571428572,1.0,1.0,1.0
site_19454,1,0.9557413267861573,0.9543240787442128,0.6785714285714286,0.8571428571428572,0.8571428571428572,1.0,1.0,1.0
site_06213,0,0.9828960668001759,0.7199378237882865,0.6785714285714286,0.8571428571428572,0.8571428571428572,1.0,1.0,1.0
site_15922,0,0.9897610862435503,0.6207518237254974,0.6785714285714286,0.8571428571428572,0.8571428571428572,1.0,1.0,1.0
site_03643,0,0.9115208282438739,0.7198210671643048,0.6785714285714286,0.8571428571428572,0.8571428571428572,1.0,1.0,1.0
site_20231,0,0.9824207761182713,0.6856432629512348,0.6785714285714286,0.8571428571428572,0.8571428571428572,1.0,1.0,1.0
site_06352,0,0.9397811769405491,0.6624679653707335,0.6785714285714286,0.8571428571428572,0.8571428571428572,1.0,1.0,1.0
site_02694,0,0.8404099621421715,0.7918839728605586,0.6785714285714286,0.8571428571428572,0.8571428571428572,1.0,1.0,1.0
site_15264,0,0.9747486134911599,0.6711730648147605,0.6785714285714286,0.8571428571428572,0.8571428571428572,1.0,1.0,1.0
site_18715,0,0.9920937250333326,0.7653728572448275,0.6785714285714286,0.8571428571428572,0.8571428571428572,1.0,1.0,1.0
site_19367,0,0.9804342736627524,0.7924999494678904,0.6785714285714286,0.8571428571428572,0.8571428571428572,1.0,1.0,1.0
site_17845,0,0.9612702494911136,0.7002040558651907,0.6785714285714286,0.8571428571428572,0.8571428571428572,1.0,1.0,1.0
site_04553,0,0.8654392082774313,0.7288401441912541,0.6785714285714286,0.8571428571428572,0.8571428571428572,1.0,1.0,1.0
site_07306,0,0.9747769128975456,0.6801582849880089,0.6785714285714286,0.8571428571428572,0.8571428571428572,1.0,1.0,1.0
site_16272,0,0.9703014039724669,0.5751795251214397,0.6785714285714286,0.8571428571428572,0.8571428571428572,1.0,1.0,1.0
site_05852,0,0.9742271991174177,0.5412694552960043,0.6785714285714286,0.8571428571428572,0.8571428571428572,1.0,1.0,1.0
site_08345,0,0.8605786031316137,0.405975555397426,0.6785714285714286,0.8571428571428572,0.8571428571428572,1.0,1.0,1.0
site_18698,1,0.9292818717598101,0.9132025038381709,0.6357142857142858,1.0,0.8571428571428572,1.0,0.7142857142857143,1.0
site_03931,0,0.9746502259690182,0.8040791088341839,0.6785714285714286,0.8571428571428572,0.8571428571428572,1.0,1.0,1.0
site_07656,0,0.9927814419650207,0.6746197203045872,0.6785714285714286,0.8571428571428572,0.8571428571428572,1.0,1.0,1.0
site_11431,0,0.607616835806617,0.9468219665228317,0.7428571428571429,0.8571428571428572,0.8571428571428572,1.0,1.0,1.0
site_02335,0,0.8652543185739904,0.8117985381044048,0.6785714285714286,0.5714285714285714,1.0,1.0,1.0,1.0
site_19940,0,0.7058288274851198,0.9707564697998335,0.7571428571428572,0.8571428571428572,0.8571428571428572,1.0,1.0,0.7142857142857143
site_12522,0,0.8322569312923275,0.953278917012394,0.7428571428571429,0.8571428571428572,0.8571428571428572,1.0,1.0,1.0
site_19142,0,0.9961509391211382,0.683175578588741,0.6785714285714286,0.8571428571428572,0.8571428571428572,1.0,1.0,1.0
site_08061,0,0.9886750101312285,0.5841134323371955,0.6785714285714286,0.8571428571428572,0.8571428571428572,1.0,1.0,1.0
site_00615,0,0.9731124808239899,0.8308014891851133,0.6785714285714286,0.8571428571428572,0.8571428571428572,1.0,1.0,1.0
site_07729,0,0.9911819172653897,0.5847940134876426,0.6785714285714286,0.8571428571428572,0.8571428571428572,1.0,1.0,1.0
site_17087,0,0.9691709292193452,0.612391957388142,0.6785714285714286,0.8571428571428572,0.8571428571428572,1.0,1.0,1.0
site_09037,0,0.9915532270496229,0.2701645128580401,0.6785714285714286,0.8571428571428572,0.8571428571428572,1.0,1.0,1.0
site_06864,0,0.9971685299155296,0.7213853498703976,0.6785714285714286,0.8571428571428572,0.8571428571428572,1.0,1.0,1.0
site_11279,1,0.9874791837010799,0.9590010675041921,0.7428571428571429,0.8571428571428572,0.8571428571428572,1.0,1.0,1.0
site_02754,0,0.9832258272584711,0.8249693474295923,0.6785714285714286,0.8571428571428572,0.8571428571428572,1.0,1.0,1.0
site_10294,0,0.9830134857709146,0.08397028466896017,0.6785714285714286,0.8571428571428572,0.8571428571428572,1.0,1.0,1.0
site_13231,0,0.9756927342966555,0.9035885339153282,0.6785714285714286,0.8571428571428572,0.8571428571428572,1.0,1.0,1.0
site_04687,0,0.9559891417314451,0.7622749966833178,0.6785714285714286,0.8571428571428572,0.8571428571428572,1.0,1.0,1.0
site_15724,0,0.9929066306513268,0.649315646701871,0.6785714285714286,0.8571428571428572,0.8571428571428572,1.0,1.0,1.0
site_21241,0,0.9503072930657092,0.8371304058305279,0.6785714285714286,0.8571428571428572,0.8571428571428572,1.0,1.0,1.0
site_08926,0,0.9507960115746975,0.14008602190287422,0.6785714285714286,0.8571428571428572,0.8571428571428572,1.0,1.0,1.0
site_17561,0,0.9902698458962355,0.837992274738659,0.6785714285714286,0.8571428571428572,0.8571428571428572,1.0,1.0,1.0
site_09530,0,0.9919886124202125,0.8313992947107608,0.6785714285714286,0.8571428571428572,0.8571428571428572,1.0,1.0,1.0
site_19400,0,0.9963082547872514,0.6741585887456534,0.6785714285714286,0.8571428571428572,0.8571428571428572,1.0,1.0,1.0
site_21403,0,0.9834647784965913,0.9065356487418501,0.6785714285714286,0.8571428571428572,0.8571428571428572,1.0,1.0,1.0
site_19113,1,0.9731756929533744,0.9155594332101225,0.6785714285714286,0.8571428571428572,0.8571428571428572,1.0,1.0,1.0
site_04676,0,0.9867808817369986,0.7503589924071787,0.6785714285714286,0.8571428571428572,0.8571428571428572,1.0,1.0,1.0
site_20764,0,0.9764376918122625,0.7477706963033399,0.6785714285714286,0.8571428571428572,0.8571428571428572,1.0,1.0,1.0
site_02314,0,0.9783768783160474,0.7804339378684623,0.6785714285714286,0.8571428571428572,0.8571428571428572,1.0,1.0,1.0
site_18851,0,0.968060426682395,0.7423282135155842,0.6785714285714286,0.8571428571428572,0.8571428571428572,1.0,1.0,1.0
site_15721,0,0.9451118305505392,0.6501057749756802,0.6785714285714286,0.8571428571428572,0.8571428571428572,1.0,1.0,1.0
site_02052,1,0.9295855999684289,0.9544996258680613,0.6785714285714286,0.8571428571428572,0.8571428571428572,1.0,1.0,1.0
site_07787,0,0.9918922685060495,0.5538169127174986,0.6785714285714286,0.8571428571428572,0.8571428571428572,1.0,1.0,1.0
site_08705,0,0.9895588752393014,0.3093143593799499,0.6785714285714286,0.8571428571428572,0.8571428571428572,1.0,1.0,1.0
site_08339,0,0.9872751796497212,0.44349588512183036,0.6785714285714286,0.8571428571428572,0.8571428571428572,1.0,1.0,1.0
site_12077,0,0.8562608041101492,0.6561732925996413,0.6785714285714286,0.8571428571428572,0.8571428571428572,1.0,1.0,1.0
site_04286,0,0.9718977300623445,0.7167294802203639,0.6785714285714286,0.8571428571428572,0.8571428571428572,1.0,1.0,1.0
site_10330,0,0.9849922469201841,0.2536628744893459,0.6785714285714286,0.8571428571428572,0.8571428571428572,1.0,1.0,1.0
site_01062,0,0.4839418091327824,0.9695595630548708,0.6357142857142858,0.4285714285714286,0.8571428571428572,1.0,0.7142857142857143,0.5714285714285714
site_02698,0,0.9554860341358316,0.8230185401072327,0.6785714285714286,0.8571428571428572,0.8571428571428572,1.0,1.0,1.0
site_13565,0,0.9844290820266463,0.8741443937378504,0.6785714285714286,0.8571428571428572,0.8571428571428572,1.0,1.0,1.0
site_13951,0,0.9457859231185513,0.7020664555556659,0.6785714285714286,0.8571428571428572,0.8571428571428572,1.0,1.0,1.0
site_13017,0,0.9818946411405015,0.3422975171051067,0.6785714285714286,0.8571428571428572,0.8571428571428572,1.0,1.0,1.0
site_13881,0,0.9846344664914164,0.8459322667523012,0.6785714285714286,0.8571428571428572,0.8571428571428572,1.0,1.0,1.0
site_20438,0,0.9689323226188513,0.6741947804634184,0.6785714285714286,0.8571428571428572,0.8571428571428572,1.0,1.0,1.0
site_13972,0,0.9674703511789602,0.8181880458836375,0.6785714285714286,0.8571428571428572,0.8571428571428572,1.0,1.0,1.0
site_18079,0,0.6325749785423025,0.7968875314585611,0.41428571428571437,0.1428571428571429,1.0,0.1428571428571429,0.7142857142857143,0.7142857142857143
site_07517,0,0.9856473397090028,0.618169473026833,0.6785714285714286,0.8571428571428572,0.8571428571428572,1.0,1.0,1.0
site_20459,0,0.984938741462972,0.823896144597944,0.6785714285714286,0.8571428571428572,0.8571428571428572,1.0,1.0,1.0
site_05403,0,0.936881105339381,0.6276568512194936,0.6785714285714286,0.8571428571428572,0.8571428571428572,1.0,1.0,1.0
site_14423,0,0.9872753109846004,0.638327933964483,0.6785714285714286,0.8571428571428572,0.8571428571428572,1.0,1.0,1.0
site_18455,0,0.9867796969287266,0.7497730730040624,0.6785714285714286,0.8571428571428572,0.8571428571428572,1.0,1.0,1.0
site_13258,0,0.9845968041190314,0.4196503258513633,0.6785714285714286,0.8571428571428572,0.8571428571428572,1.0,1.0,1.0
site_09044,0,0.9935435819949322,0.2254924963154843,0.6785714285714286,0.8571428571428572,0.8571428571428572,1.0,1.0,1.0
site_06549,0,0.9955232112584387,0.7660798319811657,0.6785714285714286,0.8571428571428572,0.8571428571428572,1.0,1.0,1.0
site_19544,0,0.9501769976880888,0.6499299057002672,0.6785714285714286,0.8571428571428572,0.8571428571428572,1.0,1.0,1.0
site_04523,0,0.9783480815137361,0.7264541443342172,0.6785714285714286,0.8571428571428572,0.8571428571428572,1.0,1.0,1.0
site_01159,0,0.9402447536689712,0.8848274399117533,0.6785714285714286,0.8571428571428572,0.8571428571428572,1.0,1.0,1.0
site_03197,0,0.9383645523606567,0.8601683024633772,0.6785714285714286,0.8571428571428572,0.8571428571428572,1.0,1.0,1.0
site_00771,0,0.9330722299063372,0.856204860132896,0.6785714285714286,0.8571428571428572,0.8571428571428572,1.0,1.0,1.0
site_20473,1,0.9991646412988672,0.9174835605134944,0.6785714285714286,0.8571428571428572,0.8571428571428572,1.0,1.0,1.0
site_20902,1,0.9818813288135952,0.9531136886420501,0.6785714285714286,0.8571428571428572,0.8571428571428572,1.0,1.0,1.0
site_11894,0,0.9803660242353054,0.1602044810213622,0.6785714285714286,0.8571428571428572,0.8571428571428572,1.0,1.0,1.0
site_16173,0,0.9633948752556354,0.8679024554653458,0.6785714285714286,0.8571428571428572,0.8571428571428572,1.0,1.0,1.0
site_02489,0,0.6351341942165142,0.9755252102511125,0.4642857142857143,1.0,0.0,1.0,1.0,0.1428571428571429
site_05704,0,0.9773535150742784,0.9038510493417604,0.6785714285714286,0.8571428571428572,0.8571428571428572,1.0,1.0,1.0
site_12149,0,0.9924025259352295,0.18371728558915412,0.6785714285714286,0.8571428571428572,0.8571428571428572,1.0,1.0,1.0
site_05261,0,0.9733863913577611,0.6422617947709737,0.6785714285714286,0.8571428571428572,0.8571428571428572,1.0,1.0,1.0
site_06596,0,0.9793906792608656,0.8254874793865047,0.6785714285714286,0.8571428571428572,0.8571428571428572,1.0,1.0,1.0
site_08086,0,0.7067965550365648,0.44387036993815665,0.6785714285714286,0.8571428571428572,0.8571428571428572,1.0,1.0,1.0
site_01977,0,0.6159929682895828,0.8078763019524001,0.6785714285714286,0.7142857142857143,0.8571428571428572,1.0,1.0,1.0
site_16329,0,0.9666611234033107,0.5681392241676361,0.6785714285714286,0.8571428571428572,0.8571428571428572,1.0,1.0,1.0
site_00941,0,0.9600150494495754,0.8168578252381178,0.6785714285714286,0.8571428571428572,0.8571428571428572,1.0,1.0,1.0
site_03801,0,0.9946277099732123,0.8363497118482066,0.6785714285714286,0.8571428571428572,0.8571428571428572,1.0,1.0,1.0
site_06482,0,0.991941856271758,0.7274800112164967,0.6785714285714286,0.8571428571428572,0.8571428571428572,1.0,1.0,1.0
site_15460,0,0.9682883010809148,0.6726107011744571,0.6785714285714286,0.8571428571428572,0.8571428571428572,1.0,1.0,1.0
site_06635,0,0.9828959736548715,0.6869099501523643,0.6785714285714286,0.8571428571428572,0.8571428571428572,1.0,1.0,1.0
site_15253,0,0.7628216076360907,0.8099357534941999,0.6785714285714286,0.8571428571428572,0.8571428571428572,1.0,1.0,1.0
site_02325,0,0.9803653852585171,0.7306091259221263,0.6785714285714286,0.8571428571428572,0.8571428571428572,1.0,1.0,1.0
site_06569,0,0.9590170981097554,0.6099245390238555,0.6785714285714286,0.8571428571428572,0.8571428571428572,1.0,1.0,1.0
site_03230,0,0.981114986999002,0.6811250831459021,0.6785714285714286,0.8571428571428572,0.8571428571428572,1.0,1.0,1.0
site_20779,0,0.9377088988371055,0.8465878883876752,0.6785714285714286,0.8571428571428572,0.8571428571428572,1.0,1.0,1.0
site_21262,1,0.9362026945550563,0.9837803722687595,0.8214285714285715,0.8571428571428572,0.7142857142857143,1.0,1.0,0.7142857142857143
site_05006,0,0.9777640343744027,0.6446877673889767,0.6785714285714286,0.8571428571428572,0.8571428571428572,1.0,1.0,1.0
site_05712,0,0.9837858913448251,0.8357290349928335,0.6785714285714286,0.8571428571428572,0.8571428571428572,1.0,1.0,1.0
site_04086,0,0.8991876447776096,0.6474561591291759,0.6785714285714286,0.8571428571428572,0.8571428571428572,1.0,1.0,1.0
site_08556,0,0.8333342275282557,0.4098785756740839,0.6785714285714286,0.8571428571428572,0.8571428571428572,1.0,1.0,1.0
site_16098,0,0.9882158801596388,0.7968972916185668,0.6785714285714286,0.8571428571428572,0.8571428571428572,1.0,1.0,1.0
site_16741,1,0.9156396167337492,0.9632040739836031,0.6785714285714286,0.7142857142857143,0.8571428571428572,1.0,1.0,1.0
site_20201,1,0.9623587380668197,0.9682398884241576,0.6785714285714286,0.8571428571428572,0.8571428571428572,1.0,1.0,1.0
site_17447,0,0.9395768757556693,0.6623327546720302,0.6785714285714286,0.8571428571428572,0.8571428571428572,1.0,1.0,1.0
site_08691,0,0.995434617499329,0.39416984446676806,0.6785714285714286,0.8571428571428572,0.8571428571428572,1.0,1.0,1.0
site_19995,1,0.9906555773679504,0.9792014767920652,0.6785714285714286,0.8571428571428572,0.8571428571428572,1.0,1.0,1.0
site_03272,1,0.981178653677472,0.9257701558310607,0.6785714285714286,0.8571428571428572,0.8571428571428572,1.0,1.0,1.0
site_18597,0,0.9903854578480686,0.6878902780810883,0.6785714285714286,0.8571428571428572,0.8571428571428572,1.0,1.0,1.0
site_01228,0,0.9732181690750913,0.8288496196947823,0.6785714285714286,0.8571428571428572,0.8571428571428572,1.0,1.0,1.0
site_07658,0,0.9734316972338259,0.6683737872099138,0.6785714285714286,0.8571428571428572,0.8571428571428572,1.0,1.0,1.0
site_04690,0,0.9883264082407573,0.7583120626490201,0.6785714285714286,0.8571428571428572,0.8571428571428572,1.0,1.0,1.0
site_05769,0,0.9799822301859222,0.8670396834106137,0.6785714285714286,0.8571428571428572,0.8571428571428572,1.0,1.0,1.0
site_11689,0,0.600853026188108,0.8922849803309947,0.6785714285714286,0.5714285714285714,1.0,1.0,1.0,1.0
site_16547,1,0.8799927522520895,0.9452320390253425,0.6785714285714286,0.5714285714285714,1.0,1.0,1.0,1.0
site_06599,0,0.8278651972540347,0.8347251274434386,0.6785714285714286,0.8571428571428572,0.8571428571428572,1.0,1.0,1.0
site_07303,0,0.9841610266067103,0.6960087439216971,0.6785714285714286,0.8571428571428572,0.8571428571428572,1.0,1.0,1.0
site_01298,0,0.9761181605712975,0.8115956921053226,0.6785714285714286,0.8571428571428572,0.8571428571428572,1.0,1.0,1.0
site_03859,0,0.9388588260556001,0.7765719293998674,0.6785714285714286,0.8571428571428572,0.8571428571428572,1.0,1.0,1.0
site_00918,0,0.9826316496358302,0.842025624762891,0.6785714285714286,0.8571428571428572,0.8571428571428572,1.0,1.0,1.0
site_08059,0,0.9878222350628613,0.591912477074124,0.6785714285714286,0.8571428571428572,0.8571428571428572,1.0,1.0,1.0
site_15496,0,0.9714871418346949,0.6710451770046475,0.6785714285714286,0.8571428571428572,0.8571428571428572,1.0,1.0,1.0
site_11897,0,0.9745398189767954,0.18711611011912455,0.6785714285714286,0.8571428571428572,0.8571428571428572,1.0,1.0,1.0
site_15634,0,0.9415453527318788,0.6520883214115796,0.6785714285714286,0.8571428571428572,0.8571428571428572,1.0,1.0,1.0
site_03224,0,0.9883264604021278,0.6358483086044502,0.6785714285714286,0.8571428571428572,0.8571428571428572,1.0,1.0,1.0
site_01243,1,0.9720498475218818,0.9268633780838724,0.6785714285714286,0.8571428571428572,0.8571428571428572,1.0,1.0,1.0
site_14543,0,0.9958611745579666,0.7770150305750374,0.6785714285714286,0.8571428571428572,0.8571428571428572,1.0,1.0,1.0
site_04260,0,0.9643722750154904,0.7937854932107213,0.6785714285714286,0.8571428571428572,0.8571428571428572,1.0,1.0,1.0
site_18091,0,0.9591329745942531,0.7554369681148728,0.6785714285714286,0.8571428571428572,0.8571428571428572,1.0,1.0,1.0
site_17436,0,0.6872957435248663,0.7623906593587733,0.47857142857142865,0.2857142857142857,1.0,0.1428571428571429,1.0,0.7142857142857143
site_17918,0,0.9707208484556598,0.689363834306244,0.6785714285714286,0.8571428571428572,0.8571428571428572,1.0,1.0,1.0
site_02230,0,0.7179676725882639,0.9789964104981761,0.6785714285714286,0.7142857142857143,0.8571428571428572,1.0,1.0,1.0
site_07541,0,0.9167642680424393,0.4463559879972905,0.6785714285714286,0.8571428571428572,0.8571428571428572,1.0,1.0,1.0
site_19470,0,0.9803046619716664,0.6646350696060292,0.6785714285714286,0.8571428571428572,0.8571428571428572,1.0,1.0,1.0
site_01138,1,0.9058189868699994,0.9916171268859353,0.6357142857142858,0.4285714285714286,0.8571428571428572,1.0,0.7142857142857143,0.5714285714285714
site_05975,0,0.9686747870295953,0.8757414660459797,0.6785714285714286,0.8571428571428572,0.8571428571428572,1.0,1.0,1.0
site_04622,0,0.9425933193743544,0.7312300595453443,0.6785714285714286,0.8571428571428572,0.8571428571428572,1.0,1.0,1.0
site_09866,0,0.9862122436253739,0.8886303555476217,0.7428571428571429,0.8571428571428572,0.8571428571428572,1.0,1.0,1.0
site_19752,0,0.9890340787595561,0.6173551692434602,0.6785714285714286,0.8571428571428572,0.8571428571428572,1.0,1.0,1.0
site_19462,0,0.6472006095309494,0.9973159070156757,0.7571428571428572,0.8571428571428572,0.8571428571428572,1.0,1.0,0.7142857142857143
site_02640,0,0.9787895176033001,0.812235714174053,0.6785714285714286,0.8571428571428572,0.8571428571428572,1.0,1.0,1.0
site_07674,0,0.9897917263914359,0.5917181444333455,0.6785714285714286,0.8571428571428572,0.8571428571428572,1.0,1.0,1.0
site_03301,0,0.9731211452002061,0.7412219040840042,0.6785714285714286,0.8571428571428572,0.8571428571428572,1.0,1.0,1.0
site_05350,0,0.9847536719890937,0.6189907988443941,0.6785714285714286,0.8571428571428572,0.8571428571428572,1.0,1.0,1.0
site_18247,0,0.946716824742445,0.7599989472860526,0.6785714285714286,0.8571428571428572,0.8571428571428572,1.0,1.0,1.0
site_11091,0,0.9203568302721464,0.5908853878062894,0.6785714285714286,0.8571428571428572,0.8571428571428572,1.0,1.0,1.0
site_04349,0,0.9978683305875587,0.7086053064694093,0.6785714285714286,0.8571428571428572,0.8571428571428572,1.0,1.0,1.0
site_20605,1,0.9525074037849244,0.9144560776961909,0.6785714285714286,0.8571428571428572,0.8571428571428572,1.0,1.0,1.0
site_09465,0,0.9699795832199196,0.10717325163562852,0.6785714285714286,0.8571428571428572,0.8571428571428572,1.0,1.0,1.0
site_10833,0,0.7649646351869517,0.576470230402066,0.5642857142857143,0.4285714285714286,1.0,1.0,0.2857142857142857,0.7142857142857143
site_15449,0,0.9917711684328805,0.6789790468163159,0.6785714285714286,0.8571428571428572,0.8571428571428572,1.0,1.0,1.0
site_05603,1,0.9471662210297239,0.9363966646016958,0.6785714285714286,0.8571428571428572,0.8571428571428572,1.0,1.0,1.0
site_15691,0,0.9434687734614393,0.8562397084701855,0.55,1.0,0.0,1.0,1.0,1.0
site_18451,0,0.9854753552874879,0.7162391056304591,0.6785714285714286,0.8571428571428572,0.8571428571428572,1.0,1.0,1.0
site_08043,0,0.982779256999728,0.333485209730068,0.6785714285714286,0.8571428571428572,0.8571428571428572,1.0,1.0,1.0
site_07368,0,0.9904824481906442,0.6977507118035352,0.6785714285714286,0.8571428571428572,0.8571428571428572,1.0,1.0,1.0
site_09936,0,0.9364786729145854,0.2088556193382486,0.55,1.0,0.0,1.0,1.0,1.0
site_20566,0,0.9727362743911039,0.6415644258080219,0.6785714285714286,0.8571428571428572,0.8571428571428572,1.0,1.0,1.0
site_12182,0,0.9871811410818423,0.4750005415403018,0.6785714285714286,0.8571428571428572,0.8571428571428572,1.0,1.0,1.0
site_15311,0,0.9900321036841665,0.6640087292556699,0.6785714285714286,0.8571428571428572,0.8571428571428572,1.0,1.0,1.0
site_12362,0,0.5554750183995509,0.8518048915226133,0.6785714285714286,0.5714285714285714,1.0,1.0,1.0,1.0
site_01963,0,0.9821121782731379,0.8017423954870271,0.6785714285714286,0.8571428571428572,0.8571428571428572,1.0,1.0,1.0
site_03342,1,0.9270205124142273,0.9529225917969252,0.6785714285714286,0.8571428571428572,0.8571428571428572,1.0,1.0,1.0
site_13781,0,0.9866046415065253,0.8563120173615723,0.6785714285714286,0.8571428571428572,0.8571428571428572,1.0,1.0,1.0
site_05799,0,0.8805699327195817,0.6775198380743663,0.6785714285714286,0.8571428571428572,0.8571428571428572,1.0,1.0,1.0
site_20044,0,0.9640689268397137,0.8642937689250784,0.6785714285714286,0.8571428571428572,0.8571428571428572,1.0,1.0,1.0
site_11687,0,0.957704483302579,0.8864216606629245,0.6785714285714286,0.5714285714285714,1.0,1.0,1.0,1.0
site_00325,0,0.8952230676537147,0.8371658801273848,0.6785714285714286,0.8571428571428572,0.8571428571428572,1.0,1.0,1.0
site_05649,1,0.9855360748485263,0.9321441613016976,0.6785714285714286,0.8571428571428572,0.8571428571428572,1.0,1.0,1.0
site_13171,0,0.9873384215856031,0.6435141464230067,0.6785714285714286,0.8571428571428572,0.8571428571428572,1.0,1.0,1.0
site_08759,0,0.9845968441715123,0.23554457058865186,0.6785714285714286,0.8571428571428572,0.8571428571428572,1.0,1.0,1.0
site_14002,0,0.9669143817601882,0.8303397919414444,0.6785714285714286,0.8571428571428572,0.8571428571428572,1.0,1.0,1.0
site_20619,0,0.8418745640054591,0.9685116757834599,0.7571428571428572,0.8571428571428572,0.8571428571428572,1.0,1.0,0.7142857142857143
site_18934,0,0.9660288493511662,0.7276567157931886,0.6785714285714286,0.8571428571428572,0.8571428571428572,1.0,1.0,1.0
site_19363,0,0.9774352016433395,0.756080768854335,0.6785714285714286,0.8571428571428572,0.8571428571428572,1.0,1.0,1.0
site_19846,0,0.9903932094003016,0.8574771630042747,0.6785714285714286,0.8571428571428572,0.8571428571428572,1.0,1.0,1.0
site_02876,0,0.9675438390983272,0.8687189651548715,0.6785714285714286,0.8571428571428572,0.8571428571428572,1.0,1.0,1.0
site_02326,0,0.974155618813885,0.7314819633161767,0.6785714285714286,0.8571428571428572,0.8571428571428572,1.0,1.0,1.0
site_02157,0,0.9369817693327624,0.8073208826400933,0.6785714285714286,0.5714285714285714,1.0,1.0,1.0,1.0
site_13735,0,0.9628144235250523,0.6740597580124931,0.6785714285714286,0.8571428571428572,0.8571428571428572,1.0,1.0,1.0
site_15639,0,0.9669093481879378,0.6544748458622787,0.6785714285714286,0.8571428571428572,0.8571428571428572,1.0,1.0,1.0
site_07321,0,0.9833470353801932,0.5827048531694048,0.6785714285714286,0.8571428571428572,0.8571428571428572,1.0,1.0,1.0
site_16255,1,0.946063224141403,0.9995319028847959,0.6785714285714286,0.5714285714285714,1.0,1.0,1.0,1.0
site_03400,1,0.9552686553502127,0.9358977133193914,0.6785714285714286,0.8571428571428572,0.8571428571428572,1.0,1.0,1.0
site_21418,0,0.824139146625672,0.8939601763758902,0.6357142857142858,1.0,0.8571428571428572,1.0,0.7142857142857143,1.0
site_11920,0,0.9943372787225245,0.39221695053249106,0.6785714285714286,0.8571428571428572,0.8571428571428572,1.0,1.0,1.0
site_12651,0,0.9918922871351104,0.26385321075315993,0.6785714285714286,0.8571428571428572,0.8571428571428572,1.0,1.0,1.0
site_02263,0,0.9824683808204488,0.7648177723880809,0.6785714285714286,0.8571428571428572,0.8571428571428572,1.0,1.0,1.0
site_05825,1,0.9194063904891997,0.9338286780509764,0.6785714285714286,0.8571428571428572,0.8571428571428572,1.0,1.0,1.0
site_12620,1,0.9949747120930802,0.9150723946697483,0.6785714285714286,0.8571428571428572,0.8571428571428572,1.0,1.0,1.0
site_12721,0,0.985639972846877,0.8012494486810705,0.6785714285714286,0.8571428571428572,0.8571428571428572,1.0,1.0,1.0
site_06959,0,0.9853160283813892,0.794430391812432,0.6785714285714286,0.8571428571428572,0.8571428571428572,1.0,1.0,1.0
site_21158,1,0.9339586527844693,0.9670418985257995,0.6785714285714286,0.8571428571428572,0.8571428571428572,1.0,1.0,1.0
site_02342,0,0.7745654719387922,0.8728003465644589,0.6785714285714286,0.7142857142857143,0.8571428571428572,1.0,1.0,1.0
site_14953,0,0.9790026172936345,0.708139275890195,0.6785714285714286,0.8571428571428572,0.8571428571428572,1.0,1.0,1.0
site_11039,0,0.9828959736548715,0.1134007104198822,0.6785714285714286,0.8571428571428572,0.8571428571428572,1.0,1.0,1.0
site_16245,0,0.6497802426558876,0.926023514029792,0.6785714285714286,0.5714285714285714,1.0,1.0,1.0,1.0
site_17787,0,0.965569833016848,0.7651851587627737,0.6785714285714286,0.8571428571428572,0.8571428571428572,1.0,1.0,1.0
site_00589,1,0.9781891569953525,0.9096275922276508,0.6785714285714286,0.8571428571428572,0.8571428571428572,1.0,1.0,1.0
site_03623,0,0.9241648636716383,0.8459919072871347,0.6785714285714286,0.5714285714285714,1.0,1.0,1.0,1.0
site_00482,0,0.8863882280788413,0.8762888130501403,0.6785714285714286,0.5714285714285714,1.0,1.0,1.0,1.0
site_15875,0,0.9762981713236935,0.6516980786648152,0.6785714285714286,0.8571428571428572,0.8571428571428572,1.0,1.0,1.0
site_17851,0,0.7637211379214593,0.7444830730426075,0.41428571428571437,0.1428571428571429,1.0,0.1428571428571429,0.7142857142857143,0.7142857142857143
site_04629,0,0.9766567844714825,0.7589805387716662,0.6785714285714286,0.8571428571428572,0.8571428571428572,1.0,1.0,1.0
site_20165,0,0.9935097115678897,0.7143626545641095,0.6785714285714286,0.8571428571428572,0.8571428571428572,1.0,1.0,1.0
site_04979,0,0.9850994553026534,0.7054635121706558,0.6785714285714286,0.8571428571428572,0.8571428571428572,1.0,1.0,1.0
site_20337,1,0.9587946522195766,0.9428617127400819,0.6785714285714286,0.8571428571428572,0.8571428571428572,1.0,1.0,1.0
site_12714,0,0.983860139329876,0.7668270269414953,0.6785714285714286,0.8571428571428572,0.8571428571428572,1.0,1.0,1.0
site_09890,0,0.9554350687510708,0.8054523364629718,0.6785714285714286,0.8571428571428572,0.8571428571428572,1.0,1.0,1.0
site_13684,0,0.9762182060798578,0.8685917396650018,0.6785714285714286,0.8571428571428572,0.8571428571428572,1.0,1.0,1.0
site_18465,0,0.9746171910553563,0.8315364257465395,0.6785714285714286,0.8571428571428572,0.8571428571428572,1.0,1.0,1.0
site_12871,1,0.9761392840634315,0.927859557356663,0.6785714285714286,0.8571428571428572,0.8571428571428572,1.0,1.0,1.0
site_06233,0,0.8911355983409942,0.7943412694866729,0.6785714285714286,0.8571428571428572,0.8571428571428572,1.0,1.0,1.0
site_20804,0,0.7547355668891782,0.9857219617633731,0.5857142857142859,0.2857142857142857,1.0,1.0,0.5714285714285714,0.7142857142857143
site_10316,0,0.9864516494125795,0.12626447290851095,0.6785714285714286,0.8571428571428572,0.8571428571428572,1.0,1.0,1.0
site_11767,0,0.9872751796497212,0.3141087215625601,0.6785714285714286,0.8571428571428572,0.8571428571428572,1.0,1.0,1.0
site_05789,0,0.9707767393641177,0.5876508024913298,0.6785714285714286,0.8571428571428572,0.8571428571428572,1.0,1.0,1.0
site_18098,0,0.9544894874272021,0.7962489258261077,0.6785714285714286,0.8571428571428572,0.8571428571428572,1.0,1.0,1.0
site_14051,0,0.961863633515761,0.6966489339216742,0.6785714285714286,0.8571428571428572,0.8571428571428572,1.0,1.0,1.0
site_19548,0,0.9768636452893275,0.6413162581921836,0.6785714285714286,0.8571428571428572,0.8571428571428572,1.0,1.0,1.0
site_01510,0,0.9775116888415085,0.8680922744493722,0.6785714285714286,0.8571428571428572,0.8571428571428572,1.0,1.0,1.0
site_14920,0,0.9851148214835218,0.6929980502734181,0.6785714285714286,0.8571428571428572,0.8571428571428572,1.0,1.0,1.0
site_21058,1,0.968251888718515,0.9174325996733427,0.6785714285714286,0.8571428571428572,0.8571428571428572,1.0,1.0,1.0
site_20707,0,0.9689480809414514,0.7546065651120359,0.6785714285714286,0.8571428571428572,0.8571428571428572,1.0,1.0,1.0
site_11659,0,0.9488002169436107,0.6673475030463827,0.6785714285714286,0.8571428571428572,0.8571428571428572,1.0,1.0,1.0
site_11043,0,0.993732526313474,0.14964318106758145,0.6785714285714286,0.8571428571428572,0.8571428571428572,1.0,1.0,1.0
site_16739,1,0.8459515712375885,0.9814196147569154,0.6785714285714286,0.7142857142857143,0.8571428571428572,1.0,1.0,1.0
site_11435,1,0.9867105877701199,0.9150596881359072,0.7428571428571429,0.8571428571428572,0.8571428571428572,1.0,1.0,1.0
site_14272,0,0.9855981841375067,0.8079486616556422,0.6785714285714286,0.8571428571428572,0.8571428571428572,1.0,1.0,1.0
site_07896,0,0.9813711552151893,0.5690613795426672,0.6785714285714286,0.8571428571428572,0.8571428571428572,1.0,1.0,1.0
site_20484,0,0.7292206685883511,0.9983450369013744,0.5857142857142859,0.2857142857142857,1.0,1.0,0.5714285714285714,0.7142857142857143
site_02780,1,0.8740385318130112,0.9768923921914091,0.55,1.0,0.0,1.0,1.0,1.0
site_00651,0,0.9518663144611706,0.7878866359418154,0.6785714285714286,0.8571428571428572,0.8571428571428572,1.0,1.0,1.0
site_15506,0,0.9860807746169179,0.6748997140369577,0.6785714285714286,0.8571428571428572,0.8571428571428572,1.0,1.0,1.0
site_18103,0,0.9810298186584621,0.8178833953714265,0.6785714285714286,0.8571428571428572,0.8571428571428572,1.0,1.0,1.0
site_13357,0,0.9684846588342345,0.8798529121258359,0.6785714285714286,0.8571428571428572,0.8571428571428572,1.0,1.0,1.0
site_02861,0,0.9739047896865465,0.7775183690365921,0.6785714285714286,0.8571428571428572,0.8571428571428572,1.0,1.0,1.0
site_00777,0,0.6712096537760719,0.9083991767895674,0.6785714285714286,0.7142857142857143,0.8571428571428572,1.0,1.0,1.0
site_15292,0,0.9632173589344917,0.7044997991737971,0.6785714285714286,0.8571428571428572,0.8571428571428572,1.0,1.0,1.0
site_16293,0,0.9841063149178062,0.801744296173595,0.6785714285714286,0.8571428571428572,0.8571428571428572,1.0,1.0,1.0
site_04627,0,0.9810092391349058,0.7524058152421724,0.6785714285714286,0.8571428571428572,0.8571428571428572,1.0,1.0,1.0
site_10363,1,0.8500065067583848,0.9845018382740268,0.7428571428571429,0.8571428571428572,0.8571428571428572,1.0,1.0,1.0
site_15957,0,0.9768705454934782,0.7702562455942447,0.6785714285714286,0.8571428571428572,0.8571428571428572,1.0,1.0,1.0
site_19486,0,0.9600922184713726,0.6264443973763741,0.6785714285714286,0.8571428571428572,0.8571428571428572,1.0,1.0,1.0
site_18826,0,0.9656521473852608,0.8003563942755297,0.6785714285714286,0.8571428571428572,0.8571428571428572,1.0,1.0,1.0
site_08630,0,0.9837858652641398,0.28795505113498376,0.6785714285714286,0.8571428571428572,0.8571428571428572,1.0,1.0,1.0
site_03695,0,0.89747881592616,0.6195181099591319,0.6785714285714286,0.8571428571428572,0.8571428571428572,1.0,1.0,1.0
site_08346,0,0.9340738921550849,0.3994665747322228,0.6785714285714286,0.8571428571428572,0.8571428571428572,1.0,1.0,1.0
site_10585,0,0.9722379190689213,0.5067086591001806,0.6785714285714286,0.8571428571428572,0.8571428571428572,1.0,1.0,1.0
site_20833,0,0.949451265363312,0.8338987833896258,0.6785714285714286,0.8571428571428572,0.8571428571428572,1.0,1.0,1.0
site_11276,0,0.7641727361637345,0.960701886934346,0.7428571428571429,0.8571428571428572,0.8571428571428572,1.0,1.0,1.0
site_12278,0,0.9939936149303666,0.22635548594063337,0.6785714285714286,0.8571428571428572,0.8571428571428572,1.0,1.0,1.0
site_07850,0,0.9629199795098214,0.5087634397870053,0.6785714285714286,0.8571428571428572,0.8571428571428572,1.0,1.0,1.0
site_16166,0,0.9793370275655258,0.8049779811894812,0.6785714285714286,0.8571428571428572,0.8571428571428572,1.0,1.0,1.0
site_01210,0,0.7753234660712044,0.9712823977510608,0.6785714285714286,0.7142857142857143,0.8571428571428572,1.0,1.0,1.0
site_19998,0,0.6992372696151492,0.9937245988409675,0.7571428571428572,0.8571428571428572,0.8571428571428572,1.0,1.0,0.7142857142857143
site_04950,0,0.9820949147224186,0.6720689567628362,0.6785714285714286,0.8571428571428572,0.8571428571428572,1.0,1.0,1.0
site_11352,0,0.9943372787225245,0.5158049414590771,0.6785714285714286,0.8571428571428572,0.8571428571428572,1.0,1.0,1.0
site_19928,1,0.9952708438363979,0.9610725385585097,0.6785714285714286,0.8571428571428572,0.8571428571428572,1.0,1.0,1.0
site_11078,0,0.9478962790224374,0.4656694607176277,0.6785714285714286,0.8571428571428572,0.8571428571428572,1.0,1.0,1.0
site_01068,1,0.9531098936945308,0.9981952674354272,0.6357142857142858,0.4285714285714286,0.8571428571428572,1.0,0.7142857142857143,0.5714285714285714
site_10365,1,0.9960006494053365,0.9885353064507697,0.7428571428571429,0.8571428571428572,0.8571428571428572,1.0,1.0,1.0
site_15379,0,0.9632586372075937,0.6806837992555235,0.6785714285714286,0.8571428571428572,0.8571428571428572,1.0,1.0,1.0
site_05800,0,0.9772124949463084,0.686468375869547,0.6785714285714286,0.8571428571428572,0.8571428571428572,1.0,1.0,1.0
site_14365,0,0.9855348304272594,0.7979159302948589,0.6785714285714286,0.8571428571428572,0.8571428571428572,1.0,1.0,1.0
site_14616,0,0.980321109569519,0.7173320659692943,0.6785714285714286,0.8571428571428572,0.8571428571428572,1.0,1.0,1.0
site_05054,0,0.9657343984148666,0.6320003824495721,0.6785714285714286,0.8571428571428572,0.8571428571428572,1.0,1.0,1.0
site_10132,0,0.997784434611877,0.8784718906534068,0.6785714285714286,0.8571428571428572,0.8571428571428572,1.0,1.0,1.0
site_01638,0,0.9426519971903203,0.8494440509822156,0.6785714285714286,0.8571428571428572,0.8571428571428572,1.0,1.0,1.0
site_08450,0,0.9511380001485555,0.4117093852049246,0.6785714285714286,0.8571428571428572,0.8571428571428572,1.0,1.0,1.0
site_04324,0,0.9642712794248252,0.7705748693411302,0.6785714285714286,0.8571428571428572,0.8571428571428572,1.0,1.0,1.0
site_07722,0,0.9849922711379632,0.6226990256340599,0.6785714285714286,0.8571428571428572,0.8571428571428572,1.0,1.0,1.0
site_11421,0,0.770042529698896,0.970814372641341,0.7428571428571429,0.8571428571428572,0.8571428571428572,1.0,1.0,1.0
site_12816,0,0.9767771021240945,0.637233080103226,0.6785714285714286,0.8571428571428572,0.8571428571428572,1.0,1.0,1.0
site_13588,0,0.9649217615210757,0.8259391878090117,0.55,1.0,0.0,1.0,1.0,1.0
site_19964,0,0.9760848015119763,0.7325944958182644,0.6785714285714286,0.8571428571428572,0.8571428571428572,1.0,1.0,1.0
site_02810,0,0.9153266261560599,0.8121693385209258,0.6785714285714286,0.8571428571428572,0.8571428571428572,1.0,1.0,1.0
site_02278,0,0.8001842458830968,0.8137609265015041,0.6785714285714286,0.7142857142857143,0.8571428571428572,1.0,1.0,1.0
site_07002,0,0.9863337246628379,0.5853465642716154,0.6785714285714286,0.8571428571428572,0.8571428571428572,1.0,1.0,1.0
site_08663,0,0.8845864700200884,0.32219341197350204,0.6785714285714286,0.8571428571428572,0.8571428571428572,1.0,1.0,1.0
site_21482,0,0.9828152986438163,0.8819847067527254,0.6785714285714286,0.8571428571428572,0.8571428571428572,1.0,1.0,1.0
site_09452,0,0.9641594007367927,0.1932977386256387,0.6785714285714286,0.8571428571428572,0.8571428571428572,1.0,1.0,1.0
site_20043,0,0.9787290625749261,0.8574502935633377,0.6785714285714286,0.8571428571428572,0.8571428571428572,1.0,1.0,1.0
site_20973,0,0.9690845425382235,0.7023169737827961,0.6785714285714286,0.8571428571428572,0.8571428571428572,1.0,1.0,1.0
site_20131,1,0.97437304230925,0.9658263603893654,0.6785714285714286,0.8571428571428572,0.8571428571428572,1.0,1.0,1.0
site_19582,0,0.979362804597068,0.8615744248559419,0.6785714285714286,0.8571428571428572,0.8571428571428572,1.0,1.0,1.0
site_00355,0,0.9721700906582502,0.884555305704988,0.6785714285714286,0.8571428571428572,0.8571428571428572,1.0,1.0,1.0
site_19614,0,0.9831779878301263,0.639204673332799,0.6785714285714286,0.8571428571428572,0.8571428571428572,1.0,1.0,1.0
site_01998,0,0.9828431155575251,0.8431195087125116,0.6785714285714286,0.8571428571428572,0.8571428571428572,1.0,1.0,1.0
site_08577,0,0.9732964092678892,0.2727135866118656,0.6785714285714286,0.8571428571428572,0.8571428571428572,1.0,1.0,1.0
site_08247,0,0.9863045673881985,0.3916629471059906,0.6785714285714286,0.8571428571428572,0.8571428571428572,1.0,1.0,1.0
site_11056,0,0.9808619801344464,0.2673020026713696,0.6785714285714286,0.8571428571428572,0.8571428571428572,1.0,1.0,1.0
site_06313,0,0.9637931533998543,0.8744302218755611,0.6785714285714286,0.8571428571428572,0.8571428571428572,1.0,1.0,1.0
site_07903,0,0.9466851925970675,0.5280721377584207,0.6785714285714286,0.8571428571428572,0.8571428571428572,1.0,1.0,1.0
site_16647,0,0.9721666889917332,0.7246849183921237,0.6785714285714286,0.8571428571428572,0.8571428571428572,1.0,1.0,1.0
site_19028,0,0.9881481337168356,0.7533077707172711,0.6785714285714286,0.8571428571428572,0.8571428571428572,1.0,1.0,1.0
site_02528,0,0.7977849718739929,0.8760029391121695,0.6785714285714286,0.7142857142857143,0.8571428571428572,1.0,1.0,1.0
site_21240,0,0.9888643838496236,0.7122468467185821,0.6785714285714286,0.8571428571428572,0.8571428571428572,1.0,1.0,1.0
site_19593,1,0.9819473800118582,0.9542169143285093,0.6785714285714286,0.8571428571428572,0.8571428571428572,1.0,1.0,1.0
site_11544,0,0.928094142450974,0.9091469947917228,0.4642857142857143,1.0,0.0,1.0,1.0,0.1428571428571429
site_13262,0,0.9810089000859977,0.4525194809863713,0.6785714285714286,0.8571428571428572,0.8571428571428572,1.0,1.0,1.0
site_01153,0,0.9917795747966034,0.8370686998744088,0.6785714285714286,0.8571428571428572,0.8571428571428572,1.0,1.0,1.0
site_05347,0,0.9903155597487336,0.6234697632150997,0.6785714285714286,0.8571428571428572,0.8571428571428572,1.0,1.0,1.0
site_18067,0,0.9864053031034644,0.693384916179715,0.6785714285714286,0.8571428571428572,0.8571428571428572,1.0,1.0,1.0
site_07997,0,0.9883264082407573,0.6108431720462641,0.6785714285714286,0.8571428571428572,0.8571428571428572,1.0,1.0,1.0
site_09138,0,0.9151521687267129,0.09454735402011782,0.6785714285714286,0.8571428571428572,0.8571428571428572,1.0,1.0,1.0
site_13927,0,0.998209217485329,0.5744875768333786,0.6785714285714286,0.8571428571428572,0.8571428571428572,1.0,1.0,1.0
site_00455,0,0.9515092177189374,0.8578337710381455,0.6785714285714286,0.8571428571428572,0.8571428571428572,1.0,1.0,1.0
site_05755,1,0.9429416902644707,0.9487618486667263,0.6785714285714286,0.8571428571428572,0.8571428571428572,1.0,1.0,1.0
site_02156,0,0.7245806315233755,0.7982493552127816,0.55,1.0,0.0,1.0,1.0,1.0
site_09984,0,0.4879000523759772,0.9578201872393642,0.7428571428571429,0.8571428571428572,0.8571428571428572,1.0,1.0,1.0
site_18111,0,0.9002878100486764,0.8365936380982724,0.6785714285714286,0.8571428571428572,0.8571428571428572,1.0,1.0,1.0
site_14094,0,0.9929252247827196,0.8322418312715227,0.6785714285714286,0.8571428571428572,0.8571428571428572,1.0,1.0,1.0
site_10213,0,0.9791203231519108,0.3814432590505292,0.6785714285714286,0.8571428571428572,0.8571428571428572,1.0,1.0,1.0
site_05948,0,0.9424616193655436,0.7525490395882221,0.6785714285714286,0.8571428571428572,0.8571428571428572,1.0,1.0,1.0
site_07643,0,0.9774066581962563,0.436887052647253,0.6785714285714286,0.8571428571428572,0.8571428571428572,1.0,1.0,1.0
site_05458,0,0.9776203633310693,0.5978729156814373,0.6785714285714286,0.8571428571428572,0.8571428571428572,1.0,1.0,1.0
site_04155,0,0.9545855351392971,0.6970452025203963,0.6785714285714286,0.8571428571428572,0.8571428571428572,1.0,1.0,1.0
site_05788,0,0.9963083886836265,0.5786353519076396,0.6785714285714286,0.8571428571428572,0.8571428571428572,1.0,1.0,1.0
site_10776,0,0.9745556052429868,0.06054276506883638,0.6785714285714286,0.8571428571428572,0.8571428571428572,1.0,1.0,1.0
site_13688,0,0.9757460860641152,0.8621542876584107,0.6785714285714286,0.8571428571428572,0.8571428571428572,1.0,1.0,1.0
site_14887,0,0.9725687879563389,0.7455051656845026,0.6785714285714286,0.8571428571428572,0.8571428571428572,1.0,1.0,1.0
site_01182,0,0.9756405449825948,0.7595318791343894,0.6785714285714286,0.8571428571428572,0.8571428571428572,1.0,1.0,1.0
site_20111,0,0.9829257354425365,0.8375813448191523,0.6785714285714286,0.8571428571428572,0.8571428571428572,1.0,1.0,1.0
site_13075,0,0.9927807638672047,0.7686594027646396,0.6785714285714286,0.8571428571428572,0.8571428571428572,1.0,1.0,1.0
site_08428,0,0.9837858652641398,0.5225588240634071,0.6785714285714286,0.8571428571428572,0.8571428571428572,1.0,1.0,1.0
site_05598,1,0.972252362179823,0.9710549141200958,0.6785714285714286,0.8571428571428572,0.8571428571428572,1.0,1.0,1.0
site_14963,0,0.9610782434864159,0.7335191337679114,0.6785714285714286,0.8571428571428572,0.8571428571428572,1.0,1.0,1.0
site_10450,0,0.9711352276971988,0.3259275766364147,0.6785714285714286,0.8571428571428572,0.8571428571428572,1.0,1.0,1.0
site_17288,0,0.9630910017403418,0.6340228724506305,0.6785714285714286,0.8571428571428572,0.8571428571428572,1.0,1.0,1.0
site_08291,0,0.8820644230481484,0.4316625106177786,0.6785714285714286,0.8571428571428572,0.8571428571428572,1.0,1.0,1.0
site_10259,0,0.9460769798399582,0.8894369297582456,0.6785714285714286,0.8571428571428572,0.8571428571428572,1.0,1.0,1.0
site_10218,0,0.9789293771407772,0.426943581217307,0.6785714285714286,0.8571428571428572,0.8571428571428572,1.0,1.0,1.0
site_10730,1,0.9564005682668344,0.9997805060406351,0.7428571428571429,0.8571428571428572,0.8571428571428572,1.0,1.0,1.0
site_21271,0,0.9019143655156471,0.9088319388072126,0.6785714285714286,0.8571428571428572,0.8571428571428572,1.0,1.0,1.0
site_12146,0,0.827281183647011,0.9859579024733799,0.7428571428571429,0.8571428571428572,0.8571428571428572,1.0,1.0,1.0
site_11337,0,0.9575605365491444,0.38180099055899197,0.6785714285714286,0.8571428571428572,0.8571428571428572,1.0,1.0,1.0
site_06215,0,0.9740414990498285,0.7030508389910033,0.6785714285714286,0.8571428571428572,0.8571428571428572,1.0,1.0,1.0
site_21054,0,0.971292747584392,0.895131403127095,0.6785714285714286,0.8571428571428572,0.8571428571428572,1.0,1.0,1.0
site_15684,0,0.9391193348429728,0.7940577938507902,0.6785714285714286,0.8571428571428572,0.8571428571428572,1.0,1.0,1.0
site_05612,0,0.9761645078118657,0.8576259493696217,0.6785714285714286,0.8571428571428572,0.8571428571428572,1.0,1.0,1.0
site_07647,0,0.987465624539117,0.4057151072872115,0.6785714285714286,0.8571428571428572,0.8571428571428572,1.0,1.0,1.0
site_11466,0,0.9802846953442131,0.23651490094287198,0.6785714285714286,0.8571428571428572,0.8571428571428572,1.0,1.0,1.0
site_07366,0,0.9883607248338079,0.7063068452469526,0.6785714285714286,0.8571428571428572,0.8571428571428572,1.0,1.0,1.0
site_21202,0,0.2356315096645183,0.9858711904274847,0.6714285714285715,0.4285714285714286,0.7142857142857143,1.0,1.0,0.7142857142857143
site_06791,0,0.9939937681543924,0.6770659667620766,0.6785714285714286,0.8571428571428572,0.8571428571428572,1.0,1.0,1.0
site_20047,0,0.98336580974775,0.8830727671408423,0.6785714285714286,0.8571428571428572,0.8571428571428572,1.0,1.0,1.0
site_02427,0,0.8445110530242089,0.9729535513703769,0.4642857142857143,1.0,0.0,1.0,1.0,0.1428571428571429
site_08138,0,0.9727767963243342,0.43100712392594986,0.6785714285714286,0.8571428571428572,0.8571428571428572,1.0,1.0,1.0
site_02190,0,0.8980490440281311,0.8121926796546968,0.6785714285714286,0.8571428571428572,0.8571428571428572,1.0,1.0,1.0
site_08923,0,0.9675577326519329,0.1617351761965864,0.6785714285714286,0.8571428571428572,0.8571428571428572,1.0,1.0,1.0
site_08903,0,0.9946280513507529,0.295904096517849,0.6785714285714286,0.8571428571428572,0.8571428571428572,1.0,1.0,1.0
site_13428,0,0.9640948063310908,0.7861102068392377,0.6785714285714286,0.8571428571428572,0.8571428571428572,1.0,1.0,1.0
site_13401,0,0.9462677302459525,0.6455581048881547,0.6785714285714286,0.8571428571428572,0.8571428571428572,1.0,1.0,1.0
site_14026,0,0.9845451401444876,0.5683408121281657,0.6785714285714286,0.8571428571428572,0.8571428571428572,1.0,1.0,1.0
site_05531,0,0.9883264576077687,0.6738606733412733,0.6785714285714286,0.8571428571428572,0.8571428571428572,1.0,1.0,1.0
site_19154,0,0.9508015295025307,0.6917412599751237,0.6785714285714286,0.8571428571428572,0.8571428571428572,1.0,1.0,1.0
site_17873,0,0.9868347821303014,0.8290872971872043,0.6785714285714286,0.8571428571428572,0.8571428571428572,1.0,1.0,1.0
site_17431,1,0.8572432113615691,0.938245695143049,0.6785714285714286,0.7142857142857143,0.8571428571428572,1.0,1.0,1.0
site_20691,0,0.4786180110171968,0.9857487000132003,0.8214285714285715,0.8571428571428572,0.7142857142857143,1.0,1.0,0.7142857142857143
site_18089,0,0.9954120311601893,0.7421290766794133,0.6785714285714286,0.8571428571428572,0.8571428571428572,1.0,1.0,1.0
site_15372,0,0.9606249574512249,0.6938894601396957,0.6785714285714286,0.8571428571428572,0.8571428571428572,1.0,1.0,1.0
site_00301,1,0.9599146648921071,0.9546561173897783,0.6785714285714286,0.8571428571428572,0.8571428571428572,1.0,1.0,1.0
site_08647,0,0.86139261857591,0.8165555150226367,0.6785714285714286,0.8571428571428572,0.8571428571428572,1.0,1.0,1.0
site_17826,0,0.9668576227374931,0.81994039204073,0.6785714285714286,0.8571428571428572,0.8571428571428572,1.0,1.0,1.0
site_11539,0,0.8628382486035954,0.8982178316719456,0.6785714285714286,0.5714285714285714,1.0,1.0,1.0,1.0
site_19349,0,0.9756772032485982,0.6383622005720306,0.6785714285714286,0.8571428571428572,0.8571428571428572,1.0,1.0,1.0
site_07785,0,0.9780541167959256,0.5660186648614269,0.6785714285714286,0.8571428571428572,0.8571428571428572,1.0,1.0,1.0
site_02259,0,0.9766937799234879,0.782176455290857,0.6785714285714286,0.8571428571428572,0.8571428571428572,1.0,1.0,1.0
site_11207,0,0.9885342498786578,0.42822682517135147,0.6785714285714286,0.8571428571428572,0.8571428571428572,1.0,1.0,1.0
site_08349,0,0.8514650728059467,0.3795470505991795,0.6785714285714286,0.8571428571428572,0.8571428571428572,1.0,1.0,1.0
site_10046,0,0.9759137494749586,0.035710195856081595,0.6785714285714286,0.8571428571428572,0.8571428571428572,1.0,1.0,1.0
site_08612,0,0.9875295306010194,0.40284032546835735,0.6785714285714286,0.8571428571428572,0.8571428571428572,1.0,1.0,1.0
site_13353,0,0.9900690339344589,0.8933462921866648,0.6785714285714286,0.8571428571428572,0.8571428571428572,1.0,1.0,1.0
site_09917,0,0.9827792439593854,0.02796012248687263,0.6785714285714286,0.8571428571428572,0.8571428571428572,1.0,1.0,1.0
site_08215,0,0.9815440012307699,0.5668455539183594,0.6785714285714286,0.8571428571428572,0.8571428571428572,1.0,1.0,1.0
site_19646,0,0.9940522578168434,0.8151534681585222,0.6785714285714286,0.8571428571428572,0.8571428571428572,1.0,1.0,1.0
site_07388,0,0.9919918091670599,0.5771030841899383,0.6785714285714286,0.8571428571428572,0.8571428571428572,1.0,1.0,1.0
site_01518,1,0.9659197724738904,0.9134251975672861,0.6785714285714286,0.8571428571428572,0.8571428571428572,1.0,1.0,1.0
site_01877,0,0.9835725979122576,0.85213612827002,0.6785714285714286,0.8571428571428572,0.8571428571428572,1.0,1.0,1.0
site_16624,0,0.9527771116025606,0.523140720349484,0.6785714285714286,0.8571428571428572,0.8571428571428572,1.0,1.0,1.0
site_13716,0,0.9841353837044063,0.5507615148528737,0.6785714285714286,0.8571428571428572,0.8571428571428572,1.0,1.0,1.0
site_19895,0,0.9809260361602888,0.6826659563783379,0.6785714285714286,0.8571428571428572,0.8571428571428572,1.0,1.0,1.0
site_10867,0,0.5935724613239832,0.9366754803750581,0.7428571428571429,0.8571428571428572,0.8571428571428572,1.0,1.0,1.0
site_06997,0,0.9895204993738848,0.6240265379075891,0.6785714285714286,0.8571428571428572,0.8571428571428572,1.0,1.0,1.0
site_13954,0,0.9134974014099427,0.7149983343216038,0.6785714285714286,0.8571428571428572,0.8571428571428572,1.0,1.0,1.0
site_04606,0,0.944921970613655,0.6452551835912846,0.6785714285714286,0.8571428571428572,0.8571428571428572,1.0,1.0,1.0
site_11359,0,0.9715542083167759,0.5777667038070177,0.6785714285714286,0.8571428571428572,0.8571428571428572,1.0,1.0,1.0
site_01488,0,0.9337597167691235,0.9075431569635924,0.6785714285714286,0.8571428571428572,0.8571428571428572,1.0,1.0,1.0
site_15267,0,0.9736992664352728,0.6811214634620197,0.6785714285714286,0.8571428571428572,0.8571428571428572,1.0,1.0,1.0
site_09016,0,0.9852418716787366,0.851622813764027,0.6785714285714286,0.8571428571428572,0.8571428571428572,1.0,1.0,1.0
site_19209,0,0.9923185302940721,0.6748398609083058,0.6785714285714286,0.8571428571428572,0.8571428571428572,1.0,1.0,1.0
site_18666,0,0.9772765900931787,0.6971514471585054,0.6785714285714286,0.8571428571428572,0.8571428571428572,1.0,1.0,1.0
site_20741,0,0.771509843953448,0.9697067638883695,0.5857142857142859,0.2857142857142857,1.0,1.0,0.5714285714285714,0.7142857142857143
site_12249,1,0.9919414408437003,0.9410243755607609,0.6785714285714286,0.8571428571428572,0.8571428571428572,1.0,1.0,1.0
site_14325,0,0.9891816842605479,0.6137056528228062,0.6785714285714286,0.8571428571428572,0.8571428571428572,1.0,1.0,1.0
site_04521,0,0.942205864714508,0.7377980979342114,0.6785714285714286,0.8571428571428572,0.8571428571428572,1.0,1.0,1.0
site_18791,0,0.9910789693491441,0.7533279928451613,0.6785714285714286,0.8571428571428572,0.8571428571428572,1.0,1.0,1.0
site_18709,0,0.9678677761121907,0.7583435325368444,0.6785714285714286,0.8571428571428572,0.8571428571428572,1.0,1.0,1.0
site_19167,0,0.9771292752055367,0.8097894372577776,0.6785714285714286,0.8571428571428572,0.8571428571428572,1.0,1.0,1.0
site_05928,0,0.9865703593772374,0.5756927482239236,0.6785714285714286,0.8571428571428572,0.8571428571428572,1.0,1.0,1.0
site_20683,1,0.8977144213849457,0.9722281649877637,0.5857142857142859,0.2857142857142857,1.0,1.0,0.5714285714285714,0.7142857142857143
site_10372,0,0.6728544061097119,0.9991690649870119,0.7428571428571429,0.8571428571428572,0.8571428571428572,1.0,1.0,1.0
site_13320,0,0.9610280605222122,0.8251097390912051,0.6785714285714286,0.8571428571428572,0.8571428571428572,1.0,1.0,1.0
site_15951,0,0.9803243696551734,0.7156105896531858,0.6785714285714286,0.8571428571428572,0.8571428571428572,1.0,1.0,1.0
site_16059,0,0.9400626210665408,0.602121110172914,0.6785714285714286,0.8571428571428572,0.8571428571428572,1.0,1.0,1.0
site_02672,0,0.6172339618092926,0.9957131331881252,0.7428571428571429,0.8571428571428572,0.8571428571428572,1.0,1.0,1.0
site_00032,0,0.8221892800812836,0.9847985903478181,0.6785714285714286,0.5714285714285714,0.8571428571428572,1.0,0.5714285714285714,0.5714285714285714
site_12366,0,0.9809124462603755,0.8790672480834797,0.7428571428571429,0.8571428571428572,0.8571428571428572,1.0,1.0,1.0
site_04748,0,0.9740415009127346,0.7172894816922925,0.6785714285714286,0.8571428571428572,0.8571428571428572,1.0,1.0,1.0
site_12930,0,0.9624058248811048,0.6015168076099413,0.6785714285714286,0.8571428571428572,0.8571428571428572,1.0,1.0,1.0
site_10858,0,0.7935940144022611,0.9889256917164756,0.7428571428571429,0.8571428571428572,0.8571428571428572,1.0,1.0,1.0
site_11545,1,0.9926165086430496,0.9140864229238139,0.6785714285714286,0.8571428571428572,0.8571428571428572,1.0,1.0,1.0
site_21402,0,0.9884636857903962,0.9005402539289848,0.6785714285714286,0.8571428571428572,0.8571428571428572,1.0,1.0,1.0
site_09556,0,0.9651899268524708,0.12833769398542738,0.6785714285714286,0.8571428571428572,0.8571428571428572,1.0,1.0,1.0
site_12382,0,0.7386076288180186,0.9639779375950344,0.7428571428571429,0.8571428571428572,0.8571428571428572,1.0,1.0,1.0
site_05430,0,0.9743985715742827,0.5992930174033115,0.6785714285714286,0.8571428571428572,0.8571428571428572,1.0,1.0,1.0
site_20393,0,0.9625782629202523,0.8475325774083777,0.6785714285714286,0.8571428571428572,0.8571428571428572,1.0,1.0,1.0
site_21407,1,0.9675905086216486,0.9241355565124109,0.6785714285714286,0.8571428571428572,0.8571428571428572,1.0,1.0,1.0
site_02228,0,0.6632977574902834,0.8957307229811887,0.6785714285714286,0.7142857142857143,0.8571428571428572,1.0,1.0,1.0
site_02284,0,0.8395051710100099,0.8669742450269666,0.6785714285714286,0.7142857142857143,0.8571428571428572,1.0,1.0,1.0
site_04188,0,0.9575701305154986,0.8347227946775533,0.6785714285714286,0.8571428571428572,0.8571428571428572,1.0,1.0,1.0
site_07621,0,0.988534383076443,0.5924303102183304,0.6785714285714286,0.8571428571428572,0.8571428571428572,1.0,1.0,1.0
site_09590,0,0.9464015241612064,0.26322627467956006,0.55,1.0,0.0,1.0,1.0,1.0
site_00043,1,0.9568354003543158,0.9374079579796176,0.6785714285714286,0.8571428571428572,0.8571428571428572,1.0,1.0,1.0
site_06297,0,0.9601346070365033,0.7664225330622485,0.6785714285714286,0.8571428571428572,0.8571428571428572,1.0,1.0,1.0
site_05724,0,0.9724259011964685,0.579818166351183,0.6785714285714286,0.8571428571428572,0.8571428571428572,1.0,1.0,1.0
site_19060,0,0.9908993693675407,0.7195205116056652,0.6785714285714286,0.8571428571428572,0.8571428571428572,1.0,1.0,1.0
site_08607,0,0.9707766257268463,0.43047487394996375,0.6785714285714286,0.8571428571428572,0.8571428571428572,1.0,1.0,1.0
site_20010,0,0.9688040466314306,0.5750135206679472,0.6785714285714286,0.8571428571428572,0.8571428571428572,1.0,1.0,1.0
site_17279,1,0.8848672472257006,0.9653914863894044,0.6785714285714286,0.7142857142857143,0.8571428571428572,1.0,1.0,1.0
site_01085,0,0.9197700819189852,0.8777453855346963,0.6785714285714286,0.8571428571428572,0.8571428571428572,1.0,1.0,1.0
site_20021,0,0.982933351002625,0.6603254002190023,0.6785714285714286,0.8571428571428572,0.8571428571428572,1.0,1.0,1.0
site_06654,0,0.9792357581276655,0.6958257354042745,0.6785714285714286,0.8571428571428572,0.8571428571428572,1.0,1.0,1.0
site_09719,0,0.9779811765709485,0.4364481431162808,0.6785714285714286,0.8571428571428572,0.8571428571428572,1.0,1.0,1.0
site_06056,0,0.9669952207069791,0.8486699690630861,0.6785714285714286,0.8571428571428572,0.8571428571428572,1.0,1.0,1.0
site_19736,1,0.9528374995663155,0.9663499358944506,0.6785714285714286,0.8571428571428572,0.8571428571428572,1.0,1.0,1.0
site_16817,0,0.9857586325130705,0.6297653646321231,0.6785714285714286,0.8571428571428572,0.8571428571428572,1.0,1.0,1.0
site_04329,0,0.9826171878958675,0.5962291158665329,0.6785714285714286,0.8571428571428572,0.8571428571428572,1.0,1.0,1.0
site_03306,0,0.8997245492154751,0.7675087428725749,0.6785714285714286,0.8571428571428572,0.8571428571428572,1.0,1.0,1.0
site_00216,0,0.7178588490662161,0.9001408444764463,0.6785714285714286,0.5714285714285714,0.8571428571428572,1.0,0.5714285714285714,0.5714285714285714
site_05259,0,0.9361348624185731,0.6954077539515313,0.6785714285714286,0.8571428571428572,0.8571428571428572,1.0,1.0,1.0
site_18614,0,0.9831663185863899,0.832342074040457,0.6785714285714286,0.8571428571428572,0.8571428571428572,1.0,1.0,1.0
site_18737,0,0.973882261563222,0.696178561313318,0.6785714285714286,0.8571428571428572,0.8571428571428572,1.0,1.0,1.0
site_04592,0,0.9784779931327022,0.5640853269955569,0.6785714285714286,0.8571428571428572,0.8571428571428572,1.0,1.0,1.0
site_03180,0,0.903273400216729,0.7610283339703324,0.6785714285714286,0.8571428571428572,0.8571428571428572,1.0,1.0,1.0
site_15274,0,0.9749498967681769,0.6961797547476363,0.6785714285714286,0.8571428571428572,0.8571428571428572,1.0,1.0,1.0
site_03709,0,0.9355453644160258,0.701897126277941,0.6785714285714286,0.8571428571428572,0.8571428571428572,1.0,1.0,1.0
site_05338,0,0.9890709829291632,0.6241698702388832,0.6785714285714286,0.8571428571428572,0.8571428571428572,1.0,1.0,1.0
site_03833,0,0.8884342205773805,0.6263037686463113,0.6785714285714286,0.8571428571428572,0.8571428571428572,1.0,1.0,1.0
site_16257,0,0.6000258958849507,0.9847466617898973,0.6785714285714286,0.5714285714285714,1.0,1.0,1.0,1.0
site_18679,0,0.9676305648283569,0.760002397748152,0.6785714285714286,0.8571428571428572,0.8571428571428572,1.0,1.0,1.0
site_21461,0,0.8838182597106886,0.8839991333446771,0.6785714285714286,0.8571428571428572,0.8571428571428572,1.0,1.0,1.0
site_14437,0,0.9814823874748091,0.7147670900786303,0.6785714285714286,0.8571428571428572,0.8571428571428572,1.0,1.0,1.0
site_14301,0,0.9802818525495226,0.7814448876589367,0.6785714285714286,0.8571428571428572,0.8571428571428572,1.0,1.0,1.0
site_12411,0,0.9248961735372432,0.3037926500897705,0.6785714285714286,0.8571428571428572,0.8571428571428572,1.0,1.0,1.0
site_07052,0,0.9879880001724007,0.669263077466766,0.6785714285714286,0.8571428571428572,0.8571428571428572,1.0,1.0,1.0
site_12535,0,0.8303984961787474,0.31015730268625297,0.6785714285714286,0.8571428571428572,0.8571428571428572,1.0,1.0,1.0
site_03698,0,0.9353974124145016,0.639375093968404,0.6785714285714286,0.8571428571428572,0.8571428571428572,1.0,1.0,1.0
site_14180,0,0.9862127382269402,0.8186231651878402,0.6785714285714286,0.8571428571428572,0.8571428571428572,1.0,1.0,1.0
site_12671,0,0.9833471713723376,0.4372020416305814,0.6785714285714286,0.8571428571428572,0.8571428571428572,1.0,1.0,1.0
site_12229,0,0.9611683708829626,0.8378091670617502,0.6785714285714286,0.8571428571428572,0.8571428571428572,1.0,1.0,1.0
site_18294,0,0.9862430318742934,0.6938252595168777,0.6785714285714286,0.8571428571428572,0.8571428571428572,1.0,1.0,1.0
site_07502,0,0.9853161643735336,0.6936249162325069,0.6785714285714286,0.8571428571428572,0.8571428571428572,1.0,1.0,1.0
site_04107,0,0.9963708796354915,0.7654501920167307,0.6785714285714286,0.8571428571428572,0.8571428571428572,1.0,1.0,1.0
site_09621,1,0.9239929397945712,0.9450702397238235,0.7428571428571429,0.8571428571428572,0.8571428571428572,1.0,1.0,1.0
site_10139,0,0.9674157344982667,0.8666292691764051,0.4642857142857143,1.0,0.0,1.0,1.0,0.1428571428571429
site_16377,1,0.8782234236625198,0.990356893710876,0.6785714285714286,0.5714285714285714,1.0,1.0,1.0,1.0
site_18729,0,0.9901650611545869,0.7364084685451333,0.6785714285714286,0.8571428571428572,0.8571428571428572,1.0,1.0,1.0
site_18453,0,0.9812993085160859,0.7330361049057944,0.6785714285714286,0.8571428571428572,0.8571428571428572,1.0,1.0,1.0
site_12465,0,0.964597504087365,0.7484577475878682,0.6785714285714286,0.8571428571428572,0.8571428571428572,1.0,1.0,1.0
site_16381,1,0.9641383461721841,0.9792063714795858,0.6785714285714286,0.5714285714285714,1.0,1.0,1.0,1.0
site_04024,0,0.96717757685814,0.6285273393491155,0.6785714285714286,0.8571428571428572,0.8571428571428572,1.0,1.0,1.0
site_12822,0,0.9472342133761307,0.6818757659423064,0.6785714285714286,0.8571428571428572,0.8571428571428572,1.0,1.0,1.0
site_12963,0,0.9582387871235454,0.7972235430569821,0.6785714285714286,0.8571428571428572,0.8571428571428572,1.0,1.0,1.0
site_12413,0,0.8134342921129742,0.32137742667168223,0.6785714285714286,0.8571428571428572,0.8571428571428572,1.0,1.0,1.0
site_08680,0,0.9727766994532177,0.20381672927243855,0.6785714285714286,0.8571428571428572,0.8571428571428572,1.0,1.0,1.0
site_09067,0,0.9826172027991162,0.06010287046643559,0.6785714285714286,0.8571428571428572,0.8571428571428572,1.0,1.0,1.0
site_07615,0,0.9903569227840627,0.6273454107303928,0.6785714285714286,0.8571428571428572,0.8571428571428572,1.0,1.0,1.0
site_09416,0,0.7542498253041187,0.9273122478124021,0.7428571428571429,0.8571428571428572,0.8571428571428572,1.0,1.0,1.0
site_20141,0,0.7874864097275054,0.9971328921977383,0.7571428571428572,0.8571428571428572,0.8571428571428572,1.0,1.0,0.7142857142857143
site_03383,0,0.9017534327845004,0.844779726077775,0.6785714285714286,0.8571428571428572,0.8571428571428572,1.0,1.0,1.0
site_09003,0,0.9595670242611773,0.2767534070006451,0.4642857142857143,1.0,0.0,1.0,1.0,0.1428571428571429
site_15349,0,0.985535602601833,0.6871650832329699,0.6785714285714286,0.8571428571428572,0.8571428571428572,1.0,1.0,1.0
site_02747,0,0.9846027598297954,0.7715297629672943,0.6785714285714286,0.8571428571428572,0.8571428571428572,1.0,1.0,1.0
site_14503,0,0.9967717728341318,0.5883288235587901,0.6785714285714286,0.8571428571428572,0.8571428571428572,1.0,1.0,1.0
site_10051,0,0.9818725414855773,0.08124296913663631,0.6785714285714286,0.8571428571428572,0.8571428571428572,1.0,1.0,1.0
site_13323,0,0.8733115364379066,0.8440841774924099,0.6785714285714286,0.7142857142857143,0.8571428571428572,1.0,1.0,1.0
site_04070,0,0.9915532810738995,0.849079232088755,0.6785714285714286,0.8571428571428572,0.8571428571428572,1.0,1.0,1.0
site_19084,0,0.9771471646927016,0.654755492720511,0.6785714285714286,0.8571428571428572,0.8571428571428572,1.0,1.0,1.0
site_02567,0,0.9513387096504974,0.7164687333860589,0.6785714285714286,0.8571428571428572,0.8571428571428572,1.0,1.0,1.0
site_10834,0,0.7539885862575594,0.6213075285064531,0.5642857142857143,0.4285714285714286,1.0,1.0,0.2857142857142857,0.7142857142857143
site_10531,0,0.981114986999002,0.016252059765677007,0.6785714285714286,0.8571428571428572,0.8571428571428572,1.0,1.0,1.0
site_17267,0,0.9838652418296516,0.9066342452932359,0.6785714285714286,0.8571428571428572,0.8571428571428572,1.0,1.0,1.0
site_04406,0,0.9693660108819945,0.6679587265655742,0.6785714285714286,0.8571428571428572,0.8571428571428572,1.0,1.0,1.0
site_04035,0,0.9621133001897004,0.692810642450483,0.6785714285714286,0.8571428571428572,0.8571428571428572,1.0,1.0,1.0
site_05467,0,0.9828959736548715,0.5963580959541107,0.6785714285714286,0.8571428571428572,0.8571428571428572,1.0,1.0,1.0
site_09643,0,0.9860369208761489,0.841184842555526,0.6785714285714286,0.8571428571428572,0.8571428571428572,1.0,1.0,1.0
site_09570,0,0.9824109679177169,0.04470861458643982,0.6785714285714286,0.8571428571428572,0.8571428571428572,1.0,1.0,1.0
site_00087,1,0.9863406416331433,0.9124999119157267,0.6785714285714286,0.8571428571428572,0.8571428571428572,1.0,1.0,1.0
site_02912,0,0.8434629224459975,0.7573435367547084,0.6785714285714286,0.8571428571428572,0.8571428571428572,1.0,1.0,1.0
site_09231,0,0.9649951861016356,0.07048480073871621,0.6785714285714286,0.8571428571428572,0.8571428571428572,1.0,1.0,1.0
site_18004,0,0.8115984503244318,0.7840305970182829,0.41428571428571437,0.1428571428571429,1.0,0.1428571428571429,0.7142857142857143,0.7142857142857143
site_09081,0,0.8767268692340076,0.8929348278801179,0.4642857142857143,1.0,0.0,1.0,1.0,0.1428571428571429
site_19791,1,0.9722246086049212,0.922391140563419,0.6785714285714286,0.8571428571428572,0.8571428571428572,1.0,1.0,1.0
site_17510,0,0.9523376595079805,0.8128708866088523,0.6785714285714286,0.8571428571428572,0.8571428571428572,1.0,1.0,1.0
site_20826,0,0.9873422805955648,0.7814792102023386,0.6785714285714286,0.8571428571428572,0.8571428571428572,1.0,1.0,1.0
site_08605,0,0.978478177560405,0.44087224533239566,0.6785714285714286,0.8571428571428572,0.8571428571428572,1.0,1.0,1.0
site_02850,0,0.8882958439131496,0.6899079534589754,0.6785714285714286,0.8571428571428572,0.8571428571428572,1.0,1.0,1.0
site_21128,0,0.9852797846119904,0.6983209496013584,0.6785714285714286,0.8571428571428572,0.8571428571428572,1.0,1.0,1.0
site_08229,0,0.9411670114086157,0.503470222494547,0.6785714285714286,0.8571428571428572,0.8571428571428572,1.0,1.0,1.0
site_06534,0,0.9904824481906442,0.841296886994382,0.6785714285714286,0.8571428571428572,0.8571428571428572,1.0,1.0,1.0
site_10412,0,0.9853245977493948,0.8229615700309955,0.6785714285714286,0.8571428571428572,0.8571428571428572,1.0,1.0,1.0
site_19292,0,0.950991940859617,0.7288181172478468,0.6785714285714286,0.8571428571428572,0.8571428571428572,1.0,1.0,1.0
site_05258,0,0.9424339142262,0.6775201018664341,0.6785714285714286,0.8571428571428572,0.8571428571428572,1.0,1.0,1.0
site_07492,0,0.994935070848703,0.718230751829911,0.6785714285714286,0.8571428571428572,0.8571428571428572,1.0,1.0,1.0
site_21149,0,0.9650657343551955,0.8925023942915583,0.6785714285714286,0.8571428571428572,0.8571428571428572,1.0,1.0,1.0
site_19423,0,0.988918341061562,0.6738400335321764,0.6785714285714286,0.8571428571428572,0.8571428571428572,1.0,1.0,1.0
site_18445,0,0.9844107799057829,0.6967883322890114,0.6785714285714286,0.8571428571428572,0.8571428571428572,1.0,1.0,1.0
site_03511,0,0.9897245714213156,0.7958113987207532,0.6785714285714286,0.8571428571428572,0.8571428571428572,1.0,1.0,1.0
site_14917,0,0.9889545783107895,0.7080478608366034,0.6785714285714286,0.8571428571428572,0.8571428571428572,1.0,1.0,1.0
site_11331,0,0.9927814419650207,0.3279048007754748,0.6785714285714286,0.8571428571428572,0.8571428571428572,1.0,1.0,1.0
site_06894,0,0.9434117834383893,0.7971809940908556,0.6785714285714286,0.8571428571428572,0.8571428571428572,1.0,1.0,1.0
site_07561,0,0.9928371843067182,0.6505430512266162,0.6785714285714286,0.8571428571428572,0.8571428571428572,1.0,1.0,1.0
site_21538,0,0.9821294679045425,0.8402713001581275,0.6785714285714286,0.8571428571428572,0.8571428571428572,1.0,1.0,1.0
site_01057,1,0.8664541642240242,0.937676078946492,0.6785714285714286,0.8571428571428572,0.8571428571428572,1.0,1.0,1.0
site_06606,0,0.9910465110049165,0.8393827545085207,0.6785714285714286,0.8571428571428572,0.8571428571428572,1.0,1.0,1.0
site_18969,0,0.9844697427463802,0.8405450248807309,0.6785714285714286,0.8571428571428572,0.8571428571428572,1.0,1.0,1.0
site_06934,0,0.9859864184235511,0.6442281318269547,0.6785714285714286,0.8571428571428572,0.8571428571428572,1.0,1.0,1.0
site_19790,1,0.9954184418857653,0.9157368702185684,0.6785714285714286,0.8571428571428572,0.8571428571428572,1.0,1.0,1.0
site_12009,1,0.9850239703479599,0.9927920566421196,0.7428571428571429,0.8571428571428572,0.8571428571428572,1.0,1.0,1.0
site_18952,0,0.9703802496097436,0.688906833634109,0.6785714285714286,0.8571428571428572,0.8571428571428572,1.0,1.0,1.0
site_17552,0,0.9584664566023955,0.7518067995117373,0.6785714285714286,0.8571428571428572,0.8571428571428572,1.0,1.0,1.0
site_06689,0,0.9858441603944854,0.8213293600070253,0.6785714285714286,0.8571428571428572,0.8571428571428572,1.0,1.0,1.0
site_18855,0,0.9752402940208286,0.7468032681351272,0.6785714285714286,0.8571428571428572,0.8571428571428572,1.0,1.0,1.0
site_07843,0,0.9847538321990172,0.5531662827339401,0.6785714285714286,0.8571428571428572,0.8571428571428572,1.0,1.0,1.0
site_14478,0,0.9792024363264661,0.791571255210635,0.6785714285714286,0.8571428571428572,0.8571428571428572,1.0,1.0,1.0
site_01116,0,0.9454372765183341,0.8405555858981055,0.6785714285714286,0.8571428571428572,0.8571428571428572,1.0,1.0,1.0
site_07224,0,0.984364565863,0.7462521274559502,0.6785714285714286,0.8571428571428572,0.8571428571428572,1.0,1.0,1.0
site_16050,1,0.925875577784049,0.9868878561325035,0.6785714285714286,0.5714285714285714,1.0,1.0,1.0,1.0
site_02265,0,0.8924092374269934,0.7545660173390515,0.6785714285714286,0.8571428571428572,0.8571428571428572,1.0,1.0,1.0
site_05681,0,0.7272633057098639,0.716453687293225,0.6785714285714286,0.8571428571428572,0.8571428571428572,1.0,1.0,1.0
site_01871,0,0.9683524707440286,0.7880553271777606,0.6785714285714286,0.5714285714285714,1.0,1.0,1.0,1.0
site_09262,0,0.9922400828529718,0.8524307769751207,0.6785714285714286,0.8571428571428572,0.8571428571428572,1.0,1.0,1.0
site_04892,0,0.9943372787225245,0.7079863201467046,0.6785714285714286,0.8571428571428572,0.8571428571428572,1.0,1.0,1.0
site_05229,0,0.9967716305546792,0.6538647749415709,0.6785714285714286,0.8571428571428572,0.8571428571428572,1.0,1.0,1.0
site_11964,0,0.9550726142909278,0.7784544261840562,0.6785714285714286,0.8571428571428572,0.8571428571428572,1.0,1.0,1.0
site_14687,0,0.965052418302477,0.6254540613777946,0.6785714285714286,0.8571428571428572,0.8571428571428572,1.0,1.0,1.0
site_06937,0,0.9889253381368293,0.6212793109984858,0.6785714285714286,0.8571428571428572,0.8571428571428572,1.0,1.0,1.0
site_15198,0,0.9750156238207804,0.7051887036030766,0.6785714285714286,0.8571428571428572,0.8571428571428572,1.0,1.0,1.0
site_12653,0,0.9829665628923653,0.2813841131270036,0.6785714285714286,0.8571428571428572,0.8571428571428572,1.0,1.0,1.0
site_01851,0,0.8206551247562872,0.8551105215667166,0.6785714285714286,0.8571428571428572,0.8571428571428572,1.0,1.0,1.0
site_13603,0,0.9917452898729564,0.5030773998179598,0.6785714285714286,0.8571428571428572,0.8571428571428572,1.0,1.0,1.0
site_16334,0,0.9928511025438296,0.5661154527701808,0.6785714285714286,0.8571428571428572,0.8571428571428572,1.0,1.0,1.0
site_05783,0,0.903142035531014,0.7450834934883723,0.55,1.0,0.0,1.0,1.0,1.0
site_12059,0,0.9917453643891999,0.5038003577965497,0.6785714285714286,0.8571428571428572,0.8571428571428572,1.0,1.0,1.0
site_06972,0,0.9883607117934653,0.7749196394413846,0.6785714285714286,0.8571428571428572,0.8571428571428572,1.0,1.0,1.0
site_03247,0,0.86355810532257,0.7848555835132569,0.6785714285714286,0.8571428571428572,0.8571428571428572,1.0,1.0,1.0
site_13344,0,0.9840963595476709,0.8936715882156615,0.6785714285714286,0.8571428571428572,0.8571428571428572,1.0,1.0,1.0
site_12691,0,0.9793322697033765,0.6027072298853843,0.6785714285714286,0.8571428571428572,0.8571428571428572,1.0,1.0,1.0
site_14922,0,0.9729816135342005,0.6820548577846987,0.6785714285714286,0.8571428571428572,0.8571428571428572,1.0,1.0,1.0
site_12893,0,0.9569201476780798,0.8894378125387403,0.6785714285714286,0.8571428571428572,0.8571428571428572,1.0,1.0,1.0
site_07985,0,0.9573820440652104,0.33069117003164217,0.6785714285714286,0.8571428571428572,0.8571428571428572,1.0,1.0,1.0
site_17386,0,0.7343428853619456,0.8087109706270779,0.47857142857142865,0.2857142857142857,1.0,0.1428571428571429,1.0,0.7142857142857143
site_04043,0,0.930118711529499,0.7387872731377492,0.6785714285714286,0.8571428571428572,0.8571428571428572,1.0,1.0,1.0
site_16303,0,0.9521004221434616,0.8888600402921922,0.6785714285714286,0.8571428571428572,0.8571428571428572,1.0,1.0,1.0
site_09264,0,0.94438854235855,0.8397279188285078,0.6785714285714286,0.8571428571428572,0.8571428571428572,1.0,1.0,1.0
site_04497,0,0.9759470247035058,0.7818746495156257,0.6785714285714286,0.8571428571428572,0.8571428571428572,1.0,1.0,1.0
site_04562,0,0.9827792868062255,0.767564997266294,0.6785714285714286,0.8571428571428572,0.8571428571428572,1.0,1.0,1.0
site_01732,0,0.9747236244688929,0.8648350899603676,0.6785714285714286,0.8571428571428572,0.8571428571428572,1.0,1.0,1.0
site_18617,0,0.9816125375457545,0.8565548632746693,0.6785714285714286,0.8571428571428572,0.8571428571428572,1.0,1.0,1.0
site_00924,0,0.9513343988858093,0.8966616541733927,0.6785714285714286,0.8571428571428572,0.8571428571428572,1.0,1.0,1.0
site_13006,1,0.9466227330817426,0.9126017167262803,0.55,1.0,0.0,1.0,1.0,1.0
site_01731,0,0.9333270307494558,0.8596279370654555,0.6785714285714286,0.8571428571428572,0.8571428571428572,1.0,1.0,1.0
site_10349,0,0.9617729509732,0.4264822286086306,0.6785714285714286,0.8571428571428572,0.8571428571428572,1.0,1.0,1.0
site_09445,0,0.9802020419268923,0.7973442041833615,0.6785714285714286,0.8571428571428572,0.8571428571428572,1.0,1.0,1.0
site_20908,0,0.6181338795791275,0.9746129682269553,0.5857142857142859,0.2857142857142857,1.0,1.0,0.5714285714285714,0.7142857142857143
site_01308,0,0.9721021430215896,0.8805097977404313,0.6785714285714286,0.8571428571428572,0.8571428571428572,1.0,1.0,1.0
site_16086,0,0.9584176372854484,0.6878445807277933,0.6785714285714286,0.8571428571428572,0.8571428571428572,1.0,1.0,1.0
site_10407,0,0.9293275055073466,0.8569374752344662,0.6785714285714286,0.8571428571428572,0.8571428571428572,1.0,1.0,1.0
site_06522,0,0.9899898548369924,0.840701276834329,0.6785714285714286,0.8571428571428572,0.8571428571428572,1.0,1.0,1.0
site_00101,1,0.9693245873022175,0.9500511131111284,0.6785714285714286,0.8571428571428572,0.8571428571428572,1.0,1.0,1.0
site_10678,0,0.9799821351777117,0.2791640050820696,0.6785714285714286,0.8571428571428572,0.8571428571428572,1.0,1.0,1.0
site_12360,0,0.6952935719426909,0.8479071903081135,0.6785714285714286,0.5714285714285714,1.0,1.0,1.0,1.0
site_04224,0,0.8785732252645118,0.7247920634441362,0.6785714285714286,0.8571428571428572,0.8571428571428572,1.0,1.0,1.0
site_18725,0,0.9623812233433042,0.7509046313187249,0.6785714285714286,0.8571428571428572,0.8571428571428572,1.0,1.0,1.0
site_20783,0,0.9418760558206545,0.8763732232462133,0.6785714285714286,0.8571428571428572,0.8571428571428572,1.0,1.0,1.0
site_14236,0,0.9918922871351104,0.6458080701308095,0.6785714285714286,0.8571428571428572,0.8571428571428572,1.0,1.0,1.0
site_08779,0,0.9666280493686209,0.8358281262698928,0.6785714285714286,0.8571428571428572,0.8571428571428572,1.0,1.0,1.0
site_08240,0,0.9827096290217758,0.4381757200718116,0.6785714285714286,0.8571428571428572,0.8571428571428572,1.0,1.0,1.0
site_07324,0,0.9860150326610657,0.5607030124520809,0.6785714285714286,0.8571428571428572,0.8571428571428572,1.0,1.0,1.0
site_01263,0,0.9628571585907154,0.8164011823285604,0.6785714285714286,0.8571428571428572,0.8571428571428572,1.0,1.0,1.0
site_02583,0,0.9645382785770092,0.8245671436888198,0.6785714285714286,0.8571428571428572,0.8571428571428572,1.0,1.0,1.0
site_21365,0,0.9366079362422328,0.8988236936469758,0.6785714285714286,0.8571428571428572,0.8571428571428572,1.0,1.0,1.0
site_10305,0,0.9642040694989754,0.02614545955132075,0.6785714285714286,0.8571428571428572,0.8571428571428572,1.0,1.0,1.0
site_07701,0,0.9631037402921728,0.4010754297209089,0.6785714285714286,0.8571428571428572,0.8571428571428572,1.0,1.0,1.0
site_15181,0,0.9897915624557001,0.64917032996906,0.6785714285714286,0.8571428571428572,0.8571428571428572,1.0,1.0,1.0
site_10004,0,0.9759790424704435,0.8684532361393366,0.6785714285714286,0.8571428571428572,0.8571428571428572,1.0,1.0,1.0
site_08458,0,0.9456036377578217,0.36050620057746174,0.6785714285714286,0.8571428571428572,0.8571428571428572,1.0,1.0,1.0
site_19634,0,0.9942514304212624,0.7075830210417955,0.6785714285714286,0.8571428571428572,0.8571428571428572,1.0,1.0,1.0
site_04639,0,0.9955232461879279,0.7720056350031459,0.6785714285714286,0.8571428571428572,0.8571428571428572,1.0,1.0,1.0
site_09649,0,0.9738251839835859,0.8294857866029585,0.6785714285714286,0.8571428571428572,0.8571428571428572,1.0,1.0,1.0
site_19771,0,0.9751581324107149,0.7133855661542408,0.6785714285714286,0.8571428571428572,0.8571428571428572,1.0,1.0,1.0
site_04996,0,0.9697140185054235,0.6877214553230393,0.6785714285714286,0.8571428571428572,0.8571428571428572,1.0,1.0,1.0
site_00867,0,0.8536928551321961,0.8405630983071215,0.6785714285714286,0.8571428571428572,0.8571428571428572,1.0,1.0,1.0
site_11533,0,0.9236938092381781,0.8706502644314487,0.6785714285714286,0.5714285714285714,1.0,1.0,1.0,1.0
site_14064,0,0.9633467563913775,0.7775656682863437,0.6785714285714286,0.8571428571428572,0.8571428571428572,1.0,1.0,1.0
site_20455,0,0.9508801888491986,0.7999230859000463,0.6785714285714286,0.8571428571428572,0.8571428571428572,1.0,1.0,1.0
site_12008,1,0.9463575968356468,0.9924810799806253,0.7428571428571429,0.8571428571428572,0.8571428571428572,1.0,1.0,1.0
site_09357,0,0.9751163157577533,0.8038099626492069,0.6785714285714286,0.8571428571428572,0.8571428571428572,1.0,1.0,1.0
site_06621,0,0.9934817241982737,0.7853482574474795,0.6785714285714286,0.8571428571428572,0.8571428571428572,1.0,1.0,1.0
site_05174,0,0.9547271010987509,0.6361725697228193,0.6785714285714286,0.8571428571428572,0.8571428571428572,1.0,1.0,1.0
site_06296,0,0.9554296476943541,0.7586309677631903,0.6785714285714286,0.8571428571428572,0.8571428571428572,1.0,1.0,1.0
site_04870,0,0.9820948122625838,0.7099772570753808,0.6785714285714286,0.8571428571428572,0.8571428571428572,1.0,1.0,1.0
site_01162,0,0.939712566109321,0.9062643529120946,0.6785714285714286,0.8571428571428572,0.8571428571428572,1.0,1.0,1.0
site_16496,1,0.962626948107961,0.9952826069348745,0.6785714285714286,0.5714285714285714,1.0,1.0,1.0,1.0
site_09287,0,0.9967717728341318,0.19340104683058779,0.6785714285714286,0.8571428571428572,0.8571428571428572,1.0,1.0,1.0
site_09746,0,0.8039404606868394,0.8973480568376867,0.7428571428571429,0.8571428571428572,0.8571428571428572,1.0,1.0,1.0
site_13319,0,0.9797771447175793,0.8187473478041782,0.6785714285714286,0.8571428571428572,0.8571428571428572,1.0,1.0,1.0
site_11106,0,0.7922395326436587,0.9298315512178839,0.7428571428571429,0.8571428571428572,0.8571428571428572,1.0,1.0,1.0
site_09607,0,0.9569065261087629,0.49988585133118335,0.6785714285714286,0.8571428571428572,0.8571428571428572,1.0,1.0,1.0
site_02458,0,0.9882623233398705,0.8237604554051869,0.6785714285714286,0.8571428571428572,0.8571428571428572,1.0,1.0,1.0
site_17313,0,0.977418016334676,0.8535724615195001,0.6785714285714286,0.8571428571428572,0.8571428571428572,1.0,1.0,1.0
site_21423,1,0.9668540236029307,0.915400787627912,0.6785714285714286,0.8571428571428572,0.8571428571428572,1.0,1.0,1.0
site_08945,0,0.9954627063973268,0.8574560693718307,0.6785714285714286,0.8571428571428572,0.8571428571428572,1.0,1.0,1.0
site_09744,1,0.9971257233608454,0.9105445791588976,0.7428571428571429,0.8571428571428572,0.8571428571428572,1.0,1.0,1.0
site_16206,0,0.9743928151944701,0.585062935500795,0.6785714285714286,0.8571428571428572,0.8571428571428572,1.0,1.0,1.0
site_09094,0,0.9866268734277818,0.8385695433772091,0.6785714285714286,0.8571428571428572,0.8571428571428572,1.0,1.0,1.0
site_08704,0,0.9795860627143013,0.3158143679861045,0.6785714285714286,0.8571428571428572,0.8571428571428572,1.0,1.0,1.0
site_07054,0,0.9923501698910739,0.6553274288093887,0.6785714285714286,0.8571428571428572,0.8571428571428572,1.0,1.0,1.0
site_16321,1,0.925052925907128,0.9739383356852543,0.6785714285714286,0.5714285714285714,1.0,1.0,1.0,1.0
site_01537,0,0.9613440093947695,0.8603879881047108,0.6785714285714286,0.8571428571428572,0.8571428571428572,1.0,1.0,1.0
site_07117,0,0.9849922217709518,0.6564115307789413,0.6785714285714286,0.8571428571428572,0.8571428571428572,1.0,1.0,1.0
site_12508,0,0.7904179234576301,0.9554623716742024,0.7428571428571429,0.8571428571428572,0.8571428571428572,1.0,1.0,1.0
site_15701,0,0.9667409899131236,0.6407886491793426,0.6785714285714286,0.8571428571428572,0.8571428571428572,1.0,1.0,1.0
site_08233,0,0.9520535253455974,0.4810123299651823,0.6785714285714286,0.8571428571428572,0.8571428571428572,1.0,1.0,1.0
site_08050,0,0.9890709829291632,0.6181238518210195,0.6785714285714286,0.8571428571428572,0.8571428571428572,1.0,1.0,1.0
site_12345,0,0.9587545922870562,0.7811849681182343,0.6785714285714286,0.8571428571428572,0.8571428571428572,1.0,1.0,1.0
site_16150,0,0.9722200593882538,0.641821899948722,0.6785714285714286,0.8571428571428572,0.8571428571428572,1.0,1.0,1.0
site_15016,0,0.9831082462149027,0.6185917412527745,0.6785714285714286,0.8571428571428572,0.8571428571428572,1.0,1.0,1.0
site_00385,1,0.967659633614957,0.9518277911492179,0.6785714285714286,0.8571428571428572,0.8571428571428572,1.0,1.0,1.0
site_14579,0,0.9787633568131036,0.738523299025361,0.6785714285714286,0.8571428571428572,0.8571428571428572,1.0,1.0,1.0
site_08867,0,0.9158647154021975,0.13820726731638144,0.6785714285714286,0.8571428571428572,0.8571428571428572,1.0,1.0,1.0
site_08479,0,0.9917452526148346,0.521234327565798,0.6785714285714286,0.8571428571428572,0.8571428571428572,1.0,1.0,1.0
site_18356,0,0.9648581395523517,0.7759708693411198,0.6785714285714286,0.8571428571428572,0.8571428571428572,1.0,1.0,1.0
site_13456,0,0.9954591664100327,0.8840997179769853,0.6785714285714286,0.8571428571428572,0.8571428571428572,1.0,1.0,1.0
site_14748,0,0.9873826618793855,0.7374162907562636,0.6785714285714286,0.8571428571428572,0.8571428571428572,1.0,1.0,1.0
site_05968,1,0.8519862096066818,0.9135980912713864,0.6785714285714286,0.8571428571428572,0.8571428571428572,1.0,1.0,1.0
site_19287,0,0.9424719883008306,0.6832815525050895,0.6785714285714286,0.8571428571428572,0.8571428571428572,1.0,1.0,1.0
site_03148,0,0.9880380294468523,0.8999785943556982,0.6785714285714286,0.8571428571428572,0.8571428571428572,1.0,1.0,1.0
site_19594,1,0.9475528597367037,0.9610321284182681,0.6785714285714286,0.8571428571428572,0.8571428571428572,1.0,1.0,1.0
site_17572,0,0.40619954877731956,0.7874601552110733,0.47857142857142865,0.2857142857142857,1.0,0.1428571428571429,1.0,0.7142857142857143
site_13279,0,0.9422955859975275,0.5867429408420322,0.6785714285714286,0.8571428571428572,0.8571428571428572,1.0,1.0,1.0
site_19687,0,0.9760244154111276,0.6212460877035302,0.6785714285714286,0.8571428571428572,0.8571428571428572,1.0,1.0,1.0
site_21346,1,0.9292988763665831,0.9111385411229316,0.6785714285714286,0.8571428571428572,0.8571428571428572,1.0,1.0,1.0
site_16469,0,0.9838295634522505,0.6891033919944971,0.6785714285714286,0.8571428571428572,0.8571428571428572,1.0,1.0,1.0
site_20685,0,0.43970544980806403,0.9828437304514214,0.7571428571428572,0.8571428571428572,0.8571428571428572,1.0,1.0,0.7142857142857143
site_13444,0,0.9815701042708777,0.8741084673295062,0.6785714285714286,0.8571428571428572,0.8571428571428572,1.0,1.0,1.0
site_17976,0,0.9687831485509333,0.806821907152583,0.6785714285714286,0.8571428571428572,0.8571428571428572,1.0,1.0,1.0
site_07757,0,0.9526908478732409,0.38856971642581795,0.6785714285714286,0.8571428571428572,0.8571428571428572,1.0,1.0,1.0
site_03654,0,0.8561069280672644,0.7880727244599754,0.6785714285714286,0.8571428571428572,0.8571428571428572,1.0,1.0,1.0
site_10944,0,0.9939937681543924,0.41300090434860504,0.6785714285714286,0.8571428571428572,0.8571428571428572,1.0,1.0,1.0
site_08073,0,0.9832749632694533,0.5251796491114232,0.6785714285714286,0.8571428571428572,0.8571428571428572,1.0,1.0,1.0
site_09451,0,0.9784406027446061,0.1995810248477775,0.6785714285714286,0.8571428571428572,0.8571428571428572,1.0,1.0,1.0
site_17096,0,0.9764794842474449,0.6843942081121601,0.6785714285714286,0.8571428571428572,0.8571428571428572,1.0,1.0,1.0
site_16456,0,0.9708263075693123,0.5729963950571462,0.6785714285714286,0.8571428571428572,0.8571428571428572,1.0,1.0,1.0
site_20466,0,0.9758290207802555,0.8640192897802955,0.6785714285714286,0.8571428571428572,0.8571428571428572,1.0,1.0,1.0
site_11473,0,0.9947791567865579,0.2994682828982209,0.6785714285714286,0.8571428571428572,0.8571428571428572,1.0,1.0,1.0
site_09286,0,0.982072511413802,0.19989246397157512,0.6785714285714286,0.8571428571428572,0.8571428571428572,1.0,1.0,1.0
site_12501,0,0.78418568291395,0.9444759171811024,0.55,1.0,0.0,1.0,1.0,1.0
site_09671,0,0.8973635020393009,0.11546783648280279,0.6785714285714286,0.8571428571428572,0.8571428571428572,1.0,1.0,1.0
site_11012,1,0.9708379097484295,0.9212273335930401,0.6785714285714286,0.8571428571428572,0.8571428571428572,1.0,1.0,1.0
site_05405,0,0.9758971621591492,0.6458365549535858,0.6785714285714286,0.8571428571428572,0.8571428571428572,1.0,1.0,1.0
site_06724,0,0.9695954221780371,0.5941649078702291,0.6785714285714286,0.8571428571428572,0.8571428571428572,1.0,1.0,1.0
site_07719,0,0.9942670099048779,0.6367229438578333,0.6785714285714286,0.8571428571428572,0.8571428571428572,1.0,1.0,1.0
site_02034,0,0.9067910438151935,0.7899073302891897,0.55,1.0,0.0,1.0,1.0,1.0
site_08817,0,0.893756751916826,0.15093330545349792,0.6785714285714286,0.8571428571428572,0.8571428571428572,1.0,1.0,1.0
site_05161,0,0.9841356426483526,0.669786539182613,0.6785714285714286,0.8571428571428572,0.8571428571428572,1.0,1.0,1.0
site_09891,0,0.9757332618186041,0.7991125745504142,0.6785714285714286,0.8571428571428572,0.8571428571428572,1.0,1.0,1.0
site_02154,0,0.9143423038371812,0.780097312233525,0.55,1.0,0.0,1.0,1.0,1.0
site_13560,0,0.9867827828326616,0.8726538894327944,0.6785714285714286,0.8571428571428572,0.8571428571428572,1.0,1.0,1.0
site_12052,0,0.9892561483427051,0.44276821886031137,0.6785714285714286,0.8571428571428572,0.8571428571428572,1.0,1.0,1.0
site_14784,0,0.9240070159129736,0.6971773382728694,0.6785714285714286,0.8571428571428572,0.8571428571428572,1.0,1.0,1.0
site_06821,0,0.9708591524665532,0.7466360414478026,0.6785714285714286,0.8571428571428572,0.8571428571428572,1.0,1.0,1.0
site_12334,0,0.8988910999348668,0.7029029263896198,0.6785714285714286,0.8571428571428572,0.8571428571428572,1.0,1.0,1.0
site_13058,0,0.9854255961344192,0.6704240079874808,0.6785714285714286,0.8571428571428572,0.8571428571428572,1.0,1.0,1.0
site_07240,0,0.993732526313474,0.6756859235678692,0.6785714285714286,0.8571428571428572,0.8571428571428572,1.0,1.0,1.0
site_12316,0,0.9434118691320693,0.5573725205100197,0.6785714285714286,0.8571428571428572,0.8571428571428572,1.0,1.0,1.0
site_04412,0,0.9225609536910757,0.6963653954022204,0.6785714285714286,0.8571428571428572,0.8571428571428572,1.0,1.0,1.0
site_08503,0,0.9415475360578142,0.40492821346857044,0.6785714285714286,0.8571428571428572,0.8571428571428572,1.0,1.0,1.0
site_07592,0,0.970193632992359,0.44167572863972937,0.6785714285714286,0.8571428571428572,0.8571428571428572,1.0,1.0,1.0
site_07414,0,0.9947792154680997,0.7291076705723591,0.6785714285714286,0.8571428571428572,0.8571428571428572,1.0,1.0,1.0
site_19811,0,0.5518702802156512,0.9982772656971918,0.7571428571428572,0.8571428571428572,0.8571428571428572,1.0,1.0,0.7142857142857143
site_09559,0,0.9927814419650207,0.1080560913130304,0.6785714285714286,0.8571428571428572,0.8571428571428572,1.0,1.0,1.0
site_02939,1,0.9908077861098861,0.9244782081785993,0.6785714285714286,0.8571428571428572,0.8571428571428572,1.0,1.0,1.0
site_09266,0,0.9780943779223035,0.8262434570565971,0.6785714285714286,0.8571428571428572,0.8571428571428572,1.0,1.0,1.0
site_10016,0,0.924192889230829,0.8244140058358917,0.6785714285714286,0.8571428571428572,0.8571428571428572,1.0,1.0,1.0
site_15548,0,0.9901088842900444,0.8161204620970447,0.6785714285714286,0.8571428571428572,0.8571428571428572,1.0,1.0,1.0
site_08051,0,0.9828959997355567,0.6159863599966474,0.6785714285714286,0.8571428571428572,0.8571428571428572,1.0,1.0,1.0
site_16650,0,0.9854491563077166,0.8310538355147452,0.6785714285714286,0.8571428571428572,0.8571428571428572,1.0,1.0,1.0
site_06299,0,0.9587836871543415,0.7816997963337121,0.6785714285714286,0.8571428571428572,0.8571428571428572,1.0,1.0,1.0
site_11341,0,0.9864516270577065,0.41765407384926256,0.6785714285714286,0.8571428571428572,0.8571428571428572,1.0,1.0,1.0
site_19337,0,0.9884125527440875,0.676729082539401,0.6785714285714286,0.8571428571428572,0.8571428571428572,1.0,1.0,1.0
site_05873,0,0.9928371843067182,0.7289003748542114,0.6785714285714286,0.8571428571428572,0.8571428571428572,1.0,1.0,1.0
site_15010,0,0.9965269732352109,0.7408474172000172,0.6785714285714286,0.8571428571428572,0.8571428571428572,1.0,1.0,1.0
site_01864,0,0.8999307654678136,0.7817628824082588,0.6785714285714286,0.8571428571428572,0.8571428571428572,1.0,1.0,1.0
site_16397,0,0.9594566545270764,0.574423280598571,0.6785714285714286,0.8571428571428572,0.8571428571428572,1.0,1.0,1.0
site_12231,0,0.9852262595942645,0.8457787754936431,0.6785714285714286,0.8571428571428572,0.8571428571428572,1.0,1.0,1.0
site_09330,0,0.795124652560563,0.9183824198957492,0.7428571428571429,0.8571428571428572,0.8571428571428572,1.0,1.0,1.0
site_17953,0,0.9885798510253375,0.8414523706541008,0.6785714285714286,0.8571428571428572,0.8571428571428572,1.0,1.0,1.0
site_10049,0,0.986540484883754,0.06302993072350727,0.6785714285714286,0.8571428571428572,0.8571428571428572,1.0,1.0,1.0
site_02231,1,0.8704635703200252,0.9827098627120147,0.6785714285714286,0.7142857142857143,0.8571428571428572,1.0,1.0,1.0
site_05057,0,0.9766568403586652,0.6400999286693344,0.6785714285714286,0.8571428571428572,0.8571428571428572,1.0,1.0,1.0
site_00847,0,0.9803932301158174,0.827396075610841,0.6785714285714286,0.8571428571428572,0.8571428571428572,1.0,1.0,1.0
site_12066,0,0.9847013373683581,0.5640526036601747,0.6785714285714286,0.8571428571428572,0.8571428571428572,1.0,1.0,1.0
site_06070,0,0.9776024757068105,0.7350376972092683,0.6785714285714286,0.8571428571428572,0.8571428571428572,1.0,1.0,1.0
site_06787,0,0.9942669032535044,0.7065285135489334,0.6785714285714286,0.8571428571428572,0.8571428571428572,1.0,1.0,1.0
site_15321,0,0.9875302059044764,0.746982586677724,0.6785714285714286,0.8571428571428572,0.8571428571428572,1.0,1.0,1.0
site_13239,0,0.9671295995747448,0.8995988230785021,0.6785714285714286,0.8571428571428572,0.8571428571428572,1.0,1.0,1.0
site_11610,0,0.9835650084328542,0.2350833572731077,0.6785714285714286,0.8571428571428572,0.8571428571428572,1.0,1.0,1.0
site_01061,0,0.698998042666928,0.9644343165162015,0.3928571428571429,0.1428571428571429,1.0,0.1428571428571429,0.5714285714285714,0.7142857142857143
site_20327,0,0.9893565142711125,0.8692015979926266,0.6785714285714286,0.8571428571428572,0.8571428571428572,1.0,1.0,1.0
site_11288,0,0.9330544130725098,0.903027727973212,0.7428571428571429,0.8571428571428572,0.8571428571428572,1.0,1.0,1.0
site_06015,0,0.9407350146642006,0.69767809311388,0.6785714285714286,0.8571428571428572,0.8571428571428572,1.0,1.0,1.0
site_11738,0,0.9990302305288348,0.8752030816439873,0.6785714285714286,0.8571428571428572,0.8571428571428572,1.0,1.0,1.0
site_17461,0,0.9911569487350897,0.7925130643148424,0.6785714285714286,0.8571428571428572,0.8571428571428572,1.0,1.0,1.0
site_05872,0,0.9116416190746323,0.7200770259212061,0.6785714285714286,0.8571428571428572,0.8571428571428572,1.0,1.0,1.0
site_01749,0,0.9908680427387617,0.8846202937911715,0.6785714285714286,0.8571428571428572,0.8571428571428572,1.0,1.0,1.0
site_00028,1,0.9756271395103842,0.9577698658977309,0.55,1.0,0.0,1.0,1.0,1.0
site_02377,0,0.9497799602393248,0.7492534811971859,0.6785714285714286,0.8571428571428572,0.8571428571428572,1.0,1.0,1.0
site_20083,0,0.9810938821359289,0.6052579207314632,0.6785714285714286,0.8571428571428572,0.8571428571428572,1.0,1.0,1.0
site_20726,0,0.9830385753901104,0.8816276742945668,0.6785714285714286,0.8571428571428572,0.8571428571428572,1.0,1.0,1.0
site_17129,1,0.8510186310877237,0.9882364796101871,0.6785714285714286,0.7142857142857143,0.8571428571428572,1.0,1.0,1.0
site_12107,0,0.9412512594735482,0.8576820358532766,0.6785714285714286,0.5714285714285714,1.0,1.0,1.0,1.0
site_20592,0,0.9501325673778854,0.8196148250876693,0.6785714285714286,0.8571428571428572,0.8571428571428572,1.0,1.0,1.0
site_14902,0,0.9833295706356164,0.7498777034028449,0.6785714285714286,0.8571428571428572,0.8571428571428572,1.0,1.0,1.0
site_16281,0,0.9918590677937457,0.6310098317841584,0.6785714285714286,0.8571428571428572,0.8571428571428572,1.0,1.0,1.0
site_10455,0,0.9758971845140223,0.3713683443445467,0.6785714285714286,0.8571428571428572,0.8571428571428572,1.0,1.0,1.0
site_17631,0,0.80762405195964,0.7336123340987328,0.6357142857142858,1.0,0.8571428571428572,1.0,0.7142857142857143,1.0
site_04362,0,0.9655598441144031,0.7811486158143399,0.6785714285714286,0.8571428571428572,0.8571428571428572,1.0,1.0,1.0
site_00299,1,0.9593116869011055,0.9392912201719844,0.6785714285714286,0.8571428571428572,0.8571428571428572,1.0,1.0,1.0
site_11742,0,0.7337512860013309,0.8389609094624898,0.4642857142857143,1.0,0.0,1.0,1.0,0.1428571428571429
site_08068,0,0.9939939968261148,0.5520277170245642,0.6785714285714286,0.8571428571428572,0.8571428571428572,1.0,1.0,1.0
site_08140,0,0.9322582964299089,0.4173599016756244,0.6785714285714286,0.8571428571428572,0.8571428571428572,1.0,1.0,1.0
site_15770,0,0.5902792010380291,0.9443594740034147,0.6785714285714286,0.5714285714285714,1.0,1.0,1.0,1.0
site_02587,0,0.9847993448576579,0.8558553369064886,0.6785714285714286,0.8571428571428572,0.8571428571428572,1.0,1.0,1.0
site_13127,0,0.9496116951098149,0.8897312821642324,0.6785714285714286,0.5714285714285714,1.0,1.0,1.0,1.0
site_05036,0,0.9919917337193632,0.6955824735464294,0.6785714285714286,0.8571428571428572,0.8571428571428572,1.0,1.0,1.0
site_09468,0,0.9779810796998318,0.08627182433696612,0.6785714285714286,0.8571428571428572,0.8571428571428572,1.0,1.0,1.0
site_02308,0,0.9131398575702483,0.7919330194945368,0.6785714285714286,0.8571428571428572,0.8571428571428572,1.0,1.0,1.0
site_13114,1,0.9838302955743432,0.9123023017682449,0.6785714285714286,0.8571428571428572,0.8571428571428572,1.0,1.0,1.0
site_10458,0,0.9963083886836265,0.39862568249518704,0.6785714285714286,0.8571428571428572,0.8571428571428572,1.0,1.0,1.0
site_01675,0,0.6493063193470516,0.8328003495557618,0.6785714285714286,0.7142857142857143,0.8571428571428572,1.0,1.0,1.0
site_17749,0,0.9224415563140713,0.8328189896416313,0.6785714285714286,0.8571428571428572,0.8571428571428572,1.0,1.0,1.0
site_16554,1,0.9341664487811706,0.99679478636872,0.6785714285714286,0.5714285714285714,1.0,1.0,1.0,1.0
site_05943,0,0.9578345774863418,0.7089470793083759,0.6785714285714286,0.8571428571428572,0.8571428571428572,1.0,1.0,1.0
site_06181,0,0.9811786071048197,0.8939904487083572,0.6785714285714286,0.8571428571428572,0.8571428571428572,1.0,1.0,1.0
site_16519,0,0.9809018798570432,0.6160151281494164,0.6785714285714286,0.8571428571428572,0.8571428571428572,1.0,1.0,1.0
site_07442,0,0.9926167391776781,0.6601390635891058,0.6785714285714286,0.8571428571428572,0.8571428571428572,1.0,1.0,1.0
site_07159,0,0.9820950171822534,0.7550238225854478,0.6785714285714286,0.8571428571428572,0.8571428571428572,1.0,1.0,1.0
site_01923,0,0.7193695019680038,0.9683120019977484,0.6785714285714286,0.7142857142857143,0.8571428571428572,1.0,1.0,1.0
site_20402,0,0.9960098987340644,0.9078219003245569,0.6785714285714286,0.8571428571428572,0.8571428571428572,1.0,1.0,1.0
site_17448,0,0.9548454515225338,0.6699696564378771,0.6785714285714286,0.8571428571428572,0.8571428571428572,1.0,1.0,1.0
site_07339,0,0.9240758242122471,0.44357252421286564,0.6785714285714286,0.5714285714285714,1.0,1.0,1.0,1.0
site_16052,0,0.764091021651082,0.9975265332993963,0.6785714285714286,0.5714285714285714,1.0,1.0,1.0,1.0
site_15127,0,0.9710079446387232,0.7184897927848168,0.6785714285714286,0.8571428571428572,0.8571428571428572,1.0,1.0,1.0
site_20774,0,0.9767227481131593,0.8093196838945451,0.6785714285714286,0.8571428571428572,0.8571428571428572,1.0,1.0,1.0
site_11299,0,0.9848066278890096,0.03902587557681536,0.6785714285714286,0.8571428571428572,0.8571428571428572,1.0,1.0,1.0
site_17166,0,0.9690978958490637,0.9062968940280829,0.6785714285714286,0.8571428571428572,0.8571428571428572,1.0,1.0,1.0
site_13853,0,0.9047586877892199,0.7278465024197309,0.6785714285714286,0.8571428571428572,0.8571428571428572,1.0,1.0,1.0
site_12323,0,0.9095928024104634,0.6154427103783274,0.6785714285714286,0.8571428571428572,0.8571428571428572,1.0,1.0,1.0
site_03839,0,0.9353419499744439,0.6613322969995787,0.6785714285714286,0.8571428571428572,0.8571428571428572,1.0,1.0,1.0
site_14911,0,0.9809986336105457,0.7322558059198554,0.6785714285714286,0.8571428571428572,0.8571428571428572,1.0,1.0,1.0
site_21118,1,0.9697070102527198,0.9925939163694744,0.6357142857142858,1.0,0.8571428571428572,1.0,0.7142857142857143,1.0
site_20522,0,0.9866957860497961,0.7931869634756886,0.6785714285714286,0.8571428571428572,0.8571428571428572,1.0,1.0,1.0
site_14642,0,0.974621431029613,0.7749701976338712,0.6785714285714286,0.8571428571428572,0.8571428571428572,1.0,1.0,1.0
site_17675,0,0.9403246276304085,0.8844118941120678,0.6785714285714286,0.8571428571428572,0.8571428571428572,1.0,1.0,1.0
site_21036,0,0.9731567881823915,0.7607918475768429,0.6785714285714286,0.8571428571428572,0.8571428571428572,1.0,1.0,1.0
site_17666,0,0.9607898768014004,0.845236184062371,0.6785714285714286,0.8571428571428572,0.8571428571428572,1.0,1.0,1.0
site_19654,0,0.9612678314390112,0.8851908872284323,0.6785714285714286,0.8571428571428572,0.8571428571428572,1.0,1.0,1.0
site_12810,0,0.91980093909543,0.590335691983938,0.6785714285714286,0.8571428571428572,0.8571428571428572,1.0,1.0,1.0
site_17778,0,0.9711728192791526,0.6949993584135717,0.6785714285714286,0.8571428571428572,0.8571428571428572,1.0,1.0,1.0
site_07237,0,0.9946278808948459,0.6929231244334559,0.6785714285714286,0.8571428571428572,0.8571428571428572,1.0,1.0,1.0
site_00172,0,0.5347338691110857,0.8368718047161086,0.6785714285714286,0.5714285714285714,0.8571428571428572,1.0,0.5714285714285714,0.5714285714285714
site_03088,0,0.8936981672461646,0.879657124481937,0.6785714285714286,0.8571428571428572,0.8571428571428572,1.0,1.0,1.0
site_03385,0,0.9962118903811213,0.8547647033277541,0.6785714285714286,0.8571428571428572,0.8571428571428572,1.0,1.0,1.0
site_13048,0,0.9555016005791045,0.596727060828898,0.6785714285714286,0.8571428571428572,0.8571428571428572,1.0,1.0,1.0
site_11682,0,0.9636110804104188,0.8635184453696966,0.6785714285714286,0.5714285714285714,1.0,1.0,1.0,1.0
site_10489,1,0.9268247582424801,0.9934852169967968,0.6785714285714286,0.8571428571428572,0.8571428571428572,1.0,1.0,1.0
site_12777,0,0.9295417993204834,0.3136516330739303,0.6785714285714286,0.8571428571428572,0.8571428571428572,1.0,1.0,1.0
site_14017,0,0.9735523856047494,0.5052227836561176,0.6785714285714286,0.8571428571428572,0.8571428571428572,1.0,1.0,1.0
site_09939,0,0.9873383852589344,0.2361780414418193,0.55,1.0,0.0,1.0,1.0,1.0
site_17958,0,0.953247812083864,0.8530845838298278,0.6785714285714286,0.8571428571428572,0.8571428571428572,1.0,1.0,1.0
site_02139,0,0.9789036187382958,0.7986356526801958,0.6785714285714286,0.8571428571428572,0.8571428571428572,1.0,1.0,1.0
site_05650,1,0.9742272512787882,0.9242134227766883,0.6785714285714286,0.8571428571428572,0.8571428571428572,1.0,1.0,1.0
site_02105,1,0.9785631484328996,0.9919472663457293,0.6785714285714286,0.7142857142857143,0.8571428571428572,1.0,1.0,1.0
site_00461,0,0.8683325696908697,0.9033033331648894,0.6785714285714286,0.8571428571428572,0.8571428571428572,1.0,1.0,1.0
site_16555,1,0.984357909699547,0.9961015430513798,0.6785714285714286,0.5714285714285714,1.0,1.0,1.0,1.0
site_14108,0,0.9652036937284626,0.7914349681103635,0.6785714285714286,0.8571428571428572,0.8571428571428572,1.0,1.0,1.0
site_14358,0,0.9476181993048409,0.7812041612191816,0.6785714285714286,0.8571428571428572,0.8571428571428572,1.0,1.0,1.0
site_13189,0,0.9887057834768993,0.7519959678454557,0.6785714285714286,0.8571428571428572,0.8571428571428572,1.0,1.0,1.0
site_11081,0,0.9928371843067182,0.4925975721326804,0.6785714285714286,0.8571428571428572,0.8571428571428572,1.0,1.0,1.0
site_07760,0,0.9595670019063044,0.3650626532637026,0.6785714285714286,0.8571428571428572,0.8571428571428572,1.0,1.0,1.0
site_17233,0,0.7557901207675817,0.9542539409115672,0.6785714285714286,0.7142857142857143,0.8571428571428572,1.0,1.0,1.0
site_04301,0,0.9922979717282093,0.7976366470364002,0.6785714285714286,0.8571428571428572,0.8571428571428572,1.0,1.0,1.0
site_20380,0,0.9391588619843521,0.7647485753670387,0.6785714285714286,0.8571428571428572,0.8571428571428572,1.0,1.0,1.0
site_01051,0,0.9746620181645564,0.8895956149665012,0.6785714285714286,0.8571428571428572,0.8571428571428572,1.0,1.0,1.0
site_01928,1,0.9765016546928005,0.9489514753287894,0.6785714285714286,0.8571428571428572,0.8571428571428572,1.0,1.0,1.0
site_09699,0,0.9647446811199565,0.18147001040462207,0.6785714285714286,0.8571428571428572,0.8571428571428572,1.0,1.0,1.0
site_01936,0,0.802393712116687,0.8459822382349421,0.6785714285714286,0.8571428571428572,0.8571428571428572,1.0,1.0,1.0
site_15324,0,0.9877130482741263,0.7725969078311835,0.6785714285714286,0.8571428571428572,0.8571428571428572,1.0,1.0,1.0
site_01451,0,0.879197529804411,0.8832821968188691,0.6785714285714286,0.8571428571428572,0.8571428571428572,1.0,1.0,1.0
site_05530,0,0.9801833383497669,0.6647537669117012,0.6785714285714286,0.8571428571428572,0.8571428571428572,1.0,1.0,1.0
site_21541,0,0.9754669929256067,0.823007858727171,0.6785714285714286,0.8571428571428572,0.8571428571428572,1.0,1.0,1.0
site_06856,0,0.9869641861073585,0.7692424812196957,0.6785714285714286,0.8571428571428572,0.8571428571428572,1.0,1.0,1.0
site_00049,0,0.5750400629131702,0.8860963286091053,0.7428571428571429,0.8571428571428572,0.8571428571428572,1.0,1.0,1.0
site_13541,0,0.9911892636355486,0.792988537977142,0.6785714285714286,0.8571428571428572,0.8571428571428572,1.0,1.0,1.0
site_00502,0,0.9308709977176569,0.8970057791870326,0.6785714285714286,0.5714285714285714,0.8571428571428572,1.0,0.5714285714285714,0.5714285714285714
site_18854,0,0.9844101344088233,0.7461183153171429,0.6785714285714286,0.8571428571428572,0.8571428571428572,1.0,1.0,1.0
site_08656,0,0.9979980740792505,0.3663516074143256,0.6785714285714286,0.8571428571428572,0.8571428571428572,1.0,1.0,1.0
site_11650,0,0.9548331526165396,0.5901985562671808,0.6785714285714286,0.8571428571428572,0.8571428571428572,1.0,1.0,1.0
site_07654,0,0.983860182176716,0.6799495499105208,0.6785714285714286,0.8571428571428572,0.8571428571428572,1.0,1.0,1.0
site_17593,0,0.9857888358094783,0.6909343698982867,0.6785714285714286,0.8571428571428572,0.8571428571428572,1.0,1.0,1.0
site_08514,0,0.9759138761525725,0.3342003163033579,0.6785714285714286,0.8571428571428572,0.8571428571428572,1.0,1.0,1.0
site_15158,0,0.9597119695322752,0.6752369288190663,0.6785714285714286,0.8571428571428572,0.8571428571428572,1.0,1.0,1.0
site_07587,0,0.9822297276473028,0.4800376343084789,0.6785714285714286,0.8571428571428572,0.8571428571428572,1.0,1.0,1.0
site_10516,0,0.9429919812772275,0.8863678782687444,0.4642857142857143,1.0,0.0,1.0,1.0,0.1428571428571429
site_05362,0,0.9131094325880159,0.6088371407901163,0.6785714285714286,0.8571428571428572,0.8571428571428572,1.0,1.0,1.0
site_02096,0,0.8427829617238075,0.8079372220308754,0.6785714285714286,0.5714285714285714,1.0,1.0,1.0,1.0
site_11957,0,0.9714558506011315,0.7088249146180066,0.6785714285714286,0.8571428571428572,0.8571428571428572,1.0,1.0,1.0
site_19681,0,0.9908060405668814,0.6335343502489463,0.6785714285714286,0.8571428571428572,0.8571428571428572,1.0,1.0,1.0
site_01989,1,0.997395497544511,0.9559671593044804,0.6785714285714286,0.8571428571428572,0.8571428571428572,1.0,1.0,1.0
site_07354,0,0.9891816842605479,0.7376497220976567,0.6785714285714286,0.8571428571428572,0.8571428571428572,1.0,1.0,1.0
site_14031,0,0.9831082462149027,0.6006074373824819,0.6785714285714286,0.8571428571428572,0.8571428571428572,1.0,1.0,1.0
site_17284,1,0.9237579528206067,0.9486871759793866,0.6785714285714286,0.7142857142857143,0.8571428571428572,1.0,1.0,1.0
site_08547,0,0.9899897933610915,0.45852418322241917,0.6785714285714286,0.8571428571428572,0.8571428571428572,1.0,1.0,1.0
site_20754,0,0.954802682924561,0.6809953910487403,0.6785714285714286,0.8571428571428572,0.8571428571428572,1.0,1.0,1.0
site_05584,0,0.9860723878137089,0.6730985297151857,0.6785714285714286,0.8571428571428572,0.8571428571428572,1.0,1.0,1.0
site_15465,0,0.9884165924559397,0.7170896207544105,0.6785714285714286,0.8571428571428572,0.8571428571428572,1.0,1.0,1.0
site_10889,0,0.8984364539782315,0.881222076101381,0.6785714285714286,0.8571428571428572,0.8571428571428572,1.0,1.0,1.0
site_14182,0,0.9896938204305179,0.8192272736522327,0.6785714285714286,0.8571428571428572,0.8571428571428572,1.0,1.0,1.0
site_16841,0,0.9543922437293985,0.882095331574002,0.6785714285714286,0.8571428571428572,0.8571428571428572,1.0,1.0,1.0
site_07448,0,0.9726007982716524,0.6248250847811574,0.6785714285714286,0.8571428571428572,0.8571428571428572,1.0,1.0,1.0
site_08266,0,0.9756491758265013,0.5584304198323808,0.6785714285714286,0.8571428571428572,0.8571428571428572,1.0,1.0,1.0
site_17283,1,0.9266923130712341,0.9550626296961374,0.6785714285714286,0.7142857142857143,0.8571428571428572,1.0,1.0,1.0
site_12257,0,0.7030606980705538,0.9730809707057433,0.7428571428571429,0.8571428571428572,0.8571428571428572,1.0,1.0,1.0
site_02268,0,0.9767986708507835,0.7375637220108852,0.6785714285714286,0.8571428571428572,0.8571428571428572,1.0,1.0,1.0
site_03084,0,0.979771986330621,0.8534490883724051,0.6785714285714286,0.8571428571428572,0.8571428571428572,1.0,1.0,1.0
site_16305,0,0.9760288304985566,0.9056719417027268,0.6785714285714286,0.8571428571428572,0.8571428571428572,1.0,1.0,1.0
site_18995,0,0.9518019398783871,0.7289827511431841,0.6785714285714286,0.8571428571428572,0.8571428571428572,1.0,1.0,1.0
site_09349,0,0.9789178122197817,0.8147536059724908,0.6785714285714286,0.8571428571428572,0.8571428571428572,1.0,1.0,1.0
site_13944,0,0.9623219158650805,0.6739841856702437,0.6785714285714286,0.8571428571428572,0.8571428571428572,1.0,1.0,1.0
site_12482,0,0.9829837351606863,0.8347560912571873,0.6785714285714286,0.8571428571428572,0.8571428571428572,1.0,1.0,1.0
site_07209,0,0.9380337449491399,0.7529320618360459,0.6785714285714286,0.8571428571428572,0.8571428571428572,1.0,1.0,1.0
site_17983,0,0.9468582006854779,0.7594347302687673,0.6785714285714286,0.8571428571428572,0.8571428571428572,1.0,1.0,1.0
site_14542,0,0.9740680231067121,0.775148779312279,0.6785714285714286,0.8571428571428572,0.8571428571428572,1.0,1.0,1.0
site_18569,0,0.9872804945207908,0.7835831540264935,0.6785714285714286,0.8571428571428572,0.8571428571428572,1.0,1.0,1.0
site_20574,0,0.9833937514761668,0.7042834519541361,0.6785714285714286,0.8571428571428572,0.8571428571428572,1.0,1.0,1.0
site_12641,0,0.673847648022941,0.9500243642233667,0.7428571428571429,0.8571428571428572,0.8571428571428572,1.0,1.0,1.0
site_05181,0,0.9786461055039128,0.6292883678237569,0.6785714285714286,0.8571428571428572,0.8571428571428572,1.0,1.0,1.0
site_01098,1,0.8643856231101935,0.9671541400309499,0.6357142857142858,0.4285714285714286,0.8571428571428572,1.0,0.7142857142857143,0.5714285714285714
site_15859,0,0.9468804512357952,0.6318911160920047,0.6785714285714286,0.8571428571428572,0.8571428571428572,1.0,1.0,1.0
site_11325,0,0.977335847272938,0.27389642510363577,0.6785714285714286,0.8571428571428572,0.8571428571428572,1.0,1.0,1.0
site_18177,0,0.9815243922812856,0.8058995107439988,0.6785714285714286,0.8571428571428572,0.8571428571428572,1.0,1.0,1.0
site_06743,0,0.8503460027638969,0.7655489344296084,0.6785714285714286,0.8571428571428572,0.8571428571428572,1.0,1.0,1.0
site_15477,0,0.9627731974133206,0.8216430923306892,0.55,1.0,0.0,1.0,1.0,1.0
site_11601,0,0.991941856271758,0.1541039691347863,0.6785714285714286,0.8571428571428572,0.8571428571428572,1.0,1.0,1.0
site_02239,1,0.9943580268390818,0.9666066250782837,0.6785714285714286,0.8571428571428572,0.8571428571428572,1.0,1.0,1.0
site_20746,0,0.6074926619384023,0.9817348886972719,0.5857142857142859,0.2857142857142857,1.0,1.0,0.5714285714285714,0.7142857142857143
site_20512,0,0.9771701604054542,0.7244687636305519,0.6785714285714286,0.8571428571428572,0.8571428571428572,1.0,1.0,1.0
site_04101,0,0.9583732777656764,0.7360301960848803,0.6785714285714286,0.8571428571428572,0.8571428571428572,1.0,1.0,1.0
site_13054,0,0.9758143261770318,0.641838885120954,0.6785714285714286,0.8571428571428572,0.8571428571428572,1.0,1.0,1.0
site_00910,0,0.9901816298413353,0.8287557552031822,0.6785714285714286,0.8571428571428572,0.8571428571428572,1.0,1.0,1.0
site_18816,0,0.9687009496826979,0.7124484210944036,0.6785714285714286,0.8571428571428572,0.8571428571428572,1.0,1.0,1.0
site_10911,0,0.9773535355662454,0.11426080578716136,0.6785714285714286,0.8571428571428572,0.8571428571428572,1.0,1.0,1.0
site_01647,0,0.9791927864729292,0.8980265306214008,0.6785714285714286,0.8571428571428572,0.8571428571428572,1.0,1.0,1.0
site_11643,0,0.9771773083761146,0.5290663460449767,0.6785714285714286,0.8571428571428572,0.8571428571428572,1.0,1.0,1.0
site_11777,0,0.9815440012307699,0.40317287649620837,0.6785714285714286,0.8571428571428572,0.8571428571428572,1.0,1.0,1.0
site_10423,0,0.9632667333974531,0.06218346529837593,0.6785714285714286,0.8571428571428572,0.8571428571428572,1.0,1.0,1.0
site_02396,0,0.508380424618593,0.8440168469443957,0.6785714285714286,0.7142857142857143,0.8571428571428572,1.0,1.0,1.0
site_15050,0,0.979678576493547,0.7281990534654827,0.6785714285714286,0.8571428571428572,0.8571428571428572,1.0,1.0,1.0
site_02607,1,0.9112822719418444,0.9759178430147959,0.7428571428571429,0.8571428571428572,0.8571428571428572,1.0,1.0,1.0
site_08995,0,0.970247415091125,0.08317975722164728,0.6785714285714286,0.8571428571428572,0.8571428571428572,1.0,1.0,1.0
site_08904,0,0.9853164028255129,0.2897030037182411,0.6785714285714286,0.8571428571428572,0.8571428571428572,1.0,1.0,1.0
site_02290,1,0.975593337079414,0.966965774894027,0.6785714285714286,0.7142857142857143,0.8571428571428572,1.0,1.0,1.0
site_11988,0,0.9899933459230017,0.8912050471033907,0.7428571428571429,0.8571428571428572,0.8571428571428572,1.0,1.0,1.0
site_13237,0,0.9654897913938627,0.9040115660504241,0.6785714285714286,0.8571428571428572,0.8571428571428572,1.0,1.0,1.0
site_19540,0,0.988778863419833,0.6548935717820734,0.6785714285714286,0.8571428571428572,0.8571428571428572,1.0,1.0,1.0
site_17262,0,0.9646730747357386,0.8656314463995034,0.6785714285714286,0.8571428571428572,0.8571428571428572,1.0,1.0,1.0
site_07433,0,0.9917453643891999,0.7019607224712442,0.6785714285714286,0.8571428571428572,0.8571428571428572,1.0,1.0,1.0
site_09969,0,0.8300657066351529,0.9981268586325088,0.5642857142857143,0.4285714285714286,1.0,1.0,0.2857142857142857,0.7142857142857143
site_10885,0,0.9821437247248354,0.9083819225090843,0.6785714285714286,0.8571428571428572,0.8571428571428572,1.0,1.0,1.0
site_04902,0,0.9605884370402721,0.6648256442701453,0.6785714285714286,0.8571428571428572,0.8571428571428572,1.0,1.0,1.0
site_00481,0,0.9048475931193728,0.884213947360895,0.55,1.0,0.0,1.0,1.0,1.0
site_10647,0,0.9840602601534939,0.012499143351310193,0.6785714285714286,0.8571428571428572,0.8571428571428572,1.0,1.0,1.0
site_00060,1,0.9646098737837906,0.9467568864128849,0.6785714285714286,0.8571428571428572,0.8571428571428572,1.0,1.0,1.0
site_05332,0,0.8964125629975226,0.7074387958582815,0.6785714285714286,0.8571428571428572,0.8571428571428572,1.0,1.0,1.0
site_04308,0,0.9918922685060495,0.8177544299107582,0.6785714285714286,0.8571428571428572,0.8571428571428572,1.0,1.0,1.0
site_18263,0,0.9647129781841477,0.8172519177839346,0.6785714285714286,0.8571428571428572,0.8571428571428572,1.0,1.0,1.0
site_03050,1,0.9752415738373111,0.9517575846947556,0.6785714285714286,0.8571428571428572,0.8571428571428572,1.0,1.0,1.0
site_17575,0,0.6606920436801105,0.7538945033168695,0.6357142857142858,1.0,0.8571428571428572,1.0,0.7142857142857143,1.0
site_12913,0,0.983179692389197,0.464090752631396,0.6785714285714286,0.8571428571428572,0.8571428571428572,1.0,1.0,1.0
site_19641,0,0.9472708120291393,0.7705220869140829,0.6785714285714286,0.8571428571428572,0.8571428571428572,1.0,1.0,1.0
site_15523,0,0.9706750749901668,0.6657778546342756,0.6785714285714286,0.8571428571428572,0.8571428571428572,1.0,1.0,1.0
site_05342,0,0.9784407722690601,0.6265860827913834,0.6785714285714286,0.8571428571428572,0.8571428571428572,1.0,1.0,1.0
site_08517,0,0.9360103979370089,0.3136366646217381,0.6785714285714286,0.8571428571428572,0.8571428571428572,1.0,1.0,1.0
site_07208,0,0.9922979717282093,0.7508236053383966,0.6785714285714286,0.8571428571428572,0.8571428571428572,1.0,1.0,1.0
site_17107,0,0.9640653724148974,0.8259111187065229,0.6785714285714286,0.8571428571428572,0.8571428571428572,1.0,1.0,1.0
site_04069,0,0.9730723761817233,0.8511920386538896,0.6785714285714286,0.8571428571428572,0.8571428571428572,1.0,1.0,1.0
site_17038,0,0.9570150366625879,0.6162255914647176,0.6785714285714286,0.8571428571428572,0.8571428571428572,1.0,1.0,1.0
site_14892,0,0.9876810314386416,0.7471880500385453,0.6785714285714286,0.8571428571428572,0.8571428571428572,1.0,1.0,1.0
site_21504,0,0.9267667324436452,0.8511948511379973,0.6785714285714286,0.8571428571428572,0.8571428571428572,1.0,1.0,1.0
site_14822,0,0.9828631548383159,0.7571779272877022,0.6785714285714286,0.8571428571428572,0.8571428571428572,1.0,1.0,1.0
site_20030,0,0.9642084137959731,0.7380793309057194,0.6785714285714286,0.8571428571428572,0.8571428571428572,1.0,1.0,1.0
site_18368,0,0.9902694872868135,0.7026605175798013,0.6785714285714286,0.8571428571428572,0.8571428571428572,1.0,1.0,1.0
site_03973,0,0.9158506318321709,0.6615338560350179,0.6785714285714286,0.8571428571428572,0.8571428571428572,1.0,1.0,1.0
site_17161,0,0.97803198919741,0.8631454292949673,0.6785714285714286,0.8571428571428572,0.8571428571428572,1.0,1.0,1.0
site_00277,0,0.9845776562388039,0.888223928444227,0.6785714285714286,0.8571428571428572,0.8571428571428572,1.0,1.0,1.0
site_16781,0,0.9718666232564839,0.8872238621682415,0.6785714285714286,0.8571428571428572,0.8571428571428572,1.0,1.0,1.0
site_15489,0,0.9746409002611407,0.660290999226885,0.6785714285714286,0.8571428571428572,0.8571428571428572,1.0,1.0,1.0
site_02491,0,0.8008802275976452,0.981214752489318,0.4642857142857143,1.0,0.0,1.0,1.0,0.1428571428571429
site_17798,0,0.9844360418437917,0.836569158171818,0.6785714285714286,0.8571428571428572,0.8571428571428572,1.0,1.0,1.0
site_10356,0,0.9382590448114458,0.4901134826046618,0.6785714285714286,0.8571428571428572,0.8571428571428572,1.0,1.0,1.0
site_06789,0,0.9917452898729564,0.6919835206089414,0.6785714285714286,0.8571428571428572,0.8571428571428572,1.0,1.0,1.0
site_15136,0,0.9824528739901708,0.7217939678119061,0.6785714285714286,0.8571428571428572,0.8571428571428572,1.0,1.0,1.0
site_09186,0,0.9835408055569564,0.32971046027957873,0.6785714285714286,0.8571428571428572,0.8571428571428572,1.0,1.0,1.0
site_03094,1,0.988851718882583,0.9122602364307691,0.6785714285714286,0.8571428571428572,0.8571428571428572,1.0,1.0,1.0
site_15152,0,0.9561149027956468,0.7001147886183661,0.6785714285714286,0.8571428571428572,0.8571428571428572,1.0,1.0,1.0
site_07483,0,0.9891077865018415,0.7200723853976889,0.6785714285714286,0.8571428571428572,0.8571428571428572,1.0,1.0,1.0
site_10996,1,0.9942686804659125,0.9454912833729573,0.6785714285714286,0.8571428571428572,0.8571428571428572,1.0,1.0,1.0
site_17080,0,0.7820627300390954,0.9932559923010412,0.6785714285714286,0.7142857142857143,0.8571428571428572,1.0,1.0,1.0
site_18691,0,0.9765040876481517,0.8608901024172037,0.6785714285714286,0.8571428571428572,0.8571428571428572,1.0,1.0,1.0
site_03170,0,0.9963082235835744,0.6938651875652404,0.6785714285714286,0.8571428571428572,0.8571428571428572,1.0,1.0,1.0
site_14677,0,0.9708451806708918,0.5833011712682774,0.6785714285714286,0.8571428571428572,0.8571428571428572,1.0,1.0,1.0
site_14971,0,0.9843821498335665,0.7373018754841576,0.6785714285714286,0.8571428571428572,0.8571428571428572,1.0,1.0,1.0
site_09802,0,0.9775489171567749,0.11779820956507381,0.6785714285714286,0.8571428571428572,0.8571428571428572,1.0,1.0,1.0
site_14955,0,0.9597619885607432,0.7153012602598363,0.6785714285714286,0.8571428571428572,0.8571428571428572,1.0,1.0,1.0
site_13806,0,0.9468735324025838,0.7935993019877454,0.55,1.0,0.0,1.0,1.0,1.0
site_15490,0,0.9872566567744863,0.6625050673927003,0.6785714285714286,0.8571428571428572,0.8571428571428572,1.0,1.0,1.0
site_01040,0,0.9287518451712222,0.7928135351776548,0.6785714285714286,0.8571428571428572,0.8571428571428572,1.0,1.0,1.0
site_14375,0,0.9849682610728455,0.8022567222916815,0.6785714285714286,0.8571428571428572,0.8571428571428572,1.0,1.0,1.0
site_15485,0,0.9851803547938922,0.6492465567154481,0.6785714285714286,0.8571428571428572,0.8571428571428572,1.0,1.0,1.0
site_07252,0,0.9955231777261291,0.5954704213636571,0.6785714285714286,0.8571428571428572,0.8571428571428572,1.0,1.0,1.0
site_03678,0,0.9751124036549681,0.9076580533974041,0.6785714285714286,0.8571428571428572,0.8571428571428572,1.0,1.0,1.0
site_20701,0,0.9468203836918876,0.7151833780002436,0.6785714285714286,0.8571428571428572,0.8571428571428572,1.0,1.0,1.0
site_13145,0,0.9784779931327022,0.4400054534297796,0.6785714285714286,0.8571428571428572,0.8571428571428572,1.0,1.0,1.0
site_12265,1,0.9959772019378575,0.9759835801492832,0.7428571428571429,0.8571428571428572,0.8571428571428572,1.0,1.0,1.0
site_10645,0,0.9885420256486699,0.8173995278167072,0.6785714285714286,0.8571428571428572,0.8571428571428572,1.0,1.0,1.0
site_01368,0,0.657134668020597,0.9765333137724291,0.6357142857142858,0.4285714285714286,0.8571428571428572,1.0,0.7142857142857143,0.5714285714285714
site_04185,0,0.9707768455497647,0.8359581978326631,0.6785714285714286,0.8571428571428572,0.8571428571428572,1.0,1.0,1.0
site_13816,0,0.9924025259352295,0.5159000081694232,0.6785714285714286,0.8571428571428572,0.8571428571428572,1.0,1.0,1.0
site_04555,0,0.977177360537485,0.7389221656586487,0.6785714285714286,0.8571428571428572,0.8571428571428572,1.0,1.0,1.0
site_18767,0,0.9737029643038579,0.8971817614838397,0.6785714285714286,0.8571428571428572,0.8571428571428572,1.0,1.0,1.0
site_12748,1,0.958829428950431,0.9357365755989399,0.6785714285714286,0.8571428571428572,0.8571428571428572,1.0,1.0,1.0
site_18549,0,0.9585432865752848,0.893671061357198,0.7357142857142858,0.5714285714285714,0.7142857142857143,1.0,1.0,0.7142857142857143
site_20892,0,0.9834227271174625,0.8877554792563002,0.6785714285714286,0.8571428571428572,0.8571428571428572,1.0,1.0,1.0
site_03576,0,0.9877492277732651,0.7504277030582877,0.6785714285714286,0.8571428571428572,0.8571428571428572,1.0,1.0,1.0
site_21460,0,0.9897418033026314,0.8883776845643101,0.6785714285714286,0.8571428571428572,0.8571428571428572,1.0,1.0,1.0
site_10874,0,0.6903893896976584,0.9339987872247841,0.7428571428571429,0.8571428571428572,0.8571428571428572,1.0,1.0,1.0
site_04173,0,0.9955232461879279,0.7944876526055811,0.6785714285714286,0.8571428571428572,0.8571428571428572,1.0,1.0,1.0
site_13841,0,0.9856031040724856,0.6769047725362041,0.6785714285714286,0.8571428571428572,0.8571428571428572,1.0,1.0,1.0
site_12115,0,0.9335417716600538,0.8793179888255089,0.4642857142857143,1.0,0.0,1.0,1.0,0.1428571428571429
site_20860,0,0.9884200881992142,0.6697015439564051,0.6785714285714286,0.8571428571428572,0.8571428571428572,1.0,1.0,1.0
site_02098,0,0.5726371227048848,0.8261332106493469,0.6785714285714286,0.7142857142857143,0.8571428571428572,1.0,1.0,1.0
site_17920,0,0.964960994323293,0.7050531384304914,0.6785714285714286,0.8571428571428572,0.8571428571428572,1.0,1.0,1.0
site_07879,0,0.9727767963243342,0.639895471016948,0.6785714285714286,0.8571428571428572,0.8571428571428572,1.0,1.0,1.0
site_07359,0,0.9878223365912431,0.7286423020409429,0.6785714285714286,0.8571428571428572,0.8571428571428572,1.0,1.0,1.0
site_03214,1,0.9522204156504142,0.9522640539589231,0.6785714285714286,0.8571428571428572,0.8571428571428572,1.0,1.0,1.0
site_11044,0,0.9789293939069319,0.15870125303972893,0.6785714285714286,0.8571428571428572,0.8571428571428572,1.0,1.0,1.0
site_01067,1,0.9177937695597688,0.9962171462078374,0.6357142857142858,0.4285714285714286,0.8571428571428572,1.0,0.7142857142857143,0.5714285714285714
site_02807,0,0.9772148720144769,0.7901811998519542,0.6785714285714286,0.8571428571428572,0.8571428571428572,1.0,1.0,1.0
site_00905,0,0.8996311132977157,0.8398748877687068,0.6785714285714286,0.8571428571428572,0.8571428571428572,1.0,1.0,1.0
site_17570,0,0.9621382258731604,0.8915684168423096,0.6785714285714286,0.8571428571428572,0.8571428571428572,1.0,1.0,1.0
site_01958,0,0.9633106122874543,0.8271084961740199,0.6785714285714286,0.8571428571428572,0.8571428571428572,1.0,1.0,1.0
site_03662,0,0.9860527527835393,0.8264119121013993,0.6785714285714286,0.8571428571428572,0.8571428571428572,1.0,1.0,1.0
site_04152,0,0.9867706031526571,0.6794238332759686,0.6785714285714286,0.8571428571428572,0.8571428571428572,1.0,1.0,1.0
site_01428,1,0.9882438349283983,0.9690633016956354,0.6785714285714286,0.7142857142857143,0.8571428571428572,1.0,1.0,1.0
site_21010,1,0.9751682759343652,0.9532138832670151,0.6785714285714286,0.8571428571428572,0.8571428571428572,1.0,1.0,1.0
site_03354,0,0.9784779353826135,0.6699133740931953,0.6785714285714286,0.8571428571428572,0.8571428571428572,1.0,1.0,1.0
site_11277,0,0.6280327067888352,0.9603905949720469,0.7428571428571429,0.8571428571428572,0.8571428571428572,1.0,1.0,1.0
site_10225,0,0.9709554162757544,0.4906324632875524,0.6785714285714286,0.8571428571428572,0.8571428571428572,1.0,1.0,1.0
site_13199,0,0.9771307767078438,0.7904979758671611,0.6785714285714286,0.8571428571428572,0.8571428571428572,1.0,1.0,1.0
site_20675,1,0.9862751977422651,0.9611834167098003,0.6785714285714286,0.8571428571428572,0.8571428571428572,1.0,1.0,1.0
site_19093,0,0.9795775138382625,0.736380599456459,0.6785714285714286,0.8571428571428572,0.8571428571428572,1.0,1.0,1.0
site_03003,1,0.9860724185516594,0.9888797989351321,0.55,1.0,0.0,1.0,1.0,1.0
site_11312,0,0.9594288525166162,0.15659615927436832,0.6785714285714286,0.8571428571428572,0.8571428571428572,1.0,1.0,1.0
site_08650,0,0.9882237993734198,0.401383264895233,0.6785714285714286,0.8571428571428572,0.8571428571428572,1.0,1.0,1.0
site_15054,0,0.9480893506094177,0.729919729521563,0.6785714285714286,0.8571428571428572,0.8571428571428572,1.0,1.0,1.0
site_08242,0,0.9597353601811186,0.4252237679295652,0.6785714285714286,0.8571428571428572,0.8571428571428572,1.0,1.0,1.0
site_09863,1,0.9395468904192736,0.9102039871609986,0.7428571428571429,0.8571428571428572,0.8571428571428572,1.0,1.0,1.0
site_12658,0,0.9453842209529424,0.32505271794392765,0.6785714285714286,0.8571428571428572,0.8571428571428572,1.0,1.0,1.0
site_05693,1,0.9516637755854502,0.9583761029139993,0.6785714285714286,0.8571428571428572,0.8571428571428572,1.0,1.0,1.0
site_19009,0,0.9961418378934442,0.6997124469469747,0.6785714285714286,0.8571428571428572,0.8571428571428572,1.0,1.0,1.0
site_14220,0,0.9963082648003716,0.5557698555434929,0.6785714285714286,0.8571428571428572,0.8571428571428572,1.0,1.0,1.0
site_07887,0,0.9911818492693175,0.6126095713175088,0.6785714285714286,0.8571428571428572,0.8571428571428572,1.0,1.0,1.0
site_01513,0,0.9782905493850145,0.8827370473712652,0.6785714285714286,0.8571428571428572,0.8571428571428572,1.0,1.0,1.0
site_04578,0,0.9906523806211031,0.7714950421054549,0.6785714285714286,0.8571428571428572,0.8571428571428572,1.0,1.0,1.0
site_02723,1,0.9003041812673794,0.9758313880291962,0.55,1.0,0.0,1.0,1.0,1.0
site_16725,1,0.9320245538772113,0.9297514925059736,0.55,1.0,0.0,1.0,1.0,1.0
site_04028,0,0.9906523321855447,0.64879165490557,0.6785714285714286,0.8571428571428572,0.8571428571428572,1.0,1.0,1.0
site_07081,0,0.9771774350537286,0.770692232277083,0.6785714285714286,0.8571428571428572,0.8571428571428572,1.0,1.0,1.0
site_03574,0,0.9456236341917724,0.7384876736430805,0.6785714285714286,0.8571428571428572,0.8571428571428572,1.0,1.0,1.0
site_13056,0,0.9639258072165823,0.6563083073549885,0.6785714285714286,0.8571428571428572,0.8571428571428572,1.0,1.0,1.0
site_03171,0,0.9974676958671383,0.7011507545731994,0.6785714285714286,0.8571428571428572,0.8571428571428572,1.0,1.0,1.0
site_05247,0,0.9715119743728504,0.6196755400866859,0.6785714285714286,0.8571428571428572,0.8571428571428572,1.0,1.0,1.0
site_05412,0,0.9861011985878159,0.7185090333383575,0.6785714285714286,0.8571428571428572,0.8571428571428572,1.0,1.0,1.0
site_19157,0,0.9690186198804807,0.7190091538337566,0.6785714285714286,0.8571428571428572,0.8571428571428572,1.0,1.0,1.0
site_19441,0,0.9602722981512937,0.83744400506877,0.6785714285714286,0.8571428571428572,0.8571428571428572,1.0,1.0,1.0
site_07151,0,0.9959958626681429,0.767513040933872,0.6785714285714286,0.8571428571428572,0.8571428571428572,1.0,1.0,1.0
site_12698,0,0.9239296531489432,0.6574666374620782,0.6785714285714286,0.8571428571428572,0.8571428571428572,1.0,1.0,1.0
site_16231,0,0.9455971995543809,0.8035655046493162,0.6785714285714286,0.8571428571428572,0.8571428571428572,1.0,1.0,1.0
site_16197,0,0.9416742248492477,0.5846870168202949,0.6785714285714286,0.8571428571428572,0.8571428571428572,1.0,1.0,1.0
site_03048,1,0.9620248084246992,0.9344560350104734,0.6785714285714286,0.8571428571428572,0.8571428571428572,1.0,1.0,1.0
site_18066,0,0.9847908332397409,0.7012498633389244,0.6785714285714286,0.8571428571428572,0.8571428571428572,1.0,1.0,1.0
site_07619,0,0.9839848236343587,0.6045648984378202,0.6785714285714286,0.8571428571428572,0.8571428571428572,1.0,1.0,1.0
site_15687,0,0.9745100441487878,0.8208424719660232,0.6785714285714286,0.8571428571428572,0.8571428571428572,1.0,1.0,1.0
site_20612,1,0.9107563288434017,0.9656120626647972,0.6785714285714286,0.8571428571428572,0.8571428571428572,1.0,1.0,1.0
site_17515,0,0.9440902799163939,0.8507891633768858,0.6785714285714286,0.8571428571428572,0.8571428571428572,1.0,1.0,1.0
site_14015,0,0.9438644398113225,0.7611233285969218,0.55,1.0,0.0,1.0,1.0,1.0
site_01805,0,0.9675870212614515,0.8554511524837142,0.6785714285714286,0.8571428571428572,0.8571428571428572,1.0,1.0,1.0
site_01838,0,0.9663731292995127,0.8727301378561947,0.6785714285714286,0.8571428571428572,0.8571428571428572,1.0,1.0,1.0
site_16898,0,0.9716006729204275,0.8619602661996207,0.6785714285714286,0.8571428571428572,0.8571428571428572,1.0,1.0,1.0
site_10552,0,0.9851803547938922,0.2071858185974682,0.6785714285714286,0.8571428571428572,0.8571428571428572,1.0,1.0,1.0
site_05917,0,0.9148818461500676,0.7667877134870745,0.6785714285714286,0.8571428571428572,0.8571428571428572,1.0,1.0,1.0
site_05270,0,0.9776203297987597,0.6426428233114079,0.6785714285714286,0.8571428571428572,0.8571428571428572,1.0,1.0,1.0
site_07705,0,0.9448970300269462,0.36956886188502713,0.6785714285714286,0.8571428571428572,0.8571428571428572,1.0,1.0,1.0
site_18918,0,0.9746032937759384,0.7297093292125403,0.6785714285714286,0.8571428571428572,0.8571428571428572,1.0,1.0,1.0
site_10056,0,0.9645409388069032,0.12677510846182805,0.6785714285714286,0.8571428571428572,0.8571428571428572,1.0,1.0,1.0
site_19279,0,0.9864412339046404,0.6549491574150182,0.6785714285714286,0.8571428571428572,0.8571428571428572,1.0,1.0,1.0
site_04601,0,0.979044748777725,0.6188108475192307,0.6785714285714286,0.8571428571428572,0.8571428571428572,1.0,1.0,1.0
site_06682,0,0.9936688461289348,0.8315122414912555,0.6785714285714286,0.8571428571428572,0.8571428571428572,1.0,1.0,1.0
site_10387,0,0.9258343777530026,0.9059791517636048,0.6785714285714286,0.8571428571428572,0.8571428571428572,1.0,1.0,1.0
site_02403,0,0.8127223788255596,0.9013294800203324,0.6785714285714286,0.7142857142857143,0.8571428571428572,1.0,1.0,1.0
site_18722,0,0.9895347254562272,0.7587192667784397,0.6785714285714286,0.8571428571428572,0.8571428571428572,1.0,1.0,1.0
site_14638,0,0.9918271403777532,0.7734073485820853,0.6785714285714286,0.8571428571428572,0.8571428571428572,1.0,1.0,1.0
site_09568,0,0.9815657283044765,0.04510266997451606,0.6785714285714286,0.8571428571428572,0.8571428571428572,1.0,1.0,1.0
site_06474,0,0.9845970826234915,0.7857368151553454,0.6785714285714286,0.8571428571428572,0.8571428571428572,1.0,1.0,1.0
site_14561,0,0.9229403084352507,0.7863659565594515,0.6785714285714286,0.8571428571428572,0.8571428571428572,1.0,1.0,1.0
site_15095,0,0.5636958888375025,0.7927903028249528,0.6785714285714286,0.5714285714285714,1.0,1.0,1.0,1.0
site_05661,0,0.9320296358850199,0.8022331293390302,0.55,1.0,0.0,1.0,1.0,1.0
site_04904,0,0.9878223887526136,0.6539558045671738,0.6785714285714286,0.8571428571428572,0.8571428571428572,1.0,1.0,1.0
site_00911,0,0.9849843947710223,0.8251881995169665,0.6785714285714286,0.8571428571428572,0.8571428571428572,1.0,1.0,1.0
site_03062,0,0.9748253428671204,0.719306997743437,0.6785714285714286,0.8571428571428572,0.8571428571428572,1.0,1.0,1.0
site_08204,0,0.980366039138554,0.32566036037440393,0.6785714285714286,0.8571428571428572,0.8571428571428572,1.0,1.0,1.0
site_18807,0,0.989839047000435,0.694664977406923,0.6785714285714286,0.8571428571428572,0.8571428571428572,1.0,1.0,1.0
site_16896,0,0.9612791579080274,0.8467508639206858,0.6785714285714286,0.8571428571428572,0.8571428571428572,1.0,1.0,1.0
site_15667,0,0.9851609405180941,0.6407423983744123,0.6785714285714286,0.8571428571428572,0.8571428571428572,1.0,1.0,1.0
site_18306,0,0.819433535266392,0.7751878215117731,0.6785714285714286,0.8571428571428572,0.8571428571428572,1.0,1.0,1.0
site_20374,0,0.9961962000545935,0.7186458757943058,0.6785714285714286,0.8571428571428572,0.8571428571428572,1.0,1.0,1.0
site_04812,0,0.9934818178093047,0.6858324795388814,0.6785714285714286,0.8571428571428572,0.8571428571428572,1.0,1.0,1.0
site_10036,0,0.9515646615299341,0.08351804585864175,0.6785714285714286,0.8571428571428572,0.8571428571428572,1.0,1.0,1.0
site_19843,0,0.9582581948791722,0.7815492818048559,0.6785714285714286,0.8571428571428572,0.8571428571428572,1.0,1.0,1.0
site_04261,0,0.9636608349062222,0.7886928213513836,0.6785714285714286,0.8571428571428572,0.8571428571428572,1.0,1.0,1.0
site_06156,0,0.955645375945179,0.671714619152439,0.55,1.0,0.0,1.0,1.0,1.0
site_15918,0,0.9853861900819356,0.6189651892413828,0.6785714285714286,0.8571428571428572,0.8571428571428572,1.0,1.0,1.0
site_19535,1,0.8928431306098064,0.9994162097311319,0.7571428571428572,0.8571428571428572,0.8571428571428572,1.0,1.0,0.7142857142857143
site_19370,0,0.9790588919607465,0.819811177597698,0.6785714285714286,0.8571428571428572,0.8571428571428572,1.0,1.0,1.0
site_08219,0,0.9939939968261148,0.5515149767380786,0.6785714285714286,0.8571428571428572,0.8571428571428572,1.0,1.0,1.0
site_13211,0,0.9755223156477077,0.8686355560545158,0.6785714285714286,0.7142857142857143,0.8571428571428572,1.0,1.0,1.0
site_13722,0,0.9864516494125795,0.5933783323709534,0.6785714285714286,0.8571428571428572,0.8571428571428572,1.0,1.0,1.0
site_16079,0,0.9872800017821305,0.6241659631884445,0.6785714285714286,0.8571428571428572,0.8571428571428572,1.0,1.0,1.0
site_03599,0,0.9787213110226931,0.881268435965213,0.6785714285714286,0.8571428571428572,0.8571428571428572,1.0,1.0,1.0
site_16835,0,0.9584494594472468,0.8364280541847466,0.6785714285714286,0.8571428571428572,0.8571428571428572,1.0,1.0,1.0
site_04427,0,0.9810300794653144,0.777272564563946,0.6785714285714286,0.8571428571428572,0.8571428571428572,1.0,1.0,1.0
site_03626,0,0.9356132934236255,0.6186167154222686,0.6785714285714286,0.8571428571428572,0.8571428571428572,1.0,1.0,1.0
site_21064,1,0.9461888361731176,0.9632057148406783,0.6785714285714286,0.8571428571428572,0.8571428571428572,1.0,1.0,1.0
site_13767,0,0.9489172484298831,0.8385424729652549,0.6785714285714286,0.8571428571428572,0.8571428571428572,1.0,1.0,1.0
site_12235,0,0.6951503815291282,0.8568347525029706,0.6785714285714286,0.5714285714285714,1.0,1.0,1.0,1.0
site_18922,0,0.9285617467823588,0.736074608379018,0.6785714285714286,0.8571428571428572,0.8571428571428572,1.0,1.0,1.0
site_08150,0,0.9802238640088093,0.3457779340693833,0.6785714285714286,0.8571428571428572,0.8571428571428572,1.0,1.0,1.0
site_09750,0,0.9927778479534501,0.8684399023436528,0.7428571428571429,0.8571428571428572,0.8571428571428572,1.0,1.0,1.0
site_17003,0,0.9277170977103484,0.78371550548322,0.6785714285714286,0.8571428571428572,0.8571428571428572,1.0,1.0,1.0
site_00354,0,0.9785583290948494,0.8876266877867135,0.6785714285714286,0.8571428571428572,0.8571428571428572,1.0,1.0,1.0
site_02842,0,0.6392065963447935,0.964777446777209,0.7428571428571429,0.8571428571428572,0.8571428571428572,1.0,1.0,1.0
site_01496,1,0.9722573212358299,0.9311853416498796,0.6785714285714286,0.7142857142857143,0.8571428571428572,1.0,1.0,1.0
site_09226,0,0.951688567139672,0.06720417831122005,0.6785714285714286,0.8571428571428572,0.8571428571428572,1.0,1.0,1.0
site_13875,0,0.8876092437936614,0.8413269735912111,0.6785714285714286,0.8571428571428572,0.8571428571428572,1.0,1.0,1.0
site_09098,0,0.9955304248965386,0.7874457696806697,0.6785714285714286,0.8571428571428572,0.8571428571428572,1.0,1.0,1.0
site_12460,0,0.9650524257541014,0.7128422015683085,0.6785714285714286,0.8571428571428572,0.8571428571428572,1.0,1.0,1.0
site_09918,0,0.9879879228617982,0.035812442564579494,0.6785714285714286,0.8571428571428572,0.8571428571428572,1.0,1.0,1.0
site_11450,0,0.9963081819010506,0.09220153624486471,0.6785714285714286,0.8571428571428572,0.8571428571428572,1.0,1.0,1.0
site_19127,0,0.9867216683355324,0.7107380049265821,0.6785714285714286,0.8571428571428572,0.8571428571428572,1.0,1.0,1.0
site_14709,0,0.9910554827606373,0.7440573025893034,0.6785714285714286,0.8571428571428572,0.8571428571428572,1.0,1.0,1.0
site_07019,0,0.9832750098421055,0.7831919727533976,0.6785714285714286,0.8571428571428572,0.8571428571428572,1.0,1.0,1.0
site_15623,0,0.8952914884685219,0.8621655261024475,0.6785714285714286,0.5714285714285714,1.0,1.0,1.0,1.0
site_18921,0,0.9693987756742737,0.734853994479916,0.6785714285714286,0.8571428571428572,0.8571428571428572,1.0,1.0,1.0
site_17026,1,0.8470152757106971,0.9669898605503563,0.6785714285714286,0.5714285714285714,1.0,1.0,1.0,1.0
site_06052,0,0.9897915624557001,0.8760741103801716,0.6785714285714286,0.8571428571428572,0.8571428571428572,1.0,1.0,1.0
site_02570,0,0.9519269222478439,0.7143333173223567,0.6785714285714286,0.8571428571428572,0.8571428571428572,1.0,1.0,1.0
site_09758,0,0.9486892175472519,0.8495108561769305,0.6785714285714286,0.8571428571428572,0.8571428571428572,1.0,1.0,1.0
site_16090,0,0.968445336612525,0.7242166420891335,0.6785714285714286,0.8571428571428572,0.8571428571428572,1.0,1.0,1.0
site_15891,0,0.9727058214652803,0.7973057822920934,0.6785714285714286,0.8571428571428572,0.8571428571428572,1.0,1.0,1.0
site_17050,0,0.9806434407583345,0.7420283388989218,0.6785714285714286,0.8571428571428572,0.8571428571428572,1.0,1.0,1.0
site_05216,0,0.9791203231519108,0.6310827185503216,0.6785714285714286,0.8571428571428572,0.8571428571428572,1.0,1.0,1.0
site_09033,0,0.9684711192327855,0.29437368329623737,0.6785714285714286,0.8571428571428572,0.8571428571428572,1.0,1.0,1.0
site_20789,1,0.8995905466547393,0.9204919176404455,0.6785714285714286,0.8571428571428572,0.8571428571428572,1.0,1.0,1.0
site_03237,0,0.8755332307870596,0.7295370473703362,0.6785714285714286,0.8571428571428572,0.8571428571428572,1.0,1.0,1.0
site_10135,0,0.9928618706067458,0.8766207890825629,0.6785714285714286,0.8571428571428572,0.8571428571428572,1.0,1.0,1.0
site_02707,0,0.7993449247224985,0.8814662743295448,0.6785714285714286,0.8571428571428572,0.8571428571428572,1.0,1.0,1.0
site_13502,0,0.9897916071654462,0.5688578509533361,0.6785714285714286,0.8571428571428572,0.8571428571428572,1.0,1.0,1.0
site_15552,0,0.8520659568905051,0.850396355503121,0.6785714285714286,0.5714285714285714,1.0,1.0,1.0,1.0
site_09895,0,0.9712323707980738,0.17272611159524887,0.6785714285714286,0.8571428571428572,0.8571428571428572,1.0,1.0,1.0
site_14891,0,0.9750989478842931,0.7467140583950218,0.6785714285714286,0.8571428571428572,0.8571428571428572,1.0,1.0,1.0
site_00399,0,0.9908605054207289,0.8642153559807396,0.6785714285714286,0.8571428571428572,0.8571428571428572,1.0,1.0,1.0
site_17892,0,0.9582897338792453,0.8575053019681307,0.6785714285714286,0.8571428571428572,0.8571428571428572,1.0,1.0,1.0
site_04095,0,0.9615884189477281,0.7041314212801867,0.6785714285714286,0.8571428571428572,0.8571428571428572,1.0,1.0,1.0
site_19615,0,0.9892421877244801,0.6372100328977955,0.6785714285714286,0.8571428571428572,0.8571428571428572,1.0,1.0,1.0
site_15433,0,0.9658077410275587,0.6835323934985246,0.6785714285714286,0.8571428571428572,0.8571428571428572,1.0,1.0,1.0
site_19306,0,0.9843201616334819,0.8563127865403094,0.6785714285714286,0.8571428571428572,0.8571428571428572,1.0,1.0,1.0
site_19479,0,0.9948147257182263,0.6500383992030672,0.6785714285714286,0.8571428571428572,0.8571428571428572,1.0,1.0,1.0
site_05140,0,0.9699794136954656,0.6314266230670555,0.6785714285714286,0.8571428571428572,0.8571428571428572,1.0,1.0,1.0
site_19619,0,0.9952959152922592,0.6271076664652304,0.6785714285714286,0.8571428571428572,0.8571428571428572,1.0,1.0,1.0
site_12862,0,0.8959105023551306,0.9068514456959491,0.6785714285714286,0.8571428571428572,0.8571428571428572,1.0,1.0,1.0
site_14241,0,0.9548327353255758,0.6663819710156944,0.6785714285714286,0.8571428571428572,0.8571428571428572,1.0,1.0,1.0
site_12697,0,0.9847801774169165,0.6498178802000523,0.6785714285714286,0.8571428571428572,0.8571428571428572,1.0,1.0,1.0
site_05111,0,0.983860182176716,0.6692707669274373,0.6785714285714286,0.8571428571428572,0.8571428571428572,1.0,1.0,1.0
site_18688,0,0.9690102572950509,0.8360359303377094,0.6785714285714286,0.8571428571428572,0.8571428571428572,1.0,1.0,1.0
site_08770,0,0.5978624508833632,0.1562617679379824,0.6785714285714286,0.8571428571428572,0.8571428571428572,1.0,1.0,1.0
site_20703,0,0.9871611604825934,0.7288973222521538,0.6785714285714286,0.8571428571428572,0.8571428571428572,1.0,1.0,1.0
site_12787,0,0.9847014575258008,0.39987682974972716,0.6785714285714286,0.8571428571428572,0.8571428571428572,1.0,1.0,1.0
site_08196,0,0.96773083761146,0.38362131881209416,0.6785714285714286,0.8571428571428572,0.8571428571428572,1.0,1.0,1.0
site_09408,1,0.9919042749357878,0.9465187065924411,0.7428571428571429,0.8571428571428572,0.8571428571428572,1.0,1.0,1.0
site_18750,0,0.9845796178789148,0.7541884925314035,0.6785714285714286,0.8571428571428572,0.8571428571428572,1.0,1.0,1.0
site_12562,0,0.9550814295625372,0.5417671405344584,0.6785714285714286,0.8571428571428572,0.8571428571428572,1.0,1.0,1.0
site_17411,0,0.9535479523353569,0.7709766721574733,0.6785714285714286,0.8571428571428572,0.8571428571428572,1.0,1.0,1.0
site_12284,0,0.997313830768827,0.27956284594226444,0.6785714285714286,0.8571428571428572,0.8571428571428572,1.0,1.0,1.0
site_07752,0,0.9852345225142186,0.42699538451746755,0.6785714285714286,0.8571428571428572,0.8571428571428572,1.0,1.0,1.0
site_20898,1,0.9809605371810421,0.9337608031104317,0.6785714285714286,0.8571428571428572,0.8571428571428572,1.0,1.0,1.0
site_13154,0,0.9524550114141002,0.5132869600684067,0.6785714285714286,0.8571428571428572,0.8571428571428572,1.0,1.0,1.0
site_11336,0,0.938601942483475,0.3728273110669238,0.6785714285714286,0.8571428571428572,0.8571428571428572,1.0,1.0,1.0
site_03588,0,0.9889958249144881,0.8219516298553573,0.6785714285714286,0.8571428571428572,0.8571428571428572,1.0,1.0,1.0
site_03349,0,0.9790246033112873,0.6335119372167621,0.6785714285714286,0.8571428571428572,0.8571428571428572,1.0,1.0,1.0
site_12438,0,0.9410586424356534,0.5370531856647922,0.6785714285714286,0.8571428571428572,0.8571428571428572,1.0,1.0,1.0
site_20013,0,0.9910008129871202,0.5898650345085039,0.6785714285714286,0.8571428571428572,0.8571428571428572,1.0,1.0,1.0
site_16081,0,0.9688283147090415,0.6423626088984054,0.6785714285714286,0.8571428571428572,0.8571428571428572,1.0,1.0,1.0
site_02490,0,0.7615931477485424,0.9783234305029177,0.4642857142857143,1.0,0.0,1.0,1.0,0.1428571428571429
site_07241,0,0.9891817690227749,0.6696377431933233,0.6785714285714286,0.8571428571428572,0.8571428571428572,1.0,1.0,1.0
site_10798,0,0.9838600685394446,0.2602055636956485,0.6785714285714286,0.8571428571428572,0.8571428571428572,1.0,1.0,1.0
site_08056,0,0.9870876474139942,0.6023313668487266,0.6785714285714286,0.8571428571428572,0.8571428571428572,1.0,1.0,1.0
site_09827,0,0.988674915123018,0.3910292752409745,0.6785714285714286,0.8571428571428572,0.8571428571428572,1.0,1.0,1.0
site_01452,0,0.9858065268971448,0.8883427277413093,0.6785714285714286,0.8571428571428572,0.8571428571428572,1.0,1.0,1.0
site_12466,0,0.9767772157613659,0.7552141629059529,0.6785714285714286,0.8571428571428572,0.8571428571428572,1.0,1.0,1.0
site_17432,0,0.7708524765562956,0.9384403187818909,0.6785714285714286,0.7142857142857143,0.8571428571428572,1.0,1.0,1.0
site_13710,0,0.9931811163573527,0.5058876299150186,0.6785714285714286,0.8571428571428572,0.8571428571428572,1.0,1.0,1.0
site_11717,0,0.7219485985759886,0.9899710326866571,0.7428571428571429,0.8571428571428572,0.8571428571428572,1.0,1.0,1.0
site_11934,0,0.9650983016794292,0.515224468990547,0.6785714285714286,0.8571428571428572,0.8571428571428572,1.0,1.0,1.0
site_10973,1,0.971331930088145,0.9407884832275107,0.6785714285714286,0.8571428571428572,0.8571428571428572,1.0,1.0,1.0
site_21373,1,0.9880968861018026,0.9412642701306003,0.6785714285714286,0.8571428571428572,0.8571428571428572,1.0,1.0,1.0
site_04893,0,0.9820949147224186,0.7046486111688243,0.6785714285714286,0.8571428571428572,0.8571428571428572,1.0,1.0,1.0
site_11326,0,0.9927814419650207,0.2829045366852062,0.6785714285714286,0.8571428571428572,0.8571428571428572,1.0,1.0,1.0
site_06317,0,0.971965355416252,0.8765812143624786,0.6785714285714286,0.8571428571428572,0.8571428571428572,1.0,1.0,1.0
site_02817,0,0.908375750959799,0.8561769744544323,0.6785714285714286,0.8571428571428572,0.8571428571428572,1.0,1.0,1.0
site_15581,0,0.9828964114378023,0.6676269510762999,0.6785714285714286,0.8571428571428572,0.8571428571428572,1.0,1.0,1.0
site_01627,0,0.33190095229374705,0.8668796404793171,0.6785714285714286,0.7142857142857143,0.8571428571428572,1.0,1.0,1.0
site_16816,0,0.9441314203344456,0.6211884278668993,0.6785714285714286,0.8571428571428572,0.8571428571428572,1.0,1.0,1.0
site_15818,0,0.9330296215182882,0.7603395644798334,0.6785714285714286,0.8571428571428572,0.8571428571428572,1.0,1.0,1.0
site_13078,0,0.981494533622504,0.7798774389978282,0.6785714285714286,0.8571428571428572,0.8571428571428572,1.0,1.0,1.0
site_15255,0,0.8790859193748553,0.8256177916328524,0.6785714285714286,0.8571428571428572,0.8571428571428572,1.0,1.0,1.0
site_00550,1,0.9837348924277547,0.9206635658920924,0.6785714285714286,0.8571428571428572,0.8571428571428572,1.0,1.0,1.0
site_16778,0,0.9688144789055245,0.8639032986238437,0.6785714285714286,0.8571428571428572,0.8571428571428572,1.0,1.0,1.0
site_06652,0,0.9566383309708704,0.6805005739105128,0.6785714285714286,0.8571428571428572,0.8571428571428572,1.0,1.0,1.0
site_13486,0,0.9991047786746292,0.44419258827500796,0.6785714285714286,0.8571428571428572,0.8571428571428572,1.0,1.0,1.0
site_08531,0,0.9833470260656627,0.2122211701979534,0.6785714285714286,0.8571428571428572,0.8571428571428572,1.0,1.0,1.0
site_07409,0,0.976350042080813,0.7196176976445082,0.6785714285714286,0.8571428571428572,0.8571428571428572,1.0,1.0,1.0
site_11817,0,0.9699129787385485,0.7451359889566695,0.6785714285714286,0.8571428571428572,0.8571428571428572,1.0,1.0,1.0
site_03818,0,0.9704499558297515,0.8838638039596893,0.6785714285714286,0.8571428571428572,0.8571428571428572,1.0,1.0,1.0
site_03605,1,0.9880550163560173,0.9114497653830239,0.6785714285714286,0.8571428571428572,0.8571428571428572,1.0,1.0,1.0
site_00375,0,0.6442796323976596,0.8820608020446805,0.6785714285714286,0.5714285714285714,0.8571428571428572,1.0,0.5714285714285714,0.5714285714285714
site_06306,0,0.9320296135301468,0.8480409027068854,0.6785714285714286,0.8571428571428572,0.8571428571428572,1.0,1.0,1.0
site_19625,0,0.9813722040313169,0.6262671444634078,0.6785714285714286,0.8571428571428572,0.8571428571428572,1.0,1.0,1.0
site_10467,0,0.9934816417646793,0.48035611980284554,0.6785714285714286,0.8571428571428572,0.8571428571428572,1.0,1.0,1.0
site_05656,0,0.9798029236120277,0.8644895288367862,0.6785714285714286,0.8571428571428572,0.8571428571428572,1.0,1.0,1.0
site_00322,0,0.9769027849462404,0.8559780575904358,0.6785714285714286,0.8571428571428572,0.8571428571428572,1.0,1.0,1.0
site_16232,0,0.9935626823710544,0.8125213229054917,0.6785714285714286,0.8571428571428572,0.8571428571428572,1.0,1.0,1.0
site_05452,0,0.9815440478034221,0.7009036661432032,0.6785714285714286,0.8571428571428572,0.8571428571428572,1.0,1.0,1.0
site_18273,0,0.9906447799642633,0.8114143858215046,0.6785714285714286,0.8571428571428572,0.8571428571428572,1.0,1.0,1.0
site_07316,0,0.9771773083761146,0.617845261531458,0.6785714285714286,0.8571428571428572,0.8571428571428572,1.0,1.0,1.0
site_17657,0,0.9449252567799945,0.759776602103898,0.6785714285714286,0.8571428571428572,0.8571428571428572,1.0,1.0,1.0
site_20375,0,0.9784626856333756,0.7265462233981457,0.6785714285714286,0.8571428571428572,0.8571428571428572,1.0,1.0,1.0
site_18821,0,0.9707596881846925,0.7566865565839633,0.6785714285714286,0.8571428571428572,0.8571428571428572,1.0,1.0,1.0
site_16689,0,0.9353491482435687,0.5742402647765976,0.6785714285714286,0.8571428571428572,0.8571428571428572,1.0,1.0,1.0
site_08396,0,0.9705584868755435,0.4122034204096754,0.6785714285714286,0.8571428571428572,0.8571428571428572,1.0,1.0,1.0
site_15203,0,0.9508677297332807,0.7087992934400343,0.6785714285714286,0.8571428571428572,0.8571428571428572,1.0,1.0,1.0
site_13963,0,0.9497421618747953,0.7730145100021428,0.6785714285714286,0.8571428571428572,0.8571428571428572,1.0,1.0,1.0
site_06507,0,0.9792357581276655,0.7436326729042408,0.6785714285714286,0.8571428571428572,0.8571428571428572,1.0,1.0,1.0
site_12832,0,0.9747768346554899,0.7481845980626398,0.6785714285714286,0.8571428571428572,0.8571428571428572,1.0,1.0,1.0
site_11822,0,0.9310997178755407,0.7837596332563606,0.6785714285714286,0.8571428571428572,0.8571428571428572,1.0,1.0,1.0
site_09303,0,0.9860150214836292,0.0834623225764346,0.6785714285714286,0.8571428571428572,0.8571428571428572,1.0,1.0,1.0
site_11510,0,0.9615642905880738,0.6276658730021943,0.6785714285714286,0.8571428571428572,0.8571428571428572,1.0,1.0,1.0
site_13915,0,0.979882544218237,0.4882304061466296,0.6785714285714286,0.8571428571428572,0.8571428571428572,1.0,1.0,1.0
site_06739,0,0.9721516348476346,0.7402940992359176,0.6785714285714286,0.8571428571428572,0.8571428571428572,1.0,1.0,1.0
site_01479,0,0.9803437401526784,0.8596834771349076,0.6785714285714286,0.8571428571428572,0.8571428571428572,1.0,1.0,1.0
site_08643,0,0.8943620473630013,0.19435407342217603,0.3500000000000001,0.1428571428571429,1.0,0.1428571428571429,0.2857142857142857,0.7142857142857143
site_17435,0,0.45066523929311864,0.7799339825680048,0.47857142857142865,0.2857142857142857,1.0,0.1428571428571429,1.0,0.7142857142857143
site_04614,0,0.9846879337590536,0.6876681705023944,0.6785714285714286,0.8571428571428572,0.8571428571428572,1.0,1.0,1.0
site_13946,0,0.9909468455291983,0.6829789564149751,0.6785714285714286,0.8571428571428572,0.8571428571428572,1.0,1.0,1.0
site_14089,0,0.9789294237134294,0.8304263724211957,0.6785714285714286,0.8571428571428572,0.8571428571428572,1.0,1.0,1.0
site_07111,0,0.9885342498786578,0.6953651517596693,0.6785714285714286,0.8571428571428572,0.8571428571428572,1.0,1.0,1.0
site_10983,1,0.9651421544887453,0.9626968099319869,0.6785714285714286,0.8571428571428572,0.8571428571428572,1.0,1.0,1.0
site_07014,0,0.6025362587099057,0.7714453448243802,0.6785714285714286,0.8571428571428572,0.8571428571428572,1.0,1.0,1.0
site_16351,0,0.96225152036982,0.7106951786917839,0.6785714285714286,0.8571428571428572,0.8571428571428572,1.0,1.0,1.0
site_08297,0,0.9481419516257239,0.3924130422625627,0.6785714285714286,0.8571428571428572,0.8571428571428572,1.0,1.0,1.0
site_07312,0,0.9821621190595502,0.6442556435927168,0.6785714285714286,0.8571428571428572,0.8571428571428572,1.0,1.0,1.0
site_10057,0,0.975241529127565,0.13588145143360375,0.6785714285714286,0.8571428571428572,0.8571428571428572,1.0,1.0,1.0
site_04012,0,0.9711074461787057,0.8617783792284626,0.6785714285714286,0.8571428571428572,0.8571428571428572,1.0,1.0,1.0
site_05470,0,0.9892186964787081,0.5921767683195854,0.6785714285714286,0.8571428571428572,0.8571428571428572,1.0,1.0,1.0
site_16612,1,0.8611752099837936,0.9911120978284552,0.6785714285714286,0.5714285714285714,1.0,1.0,1.0,1.0
site_15917,0,0.9498463840188053,0.6186650012678152,0.6785714285714286,0.8571428571428572,0.8571428571428572,1.0,1.0,1.0
site_07540,0,0.9860150214836292,0.4541823885795042,0.6785714285714286,0.8571428571428572,0.8571428571428572,1.0,1.0,1.0
site_01719,0,0.8314261347899887,0.8272878715674021,0.6785714285714286,0.7142857142857143,0.8571428571428572,1.0,1.0,1.0
site_14166,0,0.9625125284160243,0.78964407957193,0.6785714285714286,0.8571428571428572,0.8571428571428572,1.0,1.0,1.0
site_12258,1,0.9176136414442894,0.973374717267775,0.7428571428571429,0.8571428571428572,0.8571428571428572,1.0,1.0,1.0
site_13693,0,0.9788195252945686,0.8422010260622514,0.6785714285714286,0.8571428571428572,0.8571428571428572,1.0,1.0,1.0
site_06819,0,0.9117849063593116,0.7339830325344429,0.6785714285714286,0.8571428571428572,0.8571428571428572,1.0,1.0,1.0
site_09761,0,0.9910919742965458,0.8440442886525548,0.6785714285714286,0.8571428571428572,0.8571428571428572,1.0,1.0,1.0
site_20223,0,0.9758884381699383,0.6173897594781943,0.6785714285714286,0.8571428571428572,0.8571428571428572,1.0,1.0,1.0
site_04216,0,0.9861062573092984,0.6842409826719271,0.6785714285714286,0.8571428571428572,0.8571428571428572,1.0,1.0,1.0
site_00707,0,0.9578714891075732,0.8743948761054772,0.6785714285714286,0.8571428571428572,0.8571428571428572,1.0,1.0,1.0
site_20037,0,0.9561436511623997,0.7963846278329054,0.6785714285714286,0.8571428571428572,0.8571428571428572,1.0,1.0,1.0
site_18105,0,0.9920758262316373,0.8242677336843991,0.6785714285714286,0.8571428571428572,0.8571428571428572,1.0,1.0,1.0
site_01375,0,0.8090195921684262,0.835963524211873,0.6785714285714286,0.8571428571428572,0.8571428571428572,1.0,1.0,1.0
site_19315,1,0.9632305930193421,0.9382457162361688,0.6785714285714286,0.8571428571428572,0.8571428571428572,1.0,1.0,1.0
site_08508,0,0.9795662991436116,0.37377501577791106,0.6785714285714286,0.8571428571428572,0.8571428571428572,1.0,1.0,1.0
site_03721,0,0.9056230389560191,0.7752623533052418,0.6785714285714286,0.8571428571428572,0.8571428571428572,1.0,1.0,1.0
site_15901,0,0.8882854712520505,0.8881562490814251,0.55,1.0,0.0,1.0,1.0,1.0
site_13578,0,0.9881452136115424,0.8734665570381861,0.6785714285714286,0.8571428571428572,0.8571428571428572,1.0,1.0,1.0
site_19954,0,0.9828425566856988,0.645113663498881,0.6785714285714286,0.8571428571428572,0.8571428571428572,1.0,1.0,1.0
site_16609,0,0.5845314353032686,0.9697272697555783,0.4642857142857143,1.0,0.0,1.0,1.0,0.1428571428571429
site_17011,0,0.9497173554173249,0.8514166544562431,0.6785714285714286,0.8571428571428572,0.8571428571428572,1.0,1.0,1.0
site_14280,0,0.9913374550205051,0.8108437028840618,0.6785714285714286,0.8571428571428572,0.8571428571428572,1.0,1.0,1.0
site_01723,0,0.9866069971512739,0.7974889450594455,0.6785714285714286,0.5714285714285714,1.0,1.0,1.0,1.0
site_11114,0,0.6919933667428402,0.9439951844789619,0.7428571428571429,0.8571428571428572,0.8571428571428572,1.0,1.0,1.0
site_14265,0,0.918603962320772,0.793104142799744,0.6785714285714286,0.8571428571428572,0.8571428571428572,1.0,1.0,1.0
site_12341,0,0.9924027071028466,0.7543884301486017,0.6785714285714286,0.8571428571428572,0.8571428571428572,1.0,1.0,1.0
site_02742,0,0.969993892201583,0.7305974459923698,0.6785714285714286,0.8571428571428572,0.8571428571428572,1.0,1.0,1.0
site_12497,1,0.9901052525546254,0.9216279482254455,0.6785714285714286,0.8571428571428572,0.8571428571428572,1.0,1.0,1.0
site_03651,0,0.8985341000637501,0.7700647296034356,0.6785714285714286,0.8571428571428572,0.8571428571428572,1.0,1.0,1.0
site_17831,0,0.9693524619660151,0.7848878256478571,0.6785714285714286,0.8571428571428572,0.8571428571428572,1.0,1.0,1.0
site_19145,0,0.9794408007491684,0.6710754499826166,0.6785714285714286,0.8571428571428572,0.8571428571428572,1.0,1.0,1.0
site_21547,0,0.9434158930092199,0.8190950439946647,0.6785714285714286,0.8571428571428572,0.8571428571428572,1.0,1.0,1.0
site_19858,1,0.9529074405124905,0.9383162860489741,0.6785714285714286,0.8571428571428572,0.8571428571428572,1.0,1.0,1.0
site_21065,1,0.9706655387739014,0.9723130029603888,0.6785714285714286,0.8571428571428572,0.8571428571428572,1.0,1.0,1.0
site_13590,0,0.8956770951255288,0.8125295520837366,0.55,1.0,0.0,1.0,1.0,1.0
site_01392,0,0.7916702136398586,0.9757580994636676,0.6785714285714286,0.8571428571428572,0.8571428571428572,1.0,1.0,1.0
site_09276,0,0.991182873867666,0.7999636715818765,0.6785714285714286,0.8571428571428572,0.8571428571428572,1.0,1.0,1.0
site_03715,0,0.8317915177385024,0.7378427964756508,0.6785714285714286,0.8571428571428572,0.8571428571428572,1.0,1.0,1.0
site_04970,0,0.97439864422762,0.6830431337347198,0.6785714285714286,0.8571428571428572,0.8571428571428572,1.0,1.0,1.0
site_06294,0,0.9357867597869336,0.7427882901189109,0.6785714285714286,0.8571428571428572,0.8571428571428572,1.0,1.0,1.0
site_08336,0,0.9487379474447069,0.46115644243390286,0.6785714285714286,0.8571428571428572,0.8571428571428572,1.0,1.0,1.0
site_19903,0,0.9897239948518813,0.7527490250508909,0.6785714285714286,0.8571428571428572,0.8571428571428572,1.0,1.0,1.0
site_11030,0,0.9869642336114637,0.03180338839023056,0.6785714285714286,0.8571428571428572,0.8571428571428572,1.0,1.0,1.0
site_15094,0,0.8621541447782652,0.7850389559505007,0.6785714285714286,0.5714285714285714,1.0,1.0,1.0,1.0
site_13629,0,0.9871811885859476,0.6813660279204148,0.6785714285714286,0.8571428571428572,0.8571428571428572,1.0,1.0,1.0
site_02965,0,0.887774908306272,0.7666517332674387,0.6785714285714286,0.8571428571428572,0.8571428571428572,1.0,1.0,1.0
site_14104,0,0.9920296093944954,0.8108070646950063,0.6785714285714286,0.8571428571428572,0.8571428571428572,1.0,1.0,1.0
site_18762,0,0.9854691424956837,0.8563424726687875,0.6785714285714286,0.8571428571428572,0.8571428571428572,1.0,1.0,1.0
site_09533,0,0.9834295490795575,0.8265023994575188,0.6785714285714286,0.8571428571428572,0.8571428571428572,1.0,1.0,1.0
site_17896,0,0.9604494605202808,0.8416262634346063,0.6785714285714286,0.8571428571428572,0.8571428571428572,1.0,1.0,1.0
site_00257,0,0.5158288894826344,0.9254989769287087,0.6785714285714286,0.5714285714285714,0.8571428571428572,1.0,0.5714285714285714,0.5714285714285714
site_18533,0,0.9852507409746224,0.7700373498861173,0.6785714285714286,0.8571428571428572,0.8571428571428572,1.0,1.0,1.0
site_19128,0,0.9523247719236625,0.7107678327080316,0.6785714285714286,0.8571428571428572,0.8571428571428572,1.0,1.0,1.0
site_02450,0,0.9626100627271776,0.7543402104688753,0.6785714285714286,0.8571428571428572,0.8571428571428572,1.0,1.0,1.0
site_19713,0,0.9373370702335267,0.8041484157971099,0.6785714285714286,0.8571428571428572,0.8571428571428572,1.0,1.0,1.0
site_02774,1,0.9647143939927747,0.9438771288096067,0.6785714285714286,0.8571428571428572,0.8571428571428572,1.0,1.0,1.0
site_08541,0,0.9886750101312285,0.48622632746136174,0.6785714285714286,0.8571428571428572,0.8571428571428572,1.0,1.0,1.0
site_00106,1,0.9649830325023163,0.9271117260904072,0.6785714285714286,0.8571428571428572,0.8571428571428572,1.0,1.0,1.0
site_02256,0,0.9637680451515976,0.7919344175583684,0.6785714285714286,0.8571428571428572,0.8571428571428572,1.0,1.0,1.0
site_15987,0,0.945170951738154,0.6098623672227077,0.6785714285714286,0.8571428571428572,0.8571428571428572,1.0,1.0,1.0
site_00915,0,0.9887173837931105,0.8147052674385148,0.6785714285714286,0.8571428571428572,0.8571428571428572,1.0,1.0,1.0
site_19616,0,0.9916928565181982,0.634998974233129,0.6785714285714286,0.8571428571428572,0.8571428571428572,1.0,1.0,1.0
site_19612,0,0.972671806663016,0.6425306018489612,0.6785714285714286,0.8571428571428572,0.8571428571428572,1.0,1.0,1.0
site_13477,0,0.9158296555096178,0.8322072292603021,0.55,1.0,0.0,1.0,1.0,1.0
site_02248,0,0.956099213400572,0.8044047992693011,0.6785714285714286,0.8571428571428572,0.8571428571428572,1.0,1.0,1.0
site_03204,0,0.9934667203526395,0.89577459308925,0.6785714285714286,0.8571428571428572,0.8571428571428572,1.0,1.0,1.0
site_08442,0,0.9649039931228065,0.4579326545292224,0.6785714285714286,0.8571428571428572,0.8571428571428572,1.0,1.0,1.0
site_03768,0,0.9936688940987666,0.6513689839464084,0.6785714285714286,0.8571428571428572,0.8571428571428572,1.0,1.0,1.0
site_18031,0,0.9350419475780015,0.8380272844281992,0.6785714285714286,0.8571428571428572,0.8571428571428572,1.0,1.0,1.0
site_19289,0,0.9727677798588674,0.7014962621391969,0.6785714285714286,0.8571428571428572,0.8571428571428572,1.0,1.0,1.0
site_15665,0,0.9174330438764757,0.6403923808577179,0.6785714285714286,0.8571428571428572,0.8571428571428572,1.0,1.0,1.0
site_13916,0,0.9810092391349058,0.49574668109537434,0.6785714285714286,0.8571428571428572,0.8571428571428572,1.0,1.0,1.0
site_12187,0,0.8995676552647276,0.518139785421208,0.6785714285714286,0.8571428571428572,0.8571428571428572,1.0,1.0,1.0
site_15617,0,0.9656630826439985,0.8098843360185957,0.6785714285714286,0.8571428571428572,0.8571428571428572,1.0,1.0,1.0
site_11042,0,0.982365406823518,0.14058405861741508,0.6785714285714286,0.8571428571428572,0.8571428571428572,1.0,1.0,1.0
site_10840,0,0.7707995849266397,0.9289608321964158,0.7357142857142858,0.7142857142857143,0.8571428571428572,1.0,0.7142857142857143,0.7142857142857143
site_19053,0,0.9574936619463905,0.7099042325213586,0.6785714285714286,0.8571428571428572,0.8571428571428572,1.0,1.0,1.0
site_06298,0,0.9813712055136535,0.7741156131178638,0.6785714285714286,0.8571428571428572,0.8571428571428572,1.0,1.0,1.0
site_06403,0,0.9828959736548715,0.7917719931928031,0.6785714285714286,0.8571428571428572,0.8571428571428572,1.0,1.0,1.0
site_13060,0,0.8771345476023474,0.684156398175762,0.6785714285714286,0.8571428571428572,0.8571428571428572,1.0,1.0,1.0
site_01890,0,0.9740826394678801,0.858296194119768,0.6785714285714286,0.8571428571428572,0.8571428571428572,1.0,1.0,1.0
site_13105,1,0.9806023115177194,0.90906602187563,0.6785714285714286,0.8571428571428572,0.8571428571428572,1.0,1.0,1.0
site_19271,0,0.9705088665089784,0.6813441219299372,0.6785714285714286,0.8571428571428572,0.8571428571428572,1.0,1.0,1.0
site_06012,0,0.8942168897206094,0.6714045478647979,0.6785714285714286,0.8571428571428572,0.8571428571428572,1.0,1.0,1.0
site_00501,0,0.6923013870870861,0.8904404096880564,0.6785714285714286,0.8571428571428572,0.8571428571428572,1.0,1.0,1.0
site_15761,0,0.9015005022990944,0.8672751123149337,0.55,1.0,0.0,1.0,1.0,1.0
site_11843,0,0.9303100617912536,0.8946328031525037,0.4642857142857143,1.0,0.0,1.0,1.0,0.1428571428571429
site_11850,1,0.9678600152454273,0.9524556264156389,0.6785714285714286,0.8571428571428572,0.8571428571428572,1.0,1.0,1.0
site_05340,0,0.9659803765347514,0.6257988970857481,0.6785714285714286,0.8571428571428572,0.8571428571428572,1.0,1.0,1.0
site_04117,0,0.9552865765067811,0.821831316129545,0.6785714285714286,0.8571428571428572,0.8571428571428572,1.0,1.0,1.0
site_18272,0,0.9919203657871246,0.8139382707998932,0.6785714285714286,0.8571428571428572,0.8571428571428572,1.0,1.0,1.0
site_21213,0,0.9635054871675279,0.8436166233261533,0.6785714285714286,0.8571428571428572,0.8571428571428572,1.0,1.0,1.0
site_14377,0,0.990056300039893,0.8031343959721793,0.6785714285714286,0.8571428571428572,0.8571428571428572,1.0,1.0,1.0
site_03904,0,0.9704498384666679,0.6539596610503726,0.6785714285714286,0.8571428571428572,0.8571428571428572,1.0,1.0,1.0
site_19829,0,0.993755087037655,0.6580266694930132,0.6785714285714286,0.8571428571428572,0.8571428571428572,1.0,1.0,1.0
site_00143,0,0.6277339860717814,0.9184136463869378,0.6785714285714286,0.5714285714285714,0.8571428571428572,1.0,0.5714285714285714,0.5714285714285714
site_14185,0,0.9824683137558297,0.8204440614369646,0.6785714285714286,0.8571428571428572,0.8571428571428572,1.0,1.0,1.0
site_07589,0,0.9649153307692592,0.4648278695299346,0.6785714285714286,0.8571428571428572,0.8571428571428572,1.0,1.0,1.0
site_00333,0,0.7151856533459044,0.8766767084119941,0.6785714285714286,0.5714285714285714,0.8571428571428572,1.0,0.5714285714285714,0.5714285714285714
site_14939,0,0.9841610266067103,0.6376203760216949,0.6785714285714286,0.8571428571428572,0.8571428571428572,1.0,1.0,1.0
site_00494,0,0.903463319766608,0.8374686373400757,0.6785714285714286,0.8571428571428572,0.8571428571428572,1.0,1.0,1.0
site_08830,0,0.9391822153750736,0.37752425014256596,0.6785714285714286,0.8571428571428572,0.8571428571428572,1.0,1.0,1.0
site_01532,0,0.9642480042761593,0.8340703890102272,0.6785714285714286,0.8571428571428572,0.8571428571428572,1.0,1.0,1.0
site_17719,0,0.9281072796647079,0.7995374738222901,0.6785714285714286,0.8571428571428572,0.8571428571428572,1.0,1.0,1.0
site_14352,0,0.9444463595119031,0.7553085924691746,0.6785714285714286,0.8571428571428572,0.8571428571428572,1.0,1.0,1.0
site_18984,0,0.9682861810937864,0.7142874416310974,0.6785714285714286,0.8571428571428572,0.8571428571428572,1.0,1.0,1.0
site_11704,1,0.9818537615293023,0.9726522691274239,0.6785714285714286,0.8571428571428572,0.8571428571428572,1.0,1.0,1.0
site_00205,0,0.9727994157300571,0.8688865852811828,0.6785714285714286,0.8571428571428572,0.8571428571428572,1.0,1.0,1.0
site_03672,0,0.9845450004265309,0.8855291815338908,0.6785714285714286,0.8571428571428572,0.8571428571428572,1.0,1.0,1.0
site_20200,1,0.9676736687494255,0.9607896607800395,0.6785714285714286,0.8571428571428572,0.8571428571428572,1.0,1.0,1.0
site_03536,1,0.9795467367667795,0.9255597567211956,0.6785714285714286,0.8571428571428572,0.8571428571428572,1.0,1.0,1.0
site_13307,0,0.9856298842789564,0.7560813783247501,0.6785714285714286,0.8571428571428572,0.8571428571428572,1.0,1.0,1.0
site_09061,0,0.9841609222839693,0.1000028134590717,0.6785714285714286,0.8571428571428572,0.8571428571428572,1.0,1.0,1.0
site_13864,0,0.9365824367836977,0.7975291670345943,0.6785714285714286,0.8571428571428572,0.8571428571428572,1.0,1.0,1.0
site_15712,0,0.9852500507679167,0.6466510394100466,0.6785714285714286,0.8571428571428572,0.8571428571428572,1.0,1.0,1.0
site_16367,1,0.8868229558435817,0.9168886890506195,0.55,1.0,0.0,1.0,1.0,1.0
site_10725,0,0.8118243984780564,0.9738782889065755,0.7428571428571429,0.8571428571428572,0.8571428571428572,1.0,1.0,1.0
site_02461,0,0.9221099813852462,0.848954919952785,0.6785714285714286,0.8571428571428572,0.8571428571428572,1.0,1.0,1.0
site_02516,0,0.9309201560835121,0.77784281366038,0.6785714285714286,0.8571428571428572,0.8571428571428572,1.0,1.0,1.0
site_09140,0,0.9666935864048035,0.07993986590301905,0.6785714285714286,0.8571428571428572,0.8571428571428572,1.0,1.0,1.0
site_02046,1,0.8787123396395536,0.9850154841996749,0.6785714285714286,0.7142857142857143,0.8571428571428572,1.0,1.0,1.0
site_21039,0,0.9841482992323157,0.7831424640896943,0.6785714285714286,0.8571428571428572,0.8571428571428572,1.0,1.0,1.0
site_00232,1,0.9736084628038162,0.9199058362601306,0.6785714285714286,0.8571428571428572,0.8571428571428572,1.0,1.0,1.0
site_11520,0,0.9045087305019307,0.7211648986021144,0.6785714285714286,0.8571428571428572,0.8571428571428572,1.0,1.0,1.0
site_01671,0,0.6864558262343198,0.8606125564838641,0.55,1.0,0.0,1.0,1.0,1.0
site_19975,0,0.9595043113906245,0.855800860368004,0.6785714285714286,0.8571428571428572,0.8571428571428572,1.0,1.0,1.0
site_06849,0,0.9936688940987666,0.7984346727671462,0.6785714285714286,0.8571428571428572,0.8571428571428572,1.0,1.0,1.0
site_14600,0,0.9809670461749143,0.6256974875044536,0.6785714285714286,0.8571428571428572,0.8571428571428572,1.0,1.0,1.0
site_11644,0,0.9871810097469631,0.5378428978828071,0.6785714285714286,0.8571428571428572,0.8571428571428572,1.0,1.0,1.0
site_17487,0,0.7041449392203789,0.7072008857204484,0.41428571428571437,0.1428571428571429,1.0,0.1428571428571429,0.7142857142857143,0.7142857142857143
site_12994,1,0.9342369336959234,0.9204743788569971,0.6785714285714286,0.8571428571428572,0.8571428571428572,1.0,1.0,1.0
site_13812,0,0.9926169031134139,0.48565013383759026,0.6785714285714286,0.8571428571428572,0.8571428571428572,1.0,1.0,1.0
site_14447,0,0.9708471180932235,0.7653382175872186,0.6785714285714286,0.8571428571428572,0.8571428571428572,1.0,1.0,1.0
site_07703,0,0.9955231604942477,0.3853901834274648,0.6785714285714286,0.8571428571428572,0.8571428571428572,1.0,1.0,1.0
site_04546,0,0.9536293725088475,0.6881387758368169,0.6785714285714286,0.8571428571428572,0.8571428571428572,1.0,1.0,1.0
site_11038,0,0.987087599909889,0.10433770158028521,0.6785714285714286,0.8571428571428572,0.8571428571428572,1.0,1.0,1.0
site_10635,0,0.9939889865401905,0.8939748156137401,0.6785714285714286,0.8571428571428572,0.8571428571428572,1.0,1.0,1.0
site_14992,0,0.985676516544156,0.7237425492536782,0.6785714285714286,0.8571428571428572,0.8571428571428572,1.0,1.0,1.0
site_05772,0,0.9585998220492492,0.8416407967829274,0.6785714285714286,0.8571428571428572,0.8571428571428572,1.0,1.0,1.0
site_08133,0,0.7746576336287873,0.46393593735582317,0.6785714285714286,0.8571428571428572,0.8571428571428572,1.0,1.0,1.0
site_10035,0,0.9231817634191534,0.09013718361250689,0.6785714285714286,0.8571428571428572,0.8571428571428572,1.0,1.0,1.0
site_04027,0,0.9714418154666631,0.6439668360085488,0.6785714285714286,0.8571428571428572,0.8571428571428572,1.0,1.0,1.0
site_20366,0,0.9654552754698607,0.6533649586556484,0.6785714285714286,0.8571428571428572,0.8571428571428572,1.0,1.0,1.0
site_10577,0,0.9690992352785411,0.4341977106108531,0.6785714285714286,0.8571428571428572,0.8571428571428572,1.0,1.0,1.0
site_04013,0,0.969086284355416,0.8600979055508248,0.6785714285714286,0.8571428571428572,0.8571428571428572,1.0,1.0,1.0
site_15358,0,0.9824195633664078,0.6917877653907827,0.6785714285714286,0.8571428571428572,0.8571428571428572,1.0,1.0,1.0
site_11130,1,0.9108217392019704,0.9545945174935904,0.7428571428571429,0.8571428571428572,0.8571428571428572,1.0,1.0,1.0
site_09296,0,0.9861012628580759,0.1328577650098508,0.6785714285714286,0.8571428571428572,0.8571428571428572,1.0,1.0,1.0
site_18422,0,0.9687322912147256,0.8008402813625438,0.6785714285714286,0.8571428571428572,0.8571428571428572,1.0,1.0,1.0
site_17290,0,0.9897934896320483,0.6490225620514489,0.6785714285714286,0.8571428571428572,0.8571428571428572,1.0,1.0,1.0
site_08181,0,0.9762149683490765,0.48205262659710024,0.6785714285714286,0.8571428571428572,0.8571428571428572,1.0,1.0,1.0
site_19502,0,0.9736300762402513,0.7640465202653274,0.6785714285714286,0.8571428571428572,0.8571428571428572,1.0,1.0,1.0
site_05262,0,0.9758141678300143,0.6432328960501592,0.6785714285714286,0.8571428571428572,0.8571428571428572,1.0,1.0,1.0
site_20686,0,0.4675689808788934,0.9864223376755037,0.7571428571428572,0.8571428571428572,0.8571428571428572,1.0,1.0,0.7142857142857143
site_11880,1,0.8697779463633272,0.9213979749704717,0.7428571428571429,0.8571428571428572,0.8571428571428572,1.0,1.0,1.0
site_11724,1,0.994554151263414,0.9871934371275088,0.7428571428571429,0.8571428571428572,0.8571428571428572,1.0,1.0,1.0
site_10804,0,0.9828959736548715,0.31458732166544,0.6785714285714286,0.8571428571428572,0.8571428571428572,1.0,1.0,1.0
site_03878,0,0.9735526799439114,0.879120457939554,0.6785714285714286,0.8571428571428572,0.8571428571428572,1.0,1.0,1.0
site_16572,0,0.9703008469635466,0.5784824957620603,0.6785714285714286,0.8571428571428572,0.8571428571428572,1.0,1.0,1.0
site_09381,0,0.9670680566092152,0.09909290543875693,0.6785714285714286,0.8571428571428572,0.8571428571428572,1.0,1.0,1.0
site_19878,0,0.9913195878882133,0.6016750075391281,0.6785714285714286,0.8571428571428572,0.8571428571428572,1.0,1.0,1.0
site_11886,0,0.992831350616303,0.8668250123096058,0.6785714285714286,0.8571428571428572,0.8571428571428572,1.0,1.0,1.0
site_16376,0,0.7890896267070031,0.9824636092959207,0.6785714285714286,0.5714285714285714,1.0,1.0,1.0,1.0
site_04641,0,0.9907819289733819,0.7703255782418588,0.6785714285714286,0.8571428571428572,0.8571428571428572,1.0,1.0,1.0
site_18592,0,0.9886211954316059,0.7038699334861946,0.6785714285714286,0.8571428571428572,0.8571428571428572,1.0,1.0,1.0
site_13458,0,0.9760546932237789,0.8850103253192285,0.6785714285714286,0.8571428571428572,0.8571428571428572,1.0,1.0,1.0
site_16750,0,0.981373917904918,0.571844221413051,0.6785714285714286,0.8571428571428572,0.8571428571428572,1.0,1.0,1.0
site_04775,0,0.9770548539702195,0.7397995629580527,0.6785714285714286,0.8571428571428572,0.8571428571428572,1.0,1.0,1.0
site_00690,0,0.8242457942734088,0.859352359099226,0.55,1.0,0.0,1.0,1.0,1.0
site_01521,1,0.9159301853737609,0.9288801083524337,0.6785714285714286,0.7142857142857143,0.8571428571428572,1.0,1.0,1.0
site_03049,1,0.9424616156397315,0.9431294479308119,0.6785714285714286,0.8571428571428572,0.8571428571428572,1.0,1.0,1.0
site_14987,0,0.9832803284389873,0.736202064596208,0.6785714285714286,0.8571428571428572,0.8571428571428572,1.0,1.0,1.0
site_12209,0,0.9703687089065272,0.6999126238445197,0.6785714285714286,0.8571428571428572,0.8571428571428572,1.0,1.0,1.0
site_17590,0,0.9791565082397677,0.6692658843610547,0.6785714285714286,0.8571428571428572,0.8571428571428572,1.0,1.0,1.0
site_17815,0,0.9328588675462445,0.8713680415184051,0.6785714285714286,0.8571428571428572,0.8571428571428572,1.0,1.0,1.0
site_18909,1,0.9692867423650359,0.9137692651671249,0.6785714285714286,0.8571428571428572,0.8571428571428572,1.0,1.0,1.0
site_08703,0,0.9865406553396612,0.3222543212921486,0.6785714285714286,0.8571428571428572,0.8571428571428572,1.0,1.0,1.0
site_04643,0,0.9598148839162113,0.7672279732861058,0.6785714285714286,0.8571428571428572,0.8571428571428572,1.0,1.0,1.0
site_00463,0,0.8326822700103834,0.9161152937618463,0.6785714285714286,0.8571428571428572,0.8571428571428572,1.0,1.0,1.0
site_12196,0,0.9769851402985872,0.5944660136810967,0.6785714285714286,0.8571428571428572,0.8571428571428572,1.0,1.0,1.0
site_17768,0,0.9904072370831457,0.69516693725169,0.6785714285714286,0.8571428571428572,0.8571428571428572,1.0,1.0,1.0
site_15979,0,0.9174326712952581,0.9705929221875342,0.4642857142857143,1.0,0.0,1.0,1.0,0.1428571428571429
site_16369,0,0.8302836517442226,0.9314556954530793,0.55,1.0,0.0,1.0,1.0,1.0
site_05044,0,0.9734316972338259,0.6759076930396519,0.6785714285714286,0.8571428571428572,0.8571428571428572,1.0,1.0,1.0
site_16320,0,0.8369609181974986,0.9814622303076405,0.6785714285714286,0.5714285714285714,1.0,1.0,1.0,1.0
site_04363,0,0.9879880765515504,0.7854286701404257,0.6785714285714286,0.8571428571428572,0.8571428571428572,1.0,1.0,1.0
site_05869,0,0.9753712563188284,0.693507128931575,0.6785714285714286,0.8571428571428572,0.8571428571428572,1.0,1.0,1.0
site_09218,0,0.972252403163757,0.1247298481588649,0.6785714285714286,0.8571428571428572,0.8571428571428572,1.0,1.0,1.0
site_11898,0,0.9695954221780371,0.19608048139016443,0.6785714285714286,0.8571428571428572,0.8571428571428572,1.0,1.0,1.0
site_10293,0,0.9848061463277858,0.09041030569289421,0.6785714285714286,0.8571428571428572,0.8571428571428572,1.0,1.0,1.0
site_06378,0,0.892622659400081,0.8577551184766583,0.6785714285714286,0.8571428571428572,0.8571428571428572,1.0,1.0,1.0
site_17408,0,0.9841714216226825,0.7492520299706473,0.6785714285714286,0.8571428571428572,0.8571428571428572,1.0,1.0,1.0
site_11589,0,0.9946767267582048,0.8558900450028593,0.6785714285714286,0.8571428571428572,0.8571428571428572,1.0,1.0,1.0
site_07720,0,0.9863337246628379,0.6322143870779924,0.6785714285714286,0.8571428571428572,0.8571428571428572,1.0,1.0,1.0
site_18304,0,0.9699667887809059,0.7590625755634928,0.6785714285714286,0.8571428571428572,0.8571428571428572,1.0,1.0,1.0
site_19077,0,0.9875682147773938,0.6875406226810545,0.6785714285714286,0.8571428571428572,0.8571428571428572,1.0,1.0,1.0
site_15005,0,0.9799253947840776,0.6997366751093055,0.6785714285714286,0.8571428571428572,0.8571428571428572,1.0,1.0,1.0
site_13519,0,0.9591832246230759,0.68288951010125,0.6785714285714286,0.8571428571428572,0.8571428571428572,1.0,1.0,1.0
site_16814,0,0.9957722380241368,0.6039634389019013,0.6785714285714286,0.8571428571428572,0.8571428571428572,1.0,1.0,1.0
site_05445,0,0.981740472621361,0.6372041161750438,0.6785714285714286,0.8571428571428572,0.8571428571428572,1.0,1.0,1.0
site_10334,0,0.9599844530799829,0.2900551382872255,0.6785714285714286,0.8571428571428572,0.8571428571428572,1.0,1.0,1.0
site_17224,1,0.9213255041798843,0.9649153987661842,0.6785714285714286,0.7142857142857143,0.8571428571428572,1.0,1.0,1.0
site_07125,0,0.9947790692299718,0.5987383056476843,0.6785714285714286,0.8571428571428572,0.8571428571428572,1.0,1.0,1.0
site_17585,0,0.7876591979929974,0.69317583741065,0.7357142857142858,0.5714285714285714,0.7142857142857143,1.0,1.0,0.7142857142857143
site_12154,0,0.9774065874058249,0.22830811717653743,0.6785714285714286,0.8571428571428572,0.8571428571428572,1.0,1.0,1.0
site_02527,0,0.9248659944586144,0.8684919340805044,0.6785714285714286,0.7142857142857143,0.8571428571428572,1.0,1.0,1.0
site_03551,0,0.945971550532803,0.8506398148057047,0.6785714285714286,0.5714285714285714,1.0,1.0,1.0,1.0
site_17865,0,0.9150305582172757,0.7807112378776271,0.6785714285714286,0.8571428571428572,0.8571428571428572,1.0,1.0,1.0
site_10881,0,0.7561501981595561,0.9275765505851685,0.7428571428571429,0.8571428571428572,0.8571428571428572,1.0,1.0,1.0
site_02873,0,0.9744561931224964,0.8534007791902987,0.6785714285714286,0.8571428571428572,0.8571428571428572,1.0,1.0,1.0
site_04085,0,0.9658864190032874,0.6417226985738037,0.6785714285714286,0.8571428571428572,0.8571428571428572,1.0,1.0,1.0
site_20765,0,0.9553881943080798,0.7537064820080531,0.6785714285714286,0.8571428571428572,0.8571428571428572,1.0,1.0,1.0
site_15745,0,0.9840394794360802,0.7232155203431783,0.6785714285714286,0.8571428571428572,0.8571428571428572,1.0,1.0,1.0
site_06429,0,0.9802238640088093,0.7100666546394676,0.6785714285714286,0.8571428571428572,0.8571428571428572,1.0,1.0,1.0
site_15122,0,0.9796180655779904,0.7164218510189556,0.6785714285714286,0.8571428571428572,0.8571428571428572,1.0,1.0,1.0
site_21189,1,0.943131974943943,0.9133565905464238,0.6785714285714286,0.8571428571428572,0.8571428571428572,1.0,1.0,1.0
site_06446,0,0.9815440533921403,0.8376474078775381,0.6785714285714286,0.8571428571428572,0.8571428571428572,1.0,1.0,1.0
site_01648,0,0.9572204220588111,0.9010706484346849,0.6785714285714286,0.8571428571428572,0.8571428571428572,1.0,1.0,1.0
