{
"type": "FeatureCollection",
"name": "study_area_boundary",
"crs": { "type": "name", "properties": { "name": "urn:ogc:def:crs:OGC:1.3:CRS84" } },
"features": [
{ "type": "Feature", "properties": { "boundary_name": "central_coast_continuous_region" }, "geometry": { "type": "Polygon", "coordinates": [ [ [ 151.435159967882043, -33.474794016648794 ], [ 151.433893247307651, -33.473425260513878 ], [ 151.43345641057735, -33.47378047356888 ], [ 151.432483258252262, -33.474038718673597 ], [ 151.432255091197362, -33.474757300892755 ], [ 151.433528295465635, -33.475765421098629 ], [ 151.433309870755437, -33.475943026933862 ], [ 151.431068373665255, -33.474922649040003 ], [ 151.434275463052245, -33.46414117147652 ], [ 151.434914429665866, -33.464509976748062 ], [ 151.435136062603448, -33.464152040255932 ], [ 151.43556474247913, -33.464247635718074 ], [ 151.435784752249162, -33.463979861276165 ], [ 151.435261461579955, -33.463161602067188 ], [ 151.434622503083943, -33.46279279875246 ], [ 151.437255259077773, -33.453988002759054 ], [ 151.438892937460622, -33.45265587842939 ], [ 151.439541533899245, -33.452483676779202 ], [ 151.439608714244315, -33.454739121738818 ], [ 151.442312318392766, -33.45396146910435 ], [ 151.44370419071214, -33.454339687717415 ], [ 151.443559568933665, -33.456412104278272 ], [ 151.446179756870379, -33.454280559291277 ], [ 151.442442453363526, -33.45270052797941 ], [ 151.442349403125689, -33.451887702465768 ], [ 151.440753754145362, -33.450875618092667 ], [ 151.440440762767764, -33.450330576723161 ], [ 151.440993076046539, -33.449525867433799 ], [ 151.44007349489965, -33.446808777908586 ], [ 151.439526036412104, -33.44734299251612 ], [ 151.439495351241192, -33.449056103091685 ], [ 151.43904250705765, -33.45031297815197 ], [ 151.438393926083677, -33.450485177688357 ], [ 151.441600703779528, -33.43961325331091 ], [ 151.451552074785127, -33.424406574607964 ], [ 151.451773531806907, -33.424048601221472 ], [ 151.452531016531822, -33.423787501671079 ], [ 151.453081442659084, -33.423072891793574 ], [ 151.453856499857011, -33.421819972100479 ], [ 151.454424479344567, -33.420113543155274 ], [ 151.472101744985508, -33.393277032390387 ], [ 151.472213968076034, -33.393007858301104 ], [ 151.470826085684337, -33.392449648855582 ], [ 151.471158024311052, -33.391912627443006 ], [ 151.499521352153835, -33.349240108380009 ], [ 151.499418557081782, -33.348968306859682 ], [ 151.498879827750727, -33.349051980844173 ], [ 151.498355031983834, -33.348324143658928 ], [ 151.498576095027914, -33.34796607162631 ], [ 151.499977391062004, -33.347712450174669 ], [ 151.499986670172774, -33.347171443789072 ], [ 151.49870829541544, -33.346524687888419 ], [ 151.498082276551912, -33.345434879932149 ], [ 151.497333351471525, -33.345245445583885 ], [ 151.496354065673728, -33.345955081067032 ], [ 151.495924335799316, -33.345949876118993 ], [ 151.495479095132026, -33.346846345284824 ], [ 151.494189893224586, -33.346830716531755 ], [ 151.492910014872194, -33.34627406969765 ], [ 151.492478729926745, -33.346359020224767 ], [ 151.493252506724218, -33.345105804201957 ], [ 151.4900544765554, -33.343623973431619 ], [ 151.489876977888031, -33.34145734323149 ], [ 151.490442118544593, -33.33984086076692 ], [ 151.490035764271624, -33.338483124630457 ], [ 151.490579102033593, -33.338128984873372 ], [ 151.490048213981396, -33.337761784997852 ], [ 151.490832831044372, -33.335877408682045 ], [ 151.489981253243769, -33.335416124429273 ], [ 151.49130293352647, -33.333538273423798 ], [ 151.492708674077193, -33.333014224682479 ], [ 151.494100432845471, -33.333301668798654 ], [ 151.494323024080131, -33.332853435219413 ], [ 151.494751138272704, -33.332948811635106 ], [ 151.494665437506313, -33.33168516137534 ], [ 151.494350949820415, -33.331230416242164 ], [ 151.492636981169113, -33.33093906491289 ], [ 151.491895961346529, -33.330298762904867 ], [ 151.488486779248518, -33.328633960292812 ], [ 151.487434487659016, -33.3273585381625 ], [ 151.486791591426083, -33.327260520262485 ], [ 151.486796268154762, -33.326990017826709 ], [ 151.487552803777476, -33.326728673663368 ], [ 151.487559036139913, -33.326368003588378 ], [ 151.486920823142611, -33.325999484025509 ], [ 151.487366035634409, -33.325103042124439 ], [ 151.487910856089229, -33.324658743710899 ], [ 151.487918644069055, -33.324207905888677 ], [ 151.489518833819687, -33.324858682829927 ], [ 151.488754536074339, -33.325570877602779 ], [ 151.489285346552322, -33.325938081464983 ], [ 151.488740524608602, -33.326382385793202 ], [ 151.488947557499131, -33.326835837412816 ], [ 151.495340933678676, -33.329889616233153 ], [ 151.496293704610252, -33.330712835307686 ], [ 151.496173895051413, -33.331432877172652 ], [ 151.497344618404469, -33.332078354303107 ], [ 151.497122044565828, -33.332526593844257 ], [ 151.498832967818061, -33.33299822026796 ], [ 151.498860810084579, -33.331375197964668 ], [ 151.499856910461659, -33.329673688206853 ], [ 151.50422693042492, -33.331710505495828 ], [ 151.505793867342021, -33.328031711747187 ], [ 151.506019463283678, -33.32740311824422 ], [ 151.506234283668505, -33.327405702173955 ], [ 151.506131490482346, -33.327133905422116 ], [ 151.506352465250131, -33.326775815974102 ], [ 151.506565745601591, -33.326868567587503 ], [ 151.506673155161536, -33.326869859108228 ], [ 151.506674693577764, -33.326779690801537 ], [ 151.506677770389615, -33.326599354184061 ], [ 151.507214816633763, -33.326605810329262 ], [ 151.507213278784036, -33.326695978660702 ], [ 151.507105869410935, -33.326694687612907 ], [ 151.507104331443799, -33.32678485593857 ], [ 151.507211740927431, -33.32678614699077 ], [ 151.507319150417914, -33.326787437950131 ], [ 151.507314537138683, -33.327057942945288 ], [ 151.507638304081155, -33.326971646962484 ], [ 151.507747251137658, -33.326882769210023 ], [ 151.507960533318595, -33.326975518474583 ], [ 151.508173815962351, -33.32706826738405 ], [ 151.508176889719806, -33.326887930651601 ], [ 151.508179963449891, -33.32670759391366 ], [ 151.508284299382467, -33.326889220779947 ], [ 151.508282762617682, -33.326979389151248 ], [ 151.508492972512613, -33.327252474270281 ], [ 151.508927221400626, -33.32698712799823 ], [ 151.508713938101494, -33.32689438036499 ], [ 151.50903770319664, -33.326808080675633 ], [ 151.509039239173859, -33.326717912270801 ], [ 151.509470412728149, -33.326632900797776 ], [ 151.509364538953776, -33.326541443282949 ], [ 151.509577822141239, -33.326634189799002 ], [ 151.509791105791408, -33.32672693595994 ], [ 151.509680625619495, -33.326905984000987 ], [ 151.509574751299198, -33.326814526653969 ], [ 151.509571680429815, -33.326994863503465 ], [ 151.509677554957534, -33.327086320856516 ], [ 151.510001319919354, -33.327000018650409 ], [ 151.510217674479946, -33.326912427216506 ], [ 151.510111799572684, -33.326820970311651 ], [ 151.509895445143172, -33.326908561565681 ], [ 151.509896980242786, -33.326818393127063 ], [ 151.51000592488657, -33.326729513321396 ], [ 151.510007459861953, -33.326639344875645 ], [ 151.509900050421521, -33.326638056245727 ], [ 151.509901585500614, -33.326547887802995 ], [ 151.510116404167235, -33.326550464961237 ], [ 151.510223813510748, -33.326551753401105 ], [ 151.51033122286114, -33.32655304174817 ], [ 151.510329688224232, -33.326643210208481 ], [ 151.510222278763308, -33.326641921857018 ], [ 151.510220744009018, -33.326732090311552 ], [ 151.510328153580502, -33.326733378667392 ], [ 151.510435563158836, -33.326734666930406 ], [ 151.510651916648072, -33.326647074705853 ], [ 151.510757791934793, -33.326738531162484 ], [ 151.510760860331033, -33.326558194208125 ], [ 151.510762394518878, -33.326468025728893 ], [ 151.510869803792872, -33.326469313607433 ], [ 151.510871337863364, -33.326379145122431 ], [ 151.510978747033647, -33.326380432903761 ], [ 151.511201233986355, -33.325932165676477 ], [ 151.511314776932579, -33.325572779105954 ], [ 151.51163700156107, -33.325576640939055 ], [ 151.511633935083893, -33.325756977993841 ], [ 151.511627802047627, -33.326117652086943 ], [ 151.511520393168041, -33.326116364875737 ], [ 151.511518859781347, -33.326206533391186 ], [ 151.51173367776849, -33.326209107729554 ], [ 151.511732144596067, -33.326299276252421 ], [ 151.511834954483902, -33.326571068860225 ], [ 151.51162013559869, -33.326568494672422 ], [ 151.511724478631578, -33.326750118846093 ], [ 151.511399182574308, -33.326926594121865 ], [ 151.511827288969755, -33.327021911455262 ], [ 151.511828822086244, -33.326931742939003 ], [ 151.511936231981309, -33.326933029911217 ], [ 151.511937764980388, -33.326842861389196 ], [ 151.511830355195912, -33.326841574421366 ], [ 151.51194083095811, -33.326662524341046 ], [ 151.512048240528316, -33.326663811207268 ], [ 151.512049773396399, -33.326573642676742 ], [ 151.511942363936726, -33.326572355814903 ], [ 151.511945429873492, -33.326392018758511 ], [ 151.512269190236168, -33.326305710495816 ], [ 151.512378131893769, -33.326216828516863 ], [ 151.512379664396036, -33.32612665996632 ], [ 151.512169444677284, -33.325853581117045 ], [ 151.512497799881345, -33.325496766511939 ], [ 151.512284516125646, -33.325404024986128 ], [ 151.512609804707864, -33.325227547142006 ], [ 151.512720276734598, -33.325048496222117 ], [ 151.512827684362719, -33.325049782359642 ], [ 151.51282615238452, -33.325139950944219 ], [ 151.512717212550257, -33.325228833381118 ], [ 151.512824620399471, -33.325230119527411 ], [ 151.512823088407629, -33.325320288109232 ], [ 151.512821556408937, -33.325410456689667 ], [ 151.513145312327822, -33.325324146004327 ], [ 151.513146843988068, -33.325233977409368 ], [ 151.513254251864538, -33.325235263184375 ], [ 151.513252720314881, -33.325325431783732 ], [ 151.513360128308733, -33.32532671747029 ], [ 151.513466004974021, -33.325418171670798 ], [ 151.513574944316929, -33.325329288564973 ], [ 151.513788229348648, -33.325422027908253 ], [ 151.513686945633282, -33.325060068118312 ], [ 151.513791291349349, -33.325241690667099 ], [ 151.51390023014639, -33.325152807258156 ], [ 151.513794353322822, -33.325061353420459 ], [ 151.514009168722282, -33.325063923746271 ], [ 151.514228575731522, -33.324795987767956 ], [ 151.514234697746161, -33.32443531317162 ], [ 151.514561509060513, -33.324168661314204 ], [ 151.514351286850143, -33.323895586017002 ], [ 151.514797740513131, -33.322908868628538 ], [ 151.515011021125588, -33.323001605778572 ], [ 151.514909734720078, -33.322639646786875 ], [ 151.515124544286806, -33.322642215019876 ], [ 151.515235007784639, -33.32246316155701 ], [ 151.515236537126526, -33.322372992834872 ], [ 151.51523806646162, -33.322282824111369 ], [ 151.515560279556865, -33.32228667543383 ], [ 151.515024787314843, -33.322190087382886 ], [ 151.515020198646397, -33.32246059352714 ], [ 151.514912794087508, -33.322459309372988 ], [ 151.51458905043981, -33.32254562504815 ], [ 151.514701044772437, -33.322276403384393 ], [ 151.514808449096648, -33.322277687715406 ], [ 151.514809978867049, -33.322187519008047 ], [ 151.51491738308755, -33.322188803241879 ], [ 151.514920442386853, -33.322008465814264 ], [ 151.514813038387388, -33.322007181589186 ], [ 151.514814568137353, -33.321917012877705 ], [ 151.515673799439355, -33.321927284044591 ], [ 151.515679914834209, -33.321566609044851 ], [ 151.515460520652994, -33.321834548070605 ], [ 151.515356175201134, -33.32165292684472 ], [ 151.515141368038798, -33.321650359079264 ], [ 151.515469694989889, -33.32129353560704 ], [ 151.515577098145997, -33.321294819240244 ], [ 151.516002125358511, -33.321570459148568 ], [ 151.516108000483825, -33.32166191110035 ], [ 151.516437851677438, -33.321214916176672 ], [ 151.516436323639823, -33.321305084964791 ], [ 151.516542198923304, -33.321396536553827 ], [ 151.51664807442782, -33.321487988057427 ], [ 151.516755477879826, -33.321489270678484 ], [ 151.516545254784262, -33.321216198970234 ], [ 151.516760061018346, -33.321218764278925 ], [ 151.516976394757791, -33.321131160405059 ], [ 151.516980977151547, -33.320860653962804 ], [ 151.517195782555859, -33.320863218494054 ], [ 151.517197309785786, -33.320773049668489 ], [ 151.517304712387613, -33.320774331790531 ], [ 151.517306239500215, -33.320684162959211 ], [ 151.517198837008891, -33.320682880841538 ], [ 151.517092961851233, -33.320591429807102 ], [ 151.517089907190751, -33.320771767453621 ], [ 151.516769227111638, -33.320677751442759 ], [ 151.51687968466473, -33.320498696299886 ], [ 151.516881212199024, -33.320408527481923 ], [ 151.517096016484516, -33.320411092155084 ], [ 151.517200364225232, -33.320592712013223 ], [ 151.517415168993637, -33.320595276147024 ], [ 151.517416695982092, -33.320505107308584 ], [ 151.517524098265994, -33.320506389231916 ], [ 151.51752715200152, -33.320326051542182 ], [ 151.517313874961218, -33.32023331878203 ], [ 151.516993196568848, -33.320139303389702 ], [ 151.516882739726498, -33.320318358662597 ], [ 151.516999306114258, -33.31977862807021 ], [ 151.516778392960049, -33.32013673855716 ], [ 151.516457715547034, -33.320042721806381 ], [ 151.516459243489379, -33.319952552999055 ], [ 151.516353369982681, -33.31986110136959 ], [ 151.516572756308165, -33.319593160470859 ], [ 151.516894959701432, -33.319597008058587 ], [ 151.517115870937744, -33.319238897283121 ], [ 151.517341361213198, -33.318610279459996 ], [ 151.517878361062515, -33.318616688153774 ], [ 151.518214295396859, -33.317809012114068 ], [ 151.518215821401014, -33.317718843202492 ], [ 151.518323220306598, -33.317720124340774 ], [ 151.518324746193457, -33.317629955423463 ], [ 151.518217347398377, -33.317628674289551 ], [ 151.518326272073523, -33.317539786504774 ], [ 151.518439773775128, -33.317180391835599 ], [ 151.51865609580878, -33.317092784657135 ], [ 151.518551748886125, -33.316911165955119 ], [ 151.518769595516375, -33.316733389607876 ], [ 151.518876993240383, -33.316734670234155 ], [ 151.518988966398126, -33.316465443887694 ], [ 151.519100938838591, -33.316196217409882 ], [ 151.518886144696154, -33.316193656488096 ], [ 151.51910398882751, -33.316015879466093 ], [ 151.519002692312228, -33.31565392317372 ], [ 151.519223584488032, -33.315295807914069 ], [ 151.519125337989408, -33.314753513705796 ], [ 151.51956101703243, -33.314397958105801 ], [ 151.519347751896419, -33.31430522909352 ], [ 151.52057479440748, -33.311614232180091 ], [ 151.520898491916569, -33.311527899469858 ], [ 151.520900014793767, -33.31143773035749 ], [ 151.520903060527843, -33.311257392128617 ], [ 151.520795669421233, -33.311256113438574 ], [ 151.520794146447116, -33.311346282549337 ], [ 151.520686755236824, -33.311345003762156 ], [ 151.520798715349116, -33.311075775212935 ], [ 151.52208131984429, -33.311451789920824 ], [ 151.521415658368483, -33.312706490213223 ], [ 151.521737837133429, -33.312710324544291 ], [ 151.522073711466476, -33.31190263570867 ], [ 151.522056972438861, -33.312894496321178 ], [ 151.522497194295511, -33.312268422256302 ], [ 151.522178060250127, -33.312084251630168 ], [ 151.522606107889658, -33.312179530338767 ], [ 151.522503279352179, -33.311907745581038 ], [ 151.522612192477283, -33.311818853640588 ], [ 151.522719584361965, -33.311820130779608 ], [ 151.522716542302618, -33.312000469140152 ], [ 151.522828497162436, -33.311731238639176 ], [ 151.523255023412986, -33.311916684285805 ], [ 151.523360895078554, -33.31200813007824 ], [ 151.523140028360473, -33.312366253577586 ], [ 151.522925243218026, -33.312363699896729 ], [ 151.522604586725805, -33.312269699509876 ], [ 151.522601544377778, -33.312450037847981 ], [ 151.522598502002666, -33.312630376180614 ], [ 151.522383716265097, -33.312627821545853 ], [ 151.522373066192046, -33.313259005605829 ], [ 151.522159800615157, -33.313166281400377 ], [ 151.522047841714539, -33.313435511130749 ], [ 151.522262629400132, -33.313438066400586 ], [ 151.5223685017734, -33.313529513039519 ], [ 151.522255021381653, -33.313888912081048 ], [ 151.522362415787001, -33.313890189598574 ], [ 151.522359372753158, -33.314070527869866 ], [ 151.522251978126832, -33.314069250343628 ], [ 151.522253499757625, -33.313979081213027 ], [ 151.521823921762007, -33.313973970197672 ], [ 151.521925228361027, -33.31433592455258 ], [ 151.521813267110446, -33.314605153961089 ], [ 151.522136974699151, -33.314518818335273 ], [ 151.522133931128508, -33.314699156569915 ], [ 151.522241326521453, -33.314700434219432 ], [ 151.522132409333011, -33.31478932568519 ], [ 151.522015882258017, -33.315329062575188 ], [ 151.522336549135304, -33.315423064729586 ], [ 151.522227631112401, -33.315511956246667 ], [ 151.522224587613607, -33.315692294459836 ], [ 151.522333505871046, -33.31560340295421 ], [ 151.522335027506557, -33.315513233842594 ], [ 151.522549820315248, -33.315515788756088 ], [ 151.522548298900745, -33.315605957876421 ], [ 151.522655695425726, -33.315607235198343 ], [ 151.522657216729755, -33.315517066073646 ], [ 151.522881135935052, -33.314978605601162 ], [ 151.523095927485571, -33.314981159534511 ], [ 151.522882656970665, -33.314888436458155 ], [ 151.522885699021629, -33.314708098168005 ], [ 151.522996136264851, -33.314529036863696 ], [ 151.523103531491074, -33.314530313762212 ], [ 151.523209406046959, -33.314621759729505 ], [ 151.523312239656832, -33.314893543936314 ], [ 151.52374182245137, -33.314898649929887 ], [ 151.523959653730373, -33.314720863992768 ], [ 151.523852258228999, -33.314719587827838 ], [ 151.523747902990436, -33.31453797320485 ], [ 151.52407160861793, -33.314451632475794 ], [ 151.524283359853939, -33.314634522727168 ], [ 151.524281840274995, -33.31472469193087 ], [ 151.524389235803426, -33.314725967724662 ], [ 151.524390755271867, -33.314635798516626 ], [ 151.524608584602646, -33.314458011379529 ], [ 151.524715979819888, -33.314459286881913 ], [ 151.524714460696458, -33.314549456105773 ], [ 151.524712941566236, -33.314639625328248 ], [ 151.52482185603094, -33.314550731519724 ], [ 151.52481729895149, -33.314821239196064 ], [ 151.52503360911598, -33.314733620538931 ], [ 151.525035127921512, -33.314643451304789 ], [ 151.525142523386791, -33.314644726444726 ], [ 151.525144042075027, -33.314554557204872 ], [ 151.525572105315518, -33.314649826076653 ], [ 151.525897327655997, -33.314473311284381 ], [ 151.525898845557322, -33.314383142011351 ], [ 151.525900363451854, -33.314292972736958 ], [ 151.525901881339649, -33.314202803461178 ], [ 151.526009276306581, -33.314204077837104 ], [ 151.526332978687009, -33.314117731113669 ], [ 151.526768626182445, -33.313762149297467 ], [ 151.526986448604333, -33.313584357772314 ], [ 151.526987965333205, -33.313494188442128 ], [ 151.527310147805338, -33.31349800840384 ], [ 151.527205786636785, -33.313316396494194 ], [ 151.527745788283823, -33.313142422931165 ], [ 151.527854697851012, -33.313053526305914 ], [ 151.527851666221778, -33.313233865048083 ], [ 151.528503605270203, -33.312790652608946 ], [ 151.528506635506176, -33.312610313801024 ], [ 151.530244599457575, -33.311458452516952 ], [ 151.530569800749419, -33.311281924815546 ], [ 151.530675679556765, -33.311373364570713 ], [ 151.530678705157953, -33.311193025545514 ], [ 151.531002392159877, -33.311106666177963 ], [ 151.531214150518196, -33.311289544883429 ], [ 151.531112808254164, -33.310927596973407 ], [ 151.53133061487523, -33.310749797313868 ], [ 151.532740294021949, -33.30995476797662 ], [ 151.532953563823355, -33.310047474152952 ], [ 151.533177405127987, -33.309508992530894 ], [ 151.53404255873636, -33.309158454667319 ], [ 151.534148438804237, -33.309249891521311 ], [ 151.534255828096832, -33.309251158603608 ], [ 151.534476641766389, -33.308893013696846 ], [ 151.534582521991808, -33.308984450188191 ], [ 151.534585539276094, -33.308804110777537 ], [ 151.535128515457956, -33.308449764373883 ], [ 151.535234395867718, -33.308541200319809 ], [ 151.535232887911832, -33.308631370055849 ], [ 151.535340276498374, -33.308632636180242 ], [ 151.535341784343814, -33.308542466439881 ], [ 151.535564099337961, -33.30809414963624 ], [ 151.537516655581157, -33.306944712246775 ], [ 151.537732934133459, -33.30685707048152 ], [ 151.537618020549331, -33.307306655755411 ], [ 151.537722396977045, -33.307488259481801 ], [ 151.538375748799524, -33.306954822404656 ], [ 151.53838176726029, -33.306594142847842 ], [ 151.538700917448097, -33.306778272381798 ], [ 151.538699413160884, -33.306868442283239 ], [ 151.53880679975299, -33.306869705352966 ], [ 151.538808303929756, -33.306779535447205 ], [ 151.538705430269488, -33.306507762669249 ], [ 151.53902758874051, -33.306511551548454 ], [ 151.53902608480476, -33.306601721466926 ], [ 151.53913347108562, -33.306602984245444 ], [ 151.539134974910922, -33.306512814322673 ], [ 151.53924536849766, -33.306333737145842 ], [ 151.539461643904019, -33.306246092273447 ], [ 151.539788310909074, -33.305979369299585 ], [ 151.539671905863372, -33.306519126802371 ], [ 151.539886678291253, -33.306521651144926 ], [ 151.54010145074588, -33.306524175116451 ], [ 151.540104456388349, -33.306343835189296 ], [ 151.540216350486986, -33.3060745871134 ], [ 151.540326741312555, -33.305895508887687 ], [ 151.540541512274444, -33.305898032056909 ], [ 151.540435629236526, -33.305806600533295 ], [ 151.540547521578105, -33.305537352089914 ], [ 151.540759287486566, -33.305720214857132 ], [ 151.541191831973777, -33.305544919268179 ], [ 151.541742267095572, -33.304739692267667 ], [ 151.542173304243335, -33.304654563116245 ], [ 151.542822108363453, -33.304391611387146 ], [ 151.543691671578159, -33.303770493194534 ], [ 151.544550736039128, -33.303780559817433 ], [ 151.544446349351006, -33.303598961458363 ], [ 151.544447847537469, -33.303508791278389 ], [ 151.54476999580649, -33.303512564971243 ], [ 151.544772991496757, -33.303332224581453 ], [ 151.545526166540697, -33.303250856331537 ], [ 151.545748415623677, -33.30280251914057 ], [ 151.545749912424924, -33.302712348896812 ], [ 151.546180936161079, -33.302627205433254 ], [ 151.546720836569449, -33.302453146251914 ], [ 151.546832705124899, -33.302183891362773 ], [ 151.548133234858511, -33.301477593050265 ], [ 151.548016887994663, -33.302017360315759 ], [ 151.547800631180223, -33.30210502065988 ], [ 151.547906517823577, -33.302196446045528 ], [ 151.548013899130041, -33.302197701003706 ], [ 151.548015393565692, -33.302107530660422 ], [ 151.548122774768416, -33.302108785521575 ], [ 151.548121280443183, -33.302198955869137 ], [ 151.548118291772823, -33.302379296560154 ], [ 151.548441930421973, -33.302292890267985 ], [ 151.548779011186156, -33.301394949705653 ], [ 151.549214505294117, -33.30103928424117 ], [ 151.549536645166512, -33.301043045331888 ], [ 151.549544109116198, -33.300592193213326 ], [ 151.549861770036046, -33.300866464718951 ], [ 151.550404636538303, -33.300512048074964 ], [ 151.551262180612355, -33.300612237925243 ], [ 151.551266653602369, -33.300341726432613 ], [ 151.551481411996463, -33.300344230326665 ], [ 151.551705113567834, -33.299805710725032 ], [ 151.552243496372967, -33.299721797234866 ], [ 151.552033209903868, -33.299448783075547 ], [ 151.552784856995544, -33.299457540238883 ], [ 151.552899681415738, -33.299007937987632 ], [ 151.553758702697934, -33.299017939697691 ], [ 151.554416357836658, -33.298213901235421 ], [ 151.555281318828122, -33.297863209480617 ], [ 151.556249191913452, -33.29778427139285 ], [ 151.556894934842944, -33.2977015848641 ], [ 151.557218548252905, -33.297615154940175 ], [ 151.557203700834862, -33.298516862635729 ], [ 151.556774191942935, -33.298511874494771 ], [ 151.556771221496717, -33.298692215983436 ], [ 151.55720221605668, -33.298607033397751 ], [ 151.55730662405125, -33.298788621733848 ], [ 151.557311078074378, -33.298518109439129 ], [ 151.557418455320487, -33.298519356149797 ], [ 151.557419939871238, -33.298429185377898 ], [ 151.557312562735518, -33.29842793867148 ], [ 151.557319985942115, -33.297977084812722 ], [ 151.557428847036874, -33.297888160717761 ], [ 151.557536223516763, -33.297889407305945 ], [ 151.557643600003246, -33.297890653801389 ], [ 151.557645084286889, -33.297800483011407 ], [ 151.557537707910797, -33.297799236520206 ], [ 151.557430331541326, -33.297797989936285 ], [ 151.5576495370982, -33.297529970633242 ], [ 151.558080525159482, -33.297444784807233 ], [ 151.557633209832574, -33.298521849292932 ], [ 151.557415486199147, -33.298699697689486 ], [ 151.557628756803098, -33.298792361625921 ], [ 151.557739102872404, -33.298613266508681 ], [ 151.557965729502428, -33.29789439273133 ], [ 151.558293793506351, -33.29753744755655 ], [ 151.558186417421808, -33.297536201634479 ], [ 151.558296760689331, -33.297357105913257 ], [ 151.558402653081885, -33.29744852256065 ], [ 151.558620371570555, -33.297270672261121 ], [ 151.55904839192047, -33.29736582471174 ], [ 151.558936567213351, -33.297635091986621 ], [ 151.558933601315573, -33.297815433672675 ], [ 151.559264626348238, -33.297278144100531 ], [ 151.559588236076365, -33.297191707892338 ], [ 151.559367554715124, -33.297549901676931 ], [ 151.559685236688239, -33.297824148725091 ], [ 151.559683754502259, -33.297914319595783 ], [ 151.559791131120875, -33.29791556423659 ], [ 151.559792613196436, -33.297825393361656 ], [ 151.559901471669832, -33.297736467024933 ], [ 151.559898507746112, -33.29791680878467 ], [ 151.560330977353487, -33.297741444255955 ], [ 151.560667918179945, -33.296843467027756 ], [ 151.561532842070335, -33.296492730628756 ], [ 151.561853487104145, -33.296586630316213 ], [ 151.561950503633938, -33.297219069862535 ], [ 151.56119146966455, -33.297661223334089 ], [ 151.56150915791622, -33.297935465877927 ], [ 151.561189989037473, -33.297751394266903 ], [ 151.561187027763481, -33.297931736128454 ], [ 151.560970793493567, -33.298019420085382 ], [ 151.560644219472209, -33.298286201646533 ], [ 151.561067804816076, -33.298651860050676 ], [ 151.561181105136342, -33.298292419835121 ], [ 151.56096635085089, -33.298289932837889 ], [ 151.560967831738367, -33.298199761921758 ], [ 151.561075208767392, -33.298201005462502 ], [ 151.561076689537884, -33.298110834540758 ], [ 151.561184066463085, -33.29811207798452 ], [ 151.56118258580301, -33.298202248910506 ], [ 151.561398820333295, -33.298114564593853 ], [ 151.561720951188022, -33.298118293812372 ], [ 151.561947543984729, -33.297399411799852 ], [ 151.562269672288636, -33.297403139525677 ], [ 151.562703613931603, -33.29713759553151 ], [ 151.562603633791355, -33.296685498431387 ], [ 151.562174132853073, -33.296680529193196 ], [ 151.562284466959142, -33.296501429657205 ], [ 151.562074155893015, -33.296228431722334 ], [ 151.561966781233508, -33.29622718910943 ], [ 151.561109264820089, -33.296127073916153 ], [ 151.560679766900506, -33.296122099586981 ], [ 151.558523379137881, -33.296638230766305 ], [ 151.557987988095107, -33.29654183054658 ], [ 151.557340770041151, -33.296714693826104 ], [ 151.557233395009689, -33.296713447107734 ], [ 151.556255134722903, -33.297423588440367 ], [ 151.554854787805795, -33.297677873422003 ], [ 151.553558832691124, -33.298113733660756 ], [ 151.547169801755302, -33.301285955589378 ], [ 151.548057235061293, -33.299582760492271 ], [ 151.548597113057269, -33.299408692461412 ], [ 151.548708971661284, -33.29913943549213 ], [ 151.548501685255616, -33.298686074838308 ], [ 151.548819336126456, -33.298960348814695 ], [ 151.549250338686619, -33.29887519406762 ], [ 151.549685818023221, -33.29851952641863 ], [ 151.550658176247225, -33.298170120754811 ], [ 151.550767044127298, -33.298081202690319 ], [ 151.550878894284637, -33.297811943484199 ], [ 151.551524641415, -33.297729285014697 ], [ 151.551530603655237, -33.297368602812305 ], [ 151.550784940121787, -33.296999156441849 ], [ 151.550901262173426, -33.296459385517096 ], [ 151.551116011019445, -33.296461889785796 ], [ 151.551218912987792, -33.296733653437556 ], [ 151.551217422152945, -33.296823823986983 ], [ 151.551324797034169, -33.296825075906611 ], [ 151.55132330630309, -33.296915246458937 ], [ 151.551215931311475, -33.296913994535061 ], [ 151.551212949608612, -33.297094335627058 ], [ 151.551320324821035, -33.297095587559483 ], [ 151.551642450498065, -33.297099342800379 ], [ 151.551742374123677, -33.297551447174683 ], [ 151.551957125725494, -33.297553950062195 ], [ 151.552067481539211, -33.297374860220245 ], [ 151.552068971530645, -33.297284689644883 ], [ 151.552176347016967, -33.297285940844027 ], [ 151.552174857135896, -33.297376111423645 ], [ 151.552173367248201, -33.297466282001906 ], [ 151.552389608349188, -33.297378613552254 ], [ 151.552604359589026, -33.297381115309953 ], [ 151.552608827887525, -33.297110603515769 ], [ 151.55293095380344, -33.297114355418451 ], [ 151.553367898285046, -33.296668503490231 ], [ 151.553581159478398, -33.296761174155243 ], [ 151.553688534395178, -33.29676242403059 ], [ 151.553690022684236, -33.296672253381679 ], [ 151.55379739749722, -33.296673503160044 ], [ 151.553691510966644, -33.296582082731376 ], [ 151.553692999242458, -33.29649191207973 ], [ 151.554338734501812, -33.29640923862928 ], [ 151.554772694083681, -33.296143722814676 ], [ 151.554669781600893, -33.295871961801758 ], [ 151.555096303561697, -33.296057298299232 ], [ 151.554994877047449, -33.295695366811195 ], [ 151.555205164378521, -33.295968376122822 ], [ 151.555421398893401, -33.295880702192946 ], [ 151.555318484655402, -33.29560894166017 ], [ 151.555850894634773, -33.295885694662253 ], [ 151.55628336162215, -33.295710344116983 ], [ 151.556289303822894, -33.29534966103855 ], [ 151.556396677138878, -33.295350908527645 ], [ 151.556398162562147, -33.295260737750361 ], [ 151.556612908993202, -33.295263232441876 ], [ 151.556615879378313, -33.295082890866176 ], [ 151.556830625394326, -33.295085385169777 ], [ 151.556833595311389, -33.294905043571596 ], [ 151.557048340912274, -33.294907537487305 ], [ 151.556943937778385, -33.294725948963652 ], [ 151.557267540041011, -33.294639518573561 ], [ 151.556946907421803, -33.294545607346002 ], [ 151.556623305225344, -33.294632036902989 ], [ 151.556621820069154, -33.294722207698364 ], [ 151.556404104188999, -33.294900054627533 ], [ 151.556299702419466, -33.294718465598592 ], [ 151.556084957352738, -33.294715970401811 ], [ 151.555977584829293, -33.294714722664338 ], [ 151.555979070647766, -33.294624551894486 ], [ 151.555871698241333, -33.294623304068544 ], [ 151.55587021231247, -33.294713474834147 ], [ 151.555761353756367, -33.294802397671191 ], [ 151.55575986770387, -33.294892568429795 ], [ 151.555545122261776, -33.29489007228878 ], [ 151.555649522633871, -33.295071661910235 ], [ 151.555327403838191, -33.295067917255921 ], [ 151.555436263160374, -33.294978994823659 ], [ 151.555115631457028, -33.294885078894112 ], [ 151.555114144735569, -33.294975249625793 ], [ 151.555006771940555, -33.294974001041069 ], [ 151.555008258772403, -33.294883830313637 ], [ 151.554795000468971, -33.294791162154262 ], [ 151.554903859958955, -33.294702240189999 ], [ 151.554908320706147, -33.294431728004071 ], [ 151.554584717127369, -33.294518152209292 ], [ 151.554589178828309, -33.294247640053477 ], [ 151.554270038308204, -33.294063551314053 ], [ 151.554486268921977, -33.293975878883856 ], [ 151.554487756232874, -33.293885708162655 ], [ 151.554381872216879, -33.293794288354434 ], [ 151.554496679959243, -33.293344683806751 ], [ 151.555167662536405, -33.291729102422558 ], [ 151.555383886461357, -33.291641428217808 ], [ 151.555716394007163, -33.291013976732678 ], [ 151.555719365757142, -33.290833635104889 ], [ 151.555611998006356, -33.29083238717957 ], [ 151.555723823332471, -33.290563122652927 ], [ 151.555829705017317, -33.290654541295723 ], [ 151.556053353135638, -33.290116011656558 ], [ 151.556265116390477, -33.290298848297006 ], [ 151.556263631110312, -33.290389019141081 ], [ 151.556370998348967, -33.290390266488892 ], [ 151.556478365594245, -33.290391513743998 ], [ 151.556479850653687, -33.290301342891418 ], [ 151.556600582039181, -33.289491052276468 ], [ 151.556919711400155, -33.289675134842298 ], [ 151.557027077795624, -33.289676381599861 ], [ 151.557022624391777, -33.289946894246029 ], [ 151.557021139910603, -33.290037065125354 ], [ 151.557019655422835, -33.290127236003315 ], [ 151.557007779282571, -33.290848602977647 ], [ 151.556793043628858, -33.290846109259249 ], [ 151.556890018709993, -33.2914785521657 ], [ 151.55678265011386, -33.29147730523038 ], [ 151.556781165299554, -33.291567476077937 ], [ 151.556888534006049, -33.291568723017498 ], [ 151.556989964278756, -33.291930653274861 ], [ 151.557523841994737, -33.292117227943123 ], [ 151.557628243447908, -33.292298816001832 ], [ 151.557838531409175, -33.292571821002014 ], [ 151.557622307444944, -33.29265949947056 ], [ 151.557514937367699, -33.292658253128941 ], [ 151.557516421488714, -33.292568082268076 ], [ 151.557413504183017, -33.292296323259883 ], [ 151.556875171373036, -33.292380260622068 ], [ 151.556984025732561, -33.292291336663482 ], [ 151.556985510379036, -33.292201165818376 ], [ 151.556878140893303, -33.292199918941741 ], [ 151.556881110387167, -33.29201957725595 ], [ 151.556667856834821, -33.291926912405117 ], [ 151.556870717043012, -33.29265077313228 ], [ 151.556548606969898, -33.292647031882325 ], [ 151.556651521935834, -33.292918791530724 ], [ 151.556544151586991, -33.29291754434194 ], [ 151.556326440179191, -33.293095391302082 ], [ 151.555882099558204, -33.29399210867107 ], [ 151.555987985419762, -33.294083527246649 ], [ 151.556095357170506, -33.294084774954328 ], [ 151.5560938715021, -33.294174945736657 ], [ 151.555986499640994, -33.294173698024707 ], [ 151.555985013855576, -33.294263868801401 ], [ 151.555659925727781, -33.294440466620252 ], [ 151.556195301071597, -33.294536876488465 ], [ 151.556207185562215, -33.293815510201362 ], [ 151.556536725816443, -33.293368398413904 ], [ 151.556641126583457, -33.293549987251687 ], [ 151.556855868846355, -33.293552481410678 ], [ 151.556541181298627, -33.293097885974831 ], [ 151.556858838538602, -33.293372139765957 ], [ 151.556969178904211, -33.293193045039153 ], [ 151.557067641858538, -33.29373531685507 ], [ 151.557176497765397, -33.293646392786869 ], [ 151.557177982290284, -33.2935562219538 ], [ 151.557285353451505, -33.293557468616072 ], [ 151.557283869036979, -33.293647639453383 ], [ 151.557500095793756, -33.293559961662467 ], [ 151.557604498801425, -33.293741549745363 ], [ 151.557710386223619, -33.293832966896858 ], [ 151.557820725494082, -33.293653871395257 ], [ 151.558038435400277, -33.29347602178747 ], [ 151.557925129281045, -33.293835459227026 ], [ 151.558032500819678, -33.293836705253042 ], [ 151.558250210778709, -33.293658855279851 ], [ 151.55835164880753, -33.29402078452479 ], [ 151.5584605038201, -33.293931859309843 ], [ 151.558464953460685, -33.293661346665843 ], [ 151.558572324811564, -33.293662592219761 ], [ 151.558567875502121, -33.293933104876508 ], [ 151.558342748646055, -33.294561809742127 ], [ 151.558341265262669, -33.294651980606901 ], [ 151.558233892710774, -33.294650734820806 ], [ 151.558232409210405, -33.294740905679944 ], [ 151.558230925703441, -33.294831076537726 ], [ 151.55812355293736, -33.294829830650414 ], [ 151.55790583972896, -33.295007680283575 ], [ 151.557902872006395, -33.295188021964059 ], [ 151.558120585682815, -33.295010172353358 ], [ 151.558227958669676, -33.295011418249175 ], [ 151.558229442189855, -33.294921247394136 ], [ 151.558336815072948, -33.294922493192971 ], [ 151.55833533166313, -33.295012664052258 ], [ 151.558976604247874, -33.295200478689068 ], [ 151.5591943158486, -33.295022627138984 ], [ 151.559191350775393, -33.295202968921402 ], [ 151.559513470616253, -33.295206703574486 ], [ 151.559514952824969, -33.295116532671209 ], [ 151.559622326008082, -33.295117777365881 ], [ 151.559620843909727, -33.295207948273394 ], [ 151.559835590516514, -33.295210437393067 ], [ 151.559837072394089, -33.295120266477063 ], [ 151.560272490923239, -33.294764559841155 ], [ 151.560273972326229, -33.294674388901342 ], [ 151.559951854333775, -33.294670656271812 ], [ 151.559847445352119, -33.294489070026735 ], [ 151.560813797461293, -33.294500266169969 ], [ 151.56135954155215, -33.293965457065781 ], [ 151.561571325221365, -33.294148285101556 ], [ 151.561683137061209, -33.29387901497018 ], [ 151.56158760521302, -33.29315640402308 ], [ 151.56169497609298, -33.29315764686276 ], [ 151.56180382671846, -33.293068718585907 ], [ 151.56169793578502, -33.292977304822223 ], [ 151.561700895450713, -33.292796962776215 ], [ 151.561915636347379, -33.292799448143526 ], [ 151.56202300680556, -33.292800690688125 ], [ 151.562024486297389, -33.292710519650349 ], [ 151.561917115949541, -33.292709277109992 ], [ 151.561811225314273, -33.29261786344626 ], [ 151.561920075134196, -33.292528935038817 ], [ 151.561921554716605, -33.292438764001176 ], [ 151.562136294756613, -33.292441248963733 ], [ 151.562352513957308, -33.292353562499486 ], [ 151.562353993085054, -33.292263391442162 ], [ 151.562246623269317, -33.292262149201136 ], [ 151.562142212137417, -33.292080564765584 ], [ 151.562031883657625, -33.292259664440948 ], [ 151.561818623745353, -33.292167008272394 ], [ 151.562143691466133, -33.291990393712624 ], [ 151.562474673767269, -33.291453093974802 ], [ 151.562476152718773, -33.291362922899559 ], [ 151.562907106162442, -33.291277719302684 ], [ 151.563014474803595, -33.291278960940851 ], [ 151.563121843451313, -33.291280202486313 ], [ 151.563123321727431, -33.291190031382911 ], [ 151.563015953190046, -33.291188789841698 ], [ 151.562908584659255, -33.291187548207766 ], [ 151.562910063149559, -33.291097377111463 ], [ 151.562915977044725, -33.290736692712585 ], [ 151.563239559127567, -33.290650246156886 ], [ 151.563135147699285, -33.290468662506456 ], [ 151.563346927015886, -33.290651487487295 ], [ 151.563677896690763, -33.290114184096844 ], [ 151.563895586031663, -33.289936323569485 ], [ 151.563792651519151, -33.289664569284405 ], [ 151.564114751660583, -33.289668291467208 ], [ 151.564222118387562, -33.28966953200942 ], [ 151.564223595441547, -33.289579360839056 ], [ 151.564116228824929, -33.289578120301087 ], [ 151.56411770598271, -33.289487949133601 ], [ 151.564119183133897, -33.28939777796473 ], [ 151.564014771247969, -33.289216195009161 ], [ 151.564122137416575, -33.289217435622909 ], [ 151.564335392856151, -33.289310087752341 ], [ 151.564441282341306, -33.289401499275144 ], [ 151.564328008170889, -33.289760943632139 ], [ 151.56454569533085, -33.289583081896737 ], [ 151.564757475612339, -33.289765904519996 ], [ 151.564979590746958, -33.289317528401014 ], [ 151.565300213850435, -33.289411418690634 ], [ 151.565201703536331, -33.288869151792461 ], [ 151.565209083478493, -33.288418295675079 ], [ 151.56553855736388, -33.287971157849903 ], [ 151.565645922079597, -33.287972397106643 ], [ 151.565750336013963, -33.288153978777672 ], [ 151.565857700963477, -33.288155217857465 ], [ 151.565854750370022, -33.288335560367464 ], [ 151.566070955809494, -33.288247867003086 ], [ 151.566178320889094, -33.288249105809008 ], [ 151.566069480730192, -33.288338038265856 ], [ 151.565853275063432, -33.2884257316204 ], [ 151.565741483492587, -33.288695006265868 ], [ 151.565850324430556, -33.288606074122185 ], [ 151.566062105235119, -33.28878889455914 ], [ 151.56627536182711, -33.288881543391987 ], [ 151.566385677261081, -33.288702439506253 ], [ 151.566600408569769, -33.288704916511442 ], [ 151.56659893400942, -33.288795087788493 ], [ 151.566706299783988, -33.288796326156245 ], [ 151.566707774234004, -33.28870615487498 ], [ 151.567031345378382, -33.288619698114111 ], [ 151.567043138041072, -33.287898327702401 ], [ 151.566826934385659, -33.287986022812632 ], [ 151.566729890196228, -33.287353585491779 ], [ 151.566626949533486, -33.287081833290678 ], [ 151.566519585862181, -33.287080594910464 ], [ 151.566521060408121, -33.286990423611655 ], [ 151.566628423969064, -33.286991661987642 ], [ 151.566629898398105, -33.286901490683242 ], [ 151.566415171503451, -33.28689901384702 ], [ 151.566637270444744, -33.286450634140685 ], [ 151.567274079239667, -33.286908918967228 ], [ 151.567272605472709, -33.286999090296973 ], [ 151.567162294098097, -33.287178195124099 ], [ 151.567377021746751, -33.287180670687931 ], [ 151.567374074387601, -33.287361013346285 ], [ 151.567481438442485, -33.287362250997596 ], [ 151.567590275966069, -33.287273317219281 ], [ 151.567484385580912, -33.287181908330801 ], [ 151.567815316394416, -33.286644592594037 ], [ 151.568030042797687, -33.286647066994874 ], [ 151.568012366666636, -33.287729123265329 ], [ 151.568550661905732, -33.287645136528987 ], [ 151.568658026363806, -33.287646373173303 ], [ 151.568765390828446, -33.287647609724907 ], [ 151.568763918553913, -33.287737781102784 ], [ 151.568762446272814, -33.287827952479297 ], [ 151.568759501690948, -33.288008295228217 ], [ 151.569188961380718, -33.288013240575168 ], [ 151.569196320579209, -33.287562383608268 ], [ 151.569518413760136, -33.287566091581915 ], [ 151.569725786140481, -33.288019420173136 ], [ 151.56963313499449, -33.287116470302337 ], [ 151.570406740076578, -33.285772546296236 ], [ 151.57019348628765, -33.285679904595405 ], [ 151.570424385346513, -33.284690488551604 ], [ 151.5707479382163, -33.284604021561606 ], [ 151.570856769002489, -33.284515084702946 ], [ 151.57087146812944, -33.283613369569473 ], [ 151.57107883901844, -33.284066696119055 ], [ 151.571187668791993, -33.283977758936217 ], [ 151.571189138363877, -33.283887587408188 ], [ 151.571620047451205, -33.283802352276801 ], [ 151.572042143599049, -33.284258144993522 ], [ 151.572477458567874, -33.283902392203863 ], [ 151.573226044164102, -33.284091365385713 ], [ 151.573868739391145, -33.2841889305667 ], [ 151.574521699232065, -33.283655290851279 ], [ 151.574311378565113, -33.283382312888911 ], [ 151.57409959265533, -33.283199506247811 ], [ 151.574424602899455, -33.283022857755299 ], [ 151.574533428053087, -33.282933917502049 ], [ 151.574539292306866, -33.282573230794611 ], [ 151.57475107769838, -33.282756036688198 ], [ 151.574868696428183, -33.282126065958039 ], [ 151.575834918633689, -33.282137141688821 ], [ 151.575945205843198, -33.281958028377424 ], [ 151.576699638452993, -33.281786293388244 ], [ 151.57670988478975, -33.281155090923853 ], [ 151.576495171021094, -33.281152631874235 ], [ 151.576392206328791, -33.280880886885789 ], [ 151.57639513441768, -33.280700543329189 ], [ 151.576287778101232, -33.280699313593672 ], [ 151.576286313949737, -33.280789485368452 ], [ 151.576284849791705, -33.280879657141874 ], [ 151.576281921456086, -33.281060000684612 ], [ 151.575745137765381, -33.28105385053297 ], [ 151.575849565246216, -33.281235424252344 ], [ 151.575526029465749, -33.281321905039313 ], [ 151.574564214219947, -33.281040312043956 ], [ 151.57456568015607, -33.280950140340451 ], [ 151.574458323619609, -33.280948909016864 ], [ 151.574459789659528, -33.280858737316173 ], [ 151.574350967089657, -33.280947677600608 ], [ 151.57424361056627, -33.280946446091683 ], [ 151.574242144299177, -33.281036617782597 ], [ 151.574134787671994, -33.281035386176804 ], [ 151.573487713947884, -33.281208337914713 ], [ 151.572524439048152, -33.281016900968787 ], [ 151.572525907080291, -33.280926729345133 ], [ 151.572315598981191, -33.280653748229724 ], [ 151.572209711249798, -33.280562343356102 ], [ 151.571886174747277, -33.280648814645211 ], [ 151.572003810561284, -33.280018846894968 ], [ 151.571043491287242, -33.279647055680329 ], [ 151.56964935061751, -33.279540830724201 ], [ 151.569541996036577, -33.279539595200838 ], [ 151.569322873144898, -33.279807638425531 ], [ 151.56878757055739, -33.279711286934706 ], [ 151.568891981911293, -33.279892866110309 ], [ 151.568459617735016, -33.280068263754536 ], [ 151.56857580510308, -33.279528471320447 ], [ 151.568362568308345, -33.279435826846417 ], [ 151.568364040531264, -33.27934565536377 ], [ 151.568256686249612, -33.279344418736819 ], [ 151.568255213916387, -33.279434590215232 ], [ 151.568139024732091, -33.279974382307806 ], [ 151.567602249594216, -33.279968197171975 ], [ 151.567715496265748, -33.279608748579854 ], [ 151.567289024683845, -33.279423456364604 ], [ 151.567616979643162, -33.279066482661584 ], [ 151.567618452611981, -33.278976311203024 ], [ 151.567619925574235, -33.278886139743094 ], [ 151.567512571890006, -33.278884902488564 ], [ 151.567408164558373, -33.278703322234279 ], [ 151.567083157218718, -33.278879952543789 ], [ 151.566550811183731, -33.278603248766494 ], [ 151.566452302693506, -33.278060982063728 ], [ 151.565925862154529, -33.277423590086883 ], [ 151.566153835120303, -33.276614524282216 ], [ 151.566587660189697, -33.27634896277663 ], [ 151.566592081794681, -33.276078448400398 ], [ 151.566699432000718, -33.276079686357988 ], [ 151.56670090574562, -33.275989514892288 ], [ 151.566593555649888, -33.275988276938911 ], [ 151.566165629622446, -33.275893152752914 ], [ 151.566064177204424, -33.275531228559892 ], [ 151.565853901944905, -33.275258237166426 ], [ 151.565428930348617, -33.274982767681195 ], [ 151.5654333552975, -33.274712253382837 ], [ 151.565223083909558, -33.27443926099275 ], [ 151.565011338434033, -33.274256439695918 ], [ 151.564817300432736, -33.27299156092981 ], [ 151.564393818870315, -33.272625916762294 ], [ 151.564179127135048, -33.272623436999076 ], [ 151.563751220326395, -33.272528304961583 ], [ 151.563643874605162, -33.272527064574653 ], [ 151.563645351291882, -33.272436893178202 ], [ 151.563752696902839, -33.272438133560897 ], [ 151.563862995432913, -33.272259031037009 ], [ 151.563324791509444, -33.272343000089165 ], [ 151.563326268513777, -33.272252828702676 ], [ 151.563433613884456, -33.272254069354823 ], [ 151.563436567652872, -33.272073726569275 ], [ 151.563007187091785, -33.272068763438661 ], [ 151.563010141716006, -33.271888420681513 ], [ 151.563226308624053, -33.271800731026062 ], [ 151.563017528161396, -33.271437563764678 ], [ 151.563346945883779, -33.270990429148164 ], [ 151.562826478512108, -33.269992339474612 ], [ 151.563379436288841, -33.269006657877938 ], [ 151.563170661392036, -33.268643490877729 ], [ 151.563610360681508, -33.268017252808377 ], [ 151.562858979452614, -33.26800856833902 ], [ 151.56275607133378, -33.267736813045666 ], [ 151.562535481447526, -33.26809501645107 ], [ 151.562426663513833, -33.26818394657127 ], [ 151.562213460748069, -33.268091292299857 ], [ 151.562210504912628, -33.268271635104185 ], [ 151.562531048676675, -33.268365530693607 ], [ 151.562853070427565, -33.268369254049276 ], [ 151.562735388018524, -33.268999212934006 ], [ 151.562200159281218, -33.268902834876179 ], [ 151.562097252281262, -33.268631079101972 ], [ 151.561989911406414, -33.268629837414942 ], [ 151.561557590735362, -33.268805212477531 ], [ 151.561345866295426, -33.268622385347484 ], [ 151.561347345124744, -33.268532213985388 ], [ 151.561240004406187, -33.268530971654172 ], [ 151.560916503019826, -33.268617415449931 ], [ 151.559418174807064, -33.268329495275793 ], [ 151.559641738927439, -33.267790955167371 ], [ 151.559744637354669, -33.268062712778267 ], [ 151.560175477696902, -33.267977515326031 ], [ 151.55996227795066, -33.267884857267497 ], [ 151.560178437681998, -33.267797172674577 ], [ 151.560181397640775, -33.267616830017673 ], [ 151.560075538176903, -33.267525415383702 ], [ 151.55996967893347, -33.267434000664231 ], [ 151.559865300191007, -33.267252414537353 ], [ 151.560202116613851, -33.266354431266073 ], [ 151.56030945462075, -33.266355674421774 ], [ 151.560634427546916, -33.26617906059851 ], [ 151.560422711221634, -33.265996232044067 ], [ 151.560980105692892, -33.264740046373355 ], [ 151.561087441761799, -33.264741288804387 ], [ 151.561088920638582, -33.264651117396177 ], [ 151.560981584679922, -33.264649874969372 ], [ 151.561094836079775, -33.26429043174965 ], [ 151.561309507135121, -33.264292916291495 ], [ 151.561096314923617, -33.264200260334597 ], [ 151.561312464375305, -33.264112573443064 ], [ 151.561313942985521, -33.264022402016799 ], [ 151.561315421589171, -33.263932230589155 ], [ 151.561208086499079, -33.26393098838151 ], [ 151.561209565206354, -33.263840816956744 ], [ 151.561316900186199, -33.263842059160169 ], [ 151.561327250181137, -33.263210859118871 ], [ 151.561221394627353, -33.26311944550941 ], [ 151.561114060535857, -33.263118203247295 ], [ 151.561115539294065, -33.263028031814457 ], [ 151.561443454902104, -33.262671072514387 ], [ 151.561444933296713, -33.262580901062002 ], [ 151.561337599853346, -33.262579659010541 ], [ 151.561336121348461, -33.262669830458691 ], [ 151.561014120727151, -33.262666103735903 ], [ 151.56133907835158, -33.262489487561027 ], [ 151.561340556843277, -33.262399316110127 ], [ 151.561447890066262, -33.262400558153118 ], [ 151.561449368441117, -33.262310386696633 ], [ 151.561342035328352, -33.262309144657877 ], [ 151.561237659392987, -33.262127559626379 ], [ 151.561349427654989, -33.261858287376079 ], [ 151.561456760216743, -33.261859529393632 ], [ 151.561458238552092, -33.261769357928941 ], [ 151.561350906100586, -33.261768115915622 ], [ 151.561468586715279, -33.261138157637731 ], [ 151.563127288010662, -33.258181114765229 ], [ 151.562805303603596, -33.258177393122693 ], [ 151.563024389416967, -33.257909359565971 ], [ 151.562702406021316, -33.257905637683763 ], [ 151.563025865919997, -33.257819187981795 ], [ 151.563136146387507, -33.25764008523884 ], [ 151.562920014831718, -33.257727775869888 ], [ 151.562927397766288, -33.257276917942789 ], [ 151.562928874333466, -33.257186746353277 ], [ 151.562930350894078, -33.257096574762379 ], [ 151.562823024087209, -33.25709533417308 ], [ 151.562718650829112, -33.256913750322255 ], [ 151.562825977409034, -33.256914990995675 ], [ 151.562827454060113, -33.256824819404905 ], [ 151.562720127590353, -33.256823578735705 ], [ 151.562505474670587, -33.256821097119577 ], [ 151.562724557834599, -33.256553063967935 ], [ 151.562299684850757, -33.256277585686831 ], [ 151.562514336422055, -33.256280067622505 ], [ 151.562515813357606, -33.256189896034876 ], [ 151.562623139042927, -33.256191136859606 ], [ 151.562626092673952, -33.256010793671756 ], [ 151.562304116298748, -33.256007070945252 ], [ 151.562196790853505, -33.256005829851247 ], [ 151.562087988051758, -33.256094760238078 ], [ 151.562089465414857, -33.256004588664652 ], [ 151.561982139982774, -33.256003347385473 ], [ 151.562308547687536, -33.255736556191351 ], [ 151.561880724825301, -33.255641419740208 ], [ 151.562312979017094, -33.255466041425144 ], [ 151.562210085833755, -33.255194285590747 ], [ 151.56231741028742, -33.255195526646631 ], [ 151.562426211714438, -33.255106596010123 ], [ 151.56231888736437, -33.25510535505105 ], [ 151.562211563020867, -33.255104113999401 ], [ 151.562213040201442, -33.255013942406698 ], [ 151.562105715974667, -33.255012701266693 ], [ 151.562002823917709, -33.254740945273191 ], [ 151.561679374576613, -33.2548273926337 ], [ 151.561682329993346, -33.254647049481072 ], [ 151.561789653753067, -33.254648290974458 ], [ 151.561791131341408, -33.254558119391845 ], [ 151.56168380769185, -33.254556877902701 ], [ 151.561688240747856, -33.254286363159402 ], [ 151.562132306082418, -33.253389612440309 ], [ 151.562239628326154, -33.253390853504079 ], [ 151.562241105381702, -33.253300681885392 ], [ 151.562133783248129, -33.25329944082587 ], [ 151.562355812150031, -33.252851064717191 ], [ 151.562463133745922, -33.252852305570393 ], [ 151.562464610541639, -33.252762133935022 ], [ 151.56235728905591, -33.252760893086055 ], [ 151.562802815722165, -33.251773967707436 ], [ 151.563586519980021, -33.249798871201882 ], [ 151.563596848136655, -33.249167669103791 ], [ 151.563926175018082, -33.248720529064371 ], [ 151.563821808739988, -33.248538946109733 ], [ 151.564037916473183, -33.248451253150265 ], [ 151.563933550259293, -33.248269670284216 ], [ 151.564151132016633, -33.248091805335953 ], [ 151.564152606811746, -33.248001633564627 ], [ 151.564259922564872, -33.248002872708241 ], [ 151.564261397243314, -33.24791270093133 ], [ 151.564262871915133, -33.247822529153034 ], [ 151.564370187454614, -33.247823768195644 ], [ 151.564371662009762, -33.247733596411749 ], [ 151.564264346580444, -33.247732357373366 ], [ 151.564374611100334, -33.247553252839872 ], [ 151.564481926315949, -33.247554491777244 ], [ 151.564483400741267, -33.247464319985014 ], [ 151.564376085635786, -33.247463081051883 ], [ 151.564495195907313, -33.246742945598037 ], [ 151.564821560707827, -33.24647614628492 ], [ 151.564823034723958, -33.246385974463607 ], [ 151.564824508733523, -33.24629580264093 ], [ 151.564718669153109, -33.246204392220612 ], [ 151.564933296326444, -33.246206869320616 ], [ 151.564721617359623, -33.246024048576878 ], [ 151.564939191832281, -33.245846181993855 ], [ 151.565050926218362, -33.245576904866013 ], [ 151.565708060699478, -33.244772786343695 ], [ 151.566709194516193, -33.242619795837697 ], [ 151.566501936287693, -33.242166462306088 ], [ 151.567150202932453, -33.241903366539752 ], [ 151.567157559712797, -33.241452506627404 ], [ 151.567370704380153, -33.241545151201457 ], [ 151.567267810050623, -33.24127339898093 ], [ 151.567591203987632, -33.241186935403626 ], [ 151.567486838372844, -33.241005355349394 ], [ 151.567808760475344, -33.241009063185111 ], [ 151.567920479435202, -33.24073978287236 ], [ 151.568030727291955, -33.240560674463445 ], [ 151.568033668065596, -33.240380330394096 ], [ 151.568035138442639, -33.240290158357368 ], [ 151.568357058001141, -33.240293864703865 ], [ 151.567929302416786, -33.240198750689608 ], [ 151.568145385469762, -33.240111049812739 ], [ 151.56814685571706, -33.240020877767698 ], [ 151.568041019885186, -33.239929470196806 ], [ 151.568377637967814, -33.23903145586906 ], [ 151.568589308480739, -33.239214270338529 ], [ 151.568699552961505, -33.239035161205706 ], [ 151.568698083336699, -33.239125333286864 ], [ 151.568805388457776, -33.239126568218232 ], [ 151.568806857972476, -33.239036396132846 ], [ 151.568808327480667, -33.23894622404611 ], [ 151.568701022579745, -33.238944989123169 ], [ 151.568702492191477, -33.238854817039275 ], [ 151.569134649717085, -33.238679411953406 ], [ 151.569137588013973, -33.238499067742332 ], [ 151.569566805559901, -33.238504005314248 ], [ 151.569462438773854, -33.238322426818215 ], [ 151.569788756697392, -33.238055612867029 ], [ 151.570334083362411, -33.237520748734511 ], [ 151.570450192976352, -33.236980949142655 ], [ 151.570772100747376, -33.236984648914763 ], [ 151.571099876722144, -33.236627659019483 ], [ 151.5721022453736, -33.234384444031377 ], [ 151.572318310005642, -33.234296735326602 ], [ 151.572213942111603, -33.234115159002442 ], [ 151.572969431290005, -33.233853262235144 ], [ 151.573514712042027, -33.233318382581942 ], [ 151.573522033761293, -33.232867520792496 ], [ 151.573842462891236, -33.232961384586417 ], [ 151.573954152376757, -33.232692097742792 ], [ 151.57416289273371, -33.233055247571613 ], [ 151.574592084624499, -33.233060167094301 ], [ 151.575370956431925, -33.231355496281942 ], [ 151.576900854360531, -33.229659414750209 ], [ 151.577124204907136, -33.229120834434454 ], [ 151.577556298085113, -33.228945398078451 ], [ 151.57745630530448, -33.228493308147634 ], [ 151.577457765348072, -33.228403135567689 ], [ 151.577350472918511, -33.228401908448816 ], [ 151.577351933065671, -33.228311735871678 ], [ 151.57767235022672, -33.228405589527945 ], [ 151.577676729658322, -33.228135071754757 ], [ 151.577998606034811, -33.228138751963783 ], [ 151.578323400738014, -33.227962086101172 ], [ 151.577897152173733, -33.227776834903047 ], [ 151.578326318980231, -33.227781740856507 ], [ 151.578329237196471, -33.227601395606357 ], [ 151.578114654220315, -33.227598942831349 ], [ 151.578010281592384, -33.227417371074637 ], [ 151.57811757285063, -33.227418597592489 ], [ 151.578335073550932, -33.227240705089692 ], [ 151.578437987682634, -33.227512449223823 ], [ 151.578656946743621, -33.227244383508314 ], [ 151.578336532623297, -33.227150532457109 ], [ 151.578337991689153, -33.227060359823156 ], [ 151.578340909801398, -33.22688001455117 ], [ 151.578556949869494, -33.226792294242813 ], [ 151.578662781673785, -33.226883692919543 ], [ 151.578661322950978, -33.226973865568787 ], [ 151.578554032210349, -33.226972639534296 ], [ 151.578446741476199, -33.226971413407313 ], [ 151.578445282526843, -33.227061586046808 ], [ 151.578659864221692, -33.227064038216653 ], [ 151.578658405485925, -33.227154210863169 ], [ 151.578765696453104, -33.22715543681354 ], [ 151.57876423782082, -33.227245609462869 ], [ 151.578871528904529, -33.227246835324955 ], [ 151.578872987426791, -33.22715666267144 ], [ 151.579194860386878, -33.227160339690194 ], [ 151.579625482170172, -33.22707506840289 ], [ 151.57952110695274, -33.226893497832528 ], [ 151.579737145953516, -33.226805775443466 ], [ 151.579416732155948, -33.226711927180951 ], [ 151.579418190089115, -33.226621754498325 ], [ 151.579310899743064, -33.22662052912797 ], [ 151.579309441699877, -33.226710701806397 ], [ 151.579305067531351, -33.22698121983354 ], [ 151.578768613698145, -33.226975091510788 ], [ 151.578984653604692, -33.226887370455557 ], [ 151.578559867502634, -33.226611948945894 ], [ 151.578778823851167, -33.226343882908147 ], [ 151.578461330612186, -33.226069686937187 ], [ 151.578142380158653, -33.225885662841634 ], [ 151.578356958953975, -33.225888115457536 ], [ 151.578465707226258, -33.225799168969523 ], [ 151.578464248361399, -33.225889341626768 ], [ 151.578678827195745, -33.225891793687786 ], [ 151.578680285840562, -33.225801621022164 ], [ 151.578791950722888, -33.225532328892122 ], [ 151.578897781310957, -33.225623727352776 ], [ 151.579005070420806, -33.225624953047031 ], [ 151.579003612119038, -33.225715125727945 ], [ 151.578896322899141, -33.225713900029497 ], [ 151.578894864480844, -33.225804072704868 ], [ 151.579322563854703, -33.225899147651248 ], [ 151.579429853320562, -33.225900372988136 ], [ 151.579645889926496, -33.225812650681178 ], [ 151.579647347574706, -33.225722477976525 ], [ 151.57975463684005, -33.225723703027597 ], [ 151.579857553807955, -33.225995446121139 ], [ 151.580073590252283, -33.22590772306733 ], [ 151.58018670814306, -33.225548256851873 ], [ 151.580296911151578, -33.225369135963135 ], [ 151.580833355537607, -33.225375257435644 ], [ 151.580942100729828, -33.225286308691054 ], [ 151.581269790925916, -33.224929289064434 ], [ 151.581271246858989, -33.224839116283398 ], [ 151.581378535121559, -33.224840339905477 ], [ 151.581379990938103, -33.224750167118927 ], [ 151.581272702785583, -33.224748943501027 ], [ 151.581056670353348, -33.224836668761824 ], [ 151.581053758040696, -33.225017014305777 ], [ 151.58073043617469, -33.225103515062131 ], [ 151.580626060826802, -33.224921945364883 ], [ 151.580842093873684, -33.224834220870335 ], [ 151.580739175054021, -33.224562478497319 ], [ 151.580420224960648, -33.224378460219235 ], [ 151.580424595263878, -33.224107941947814 ], [ 151.581175606714112, -33.224116510305031 ], [ 151.581066863243393, -33.224205459315002 ], [ 151.580958119552719, -33.224294408222789 ], [ 151.581065407135725, -33.224295632097217 ], [ 151.581063951021548, -33.224385804878075 ], [ 151.580956663328521, -33.224384580999455 ], [ 151.580847919301306, -33.224473529799496 ], [ 151.581062494900891, -33.224475977657555 ], [ 151.580846462954099, -33.224563702569242 ], [ 151.58095229461702, -33.224655099321282 ], [ 151.581169782710418, -33.224477201447876 ], [ 151.581277070526426, -33.224478425145705 ], [ 151.581597478436294, -33.22457226848335 ], [ 151.581600389583997, -33.224391922883981 ], [ 151.582026630283082, -33.224577161256896 ], [ 151.58192225279933, -33.224395592577793 ], [ 151.581926618482186, -33.224125074130903 ], [ 151.582245570977022, -33.224309088612522 ], [ 151.58214119333141, -33.224127520106009 ], [ 151.582461600982782, -33.224221361212962 ], [ 151.582574706752069, -33.22386189241216 ], [ 151.582681993882289, -33.223863114878561 ], [ 151.582789281018989, -33.2238643372525 ], [ 151.58278782669737, -33.223954510106985 ], [ 151.582786372369242, -33.224044682960127 ], [ 151.583541744702529, -33.223782718395661 ], [ 151.583651938631846, -33.223603594243045 ], [ 151.583762132101725, -33.223424469975818 ], [ 151.583870871935915, -33.223335518499745 ], [ 151.583341707860029, -33.222878546016005 ], [ 151.583018395971862, -33.222965053019465 ], [ 151.582914018196533, -33.222783485123472 ], [ 151.583127135948359, -33.222876102192217 ], [ 151.583138767078168, -33.222154719086831 ], [ 151.583457715231788, -33.222338730393261 ], [ 151.583456261680254, -33.222428903296006 ], [ 151.58356209365428, -33.222520297861401 ], [ 151.583883950289163, -33.222523962298688 ], [ 151.583773758262311, -33.222703086735741 ], [ 151.584205806982311, -33.222527625903723 ], [ 151.584739330438225, -33.222714075961406 ], [ 151.584742234933628, -33.222533730062686 ], [ 151.584849520543315, -33.222534950617074 ], [ 151.584845164120509, -33.222805469475603 ], [ 151.585280114734729, -33.222449658937656 ], [ 151.585175732785757, -33.222268092817067 ], [ 151.585178636336508, -33.222087746871374 ], [ 151.585391754961961, -33.222180360088096 ], [ 151.585606325385413, -33.222182799961409 ], [ 151.585609228043239, -33.222002453979641 ], [ 151.585716513044645, -33.222003673769265 ], [ 151.585932534056127, -33.221915940065678 ], [ 151.585829602410627, -33.221644201453195 ], [ 151.586257290107056, -33.221739252272492 ], [ 151.58680096410751, -33.221294482231642 ], [ 151.585952847226508, -33.220653517846458 ], [ 151.585741182722131, -33.220470732633046 ], [ 151.58648926414574, -33.220659614170572 ], [ 151.58681401439307, -33.220482924735698 ], [ 151.586803864216193, -33.221114136130979 ], [ 151.587235899348087, -33.220938664360155 ], [ 151.5872344497499, -33.221028837430531 ], [ 151.587341733638283, -33.221030055787345 ], [ 151.587343183126507, -33.220939882712806 ], [ 151.587559199964517, -33.220852146056487 ], [ 151.587894091143141, -33.220044242060645 ], [ 151.588001373860408, -33.220045459816923 ], [ 151.588431953111353, -33.219960156786257 ], [ 151.588433401422208, -33.219869983653766 ], [ 151.588220284906896, -33.219777375679513 ], [ 151.588339154396607, -33.219057208059098 ], [ 151.588552269326698, -33.219149815796989 ], [ 151.588553717469551, -33.219059642648055 ], [ 151.58866099901573, -33.219060859803825 ], [ 151.588662447042111, -33.218970686649349 ], [ 151.588979948280581, -33.219244857046178 ], [ 151.588984291389323, -33.218974337549476 ], [ 151.589410522756367, -33.21915955048761 ], [ 151.589200301789759, -33.218886597843991 ], [ 151.589629427288003, -33.2188914636601 ], [ 151.589632321328907, -33.218711117269578 ], [ 151.589523593037427, -33.218800074154331 ], [ 151.589416311769611, -33.218798857750691 ], [ 151.589417759006835, -33.218708684563047 ], [ 151.589310477855435, -33.218707468071102 ], [ 151.589309030508275, -33.218797641254589 ], [ 151.588665343075576, -33.218790340336334 ], [ 151.588559509976392, -33.218698950038629 ], [ 151.588884248869277, -33.21852225484087 ], [ 151.588992977432667, -33.218433298519237 ], [ 151.589004558462619, -33.217711913069145 ], [ 151.589326398248801, -33.217715562962645 ], [ 151.589327845518596, -33.217625389762773 ], [ 151.589117628305189, -33.217352437018349 ], [ 151.589439466791049, -33.21735608658463 ], [ 151.589442361052704, -33.217175740164301 ], [ 151.589335081770912, -33.217174523742969 ], [ 151.589443808173854, -33.2170855669521 ], [ 151.58965836653681, -33.217087999509104 ], [ 151.589556875332335, -33.216726090397735 ], [ 151.589777219825805, -33.216367829802451 ], [ 151.59009760838893, -33.216461650815603 ], [ 151.590204886836062, -33.216462866556554 ], [ 151.590201994217125, -33.216643213056834 ], [ 151.590310719093395, -33.216554255460025 ], [ 151.590206333135882, -33.216372693304351 ], [ 151.590104840373357, -33.216010784561746 ], [ 151.590100501202045, -33.216281304318144 ], [ 151.589778666559056, -33.216277656565502 ], [ 151.589893177786564, -33.215828006349518 ], [ 151.590217903302346, -33.215651307237685 ], [ 151.590216457054112, -33.215741480500803 ], [ 151.590107733122011, -33.215830438050645 ], [ 151.590106286750881, -33.215920611306885 ], [ 151.590215010799398, -33.215831653762542 ], [ 151.590320842332062, -33.215923042646516 ], [ 151.590322288483208, -33.215832869381984 ], [ 151.590429566173498, -33.215834084908984 ], [ 151.590428120132259, -33.215924258177658 ], [ 151.590639784090172, -33.216107035512479 ], [ 151.59063833824959, -33.216197208785374 ], [ 151.590852894554956, -33.216199639225408 ], [ 151.590851448927822, -33.216289812505231 ], [ 151.590958727200132, -33.216291027590735 ], [ 151.59095583614652, -33.216471374154587 ], [ 151.591061669218675, -33.216562762439956 ], [ 151.591058778346394, -33.216743109003929 ], [ 151.591164611845556, -33.216834497209341 ], [ 151.591273336022851, -33.216745538754154 ], [ 151.591382059980248, -33.21665658019684 ], [ 151.591379169754873, -33.216836926782968 ], [ 151.591593727689911, -33.216839355986771 ], [ 151.591814064316253, -33.216481091576732 ], [ 151.592030065853379, -33.216393346685031 ], [ 151.592031510277309, -33.216303173360934 ], [ 151.592137344306479, -33.216394560757713 ], [ 151.592037287908624, -33.215942480050963 ], [ 151.592466399560237, -33.215947335704115 ], [ 151.592253287893385, -33.215854734723237 ], [ 151.592360565699551, -33.21585594858616 ], [ 151.592362009754964, -33.215765775241451 ], [ 151.592469287457561, -33.215766989007783 ], [ 151.59257656516661, -33.215768202681659 ], [ 151.592791120604033, -33.215770629752065 ], [ 151.592901285324274, -33.215591496413637 ], [ 151.593447773383247, -33.214966348207852 ], [ 151.593450659159799, -33.214786001406928 ], [ 151.593665212280939, -33.214788426907042 ], [ 151.594320407610326, -33.214074313665421 ], [ 151.594543609344555, -33.213535696870771 ], [ 151.594656650704906, -33.213176214807881 ], [ 151.594762483903764, -33.213267599988157 ], [ 151.594761042447402, -33.213357773462171 ], [ 151.59486831732255, -33.213358985082913 ], [ 151.594975592204122, -33.213360196611198 ], [ 151.595087190452432, -33.213090887583675 ], [ 151.595091513754937, -33.212820367108023 ], [ 151.595197347005183, -33.212911751924004 ], [ 151.595195906014311, -33.213001925420023 ], [ 151.595303180475355, -33.213003136654443 ], [ 151.595301739587967, -33.213093310153241 ], [ 151.595409014165369, -33.213094521299368 ], [ 151.595410454942765, -33.213004347796428 ], [ 151.595739480525168, -33.212557113070616 ], [ 151.595954028418362, -33.212559534481301 ], [ 151.595956908790271, -33.212379187416353 ], [ 151.595959789136515, -33.212198840345948 ], [ 151.59596122930003, -33.21210866680871 ], [ 151.595962669457094, -33.212018493270108 ], [ 151.595855396166968, -33.212017282635792 ], [ 151.595748122883265, -33.212016071909041 ], [ 151.595423421650622, -33.212192786208682 ], [ 151.595424862363842, -33.212102612692114 ], [ 151.595642290086488, -33.211924687562274 ], [ 151.595749563253804, -33.211925898377324 ], [ 151.59596698988986, -33.21174797264608 ], [ 151.59607282282866, -33.211839356722393 ], [ 151.596287369001203, -33.211841777512298 ], [ 151.59618441564632, -33.211570046506559 ], [ 151.595861157170901, -33.211656588484225 ], [ 151.595864037634385, -33.211476241400284 ], [ 151.596509113075854, -33.211393330101991 ], [ 151.596726536866186, -33.211215402952831 ], [ 151.596945398867661, -33.210947301803245 ], [ 151.597159942943989, -33.210949721031575 ], [ 151.597270092494171, -33.210770583293872 ], [ 151.598025309365767, -33.21050852605979 ], [ 151.598138332248169, -33.2101490401839 ], [ 151.598567416750655, -33.210153874055223 ], [ 151.598570291499271, -33.209973526718372 ], [ 151.598787707632482, -33.20979559572416 ], [ 151.599005122886183, -33.209617664321733 ], [ 151.599221100587357, -33.20952990621322 ], [ 151.599222537260459, -33.209439732511171 ], [ 151.599223973927167, -33.209349558807759 ], [ 151.599116703742908, -33.209348351070268 ], [ 151.599122450785444, -33.208987656259502 ], [ 151.599228283888863, -33.209079037689357 ], [ 151.599335553749711, -33.209080245322042 ], [ 151.599334117212152, -33.209170419033676 ], [ 151.599438514314841, -33.20935197400545 ], [ 151.599764633257138, -33.209085074928531 ], [ 151.59987190314996, -33.209086282099086 ], [ 151.599877647037687, -33.208725587156501 ], [ 151.600306724914191, -33.208730414848517 ], [ 151.600309595940246, -33.208550067336056 ], [ 151.60052556976072, -33.20846230684451 ], [ 151.600634274096109, -33.208373339567252 ], [ 151.600529875573102, -33.208191785536791 ], [ 151.600311031443681, -33.208459893577782 ], [ 151.600097928869076, -33.208367306189977 ], [ 151.600095057428888, -33.208547653691383 ], [ 151.59977181365042, -33.208634206267497 ], [ 151.59965879957204, -33.208993693940194 ], [ 151.599445696453046, -33.208901105426733 ], [ 151.599554402405346, -33.208812139142339 ], [ 151.599339863324019, -33.208809724178991 ], [ 151.599019491591775, -33.208715927336065 ], [ 151.599020928427109, -33.208625753630002 ], [ 151.599129634444552, -33.20853678771536 ], [ 151.599239776838459, -33.208357647980279 ], [ 151.59956302006205, -33.208271096769941 ], [ 151.599670288952751, -33.20827230408824 ], [ 151.599671725096556, -33.208182130350615 ], [ 151.599564456315761, -33.208180923036437 ], [ 151.5993513552406, -33.208088334404195 ], [ 151.599242650011831, -33.208177300539369 ], [ 151.599136817943645, -33.208085919137133 ], [ 151.599029549304817, -33.208084711364968 ], [ 151.599138254624279, -33.207995745417399 ], [ 151.599032422879503, -33.207904363932364 ], [ 151.599033859657254, -33.207814190214016 ], [ 151.599142564627755, -33.207725224249998 ], [ 151.599245523159624, -33.207996953093009 ], [ 151.599352791701335, -33.207998160676205 ], [ 151.599784737955275, -33.207822642591715 ], [ 151.59968177792399, -33.20755091414901 ], [ 151.599146874573592, -33.207454703070312 ], [ 151.599258452007888, -33.207185389516873 ], [ 151.599483040992851, -33.206556588267723 ], [ 151.599591743920826, -33.20646762184068 ], [ 151.599593180046583, -33.206377448079905 ], [ 151.599807713217757, -33.206379862450923 ], [ 151.599816328518983, -33.2058388198081 ], [ 151.599923594454651, -33.205840026830259 ], [ 151.600029424749067, -33.205931407545435 ], [ 151.600243956872276, -33.205933821135893 ], [ 151.600248263136791, -33.205663299750725 ], [ 151.600140997401695, -33.20566209301407 ], [ 151.599926465950745, -33.205659679263505 ], [ 151.600149610417503, -33.205121050231611 ], [ 151.600575800657907, -33.205306224157425 ], [ 151.600678761110061, -33.205577951958944 ], [ 151.600462794626111, -33.205665712946796 ], [ 151.600783157042486, -33.205759505864833 ], [ 151.600886118620565, -33.20603123350638 ], [ 151.600981907290731, -33.206753830132918 ], [ 151.600874640191932, -33.206752623993729 ], [ 151.600767373099529, -33.206751417762121 ], [ 151.600552838933908, -33.206749005021656 ], [ 151.600655800837785, -33.207020732823636 ], [ 151.600444136588663, -33.206837972301102 ], [ 151.600336869411933, -33.206836765695698 ], [ 151.600226731238706, -33.207015906553906 ], [ 151.600439830734246, -33.20710849365782 ], [ 151.600867465966274, -33.207203493004016 ], [ 151.600651495604552, -33.20729125419691 ], [ 151.600432654182384, -33.207559362558435 ], [ 151.600325386126286, -33.207558155920069 ], [ 151.600322515240919, -33.207738503462529 ], [ 151.600429783516859, -33.207739710109131 ], [ 151.600428348174518, -33.207829883882432 ], [ 151.600535616566759, -33.207831090440735 ], [ 151.600537051799193, -33.207740916663319 ], [ 151.600858856684567, -33.207744535771354 ], [ 151.600641449836502, -33.207922470686796 ], [ 151.600963255400615, -33.207926089542291 ], [ 151.601067654537161, -33.208107643231841 ], [ 151.601176357889614, -33.208018675449928 ], [ 151.601392329575532, -33.207930913389035 ], [ 151.601608300840951, -33.207843150940633 ], [ 151.601828573387564, -33.207484866615971 ], [ 151.602259079016619, -33.207399513574096 ], [ 151.602045976794784, -33.207306929521835 ], [ 151.601938708972597, -33.207305724282136 ], [ 151.60194301024876, -33.207035202760608 ], [ 151.602264812745233, -33.207038818165422 ], [ 151.602372080256856, -33.207040023115511 ], [ 151.602267679571213, -33.206858470452893 ], [ 151.602269112974653, -33.206768296594575 ], [ 151.602483647344741, -33.206770706377668 ], [ 151.602485080521944, -33.206680532509758 ], [ 151.602271979762349, -33.206587948873874 ], [ 151.602273413146577, -33.206497775011471 ], [ 151.60227627989596, -33.206317427282585 ], [ 151.602392145963591, -33.205777588955677 ], [ 151.602929908590596, -33.205693438132528 ], [ 151.603034309370599, -33.20587499027198 ], [ 151.602927043249565, -33.205873785929867 ], [ 151.602925610569514, -33.205963959826498 ], [ 151.603032876800427, -33.205965164172724 ], [ 151.603138710571073, -33.206056542330025 ], [ 151.603028579051596, -33.206235685866773 ], [ 151.602816911548587, -33.206052929279025 ], [ 151.602812613121131, -33.206323450944296 ], [ 151.60313298064068, -33.20641723793036 ], [ 151.603240247433945, -33.206418442112316 ], [ 151.60313154814213, -33.20650741182704 ], [ 151.603130115637214, -33.206597585722349 ], [ 151.603344649669737, -33.20659999401029 ], [ 151.603453348870801, -33.206511024107982 ], [ 151.603562047851966, -33.206422054103676 ], [ 151.603567776023738, -33.206061358437537 ], [ 151.603243112192075, -33.206238094306649 ], [ 151.603251706313273, -33.205697050856926 ], [ 151.603679338134924, -33.205792040457133 ], [ 151.603786604190674, -33.205793244148225 ], [ 151.603898165268021, -33.205523925933718 ], [ 151.603474830732893, -33.205158415329642 ], [ 151.603583527969704, -33.205069445243204 ], [ 151.603584959926536, -33.204979271308275 ], [ 151.603479126933024, -33.204887893537155 ], [ 151.603909618361257, -33.204802534371908 ], [ 151.603911049969184, -33.204712360420544 ], [ 151.604018314718815, -33.204713563877483 ], [ 151.604016883220766, -33.204803737832954 ], [ 151.604338677837546, -33.204807347661628 ], [ 151.604550345697788, -33.204990101699956 ], [ 151.604122716692132, -33.204895115159815 ], [ 151.6039010285796, -33.205343578051448 ], [ 151.604115559623892, -33.205345984930446 ], [ 151.604118422470322, -33.205165637026283 ], [ 151.604227119085948, -33.205076666360696 ], [ 151.604332953100482, -33.205168043519194 ], [ 151.604331521900264, -33.205258217480186 ], [ 151.6044387873348, -33.205259420592121 ], [ 151.604764875939338, -33.204992507437133 ], [ 151.60509096256547, -33.204725593364216 ], [ 151.604454528977413, -33.204267506901132 ], [ 151.604348695881924, -33.204176129858396 ], [ 151.604564655023552, -33.204088361905697 ], [ 151.60456751681221, -33.203908013930487 ], [ 151.604460253019852, -33.203906810972583 ], [ 151.604461684014495, -33.20381663698705 ], [ 151.604463115002801, -33.203726463000145 ], [ 151.604570378575318, -33.203727665949827 ], [ 151.604568947696947, -33.203817839940847 ], [ 151.604674780610907, -33.203909216795978 ], [ 151.604671919042062, -33.204089564779409 ], [ 151.604669057447722, -33.20426991275739 ], [ 151.604777752382887, -33.204180941554483 ], [ 151.60499228067161, -33.204183346848069 ], [ 151.604882155356592, -33.20436249223917 ], [ 151.605092392958085, -33.204635419366298 ], [ 151.605314073152471, -33.204186954095363 ], [ 151.605422767350177, -33.204097982307907 ], [ 151.605745989266381, -33.20401141440189 ], [ 151.605537180897898, -33.203648314309277 ], [ 151.605854682817409, -33.203922442217426 ], [ 151.606074927920446, -33.203564149441455 ], [ 151.605970523333269, -33.203382599695352 ], [ 151.605547189899852, -33.203017096065729 ], [ 151.605223971498873, -33.203103663559581 ], [ 151.605118138935296, -33.20301228717063 ], [ 151.605015167335267, -33.202740562652608 ], [ 151.605229692132667, -33.20274296744514 ], [ 151.605459945755229, -33.201753457350556 ], [ 151.60546137560786, -33.201663283295339 ], [ 151.605246853422415, -33.201660878970976 ], [ 151.605143882847983, -33.201389154533288 ], [ 151.605148173299369, -33.20111863238413 ], [ 151.605361264229117, -33.20121121090331 ], [ 151.605365553982949, -33.200940688721332 ], [ 151.606113517343317, -33.201129449543068 ], [ 151.606114946492056, -33.201039275453674 ], [ 151.606332325079819, -33.200861330042876 ], [ 151.606542559306178, -33.201134254766885 ], [ 151.60622077782449, -33.201130650987615 ], [ 151.606217919727669, -33.201310999170524 ], [ 151.606538273140416, -33.201404777076121 ], [ 151.606641248083321, -33.201676500472679 ], [ 151.606628390059484, -33.202488067326911 ], [ 151.606411007907582, -33.202666013119945 ], [ 151.607166129075239, -33.202403897513349 ], [ 151.607161844620236, -33.202674419839163 ], [ 151.606948748191201, -33.202581844282363 ], [ 151.606840057419504, -33.202670817513933 ], [ 151.606732795031974, -33.20266961655404 ], [ 151.606731366427994, -33.202759790643519 ], [ 151.606838628925402, -33.202760991607498 ], [ 151.607476492641098, -33.20312889191004 ], [ 151.60758375562267, -33.20313009224359 ], [ 151.607801136659361, -33.20295214438206 ], [ 151.607802564177121, -33.202861970254311 ], [ 151.608014234923104, -33.203044718520516 ], [ 151.608553403007193, -33.202870368622051 ], [ 151.608772207992246, -33.202602244821975 ], [ 151.608773634495492, -33.202512070651892 ], [ 151.608988159078962, -33.202514468951499 ], [ 151.608775060992343, -33.202421896480445 ], [ 151.608991011626784, -33.202334120590862 ], [ 151.609101126010898, -33.202154971219585 ], [ 151.609099699862753, -33.202245145407403 ], [ 151.609206961840698, -33.202246344313906 ], [ 151.609208387878937, -33.202156170121995 ], [ 151.609315649753313, -33.202157368932006 ], [ 151.609318501590963, -33.201977020535892 ], [ 151.609430040631082, -33.201707696628652 ], [ 151.609750399206035, -33.201801466384836 ], [ 151.609647414427485, -33.201529745311412 ], [ 151.609860511360552, -33.201622316268512 ], [ 151.609861936694955, -33.201532142042481 ], [ 151.609969197838211, -33.201533340269435 ], [ 151.609972048268247, -33.201352991805116 ], [ 151.610187995119986, -33.20126521372304 ], [ 151.612440473937966, -33.201290351005689 ], [ 151.613410087887786, -33.201030588549592 ], [ 151.613937864598711, -33.20157760970811 ], [ 151.61447559218584, -33.201493407959454 ], [ 151.615435265674336, -33.201864850630301 ], [ 151.616191773840427, -33.201512504864823 ], [ 151.616522069037217, -33.200975035989366 ], [ 151.617493086054282, -33.200625066773704 ], [ 151.617505842934094, -33.199813495935267 ], [ 151.617079641088509, -33.199628379613621 ], [ 151.617189735665363, -33.199449222488866 ], [ 151.616870794954053, -33.199265297344503 ], [ 151.617624440469513, -33.199093291094272 ], [ 151.618063392061657, -33.198466834321927 ], [ 151.618166399865657, -33.198738549143549 ], [ 151.618482508825423, -33.19910282018774 ], [ 151.619442174660776, -33.199474231850239 ], [ 151.619988373866391, -33.19884895792206 ], [ 151.619785177226788, -33.198125181617911 ], [ 151.620114022715399, -33.197677876690157 ], [ 151.621077921499051, -33.19777875150411 ], [ 151.621621272275206, -33.197333819128524 ], [ 151.622806742080144, -33.196986182476223 ], [ 151.624299867496433, -33.197543840092905 ], [ 151.624840381508676, -33.197279242890971 ], [ 151.624738764261053, -33.196917358182198 ], [ 151.623561768643498, -33.196723964580634 ], [ 151.621862628052668, -33.195622874567015 ], [ 151.621876754853076, -33.194721126795983 ], [ 151.622753134582297, -33.193558352744844 ], [ 151.622554161190834, -33.192564055567559 ], [ 151.622881559553491, -33.1922069168861 ], [ 151.622779955518325, -33.191845030651926 ], [ 151.622133631663104, -33.192018257645884 ], [ 151.621601619587551, -33.191741795059158 ], [ 151.621827419280152, -33.191022771927145 ], [ 151.62193466815495, -33.191023959511071 ], [ 151.621936080542326, -33.190933784670669 ], [ 151.621828831777378, -33.190932597090793 ], [ 151.621830244268324, -33.190842422253056 ], [ 151.621621397756456, -33.190479347492243 ], [ 151.621834481703416, -33.190571897731708 ], [ 151.621840131528728, -33.190211198350838 ], [ 151.621632699013389, -33.189757948762761 ], [ 151.621526864433747, -33.189666586115273 ], [ 151.620992041767437, -33.189570470904705 ], [ 151.621318021805905, -33.189303510883683 ], [ 151.621103528311693, -33.189301134669293 ], [ 151.621320847653237, -33.189123161198424 ], [ 151.621217840175859, -33.188851448619594 ], [ 151.62122066617988, -33.188671098928843 ], [ 151.621113420204694, -33.188669910803881 ], [ 151.621114833307075, -33.188579735960509 ], [ 151.621116246403176, -33.188489561115794 ], [ 151.621009000653913, -33.18848837290659 ], [ 151.621007587447991, -33.188578547747255 ], [ 151.620900341595217, -33.188577359441638 ], [ 151.620794509174317, -33.188485996211114 ], [ 151.620690090495799, -33.18830445806379 ], [ 151.620582844991389, -33.188303269493289 ], [ 151.620584258617697, -33.188213094664775 ], [ 151.620691504012285, -33.188214283231218 ], [ 151.62101324023385, -33.188217848376425 ], [ 151.620913061210103, -33.187765785863171 ], [ 151.620805816352032, -33.187764597501733 ], [ 151.620804402976859, -33.187854772345162 ], [ 151.620697158015247, -33.187853583887325 ], [ 151.620698571500242, -33.187763409047946 ], [ 151.620485495513861, -33.187670857030675 ], [ 151.620488322891617, -33.187490507361353 ], [ 151.620704225377239, -33.187402709676803 ], [ 151.620807229720896, -33.187674422656926 ], [ 151.621143094032647, -33.186776238807312 ], [ 151.62135616862011, -33.186868789673127 ], [ 151.621131790044586, -33.187497637733962 ], [ 151.621570656209258, -33.186871165298953 ], [ 151.621889563205713, -33.187055077838963 ], [ 151.621999631463041, -33.18687591544235 ], [ 151.622427195152483, -33.186970839026067 ], [ 151.622430018476223, -33.186790489188873 ], [ 151.62264450597155, -33.18679286295955 ], [ 151.622438488296439, -33.186249439644598 ], [ 151.622873105340915, -33.185893486930972 ], [ 151.622874516491208, -33.185803311980486 ], [ 151.622875927635249, -33.185713137028642 ], [ 151.622985992136762, -33.185533973626249 ], [ 151.623093234375375, -33.185535160039265 ], [ 151.623094645280929, -33.185444985075243 ], [ 151.622987403152109, -33.18544379866627 ], [ 151.622988814161175, -33.185353623704948 ], [ 151.62266708814181, -33.185350063936163 ], [ 151.622452604160372, -33.185347690295238 ], [ 151.622349597145018, -33.185075978517048 ], [ 151.622568314705603, -33.184807827462556 ], [ 151.622678378623306, -33.184628664293754 ], [ 151.622891449804484, -33.18472121246861 ], [ 151.623105932298984, -33.184723585314011 ], [ 151.623101699714368, -33.184994110234676 ], [ 151.623214584294857, -33.184634596617869 ], [ 151.623429066607486, -33.184636968901103 ], [ 151.623319004183031, -33.184816132773072 ], [ 151.623856621227787, -33.184731887364116 ], [ 151.623961042568482, -33.184913423015189 ], [ 151.623745149325231, -33.185001226627591 ], [ 151.624388599162245, -33.185008339696076 ], [ 151.624385780043013, -33.185188689733607 ], [ 151.62459885446205, -33.185281235058703 ], [ 151.624813338475235, -33.185283604997672 ], [ 151.62481192933916, -33.185373780029238 ], [ 151.625019368920476, -33.185827024784778 ], [ 151.62490789902867, -33.186096365100099 ], [ 151.624696231612347, -33.185913645238358 ], [ 151.624477517527197, -33.186181800083567 ], [ 151.624906489945857, -33.186186540123451 ], [ 151.62522258424957, -33.186550794312083 ], [ 151.625764435084534, -33.186196015770456 ], [ 151.625873086349628, -33.186107024750996 ], [ 151.626086164615089, -33.186199567614324 ], [ 151.625983145367229, -33.18592785856319 ], [ 151.626523581930115, -33.185663251588608 ], [ 151.626742288564031, -33.185395092930506 ], [ 151.626953959149034, -33.185577809404549 ], [ 151.627277093203645, -33.185491182994141 ], [ 151.627272873315519, -33.185761708355635 ], [ 151.627596007768489, -33.185675081128956 ], [ 151.627597414068418, -33.185584905996336 ], [ 151.62749298436691, -33.185403373200671 ], [ 151.627707468938411, -33.185405738161016 ], [ 151.627916329665396, -33.185768803333652 ], [ 151.627588976174735, -33.186125956771626 ], [ 151.62789523926179, -33.18712143032095 ], [ 151.628215566715255, -33.187215151878689 ], [ 151.628327028132418, -33.186945808422031 ], [ 151.628757410147756, -33.18686036013478 ], [ 151.628764435952434, -33.18640948432445 ], [ 151.628020760659552, -33.185950335797507 ], [ 151.6282436804768, -33.185411648945824 ], [ 151.628778487092234, -33.185507732601707 ], [ 151.62856259687041, -33.185595544650553 ], [ 151.628558380916587, -33.185866070153359 ], [ 151.62866843423339, -33.185686901434501 ], [ 151.628987352531311, -33.185870796091521 ], [ 151.628681080824919, -33.184875324828496 ], [ 151.628786917475622, -33.184966681502743 ], [ 151.629002805921743, -33.184878869010397 ], [ 151.628994376893587, -33.185419920165977 ], [ 151.629111452339544, -33.184789875018275 ], [ 151.629217289350947, -33.184881231336597 ], [ 151.629539014541677, -33.184884774133323 ], [ 151.629647660441719, -33.184795779659311 ], [ 151.629649064592769, -33.184705604436381 ], [ 151.629441603312131, -33.184252366770352 ], [ 151.629125499058489, -33.183888122929474 ], [ 151.629348406498025, -33.183349433615206 ], [ 151.629246784563605, -33.18298755173678 ], [ 151.62913673598311, -33.183166721160447 ], [ 151.629135331389421, -33.183256896386332 ], [ 151.629028091654334, -33.1832557152497 ], [ 151.628497514044994, -33.182889107366556 ], [ 151.628397301409962, -33.182437049663022 ], [ 151.627865325502597, -33.182160614433101 ], [ 151.628082613432952, -33.181982628143494 ], [ 151.627769334551346, -33.181438030680823 ], [ 151.627880789354492, -33.18116868722668 ], [ 151.62884311427257, -33.181359672924131 ], [ 151.628740091547229, -33.181087965876173 ], [ 151.628737281763222, -33.181268316356913 ], [ 151.628416975122434, -33.181174596600755 ], [ 151.628529832691015, -33.180815077258501 ], [ 151.628742901306197, -33.180907615389984 ], [ 151.628751330432863, -33.180366563898765 ], [ 151.628020355030202, -33.179095839047697 ], [ 151.627059463194968, -33.17881467239738 ], [ 151.627599852223454, -33.178550059239342 ], [ 151.627286587815462, -33.178005460663115 ], [ 151.628460533976067, -33.17837916387078 ], [ 151.629105341051485, -33.178296076026641 ], [ 151.629654143668461, -33.177490401776048 ], [ 151.62923223367244, -33.177034802607139 ], [ 151.629240658550145, -33.176493750667973 ], [ 151.629675199323998, -33.176137771696297 ], [ 151.630104123737965, -33.176142492567578 ], [ 151.630751718216004, -33.175879044931406 ], [ 151.630973191437079, -33.175430526657614 ], [ 151.632055302868167, -33.174811086494223 ], [ 151.632170938613626, -33.17427121196301 ], [ 151.631228309628767, -33.172817797356608 ], [ 151.630905226075271, -33.172904435501188 ], [ 151.630799401207383, -33.172813080774276 ], [ 151.630692174117684, -33.172811901397928 ], [ 151.630909432740793, -33.172633909168511 ], [ 151.63091223715324, -33.17245355827324 ], [ 151.630926258840503, -33.171551803715317 ], [ 151.630292724994234, -33.170913498862895 ], [ 151.630090901983436, -33.170099560250243 ], [ 151.630518394582566, -33.170194454400871 ], [ 151.63062982556832, -33.169925107426067 ], [ 151.630418183577717, -33.169742397533248 ], [ 151.63009931936287, -33.169558507513038 ], [ 151.630109139354488, -33.168927279257737 ], [ 151.629357179586805, -33.169009193816947 ], [ 151.629031300584046, -33.169276178320857 ], [ 151.628926885999476, -33.169094646690027 ], [ 151.628821067681201, -33.169003290398322 ], [ 151.628713845318828, -33.169002109437727 ], [ 151.62860521858326, -33.169091103796134 ], [ 151.628393582861975, -33.168908390597636 ], [ 151.628173519127074, -33.169266729431762 ], [ 151.627856066645307, -33.16899265843054 ], [ 151.627638811299363, -33.169170645504394 ], [ 151.626892472245231, -33.168891843639273 ], [ 151.626785250105314, -33.168890661021507 ], [ 151.625069696718782, -33.168871726585955 ], [ 151.624099062681523, -33.169221766546706 ], [ 151.623774576775702, -33.169398561618578 ], [ 151.623777395453146, -33.169218211169415 ], [ 151.623561541110604, -33.169306015673598 ], [ 151.623665944701486, -33.169487551518621 ], [ 151.623018378090819, -33.169750963219911 ], [ 151.621071419039652, -33.170811702745873 ], [ 151.620217864668945, -33.170531673427597 ], [ 151.620436550814247, -33.170263524738786 ], [ 151.620656648179107, -33.169905200523054 ], [ 151.620017549359972, -33.169627545797965 ], [ 151.620129011346279, -33.169358209016622 ], [ 151.620667948494514, -33.169183799699844 ], [ 151.620666535977108, -33.169273974807517 ], [ 151.620773758307706, -33.169275162706022 ], [ 151.620775170715376, -33.169184987594299 ], [ 151.620991027357974, -33.16909718798513 ], [ 151.621529961318913, -33.168922774842798 ], [ 151.622068893217659, -33.168748359306676 ], [ 151.622177525915362, -33.168659370808449 ], [ 151.622506243864308, -33.16821205432138 ], [ 151.622720686112473, -33.168214426790975 ], [ 151.622404665457907, -33.167850167184348 ], [ 151.622193045880408, -33.167667443819632 ], [ 151.622195867610515, -33.167487093440315 ], [ 151.622085825442866, -33.167666257193865 ], [ 151.621552546396146, -33.167479972350222 ], [ 151.621236533208105, -33.167115709930449 ], [ 151.621239356837435, -33.166935359607827 ], [ 151.62038866433889, -33.16647498196518 ], [ 151.620816127800595, -33.166569908762114 ], [ 151.620820364438401, -33.166299383300348 ], [ 151.621039037800614, -33.166031233054248 ], [ 151.622218440546135, -33.166044290209925 ], [ 151.622643083473946, -33.166319561179066 ], [ 151.62253586465684, -33.166318374983263 ], [ 151.622534454205748, -33.16640855020345 ], [ 151.622641673132563, -33.16640973640331 ], [ 151.622640262784898, -33.166499911626197 ], [ 151.622747481827673, -33.166501097737836 ], [ 151.62274889206563, -33.166410922510892 ], [ 151.622961919932067, -33.166503469684251 ], [ 151.622960509907244, -33.166593644917938 ], [ 151.623066319157147, -33.166685005993159 ], [ 151.623280757738058, -33.166687377402098 ], [ 151.623712453495386, -33.166511768589928 ], [ 151.623709634975256, -33.166692119112646 ], [ 151.625643805632308, -33.166442912533718 ], [ 151.625755246202402, -33.166173570028384 ], [ 151.62639293301774, -33.166541370626554 ], [ 151.626500152280158, -33.166542553508371 ], [ 151.626718809341867, -33.16627439286102 ], [ 151.627901028060137, -33.166107045455178 ], [ 151.627892598283154, -33.166648097994184 ], [ 151.627679564580205, -33.166555559117811 ], [ 151.62724506470812, -33.166911532671193 ], [ 151.627140656487143, -33.166729999642996 ], [ 151.627033436967736, -33.166728817306783 ], [ 151.62670474739565, -33.167176146593889 ], [ 151.626277273923364, -33.167081239787002 ], [ 151.626165833682393, -33.167350582733143 ], [ 151.626170054015233, -33.167080056696371 ], [ 151.625633954568713, -33.167074139858954 ], [ 151.625528142121539, -33.166982780890557 ], [ 151.625526734698241, -33.167072956214618 ], [ 151.625629732590255, -33.16734466583506 ], [ 151.625736952796132, -33.167345849399247 ], [ 151.625949986217165, -33.167438391585542 ], [ 151.627453882410123, -33.167274598482877 ], [ 151.627460909653166, -33.16682372149883 ], [ 151.627565318648323, -33.167005254275743 ], [ 151.627563913309416, -33.167095429676586 ], [ 151.627671133298975, -33.167096611567551 ], [ 151.627672538528145, -33.167006436162666 ], [ 151.627781163527487, -33.16691744254701 ], [ 151.627884168280787, -33.167189150484219 ], [ 151.627991388398868, -33.167190332102372 ], [ 151.628098608523146, -33.167191513628239 ], [ 151.628421673401107, -33.16710488222035 ], [ 151.628424482317342, -33.166924531352677 ], [ 151.628636113486635, -33.167107244433453 ], [ 151.628857573646684, -33.16665872901735 ], [ 151.628860381622729, -33.166478378103783 ], [ 151.628966197044264, -33.166569734320596 ], [ 151.629066397535723, -33.167021792294911 ], [ 151.629400688440427, -33.166213754516519 ], [ 151.629615126444435, -33.166216114987854 ], [ 151.62971813617159, -33.166487821562463 ], [ 151.629062186107944, -33.167292318662916 ], [ 151.629168002692467, -33.167383674727319 ], [ 151.629275223105026, -33.167384855246127 ], [ 151.629493874078918, -33.167116689594572 ], [ 151.629708314289502, -33.167119049962011 ], [ 151.629709717434281, -33.167028874480444 ], [ 151.629816937439244, -33.167030054521717 ], [ 151.629815534404202, -33.16712023000732 ], [ 151.629922754525126, -33.16712140996033 ], [ 151.630029974652331, -33.167122589821055 ], [ 151.630031377467986, -33.167032414327387 ], [ 151.629924157450489, -33.167031234470699 ], [ 151.630248622695376, -33.166854422756394 ], [ 151.630250025272858, -33.16676424725059 ], [ 151.630255635520285, -33.166403545213747 ], [ 151.630364257225125, -33.166314549248739 ], [ 151.630365659655411, -33.166224373730735 ], [ 151.630258440606525, -33.166223194187168 ], [ 151.630259843140266, -33.166133018671829 ], [ 151.630367062079443, -33.166134198211367 ], [ 151.630368464497224, -33.166044022690656 ], [ 151.630475683332975, -33.166045202133873 ], [ 151.630580097771912, -33.166226732541034 ], [ 151.630577293343919, -33.166407083591807 ], [ 151.630790329920302, -33.166499617580506 ], [ 151.630685914738393, -33.166318087337856 ], [ 151.630901754993573, -33.166230270064382 ], [ 151.630903156869095, -33.166140094524863 ], [ 151.631013179358661, -33.165960922419558 ], [ 151.631021589747462, -33.165419869113407 ], [ 151.630702739540141, -33.165235980886919 ], [ 151.63102439316043, -33.165239518000462 ], [ 151.631137217358543, -33.164879994595445 ], [ 151.631887739663313, -33.164888243871978 ], [ 151.631884938055435, -33.16506859506022 ], [ 151.632419626435393, -33.165164660284802 ], [ 151.63219958874015, -33.165523007111716 ], [ 151.632416825887049, -33.165345011505153 ], [ 151.632519843423609, -33.16561671599527 ], [ 151.632631262046829, -33.165347366728298 ], [ 151.633597624145125, -33.165267785011018 ], [ 151.633596225074513, -33.165357960664771 ], [ 151.633703443219872, -33.165359137307426 ], [ 151.633704842180776, -33.165268961649659 ], [ 151.633812060222681, -33.165270138196028 ], [ 151.633813459067682, -33.165179962532882 ], [ 151.633706241135457, -33.165178785990534 ], [ 151.633923474457958, -33.165000787644509 ], [ 151.634456766791743, -33.165187019849121 ], [ 151.635534535127249, -33.164838071737314 ], [ 151.635968992004109, -33.16448206800456 ], [ 151.635659912578035, -33.163666961991417 ], [ 151.634909399495655, -33.163658735716119 ], [ 151.63481196745434, -33.16302633006962 ], [ 151.634062858565215, -33.162927923118829 ], [ 151.63396123761845, -33.162566044043224 ], [ 151.63353517659408, -33.162380986770572 ], [ 151.633219130250581, -33.162016753671892 ], [ 151.633650784209408, -33.161841109160576 ], [ 151.632691458903537, -33.161469813945509 ], [ 151.632269606554758, -33.161014225509021 ], [ 151.631633334103469, -33.160556279450589 ], [ 151.631417508645541, -33.16064409844877 ], [ 151.630892659794483, -33.159916800212862 ], [ 151.630576633096126, -33.159552560776262 ], [ 151.62951153867337, -33.159089887161961 ], [ 151.629624360200864, -33.158730364738645 ], [ 151.629407134393631, -33.158908355932127 ], [ 151.629302730533823, -33.158726824620729 ], [ 151.629091117442925, -33.158544112919749 ], [ 151.6290939240738, -33.158363761753243 ], [ 151.628770892175169, -33.158450395871753 ], [ 151.628663682658896, -33.158449215198779 ], [ 151.628556473148876, -33.158448034433547 ], [ 151.628555069282015, -33.158538209995953 ], [ 151.628446455685804, -33.158627204691435 ], [ 151.628219398157881, -33.159436422562749 ], [ 151.627894956909216, -33.159613229795106 ], [ 151.627374358799187, -33.15861539096192 ], [ 151.627265743949636, -33.158704384592816 ], [ 151.627162750088132, -33.158432676090527 ], [ 151.62748999818416, -33.158075519605589 ], [ 151.627392624342974, -33.157443109139614 ], [ 151.62717258696, -33.15780144748306 ], [ 151.62706537830519, -33.157800265454568 ], [ 151.627063972946928, -33.157890440969958 ], [ 151.627171181711361, -33.157891623002484 ], [ 151.626949736755108, -33.158340136381547 ], [ 151.626735318160996, -33.158337771814821 ], [ 151.626946925737826, -33.158520487386561 ], [ 151.626399629496717, -33.159235979041469 ], [ 151.626171145132133, -33.160135368023077 ], [ 151.625848104074578, -33.160221994290282 ], [ 151.625853730946801, -33.159861292539887 ], [ 151.625422072276194, -33.160036909917885 ], [ 151.625532097660141, -33.159857742577614 ], [ 151.625639308749413, -33.159858925990626 ], [ 151.625640715671125, -33.15976875055771 ], [ 151.625533504691504, -33.159767567148734 ], [ 151.624685672265656, -33.159126868742128 ], [ 151.624692711495612, -33.158675991691602 ], [ 151.624376715279737, -33.158311737226363 ], [ 151.624483924435765, -33.158312921585392 ], [ 151.624485332457141, -33.158222746173848 ], [ 151.624805551941506, -33.158316474108965 ], [ 151.624804144242802, -33.158406649531287 ], [ 151.624911353533605, -33.158407833525345 ], [ 151.62491276112263, -33.158317658098994 ], [ 151.624916983852103, -33.158047131811735 ], [ 151.625128586867163, -33.15822985036646 ], [ 151.625238610446189, -33.158050683191874 ], [ 151.625345819323428, -33.158051866800747 ], [ 151.625235795957423, -33.158231034075683 ], [ 151.625451621184993, -33.158143225768058 ], [ 151.625666039190122, -33.158145592532641 ], [ 151.625667445992747, -33.158055417073889 ], [ 151.625560237096693, -33.158054233741758 ], [ 151.625561644002687, -33.157964058285678 ], [ 151.625240017681165, -33.15796050774793 ], [ 151.625241424909859, -33.157870332302629 ], [ 151.625135623590296, -33.157778973166963 ], [ 151.625031229919244, -33.157597438504496 ], [ 151.624922614070272, -33.157686430076346 ], [ 151.624708197249475, -33.157684062060703 ], [ 151.624385163971937, -33.157770684761019 ], [ 151.624711012759519, -33.157503711201031 ], [ 151.624605212433153, -33.157412351635095 ], [ 151.624390796307921, -33.15740998309024 ], [ 151.624393612438269, -33.157229632246704 ], [ 151.624507859946249, -33.156779939404224 ], [ 151.624940911586236, -33.156514149285968 ], [ 151.624719459139186, -33.156962658589357 ], [ 151.625469911981071, -33.156970944803156 ], [ 151.62600454351491, -33.157067036247106 ], [ 151.626328978811159, -33.156890233726237 ], [ 151.6266506013732, -33.156893781350959 ], [ 151.6266520071012, -33.156803605836757 ], [ 151.626760620136821, -33.156714612670193 ], [ 151.62686642195456, -33.156805970450591 ], [ 151.626976440169926, -33.156626801562403 ], [ 151.62708645792793, -33.156447632560379 ], [ 151.62719366493792, -33.156448814528261 ], [ 151.627195070086344, -33.156358638987058 ], [ 151.627087863186006, -33.156357457023219 ], [ 151.626984872357554, -33.15608574835958 ], [ 151.626879071251011, -33.155994390688839 ], [ 151.626127220061875, -33.156076288686997 ], [ 151.626558857715878, -33.155900668215082 ], [ 151.626666064036669, -33.155901850619948 ], [ 151.626667469695803, -33.155811675090781 ], [ 151.626560263484663, -33.155810492689959 ], [ 151.626135657287051, -33.155535235629188 ], [ 151.626895936190579, -33.154912284168425 ], [ 151.626805596416801, -33.153828995324645 ], [ 151.6270228144123, -33.15365100834078 ], [ 151.627237221628263, -33.153653372118328 ], [ 151.627128612946876, -33.153742365853653 ], [ 151.627017193655178, -33.154011710628374 ], [ 151.627124397698566, -33.154012892579431 ], [ 151.62712299260329, -33.154103068151962 ], [ 151.627015788450223, -33.154101886196869 ], [ 151.627014383239072, -33.154192061764007 ], [ 151.627121587501705, -33.154193243723135 ], [ 151.627334591157279, -33.15428578294258 ], [ 151.627551809277975, -33.154107795049953 ], [ 151.627659013462335, -33.154108976543853 ], [ 151.627764813209183, -33.154200333540928 ], [ 151.627870613175304, -33.154291690452482 ], [ 151.627869208828685, -33.154381866049214 ], [ 151.627976413360699, -33.154383047278515 ], [ 151.627977817597696, -33.154292871677754 ], [ 151.628403827746638, -33.154477946888896 ], [ 151.628406635349762, -33.154297595656445 ], [ 151.628516647162229, -33.154118425174538 ], [ 151.628835453201901, -33.15430231815931 ], [ 151.628942657680597, -33.154303498554434 ], [ 151.629048459024915, -33.154394854498435 ], [ 151.629264271154113, -33.154307039186371 ], [ 151.629159872699859, -33.154125507773571 ], [ 151.62926707697801, -33.154126687883917 ], [ 151.629268479880579, -33.154036512230647 ], [ 151.629269882776896, -33.153946336576006 ], [ 151.629058280877814, -33.15376362498202 ], [ 151.629379892396656, -33.153767165264632 ], [ 151.629274091428357, -33.153675809603953 ], [ 151.629495512104796, -33.153227291153293 ], [ 151.629705711270077, -33.153500177688507 ], [ 151.629701503971745, -33.153770704717118 ], [ 151.629925727126817, -33.153141834082007 ], [ 151.630037136423169, -33.152872486408882 ], [ 151.629929933636134, -33.152871307000652 ], [ 151.62982413312227, -33.152779951807695 ], [ 151.629608325312546, -33.152867768222542 ], [ 151.629400933259319, -33.152414530180621 ], [ 151.630376966678455, -33.151703739709852 ], [ 151.630492577139307, -33.151163864270281 ], [ 151.630499584529218, -33.150712985544146 ], [ 151.63072099104761, -33.150264464352198 ], [ 151.630826789593897, -33.150355818764794 ], [ 151.630933989361438, -33.150356997322348 ], [ 151.630723793458941, -33.150084112822498 ], [ 151.630832393978096, -33.149995115689286 ], [ 151.63040780126218, -33.149719873328706 ], [ 151.63063481052265, -33.148910649069336 ], [ 151.629888630646036, -33.148631868483335 ], [ 151.62957545151616, -33.14808727551079 ], [ 151.629251055491096, -33.148264087743812 ], [ 151.628932269933358, -33.148080196193547 ], [ 151.629035258372852, -33.148351903499048 ], [ 151.628602259588888, -33.148617709558444 ], [ 151.628603662877424, -33.148527533850434 ], [ 151.628605066159736, -33.148437358141067 ], [ 151.628497868831488, -33.148436177639304 ], [ 151.628284877798592, -33.148343640660535 ], [ 151.628506289051529, -33.14789512337876 ], [ 151.628936478681254, -33.147809669004651 ], [ 151.628617695418967, -33.147625776695563 ], [ 151.629060508381059, -33.146728740182887 ], [ 151.629274898941503, -33.146731100018719 ], [ 151.629276301441166, -33.146640924257952 ], [ 151.629169106267426, -33.146639744390171 ], [ 151.629171911467182, -33.146459392872607 ], [ 151.629841716945776, -33.144753130499801 ], [ 151.630263481649308, -33.145208725980488 ], [ 151.630479269808973, -33.145120907822403 ], [ 151.630374879005927, -33.144939377384951 ], [ 151.630377681557292, -33.144759025727005 ], [ 151.630915047043288, -33.144674742797918 ], [ 151.630813457436346, -33.14431286099984 ], [ 151.631137835639123, -33.144136044129411 ], [ 151.630174507403041, -33.144035261291037 ], [ 151.630285903414006, -33.143765912694363 ], [ 151.631256230449651, -33.143415815204442 ], [ 151.631474813362246, -33.143147643374633 ], [ 151.632116560234721, -33.143244884555976 ], [ 151.632329543402875, -33.143337414839273 ], [ 151.632323946564526, -33.143698118526707 ], [ 151.632538330047424, -33.143700472556191 ], [ 151.63266510569386, -33.142439186262429 ], [ 151.632670700868204, -33.142078482450565 ], [ 151.632777890652875, -33.142079659162391 ], [ 151.633416835421372, -33.142357245442611 ], [ 151.632993668690204, -33.141991836341006 ], [ 151.63288647900265, -33.141990659817601 ], [ 151.632780687983541, -33.141899307240251 ], [ 151.632459119305651, -33.141895776852344 ], [ 151.632562112195984, -33.142167481597525 ], [ 151.63234773243866, -33.142165127704857 ], [ 151.632351929758812, -33.141894599871975 ], [ 151.632030361155756, -33.141891068377703 ], [ 151.632783485289224, -33.141718955312683 ], [ 151.63268049218334, -33.141447250727452 ], [ 151.633220631874963, -33.141182605261768 ], [ 151.633217835520583, -33.141362957237831 ], [ 151.633320830210266, -33.141634661422472 ], [ 151.633428019484455, -33.141635837561019 ], [ 151.633426621498359, -33.141726013550979 ], [ 151.633533810888366, -33.14172718960134 ], [ 151.633532413005639, -33.141817365593958 ], [ 151.633961171066204, -33.14182206888956 ], [ 151.633743996677566, -33.142000069423382 ], [ 151.633316635904634, -33.141905189376203 ], [ 151.633312441542898, -33.142175717317706 ], [ 151.634385738170494, -33.142097298776186 ], [ 151.634272959692453, -33.142456827500411 ], [ 151.634806118095099, -33.142643055361766 ], [ 151.634913308661794, -33.142644230253758 ], [ 151.635122104570854, -33.143007283910173 ], [ 151.635119311912064, -33.143187635976538 ], [ 151.635546681020173, -33.143282510028506 ], [ 151.635969864655948, -33.14364791081357 ], [ 151.636510008718972, -33.143383251263629 ], [ 151.636407002253748, -33.143111549484594 ], [ 151.637157340839195, -33.143119762251942 ], [ 151.637253378789097, -33.143842343999566 ], [ 151.637470550988013, -33.143664337330598 ], [ 151.63746915702896, -33.14375451344322 ], [ 151.637686328582845, -33.143576506378665 ], [ 151.637690509746591, -33.143305978004541 ], [ 151.637903499260062, -33.143398498907807 ], [ 151.637906286245595, -33.143218146638276 ], [ 151.637907679729068, -33.143127970501475 ], [ 151.637801882027304, -33.143036622036846 ], [ 151.637909073206316, -33.143037794363316 ], [ 151.638227860477429, -33.143221663088525 ], [ 151.638651055279098, -33.143587055043838 ], [ 151.639412534232292, -33.142873844860283 ], [ 151.640164262890806, -33.142791863245961 ], [ 151.640498353049793, -33.141983787621363 ], [ 151.640077940172461, -33.141438049369633 ], [ 151.640296491680289, -33.141169861153593 ], [ 151.640080722502034, -33.141257696880118 ], [ 151.639976315914311, -33.141076173990733 ], [ 151.64073080973057, -33.140813835991047 ], [ 151.640839388695298, -33.14072482944654 ], [ 151.641380890453235, -33.140369971509109 ], [ 151.64148807854977, -33.140371140673039 ], [ 151.641489468218936, -33.14028096436067 ], [ 151.641390618774295, -33.139738737321906 ], [ 151.641497806103899, -33.139739906457869 ], [ 151.64149919572975, -33.139649730135979 ], [ 151.641392008509712, -33.139648561004023 ], [ 151.641185973685168, -33.139105164575611 ], [ 151.641187363596316, -33.139014988256193 ], [ 151.641508922937106, -33.139018495844681 ], [ 151.641836039286943, -33.138661297216323 ], [ 151.642916228633055, -33.138131921899294 ], [ 151.642392799023554, -33.137314494195572 ], [ 151.641859655233503, -33.137128299078313 ], [ 151.642719905301419, -33.136957292895971 ], [ 151.642834029843897, -33.136507578728498 ], [ 151.642836806014515, -33.136327225889623 ], [ 151.643262763745668, -33.136512249350424 ], [ 151.643259988426678, -33.136692602215788 ], [ 151.643475743296335, -33.136604760549666 ], [ 151.643365784577441, -33.136783946083462 ], [ 151.643582926909119, -33.136605927794342 ], [ 151.644007500716327, -33.136881125226992 ], [ 151.643694272164282, -33.136336565594782 ], [ 151.64390863876352, -33.136338899599295 ], [ 151.643911412718552, -33.136158546675169 ], [ 151.643912799686802, -33.136068370211063 ], [ 151.643807003784275, -33.135977026805406 ], [ 151.643697046557435, -33.136156212686622 ], [ 151.64358986348617, -33.136155045554069 ], [ 151.64391834749793, -33.135707664341076 ], [ 151.643919734435258, -33.135617487870185 ], [ 151.641579783433258, -33.134419501141046 ], [ 151.640507975048479, -33.134407807992005 ], [ 151.640617936345507, -33.134228624988133 ], [ 151.641475381300808, -33.134237979443384 ], [ 151.641582561948098, -33.134239148335531 ], [ 151.641583951196225, -33.134148971930749 ], [ 151.6414767706585, -33.134147803042595 ], [ 151.641373758491397, -33.133876104863738 ], [ 151.641483717353964, -33.133696921018249 ], [ 151.641700855537124, -33.13351890582716 ], [ 151.642554129302056, -33.133798781999865 ], [ 151.64309141785526, -33.133714444363058 ], [ 151.643744207458639, -33.133090212416199 ], [ 151.643954405860029, -33.133363075656185 ], [ 151.643953019077173, -33.133453252161047 ], [ 151.644060198880965, -33.133454418897379 ], [ 151.644061585554283, -33.133364242388524 ], [ 151.644278717851279, -33.133186222538953 ], [ 151.644384511012646, -33.133277565510355 ], [ 151.644491690622061, -33.13327873187005 ], [ 151.644281490716509, -33.13300586949579 ], [ 151.644282877139887, -33.132915692972148 ], [ 151.644497235476365, -33.132918025751778 ], [ 151.644498621674472, -33.132827849218828 ], [ 151.644392828914135, -33.132736506348756 ], [ 151.644609958971216, -33.132558485847404 ], [ 151.644611345035145, -33.132468309305033 ], [ 151.644402532851501, -33.13210527059838 ], [ 151.644511097179702, -33.132016260361027 ], [ 151.644403919103581, -33.132015094057181 ], [ 151.64429812738905, -33.131923751122606 ], [ 151.644190949434829, -33.13192258463841 ], [ 151.64409070426629, -33.131470535388708 ], [ 151.644092090803611, -33.131380358849981 ], [ 151.643984913518835, -33.131379192205401 ], [ 151.643983526871978, -33.131469368740156 ], [ 151.643446252792586, -33.131553710628367 ], [ 151.643237447506948, -33.131190670095158 ], [ 151.641741136607578, -33.130903789105382 ], [ 151.641743914420573, -33.130723436185903 ], [ 151.641317987593538, -33.130538408163503 ], [ 151.641220537351899, -33.129906004018594 ], [ 151.641437666435479, -33.129727988954585 ], [ 151.641224705500463, -33.129635474652424 ], [ 151.641439055593111, -33.129637812489854 ], [ 151.641440444744575, -33.129547636023744 ], [ 151.641547619690698, -33.12954880480023 ], [ 151.641549008726457, -33.129458628328763 ], [ 151.641337437550391, -33.129275937760646 ], [ 151.641553175796588, -33.129188098906255 ], [ 151.640595555367327, -33.128726694526172 ], [ 151.640601115192396, -33.128365988727182 ], [ 151.640605284996212, -33.128095459363685 ], [ 151.640390938725687, -33.128093120187799 ], [ 151.640392328866852, -33.128002943738572 ], [ 151.640606674918388, -33.128005282906479 ], [ 151.640609454744236, -33.127824929987952 ], [ 151.640610844647853, -33.127734753526667 ], [ 151.640929583629656, -33.127918614496636 ], [ 151.640928194042147, -33.128008790967208 ], [ 151.641035367095782, -33.128009960136495 ], [ 151.641033977611556, -33.128100136609696 ], [ 151.641569843520131, -33.128105981093881 ], [ 151.641568454577197, -33.12819615758572 ], [ 151.641674239047376, -33.128287502704573 ], [ 151.641564287711304, -33.128466687053077 ], [ 151.641884420005539, -33.128560369184143 ], [ 151.641888585904468, -33.128289839684889 ], [ 151.641784189926852, -33.128108318242504 ], [ 151.641891363139507, -33.128109486678596 ], [ 151.641999924857089, -33.128020478513363 ], [ 151.642001313349652, -33.127930302002824 ], [ 151.641785578644601, -33.128018141741315 ], [ 151.641788356061511, -33.127837788734865 ], [ 151.642002701835992, -33.127840125490927 ], [ 151.641899694696093, -33.127568427627118 ], [ 151.641686738381026, -33.127475914205377 ], [ 151.641683960794637, -33.127656267214718 ], [ 151.641472393519592, -33.127473576928402 ], [ 151.641796688163652, -33.127296729682897 ], [ 151.64190663748974, -33.127117545046843 ], [ 151.642230929968662, -33.126940696604819 ], [ 151.64148211640989, -33.126842341408874 ], [ 151.641480727444133, -33.126932517915741 ], [ 151.64137355567965, -33.126931349163016 ], [ 151.641374944754915, -33.126841172660143 ], [ 151.640947647703939, -33.126746320255535 ], [ 151.640950426699419, -33.126565967274985 ], [ 151.641274718936984, -33.126389121304527 ], [ 151.640844645001806, -33.12647462158921 ], [ 151.640846034593551, -33.126384445099525 ], [ 151.640953205670115, -33.126385614288992 ], [ 151.640954595146184, -33.126295437793971 ], [ 151.6408474241791, -33.126294268608504 ], [ 151.640741642907045, -33.126202922842502 ], [ 151.64063169245901, -33.126382106444183 ], [ 151.640422910406073, -33.126019061511954 ], [ 151.63999700887976, -33.125834029492111 ], [ 151.640001180134021, -33.125563500086464 ], [ 151.640324080354759, -33.125476832998558 ], [ 151.640322690277515, -33.125567009481827 ], [ 151.640745811936455, -33.125932393369162 ], [ 151.641708958180885, -33.126033089935056 ], [ 151.641813351699653, -33.126214611432204 ], [ 151.641919134128472, -33.126305956316749 ], [ 151.641917745637812, -33.126396132847745 ], [ 151.642024916776279, -33.126397301115787 ], [ 151.64245360139202, -33.126401973266503 ], [ 151.642656841720424, -33.127125721211776 ], [ 151.643397337030166, -33.127765128855806 ], [ 151.643395949973439, -33.127855305420965 ], [ 151.643503122950392, -33.127856472462852 ], [ 151.643504509897582, -33.127766295893707 ], [ 151.64393736091975, -33.127500433360353 ], [ 151.644043147108391, -33.127591776518727 ], [ 151.644470451938133, -33.127686618481768 ], [ 151.645546334957999, -33.127427745512534 ], [ 151.646200443627208, -33.126713321761471 ], [ 151.646324223175554, -33.125632365980543 ], [ 151.646542715157295, -33.125364164648829 ], [ 151.646545482568399, -33.125183811209865 ], [ 151.646652652439656, -33.125184975460023 ], [ 151.646654036026462, -33.125094798734516 ], [ 151.646546866264686, -33.125093634488344 ], [ 151.646762589265563, -33.125005786157708 ], [ 151.646232277047602, -33.12463925762875 ], [ 151.64624611664749, -33.12373749039039 ], [ 151.645827134723049, -33.12310159458147 ], [ 151.645732427069305, -33.122288839148837 ], [ 151.645946759712899, -33.122291168776279 ], [ 151.64573519581262, -33.122108485681217 ], [ 151.646593908270148, -33.122027625148483 ], [ 151.646823455893809, -33.121038008656015 ], [ 151.646525480425083, -33.119501511009879 ], [ 151.646206759041434, -33.119317664599073 ], [ 151.646208142774782, -33.11922748780519 ], [ 151.646106515468773, -33.118865616184024 ], [ 151.645789181374823, -33.118591591976823 ], [ 151.64611758579187, -33.118144201772452 ], [ 151.646220596097521, -33.118415896599124 ], [ 151.646326374165824, -33.118507237729254 ], [ 151.646433535918163, -33.118508401961165 ], [ 151.646439069717019, -33.118147694696724 ], [ 151.646761936803642, -33.11806100996052 ], [ 151.646763319903442, -33.117970833127728 ], [ 151.646656158789284, -33.11796966919605 ], [ 151.646768852241053, -33.11761012578291 ], [ 151.646873246986019, -33.117791643289635 ], [ 151.647303273187475, -33.117706120838129 ], [ 151.64646812054275, -33.116253981201922 ], [ 151.646149410772438, -33.116070134854994 ], [ 151.645932325522864, -33.116248159619033 ], [ 151.645293525209837, -33.115970640263299 ], [ 151.644754962077627, -33.116145167246927 ], [ 151.644653343868612, -33.115783294510045 ], [ 151.645209903942742, -33.114436469271844 ], [ 151.646078226975845, -33.113724372307672 ], [ 151.645872217766765, -33.113180982243669 ], [ 151.646196450421087, -33.113004121573958 ], [ 151.646096212903956, -33.112552072890082 ], [ 151.646317438225992, -33.112103516796502 ], [ 151.646424592202635, -33.112104680837817 ], [ 151.646303605485713, -33.113005285747178 ], [ 151.646410760556535, -33.113006449828312 ], [ 151.646412143748904, -33.112916272935372 ], [ 151.64651929871647, -33.112917436920419 ], [ 151.646517915633524, -33.113007613817345 ], [ 151.646625070716652, -33.113008777714285 ], [ 151.64651238324015, -33.113368321391441 ], [ 151.646833849821093, -33.113371812853728 ], [ 151.646936857313676, -33.11364350720438 ], [ 151.646403844502345, -33.113457334272631 ], [ 151.646292538849679, -33.113726700809949 ], [ 151.646505467609757, -33.113819205828506 ], [ 151.646612623677697, -33.113820369761264 ], [ 151.646502701314461, -33.113999559593822 ], [ 151.646608474553744, -33.114090900419157 ], [ 151.646607091500101, -33.114181077302398 ], [ 151.64649855182526, -33.114270090231614 ], [ 151.646711482104962, -33.114362594929361 ], [ 151.646815873129043, -33.114544112474718 ], [ 151.646597409952051, -33.114812315447082 ], [ 151.646277321580868, -33.114718646379309 ], [ 151.646380328765304, -33.114990341129335 ], [ 151.646057472687062, -33.115077025196612 ], [ 151.646266254007713, -33.115440061235631 ], [ 151.646049170583041, -33.115618086266608 ], [ 151.645944779968943, -33.115436568117104 ], [ 151.645729079952417, -33.115524415741888 ], [ 151.645832086282951, -33.115796110891878 ], [ 151.645935093220686, -33.116067805961443 ], [ 151.646046403165741, -33.115798439945756 ], [ 151.646685204759649, -33.116075955476987 ], [ 151.646806192940375, -33.115175350637109 ], [ 151.647570118252901, -33.1142817256138 ], [ 151.647359951781084, -33.114008868540857 ], [ 151.647469872442826, -33.113829677907837 ], [ 151.647575646515861, -33.113921017934842 ], [ 151.647483693701787, -33.112927908641581 ], [ 151.647917840435866, -33.112571852537215 ], [ 151.647921985306567, -33.112301321666834 ], [ 151.647818976168338, -33.11202962803619 ], [ 151.647713204032613, -33.111938288240424 ], [ 151.647933038024149, -33.111579905952723 ], [ 151.648037428513106, -33.111761422533405 ], [ 151.648255879514181, -33.111493216602305 ], [ 151.648369938365306, -33.111043494006353 ], [ 151.648804072087586, -33.110687434379713 ], [ 151.649019757235635, -33.110599580983092 ], [ 151.649247863320454, -33.109700133842665 ], [ 151.649683366463194, -33.1092538937543 ], [ 151.650004818481278, -33.109257376656039 ], [ 151.649784998899577, -33.109615763093004 ], [ 151.650103693753294, -33.109799599921509 ], [ 151.650214982506753, -33.109530229389343 ], [ 151.650646344010227, -33.109354517076909 ], [ 151.650857888751801, -33.109537191673006 ], [ 151.650971931538834, -33.109087466153582 ], [ 151.650541950744042, -33.109173002549575 ], [ 151.650327649549837, -33.109170681635938 ], [ 151.649904564904801, -33.108805330381244 ], [ 151.650662887682302, -33.108272391743611 ], [ 151.650888213598449, -33.107553294964404 ], [ 151.651426712501177, -33.107378739580227 ], [ 151.651002253303147, -33.107103569208356 ], [ 151.651433601301051, -33.106927853760247 ], [ 151.651649274671286, -33.106839995457904 ], [ 151.65154763732113, -33.106478127369343 ], [ 151.650165753956941, -33.105741630112156 ], [ 151.649933531056575, -33.106911611332166 ], [ 151.649820865637281, -33.107271158888743 ], [ 151.649160034788252, -33.108436493582865 ], [ 151.648508852083467, -33.108970584943393 ], [ 151.647747747321318, -33.109683863908337 ], [ 151.648297313664898, -33.10878790650176 ], [ 151.648412749213549, -33.10824800654769 ], [ 151.64830421881814, -33.108337021366196 ], [ 151.647758800360947, -33.108962447942815 ], [ 151.647970338036941, -33.109145127275966 ], [ 151.647640596224704, -33.109682701079535 ], [ 151.647639214457627, -33.109772878065129 ], [ 151.647530681375144, -33.109861892120527 ], [ 151.647636450905054, -33.109953232032261 ], [ 151.647742220653754, -33.110044571858509 ], [ 151.647635069119531, -33.110043409013784 ], [ 151.64763368732784, -33.110133585993964 ], [ 151.647309468175621, -33.110310450827768 ], [ 151.646758499170005, -33.111296580094155 ], [ 151.646655494710302, -33.111024885580754 ], [ 151.646762647392535, -33.111026049298019 ], [ 151.646764030121062, -33.110935872363264 ], [ 151.646656877548224, -33.110934708649978 ], [ 151.646766795559614, -33.110755518489682 ], [ 151.646873947919801, -33.110756682102917 ], [ 151.646982482777361, -33.11066766867728 ], [ 151.647093782148971, -33.110398301241908 ], [ 151.647096546857171, -33.110217947328131 ], [ 151.646989395141105, -33.110216783922951 ], [ 151.646990777595363, -33.110126606968009 ], [ 151.647205080814871, -33.110128933678332 ], [ 151.647429058003155, -33.109500021186307 ], [ 151.647213374098243, -33.109587871872421 ], [ 151.647211991899752, -33.10967804884347 ], [ 151.646890538720726, -33.109674558699545 ], [ 151.647004601799097, -33.109224837343909 ], [ 151.647111752311787, -33.109226000705327 ], [ 151.647113134588892, -33.109135823731464 ], [ 151.647328817466075, -33.109047973186918 ], [ 151.647331581551896, -33.10886761921649 ], [ 151.64722443146448, -33.108866456055168 ], [ 151.647227195744421, -33.108686102087262 ], [ 151.647551408967786, -33.108509237273957 ], [ 151.647232724230435, -33.108325394135178 ], [ 151.647346783583458, -33.107875672282077 ], [ 151.647015660718552, -33.10850342154685 ], [ 151.646912658408496, -33.108231727190827 ], [ 151.647025336949611, -33.107872182653153 ], [ 151.647136632357018, -33.107602814968111 ], [ 151.647357839138351, -33.107154256226579 ], [ 151.647569371760596, -33.107336936159768 ], [ 151.647470514345599, -33.106794711143984 ], [ 151.647249309097134, -33.107243270148551 ], [ 151.647032248358443, -33.107421297688319 ], [ 151.647033630621735, -33.107331120691285 ], [ 151.646927864778945, -33.107239780326928 ], [ 151.646817951727229, -33.107418970848435 ], [ 151.646710803420888, -33.107417807290368 ], [ 151.646709420823271, -33.107507984274115 ], [ 151.646816569239036, -33.107509147836154 ], [ 151.646815186744647, -33.107599324822509 ], [ 151.646600889700522, -33.107596997598392 ], [ 151.646493741187726, -33.107595833848208 ], [ 151.646495124010244, -33.107505656873812 ], [ 151.646602272413674, -33.107506820619989 ], [ 151.64660503782153, -33.10732646665911 ], [ 151.646719098877128, -33.106876745359408 ], [ 151.646504803595519, -33.106874418014833 ], [ 151.64650065523881, -33.107144948962535 ], [ 151.646290508338552, -33.106872090301934 ], [ 151.64640457031544, -33.10642236928431 ], [ 151.646399038846567, -33.106783077223106 ], [ 151.646723246522043, -33.106606214375596 ], [ 151.646515865608876, -33.106153002094516 ], [ 151.646746748795977, -33.105073205236458 ], [ 151.647286621804511, -33.104808490463697 ], [ 151.647293531072449, -33.104357605228252 ], [ 151.646966568540108, -33.10471482393195 ], [ 151.647084770032819, -33.103994570846261 ], [ 151.629344375929492, -33.093969803166097 ], [ 151.624863530872744, -33.099602531320485 ], [ 151.62496604214698, -33.093019659546464 ], [ 151.626241781732091, -33.09366506998829 ], [ 151.62720736009453, -33.093585516726606 ], [ 151.627383164998861, -33.089168048640538 ], [ 151.626641700697604, -33.088618729870682 ], [ 151.626221617391224, -33.088072949126961 ], [ 151.625367432940607, -33.087883148375099 ], [ 151.625253291911292, -33.088332849278302 ], [ 151.623857868103613, -33.088497835450553 ], [ 151.623745123590652, -33.088857358318066 ], [ 151.622025500946478, -33.089199127625719 ], [ 151.622019873565137, -33.08955983289102 ], [ 151.622229904700248, -33.089832730200406 ], [ 151.622121372058132, -33.089921722371962 ], [ 151.615431816033663, -33.086059540150572 ], [ 151.617182453381986, -33.083733984347198 ], [ 151.620111268204226, -33.081421448409642 ], [ 151.62226483036136, -33.080723731454029 ], [ 151.622820082223598, -33.079467178466132 ], [ 151.622415528962989, -33.077929444430474 ], [ 151.622859433779155, -33.076942236209092 ], [ 151.622756539780141, -33.076670523436327 ], [ 151.625273375934938, -33.073271000765445 ], [ 151.627862120275068, -33.072127019180286 ], [ 151.628194631195868, -33.071409140425715 ], [ 151.626921993715541, -33.070583402191467 ], [ 151.625363133747328, -33.067499690915469 ], [ 151.625371547229634, -33.066958630331698 ], [ 151.627540114088134, -33.065268865098439 ], [ 151.626484561771633, -33.064265127633519 ], [ 151.626714159611026, -33.06327554120918 ], [ 151.626523785904624, -33.0617401753236 ], [ 151.62697455866558, -33.060302062051413 ], [ 151.628369530778741, -33.06013702850403 ], [ 151.628587906863999, -33.05986885312435 ], [ 151.628165143479805, -33.059503433706197 ], [ 151.628440861823805, -33.05553800074361 ], [ 151.630176563357566, -33.054113997895357 ], [ 151.63029481839493, -33.053393756835106 ], [ 151.631272512176139, -33.052502565386 ], [ 151.632884303870895, -33.052159473335045 ], [ 151.63480619037972, -33.052541295503012 ], [ 151.635046792623825, -33.050830269841832 ], [ 151.637640305390761, -33.049325351045091 ], [ 151.651346275212319, -33.049474306025196 ], [ 151.651557682573639, -33.049656977508441 ], [ 151.651312904123728, -33.065708640254684 ], [ 151.649784610353493, -33.067586145688033 ], [ 151.650208880169401, -33.06786131694566 ], [ 151.663532802681971, -33.050958378267886 ], [ 151.676929529716716, -33.043164202088668 ], [ 151.709876543186823, -33.001569054288169 ], [ 151.711377486853223, -33.001404170011973 ], [ 151.714575092532669, -33.002339085061941 ], [ 151.714770830771243, -33.003603822824466 ], [ 151.713477359926486, -33.004221858130961 ], [ 151.713042706532235, -33.004668349175489 ], [ 151.712495780305971, -33.005474458012479 ], [ 151.712810313604649, -33.005928674048455 ], [ 151.714963958473817, -33.005048922066095 ], [ 151.71699747856664, -33.005069841924417 ], [ 151.7180625346775, -33.005441563295392 ], [ 151.718498471465352, -33.004904873219438 ], [ 151.716822598435868, -33.002362210412301 ], [ 151.717361634818388, -33.002097167264871 ], [ 151.718215217219608, -33.002286324732893 ], [ 151.719183647821353, -33.001935487890755 ], [ 151.718873005571709, -33.001210743762087 ], [ 151.717913713871042, -33.000930310644264 ], [ 151.717499978585323, -32.999933920693181 ], [ 151.718345716125668, -33.000664163589128 ], [ 151.719520354475549, -33.000856608156845 ], [ 151.721357951282755, -32.99961272157821 ], [ 151.721776931423165, -33.000248374788555 ], [ 151.722588912222506, -33.003323302360947 ], [ 151.72459773860524, -33.005057541771016 ], [ 151.724479028027247, -33.005868079573091 ], [ 151.726286850197681, -33.006698292592539 ], [ 151.724780646612317, -33.007224079609273 ], [ 151.723803085829019, -33.008206227263742 ], [ 151.722298143064705, -33.00864180203893 ], [ 151.722279935816402, -33.009904338082244 ], [ 151.722799502747876, -33.010991989632728 ], [ 151.720956475812756, -33.012596614176296 ], [ 151.722122171899741, -33.013420305400096 ], [ 151.722870136013711, -33.013518156428837 ], [ 151.723291788996562, -33.013973442821523 ], [ 151.725330711125139, -33.013633507224782 ], [ 151.725777023924167, -33.012375342607143 ], [ 151.727078308881715, -33.01121609371085 ], [ 151.728303591347355, -33.00789138693488 ], [ 151.730052283194652, -33.005383743426826 ], [ 151.729430801699465, -33.003934304422664 ], [ 151.72956239191015, -33.00222194553664 ], [ 151.729895097219384, -33.001413579392555 ], [ 151.72979970592209, -33.00060085657541 ], [ 151.730016335514222, -33.000422671439267 ], [ 151.730242008012027, -32.999613214979583 ], [ 151.731000196067214, -32.998989562180476 ], [ 151.730913834735986, -32.997545568422126 ], [ 151.729860444545665, -32.996362322932107 ], [ 151.72956394871369, -32.994645605438549 ], [ 151.729249366157461, -32.99419142971054 ], [ 151.728183099682127, -32.993909986877682 ], [ 151.727657087630433, -32.993273263509444 ], [ 151.729058607961491, -32.992565981782619 ], [ 151.728961938245135, -32.991843439251113 ], [ 151.728120073495091, -32.990842722360291 ], [ 151.728234845501419, -32.990302722786296 ], [ 151.729832245734741, -32.990860154196589 ], [ 151.730494970455993, -32.98942377771855 ], [ 151.729653110092869, -32.988423070926288 ], [ 151.729332086530206, -32.988419803996969 ], [ 151.72932820954, -32.988690349075775 ], [ 151.729005892382474, -32.988777262966849 ], [ 151.728366429541353, -32.988590361578758 ], [ 151.728161468094413, -32.987956909911155 ], [ 151.727412417567081, -32.987949276939659 ], [ 151.727324825107928, -32.9865954615357 ], [ 151.726579671397985, -32.986317278942877 ], [ 151.726370841910267, -32.985954369440542 ], [ 151.727140585739903, -32.984519101633161 ], [ 151.727148351779277, -32.983978011561653 ], [ 151.726396744970799, -32.984150736635399 ], [ 151.725097157294272, -32.985219811186028 ], [ 151.724853324359515, -32.987291801804744 ], [ 151.724114660879223, -32.986562696858222 ], [ 151.72379494260079, -32.986469234324957 ], [ 151.722714498547049, -32.987179743607449 ], [ 151.722401276140857, -32.986635370108921 ], [ 151.722305965010548, -32.985822641744988 ], [ 151.724812453908356, -32.98269144801592 ], [ 151.724059556613611, -32.982954340804476 ], [ 151.723638041694642, -32.982499058294216 ], [ 151.725147715208266, -32.981702728046606 ], [ 151.725263787584851, -32.981072548928246 ], [ 151.722270421365522, -32.980861563090237 ], [ 151.721114243382686, -32.979406608746082 ], [ 151.721651825967626, -32.979231723949269 ], [ 151.721880112550139, -32.978241917317341 ], [ 151.723067446134905, -32.977532505980498 ], [ 151.72297083758869, -32.976809958698126 ], [ 151.723730172208036, -32.976096162664547 ], [ 151.723525269957918, -32.975462703656561 ], [ 151.724388986125064, -32.974930360140426 ], [ 151.724184081540187, -32.974296902049161 ], [ 151.72963304107131, -32.967407432446691 ], [ 151.730055808962021, -32.967772512777884 ], [ 151.729942372534452, -32.96822233489781 ], [ 151.730684807468549, -32.968680858831661 ], [ 151.731864210421094, -32.968512450336739 ], [ 151.73293018706363, -32.96879385573213 ], [ 151.733691946567149, -32.967899630338998 ], [ 151.734759208049041, -32.968090837941673 ], [ 151.735394683640749, -32.968548250522666 ], [ 151.736463241145515, -32.968649261599737 ], [ 151.735832898003565, -32.967831125445365 ], [ 151.735839321436515, -32.967380214329587 ], [ 151.736375519344534, -32.967295445578763 ], [ 151.736918134103661, -32.966759763150982 ], [ 151.736602323453894, -32.966395787722121 ], [ 151.734467836899285, -32.96601339570033 ], [ 151.73392778556817, -32.966368702948991 ], [ 151.733922639262943, -32.966729431636153 ], [ 151.733062922023208, -32.966991298711015 ], [ 151.732859259065691, -32.966267670872519 ], [ 151.732118120594777, -32.965718977791944 ], [ 151.735257828993099, -32.963135150023831 ], [ 151.735471784208073, -32.963137316446677 ], [ 151.735467929669596, -32.963407863265779 ], [ 151.736108513201401, -32.963504542695738 ], [ 151.736972037976557, -32.96297210649243 ], [ 151.735795286085477, -32.962960200818983 ], [ 151.736662658023334, -32.962157219667745 ], [ 151.735480777930718, -32.962506040488265 ], [ 151.734207344733022, -32.961771578805774 ], [ 151.734971599403394, -32.960696978286123 ], [ 151.735625008354361, -32.959891836611312 ], [ 151.736484649143506, -32.959629949760568 ], [ 151.736805569455441, -32.959633195801096 ], [ 151.737014383938259, -32.959996088877837 ], [ 151.737874021972885, -32.95973419239251 ], [ 151.738187251302605, -32.960278529362725 ], [ 151.738615148470387, -32.960282851476691 ], [ 151.738738780441253, -32.959111560079329 ], [ 151.737991252379913, -32.959013813974785 ], [ 151.737461519139543, -32.958647678989365 ], [ 151.737576186251431, -32.958107665727432 ], [ 151.737366090969545, -32.957834955953075 ], [ 151.74682032386994, -32.955043911231556 ], [ 151.748019865887159, -32.953432419453101 ], [ 151.748753380372705, -32.954522116294953 ], [ 151.75016300407583, -32.953183294267511 ], [ 151.750495324486081, -32.952374858108328 ], [ 151.751876999767433, -32.953020040622192 ], [ 151.75327262455346, -32.952673194879168 ], [ 151.753169457862526, -32.952401578134769 ], [ 151.751897281951273, -32.951577112618253 ], [ 151.752121349496434, -32.950857785689834 ], [ 151.75115994649633, -32.950757982396468 ], [ 151.750844130948167, -32.950394042037466 ], [ 151.750851742466693, -32.949852944061995 ], [ 151.770453299497689, -32.924882691207117 ], [ 151.773341736593721, -32.924820879991643 ], [ 151.778572786677415, -32.925503491210954 ], [ 151.779536431680413, -32.925422709565275 ], [ 151.779747823530982, -32.925605166707697 ], [ 151.780282494717767, -32.925610386322781 ], [ 151.780287444830634, -32.925249648904781 ], [ 151.781891452712756, -32.925265293816452 ], [ 151.781994679243951, -32.925536889316163 ], [ 151.785524744081584, -32.925481048493324 ], [ 151.78864673461851, -32.923978008048145 ], [ 151.789080607792613, -32.92353122992197 ], [ 151.790365020597392, -32.923453471929584 ], [ 151.790707899828647, -32.921833251162973 ], [ 151.791356837374337, -32.921298348852964 ], [ 151.792209823102411, -32.92148698835139 ], [ 151.794030076691314, -32.921324172779457 ], [ 151.796307347525754, -32.919001011616018 ], [ 151.798893088846398, -32.917582739275133 ], [ 151.798791037049369, -32.917220971326785 ], [ 151.798258850464691, -32.917035461894415 ], [ 151.79826494491445, -32.916584536499165 ], [ 151.802564988886786, -32.914912066295678 ], [ 151.803319513210766, -32.914468308028567 ], [ 151.803865039863325, -32.91366175754812 ], [ 151.804720406546295, -32.913669940145731 ], [ 151.805993769892098, -32.914403686067772 ], [ 151.806732540942363, -32.915132316664348 ], [ 151.806402088335318, -32.915850736855084 ], [ 151.806394824695758, -32.916391849000973 ], [ 151.806607462687424, -32.916484076380861 ], [ 151.806916134521259, -32.917388992366313 ], [ 151.80638150751841, -32.917383887809557 ], [ 151.806475116269809, -32.918376947588435 ], [ 151.807560106071691, -32.917214744059685 ], [ 151.808198031036198, -32.917491419374002 ], [ 151.807978134496693, -32.91794030694637 ], [ 151.808187151213559, -32.918303087892845 ], [ 151.807002488617002, -32.918923163927076 ], [ 151.806890720386406, -32.919282884553915 ], [ 151.80646300966805, -32.91927880079713 ], [ 151.806458166876155, -32.919639542043022 ], [ 151.806885879328973, -32.919643625855848 ], [ 151.806881038185168, -32.920004367136293 ], [ 151.8043925742694, -32.922145310206297 ], [ 151.804275938837435, -32.922865768754257 ], [ 151.804703666469237, -32.922869860387728 ], [ 151.805440070973361, -32.923778869447226 ], [ 151.805114422798823, -32.924136543483662 ], [ 151.804889643203211, -32.924946165161892 ], [ 151.804024460513091, -32.925659462425415 ], [ 151.803692730542309, -32.926468057990483 ], [ 151.80282509380956, -32.927361716393683 ], [ 151.802393699278099, -32.927628173022725 ], [ 151.801752074063501, -32.927622022382558 ], [ 151.801207655201722, -32.928338374456423 ], [ 151.800985261774031, -32.928967617527867 ], [ 151.800664444473625, -32.928964538893709 ], [ 151.800124878795316, -32.929320145857972 ], [ 151.800009415330209, -32.929950413654488 ], [ 151.798829416091991, -32.930209666540897 ], [ 151.798073514316457, -32.930743577881827 ], [ 151.798276420750199, -32.931557298780533 ], [ 151.798062536525492, -32.931555241670935 ], [ 151.797302956845442, -32.932359702363577 ], [ 151.798151182964745, -32.932909043064413 ], [ 151.797932415576923, -32.93326772499816 ], [ 151.797504638970878, -32.933263609046996 ], [ 151.797177702754482, -32.933711445134435 ], [ 151.794699627162316, -32.935040513902351 ], [ 151.794587787102103, -32.935400221001338 ], [ 151.795545416620115, -32.935770241699359 ], [ 151.795434801602909, -32.936039764865441 ], [ 151.795968316556383, -32.93613510353947 ], [ 151.796069153980284, -32.93658705767821 ], [ 151.795427465576012, -32.936580873085923 ], [ 151.795209900746841, -32.936849364894051 ], [ 151.794999673415532, -32.936576748194433 ], [ 151.794569434220506, -32.936752991178395 ], [ 151.794457591255792, -32.937112698002366 ], [ 151.793920399570311, -32.937287906716435 ], [ 151.793808553252489, -32.937647612852942 ], [ 151.793379531394521, -32.93773366691682 ], [ 151.793157057298032, -32.938362893305076 ], [ 151.793470559045772, -32.938907099618532 ], [ 151.791642583490955, -32.93961100543418 ], [ 151.790885330636854, -32.940235054152659 ], [ 151.790769785195721, -32.940865310488967 ], [ 151.790977554194939, -32.941318303026598 ], [ 151.790962824691888, -32.942400516724355 ], [ 151.79137837340889, -32.943306500822672 ], [ 151.790724359678336, -32.944202135421321 ], [ 151.790271965426058, -32.946001681686973 ], [ 151.789951087885242, -32.945998574135338 ], [ 151.788655278043279, -32.94688797900735 ], [ 151.788531095172232, -32.948149522206975 ], [ 151.787991363576339, -32.94850507187536 ], [ 151.787443008037059, -32.949491908851734 ], [ 151.786588534241304, -32.949393415848128 ], [ 151.78638077031971, -32.948940416664378 ], [ 151.784997660405423, -32.948385795230308 ], [ 151.784991491192983, -32.948836716118173 ], [ 151.785307444230597, -32.949200573372401 ], [ 151.783565155475202, -32.951438523462329 ], [ 151.784310209872444, -32.951716364796944 ], [ 151.784833931620796, -32.952533225626055 ], [ 151.786118766966979, -32.952455521478306 ], [ 151.786860141844386, -32.953003900454945 ], [ 151.786424876309297, -32.953540849357708 ], [ 151.78652198414261, -32.954263361747188 ], [ 151.785760867896386, -32.955157926585571 ], [ 151.786926448811869, -32.955981016448291 ], [ 151.784425366606058, -32.958933171614184 ], [ 151.784635611587589, -32.959205805631015 ], [ 151.784192890068482, -32.960283849155545 ], [ 151.783220215284217, -32.960995945166751 ], [ 151.783317303121123, -32.961718458787047 ], [ 151.78396040579662, -32.9616345258137 ], [ 151.783736564301392, -32.96235391406416 ], [ 151.784798942655925, -32.962905430930682 ], [ 151.785432180181431, -32.963542962364187 ], [ 151.785862568057382, -32.963366755025412 ], [ 151.786395001549266, -32.963552321755166 ], [ 151.787684923098197, -32.963113869129579 ], [ 151.788430088007601, -32.963391687950988 ], [ 151.789400289132118, -32.962859919507451 ], [ 151.789513418175346, -32.962410035759639 ], [ 151.790157750306207, -32.962235886714005 ], [ 151.790484831047905, -32.961788074249156 ], [ 151.790279478222487, -32.961154712951426 ], [ 151.790824193497201, -32.960438418872968 ], [ 151.791146351470616, -32.960351341169904 ], [ 151.791154948363214, -32.95972005164311 ], [ 151.790415949040522, -32.958991328410541 ], [ 151.792238203022663, -32.958738373515928 ], [ 151.792985799202995, -32.95883579624806 ], [ 151.792875145479542, -32.959105315330127 ], [ 151.691265676174339, -33.087510124341328 ], [ 151.671602894867277, -33.133931569500213 ], [ 151.666944471880498, -33.144253868714401 ], [ 151.661596476217454, -33.157544873300267 ], [ 151.652380721255923, -33.178189466153306 ], [ 151.644363971883848, -33.197313073565972 ], [ 151.64425393462713, -33.197492256288356 ], [ 151.637496707891103, -33.197418456917191 ], [ 151.63727733614968, -33.211575967708775 ], [ 151.637062786906853, -33.211573617606355 ], [ 151.637167265770898, -33.211755142935331 ], [ 151.637271745056012, -33.211936668182467 ], [ 151.636949919881744, -33.211933142842042 ], [ 151.636938734756626, -33.212654543627799 ], [ 151.636616906999507, -33.212651017359057 ], [ 151.636827263976784, -33.21292389355748 ], [ 151.636714394061414, -33.213283418434294 ], [ 151.636607117378873, -33.213282242890841 ], [ 151.636498442050481, -33.21337124232145 ], [ 151.63660432028837, -33.213462593030521 ], [ 151.636711597190811, -33.21346376858201 ], [ 151.636704604905219, -33.213914643927495 ], [ 151.636269899433671, -33.214270641274226 ], [ 151.636382772567231, -33.213911116935485 ], [ 151.636169616725738, -33.213818590098931 ], [ 151.636171015738881, -33.213728415051271 ], [ 151.636388367727676, -33.213550416709992 ], [ 151.63606653676527, -33.213546888934125 ], [ 151.636063738537729, -33.213727239025502 ], [ 151.63606094028529, -33.213907589111436 ], [ 151.635843586744585, -33.214085586830912 ], [ 151.635732110669778, -33.214354935586094 ], [ 151.635622033504376, -33.214534109197153 ], [ 151.635833791037868, -33.214716812013485 ], [ 151.635513355615672, -33.214623107684297 ], [ 151.635723713596406, -33.214895985698071 ], [ 151.635293199236884, -33.214981454350067 ], [ 151.635397678187275, -33.215162981078826 ], [ 151.635393478520598, -33.215433506068038 ], [ 151.626489322300841, -33.215335521264592 ], [ 151.626207391579015, -33.233370425976446 ], [ 151.615477349661376, -33.23325144484442 ], [ 151.615192965361729, -33.25128621381257 ], [ 151.604460784531796, -33.251166225666488 ], [ 151.604317395495002, -33.260183548744429 ], [ 151.593584176700688, -33.260062593585445 ], [ 151.593295001830001, -33.278097116237355 ], [ 151.582559642348002, -33.277975151840678 ], [ 151.582268002734224, -33.296009536630216 ], [ 151.571530501199675, -33.295886561717033 ], [ 151.571236392750137, -33.313920807928135 ], [ 151.560496747797941, -33.313796821219022 ], [ 151.5604493125266, -33.316682282006191 ], [ 151.560340430301949, -33.316771207940249 ], [ 151.560233030545078, -33.316769963154513 ], [ 151.560338947723665, -33.31686137856164 ], [ 151.560337465138815, -33.31695154918166 ], [ 151.560444865123316, -33.316952793883097 ], [ 151.560431522556939, -33.31776432943991 ], [ 151.560324121577821, -33.317763084700282 ], [ 151.560107836767514, -33.31785076554047 ], [ 151.560212272301271, -33.31803235167002 ], [ 151.559893034634513, -33.317848275403115 ], [ 151.559781183927868, -33.318117541942343 ], [ 151.559561930798822, -33.318385562932022 ], [ 151.55977673421836, -33.31838805367714 ], [ 151.559666365778241, -33.318567149492168 ], [ 151.559664882404803, -33.318657320060709 ], [ 151.559773767712358, -33.318568394826812 ], [ 151.559881169653067, -33.318569640068652 ], [ 151.559882652798876, -33.318479469490264 ], [ 151.559990054635676, -33.318480714635058 ], [ 151.5599885716004, -33.318570885217703 ], [ 151.560309294771685, -33.318664790702002 ], [ 151.560091524740415, -33.318842642026389 ], [ 151.560306329331212, -33.318845131885915 ], [ 151.560410766390675, -33.319026717863395 ], [ 151.560200166415399, -33.331830928134735 ], [ 151.553755084614636, -33.331756039683874 ], [ 151.554190714981189, -33.331400361997837 ], [ 151.553977370115405, -33.331307690579251 ], [ 151.554192204711768, -33.331310191832237 ], [ 151.554090746708539, -33.330948260593154 ], [ 151.554302601239982, -33.331131101975643 ], [ 151.554308559600514, -33.330770421271552 ], [ 151.554630809574178, -33.330774172099417 ], [ 151.554632298815989, -33.330684001907194 ], [ 151.554417465714721, -33.33068150145666 ], [ 151.554418955171059, -33.330591331271577 ], [ 151.554204122317486, -33.33058883045819 ], [ 151.554095216112586, -33.330677750084497 ], [ 151.55364766678673, -33.331754788711088 ], [ 151.549458376680178, -33.331705928349692 ], [ 151.549322338124028, -33.339911390087885 ], [ 151.549217901168674, -33.339729795324004 ], [ 151.548780712667082, -33.340175623249401 ], [ 151.548356985940302, -33.339809921251401 ], [ 151.548248062148247, -33.339898835148553 ], [ 151.5481391381349, -33.339987748942875 ], [ 151.548031710469985, -33.339986492840957 ], [ 151.54803021390029, -33.340076662634402 ], [ 151.548137641675851, -33.340077918740604 ], [ 151.548459925042437, -33.340081686501946 ], [ 151.548885149197332, -33.340357218358243 ], [ 151.54834800849352, -33.34035094008501 ], [ 151.548561368711887, -33.340443621482301 ], [ 151.548665805078201, -33.340625216764401 ], [ 151.548339030806886, -33.340891958869271 ], [ 151.548333045549185, -33.341252638031364 ], [ 151.5482330984307, -33.340800533120643 ], [ 151.548125669763436, -33.340799277073067 ], [ 151.548121180186314, -33.341069786425123 ], [ 151.54822262343194, -33.341431721619543 ], [ 151.548116690549222, -33.341340295764844 ], [ 151.548007764555109, -33.34142920937159 ], [ 151.54778991190301, -33.341607036276635 ], [ 151.547895844745767, -33.34169846240588 ], [ 151.547894347938808, -33.341788632168992 ], [ 151.547679488216829, -33.341786119329491 ], [ 151.547891354304852, -33.341968971691124 ], [ 151.547892851125169, -33.341878801930747 ], [ 151.548000281106795, -33.341880058215452 ], [ 151.547998784397123, -33.341970227980106 ], [ 151.547997287680829, -33.342060397743388 ], [ 151.547889857477912, -33.342059141450122 ], [ 151.547888360644265, -33.342149311207784 ], [ 151.547885366957019, -33.342329650718924 ], [ 151.54767050590732, -33.342327137828036 ], [ 151.547883870103391, -33.34241982047245 ], [ 151.547882373243084, -33.342509990224606 ], [ 151.547988307242917, -33.342601416294343 ], [ 151.548206162059898, -33.342423589124984 ], [ 151.548094241464042, -33.342692842278403 ], [ 151.548201672454837, -33.342694098415862 ], [ 151.548416534456379, -33.342696610412133 ], [ 151.54841503812932, -33.342786780181584 ], [ 151.548729851438054, -33.343241396383014 ], [ 151.548619427451939, -33.34342048022252 ], [ 151.548403067273028, -33.343508138287795 ], [ 151.54829413877539, -33.343597052050413 ], [ 151.548291145760061, -33.343777391551967 ], [ 151.54818371343481, -33.343776135456011 ], [ 151.547968848804317, -33.343773622985452 ], [ 151.547967351954696, -33.343863792721329 ], [ 151.548074784377263, -33.343865049007341 ], [ 151.548073287631638, -33.343955218746117 ], [ 151.547965855098397, -33.343953962455835 ], [ 151.547859919538809, -33.343862536342428 ], [ 151.547752487129571, -33.34386127987063 ], [ 151.547753984200483, -33.343771110143315 ], [ 151.547755481264772, -33.343680940414643 ], [ 151.547646551908599, -33.343769853582906 ], [ 151.547533130414365, -33.344129275796362 ], [ 151.546997464740599, -33.344032821357644 ], [ 151.546995966875102, -33.344122991050867 ], [ 151.547207836962372, -33.3443058446272 ], [ 151.547531633095474, -33.344219445509644 ], [ 151.547639065933993, -33.344220702184359 ], [ 151.547743504563954, -33.344402298205701 ], [ 151.548167250156723, -33.344768002569431 ], [ 151.547832973113799, -33.34548559127667 ], [ 151.547829978933237, -33.345665930686394 ], [ 151.547506177653787, -33.345752330425356 ], [ 151.547718052658013, -33.345935183220426 ], [ 151.547282322172691, -33.346290834711191 ], [ 151.547389757543044, -33.346292091670207 ], [ 151.547388259953436, -33.346382261346278 ], [ 151.547280824472381, -33.346381004382984 ], [ 151.547279326765448, -33.346471174053413 ], [ 151.547386762357149, -33.346472431020992 ], [ 151.547170393356112, -33.346560086657696 ], [ 151.547167397687531, -33.346740425983135 ], [ 151.547270340383676, -33.347012192047153 ], [ 151.546045069141229, -33.349613277229835 ], [ 151.538415382379071, -33.349613881110656 ], [ 151.538113842820451, -33.367647707281442 ], [ 151.527367759422418, -33.367520677502057 ], [ 151.527215780859876, -33.376537526727773 ], [ 151.516468657097079, -33.376409523633406 ], [ 151.516430374799029, -33.378663722893982 ], [ 151.516319838144454, -33.378842773952023 ], [ 151.51632290113406, -33.378662438057027 ], [ 151.516216959071357, -33.378570985181859 ], [ 151.516210832648795, -33.378931656954357 ], [ 151.516111017230344, -33.378479532221093 ], [ 151.516112548922962, -33.378389364277545 ], [ 151.516005075610991, -33.378388079174684 ], [ 151.515573650184564, -33.378473105754821 ], [ 151.515575182431348, -33.378382937833152 ], [ 151.515469241504292, -33.378291484346597 ], [ 151.515257360315218, -33.378108577116613 ], [ 151.514934941561023, -33.378104719336228 ], [ 151.515152952709172, -33.377926955462158 ], [ 151.514832067622194, -33.377832929529788 ], [ 151.514836666526293, -33.377562425823797 ], [ 151.514621722067972, -33.377559853371729 ], [ 151.514623255244004, -33.377469685475738 ], [ 151.51451578313592, -33.377468399114584 ], [ 151.514403710821028, -33.377737616317958 ], [ 151.514296238394081, -33.377736329757646 ], [ 151.513761944507706, -33.377549559843246 ], [ 151.513757342278609, -33.377820063417772 ], [ 151.513324383258862, -33.377995250043199 ], [ 151.513216910567735, -33.377993962539669 ], [ 151.513215375909851, -33.378084130370425 ], [ 151.513322848711823, -33.378085417878346 ], [ 151.513104833556838, -33.378263178418109 ], [ 151.512997360546876, -33.378261890715414 ], [ 151.512995825646868, -33.378352058533281 ], [ 151.512994290739982, -33.378442226349762 ], [ 151.513092555051998, -33.378984520957609 ], [ 151.512985081155335, -33.37898323321982 ], [ 151.512877607265494, -33.378981945389008 ], [ 151.512880677376074, -33.378801609779941 ], [ 151.512770133382503, -33.378980657465206 ], [ 151.512559791790153, -33.378707577962352 ], [ 151.512556721028233, -33.378887913547864 ], [ 151.512237371220749, -33.378703713114284 ], [ 151.512129897711276, -33.378702424645574 ], [ 151.511919558799548, -33.37842934411956 ], [ 151.512134505132934, -33.378431921309669 ], [ 151.512136040926464, -33.378341753528282 ], [ 151.512137576713172, -33.378251585745517 ], [ 151.512355593740153, -33.37807382695884 ], [ 151.512033175539301, -33.378069961644883 ], [ 151.512037783149879, -33.377799458293268 ], [ 151.511822838381846, -33.377796880978593 ], [ 151.51171997455458, -33.377525088857276 ], [ 151.511506566882701, -33.377432343242127 ], [ 151.511293159674665, -33.377339597271138 ], [ 151.51162479256314, -33.376802457756639 ], [ 151.511626328787713, -33.37671228997246 ], [ 151.511306988811469, -33.376528087356803 ], [ 151.511308525348028, -33.376437919581669 ], [ 151.511202591311417, -33.376346462613547 ], [ 151.511417532450849, -33.376349040903776 ], [ 151.511525003030869, -33.376350329909378 ], [ 151.511528075626444, -33.376169994334688 ], [ 151.511635545991624, -33.376171283238513 ], [ 151.511637082168335, -33.376081115444713 ], [ 151.511529611913971, -33.376079826545279 ], [ 151.511537293249035, -33.375628987577606 ], [ 151.511861238284354, -33.375542686120248 ], [ 151.51175991271225, -33.375180726193655 ], [ 151.511867381872094, -33.375182014863192 ], [ 151.51186891775194, -33.375091847045503 ], [ 151.511762984686726, -33.375000390565653 ], [ 151.511764520663718, -33.374910222749591 ], [ 151.512200538080748, -33.37455470546891 ], [ 151.511988672713784, -33.374371792991461 ], [ 151.512205144558806, -33.374284201943347 ], [ 151.512314148006055, -33.374195322348008 ], [ 151.512530619102762, -33.374107730708452 ], [ 151.512424686475384, -33.374016274793405 ], [ 151.512639622002752, -33.37401885080947 ], [ 151.51264115701801, -33.373928682943195 ], [ 151.512426221712246, -33.373926106935905 ], [ 151.512318754069639, -33.373924818792773 ], [ 151.512323360071719, -33.37365431522516 ], [ 151.512430827381905, -33.373655603355125 ], [ 151.512432362591426, -33.373565435492118 ], [ 151.512004029480835, -33.373470114585025 ], [ 151.512223569855763, -33.373202187717304 ], [ 151.512335642443048, -33.37293297231772 ], [ 151.512232782135044, -33.372661180530066 ], [ 151.512123780583806, -33.372750060125981 ], [ 151.512011707607968, -33.373019275330257 ], [ 151.511907312525381, -33.372837651156324 ], [ 151.511908848227421, -33.372747483302888 ], [ 151.512016314402189, -33.372748771760918 ], [ 151.512017849986592, -33.372658603901726 ], [ 151.51191038392264, -33.372657315448073 ], [ 151.511804453664638, -33.372565859049637 ], [ 151.511696987725145, -33.372564570414397 ], [ 151.51158798577174, -33.372653449529182 ], [ 151.511690844044239, -33.372925241795762 ], [ 151.511581841620256, -33.373014120887497 ], [ 151.511365372390827, -33.373101710935551 ], [ 151.51115043924375, -33.373099132775479 ], [ 151.511042972680485, -33.373097843555975 ], [ 151.510507177129767, -33.373001228271335 ], [ 151.510824965892681, -33.373275600444657 ], [ 151.510392024280691, -33.373450777423699 ], [ 151.510395098876302, -33.373270441857649 ], [ 151.510287632139296, -33.373269151978434 ], [ 151.510284557322109, -33.373449487535687 ], [ 151.510283019903227, -33.373539655312257 ], [ 151.51017555284065, -33.373538365326866 ], [ 151.510071161059045, -33.373356739711546 ], [ 151.509966769700156, -33.373175114015318 ], [ 151.50974876059783, -33.373352868944806 ], [ 151.509638217630538, -33.373531914005021 ], [ 151.509854689556136, -33.373444327053747 ], [ 151.509962156487347, -33.373445617313713 ], [ 151.509960618736073, -33.373535785077088 ], [ 151.509853151694017, -33.373534494812723 ], [ 151.509527674199461, -33.373710958949154 ], [ 151.509523059533649, -33.373981462170057 ], [ 151.509087034543455, -33.374336969850475 ], [ 151.474409687935037, -33.427305230379147 ], [ 151.474306889693821, -33.427033410967113 ], [ 151.473554171786759, -33.42702414807836 ], [ 151.473127205331764, -33.426838522040526 ], [ 151.473351739279735, -33.426300176960041 ], [ 151.473144573327488, -33.425846701943911 ], [ 151.472281176959314, -33.426016438549098 ], [ 151.472273278007378, -33.426467265692352 ], [ 151.472690764346083, -33.427193887196559 ], [ 151.47301177910046, -33.427288025273306 ], [ 151.473106678422084, -33.428010672848707 ], [ 151.473644340004682, -33.42801729177495 ], [ 151.473864139438433, -33.427749442278937 ], [ 151.474077625460865, -33.42784225427927 ], [ 151.470543275108469, -33.43311961758824 ], [ 151.470109956388654, -33.43329464164065 ], [ 151.47021274799647, -33.433566464105745 ], [ 151.469890131012988, -33.433562483524277 ], [ 151.46839567552837, -33.43291274024569 ], [ 151.468179014898169, -33.433000248670716 ], [ 151.467540126142069, -33.432631615675099 ], [ 151.467106804281912, -33.432806629140927 ], [ 151.466877456414267, -33.433615456078016 ], [ 151.465457228999668, -33.434860473567973 ], [ 151.465027067609782, -33.434855149265459 ], [ 151.464280639721665, -33.434485168274684 ], [ 151.463741351500488, -33.434568672575956 ], [ 151.463401247408939, -33.435556489240192 ], [ 151.462317883314739, -33.435993981964202 ], [ 151.462200796874896, -33.436533637410342 ], [ 151.461438451456047, -33.437065287630091 ], [ 151.461204262750414, -33.438144596090162 ], [ 151.460555812430158, -33.438316915777754 ], [ 151.460538292991828, -33.439308728025999 ], [ 151.460100144758997, -33.439754209641883 ], [ 151.460305679063424, -33.440297869200094 ], [ 151.460846598102364, -33.44012421628468 ], [ 151.461148539945299, -33.441300362805549 ], [ 151.461785870829942, -33.441759194048316 ], [ 151.461882279116963, -33.44239168163049 ], [ 151.461659221431262, -33.442839836647366 ], [ 151.460681714848562, -33.443368810873061 ], [ 151.460330385261102, -33.444987768405468 ], [ 151.459784653129049, -33.445431911913467 ], [ 151.460100938333625, -33.445796578558273 ], [ 151.459975853947924, -33.446787053382508 ], [ 151.459434891413565, -33.446960701085253 ], [ 151.459741616199324, -33.447866356180612 ], [ 151.460167059870855, -33.448142194440734 ], [ 151.460266648660877, -33.448594353331266 ], [ 151.442899878837466, -33.475252246557368 ], [ 151.441353262238607, -33.477487395689209 ], [ 151.441470542575615, -33.476947768689541 ], [ 151.440829842240788, -33.476669157854978 ], [ 151.440964891599549, -33.475137734195492 ], [ 151.440020833781887, -33.473773098102377 ], [ 151.440568462234268, -33.473238888225325 ], [ 151.439950416397409, -33.471697986095613 ], [ 151.439288742307752, -33.472591492093947 ], [ 151.439279041785369, -33.473132472167649 ], [ 151.437525289632617, -33.474914046123516 ], [ 151.43678512667114, -33.474183242392563 ], [ 151.435159967882043, -33.474794016648794 ] ], [ [ 151.506458336048496, -33.32686727597396 ], [ 151.506456797404354, -33.326957444270462 ], [ 151.506564207067981, -33.326958735888404 ], [ 151.506565745601591, -33.326868567587503 ], [ 151.506458336048496, -33.32686727597396 ] ], [ [ 151.507636766646215, -33.327061815306024 ], [ 151.507744176495748, -33.327063105907278 ], [ 151.5077457138201, -33.32697293755934 ], [ 151.507638304081155, -33.326971646962484 ], [ 151.507636766646215, -33.327061815306024 ] ], [ [ 151.507851586352103, -33.327064396415714 ], [ 151.507957459105228, -33.327155855186703 ], [ 151.508064869085871, -33.327157145513873 ], [ 151.507960533318595, -33.326975518474583 ], [ 151.507851586352103, -33.327064396415714 ] ], [ [ 151.510434028618818, -33.326824835392351 ], [ 151.510541438314533, -33.326826123566924 ], [ 151.510542972743991, -33.326735955100588 ], [ 151.510435563158836, -33.326734666930406 ], [ 151.510434028618818, -33.326824835392351 ] ], [ [ 151.511521926547886, -33.326026196358917 ], [ 151.511414517785653, -33.326024909059264 ], [ 151.511412984295248, -33.326115077571707 ], [ 151.511520393168041, -33.326116364875737 ], [ 151.511521926547886, -33.326026196358917 ] ], [ [ 151.511411450798022, -33.326205246082765 ], [ 151.51130250820691, -33.326294127186827 ], [ 151.511195099126667, -33.326292839688378 ], [ 151.511193565394677, -33.326383008187918 ], [ 151.511300974585453, -33.326384295690765 ], [ 151.511076953012036, -33.326922731534324 ], [ 151.51151272616633, -33.326567207439268 ], [ 151.511517326387832, -33.326296701905278 ], [ 151.511518859781347, -33.326206533391186 ], [ 151.511411450798022, -33.326205246082765 ] ], [ [ 151.512155650105399, -33.32666509798068 ], [ 151.512158715613594, -33.326484760909473 ], [ 151.512051306257632, -33.326483474144844 ], [ 151.512049773396399, -33.326573642676742 ], [ 151.512155650105399, -33.32666509798068 ] ], [ [ 151.512487073330249, -33.326127946434923 ], [ 151.512490138093256, -33.325947609320934 ], [ 151.512382729380136, -33.325946322861093 ], [ 151.512379664396036, -33.32612665996632 ], [ 151.512487073330249, -33.326127946434923 ] ], [ [ 151.512597546813197, -33.325948895687958 ], [ 151.512599079073908, -33.325858727124512 ], [ 151.512491670464527, -33.325857440761887 ], [ 151.512490138093256, -33.325947609320934 ], [ 151.512597546813197, -33.325948895687958 ] ], [ [ 151.512706487690139, -33.325860013394319 ], [ 151.512708019833497, -33.325769844825125 ], [ 151.512600611327827, -33.325768558559702 ], [ 151.512599079073908, -33.325858727124512 ], [ 151.512706487690139, -33.325860013394319 ] ], [ [ 151.512493202828949, -33.325767272201446 ], [ 151.51238579433695, -33.325765985750394 ], [ 151.512384261861968, -33.325856154306422 ], [ 151.512491670464527, -33.325857440761887 ], [ 151.512493202828949, -33.325767272201446 ] ], [ [ 151.512820024403425, -33.325500625268752 ], [ 151.512927432591084, -33.325501911335373 ], [ 151.512821556408937, -33.325410456689667 ], [ 151.512820024403425, -33.325500625268752 ] ], [ [ 151.512712616222586, -33.325499339109307 ], [ 151.512709551970005, -33.325679676254559 ], [ 151.512816960371964, -33.325680962422766 ], [ 151.512820024403425, -33.325500625268752 ], [ 151.512712616222586, -33.325499339109307 ] ], [ [ 151.516433267544187, -33.321485422536881 ], [ 151.516537615080807, -33.321667042918911 ], [ 151.516646546590863, -33.321578156850158 ], [ 151.51664807442782, -33.321487988057427 ], [ 151.516433267544187, -33.321485422536881 ] ], [ [ 151.516878157123642, -33.320588865116456 ], [ 151.516985559484056, -33.320590147508177 ], [ 151.516987086914583, -33.320499978687231 ], [ 151.51687968466473, -33.320498696299886 ], [ 151.516878157123642, -33.320588865116456 ] ], [ [ 151.518321694412975, -33.317810293256713 ], [ 151.518429093435827, -33.317811574306575 ], [ 151.518430619218975, -33.317721405386273 ], [ 151.518323220306598, -33.317720124340774 ], [ 151.518321694412975, -33.317810293256713 ] ], [ [ 151.52184218610617, -33.312891940732491 ], [ 151.521840664114791, -33.312982109862141 ], [ 151.521946535500518, -33.313073556839861 ], [ 151.522056972438861, -33.312894496321178 ], [ 151.52184218610617, -33.312891940732491 ] ], [ [ 151.521945013606029, -33.313163725971116 ], [ 151.522052407107225, -33.313165003732131 ], [ 151.522053928891211, -33.313074834596527 ], [ 151.521946535500518, -33.313073556839861 ], [ 151.521945013606029, -33.313163725971116 ] ], [ [ 151.521908486105161, -33.315327784709616 ], [ 151.521906964041221, -33.315417953806566 ], [ 151.52201436030461, -33.315419231676508 ], [ 151.522015882258017, -33.315329062575188 ], [ 151.521908486105161, -33.315327784709616 ] ], [ [ 151.522331984228771, -33.315693572064482 ], [ 151.522439380850699, -33.315694849576339 ], [ 151.522440902382499, -33.315604680461718 ], [ 151.522333505871046, -33.31560340295421 ], [ 151.522331984228771, -33.315693572064482 ] ], [ [ 151.523204843975151, -33.314892267205948 ], [ 151.523203323270991, -33.314982436362016 ], [ 151.523310719063176, -33.31498371309673 ], [ 151.523312239656832, -33.314893543936314 ], [ 151.523204843975151, -33.314892267205948 ] ], [ [ 151.523309198462755, -33.315073882255788 ], [ 151.523416594372208, -33.315075158902062 ], [ 151.523418114862125, -33.314984989738662 ], [ 151.523310719063176, -33.31498371309673 ], [ 151.523309198462755, -33.315073882255788 ] ], [ [ 151.534577996014974, -33.309254959293888 ], [ 151.534683876772533, -33.309346395708587 ], [ 151.534907705597789, -33.308807910568113 ], [ 151.534582521991808, -33.308984450188191 ], [ 151.534577996014974, -33.309254959293888 ] ], [ [ 151.534361708502871, -33.309342595283653 ], [ 151.534574978663471, -33.309435298690836 ], [ 151.534577996014974, -33.309254959293888 ], [ 151.534361708502871, -33.309342595283653 ] ], [ [ 151.534464571530492, -33.30961437126102 ], [ 151.534463062720761, -33.309704540950356 ], [ 151.534570452585854, -33.309705807775948 ], [ 151.53457196128511, -33.309615638082285 ], [ 151.534574978663471, -33.309435298690836 ], [ 151.534464571530492, -33.30961437126102 ] ], [ [ 151.53858751334235, -33.307137688803927 ], [ 151.538803791379394, -33.307050045160352 ], [ 151.538699413160884, -33.306868442283239 ], [ 151.53858751334235, -33.307137688803927 ] ], [ [ 151.539460140430151, -33.306336262213257 ], [ 151.539569029769865, -33.306247354663718 ], [ 151.539461643904019, -33.306246092273447 ], [ 151.539460140430151, -33.306336262213257 ] ], [ [ 151.539668899310556, -33.306699466689601 ], [ 151.539777788911351, -33.306610558968629 ], [ 151.539671905863372, -33.306519126802371 ], [ 151.539668899310556, -33.306699466689601 ] ], [ [ 151.540857660682178, -33.306262496111735 ], [ 151.540860664738233, -33.30608215611614 ], [ 151.540541512274444, -33.305898032056909 ], [ 151.540857660682178, -33.306262496111735 ] ], [ [ 151.54085615864409, -33.306352666107486 ], [ 151.54063988427194, -33.30644031343757 ], [ 151.540744266101825, -33.306621914792117 ], [ 151.540313217999852, -33.306707038655802 ], [ 151.540738257360601, -33.306982594727735 ], [ 151.541179818560778, -33.306266279386662 ], [ 151.540857660682178, -33.306262496111735 ], [ 151.54085615864409, -33.306352666107486 ] ], [ [ 151.545746918815809, -33.302892689382965 ], [ 151.545854300872463, -33.302893946230341 ], [ 151.545748415623677, -33.30280251914057 ], [ 151.545746918815809, -33.302892689382965 ] ], [ [ 151.556247706194512, -33.297874442127551 ], [ 151.556462459015421, -33.297876937251267 ], [ 151.556463944513524, -33.297786766508061 ], [ 151.556249191913452, -33.29778427139285 ], [ 151.556247706194512, -33.297874442127551 ] ], [ [ 151.555922604892714, -33.29805104018623 ], [ 151.555915174476638, -33.29850189376166 ], [ 151.556883054258776, -33.298422950918486 ], [ 151.556994886305489, -33.298153685722951 ], [ 151.556677211862791, -33.297879432004052 ], [ 151.556566864640558, -33.298058526164816 ], [ 151.556247706194512, -33.297874442127551 ], [ 151.555922604892714, -33.29805104018623 ] ], [ [ 151.557844996133042, -33.298704683638832 ], [ 151.557955341650256, -33.298525588312131 ], [ 151.557847964371092, -33.298524342065129 ], [ 151.557739102872404, -33.298613266508681 ], [ 151.557844996133042, -33.298704683638832 ] ], [ [ 151.558932118356779, -33.297905604513637 ], [ 151.559038012074183, -33.297997020647415 ], [ 151.559040977777585, -33.297816678958348 ], [ 151.558933601315573, -33.297815433672675 ], [ 151.558932118356779, -33.297905604513637 ] ], [ [ 151.56053684235917, -33.298284957730623 ], [ 151.560535361023454, -33.2983751286284 ], [ 151.560533879681117, -33.298465299524835 ], [ 151.560641257014964, -33.298466543449244 ], [ 151.560642738246912, -33.298376372548567 ], [ 151.560644219472209, -33.298286201646533 ], [ 151.56053684235917, -33.298284957730623 ] ], [ [ 151.560426502353863, -33.298464055507715 ], [ 151.560425020894542, -33.298554226398522 ], [ 151.560532398332214, -33.298555470419899 ], [ 151.560533879681117, -33.298465299524835 ], [ 151.560426502353863, -33.298464055507715 ] ], [ [ 151.562181530559116, -33.296229674242511 ], [ 151.56218301008056, -33.29613950324827 ], [ 151.562075635524877, -33.29613826073232 ], [ 151.562074155893015, -33.296228431722334 ], [ 151.562181530559116, -33.296229674242511 ] ], [ [ 151.561337337164247, -33.295318021819796 ], [ 151.561229963654824, -33.295316778600203 ], [ 151.560897477519717, -33.295944245046172 ], [ 151.561109264820089, -33.296127073916153 ], [ 151.561337337164247, -33.295318021819796 ] ], [ [ 151.550765552751216, -33.298171373202123 ], [ 151.550656684754131, -33.298260291260966 ], [ 151.550978814617309, -33.298264048337536 ], [ 151.550874420527521, -33.298082455040642 ], [ 151.550767044127298, -33.298081202690319 ], [ 151.550765552751216, -33.298171373202123 ] ], [ [ 151.555017179624343, -33.294342805920323 ], [ 151.554803922605828, -33.294250137803822 ], [ 151.554908320706147, -33.294431728004071 ], [ 151.555017179624343, -33.294342805920323 ] ], [ [ 151.555382400198994, -33.291731599007292 ], [ 151.555489769040236, -33.291732847160603 ], [ 151.555491255192209, -33.291642676366855 ], [ 151.555383886461357, -33.291641428217808 ], [ 151.555382400198994, -33.291731599007292 ] ], [ [ 151.555264626569965, -33.292361546219567 ], [ 151.555260167273048, -33.292632058538302 ], [ 151.555704506742529, -33.291735343189075 ], [ 151.555705992673779, -33.291645172386829 ], [ 151.555598623929683, -33.291643924423191 ], [ 151.555489769040236, -33.291732847160603 ], [ 151.555264626569965, -33.292361546219567 ] ], [ [ 151.555813361424498, -33.291646420257742 ], [ 151.555814847238764, -33.291556249449869 ], [ 151.55581633304638, -33.29146607864061 ], [ 151.555708964516413, -33.291464830778203 ], [ 151.555707478598407, -33.291555001583198 ], [ 151.555705992673779, -33.291645172386829 ], [ 151.555813361424498, -33.291646420257742 ] ], [ [ 151.556796013145032, -33.290665767540879 ], [ 151.55668864554886, -33.290664520551132 ], [ 151.556687160683708, -33.290754691406754 ], [ 151.556793043628858, -33.290846109259249 ], [ 151.556796013145032, -33.290665767540879 ] ], [ [ 151.556545636721239, -33.292827373523416 ], [ 151.556438266489351, -33.292826126246176 ], [ 151.556436781244713, -33.29291629706043 ], [ 151.556544151586991, -33.29291754434194 ], [ 151.556545636721239, -33.292827373523416 ] ], [ [ 151.555661411857557, -33.294350295859068 ], [ 151.555554039802161, -33.294349047767739 ], [ 151.555552553561967, -33.294439218524666 ], [ 151.555659925727781, -33.294440466620252 ], [ 151.555661411857557, -33.294350295859068 ] ], [ [ 151.556854383990327, -33.293642652230986 ], [ 151.556961755242042, -33.29364389917567 ], [ 151.556963239987738, -33.293553728351114 ], [ 151.556855868846355, -33.293552481410678 ], [ 151.556854383990327, -33.293642652230986 ] ], [ [ 151.557388271687103, -33.29382922770624 ], [ 151.557386787363129, -33.293919398543693 ], [ 151.557603014704853, -33.293831720592699 ], [ 151.557604498801425, -33.293741549745363 ], [ 151.557388271687103, -33.29382922770624 ] ], [ [ 151.557707418231388, -33.294013308595929 ], [ 151.557814789977556, -33.29401455481586 ], [ 151.557816273866592, -33.293924383962768 ], [ 151.557710386223619, -33.293832966896858 ], [ 151.557707418231388, -33.294013308595929 ] ], [ [ 151.558350165463793, -33.294110955397777 ], [ 151.558457537359999, -33.294112201065658 ], [ 151.55835164880753, -33.29402078452479 ], [ 151.558350165463793, -33.294110955397777 ] ], [ [ 151.558135421691219, -33.294108463783864 ], [ 151.558028049814851, -33.294107217837826 ], [ 151.55802656613335, -33.294197388696688 ], [ 151.558133938120108, -33.294198634646968 ], [ 151.558239826646144, -33.294290051370517 ], [ 151.558347198756508, -33.294291297139615 ], [ 151.558350165463793, -33.294110955397777 ], [ 151.558135421691219, -33.294108463783864 ] ], [ [ 151.55834571539296, -33.294381468008496 ], [ 151.558023598750538, -33.294377730410311 ], [ 151.55812800376961, -33.294559318085724 ], [ 151.558233892710774, -33.294650734820806 ], [ 151.55834571539296, -33.294381468008496 ] ], [ [ 151.557804402569218, -33.294645750749225 ], [ 151.55770148216763, -33.294373991977629 ], [ 151.557808854355301, -33.29437523821457 ], [ 151.557811822179644, -33.294194896517958 ], [ 151.557595594122745, -33.29428257480884 ], [ 151.557271993482885, -33.29436900610267 ], [ 151.557591141694189, -33.2945530873221 ], [ 151.557589657538102, -33.294643258157123 ], [ 151.557588173375422, -33.294733428990767 ], [ 151.557371943759875, -33.29482110684306 ], [ 151.557370459363199, -33.294911277665463 ], [ 151.55758223665859, -33.295094112311666 ], [ 151.55812800376961, -33.294559318085724 ], [ 151.557804402569218, -33.294645750749225 ] ], [ [ 151.557920677945077, -33.29410597179907 ], [ 151.557813306081925, -33.294104725667601 ], [ 151.557811822179644, -33.294194896517958 ], [ 151.557920677945077, -33.29410597179907 ] ], [ [ 151.559082494851452, -33.295291894736522 ], [ 151.559297241612967, -33.295294384791895 ], [ 151.559191350775393, -33.295202968921402 ], [ 151.559082494851452, -33.295291894736522 ] ], [ [ 151.560812316623412, -33.294590437133735 ], [ 151.560919689223368, -33.294591680690289 ], [ 151.560921169950831, -33.294501509722288 ], [ 151.560813797461293, -33.294500266169969 ], [ 151.560812316623412, -33.294590437133735 ] ], [ [ 151.561693496237069, -33.293247817880975 ], [ 151.561800867234012, -33.293249060632192 ], [ 151.561802346979533, -33.293158889609728 ], [ 151.56169497609298, -33.29315764686276 ], [ 151.561693496237069, -33.293247817880975 ] ], [ [ 151.562473194809201, -33.291543265048688 ], [ 151.562579084900818, -33.291634678147155 ], [ 151.562686453963664, -33.291635920080388 ], [ 151.562796780293667, -33.291456819749094 ], [ 151.562474673767269, -33.291453093974802 ], [ 151.562473194809201, -33.291543265048688 ] ], [ [ 151.562359909530159, -33.291902707199164 ], [ 151.562465799919948, -33.291994120397568 ], [ 151.562573169417732, -33.291995362440453 ], [ 151.562579084900818, -33.291634678147155 ], [ 151.562359909530159, -33.291902707199164 ] ], [ [ 151.563894108620246, -33.290026494721673 ], [ 151.564001475775541, -33.290027735466211 ], [ 151.564002953076539, -33.289937564309788 ], [ 151.563895586031663, -33.289936323569485 ], [ 151.563894108620246, -33.290026494721673 ] ], [ [ 151.565642971071014, -33.288152739605188 ], [ 151.565641495556861, -33.288242910852411 ], [ 151.565748860610142, -33.288244150029129 ], [ 151.565750336013963, -33.288153978777672 ], [ 151.565642971071014, -33.288152739605188 ] ], [ [ 151.565528227946373, -33.288602356541318 ], [ 151.565523800954566, -33.288872870245669 ], [ 151.56562969120705, -33.288964280780952 ], [ 151.565741483492587, -33.288695006265868 ], [ 151.565528227946373, -33.288602356541318 ] ], [ [ 151.565954739499972, -33.288787655635154 ], [ 151.565953264270888, -33.288877826885482 ], [ 151.566060630116397, -33.288879065813681 ], [ 151.566062105235119, -33.28878889455914 ], [ 151.565954739499972, -33.288787655635154 ] ], [ [ 151.570639107209445, -33.284692958317791 ], [ 151.570743527999923, -33.28487453605824 ], [ 151.570852359136722, -33.284785599216313 ], [ 151.5707479382163, -33.284604021561606 ], [ 151.570639107209445, -33.284692958317791 ] ], [ [ 151.573118683844712, -33.284090132802888 ], [ 151.573117216245691, -33.284180304403918 ], [ 151.573224576675443, -33.284181536990943 ], [ 151.573226044164102, -33.284091365385713 ], [ 151.573118683844712, -33.284090132802888 ] ], [ [ 151.573867272557948, -33.284279102195782 ], [ 151.573865805718214, -33.284369273823515 ], [ 151.573974633143763, -33.284280334138224 ], [ 151.573868739391145, -33.2841889305667 ], [ 151.573867272557948, -33.284279102195782 ] ], [ [ 151.574531961973321, -33.283024089175484 ], [ 151.574639321053695, -33.283025320502993 ], [ 151.574640787023128, -33.282935148825359 ], [ 151.574533428053087, -33.282933917502049 ], [ 151.574531961973321, -33.283024089175484 ] ], [ [ 151.575833453936553, -33.282227313424933 ], [ 151.575940812102317, -33.2822285436025 ], [ 151.575942276689119, -33.282138371862182 ], [ 151.575834918633689, -33.282137141688821 ], [ 151.575833453936553, -33.282227313424933 ] ], [ [ 151.565330432045101, -33.274440500078782 ], [ 151.565331907105474, -33.274350328643386 ], [ 151.565224559080207, -33.274349089561568 ], [ 151.565223083909558, -33.27443926099275 ], [ 151.565330432045101, -33.274440500078782 ] ], [ [ 151.562759025987816, -33.267556470182576 ], [ 151.562650208962395, -33.267645400530128 ], [ 151.56275607133378, -33.267736813045666 ], [ 151.562759025987816, -33.267556470182576 ] ], [ [ 151.562423708106195, -33.268364289389801 ], [ 151.562422230392542, -33.268454460796995 ], [ 151.562529571073242, -33.268455702105044 ], [ 151.562531048676675, -33.268365530693607 ], [ 151.562423708106195, -33.268364289389801 ] ], [ [ 151.562313411887885, -33.26854339079793 ], [ 151.562204593162733, -33.268632320696383 ], [ 151.562417797211992, -33.2687249750104 ], [ 151.562422230392542, -33.268454460796995 ], [ 151.562313411887885, -33.26854339079793 ] ], [ [ 151.561244441185352, -33.268260457572389 ], [ 151.561137100804132, -33.268259215161272 ], [ 151.561028281289225, -33.268348144011 ], [ 151.560920940810945, -33.268346901410389 ], [ 151.560917982290135, -33.268527244104789 ], [ 151.561240004406187, -33.268530971654172 ], [ 151.561244441185352, -33.268260457572389 ] ], [ [ 151.55963729728623, -33.268061469078845 ], [ 151.559635816725972, -33.268151640379919 ], [ 151.559743156904659, -33.268152884083584 ], [ 151.559744637354669, -33.268062712778267 ], [ 151.55963729728623, -33.268061469078845 ] ], [ [ 151.560284297573673, -33.267888587228796 ], [ 151.560606317256031, -33.267892316356452 ], [ 151.560393117230007, -33.267799659029095 ], [ 151.560394596992182, -33.267709487692834 ], [ 151.560609276346042, -33.267711973668341 ], [ 151.560610755881157, -33.267621802322232 ], [ 151.560396076747764, -33.267619316355209 ], [ 151.56050637558215, -33.26744021669721 ], [ 151.560291696902908, -33.267437730561902 ], [ 151.560182877610259, -33.267526658687167 ], [ 151.560181397640775, -33.267616830017673 ], [ 151.560284297573673, -33.267888587228796 ] ], [ [ 151.560934253828464, -33.267535359217902 ], [ 151.560932774630629, -33.267625530578087 ], [ 151.561147453829932, -33.267628015618854 ], [ 151.561148932807242, -33.267537844250192 ], [ 151.561256272306537, -33.267539086627394 ], [ 151.561259230020937, -33.267358743877473 ], [ 151.561043072395535, -33.267446430414559 ], [ 151.560935733019676, -33.267445187856339 ], [ 151.561260708868303, -33.267268572500456 ], [ 151.561268103006142, -33.266817715594861 ], [ 151.560954961906077, -33.26627296003155 ], [ 151.560957920097451, -33.266092617268747 ], [ 151.560849103179095, -33.266181546059336 ], [ 151.560844665531675, -33.266452060184662 ], [ 151.560737327381588, -33.266450817487829 ], [ 151.560524130654272, -33.266358160455297 ], [ 151.560518212402343, -33.266718845891155 ], [ 151.560624071400753, -33.266810260145739 ], [ 151.560843186302691, -33.266542231557032 ], [ 151.560944608028677, -33.266904159658239 ], [ 151.560729930619573, -33.266901674314816 ], [ 151.560726971868661, -33.267082017036017 ], [ 151.560619632953518, -33.267080774216886 ], [ 151.560618153457938, -33.267170945571202 ], [ 151.560725492483328, -33.267172188394575 ], [ 151.560616673955764, -33.267261116924139 ], [ 151.560722533692854, -33.267352531107584 ], [ 151.56050637558215, -33.26744021669721 ], [ 151.560934253828464, -33.267535359217902 ] ], [ [ 151.560825435040897, -33.267624287918764 ], [ 151.560716616032863, -33.26771321651718 ], [ 151.560929816215264, -33.267805873294371 ], [ 151.560932774630629, -33.267625530578087 ], [ 151.560825435040897, -33.267624287918764 ] ], [ [ 151.560928336997677, -33.267896044650456 ], [ 151.561247399005168, -33.268080114844338 ], [ 151.561359175522085, -33.267810843039321 ], [ 151.561362133055525, -33.26763050028913 ], [ 151.561254793439446, -33.267629258000305 ], [ 151.561144495855473, -33.267808358352106 ], [ 151.561038635132832, -33.267716944507853 ], [ 151.560929816215264, -33.267805873294371 ], [ 151.560928336997677, -33.267896044650456 ] ], [ [ 151.561469472678226, -33.267631742485321 ], [ 151.561363611812396, -33.267540328911977 ], [ 151.561362133055525, -33.26763050028913 ], [ 151.561469472678226, -33.267631742485321 ] ], [ [ 151.560307974847177, -33.2664458457743 ], [ 151.560415312970889, -33.266447088841609 ], [ 151.560416792634214, -33.266356917484849 ], [ 151.56030945462075, -33.266355674421774 ], [ 151.560307974847177, -33.2664458457743 ] ], [ [ 151.561196256603864, -33.264652359730349 ], [ 151.561197735363805, -33.264562188316539 ], [ 151.561090399508771, -33.264560945986595 ], [ 151.561088920638582, -33.264651117396177 ], [ 151.561196256603864, -33.264652359730349 ] ], [ [ 151.561436062830182, -33.263121929755826 ], [ 151.561437541257732, -33.263031758310277 ], [ 151.561221394627353, -33.26311944550941 ], [ 151.561436062830182, -33.263121929755826 ] ], [ [ 151.562801339329241, -33.251864139370554 ], [ 151.562908659739747, -33.251865379806894 ], [ 151.562910136022509, -33.251775208139541 ], [ 151.562802815722165, -33.251773967707436 ], [ 151.562801339329241, -33.251864139370554 ] ], [ [ 151.564149657214926, -33.248181977105915 ], [ 151.564256973188321, -33.248183216257992 ], [ 151.564258447879894, -33.248093044483809 ], [ 151.564151132016633, -33.248091805335953 ], [ 151.564149657214926, -33.248181977105915 ] ], [ [ 151.564937717965677, -33.245936353827602 ], [ 151.565045031231847, -33.245937592226099 ], [ 151.565046504988317, -33.245847420388131 ], [ 151.564939191832281, -33.245846181993855 ], [ 151.564937717965677, -33.245936353827602 ] ], [ [ 151.568254161906253, -33.240022113203892 ], [ 151.568255632036909, -33.239931941153252 ], [ 151.568148325957765, -33.239930705721299 ], [ 151.56814685571706, -33.240020877767698 ], [ 151.568254161906253, -33.240022113203892 ] ], [ [ 151.568587838732782, -33.239304442412745 ], [ 151.568695144067476, -33.239305677445088 ], [ 151.568696613705356, -33.239215505366644 ], [ 151.568589308480739, -33.239214270338529 ], [ 151.568587838732782, -33.239304442412745 ] ], [ [ 151.58083189912557, -33.225465430191754 ], [ 151.580939188132248, -33.225466654212987 ], [ 151.580940644434321, -33.225376481452706 ], [ 151.580833355537607, -33.225375257435644 ], [ 151.58083189912557, -33.225465430191754 ] ], [ [ 151.583556279797563, -33.222880989469928 ], [ 151.583665019139943, -33.222792038153926 ], [ 151.583343161553898, -33.222788373124274 ], [ 151.583341707860029, -33.222878546016005 ], [ 151.583556279797563, -33.222880989469928 ] ], [ [ 151.583348976264716, -33.222427681543671 ], [ 151.583347522596739, -33.222517854440859 ], [ 151.583454808122269, -33.222519076197379 ], [ 151.583456261680254, -33.222428903296006 ], [ 151.583348976264716, -33.222427681543671 ] ], [ [ 151.583453354557804, -33.222609249097381 ], [ 151.583560640199806, -33.222610470765588 ], [ 151.58356209365428, -33.222520297861401 ], [ 151.583453354557804, -33.222609249097381 ] ], [ [ 151.588540683951749, -33.219871200939409 ], [ 151.588650862650269, -33.219692071846865 ], [ 151.588436298024618, -33.219689637384654 ], [ 151.588433401422208, -33.219869983653766 ], [ 151.588540683951749, -33.219871200939409 ] ], [ [ 151.588550821177421, -33.219239988944565 ], [ 151.588763936780339, -33.219332596334823 ], [ 151.588765384716112, -33.21924242318029 ], [ 151.588659550982868, -33.219151032956923 ], [ 151.588552269326698, -33.219149815796989 ], [ 151.588550821177421, -33.219239988944565 ] ], [ [ 151.588977052842523, -33.219425203370491 ], [ 151.589084334854391, -33.219426420173058 ], [ 151.589087230072522, -33.219246073840438 ], [ 151.588979948280581, -33.219244857046178 ], [ 151.588977052842523, -33.219425203370491 ] ], [ [ 151.589324950972554, -33.217805736161139 ], [ 151.589539511082194, -33.217808168969512 ], [ 151.589435125350263, -33.217626606204881 ], [ 151.589326398248801, -33.217715562962645 ], [ 151.589324950972554, -33.217805736161139 ] ], [ [ 151.589217670927383, -33.217804519618284 ], [ 151.589216223534748, -33.217894692811264 ], [ 151.589324950972554, -33.217805736161139 ], [ 151.589217670927383, -33.217804519618284 ] ], [ [ 151.589538064019479, -33.217898342174962 ], [ 151.58964534419394, -33.217899558444607 ], [ 151.589646791146691, -33.217809385235014 ], [ 151.589539511082194, -33.217808168969512 ], [ 151.589538064019479, -33.217898342174962 ] ], [ [ 151.590735496104202, -33.216829636952681 ], [ 151.590739833412073, -33.216559117146119 ], [ 151.590417997663394, -33.216555471020229 ], [ 151.590200547898007, -33.216733386304945 ], [ 151.590520938272164, -33.216827206269627 ], [ 151.590409321010242, -33.217096510546362 ], [ 151.590516600246531, -33.217097726039 ], [ 151.590841329357687, -33.216921025425798 ], [ 151.590835546604495, -33.217281718493226 ], [ 151.591050105574851, -33.217284148663047 ], [ 151.591051551052885, -33.217193975389954 ], [ 151.590945717256005, -33.217102587085087 ], [ 151.591058778346394, -33.216743109003929 ], [ 151.590735496104202, -33.216829636952681 ] ], [ [ 151.59084711200785, -33.21656033233652 ], [ 151.590848557654255, -33.21647015906079 ], [ 151.590741279168469, -33.216468943874546 ], [ 151.590739833412073, -33.216559117146119 ], [ 151.59084711200785, -33.21656033233652 ] ], [ [ 151.590742724918414, -33.216378770601601 ], [ 151.590635446549044, -33.21637755532705 ], [ 151.590634000689107, -33.216467728595852 ], [ 151.590741279168469, -33.216468943874546 ], [ 151.590742724918414, -33.216378770601601 ] ], [ [ 151.590087483340113, -33.21709286351367 ], [ 151.590086036878802, -33.217183036750811 ], [ 151.590300595539077, -33.217185468206686 ], [ 151.590409321010242, -33.217096510546362 ], [ 151.590087483340113, -33.21709286351367 ] ], [ [ 151.589978757558328, -33.217181820884186 ], [ 151.589977310980601, -33.217271994115784 ], [ 151.590084590411038, -33.217273209986566 ], [ 151.590086036878802, -33.217183036750811 ], [ 151.589978757558328, -33.217181820884186 ] ], [ [ 151.589870031556615, -33.217270778152574 ], [ 151.589761305334946, -33.21735973531883 ], [ 151.58965113196632, -33.217538865598016 ], [ 151.58954385223177, -33.217537649344983 ], [ 151.589542405188354, -33.217627822554526 ], [ 151.589862798021386, -33.217721644269375 ], [ 151.589749730669894, -33.218081121045209 ], [ 151.589967184756006, -33.217903206698836 ], [ 151.589968631378866, -33.217813033476773 ], [ 151.590078804475553, -33.217633902915949 ], [ 151.590080250969095, -33.217543729685644 ], [ 151.590187530735903, -33.217544945476419 ], [ 151.590188977113002, -33.217454772240607 ], [ 151.590081697456185, -33.217453556453989 ], [ 151.589977310980601, -33.217271994115784 ], [ 151.589870031556615, -33.217270778152574 ] ], [ [ 151.589762752139052, -33.217269562096895 ], [ 151.589655472727969, -33.217268345948767 ], [ 151.589654025813871, -33.217358519166559 ], [ 151.589761305334946, -33.21735973531883 ], [ 151.589762752139052, -33.217269562096895 ] ], [ [ 151.589545299268735, -33.21744747613409 ], [ 151.589438019650572, -33.217446259792752 ], [ 151.589329292781969, -33.217535216561544 ], [ 151.589436572503644, -33.217536432999488 ], [ 151.58954385223177, -33.217537649344983 ], [ 151.589545299268735, -33.21744747613409 ] ], [ [ 151.589965738126722, -33.217993379919527 ], [ 151.590073018436954, -33.217994595823498 ], [ 151.589967184756006, -33.217903206698836 ], [ 151.589965738126722, -33.217993379919527 ] ], [ [ 151.590077357975559, -33.217724076144883 ], [ 151.590184637962295, -33.217725291943964 ], [ 151.590186084352325, -33.217635118710874 ], [ 151.590078804475553, -33.217633902915949 ], [ 151.590077357975559, -33.217724076144883 ] ], [ [ 151.590515154225074, -33.217187899292732 ], [ 151.590622433577778, -33.217189114697085 ], [ 151.590729712936906, -33.217190330008975 ], [ 151.590731158738379, -33.217100156746952 ], [ 151.590623879489215, -33.217098941439204 ], [ 151.590516600246531, -33.217097726039 ], [ 151.590515154225074, -33.217187899292732 ] ], [ [ 151.594650884426756, -33.213536908684667 ], [ 151.594652326005928, -33.213446735217516 ], [ 151.594543609344555, -33.213535696870771 ], [ 151.594650884426756, -33.213536908684667 ] ], [ [ 151.595856836427572, -33.211927109099939 ], [ 151.596071382794349, -33.211929530267859 ], [ 151.59607282282866, -33.211839356722393 ], [ 151.595856836427572, -33.211927109099939 ] ], [ [ 151.596504794369196, -33.211663850804371 ], [ 151.596397521486779, -33.211662640648768 ], [ 151.596287369001203, -33.211841777512298 ], [ 151.596504794369196, -33.211663850804371 ] ], [ [ 151.596941081576517, -33.211217822575669 ], [ 151.59694252067996, -33.211127648986228 ], [ 151.596726536866186, -33.211215402952831 ], [ 151.596941081576517, -33.211217822575669 ] ], [ [ 151.600524134477155, -33.208552480611019 ], [ 151.600631403755187, -33.208553687109877 ], [ 151.600632838928846, -33.208463513339247 ], [ 151.60052556976072, -33.20846230684451 ], [ 151.600524134477155, -33.208552480611019 ] ], [ [ 151.600436960132697, -33.207288841222159 ], [ 151.600328256986046, -33.207377808372144 ], [ 151.60021955361961, -33.20746677542013 ], [ 151.600325386126286, -33.207558155920069 ], [ 151.600436960132697, -33.207288841222159 ] ], [ [ 151.602701047648708, -33.206592768037453 ], [ 151.602598079811912, -33.206321041756865 ], [ 151.602489380015214, -33.206410010897869 ], [ 151.602485080521944, -33.206680532509758 ], [ 151.602701047648708, -33.206592768037453 ] ], [ [ 151.602699614697713, -33.206682941914941 ], [ 151.602482214161142, -33.2068608802442 ], [ 151.602695315806471, -33.20695346353925 ], [ 151.602805448947748, -33.206774320359152 ], [ 151.602806881795175, -33.206684146478921 ], [ 151.602808314636263, -33.206593972597297 ], [ 151.602701047648708, -33.206592768037453 ], [ 151.602699614697713, -33.206682941914941 ] ], [ [ 151.602693882829954, -33.207043637411289 ], [ 151.6028011503671, -33.20704484199171 ], [ 151.602802583233711, -33.206954668115557 ], [ 151.602695315806471, -33.20695346353925 ], [ 151.602693882829954, -33.207043637411289 ] ], [ [ 151.602490813166867, -33.206319837024516 ], [ 151.602383546528216, -33.206318632199761 ], [ 151.602382113266628, -33.206408806069 ], [ 151.602489380015214, -33.206410010897869 ], [ 151.602490813166867, -33.206319837024516 ] ], [ [ 151.605554338995859, -33.202566225850873 ], [ 151.60620077061202, -33.202393088153464 ], [ 151.605987675926883, -33.202300510990838 ], [ 151.606099225505716, -33.20203119036205 ], [ 151.605991963932013, -33.202029988784048 ], [ 151.605994822570239, -33.201849640639367 ], [ 151.605459945755229, -33.201753457350556 ], [ 151.605554338995859, -33.202566225850873 ] ], [ [ 151.60556863671016, -33.201664485318922 ], [ 151.605570066446546, -33.20157431125822 ], [ 151.605462805454152, -33.201573109238751 ], [ 151.60546137560786, -33.201663283295339 ], [ 151.60556863671016, -33.201664485318922 ] ], [ [ 151.606004827603527, -33.201218422090044 ], [ 151.606109229858873, -33.20139997180307 ], [ 151.606113517343317, -33.201129449543068 ], [ 151.606004827603527, -33.201218422090044 ] ], [ [ 151.609966347382795, -33.201713688728297 ], [ 151.609967772613686, -33.201623514499545 ], [ 151.609860511360552, -33.201622316268512 ], [ 151.609966347382795, -33.201713688728297 ] ], [ [ 151.621018892918983, -33.187857148983802 ], [ 151.621127550945204, -33.187768162308977 ], [ 151.621021719223762, -33.18767679927933 ], [ 151.620914474469174, -33.187675611014306 ], [ 151.620913061210103, -33.187765785863171 ], [ 151.621018892918983, -33.187857148983802 ] ], [ [ 151.623080535942591, -33.186346734654251 ], [ 151.623295022415249, -33.186349107276186 ], [ 151.623300665347557, -33.185988407428489 ], [ 151.62319765500996, -33.185716696292005 ], [ 151.622873105340915, -33.185893486930972 ], [ 151.623080535942591, -33.186346734654251 ] ], [ [ 151.622973292715699, -33.186345548204756 ], [ 151.622971881637483, -33.186435723151114 ], [ 151.623079124974197, -33.186436909604652 ], [ 151.623080535942591, -33.186346734654251 ], [ 151.622973292715699, -33.186345548204756 ] ], [ [ 151.623077713999493, -33.18652708455371 ], [ 151.62318495745231, -33.186528270918956 ], [ 151.623186368317192, -33.18643809596584 ], [ 151.623079124974197, -33.186436909604652 ], [ 151.623077713999493, -33.18652708455371 ] ], [ [ 151.623728226326961, -33.186083326479512 ], [ 151.623729636611387, -33.185993151499318 ], [ 151.623946942391711, -33.185815173000023 ], [ 151.623945532339491, -33.185905347991032 ], [ 151.62405136512524, -33.185996708582806 ], [ 151.624161427647266, -33.185817544095769 ], [ 151.624054185016348, -33.185816358594074 ], [ 151.624055594952495, -33.185726183597666 ], [ 151.623948352437679, -33.185724998007672 ], [ 151.623733867426921, -33.18572262655065 ], [ 151.623516561464669, -33.185900604675176 ], [ 151.623409318761645, -33.185899418615342 ], [ 151.623300665347557, -33.185988407428489 ], [ 151.623728226326961, -33.186083326479512 ] ], [ [ 151.623091823463568, -33.185625335001937 ], [ 151.623199065818284, -33.185626521326654 ], [ 151.623200476620298, -33.185536346359932 ], [ 151.623093234375375, -33.185535160039265 ], [ 151.623091823463568, -33.185625335001937 ] ], [ [ 151.622566903295024, -33.184898002415849 ], [ 151.622674144739904, -33.184899189169862 ], [ 151.622675556040662, -33.184809014212526 ], [ 151.622568314705603, -33.184807827462556 ], [ 151.622566903295024, -33.184898002415849 ] ], [ [ 151.622672733432864, -33.184989364125848 ], [ 151.62277997499379, -33.184990550791568 ], [ 151.622781386191065, -33.184900375831539 ], [ 151.622674144739904, -33.184899189169862 ], [ 151.622672733432864, -33.184989364125848 ] ], [ [ 151.622784208566657, -33.184720025907374 ], [ 151.622782797382001, -33.184810200870139 ], [ 151.622890038729622, -33.184811387435417 ], [ 151.622891449804484, -33.18472121246861 ], [ 151.622784208566657, -33.184720025907374 ] ], [ [ 151.624704687219605, -33.185372595101875 ], [ 151.624703277967427, -33.185462770128019 ], [ 151.624810520196775, -33.185463955059433 ], [ 151.62481192933916, -33.185373780029238 ], [ 151.624704687219605, -33.185372595101875 ] ], [ [ 151.624596035744361, -33.185461585104264 ], [ 151.624594626376108, -33.185551760125009 ], [ 151.624701868708968, -33.185552945152821 ], [ 151.624703277967427, -33.185462770128019 ], [ 151.624596035744361, -33.185461585104264 ] ], [ [ 151.624488793527576, -33.185460399988159 ], [ 151.624382960898657, -33.185369039765703 ], [ 151.62438437047399, -33.185278864750337 ], [ 151.624277128489354, -33.185277679457641 ], [ 151.624275718804228, -33.185367854468957 ], [ 151.62427430911282, -33.185458029478909 ], [ 151.624162837473591, -33.185727369095311 ], [ 151.624374503314868, -33.185910089829306 ], [ 151.624594626376108, -33.185551760125009 ], [ 151.624488793527576, -33.185460399988159 ] ], [ [ 151.624590398233636, -33.18582228517905 ], [ 151.624588988840259, -33.185912460194352 ], [ 151.624696231612347, -33.185913645238358 ], [ 151.624590398233636, -33.18582228517905 ] ], [ [ 151.628214160961392, -33.187305327011046 ], [ 151.628321405593908, -33.187306508975759 ], [ 151.62832281123795, -33.187216333839373 ], [ 151.628215566715255, -33.187215151878689 ], [ 151.628214160961392, -33.187305327011046 ] ], [ [ 151.629646256284417, -33.184885954880862 ], [ 151.629753498033438, -33.184887135536073 ], [ 151.629754902080919, -33.184796960310486 ], [ 151.629647660441719, -33.184795779659311 ], [ 151.629646256284417, -33.184885954880862 ] ], [ [ 151.629548844280009, -33.18425354758201 ], [ 151.629550248503335, -33.184163372354952 ], [ 151.629443007645222, -33.184162191547323 ], [ 151.629441603312131, -33.184252366770352 ], [ 151.629548844280009, -33.18425354758201 ] ], [ [ 151.628953161046951, -33.181180503666525 ], [ 151.62906039825063, -33.181181684802695 ], [ 151.629169039910295, -33.181092690589324 ], [ 151.628741496429853, -33.180997790633761 ], [ 151.628740091547229, -33.181087965876173 ], [ 151.628953161046951, -33.181180503666525 ] ], [ [ 151.629058993684851, -33.18127186005448 ], [ 151.629166231004547, -33.181273041102344 ], [ 151.629167635460561, -33.181182865846509 ], [ 151.62906039825063, -33.181181684802695 ], [ 151.629058993684851, -33.18127186005448 ] ], [ [ 151.630908030525205, -33.172724084614089 ], [ 151.631015257517674, -33.172725263801787 ], [ 151.631016659623526, -33.17263508835218 ], [ 151.630909432740793, -33.172633909168511 ], [ 151.630908030525205, -33.172724084614089 ] ], [ [ 151.630525406917855, -33.169743577049445 ], [ 151.63052680936616, -33.169653401575083 ], [ 151.63041958613573, -33.169652222062915 ], [ 151.630418183577717, -33.169742397533248 ], [ 151.630525406917855, -33.169743577049445 ] ], [ [ 151.630632630264245, -33.169744756473349 ], [ 151.630741255845777, -33.169655760322549 ], [ 151.630635434935186, -33.169564405515196 ], [ 151.63052680936616, -33.169653401575083 ], [ 151.630632630264245, -33.169744756473349 ] ], [ [ 151.630631227919423, -33.169834931950383 ], [ 151.630738451381774, -33.169836111286038 ], [ 151.630739853616916, -33.169745935804983 ], [ 151.630632630264245, -33.169744756473349 ], [ 151.630631227919423, -33.169834931950383 ] ], [ [ 151.629249957193167, -33.1690080133178 ], [ 151.629251360908086, -33.168917837880947 ], [ 151.629358583192015, -33.168919018376059 ], [ 151.629359986790973, -33.168828842933813 ], [ 151.62925276461678, -33.168827662442723 ], [ 151.62914694626096, -33.16873630642381 ], [ 151.62903972420898, -33.168735125752178 ], [ 151.628926885999476, -33.169094646690027 ], [ 151.629249957193167, -33.1690080133178 ] ], [ [ 151.629680250081293, -33.168922559307653 ], [ 151.629683056614624, -33.168742208397582 ], [ 151.629470015931133, -33.168649672435926 ], [ 151.629359986790973, -33.168828842933813 ], [ 151.629680250081293, -33.168922559307653 ] ], [ [ 151.628608027335986, -33.168910752972195 ], [ 151.628394987448388, -33.168818215191699 ], [ 151.628393582861975, -33.168908390597636 ], [ 151.628608027335986, -33.168910752972195 ] ], [ [ 151.62206748215803, -33.168838534473885 ], [ 151.622174704021802, -33.168839721152352 ], [ 151.622176114971722, -33.168749545981093 ], [ 151.622068893217659, -33.168748359306676 ], [ 151.62206748215803, -33.168838534473885 ] ], [ [ 151.622511886133708, -33.167851353541352 ], [ 151.622513296685355, -33.167761178342928 ], [ 151.622406076119262, -33.167759991989989 ], [ 151.622404665457907, -33.167850167184348 ], [ 151.622511886133708, -33.167851353541352 ] ], [ [ 151.622853290742171, -33.166592458986806 ], [ 151.62285188060136, -33.166682634215064 ], [ 151.622959099876113, -33.166683820150261 ], [ 151.622960509907244, -33.166593644917938 ], [ 151.622853290742171, -33.166592458986806 ] ], [ [ 151.622744661332916, -33.16668144818761 ], [ 151.622743251076088, -33.166771623410462 ], [ 151.622850470454239, -33.16677280944198 ], [ 151.62285188060136, -33.166682634215064 ], [ 151.622744661332916, -33.16668144818761 ] ], [ [ 151.627247876012831, -33.166731181886917 ], [ 151.627249281655793, -33.166641006492753 ], [ 151.627142062239813, -33.166639824252862 ], [ 151.627140656487143, -33.166729999642996 ], [ 151.627247876012831, -33.166731181886917 ] ], [ [ 151.627034842830113, -33.166638641920699 ], [ 151.626927623426639, -33.166637459496236 ], [ 151.626926217454582, -33.166727634878292 ], [ 151.627033436967736, -33.166728817306783 ], [ 151.627034842830113, -33.166638641920699 ] ], [ [ 151.625316517885437, -33.166800062697149 ], [ 151.625310887327061, -33.167160763963693 ], [ 151.625419514833993, -33.167071772478003 ], [ 151.625420922367027, -33.166981597157999 ], [ 151.625528142121539, -33.166982780890557 ], [ 151.625316517885437, -33.166800062697149 ] ], [ [ 151.629273819496376, -33.167475030706122 ], [ 151.629595481100694, -33.167478571720977 ], [ 151.629275223105026, -33.167384855246127 ], [ 151.629273819496376, -33.167475030706122 ] ], [ [ 151.629166598974138, -33.167473850183264 ], [ 151.629165195249584, -33.167564025637866 ], [ 151.62927241588153, -33.167565206164753 ], [ 151.629273819496376, -33.167475030706122 ], [ 151.629166598974138, -33.167473850183264 ] ], [ [ 151.62905797462389, -33.167562845018686 ], [ 151.62905657078332, -33.167653020467903 ], [ 151.629163791518749, -33.167654201091104 ], [ 151.629165195249584, -33.167564025637866 ], [ 151.62905797462389, -33.167562845018686 ] ], [ [ 151.632518443231049, -33.165706891603364 ], [ 151.632625661752854, -33.165708069184902 ], [ 151.632627061835706, -33.165617893572794 ], [ 151.632519843423609, -33.16561671599527 ], [ 151.632518443231049, -33.165706891603364 ] ], [ [ 151.633594825997648, -33.16544813631716 ], [ 151.633809262514006, -33.165450489518257 ], [ 151.633703443219872, -33.165359137307426 ], [ 151.633594825997648, -33.16544813631716 ] ], [ [ 151.63099987119665, -33.159917979012974 ], [ 151.63100127263499, -33.159827803378242 ], [ 151.630894061342502, -33.159826624582145 ], [ 151.630892659794483, -33.159916800212862 ], [ 151.63099987119665, -33.159917979012974 ] ], [ [ 151.6274815684597, -33.158616572750013 ], [ 151.627482973429409, -33.158526397229352 ], [ 151.627375763878575, -33.158525215445295 ], [ 151.627374358799187, -33.15861539096192 ], [ 151.6274815684597, -33.158616572750013 ] ], [ [ 151.625863577731877, -33.159230064424321 ], [ 151.625859357718724, -33.159500590767735 ], [ 151.626076591973572, -33.159322606005198 ], [ 151.626082217717766, -33.158961904168024 ], [ 151.625976414230109, -33.158870545705831 ], [ 151.625869204328296, -33.158869362614062 ], [ 151.625972194621141, -33.159141072077688 ], [ 151.625757774165891, -33.15913870577765 ], [ 151.625761994432793, -33.158868179430037 ], [ 151.625223130447608, -33.159042612985466 ], [ 151.6252217231374, -33.159132788413068 ], [ 151.625328933330536, -33.159133972070492 ], [ 151.625537725748075, -33.159497040853985 ], [ 151.625640715671125, -33.15976875055771 ], [ 151.625863577731877, -33.159230064424321 ] ], [ [ 151.62533315491342, -33.158863445771424 ], [ 151.62522735234063, -33.158772086694441 ], [ 151.625121549987227, -33.158680727531937 ], [ 151.625014340354909, -33.158679543710228 ], [ 151.625010117822711, -33.158950069981053 ], [ 151.625223130447608, -33.159042612985466 ], [ 151.62533315491342, -33.158863445771424 ] ], [ [ 151.625334562095162, -33.158773270335693 ], [ 151.625335969270651, -33.158683094898578 ], [ 151.625228759625799, -33.158681911261382 ], [ 151.62522735234063, -33.158772086694441 ], [ 151.625334562095162, -33.158773270335693 ] ], [ [ 151.62565759824281, -33.158686645256658 ], [ 151.625551795529049, -33.158595286449653 ], [ 151.625553202472645, -33.158505111001752 ], [ 151.625445993034589, -33.158503927557149 ], [ 151.625444585981313, -33.158594103001015 ], [ 151.62533737643983, -33.158592919460112 ], [ 151.625335969270651, -33.158683094898578 ], [ 151.62565759824281, -33.158686645256658 ] ], [ [ 151.625447400081583, -33.158413752111912 ], [ 151.625340190759459, -33.158412568579102 ], [ 151.625341597909824, -33.158322393136558 ], [ 151.625234388703632, -33.158321209515549 ], [ 151.625338783602785, -33.158502744020296 ], [ 151.625445993034589, -33.158503927557149 ], [ 151.625447400081583, -33.158413752111912 ] ], [ [ 151.625554609409988, -33.158414935552472 ], [ 151.625556016341079, -33.158324760101841 ], [ 151.625448807122325, -33.158323576665325 ], [ 151.625447400081583, -33.158413752111912 ], [ 151.625554609409988, -33.158414935552472 ] ], [ [ 151.624816813305216, -33.157595070681452 ], [ 151.624818220947475, -33.157504895246888 ], [ 151.624709605007638, -33.157593886631545 ], [ 151.624708197249475, -33.157684062060703 ], [ 151.624816813305216, -33.157595070681452 ] ], [ [ 151.624822443836564, -33.157234368935036 ], [ 151.62471523597759, -33.157233184901315 ], [ 151.624605212433153, -33.157412351635095 ], [ 151.624822443836564, -33.157234368935036 ] ], [ [ 151.626434780372023, -33.156981591864813 ], [ 151.62654058215216, -33.157072949917861 ], [ 151.626754997650892, -33.157075314740432 ], [ 151.6266506013732, -33.156893781350959 ], [ 151.626434780372023, -33.156981591864813 ] ], [ [ 151.626327572747954, -33.156980409226946 ], [ 151.626326166678467, -33.157070584726299 ], [ 151.626433374412187, -33.157071767368208 ], [ 151.626434780372023, -33.156981591864813 ], [ 151.626327572747954, -33.156980409226946 ] ], [ [ 151.626970818586273, -33.156987503670408 ], [ 151.626969413174692, -33.157077679194003 ], [ 151.627076620945985, -33.157078861282415 ], [ 151.627078026247915, -33.156988685754783 ], [ 151.627292441589958, -33.156991049646791 ], [ 151.627293846666333, -33.156900874109716 ], [ 151.627186639101808, -33.156899692213877 ], [ 151.627188044281553, -33.156809516679466 ], [ 151.627295251736399, -33.156810698571277 ], [ 151.6272980618578, -33.156630347490314 ], [ 151.626976440169926, -33.156626801562403 ], [ 151.626970818586273, -33.156987503670408 ] ], [ [ 151.627196475228544, -33.156268463444498 ], [ 151.627303682025513, -33.156269645312058 ], [ 151.627309302093011, -33.155908943112046 ], [ 151.627310707094239, -33.155818767558635 ], [ 151.627416508457657, -33.155910124871205 ], [ 151.627419318234558, -33.155729773754949 ], [ 151.627206311048468, -33.155637234608449 ], [ 151.627203500845525, -33.155817585711276 ], [ 151.627202095734646, -33.155907761260643 ], [ 151.626984872357554, -33.15608574835958 ], [ 151.627196475228544, -33.156268463444498 ] ], [ [ 151.627302276992992, -33.156359820858661 ], [ 151.62751669082499, -33.15636218432514 ], [ 151.627518095638209, -33.156272008770451 ], [ 151.627519500445175, -33.156181833214418 ], [ 151.627412293745351, -33.156180651535372 ], [ 151.627303682025513, -33.156269645312058 ], [ 151.627302276992992, -33.156359820858661 ] ], [ [ 151.627633730544005, -33.15573213698039 ], [ 151.627632325877983, -33.155822312547272 ], [ 151.627739532151764, -33.155823494025668 ], [ 151.627740936708136, -33.155733318454736 ], [ 151.62806395945924, -33.155646686739956 ], [ 151.627850951753231, -33.155554148682853 ], [ 151.628069576281462, -33.155285984388769 ], [ 151.627747959396174, -33.155282440579725 ], [ 151.627746554871095, -33.15537261615745 ], [ 151.627639349145568, -33.155371434699255 ], [ 151.627640753780298, -33.155281259125566 ], [ 151.627533548170646, -33.155280077579157 ], [ 151.627750768427603, -33.155102089420204 ], [ 151.627752172933924, -33.155011913838386 ], [ 151.627644967646944, -33.155010732396349 ], [ 151.627643563031, -33.155100907974123 ], [ 151.627536357640651, -33.155099726435786 ], [ 151.627539167085587, -33.154919375286973 ], [ 151.627427747415027, -33.155188720373552 ], [ 151.626890314644271, -33.155272986363663 ], [ 151.627423532852958, -33.155459247070375 ], [ 151.627419318234558, -33.155729773754949 ], [ 151.627633730544005, -33.15573213698039 ] ], [ [ 151.627525119610482, -33.155821130976634 ], [ 151.627523714828556, -33.15591130653813 ], [ 151.627630921205707, -33.155912488112797 ], [ 151.627632325877983, -33.155822312547272 ], [ 151.627525119610482, -33.155821130976634 ] ], [ [ 151.627646372256663, -33.154920556817231 ], [ 151.627647776860101, -33.154830381236728 ], [ 151.627540571798647, -33.15482919971052 ], [ 151.627539167085587, -33.154919375286973 ], [ 151.627646372256663, -33.154920556817231 ] ], [ [ 151.627541976505483, -33.154739024132702 ], [ 151.627544785900341, -33.15455867297301 ], [ 151.627437581174092, -33.154557491366674 ], [ 151.627433366743475, -33.154828018092061 ], [ 151.627540571798647, -33.15482919971052 ], [ 151.627541976505483, -33.154739024132702 ] ], [ [ 151.627326161694555, -33.154826836381382 ], [ 151.627324756762221, -33.154917011949749 ], [ 151.627431961920763, -33.154918193664486 ], [ 151.627433366743475, -33.154828018092061 ], [ 151.627326161694555, -33.154826836381382 ] ], [ [ 151.628726845259962, -33.15439131330097 ], [ 151.628724038302181, -33.154571664554915 ], [ 151.62893985117384, -33.154483849827244 ], [ 151.628835453201901, -33.15430231815931 ], [ 151.628726845259962, -33.15439131330097 ] ], [ [ 151.629597105198201, -33.153589173648875 ], [ 151.629489901559111, -33.153587993839437 ], [ 151.629485693584229, -33.153858520839776 ], [ 151.629377086842027, -33.153947516586044 ], [ 151.629478680167722, -33.15430939914647 ], [ 151.629698699074936, -33.153951056062724 ], [ 151.629701503971745, -33.153770704717118 ], [ 151.629597105198201, -33.153589173648875 ] ], [ [ 151.630145741154479, -33.152783490020298 ], [ 151.630258551095466, -33.152423966392021 ], [ 151.630259952892629, -33.152333790676629 ], [ 151.630151348844066, -33.152422787188407 ], [ 151.630042744576286, -33.152511783598548 ], [ 151.630037136423169, -33.152872486408882 ], [ 151.630145741154479, -33.152783490020298 ] ], [ [ 151.630367155040631, -33.152334969783972 ], [ 151.630368556721919, -33.152244794063179 ], [ 151.630261354683512, -33.152243614959858 ], [ 151.630259952892629, -33.152333790676629 ], [ 151.630367155040631, -33.152334969783972 ] ], [ [ 151.630491175642589, -33.151254040011423 ], [ 151.630598376487569, -33.15125521888595 ], [ 151.630599777874693, -33.151165043140786 ], [ 151.630492577139307, -33.151163864270281 ], [ 151.630491175642589, -33.151254040011423 ] ], [ [ 151.630830992891418, -33.150085291460194 ], [ 151.631045391775046, -33.150087648458921 ], [ 151.630832393978096, -33.149995115689286 ], [ 151.630830992891418, -33.150085291460194 ] ], [ [ 151.632536931041415, -33.143790648482685 ], [ 151.632751314768427, -33.143793002151398 ], [ 151.632861303989614, -33.143613826968959 ], [ 151.632646920688472, -33.143611473500734 ], [ 151.632538330047424, -33.143700472556191 ], [ 151.632536931041415, -33.143790648482685 ] ], [ [ 151.633178683942475, -33.143887884331704 ], [ 151.633177285581496, -33.143978060279622 ], [ 151.633388873519294, -33.14416076476585 ], [ 151.633280282906838, -33.144249764462586 ], [ 151.633386077192029, -33.144341116668272 ], [ 151.633381882654362, -33.144611644511684 ], [ 151.633596268453601, -33.144613996777544 ], [ 151.633373493410915, -33.145152700161802 ], [ 151.633051912786215, -33.14514917099909 ], [ 151.633050514228387, -33.145239346923951 ], [ 151.633367900457301, -33.145513403901347 ], [ 151.633049115664335, -33.145329522847447 ], [ 151.633047717094058, -33.145419698769594 ], [ 151.632940523236186, -33.145418522185558 ], [ 151.632827734164351, -33.145778049152078 ], [ 151.63272053988058, -33.14577687236752 ], [ 151.632719140950371, -33.145867048270794 ], [ 151.632613345603062, -33.145775695490755 ], [ 151.632398957066698, -33.145773341460597 ], [ 151.632401755565979, -33.145592989674107 ], [ 151.632188766952396, -33.145500459403962 ], [ 151.632187367492918, -33.1455906352912 ], [ 151.632081573034839, -33.145499282078227 ], [ 151.631651397419404, -33.145584747720292 ], [ 151.632077374308892, -33.145769809723781 ], [ 151.631861586027952, -33.14585763064261 ], [ 151.631965980957972, -33.146039159914999 ], [ 151.63207317552687, -33.1460403373571 ], [ 151.632181769592677, -33.145951338826542 ], [ 151.632288964064429, -33.1459525160802 ], [ 151.632396158542463, -33.145953693241644 ], [ 151.632390561419157, -33.146314396787432 ], [ 151.632497756341792, -33.146315573872755 ], [ 151.632496357154963, -33.146405749759829 ], [ 151.632389162122763, -33.146404572670463 ], [ 151.632387762820088, -33.146494748552158 ], [ 151.63249495796191, -33.146495925645539 ], [ 151.633028136455692, -33.146682161536816 ], [ 151.633133933299945, -33.14677351399073 ], [ 151.633135331854106, -33.146683338084962 ], [ 151.63335251932088, -33.146505339072931 ], [ 151.633246722555072, -33.146413986803374 ], [ 151.633248120974713, -33.146323810888155 ], [ 151.63356690972293, -33.146507691507665 ], [ 151.633571103995507, -33.146237163725793 ], [ 151.633678298877101, -33.146238339792781 ], [ 151.633679696845917, -33.14614816385874 ], [ 151.63378689162414, -33.146149339829499 ], [ 151.633575298212037, -33.145966635931678 ], [ 151.633685288658853, -33.14578746010902 ], [ 151.633363705676686, -33.145783931691739 ], [ 151.633580890413498, -33.145605932187152 ], [ 151.633690880372114, -33.145426756337542 ], [ 151.63347928884545, -33.145244052305905 ], [ 151.633590676526239, -33.144974700581898 ], [ 151.633803665448852, -33.145067228466822 ], [ 151.633693676191371, -33.14524640444364 ], [ 151.633910858918199, -33.145068404297135 ], [ 151.634123848419875, -33.14516093164756 ], [ 151.634232439363643, -33.145071931234817 ], [ 151.634126643325061, -33.144980579713341 ], [ 151.634448223479097, -33.14498410608573 ], [ 151.634343824530106, -33.144802578764754 ], [ 151.635738732034952, -33.144727675184448 ], [ 151.635843133816962, -33.144909201409881 ], [ 151.636058916024467, -33.144821373415574 ], [ 151.636167504644391, -33.144732371249333 ], [ 151.635848716514147, -33.144548497262647 ], [ 151.635740127815751, -33.144637499150988 ], [ 151.635527137761215, -33.144544974546527 ], [ 151.634453811899675, -33.144623402152774 ], [ 151.634565195779743, -33.144354049433687 ], [ 151.634566592741066, -33.144263873438952 ], [ 151.634036220175858, -33.143897292400183 ], [ 151.633713246228552, -33.143983941034051 ], [ 151.633714644041618, -33.143893765066025 ], [ 151.633607452009358, -33.143892589103565 ], [ 151.633608849925793, -33.143802413138197 ], [ 151.633501658009294, -33.143801237087565 ], [ 151.632751314768427, -33.143793002151398 ], [ 151.633178683942475, -33.143887884331704 ] ], [ [ 151.633070093470792, -33.143976883852126 ], [ 151.633068694993966, -33.144067059794672 ], [ 151.633175887214264, -33.14406823622619 ], [ 151.633177285581496, -33.143978060279622 ], [ 151.633070093470792, -33.143976883852126 ] ], [ [ 151.634547034716121, -33.145526337241556 ], [ 151.634658419556274, -33.145256984499184 ], [ 151.634123848419875, -33.14516093164756 ], [ 151.634547034716121, -33.145526337241556 ] ], [ [ 151.636057520560058, -33.144911549458378 ], [ 151.6361647139409, -33.144912723344319 ], [ 151.636166109295743, -33.144822547297508 ], [ 151.636058916024467, -33.144821373415574 ], [ 151.636057520560058, -33.144911549458378 ] ], [ [ 151.634672388416021, -33.14435522458642 ], [ 151.634676578952565, -33.14408469658607 ], [ 151.634357796366146, -33.143900818904527 ], [ 151.63435639921056, -33.143990994896669 ], [ 151.634566592741066, -33.144263873438952 ], [ 151.634672388416021, -33.14435522458642 ] ], [ [ 151.633716041848487, -33.143803589096635 ], [ 151.633717439649104, -33.143713413125901 ], [ 151.633608849925793, -33.143802413138197 ], [ 151.633716041848487, -33.143803589096635 ] ], [ [ 151.63287948614601, -33.14244153962607 ], [ 151.632986676381449, -33.14244271616959 ], [ 151.633093866623085, -33.142443892620896 ], [ 151.63309526498773, -33.142353716653886 ], [ 151.632988074855632, -33.142352540206588 ], [ 151.632880884729815, -33.142351363667089 ], [ 151.632775093297312, -33.142260011079081 ], [ 151.63266510569386, -33.142439186262429 ], [ 151.63287948614601, -33.14244153962607 ] ], [ [ 151.633092468252215, -33.142534068586549 ], [ 151.633199658609669, -33.142535244949705 ], [ 151.633201056870973, -33.142445068980031 ], [ 151.633093866623085, -33.142443892620896 ], [ 151.633092468252215, -33.142534068586549 ] ], [ [ 151.632985277900985, -33.142532892131214 ], [ 151.632878087556008, -33.142531715583679 ], [ 151.632876688959755, -33.142621891539932 ], [ 151.632875290357248, -33.142712067494813 ], [ 151.632873891748517, -33.142802243448351 ], [ 151.632981082422248, -33.142803420007958 ], [ 151.632982480921413, -33.142713244050405 ], [ 151.632983879414297, -33.142623068091488 ], [ 151.633091069875121, -33.142624244550859 ], [ 151.633092468252215, -33.142534068586549 ], [ 151.632985277900985, -33.142532892131214 ] ], [ [ 151.637359176842239, -33.143933692929004 ], [ 151.637573561348461, -33.143936038307515 ], [ 151.63746915702896, -33.14375451344322 ], [ 151.637359176842239, -33.143933692929004 ] ], [ [ 151.637902105757945, -33.14348867504053 ], [ 151.63779352041314, -33.143577678821387 ], [ 151.637679359852342, -33.144027386975019 ], [ 151.637572167480357, -33.144026214420059 ], [ 151.637570773606058, -33.144116390531245 ], [ 151.637677966087637, -33.144117563090219 ], [ 151.637676572316707, -33.144207739204042 ], [ 151.638103949404695, -33.144302604662428 ], [ 151.638216715016142, -33.143943072230186 ], [ 151.63801069088359, -33.143399671158107 ], [ 151.637903499260062, -33.143398498907807 ], [ 151.637902105757945, -33.14348867504053 ] ], [ [ 151.638116489230441, -33.143491019456938 ], [ 151.638225074149346, -33.143402015382101 ], [ 151.63801347765002, -33.143219318880561 ], [ 151.63801069088359, -33.143399671158107 ], [ 151.638116489230441, -33.143491019456938 ] ], [ [ 151.641506143765952, -33.139198848506133 ], [ 151.641613330444386, -33.139200017525908 ], [ 151.641614719923496, -33.139109841191882 ], [ 151.641508922937106, -33.139018495844681 ], [ 151.641506143765952, -33.139198848506133 ] ], [ [ 151.64172190649856, -33.139111010115478 ], [ 151.641723295861908, -33.139020833776073 ], [ 151.641616109396409, -33.139019664856477 ], [ 151.641614719923496, -33.139109841191882 ], [ 151.64172190649856, -33.139111010115478 ] ], [ [ 151.641720517128988, -33.139201186453512 ], [ 151.641827703819814, -33.139202355288916 ], [ 151.64172190649856, -33.139111010115478 ], [ 151.641720517128988, -33.139201186453512 ] ], [ [ 151.643044233137402, -33.13678044349588 ], [ 151.642934273323021, -33.136959628615585 ], [ 151.643257213082961, -33.136872955075731 ], [ 151.643259988426678, -33.136692602215788 ], [ 151.643044233137402, -33.13678044349588 ] ], [ [ 151.644019982667061, -33.136069537063086 ], [ 151.644021369519578, -33.135979360593645 ], [ 151.643914186648828, -33.135978193745615 ], [ 151.643912799686802, -33.136068370211063 ], [ 151.644019982667061, -33.136069537063086 ] ], [ [ 151.643915573604716, -33.135888017278802 ], [ 151.644024143206082, -33.135799007650661 ], [ 151.644025530040039, -33.135708831177141 ], [ 151.64391834749793, -33.135707664341076 ], [ 151.643915573604716, -33.135888017278802 ] ], [ [ 151.641693909998821, -33.133969787905073 ], [ 151.641586729673946, -33.133968619117084 ], [ 151.641583951196225, -33.134148971930749 ], [ 151.641693909998821, -33.133969787905073 ] ], [ [ 151.644495849272033, -33.133008202283385 ], [ 151.644494463061562, -33.133098378813635 ], [ 151.644601642458127, -33.133099545073172 ], [ 151.644603028559089, -33.13300936853895 ], [ 151.644604414653855, -33.132919192003349 ], [ 151.644497235476365, -33.132918025751778 ], [ 151.644495849272033, -33.133008202283385 ] ], [ [ 151.644605800742482, -33.132829015466406 ], [ 151.644607186824885, -33.132738838928098 ], [ 151.644500007866441, -33.132737672684513 ], [ 151.644498621674472, -33.132827849218828 ], [ 151.644605800742482, -33.132829015466406 ] ], [ [ 151.644825702313454, -33.132470641491786 ], [ 151.644827088152113, -33.132380464940063 ], [ 151.644612731092849, -33.132378132761275 ], [ 151.644611345035145, -33.132468309305033 ], [ 151.644825702313454, -33.132470641491786 ] ], [ [ 151.644615503189755, -33.132197779669724 ], [ 151.644722681497285, -33.132198945797221 ], [ 151.64483124563111, -33.132109935276752 ], [ 151.644728225178909, -33.131838239581846 ], [ 151.644621047309499, -33.131837073470294 ], [ 151.644511097179702, -33.132016260361027 ], [ 151.644615503189755, -33.132197779669724 ] ], [ [ 151.644622433323974, -33.131746896917043 ], [ 151.644515255570241, -33.13174573071732 ], [ 151.644513869446229, -33.131835907266577 ], [ 151.644621047309499, -33.131837073470294 ], [ 151.644622433323974, -33.131746896917043 ] ], [ [ 151.644729611083875, -33.13174806302461 ], [ 151.644730996982673, -33.131657886466016 ], [ 151.644623819332281, -33.131656720362429 ], [ 151.644622433323974, -33.131746896917043 ], [ 151.644729611083875, -33.13174806302461 ] ], [ [ 151.644405305349466, -33.131924917514631 ], [ 151.644406691589182, -33.13183474097071 ], [ 151.644408077822675, -33.131744564425425 ], [ 151.644299513738275, -33.131833574582672 ], [ 151.64429812738905, -33.131923751122606 ], [ 151.644405305349466, -33.131924917514631 ] ], [ [ 151.641995759342336, -33.128291008036818 ], [ 151.641997147853431, -33.128200831530371 ], [ 151.6418899745251, -33.128199663182428 ], [ 151.641888585904468, -33.128289839684889 ], [ 151.641995759342336, -33.128291008036818 ] ], [ [ 151.641994370825017, -33.128381184541936 ], [ 151.642102932786372, -33.128292176296611 ], [ 151.641995759342336, -33.128291008036818 ], [ 151.641994370825017, -33.128381184541936 ] ], [ [ 151.640215520223506, -33.125565839775511 ], [ 151.640214130030586, -33.125656016253416 ], [ 151.640321300194074, -33.125657185963739 ], [ 151.640322690277515, -33.125567009481827 ], [ 151.640215520223506, -33.125565839775511 ] ], [ [ 151.64393597442907, -33.127590609949529 ], [ 151.643934587932193, -33.127680786537361 ], [ 151.644041760721024, -33.127681953110539 ], [ 151.644043147108391, -33.127591776518727 ], [ 151.64393597442907, -33.127590609949529 ] ], [ [ 151.646114818248094, -33.118324555383502 ], [ 151.646112050679648, -33.118504908989109 ], [ 151.646220596097521, -33.118415896599124 ], [ 151.646114818248094, -33.118324555383502 ] ], [ [ 151.646575279565241, -33.116255145242178 ], [ 151.646576662760651, -33.116164968390173 ], [ 151.646469503847612, -33.116163804353896 ], [ 151.64646812054275, -33.116253981201922 ], [ 151.646575279565241, -33.116255145242178 ] ], [ [ 151.645617769424803, -33.115793781469591 ], [ 151.64561500110733, -33.115974135111436 ], [ 151.645832086282951, -33.115796110891878 ], [ 151.645617769424803, -33.115793781469591 ] ], [ [ 151.648510232919932, -33.108880407913752 ], [ 151.648403082764787, -33.10887924576533 ], [ 151.648401701818898, -33.108969422790992 ], [ 151.648508852083467, -33.108970584943393 ], [ 151.648510232919932, -33.108880407913752 ] ], [ [ 151.648625667314462, -33.108340507739939 ], [ 151.648517137009975, -33.108429522745219 ], [ 151.648731436244788, -33.108431846726084 ], [ 151.648732816825543, -33.108341669680357 ], [ 151.648841346808013, -33.108252654477639 ], [ 151.648736958530947, -33.108071138535024 ], [ 151.648629809348023, -33.108069976606529 ], [ 151.648412749213549, -33.10824800654769 ], [ 151.648625667314462, -33.108340507739939 ] ], [ [ 151.646871182700067, -33.11093703598447 ], [ 151.646872565313004, -33.110846859044372 ], [ 151.646765412843422, -33.110845695427152 ], [ 151.646764030121062, -33.110935872363264 ], [ 151.646871182700067, -33.11093703598447 ] ], [ [ 151.647110370028543, -33.109316177677819 ], [ 151.647108987739102, -33.109406354648968 ], [ 151.64721613847675, -33.10940751792625 ], [ 151.647217520656795, -33.109317340951137 ], [ 151.647218902830645, -33.109227163974651 ], [ 151.647111752311787, -33.109226000705327 ], [ 151.647110370028543, -33.109316177677819 ] ], [ [ 151.647453932473724, -33.107876835307572 ], [ 151.647455314330244, -33.107786658301414 ], [ 151.647348165549374, -33.107785495279906 ], [ 151.647346783583458, -33.107875672282077 ], [ 151.647453932473724, -33.107876835307572 ] ], [ [ 151.647350929462732, -33.107605141271456 ], [ 151.647242398843815, -33.10769415516674 ], [ 151.647348165549374, -33.107785495279906 ], [ 151.647350929462732, -33.107605141271456 ] ], [ [ 151.64745807802484, -33.107606304285014 ], [ 151.647459459862887, -33.107516127274771 ], [ 151.647352311410174, -33.107514964265199 ], [ 151.647350929462732, -33.107605141271456 ], [ 151.64745807802484, -33.107606304285014 ] ], [ [ 151.648249547624687, -33.104909131068808 ], [ 151.64792673044991, -33.104995821108908 ], [ 151.64781820369771, -33.105084835639182 ], [ 151.647923967987481, -33.105176175235883 ], [ 151.648029732495957, -33.105267514747119 ], [ 151.647470514345599, -33.106794711143984 ], [ 151.648249547624687, -33.104909131068808 ] ], [ [ 151.648358073732908, -33.104820116143678 ], [ 151.648359454505083, -33.104729939059538 ], [ 151.648147926252278, -33.104547260511566 ], [ 151.647929492887698, -33.10481546697649 ], [ 151.648249547624687, -33.104909131068808 ], [ 151.648358073732908, -33.104820116143678 ] ], [ [ 151.648356692954593, -33.104910293226467 ], [ 151.648463838290667, -33.104911455292068 ], [ 151.648462457615551, -33.105001632377473 ], [ 151.648569603067159, -33.105002794354981 ], [ 151.648572364192461, -33.104822440174857 ], [ 151.648465218959615, -33.1048212782053 ], [ 151.648358073732908, -33.104820116143678 ], [ 151.648356692954593, -33.104910293226467 ] ], [ [ 151.647928111671888, -33.104905644043384 ], [ 151.647820966366567, -33.104904481517444 ], [ 151.647819585035222, -33.104994658578988 ], [ 151.64792673044991, -33.104995821108908 ], [ 151.647928111671888, -33.104905644043384 ] ], [ [ 151.647816822354059, -33.10517501269802 ], [ 151.647815441004241, -33.105265189755485 ], [ 151.647922586747029, -33.105266352297335 ], [ 151.647923967987481, -33.105176175235883 ], [ 151.647816822354059, -33.10517501269802 ] ], [ [ 151.736769634507567, -32.962158301693542 ], [ 151.736770917975804, -32.962068119358456 ], [ 151.736663941600199, -32.962067037336354 ], [ 151.736662658023334, -32.962157219667745 ], [ 151.736769634507567, -32.962158301693542 ] ], [ [ 151.636499840702612, -33.213281067254933 ], [ 151.636392564032548, -33.213279891526589 ], [ 151.636391165270481, -33.213370066589093 ], [ 151.636498442050481, -33.21337124232145 ], [ 151.636499840702612, -33.213281067254933 ] ], [ [ 151.55473078048982, -33.3312262731516 ], [ 151.554732269654181, -33.331136102961956 ], [ 151.554624852540684, -33.331134852854646 ], [ 151.554626341809012, -33.331044682667894 ], [ 151.554733758811921, -33.331045932770941 ], [ 151.554735247963009, -33.330955762578554 ], [ 151.55441150782309, -33.331042182183268 ], [ 151.554517435433837, -33.331133602654496 ], [ 151.554192204711768, -33.331310191832237 ], [ 151.55473078048982, -33.3312262731516 ] ], [ [ 151.55484266486198, -33.330957012584491 ], [ 151.554844153895885, -33.330866842386477 ], [ 151.554736737107504, -33.330865592384811 ], [ 151.554735247963009, -33.330955762578554 ], [ 151.55484266486198, -33.330957012584491 ] ], [ [ 151.554636766501602, -33.330413491322275 ], [ 151.554532328924438, -33.330231900767942 ], [ 151.554859043870096, -33.329965140331005 ], [ 151.554966459559296, -33.329966390197228 ], [ 151.55507238650867, -33.330057810190851 ], [ 151.555184268209359, -33.329788549198049 ], [ 151.555078341454589, -33.329697129301699 ], [ 151.555294660701406, -33.329609458310138 ], [ 151.554970926090505, -33.329695879541092 ], [ 151.554756095382231, -33.329693379741364 ], [ 151.554759073478863, -33.329513039314129 ], [ 151.554760562517231, -33.329422869098465 ], [ 151.554867977536333, -33.32942411903197 ], [ 151.554864999674123, -33.32960445947046 ], [ 151.555296149193509, -33.329519288074536 ], [ 151.555300614630113, -33.32924877735951 ], [ 151.555302103095698, -33.329158607118444 ], [ 151.555194688381846, -33.32915735756908 ], [ 151.554979858973923, -33.329154858191842 ], [ 151.554875422075867, -33.328973267911763 ], [ 151.554762051549005, -33.329332698881423 ], [ 151.554654636647086, -33.329331448859335 ], [ 151.55465314750478, -33.329421619072122 ], [ 151.554651658355823, -33.329511789283536 ], [ 151.554544243239434, -33.329510539160083 ], [ 151.554541264700475, -33.329690879570258 ], [ 151.554648680038042, -33.329692129702238 ], [ 151.554647190869161, -33.329782299909539 ], [ 151.554754606323968, -33.329783549952928 ], [ 151.55486202178534, -33.329784799903479 ], [ 151.55464421251159, -33.329962640320019 ], [ 151.554645701693715, -33.329872470115468 ], [ 151.554538286134971, -33.329871219974976 ], [ 151.554429381179631, -33.329960139937668 ], [ 151.554427891769734, -33.33005031013235 ], [ 151.554535307542977, -33.330051560374208 ], [ 151.554533818237019, -33.330141730571761 ], [ 151.554426402353215, -33.330140480325639 ], [ 151.554208591310157, -33.330318319920302 ], [ 151.554418955171059, -33.330591331271577 ], [ 151.554636766501602, -33.330413491322275 ] ], [ [ 151.554850109965145, -33.330506161580729 ], [ 151.554853087959998, -33.330325821169644 ], [ 151.554636766501602, -33.330413491322275 ], [ 151.554850109965145, -33.330506161580729 ] ], [ [ 151.554956037421022, -33.33059758168028 ], [ 151.55506494267712, -33.330508661271459 ], [ 151.55506643145668, -33.330418491058076 ], [ 151.55495901520797, -33.330417241263397 ], [ 151.554850109965145, -33.330506161580729 ], [ 151.554956037421022, -33.33059758168028 ] ], [ [ 151.554738226245348, -33.330775422189674 ], [ 151.554953059607556, -33.330777922091663 ], [ 151.554956037421022, -33.33059758168028 ], [ 151.554738226245348, -33.330775422189674 ] ], [ [ 151.549219396494777, -33.339639625478014 ], [ 151.549111969205768, -33.339638370321978 ], [ 151.549110473769048, -33.339728540163705 ], [ 151.549217901168674, -33.339729795324004 ], [ 151.549219396494777, -33.339639625478014 ] ], [ [ 151.548249558483349, -33.339808665343803 ], [ 151.548142131033018, -33.339807409343315 ], [ 151.548140634587298, -33.339897579143788 ], [ 151.548248062148247, -33.339898835148553 ], [ 151.548249558483349, -33.339808665343803 ] ], [ [ 151.548340527104671, -33.340801789075314 ], [ 151.548342023395747, -33.34071161928 ], [ 151.548452444306662, -33.340532535534216 ], [ 151.548239083997686, -33.340439853948247 ], [ 151.548130159280561, -33.340528767708676 ], [ 151.547809371138698, -33.340434829269185 ], [ 151.547700446005706, -33.340523742640961 ], [ 151.548019737725809, -33.340707851150135 ], [ 151.548128662781494, -33.340618937498171 ], [ 151.548127166275805, -33.340709107286308 ], [ 151.548234594832451, -33.340710363329592 ], [ 151.5482330984307, -33.340800533120643 ], [ 151.548340527104671, -33.340801789075314 ] ], [ [ 151.54835100100243, -33.34017060047929 ], [ 151.548243573102951, -33.340169344554575 ], [ 151.548131655772949, -33.34043859791781 ], [ 151.548239083997686, -33.340439853948247 ], [ 151.54835100100243, -33.34017060047929 ] ], [ [ 151.547918296050426, -33.340345915794579 ], [ 151.547810867956343, -33.34034465948978 ], [ 151.547809371138698, -33.340434829269185 ], [ 151.547918296050426, -33.340345915794579 ] ], [ [ 151.548025724151216, -33.34034717200651 ], [ 151.548027220740892, -33.340257002217179 ], [ 151.547919792750776, -33.340255746009539 ], [ 151.547918296050426, -33.340345915794579 ], [ 151.548025724151216, -33.34034717200651 ] ], [ [ 151.547907818961562, -33.340977104251571 ], [ 151.547797396357765, -33.341156187455034 ], [ 151.548012254544119, -33.341158700048823 ], [ 151.548121180186314, -33.341069786425123 ], [ 151.547907818961562, -33.340977104251571 ] ], [ [ 151.547791408807313, -33.341516866515043 ], [ 151.547683979281572, -33.341515610061698 ], [ 151.547575052636915, -33.341604523268494 ], [ 151.54778991190301, -33.341607036276635 ], [ 151.547791408807313, -33.341516866515043 ] ], [ [ 151.547561578206881, -33.342416050983942 ], [ 151.547454147588041, -33.342414794301995 ], [ 151.547455644884252, -33.342324624565599 ], [ 151.547348214382737, -33.342323367795053 ], [ 151.547346716975881, -33.342413537527172 ], [ 151.547239286370399, -33.342412280659453 ], [ 151.547236291315386, -33.342592620110999 ], [ 151.54744965565942, -33.342685303502975 ], [ 151.547340727281778, -33.34277421644191 ], [ 151.547448158336522, -33.342775473233878 ], [ 151.547555589397945, -33.34277672993295 ], [ 151.547554092179041, -33.342866899666774 ], [ 151.547658529121293, -33.34304849574935 ], [ 151.547765960527983, -33.343049752275491 ], [ 151.547876385735265, -33.342870669219515 ], [ 151.547877882622231, -33.342780499472852 ], [ 151.547770451540799, -33.342779243052441 ], [ 151.547768954543216, -33.342869412794819 ], [ 151.547661523357789, -33.342868156277234 ], [ 151.547663020466047, -33.342777986539133 ], [ 151.547664517567625, -33.342687816799661 ], [ 151.547557086610198, -33.342686560197755 ], [ 151.547882373243084, -33.342509990224606 ], [ 151.547561578206881, -33.342416050983942 ] ], [ [ 151.547440671622098, -33.343226321867874 ], [ 151.547545108725643, -33.343407918040931 ], [ 151.547976332952487, -33.343322774285525 ], [ 151.547977829762118, -33.343232604541413 ], [ 151.547654037716512, -33.343319004947219 ], [ 151.547658529121293, -33.34304849574935 ], [ 151.547440671622098, -33.343226321867874 ] ], [ [ 151.547118376818105, -33.343222551149069 ], [ 151.547003456135997, -33.34367214257108 ], [ 151.547218320425173, -33.343674656705119 ], [ 151.547113883713592, -33.343493060274469 ], [ 151.547437676889672, -33.343406661311874 ], [ 151.547440671622098, -33.343226321867874 ], [ 151.547118376818105, -33.343222551149069 ] ], [ [ 151.54679758009425, -33.343128609895906 ], [ 151.546687152368747, -33.343307691916259 ], [ 151.546794584047376, -33.343308949291249 ], [ 151.546793086013906, -33.343399118986873 ], [ 151.54690051780986, -33.343400376273259 ], [ 151.546902015732684, -33.343310206573364 ], [ 151.547118376818105, -33.343222551149069 ], [ 151.54679758009425, -33.343128609895906 ] ], [ [ 151.546799078107711, -33.343038440196196 ], [ 151.546691646761047, -33.343037182834053 ], [ 151.546690148636941, -33.343127352529486 ], [ 151.54679758009425, -33.343128609895906 ], [ 151.546799078107711, -33.343038440196196 ] ], [ [ 151.546906509461053, -33.343039697465443 ], [ 151.546908007357217, -33.342949527760062 ], [ 151.546800576114492, -33.342948270495086 ], [ 151.546799078107711, -33.343038440196196 ], [ 151.546906509461053, -33.343039697465443 ] ], [ [ 151.546802074114595, -33.342858100792618 ], [ 151.546694642989223, -33.342856843439051 ], [ 151.546693144878446, -33.34294701313722 ], [ 151.546800576114492, -33.342948270495086 ], [ 151.546802074114595, -33.342858100792618 ] ], [ [ 151.546579720696769, -33.343306434448372 ], [ 151.546578222442008, -33.343396604135407 ], [ 151.546685654224603, -33.343397861607578 ], [ 151.546687152368747, -33.343307691916259 ], [ 151.546579720696769, -33.343306434448372 ] ], [ [ 151.548295635273064, -33.343506882297582 ], [ 151.548188203279778, -33.343505626214487 ], [ 151.548186706671459, -33.34359579596304 ], [ 151.54829413877539, -33.343597052050413 ], [ 151.548295635273064, -33.343506882297582 ] ], [ [ 151.548189699881448, -33.343415456464562 ], [ 151.548082268005487, -33.343414200292855 ], [ 151.548080771293172, -33.343504370038488 ], [ 151.548188203279778, -33.343505626214487 ], [ 151.548189699881448, -33.343415456464562 ] ], [ [ 151.547636071497465, -33.344401041615313 ], [ 151.547633077034277, -33.344581381040818 ], [ 151.547740510322086, -33.34458263763976 ], [ 151.547743504563954, -33.344402298205701 ], [ 151.547636071497465, -33.344401041615313 ] ], [ [ 151.547834470194061, -33.345395421569762 ], [ 151.547727035903648, -33.345394165025176 ], [ 151.547725538712712, -33.3454843347278 ], [ 151.547832973113799, -33.34548559127667 ], [ 151.547834470194061, -33.345395421569762 ] ], [ [ 151.515682655716006, -33.378384223308046 ], [ 151.515684187845153, -33.378294055380636 ], [ 151.51557671467134, -33.378292769910125 ], [ 151.515575182431348, -33.378382937833152 ], [ 151.515682655716006, -33.378384223308046 ] ], [ [ 151.515579779130803, -33.378112434059929 ], [ 151.515473838515788, -33.378020980582384 ], [ 151.515366365688067, -33.378019694938985 ], [ 151.515469241504292, -33.378291484346597 ], [ 151.515579779130803, -33.378112434059929 ] ], [ [ 151.515367898122463, -33.377929527019212 ], [ 151.515260425412407, -33.377928241287186 ], [ 151.515258892867223, -33.378018409202596 ], [ 151.515366365688067, -33.378019694938985 ], [ 151.515367898122463, -33.377929527019212 ] ], [ [ 151.515475370839312, -33.377930812658214 ], [ 151.515476903155985, -33.377840644732686 ], [ 151.515369430549981, -33.377839359098068 ], [ 151.515367898122463, -33.377929527019212 ], [ 151.515475370839312, -33.377930812658214 ] ], [ [ 151.512240442620367, -33.378523377549605 ], [ 151.512456924684329, -33.378435786397262 ], [ 151.512458460145325, -33.378345618602715 ], [ 151.512134505132934, -33.378431921309669 ], [ 151.512240442620367, -33.378523377549605 ] ], [ [ 151.511721510723049, -33.377434921079704 ], [ 151.511723046884697, -33.377344753300754 ], [ 151.511615575071943, -33.377343464432855 ], [ 151.511506566882701, -33.377432343242127 ], [ 151.511721510723049, -33.377434921079704 ] ], [ [ 151.511859702370316, -33.37563285393108 ], [ 151.51196717209109, -33.37563414252957 ], [ 151.511968707894312, -33.375543974714333 ], [ 151.511861238284354, -33.375542686120248 ], [ 151.511859702370316, -33.37563285393108 ] ], [ [ 151.511976386807788, -33.375093135617661 ], [ 151.511977922569969, -33.375002967794181 ], [ 151.511870453624937, -33.375001679226408 ], [ 151.51186891775194, -33.375091847045503 ], [ 151.511976386807788, -33.375093135617661 ] ], [ [ 151.512638086980644, -33.374109018674368 ], [ 151.512745554865404, -33.374110306547294 ], [ 151.512747089776695, -33.374020138678013 ], [ 151.512639622002752, -33.37401885080947 ], [ 151.512638086980644, -33.374109018674368 ] ], [ [ 151.512539829797646, -33.373566723524696 ], [ 151.512650366966028, -33.373387675716621 ], [ 151.512432362591426, -33.373565435492118 ], [ 151.512539829797646, -33.373566723524696 ] ], [ [ 151.512535224480956, -33.373837227122763 ], [ 151.512859161917874, -33.373750922824264 ], [ 151.512754764230579, -33.373569299310901 ], [ 151.512539829797646, -33.373566723524696 ], [ 151.512535224480956, -33.373837227122763 ] ], [ [ 151.51285762713789, -33.373841090702058 ], [ 151.512965094703901, -33.373842378375848 ], [ 151.512966629373068, -33.373752210493656 ], [ 151.512859161917874, -33.373750922824264 ], [ 151.51285762713789, -33.373841090702058 ] ], [ [ 151.512757833964315, -33.373388963554454 ], [ 151.512759368820895, -33.373298795674152 ], [ 151.512651901933452, -33.373297507840697 ], [ 151.512650366966028, -33.373387675716621 ], [ 151.512757833964315, -33.373388963554454 ] ], [ [ 151.512222034451952, -33.373292355577021 ], [ 151.512436968179003, -33.373294931894847 ], [ 151.51243850336121, -33.37320476402634 ], [ 151.512223569855763, -33.373202187717304 ], [ 151.512222034451952, -33.373292355577021 ] ], [ [ 151.511807525242489, -33.372385523341926 ], [ 151.5119134552925, -33.37247697973433 ], [ 151.51212992243714, -33.372389388663393 ], [ 151.512238923517828, -33.372300509044429 ], [ 151.511916526635048, -33.372296644015094 ], [ 151.512027063349393, -33.372117596717679 ], [ 151.512455389914237, -33.372212917382107 ], [ 151.512456925014391, -33.372122749497095 ], [ 151.512562855458327, -33.372214205348882 ], [ 151.512567460405933, -33.371943701676614 ], [ 151.512352529989329, -33.371941125676393 ], [ 151.512245064791244, -33.3719398375368 ], [ 151.512354065179778, -33.371850957791651 ], [ 151.512463065346708, -33.371762077943373 ], [ 151.512891390718607, -33.371857397072873 ], [ 151.512673390759602, -33.372035157433757 ], [ 151.512779321334875, -33.372126613105316 ], [ 151.512774717011098, -33.372397116795668 ], [ 151.512882182797341, -33.372398404492252 ], [ 151.512995786788736, -33.372039020470893 ], [ 151.512989648590406, -33.372399692095861 ], [ 151.513204580197083, -33.372402267024107 ], [ 151.513203045852038, -33.372492434935687 ], [ 151.513308977535331, -33.3725838901793 ], [ 151.51331204601064, -33.372403554348736 ], [ 151.513313580238076, -33.372313386431408 ], [ 151.513206114535308, -33.372312099111156 ], [ 151.513101717716921, -33.372130475876659 ], [ 151.513316648672429, -33.372133050592616 ], [ 151.513430250503944, -33.3717736660995 ], [ 151.513215320421182, -33.371771091604586 ], [ 151.513001924877727, -33.371678348823927 ], [ 151.513011131806223, -33.37113734131227 ], [ 151.512797738015053, -33.371044598220237 ], [ 151.51279159923098, -33.371405269870593 ], [ 151.512575135181919, -33.371492862195332 ], [ 151.512366346457384, -33.371129614664341 ], [ 151.51214681196987, -33.371397542027886 ], [ 151.512361741029565, -33.371400118347381 ], [ 151.512360205873279, -33.371490286238988 ], [ 151.511930347338023, -33.371485133210498 ], [ 151.512039347450241, -33.371396253728655 ], [ 151.511718489746698, -33.371302220406434 ], [ 151.511500488912162, -33.371479978694268 ], [ 151.511498952862667, -33.371570146549388 ], [ 151.511285559740287, -33.371477400878256 ], [ 151.511280950906439, -33.371747904413141 ], [ 151.511064484583926, -33.371835494032268 ], [ 151.511374589947735, -33.372560703950754 ], [ 151.511696987725145, -33.372564570414397 ], [ 151.511807525242489, -33.372385523341926 ] ], [ [ 151.512128386984074, -33.372479556531097 ], [ 151.512235852840121, -33.372480844789997 ], [ 151.512237388182399, -33.372390676917902 ], [ 151.51212992243714, -33.372389388663393 ], [ 151.512128386984074, -33.372479556531097 ] ], [ [ 151.513095579934458, -33.372491147513664 ], [ 151.513094045471803, -33.372581315419488 ], [ 151.513201511500142, -33.372582602845895 ], [ 151.513203045852038, -33.372492434935687 ], [ 151.513095579934458, -33.372491147513664 ] ], [ [ 151.512985044869964, -33.372670195800154 ], [ 151.51309251100227, -33.372671483323934 ], [ 151.513094045471803, -33.372581315419488 ], [ 151.512985044869964, -33.372670195800154 ] ], [ [ 151.512986579450256, -33.372580027900099 ], [ 151.512879113435588, -33.372578740287729 ], [ 151.512880648119875, -33.372488572390665 ], [ 151.512773182222844, -33.372487284689697 ], [ 151.512771647427741, -33.372577452582362 ], [ 151.512556715432538, -33.372574876892656 ], [ 151.512659576668, -33.37284666844058 ], [ 151.512980441087961, -33.372940699492077 ], [ 151.513304374771081, -33.372854393914828 ], [ 151.513307443287403, -33.372674058092514 ], [ 151.513090976525916, -33.372761651227002 ], [ 151.512981975688774, -33.37285053159615 ], [ 151.512985044869964, -33.372670195800154 ], [ 151.512986579450256, -33.372580027900099 ] ], [ [ 151.512552110341403, -33.372845380536084 ], [ 151.512550575297354, -33.372935548414468 ], [ 151.512658041734738, -33.372936836323362 ], [ 151.512659576668, -33.37284666844058 ], [ 151.512552110341403, -33.372845380536084 ] ], [ [ 151.51269180868735, -33.370953142584817 ], [ 151.512584344687554, -33.370951854772457 ], [ 151.512582809787034, -33.371042022679703 ], [ 151.512797738015053, -33.371044598220237 ], [ 151.51269180868735, -33.370953142584817 ] ], [ [ 151.512367881586329, -33.371039446767227 ], [ 151.512369416708452, -33.37094927886875 ], [ 151.512261952729148, -33.370947990777438 ], [ 151.512154488756721, -33.37094670259313 ], [ 151.512047024791087, -33.370945414315855 ], [ 151.511829025521365, -33.371123173234032 ], [ 151.511827489831603, -33.371213341107811 ], [ 151.512042418407106, -33.37121591796766 ], [ 151.5120454893366, -33.371035582201159 ], [ 151.512260417496265, -33.371038158671524 ], [ 151.512366346457384, -33.371129614664341 ], [ 151.512367881586329, -33.371039446767227 ] ], [ [ 151.512048560238753, -33.370855246429159 ], [ 151.511941096390757, -33.370853958063293 ], [ 151.511939560832303, -33.370944125945577 ], [ 151.512047024791087, -33.370945414315855 ], [ 151.512048560238753, -33.370855246429159 ] ], [ [ 151.511503560990633, -33.37129964297992 ], [ 151.511505097019636, -33.371209475120665 ], [ 151.511397632762652, -33.371208186272327 ], [ 151.51139609662286, -33.371298354127177 ], [ 151.511394560476248, -33.371388521980656 ], [ 151.511500488912162, -33.371479978694268 ], [ 151.511503560990633, -33.37129964297992 ] ], [ [ 151.511287096004537, -33.371387233030546 ], [ 151.511179631539648, -33.371385943987455 ], [ 151.511178095164581, -33.371476111830773 ], [ 151.511285559740287, -33.371477400878256 ], [ 151.511287096004537, -33.371387233030546 ] ], [ [ 151.512925900689339, -33.325592079917449 ], [ 151.512921304943035, -33.325862585655479 ], [ 151.513028713579729, -33.325863871646817 ], [ 151.51303330899438, -33.325593365895649 ], [ 151.512925900689339, -33.325592079917449 ] ], [ [ 151.51281389631319, -33.325861299571315 ], [ 151.512812364273572, -33.325951468143515 ], [ 151.51280930017387, -33.326131805283815 ], [ 151.512916709135368, -33.326133091381131 ], [ 151.513027181761231, -33.325954040227778 ], [ 151.512919773013977, -33.325952754232063 ], [ 151.512921304943035, -33.325862585655479 ], [ 151.51281389631319, -33.325861299571315 ] ], [ [ 151.512915177185846, -33.326223259953601 ], [ 151.513022586264725, -33.326224545962468 ], [ 151.513024118103715, -33.326134377385621 ], [ 151.512916709135368, -33.326133091381131 ], [ 151.512915177185846, -33.326223259953601 ] ], [ [ 151.533915547773688, -33.310329393066731 ], [ 151.533806647649357, -33.310418295306739 ], [ 151.533694727996959, -33.310687536733361 ], [ 151.534124292169992, -33.310692606266784 ], [ 151.534139384018033, -33.309790909591996 ], [ 151.534246773973422, -33.309792176700221 ], [ 151.534355672862432, -33.309703274031996 ], [ 151.534140893165869, -33.309700739916977 ], [ 151.534146929690024, -33.309340061203187 ], [ 151.533932150904064, -33.309337526751648 ], [ 151.533378594850831, -33.310323055076715 ], [ 151.533485985421947, -33.310324322860268 ], [ 151.533262143713785, -33.310862804964906 ], [ 151.533047361279529, -33.310860268882074 ], [ 151.533269694207803, -33.310411956831246 ], [ 151.532510405311626, -33.310853927051433 ], [ 151.532613264126155, -33.311125704389028 ], [ 151.533365004895273, -33.311134581743886 ], [ 151.533699256947614, -33.310417027797179 ], [ 151.533702276214399, -33.310236688499529 ], [ 151.533915547773688, -33.310329393066731 ] ], [ [ 151.532294111858363, -33.310941559253486 ], [ 151.532291089611732, -33.311121898416765 ], [ 151.532510405311626, -33.310853927051433 ], [ 151.532294111858363, -33.310941559253486 ] ], [ [ 151.578755485890753, -33.227786645330141 ], [ 151.578758403226772, -33.227606300046517 ], [ 151.578545279076934, -33.227513675375931 ], [ 151.578436528694311, -33.227602621855134 ], [ 151.578435069699452, -33.227692794485073 ], [ 151.578755485890753, -33.227786645330141 ] ], [ [ 151.578432151690265, -33.227873139740844 ], [ 151.578539443524676, -33.227874365909692 ], [ 151.578540902422475, -33.227784193278303 ], [ 151.578435069699452, -33.227692794485073 ], [ 151.578432151690265, -33.227873139740844 ] ], [ [ 151.596285929186791, -33.211931951066042 ], [ 151.596178655987359, -33.211930740713164 ], [ 151.596177216056589, -33.212020914261423 ], [ 151.596284489365956, -33.212022124618422 ], [ 151.596285929186791, -33.211931951066042 ] ], [ [ 151.596069942753616, -33.212019703811976 ], [ 151.596068502706487, -33.21210987735472 ], [ 151.596175776119395, -33.212111087808296 ], [ 151.596177216056589, -33.212020914261423 ], [ 151.596069942753616, -33.212019703811976 ] ], [ [ 151.599697574590863, -33.206559002840052 ], [ 151.599696138562251, -33.206649176602248 ], [ 151.59980340548077, -33.206650383753903 ], [ 151.599697574590863, -33.206559002840052 ] ], [ [ 151.599588871650099, -33.206647969358158 ], [ 151.599587435505157, -33.206738143114848 ], [ 151.599694702527188, -33.206739350363051 ], [ 151.599696138562251, -33.206649176602248 ], [ 151.599588871650099, -33.206647969358158 ] ], [ [ 151.600557144381838, -33.206478483636204 ], [ 151.600558579518349, -33.206388309838324 ], [ 151.600451312884786, -33.206387103345953 ], [ 151.600449877638368, -33.206477277139705 ], [ 151.600557144381838, -33.206478483636204 ] ], [ [ 151.600664411131703, -33.20647969004029 ], [ 151.600773112804632, -33.206390722545841 ], [ 151.600671586200804, -33.206028821016666 ], [ 151.600454183358494, -33.206206755754337 ], [ 151.600558579518349, -33.206388309838324 ], [ 151.600664411131703, -33.20647969004029 ] ], [ [ 151.600778852407501, -33.20603002730774 ], [ 151.600780287292224, -33.205939853494797 ], [ 151.600673021195433, -33.205938647207844 ], [ 151.600565755105066, -33.205937440828478 ], [ 151.600564320000501, -33.206027614633186 ], [ 151.600671586200804, -33.206028821016666 ], [ 151.600778852407501, -33.20603002730774 ] ], [ [ 151.629594077814943, -33.167568747191694 ], [ 151.629592674522939, -33.167658922661076 ], [ 151.629699895289633, -33.167660102822857 ], [ 151.629701298471929, -33.16756992734944 ], [ 151.629594077814943, -33.167568747191694 ] ], [ [ 151.629698492101113, -33.167750278294903 ], [ 151.629805712983739, -33.167751458368429 ], [ 151.62980711606258, -33.167661282892347 ], [ 151.629699895289633, -33.167660102822857 ], [ 151.629698492101113, -33.167750278294903 ] ], [ [ 151.629919948655697, -33.167301760935509 ], [ 151.629812728315329, -33.167300580974427 ], [ 151.629809922201474, -33.167480931936112 ], [ 151.629915739804602, -33.167572287388076 ], [ 151.629912933872646, -33.167752638349668 ], [ 151.630127375669218, -33.167754998035299 ], [ 151.630130181162315, -33.167574647057577 ], [ 151.630022960480346, -33.167573467268973 ], [ 151.630131583899498, -33.167484471566688 ], [ 151.630132986630457, -33.167394296074434 ], [ 151.630346025062806, -33.167486830858984 ], [ 151.630241609714233, -33.167305300265042 ], [ 151.630454648055633, -33.167397834862363 ], [ 151.630566075382006, -33.16712848774047 ], [ 151.630028571830422, -33.167212765313359 ], [ 151.630025766167904, -33.167393116293901 ], [ 151.629919948655697, -33.167301760935509 ] ], [ [ 151.629804309898702, -33.167841633843132 ], [ 151.629908724927816, -33.168023164781836 ], [ 151.629801503709785, -33.168021984788496 ], [ 151.629798697495886, -33.168202335728395 ], [ 151.629690072838628, -33.168291331098594 ], [ 151.629687266367796, -33.168471682022265 ], [ 151.629904515926711, -33.168293691201747 ], [ 151.629901709894739, -33.168474042141561 ], [ 151.630226180605746, -33.168297230664344 ], [ 151.630334804745672, -33.168208234812546 ], [ 151.630228985954432, -33.168116879694885 ], [ 151.630127375669218, -33.167754998035299 ], [ 151.629804309898702, -33.167841633843132 ] ], [ [ 151.630224777922024, -33.168387406147012 ], [ 151.630331999603897, -33.168388585787334 ], [ 151.630333402177911, -33.168298410300622 ], [ 151.630226180605746, -33.168297230664344 ], [ 151.630224777922024, -33.168387406147012 ] ], [ [ 151.62751528600549, -33.15645235987845 ], [ 151.627408078976686, -33.156451178187297 ], [ 151.627406674041282, -33.156541353735228 ], [ 151.627513881179709, -33.156542535430425 ], [ 151.62751528600549, -33.15645235987845 ] ], [ [ 151.627512476347732, -33.156632710981015 ], [ 151.627619683602035, -33.156633892588005 ], [ 151.627513881179709, -33.156542535430425 ], [ 151.627512476347732, -33.156632710981015 ] ], [ [ 151.632085771704595, -33.145228754420437 ], [ 151.632192965293399, -33.145229931734093 ], [ 151.632304356844571, -33.144960581261373 ], [ 151.631446810888917, -33.144951161004535 ], [ 151.631442610302685, -33.145221688602099 ], [ 151.631762791096435, -33.145315397801411 ], [ 151.631548403755772, -33.145313042336163 ], [ 151.631547003651235, -33.145403218201984 ], [ 151.631652797426852, -33.145494571853199 ], [ 151.631869984776131, -33.145316575395718 ], [ 151.63219016640565, -33.145410283515368 ], [ 151.632085771704595, -33.145228754420437 ] ], [ [ 151.63133261611631, -33.14540086235985 ], [ 151.631219820562592, -33.145760387701763 ], [ 151.631434208961736, -33.145762743760521 ], [ 151.631547003651235, -33.145403218201984 ], [ 151.63133261611631, -33.14540086235985 ] ], [ [ 151.631540003034928, -33.145854097510593 ], [ 151.631648597385833, -33.145765099450443 ], [ 151.631434208961736, -33.145762743760521 ], [ 151.631540003034928, -33.145854097510593 ] ], [ [ 151.647106926788439, -33.116531494669431 ], [ 151.647003915716795, -33.116259800482133 ], [ 151.646898139536773, -33.116168459946351 ], [ 151.646682438593871, -33.116256309190334 ], [ 151.646893990916965, -33.116438990534114 ], [ 151.647106926788439, -33.116531494669431 ] ], [ [ 151.647105544115533, -33.116621671535896 ], [ 151.647212703612752, -33.116622835039415 ], [ 151.647214086176206, -33.116532658168971 ], [ 151.647106926788439, -33.116531494669431 ], [ 151.647105544115533, -33.116621671535896 ] ], [ [ 151.546782599592916, -33.344030306817757 ], [ 151.546784097673054, -33.343940137131753 ], [ 151.546676665219849, -33.343938879726764 ], [ 151.546675167029036, -33.344029049408483 ], [ 151.546782599592916, -33.344030306817757 ] ], [ [ 151.546891530132939, -33.34394139444386 ], [ 151.546893028095752, -33.343851224752186 ], [ 151.546785595746542, -33.343849967444363 ], [ 151.546784097673054, -33.343940137131753 ], [ 151.546891530132939, -33.34394139444386 ] ], [ [ 151.546567734471893, -33.344027791906328 ], [ 151.546566236163727, -33.344117961582384 ], [ 151.546673668831573, -33.344119219088839 ], [ 151.546675167029036, -33.344029049408483 ], [ 151.546567734471893, -33.344027791906328 ] ], [ [ 151.64743043997052, -33.109409844204585 ], [ 151.647431821931747, -33.109319667221506 ], [ 151.647324671291187, -33.109318504132368 ], [ 151.647323289220566, -33.109408681111468 ], [ 151.64743043997052, -33.109409844204585 ] ], [ [ 151.647647504967637, -33.109231816131157 ], [ 151.647650268421671, -33.109051462142283 ], [ 151.647434585835725, -33.109139313251276 ], [ 151.647431821931747, -33.109319667221506 ], [ 151.647647504967637, -33.109231816131157 ] ], [ [ 151.625242832132272, -33.157780156855964 ], [ 151.625350040680559, -33.157781340452701 ], [ 151.625351447787068, -33.157691165000628 ], [ 151.625244239348461, -33.157689981407934 ], [ 151.625242832132272, -33.157780156855964 ] ], [ [ 151.625458656231956, -33.157692348501079 ], [ 151.625460063222533, -33.157602173043607 ], [ 151.625352854887296, -33.157600989547198 ], [ 151.625351447787068, -33.157691165000628 ], [ 151.625458656231956, -33.157692348501079 ] ], [ [ 151.631128807852775, -33.16542104797476 ], [ 151.631234624467879, -33.165512402306305 ], [ 151.631343244082132, -33.165423405420611 ], [ 151.631238828938507, -33.165241875614782 ], [ 151.631131611046328, -33.165240696853751 ], [ 151.631130209452692, -33.165330872414927 ], [ 151.631128807852775, -33.16542104797476 ] ], [ [ 151.631341842695377, -33.165513580987138 ], [ 151.631449060929128, -33.165514759575672 ], [ 151.631557680336471, -33.165425762497378 ], [ 151.631451863476997, -33.165334408433225 ], [ 151.631450462206175, -33.165424584005137 ], [ 151.631343244082132, -33.165423405420611 ], [ 151.631341842695377, -33.165513580987138 ] ], [ [ 151.631564686079628, -33.164974884604128 ], [ 151.631457468497842, -33.164973706132017 ], [ 151.631347448204963, -33.165152878712917 ], [ 151.63134604683691, -33.165243054283508 ], [ 151.631560482652475, -33.165245411344152 ], [ 151.631564686079628, -33.164974884604128 ] ], [ [ 151.631348849566734, -33.165062703140961 ], [ 151.63124163188769, -33.165061524480286 ], [ 151.631240230416239, -33.165151700048206 ], [ 151.631347448204963, -33.165152878712917 ], [ 151.631348849566734, -33.165062703140961 ] ], [ [ 151.630575891120543, -33.16649725911514 ], [ 151.63036004989678, -33.166585075794586 ], [ 151.630463062335252, -33.166856781807695 ], [ 151.63067890413879, -33.166768964967929 ], [ 151.630575891120543, -33.16649725911514 ] ], [ [ 151.630354440038161, -33.166945777836666 ], [ 151.630461659970962, -33.166946957320214 ], [ 151.630463062335252, -33.166856781807695 ], [ 151.630354440038161, -33.166945777836666 ] ], [ [ 151.623024092302558, -33.189953731608767 ], [ 151.623352889557111, -33.189506416328513 ], [ 151.623146861724251, -33.188962994138109 ], [ 151.623573026249204, -33.189148088974271 ], [ 151.623577258054041, -33.188877564180707 ], [ 151.623793161108694, -33.188789761163996 ], [ 151.624223556039198, -33.188704328930548 ], [ 151.623478475819667, -33.188335328479909 ], [ 151.623804443837571, -33.188068361578857 ], [ 151.624124769957774, -33.188162093629821 ], [ 151.624237654931761, -33.187802579259852 ], [ 151.624023164831925, -33.187800208170614 ], [ 151.624140279498477, -33.187170168939268 ], [ 151.624567847185972, -33.187265085260393 ], [ 151.624778108189304, -33.187537980378252 ], [ 151.624776698896255, -33.187628155375769 ], [ 151.624883943767372, -33.187629340311986 ], [ 151.624885352950628, -33.187539165310426 ], [ 151.625104069345184, -33.187271009860524 ], [ 151.6251054782837, -33.1871808348454 ], [ 151.6249982339491, -33.187179650114139 ], [ 151.62414309933331, -33.186989818977828 ], [ 151.622943658752774, -33.188239221792372 ], [ 151.622837824539829, -33.188147860250325 ], [ 151.622839235847323, -33.188057685333895 ], [ 151.622731990546498, -33.188056498622686 ], [ 151.622730579129211, -33.188146673535051 ], [ 151.622400372322289, -33.188684162207828 ], [ 151.62196856371591, -33.188859762965123 ], [ 151.62163411164218, -33.189667773915438 ], [ 151.621848606077975, -33.189670149238687 ], [ 151.62184295640364, -33.190030848652242 ], [ 151.622266299090256, -33.190396297711956 ], [ 151.62227053511296, -33.190125773121508 ], [ 151.622271947107947, -33.190035598255299 ], [ 151.622168935699136, -33.189763886398453 ], [ 151.62249208953628, -33.189677272991773 ], [ 151.622485030722544, -33.190128147376974 ], [ 151.622695291652519, -33.190401045902114 ], [ 151.622802539808788, -33.190402232718746 ], [ 151.622811008502708, -33.18986118340392 ], [ 151.623024092302558, -33.189953731608767 ] ], [ [ 151.62423060556398, -33.188253454112214 ], [ 151.624443687114393, -33.188345999847016 ], [ 151.624773880291315, -33.187808505366739 ], [ 151.624563618685585, -33.187535610236843 ], [ 151.624237654931761, -33.187802579259852 ], [ 151.62423060556398, -33.188253454112214 ] ], [ [ 151.622264887070116, -33.190486472572722 ], [ 151.622372135311082, -33.190487659762859 ], [ 151.622373547221372, -33.190397484898043 ], [ 151.622266299090256, -33.190396297711956 ], [ 151.622264887070116, -33.190486472572722 ] ], [ [ 151.622051802846897, -33.190393923062707 ], [ 151.622259238926574, -33.190847172002151 ], [ 151.622473736293472, -33.190849546322511 ], [ 151.622264887070116, -33.190486472572722 ], [ 151.622051802846897, -33.190393923062707 ] ], [ [ 151.622379194799777, -33.190036785425157 ], [ 151.622380606678632, -33.189946610553541 ], [ 151.622273359096653, -33.189945423387741 ], [ 151.622271947107947, -33.190035598255299 ], [ 151.622379194799777, -33.190036785425157 ] ], [ [ 151.590183191565842, -33.217815465175683 ], [ 151.590180298753609, -33.217995811635028 ], [ 151.590289025376109, -33.217906854120962 ], [ 151.590290471669022, -33.217816680886443 ], [ 151.590183191565842, -33.217815465175683 ] ], [ [ 151.590396305595675, -33.217908069743423 ], [ 151.590397751778625, -33.217817896504762 ], [ 151.590289025376109, -33.217906854120962 ], [ 151.590396305595675, -33.217908069743423 ] ], [ [ 151.582565979404933, -33.224402929468546 ], [ 151.582458691621127, -33.224401706884613 ], [ 151.582457236930594, -33.224491879718393 ], [ 151.582564524824392, -33.224493102306489 ], [ 151.582565979404933, -33.224402929468546 ] ], [ [ 151.582349949043248, -33.224490657037805 ], [ 151.582348494236214, -33.224580829866035 ], [ 151.582455782233552, -33.224582052550794 ], [ 151.582457236930594, -33.224491879718393 ], [ 151.582349949043248, -33.224490657037805 ] ], [ [ 151.512698826871087, -33.326310856219706 ], [ 151.512591417702112, -33.326309569927972 ], [ 151.512589885407294, -33.326399738484547 ], [ 151.512697294686802, -33.326401024780665 ], [ 151.512698826871087, -33.326310856219706 ] ], [ [ 151.517114343712905, -33.319329066127665 ], [ 151.517111289242877, -33.319509403812631 ], [ 151.517220217418554, -33.319420517120122 ], [ 151.517114343712905, -33.319329066127665 ] ], [ [ 151.532288067338186, -33.311302237574559 ], [ 151.532076306635787, -33.311119360638045 ], [ 151.531860012111451, -33.311206992050508 ], [ 151.531962869258194, -33.311478769867712 ], [ 151.532288067338186, -33.311302237574559 ] ], [ [ 151.535229871979908, -33.308811709523802 ], [ 151.535122483179151, -33.308810443298007 ], [ 151.535015094385102, -33.308809176979445 ], [ 151.535013586188143, -33.308899346702738 ], [ 151.535120975092639, -33.308900613025614 ], [ 151.535228364003871, -33.308901879255721 ], [ 151.535229871979908, -33.308811709523802 ] ], [ [ 151.535119466999447, -33.308990782751849 ], [ 151.535012077984476, -33.308989516424646 ], [ 151.535010569774101, -33.309079686145196 ], [ 151.535117958899519, -33.309080952476705 ], [ 151.535119466999447, -33.308990782751849 ] ], [ [ 151.555828219269216, -33.290744712117302 ], [ 151.555826733514522, -33.290834882937503 ], [ 151.555934101278552, -33.290836130677413 ], [ 151.555935586922885, -33.290745959852963 ], [ 151.555828219269216, -33.290744712117302 ] ], [ [ 151.556918226828486, -33.289765305721474 ], [ 151.556810860329279, -33.289764058866957 ], [ 151.556809375640597, -33.289854229740513 ], [ 151.556916742250166, -33.289855476599286 ], [ 151.556918226828486, -33.289765305721474 ] ], [ [ 151.579535685021796, -33.225991770930271 ], [ 151.579642974610664, -33.225992996086383 ], [ 151.579644432271834, -33.225902823384459 ], [ 151.579537142792987, -33.225901598232539 ], [ 151.579535685021796, -33.225991770930271 ] ], [ [ 151.588991529774887, -33.218523471694354 ], [ 151.588990082110655, -33.218613644868107 ], [ 151.589095915572045, -33.21870503480983 ], [ 151.589207539043286, -33.218435731940495 ], [ 151.588991529774887, -33.218523471694354 ] ], [ [ 151.590096161972696, -33.216551824062272 ], [ 151.589988883422052, -33.216550608224715 ], [ 151.58998743688943, -33.216640781465884 ], [ 151.590094715550066, -33.216641997307583 ], [ 151.590096161972696, -33.216551824062272 ] ], [ [ 151.600447007126292, -33.206657624723135 ], [ 151.600554274089603, -33.20665883122787 ], [ 151.600555709238932, -33.206568657432726 ], [ 151.600447007126292, -33.206657624723135 ] ], [ [ 151.606216490669738, -33.201401173259939 ], [ 151.606215061605383, -33.201491347347975 ], [ 151.606322322532492, -33.201492548716537 ], [ 151.60632375148694, -33.201402374624401 ], [ 151.606216490669738, -33.201401173259939 ] ], [ [ 151.620989615176029, -33.169187363106332 ], [ 151.621204059661807, -33.169189738249216 ], [ 151.621205471624307, -33.169099563119893 ], [ 151.620989615176029, -33.169187363106332 ] ], [ [ 151.633379086264824, -33.144791996400485 ], [ 151.633487677468793, -33.144702996639822 ], [ 151.633273291462842, -33.144700644181505 ], [ 151.633278884630499, -33.144339940409097 ], [ 151.633063101024419, -33.144427763551235 ], [ 151.633058905481846, -33.144698291354374 ], [ 151.632953111130689, -33.144606938873508 ], [ 151.63284591826536, -33.144605762233454 ], [ 151.632841722027848, -33.144876290004298 ], [ 151.633164700052134, -33.144789643749732 ], [ 151.63305331133779, -33.145058995072873 ], [ 151.633379086264824, -33.144791996400485 ] ], [ [ 151.632614744636641, -33.145685519590153 ], [ 151.632726135539144, -33.145416168740823 ], [ 151.632617542685097, -33.145505167784833 ], [ 151.632405953268176, -33.145322461984165 ], [ 151.632614744636641, -33.145685519590153 ] ], [ [ 151.633795278648591, -33.145608284172631 ], [ 151.633902472775503, -33.145609460027053 ], [ 151.633903870481532, -33.145519284075476 ], [ 151.633796676464215, -33.145518108225062 ], [ 151.633795278648591, -33.145608284172631 ] ], [ [ 151.643045621025237, -33.136690267073206 ], [ 151.643047008906933, -33.136600090649196 ], [ 151.642939825325044, -33.136598922943634 ], [ 151.642938437333783, -33.13668909936365 ], [ 151.643045621025237, -33.136690267073206 ] ], [ [ 151.644938423841438, -33.132111101215948 ], [ 151.645045602057934, -33.132112267062979 ], [ 151.645046987652904, -33.132022090497848 ], [ 151.644939809545889, -33.13202092465481 ], [ 151.644938423841438, -33.132111101215948 ] ], [ [ 151.548200175906487, -33.34278426817675 ], [ 151.547985313710313, -33.342781755800367 ], [ 151.548194189646438, -33.343144947206582 ], [ 151.548200175906487, -33.34278426817675 ] ], [ [ 151.510508714285919, -33.37291106047774 ], [ 151.510510251435278, -33.372820892682768 ], [ 151.510296856426635, -33.372728145273683 ], [ 151.510295319062521, -33.372818313061252 ], [ 151.510508714285919, -33.37291106047774 ] ], [ [ 151.511720025554098, -33.371212052538418 ], [ 151.511612561283442, -33.371210763876036 ], [ 151.511611025365255, -33.371300931739668 ], [ 151.511720025554098, -33.371212052538418 ] ], [ [ 151.555069408995962, -33.330238150627196 ], [ 151.555067920229618, -33.330328320843336 ], [ 151.555390168683857, -33.330332069657523 ], [ 151.55528870666663, -33.329970139238831 ], [ 151.555069408995962, -33.330238150627196 ] ], [ [ 151.647440113569758, -33.108778605294518 ], [ 151.647547263560114, -33.108779768267709 ], [ 151.647548645368801, -33.108689591271151 ], [ 151.647441495487868, -33.108688428301939 ], [ 151.647440113569758, -33.108778605294518 ] ], [ [ 151.628666490154558, -33.158268864061803 ], [ 151.628772295816447, -33.158360220299926 ], [ 151.628775103080301, -33.158179869152171 ], [ 151.628667893892981, -33.15817868849129 ], [ 151.628666490154558, -33.158268864061803 ] ], [ [ 151.629355428337135, -33.182898557438584 ], [ 151.629569906972762, -33.182900919033209 ], [ 151.629571311102239, -33.182810743785737 ], [ 151.629356832686199, -33.182808382199184 ], [ 151.629355428337135, -33.182898557438584 ] ], [ [ 151.621117659492938, -33.188399386269701 ], [ 151.621119072576448, -33.188309211422258 ], [ 151.621011827046857, -33.188308023221182 ], [ 151.621010413853526, -33.188398198064561 ], [ 151.621117659492938, -33.188399386269701 ] ], [ [ 151.604872141069649, -33.204993710167095 ], [ 151.604870710431754, -33.205083884151342 ], [ 151.604975114603207, -33.205265434765636 ], [ 151.605191075876121, -33.205177665794295 ], [ 151.604872141069649, -33.204993710167095 ] ], [ [ 151.604762014437313, -33.205172855396043 ], [ 151.604437356238151, -33.205349594555848 ], [ 151.604759152909793, -33.205353203349524 ], [ 151.604762014437313, -33.205172855396043 ] ], [ [ 151.602599512847263, -33.206230867878027 ], [ 151.602706779388797, -33.206232072513835 ], [ 151.602708212307846, -33.206141898629525 ], [ 151.602600945876247, -33.206140693997824 ], [ 151.602599512847263, -33.206230867878027 ] ], [ [ 151.59934129983597, -33.208719550461929 ], [ 151.599555838697455, -33.20872196541702 ], [ 151.599451442048434, -33.208540410539179 ], [ 151.599452878431265, -33.208450236813896 ], [ 151.599345609333511, -33.2084490293025 ], [ 151.599344172840745, -33.208539203023669 ], [ 151.59934129983597, -33.208719550461929 ] ], [ [ 151.589872924925601, -33.217090431696292 ], [ 151.589765645727994, -33.217089215648919 ], [ 151.589764198936734, -33.217179388873596 ], [ 151.589871478244305, -33.217180604925119 ], [ 151.589872924925601, -33.217090431696292 ] ], [ [ 151.568140974688646, -33.240381565939664 ], [ 151.5681395044152, -33.240471737979263 ], [ 151.568246811154864, -33.240472973436525 ], [ 151.568248281318262, -33.240382801392727 ], [ 151.568140974688646, -33.240381565939664 ] ], [ [ 151.561991389574246, -33.268539666027415 ], [ 151.561992867735484, -33.26844949463851 ], [ 151.561778186446475, -33.268447011003495 ], [ 151.561776708064741, -33.268537182383916 ], [ 151.561991389574246, -33.268539666027415 ] ], [ [ 151.569652292422518, -33.279360487659119 ], [ 151.569761117571773, -33.279271551542585 ], [ 151.569762588347629, -33.279181380002406 ], [ 151.569547880061663, -33.279178909082056 ], [ 151.569652292422518, -33.279360487659119 ] ], [ [ 151.572422955056027, -33.280654981394164 ], [ 151.5725288431249, -33.280746386093703 ], [ 151.572637667225308, -33.280657447445044 ], [ 151.572422955056027, -33.280654981394164 ] ], [ [ 151.563012996410521, -33.291369132038653 ], [ 151.562905627659006, -33.291367890396252 ], [ 151.562902670632383, -33.291548232579274 ], [ 151.56301003960462, -33.291549474230131 ], [ 151.563012996410521, -33.291369132038653 ] ], [ [ 151.563124799996956, -33.291099860278145 ], [ 151.563232168430517, -33.291101101722418 ], [ 151.563233646583114, -33.291010930612053 ], [ 151.563126278259887, -33.291009689172007 ], [ 151.563124799996956, -33.291099860278145 ] ], [ [ 151.556913773073717, -33.290035818350788 ], [ 151.556915257665224, -33.289945647475719 ], [ 151.556807890945322, -33.28994440061269 ], [ 151.556806406243453, -33.29003457148351 ], [ 151.556913773073717, -33.290035818350788 ] ], [ [ 151.548816349260136, -33.299140689655665 ], [ 151.548923726865638, -33.299141943726468 ], [ 151.548925220191734, -33.299051773302388 ], [ 151.548817842696621, -33.29905051923587 ], [ 151.548816349260136, -33.299140689655665 ] ], [ [ 151.547799136523736, -33.302195190994603 ], [ 151.547691755230574, -33.302193935850944 ], [ 151.547690260457017, -33.302284106180011 ], [ 151.547797641860598, -33.302285361327961 ], [ 151.547799136523736, -33.302195190994603 ] ], [ [ 151.509252522417142, -33.326810659345448 ], [ 151.509250986654223, -33.326900827757711 ], [ 151.509356860726058, -33.326992285373024 ], [ 151.509464270574512, -33.326993574484653 ], [ 151.509467341664987, -33.326813237643954 ], [ 151.509252522417142, -33.326810659345448 ] ], [ [ 151.789390457355893, -32.940040185893196 ], [ 151.789285963541801, -32.9398587806526 ], [ 151.788426659833789, -32.940121039880971 ], [ 151.788003773262858, -32.939756153016496 ], [ 151.788339388176468, -32.938677051949369 ], [ 151.788125487599387, -32.938674977438041 ], [ 151.787792331279462, -32.939573709069833 ], [ 151.785519229951433, -32.941535952957437 ], [ 151.78710752692453, -32.942723933970463 ], [ 151.789390457355893, -32.940040185893196 ] ], [ [ 151.787093980970099, -32.943715961556208 ], [ 151.786983329870168, -32.94398547607932 ], [ 151.788150009669693, -32.944718368496119 ], [ 151.788688487249033, -32.944453001744726 ], [ 151.788698326245878, -32.943731526812023 ], [ 151.787419774502609, -32.943358338926984 ], [ 151.787093980970099, -32.943715961556208 ] ], [ [ 151.784171596925603, -32.946213049899853 ], [ 151.783100769536759, -32.946292820059412 ], [ 151.783307275324461, -32.946836008500803 ], [ 151.783518724648474, -32.947018460019642 ], [ 151.78297898071412, -32.947373987785028 ], [ 151.782975273197394, -32.947644540162628 ], [ 151.782542484562953, -32.948001107836873 ], [ 151.782967858015212, -32.948185644881541 ], [ 151.783401881334754, -32.947738891588756 ], [ 151.78404241271096, -32.947835323954621 ], [ 151.78436082727896, -32.948018815166243 ], [ 151.784582155402575, -32.947479791585799 ], [ 151.783946565272345, -32.947022625377571 ], [ 151.784273618259419, -32.946574827537468 ], [ 151.784171596925603, -32.946213049899853 ] ], [ [ 151.779760655864806, -32.932460216579109 ], [ 151.779981969773104, -32.931921199582106 ], [ 151.779673528706979, -32.931016224321496 ], [ 151.780005493485277, -32.93020769857948 ], [ 151.777655300702435, -32.930004338726789 ], [ 151.777544639684834, -32.930273845198698 ], [ 151.778604121680331, -32.931005776081534 ], [ 151.778058257793617, -32.931812206271701 ], [ 151.778047096764993, -32.932623863903338 ], [ 151.777187833098395, -32.932886046982645 ], [ 151.776537484056632, -32.93351105487374 ], [ 151.774935817244483, -32.933314969663172 ], [ 151.775562564647458, -32.934403467813013 ], [ 151.774702033195126, -32.934755817187678 ], [ 151.774694571286631, -32.93529692135305 ], [ 151.775441948287238, -32.935394444390184 ], [ 151.775971707973042, -32.935760420049014 ], [ 151.775750359636248, -32.936299428823773 ], [ 151.774449581074094, -32.937549423663491 ], [ 151.773807890873371, -32.937543127895431 ], [ 151.773598973706441, -32.937180292747684 ], [ 151.772536970559656, -32.936628687231234 ], [ 151.772316845414082, -32.93707750538978 ], [ 151.772740899157725, -32.9373522597758 ], [ 151.772617754472577, -32.938523600153708 ], [ 151.772831653448691, -32.938525701201328 ], [ 151.77540963064402, -32.937739229166759 ], [ 151.776811138173343, -32.93694119149886 ], [ 151.77766920176694, -32.936769196224638 ], [ 151.779612839852575, -32.935435251114988 ], [ 151.779510848933171, -32.935073469781344 ], [ 151.780161189365117, -32.93444844634314 ], [ 151.780273086090432, -32.934088753437493 ], [ 151.778563215258458, -32.933981854522841 ], [ 151.778145359017088, -32.933256198879796 ], [ 151.779760655864806, -32.932460216579109 ] ], [ [ 151.762231526623481, -32.969989664335657 ], [ 151.762132088097928, -32.969447505296721 ], [ 151.762566321419911, -32.969000830824292 ], [ 151.764161060993843, -32.969738187140607 ], [ 151.764818045423084, -32.968662339535094 ], [ 151.764826832311485, -32.968031057057921 ], [ 151.764188691826064, -32.967754157110299 ], [ 151.763749447357867, -32.968561570345521 ], [ 151.763008093029839, -32.968013055807191 ], [ 151.76323086029592, -32.967383892813451 ], [ 151.763772061116754, -32.966938273042757 ], [ 151.764629183504638, -32.966856558813738 ], [ 151.765053351794023, -32.967131340814376 ], [ 151.765597050941835, -32.966505346349145 ], [ 151.764324557562787, -32.965681001727908 ], [ 151.764765036894175, -32.964783402385123 ], [ 151.762962704780932, -32.963593020099829 ], [ 151.761986054087771, -32.964575495025379 ], [ 151.761116363238756, -32.965559022921262 ], [ 151.761212015459421, -32.966371732204543 ], [ 151.759578285248409, -32.968430014453034 ], [ 151.759350445943141, -32.96941990219721 ], [ 151.759769567376736, -32.970055433989124 ], [ 151.758791547106881, -32.971128063386416 ], [ 151.758894751015362, -32.971399675616254 ], [ 151.759536682307981, -32.971406053738512 ], [ 151.760386291350045, -32.971865467831989 ], [ 151.761573242213302, -32.971155680193952 ], [ 151.761473806658444, -32.970613520794032 ], [ 151.762231526623481, -32.969989664335657 ] ], [ [ 151.714506845676397, -33.043917888795399 ], [ 151.715682045183144, -33.04411038203655 ], [ 151.716664027900293, -33.042857774035767 ], [ 151.717416153967719, -33.042685121797604 ], [ 151.718618768206056, -33.040983796003658 ], [ 151.717239919132112, -33.040067685199958 ], [ 151.717142000351004, -33.039435320498143 ], [ 151.716819485879199, -33.039522197422556 ], [ 151.71518595555662, -33.041399456341615 ], [ 151.711758365271294, -33.041454300157319 ], [ 151.711427959392211, -33.042082244569762 ], [ 151.710678456016296, -33.042074500032733 ], [ 151.709829770068495, -33.041524562216388 ], [ 151.709618257753561, -33.04134198677648 ], [ 151.709733218076337, -33.040802012855089 ], [ 151.714751443922609, -33.034450045535934 ], [ 151.716468373180021, -33.034197139474173 ], [ 151.71647098853623, -33.034016778311774 ], [ 151.715297229210421, -33.033734114891217 ], [ 151.715733327645665, -33.033197440670207 ], [ 151.716057127869931, -33.033020385349474 ], [ 151.717443696958895, -33.033395423527956 ], [ 151.71724133519632, -33.032581596477698 ], [ 151.716601586121726, -33.032394628969179 ], [ 151.717262243507378, -33.031138706215692 ], [ 151.717903291185053, -33.03123548951227 ], [ 151.721694636201306, -33.028207790905746 ], [ 151.72435283627911, -33.029497715909869 ], [ 151.724123125716801, -33.030577697488241 ], [ 151.724762879001389, -33.030764626541192 ], [ 151.725735494902267, -33.030143204496618 ], [ 151.726822936013775, -33.028981780895258 ], [ 151.727571037165944, -33.029079606820559 ], [ 151.728436559012039, -33.028457070789187 ], [ 151.729817939128395, -33.029192695667511 ], [ 151.730055337598856, -33.027571614699433 ], [ 151.729740641283627, -33.027117439657133 ], [ 151.727727338344749, -33.025653817753941 ], [ 151.726962410175503, -33.026728347275515 ], [ 151.725784816369327, -33.026716326843079 ], [ 151.724271768439962, -33.02769300256827 ], [ 151.722664642019282, -33.027766754161846 ], [ 151.720853826520653, -33.027116843426995 ], [ 151.721949101779188, -33.02541437710525 ], [ 151.721308090900351, -33.025317615430872 ], [ 151.720554817280686, -33.025580476237955 ], [ 151.720135732450672, -33.02494481873422 ], [ 151.71960047465825, -33.024939327258288 ], [ 151.71436772520849, -33.031379495153999 ], [ 151.714901711691908, -33.031475190585617 ], [ 151.717405885355703, -33.028614747985941 ], [ 151.717720522375288, -33.029068952626879 ], [ 151.717609547108708, -33.029338394400021 ], [ 151.716622504709449, -33.030951739025923 ], [ 151.714772394303679, -33.033007157116629 ], [ 151.714867671977629, -33.033819884786816 ], [ 151.714541247219529, -33.034177297894416 ], [ 151.713791809856673, -33.034169573689404 ], [ 151.713157301475206, -33.033621866560047 ], [ 151.712834804830891, -33.033708733683028 ], [ 151.712290312107996, -33.03433447264274 ], [ 151.711650561826332, -33.034147479738301 ], [ 151.711439062754465, -33.033964907515838 ], [ 151.711875185305672, -33.033428247404288 ], [ 151.711022633193608, -33.033148860050915 ], [ 151.70939436453898, -33.034665323514005 ], [ 151.707266278871231, -33.033741351278401 ], [ 151.703774275049938, -33.038214809769556 ], [ 151.702381083230961, -33.038290519599578 ], [ 151.701406894854472, -33.039001932486414 ], [ 151.699332845220596, -33.041686135911114 ], [ 151.699216494753699, -33.042316278423925 ], [ 151.699962022037369, -33.042594631485656 ], [ 151.699303682406736, -33.043670092528302 ], [ 151.701535019676811, -33.044865857367988 ], [ 151.703235001332132, -33.045785478912741 ], [ 151.701702853279386, -33.048024382140056 ], [ 151.702129845175705, -33.048119019528485 ], [ 151.703546979464647, -33.046420077682853 ], [ 151.70471822374688, -33.046883214299164 ], [ 151.70820395549012, -33.042860643510934 ], [ 151.709390963172154, -33.042241573639195 ], [ 151.710674514060514, -33.042345040808208 ], [ 151.710765819239271, -33.043428310483229 ], [ 151.712362736497425, -33.044076161955225 ], [ 151.713315914964056, -33.044807548472185 ], [ 151.714506845676397, -33.043917888795399 ] ], [ [ 151.724813750539283, -32.982601266396067 ], [ 151.724920751179951, -32.982602359166322 ], [ 151.724922047696396, -32.982512177541352 ], [ 151.724815047164441, -32.982511084774842 ], [ 151.724813750539283, -32.982601266396067 ] ], [ [ 151.678416167103791, -33.108479625474452 ], [ 151.678414816837829, -33.108569803611708 ], [ 151.678521967931204, -33.108570939949246 ], [ 151.678523318087741, -33.10848076180811 ], [ 151.678416167103791, -33.108479625474452 ] ], [ [ 151.662977792111576, -33.137176389429023 ], [ 151.662976424581245, -33.137266566584742 ], [ 151.663083609858916, -33.137267717072326 ], [ 151.663084977279681, -33.137177539912678 ], [ 151.662977792111576, -33.137176389429023 ] ], [ [ 151.662825471615974, -33.140151084144989 ], [ 151.662824103774966, -33.140241261251965 ], [ 151.662931292662023, -33.140242411961545 ], [ 151.662932660393437, -33.140152234850646 ], [ 151.662825471615974, -33.140151084144989 ] ], [ [ 151.661387908318659, -33.114791706006713 ], [ 151.661495066223466, -33.114792857172965 ], [ 151.661496434097472, -33.114702679746216 ], [ 151.661389276302089, -33.1147015285839 ], [ 151.661387908318659, -33.114791706006713 ] ], [ [ 151.659947176627924, -33.160232879720169 ], [ 151.659839963557488, -33.160231725830414 ], [ 151.65984133549415, -33.160141549123352 ], [ 151.659948548454906, -33.16014270300915 ], [ 151.659949920275778, -33.160052526296788 ], [ 151.659842707424701, -33.160051372414934 ], [ 151.659625537434977, -33.16022941777414 ], [ 151.659731378440739, -33.16032074855017 ], [ 151.659838591614715, -33.160321902536126 ], [ 151.65994580479483, -33.16032305642981 ], [ 151.659947176627924, -33.160232879720169 ] ], [ [ 151.660055761421745, -33.160143856802691 ], [ 151.660057133132966, -33.160053680086392 ], [ 151.659948548454906, -33.16014270300915 ], [ 151.660055761421745, -33.160143856802691 ] ], [ [ 151.65962142093025, -33.160499947863514 ], [ 151.659728634317503, -33.16050110194962 ], [ 151.659730006382176, -33.160410925250567 ], [ 151.659622793104631, -33.16040977116841 ], [ 151.65962142093025, -33.160499947863514 ] ], [ [ 151.659419345497383, -33.159686049180721 ], [ 151.659417973152586, -33.159776225878794 ], [ 151.659525185650182, -33.159777380117859 ], [ 151.6595265578853, -33.159687203415857 ], [ 151.659419345497383, -33.159686049180721 ] ], [ [ 151.659214528517538, -33.159052503564354 ], [ 151.659213155996213, -33.159142680264047 ], [ 151.659320367713889, -33.159143834660028 ], [ 151.659321740125534, -33.159053657956392 ], [ 151.659214528517538, -33.159052503564354 ] ], [ [ 151.658802157189484, -33.157965764760824 ], [ 151.658800784302883, -33.158055941461029 ], [ 151.658907994680078, -33.158057096178673 ], [ 151.658909367456999, -33.157966919474525 ], [ 151.658802157189484, -33.157965764760824 ] ], [ [ 151.657475203060216, -33.111322310629092 ], [ 151.657582356581173, -33.11132346505314 ], [ 151.65758372827176, -33.111233287720694 ], [ 151.657476574860198, -33.111232133300597 ], [ 151.657475203060216, -33.111322310629092 ] ], [ [ 151.657093544742452, -33.129356593738251 ], [ 151.657200720149092, -33.129357749044338 ], [ 151.657202093172288, -33.129267571987327 ], [ 151.657094917875128, -33.129266416685191 ], [ 151.657093544742452, -33.129356593738251 ] ], [ [ 151.656685321514033, -33.113929368216247 ], [ 151.656792478165301, -33.113930523399524 ], [ 151.656793850799119, -33.11384034613409 ], [ 151.656686694257246, -33.113839190954771 ], [ 151.656685321514033, -33.113929368216247 ] ], [ [ 151.656427006554026, -33.109777747226097 ], [ 151.65653415815396, -33.109778902503884 ], [ 151.656535530834617, -33.109688725187866 ], [ 151.656428379344106, -33.10968756991403 ], [ 151.656427006554026, -33.109777747226097 ] ], [ [ 151.655217716086639, -33.146923740920514 ], [ 151.655216340110087, -33.147013917648096 ], [ 151.655323536897725, -33.147015075111881 ], [ 151.655324912764684, -33.146924898380355 ], [ 151.655217716086639, -33.146923740920514 ] ], [ [ 151.655749758931705, -33.112025245393141 ], [ 151.65585691323011, -33.112026401322289 ], [ 151.655858286720189, -33.111936224063918 ], [ 151.655751132531208, -33.111935068138727 ], [ 151.655749758931705, -33.112025245393141 ] ], [ [ 151.655681066175191, -33.1094991258459 ], [ 151.65578821740408, -33.109500281756446 ], [ 151.6557895908322, -33.109410104464011 ], [ 151.655682439712706, -33.109408948557437 ], [ 151.655681066175191, -33.1094991258459 ] ], [ [ 151.655376082281521, -33.115448511264226 ], [ 151.655483240719633, -33.115449667619949 ], [ 151.655484614770643, -33.115359490425014 ], [ 151.655377456441954, -33.115358334073264 ], [ 151.655376082281521, -33.115448511264226 ] ], [ [ 151.655363734104043, -33.109225125727924 ], [ 151.655470884986357, -33.109226281902842 ], [ 151.65547225872433, -33.109136104618202 ], [ 151.655365107951383, -33.109134948447235 ], [ 151.655363734104043, -33.109225125727924 ] ], [ [ 151.65526067810174, -33.115988417909989 ], [ 151.655367837190312, -33.115989574381537 ], [ 151.655369211387494, -33.115899397198717 ], [ 151.655262052408347, -33.115898240731113 ], [ 151.65526067810174, -33.115988417909989 ] ], [ [ 151.65413335576963, -33.147723751393436 ], [ 151.654131978641828, -33.147813928069198 ], [ 151.654239176354565, -33.147815086490795 ], [ 151.654240553372745, -33.14772490981106 ], [ 151.65413335576963, -33.147723751393436 ] ], [ [ 151.653886752106189, -33.163865354716457 ], [ 151.653993969336739, -33.163866513843061 ], [ 151.653995347447534, -33.163776337405132 ], [ 151.65388813032672, -33.163775178282485 ], [ 151.653886752106189, -33.163865354716457 ] ], [ [ 151.654160202716753, -33.117870567740198 ], [ 151.654265988615919, -33.117961902329334 ], [ 151.654268739462509, -33.117781548101206 ], [ 151.654160202716753, -33.117870567740198 ] ], [ [ 151.653583111021959, -33.120570091078022 ], [ 151.653690275600439, -33.120571249133164 ], [ 151.65369165175187, -33.120481072078952 ], [ 151.653477322820009, -33.120478755884456 ], [ 151.653583111021959, -33.120570091078022 ] ], [ [ 151.652200993359315, -33.119833611950028 ], [ 151.652306779450896, -33.119924948183268 ], [ 151.652309534507623, -33.119744594157488 ], [ 151.65209520748661, -33.119742275631239 ], [ 151.652200993359315, -33.119833611950028 ] ], [ [ 151.652832959144519, -33.120561982112605 ], [ 151.652185838971889, -33.120825558966061 ], [ 151.652614498317007, -33.120830195471868 ], [ 151.65272166316862, -33.120831354368008 ], [ 151.65282745097474, -33.120922690189118 ], [ 151.652826073916941, -33.121012867204847 ], [ 151.652934615948084, -33.12092384890498 ], [ 151.653150322636492, -33.120835989031328 ], [ 151.653151699353629, -33.120745812000983 ], [ 151.653260240727974, -33.120656793396883 ], [ 151.653580358481776, -33.120750445174465 ], [ 151.653368781883472, -33.120567774691374 ], [ 151.653370158363288, -33.120477597649042 ], [ 151.653480075542319, -33.120298401787799 ], [ 151.653050041831932, -33.120383945358221 ], [ 151.6530486650299, -33.120474122390036 ], [ 151.652941500597677, -33.120472963786106 ], [ 151.65294287750919, -33.12038278675827 ], [ 151.652306779450896, -33.119924948183268 ], [ 151.652832959144519, -33.120561982112605 ] ], [ [ 151.65284810610521, -33.119570034790144 ], [ 151.652955269436717, -33.119571193446546 ], [ 151.652956646286839, -33.119481016405139 ], [ 151.652849483064813, -33.119479857752687 ], [ 151.65284810610521, -33.119570034790144 ] ], [ [ 151.652742319848898, -33.119478699008113 ], [ 151.652850860018276, -33.119389680713859 ], [ 151.6528522369656, -33.119299503673687 ], [ 151.652745073968617, -33.119298344937036 ], [ 151.652742319848898, -33.119478699008113 ] ], [ [ 151.652526616147526, -33.119566558268176 ], [ 151.652633779460643, -33.119567717200951 ], [ 151.652635156639121, -33.11947754017141 ], [ 151.652527993435513, -33.119476381242606 ], [ 151.652526616147526, -33.119566558268176 ] ], [ [ 151.65263240227597, -33.119657894229121 ], [ 151.65273956570465, -33.11965905307374 ], [ 151.652740942779843, -33.119568876041605 ], [ 151.652633779460643, -33.119567717200951 ], [ 151.65263240227597, -33.119657894229121 ] ], [ [ 151.652738188623317, -33.119749230104524 ], [ 151.652845352167589, -33.119750388860993 ], [ 151.652846729139441, -33.119660211826236 ], [ 151.65273956570465, -33.11965905307374 ], [ 151.652738188623317, -33.119749230104524 ] ], [ [ 151.65280174994777, -33.108566109576401 ], [ 151.652908899917236, -33.108567267933594 ], [ 151.652910276237805, -33.108477090734468 ], [ 151.652803126377734, -33.108475932381225 ], [ 151.65280174994777, -33.108566109576401 ] ], [ [ 151.652257738201996, -33.109101379432794 ], [ 151.65225636118214, -33.109191556598645 ], [ 151.652363511886705, -33.109192715444003 ], [ 151.652364888797194, -33.109102538274179 ], [ 151.652257738201996, -33.109101379432794 ] ], [ [ 151.652250853041238, -33.109552265248468 ], [ 151.652358004183384, -33.109553424109684 ], [ 151.652359381118401, -33.109463246945289 ], [ 151.652252230085651, -33.109462088088058 ], [ 151.652250853041238, -33.109552265248468 ] ], [ [ 151.651972887257386, -33.120733063173674 ], [ 151.652080051962685, -33.120734222618601 ], [ 151.652188594370301, -33.120645204975368 ], [ 151.652081429768288, -33.120644045626541 ], [ 151.651972887257386, -33.120733063173674 ] ], [ [ 151.651719230178344, -33.109275938135283 ], [ 151.651826380961637, -33.109277097445016 ], [ 151.651827758425242, -33.109186920296381 ], [ 151.651720607751372, -33.109185760990606 ], [ 151.651719230178344, -33.109275938135283 ] ], [ [ 151.651934909105279, -33.109188079510069 ], [ 151.651933531751041, -33.109278256662677 ], [ 151.652149210483685, -33.109190397661202 ], [ 151.652044814262638, -33.109008884314477 ], [ 151.65193766379528, -33.109007725200797 ], [ 151.651936286453321, -33.109097902356112 ], [ 151.651829135882735, -33.109096743146381 ], [ 151.651827758425242, -33.109186920296381 ], [ 151.651934909105279, -33.109188079510069 ] ], [ [ 151.650479479203767, -33.120265936595445 ], [ 151.650586643275773, -33.120267097310254 ], [ 151.650693807353946, -33.120268257932935 ], [ 151.650695186551815, -33.120178080985653 ], [ 151.650588022583065, -33.12017692036693 ], [ 151.650480858620512, -33.1201757596561 ], [ 151.650479479203767, -33.120265936595445 ] ], [ [ 151.651342306079584, -33.119914511841976 ], [ 151.65124341406613, -33.119372289932201 ], [ 151.65156490314601, -33.119375769746675 ], [ 151.651773717001134, -33.119738797150966 ], [ 151.651989421832837, -33.119650939226901 ], [ 151.651566281406787, -33.119285592754089 ], [ 151.651351955566298, -33.119283272977817 ], [ 151.651029088043572, -33.119369969595297 ], [ 151.651023572750006, -33.119730677472781 ], [ 151.651132114919164, -33.119641660731858 ], [ 151.651127978731296, -33.119912191641689 ], [ 151.650695186551815, -33.120178080985653 ], [ 151.651342306079584, -33.119914511841976 ] ], [ [ 151.651546985197143, -33.120548070526937 ], [ 151.651545606850391, -33.12063824750053 ], [ 151.651652771421681, -33.12063940730998 ], [ 151.651654149658981, -33.120549230332422 ], [ 151.651546985197143, -33.120548070526937 ] ], [ [ 151.651458080055221, -33.11233964108083 ], [ 151.651456702048478, -33.112429818170042 ], [ 151.651671011255104, -33.112432137343404 ], [ 151.651458080055221, -33.11233964108083 ] ], [ [ 151.651463592020718, -33.111978932710372 ], [ 151.651570746073901, -33.111980092323272 ], [ 151.651572123940497, -33.111889915223301 ], [ 151.651464969996766, -33.111888755614366 ], [ 151.651463592020718, -33.111978932710372 ] ], [ [ 151.651322319796833, -33.107197225669466 ], [ 151.65142946803951, -33.107198385256311 ], [ 151.651430845799496, -33.107108208092313 ], [ 151.651323697666186, -33.107107048509441 ], [ 151.651322319796833, -33.107197225669466 ] ], [ [ 151.651011162980041, -33.120542270117667 ], [ 151.651225491848436, -33.120544590557742 ], [ 151.651226870517434, -33.120454413594686 ], [ 151.651012541867971, -33.120452093162548 ], [ 151.651011162980041, -33.120542270117667 ] ], [ [ 151.650903998555066, -33.120541109759444 ], [ 151.650905377552419, -33.120450932808296 ], [ 151.650798213243036, -33.120449772361916 ], [ 151.65079683413623, -33.120539949309098 ], [ 151.650903998555066, -33.120541109759444 ] ], [ [ 151.650688695415511, -33.113593999837548 ], [ 151.650795851395173, -33.113595160166533 ], [ 151.650797230138267, -33.113504983118766 ], [ 151.650690074268027, -33.11350382279376 ], [ 151.650688695415511, -33.113593999837548 ] ], [ [ 151.650685937692032, -33.113774353921066 ], [ 151.650900250095219, -33.113776674502802 ], [ 151.650903007380975, -33.113596320403417 ], [ 151.650795851395173, -33.113595160166533 ], [ 151.650685937692032, -33.113774353921066 ] ], [ [ 151.650718631974826, -33.118645072674134 ], [ 151.650825794088973, -33.118646233133262 ], [ 151.650827173066745, -33.118556056157573 ], [ 151.65072001106202, -33.118554895702424 ], [ 151.650718631974826, -33.118645072674134 ] ], [ [ 151.650473961475228, -33.120626644339232 ], [ 151.650581125985099, -33.120627805069915 ], [ 151.650582505316976, -33.120537628132034 ], [ 151.650475340916586, -33.120536467405323 ], [ 151.650473961475228, -33.120626644339232 ] ], [ [ 151.650548442511905, -33.11575708796493 ], [ 151.650441283918269, -33.115755927356474 ], [ 151.650439904693258, -33.115846104358383 ], [ 151.650548442511905, -33.11575708796493 ] ], [ [ 151.65024859497052, -33.121345737960347 ], [ 151.650355760343757, -33.121346898907042 ], [ 151.650357139943736, -33.121256721987969 ], [ 151.650249974679951, -33.121255561045245 ], [ 151.65024859497052, -33.121345737960347 ] ], [ [ 151.650140958687444, -33.128379533154302 ], [ 151.650248132600325, -33.128380694410694 ], [ 151.65024951267992, -33.12829051759757 ], [ 151.650142338876549, -33.128289356345135 ], [ 151.650140958687444, -33.128379533154302 ] ], [ [ 151.650156607273289, -33.120352630824364 ], [ 151.650263771436329, -33.120353791819511 ], [ 151.650265151078145, -33.120263614889467 ], [ 151.650157987024585, -33.120262453898292 ], [ 151.650156607273289, -33.120352630824364 ] ], [ [ 151.650042543720474, -33.120802354327225 ], [ 151.650151088206684, -33.120713338515074 ], [ 151.650259632473961, -33.120624322601493 ], [ 151.649938139018161, -33.12062083930396 ], [ 151.650042543720474, -33.120802354327225 ] ], [ [ 151.649995163045531, -33.109888616186282 ], [ 151.649889391076698, -33.109797278215616 ], [ 151.649782239747594, -33.109796117224533 ], [ 151.64988663211895, -33.109977632349668 ], [ 151.649995163045531, -33.109888616186282 ] ], [ [ 151.649581615751458, -33.129906730700569 ], [ 151.649688791495151, -33.129907892485257 ], [ 151.649691552952447, -33.129727538943513 ], [ 151.649582996592699, -33.129816553934347 ], [ 151.649581615751458, -33.129906730700569 ] ], [ [ 151.649761545323969, -33.111148773037982 ], [ 151.649868698294142, -33.11114993408863 ], [ 151.649870077855979, -33.111059757039925 ], [ 151.649762924995258, -33.111058595993256 ], [ 151.649761545323969, -33.111148773037982 ] ], [ [ 151.649871457411734, -33.110969579989877 ], [ 151.6499786101692, -33.110970740940488 ], [ 151.649979989609392, -33.110880563885104 ], [ 151.649872836961293, -33.110879402938458 ], [ 151.649871457411734, -33.110969579989877 ] ], [ [ 151.649506720291811, -33.120796547409761 ], [ 151.649508100730571, -33.120706370514313 ], [ 151.649402316714855, -33.120615031965599 ], [ 151.649186607075563, -33.120702885270269 ], [ 151.649185226308418, -33.120793062153794 ], [ 151.649506720291811, -33.120796547409761 ] ], [ [ 151.64982821433054, -33.120800031836609 ], [ 151.649829594440945, -33.120709854929245 ], [ 151.64983097454521, -33.120619678020518 ], [ 151.649615265294557, -33.120707532078079 ], [ 151.649719669418801, -33.120889047355178 ], [ 151.64982821433054, -33.120800031836609 ] ], [ [ 151.649482725626001, -33.129364508229848 ], [ 151.649589900706502, -33.129365670082848 ], [ 151.649591281510823, -33.129275493308477 ], [ 151.64948410653983, -33.129274331459442 ], [ 151.649482725626001, -33.129364508229848 ] ], [ [ 151.649657151915193, -33.110967257812383 ], [ 151.64976430466038, -33.110968418947174 ], [ 151.649765684319362, -33.110878241899734 ], [ 151.649658531683571, -33.110877080768923 ], [ 151.649657151915193, -33.110967257812383 ] ], [ [ 151.647491329796765, -33.119421807677845 ], [ 151.648337580660723, -33.12015252609379 ], [ 151.648333435824583, -33.120423056669374 ], [ 151.649405077780585, -33.12043467817584 ], [ 151.648234561936476, -33.119880832872532 ], [ 151.648029908183048, -33.119247269327012 ], [ 151.647605404233019, -33.118972086701334 ], [ 151.647509300855575, -33.118249508648155 ], [ 151.647297743014121, -33.118066828257078 ], [ 151.646972110589616, -33.118333868069634 ], [ 151.647075123753183, -33.11860556225475 ], [ 151.647491329796765, -33.119421807677845 ] ], [ [ 151.64961940624562, -33.12043700137167 ], [ 151.649620786550344, -33.120346824466814 ], [ 151.649406458304213, -33.120344501278922 ], [ 151.649405077780585, -33.12043467817584 ], [ 151.64961940624562, -33.12043700137167 ] ], [ [ 151.649670949322427, -33.110065487316596 ], [ 151.649778100973549, -33.110066648411667 ], [ 151.649779480571056, -33.109976471350649 ], [ 151.6496723290293, -33.109975310259543 ], [ 151.649670949322427, -33.110065487316596 ] ], [ [ 151.649320002948429, -33.118990685989758 ], [ 151.64942578498912, -33.119082024579562 ], [ 151.649429926264702, -33.118811493823642 ], [ 151.6493227640116, -33.118810332159072 ], [ 151.649321383483084, -33.118900509075097 ], [ 151.649320002948429, -33.118990685989758 ] ], [ [ 151.64942440455161, -33.119172201495502 ], [ 151.649531567248687, -33.11917336308386 ], [ 151.649532947576745, -33.119083186163955 ], [ 151.64942578498912, -33.119082024579562 ], [ 151.64942440455161, -33.119172201495502 ] ], [ [ 151.649567937107889, -33.109793794966137 ], [ 151.649566557303899, -33.109883972021926 ], [ 151.649673708730063, -33.109885133201153 ], [ 151.649675088424686, -33.109794956141393 ], [ 151.649567937107889, -33.109793794966137 ] ], [ [ 151.649309962627598, -33.105642165401932 ], [ 151.649417108894028, -33.105643326670702 ], [ 151.649418488627788, -33.105553149559043 ], [ 151.649311342470753, -33.105551988294245 ], [ 151.649309962627598, -33.105642165401932 ] ], [ [ 151.648957901834251, -33.128637283540222 ], [ 151.648956520415993, -33.128727460300276 ], [ 151.64906369469918, -33.128728622586216 ], [ 151.649065076007929, -33.128638445822205 ], [ 151.648957901834251, -33.128637283540222 ] ], [ [ 151.649194536522941, -33.106182066634894 ], [ 151.649301683439518, -33.10618322801956 ], [ 151.649303063319564, -33.106093050920009 ], [ 151.649195916512383, -33.106091889539314 ], [ 151.649194536522941, -33.106182066634894 ] ], [ [ 151.649410210132913, -33.106094212208639 ], [ 151.649411589897426, -33.10600403510378 ], [ 151.649304443193472, -33.106002873819115 ], [ 151.649303063319564, -33.106093050920009 ], [ 151.649410210132913, -33.106094212208639 ] ], [ [ 151.649080489026204, -33.10663179059577 ], [ 151.64918625645717, -33.106723129179798 ], [ 151.649293404030033, -33.106724290588303 ], [ 151.649189016503698, -33.106542775003589 ], [ 151.649080489026204, -33.10663179059577 ] ], [ [ 151.648540857077705, -33.120876266012871 ], [ 151.648862351278723, -33.120879752938976 ], [ 151.64886373238042, -33.120789576068724 ], [ 151.648756567750041, -33.120788413856118 ], [ 151.648540857077705, -33.120876266012871 ] ], [ [ 151.649078061659594, -33.120791900217569 ], [ 151.64907944253622, -33.120701723338009 ], [ 151.648865113475949, -33.120699399197129 ], [ 151.64886373238042, -33.120789576068724 ], [ 151.649078061659594, -33.120791900217569 ] ], [ [ 151.648978862493919, -33.106269920675594 ], [ 151.649086009507585, -33.106271082248384 ], [ 151.649087389612532, -33.106180905158155 ], [ 151.648980242708262, -33.106179743589323 ], [ 151.648978862493919, -33.106269920675594 ] ], [ [ 151.64886067267517, -33.10699017562019 ], [ 151.648859292296066, -33.107080352690254 ], [ 151.648966440287978, -33.107081514390885 ], [ 151.648967820557715, -33.106991337316835 ], [ 151.64886067267517, -33.10699017562019 ] ], [ [ 151.649074968446428, -33.106992498921421 ], [ 151.649077728748608, -33.106812144761292 ], [ 151.648970581078657, -33.106810983164671 ], [ 151.648967820557715, -33.106991337316835 ], [ 151.649074968446428, -33.106992498921421 ] ], [ [ 151.64863533197331, -33.107709268409629 ], [ 151.648742480718653, -33.107710430322228 ], [ 151.648743861250182, -33.10762025326563 ], [ 151.648636712614234, -33.107619091357009 ], [ 151.64863533197331, -33.107709268409629 ] ], [ [ 151.648632570672987, -33.107889622510797 ], [ 151.648522660171267, -33.108068814585948 ], [ 151.648739719637092, -33.107890784431341 ], [ 151.64863533197331, -33.107709268409629 ], [ 151.648632570672987, -33.107889622510797 ] ], [ [ 151.648851009892297, -33.107621415082178 ], [ 151.648855151121865, -33.107350883892323 ], [ 151.648746622294823, -33.107439899148375 ], [ 151.648743861250182, -33.10762025326563 ], [ 151.648851009892297, -33.107621415082178 ] ], [ [ 151.648962299441962, -33.107352045604877 ], [ 151.648857911910824, -33.107170529758974 ], [ 151.648855151121865, -33.107350883892323 ], [ 151.648962299441962, -33.107352045604877 ] ], [ [ 151.648482831455198, -33.124663692836215 ], [ 151.648590000780473, -33.124664855404006 ], [ 151.648591382359655, -33.124574678598762 ], [ 151.64848421314386, -33.124573516034928 ], [ 151.648482831455198, -33.124663692836215 ] ], [ [ 151.648669846150824, -33.105454841686814 ], [ 151.648776992161601, -33.105456003500066 ], [ 151.64877837253934, -33.105365826409511 ], [ 151.648671226637958, -33.105364664600238 ], [ 151.648669846150824, -33.105454841686814 ] ], [ [ 151.648271256632199, -33.124481013836174 ], [ 151.648269874730744, -33.124571190630867 ], [ 151.648377043934232, -33.124572353378973 ], [ 151.648271256632199, -33.124481013836174 ] ], [ [ 151.646407867415888, -33.127166534309715 ], [ 151.64640648346824, -33.127256710996008 ], [ 151.646513655851578, -33.127257875429883 ], [ 151.646515039689689, -33.127167698739605 ], [ 151.646407867415888, -33.127166534309715 ] ], [ [ 151.646732151475646, -33.126989673922395 ], [ 151.646839323549017, -33.126990838067897 ], [ 151.646840707040155, -33.126900661361603 ], [ 151.646842090525155, -33.126810484653944 ], [ 151.646843474003987, -33.126720307944936 ], [ 151.646950645755027, -33.126721471986343 ], [ 151.646952029118182, -33.126631295271999 ], [ 151.646844857476623, -33.12663013123457 ], [ 151.646737685841259, -33.126628967105006 ], [ 151.646630514212006, -33.126627802883284 ], [ 151.646519191167101, -33.126897168660633 ], [ 151.646515039689689, -33.127167698739605 ], [ 151.646732151475646, -33.126989673922395 ] ], [ [ 151.646741836550689, -33.126358436977682 ], [ 151.646743220108192, -33.12626826026586 ], [ 151.646634665249934, -33.126357272767919 ], [ 151.646737685841259, -33.126628967105006 ], [ 151.646741836550689, -33.126358436977682 ] ], [ [ 151.646744603659499, -33.126178083552681 ], [ 151.646637432577705, -33.126176919350861 ], [ 151.646636048916918, -33.126267096060069 ], [ 151.646743220108192, -33.12626826026586 ], [ 151.646744603659499, -33.126178083552681 ] ], [ [ 151.646850391305605, -33.126269424379501 ], [ 151.646960329167683, -33.126090234957367 ], [ 151.64728184215852, -33.126093726445141 ], [ 151.647498949722177, -33.125915700154074 ], [ 151.647394544659022, -33.125734183122859 ], [ 151.647716056409934, -33.125737673457181 ], [ 151.648047243490424, -33.125109925550163 ], [ 151.647841197978437, -33.124566538717104 ], [ 151.64741113854123, -33.124652062090682 ], [ 151.647404224531471, -33.125102945877849 ], [ 151.646976928600964, -33.125008114181405 ], [ 151.64707718250267, -33.12546016175537 ], [ 151.646752904837911, -33.125637023245069 ], [ 151.646967245706094, -33.125639351324494 ], [ 151.646964479109215, -33.125819704781712 ], [ 151.646745987204639, -33.12608790683813 ], [ 151.646744603659499, -33.126178083552681 ], [ 151.646850391305605, -33.126269424379501 ] ], [ [ 151.646641583523149, -33.125906389215132 ], [ 151.646857308453093, -33.125818540780109 ], [ 151.646752904837911, -33.125637023245069 ], [ 151.646641583523149, -33.125906389215132 ] ], [ [ 151.64652057498057, -33.126806991964926 ], [ 151.646413403144692, -33.12680582755096 ], [ 151.646412019221742, -33.126896004242681 ], [ 151.646519191167101, -33.126897168660633 ], [ 151.64652057498057, -33.126806991964926 ] ], [ [ 151.647227224662004, -33.122665845944006 ], [ 151.647441558353961, -33.122668173023669 ], [ 151.647344070677065, -33.122035771989481 ], [ 151.646908490554608, -33.122482001089175 ], [ 151.646898808101582, -33.123113238470616 ], [ 151.64668170646803, -33.123291263939244 ], [ 151.64700182608658, -33.123384932650723 ], [ 151.646786107332161, -33.123472781525614 ], [ 151.646999059797906, -33.123565286175861 ], [ 151.646880825601755, -33.124285536288156 ], [ 151.647305352176659, -33.124560721751834 ], [ 151.647412521324668, -33.124561885329157 ], [ 151.647526603756376, -33.124112164966533 ], [ 151.647203714982822, -33.124198851054572 ], [ 151.647423583370539, -33.123840471188181 ], [ 151.646992143968362, -33.12401616996496 ], [ 151.647103461628831, -33.123746803513498 ], [ 151.64720924683229, -33.123838144005049 ], [ 151.64721339565466, -33.123567613703642 ], [ 151.647320563592274, -33.123568777329339 ], [ 151.647321946411267, -33.123478600555508 ], [ 151.647214778583134, -33.123477436933797 ], [ 151.647114525858399, -33.123025389370213 ], [ 151.647227224662004, -33.122665845944006 ] ], [ [ 151.647552872805988, -33.122398806035122 ], [ 151.647877136800332, -33.122221942027345 ], [ 151.647676627858147, -33.121317847601965 ], [ 151.647672480811508, -33.121588378052984 ], [ 151.647350984186659, -33.121584887991283 ], [ 151.647345453391324, -33.121945595192564 ], [ 151.647344070677065, -33.122035771989481 ], [ 151.647552872805988, -33.122398806035122 ] ], [ [ 151.647896486748976, -33.120959466506392 ], [ 151.6475736099583, -33.121046153900814 ], [ 151.647676627858147, -33.121317847601965 ], [ 151.647896486748976, -33.120959466506392 ] ], [ [ 151.648003651549004, -33.120960629463944 ], [ 151.648005033532513, -33.120870452626868 ], [ 151.647897868841966, -33.120869289673287 ], [ 151.647896486748976, -33.120959466506392 ], [ 151.648003651549004, -33.120960629463944 ] ], [ [ 151.648219362932139, -33.120872778257635 ], [ 151.648433692356377, -33.120875103519921 ], [ 151.648327909290145, -33.120783764084443 ], [ 151.648005033532513, -33.120870452626868 ], [ 151.648219362932139, -33.120872778257635 ] ], [ [ 151.647198183034789, -33.124559558082375 ], [ 151.647196800032361, -33.124649734835927 ], [ 151.647303969283712, -33.124650898509373 ], [ 151.647305352176659, -33.124560721751834 ], [ 151.647198183034789, -33.124559558082375 ] ], [ [ 151.647195417023767, -33.124739911588115 ], [ 151.647088247669103, -33.124738747818554 ], [ 151.64708686454486, -33.124828924565406 ], [ 151.647194034009004, -33.124830088338946 ], [ 151.647195417023767, -33.124739911588115 ] ], [ [ 151.648443127517993, -33.106264111430548 ], [ 151.648550274500877, -33.106265273463698 ], [ 151.648551655152744, -33.106175096393329 ], [ 151.648444508279226, -33.106173934364158 ], [ 151.648443127517993, -33.106264111430548 ] ], [ [ 151.648351169779744, -33.105271001544033 ], [ 151.648458315553341, -33.105272163625543 ], [ 151.648459696246874, -33.10518198654421 ], [ 151.6483525505827, -33.105180824466686 ], [ 151.648351169779744, -33.105271001544033 ] ], [ [ 151.648313885774144, -33.107705782119353 ], [ 151.648421034501041, -33.107706944308191 ], [ 151.648422415360756, -33.107616767263522 ], [ 151.648315266743253, -33.107615605078671 ], [ 151.648313885774144, -33.107705782119353 ] ], [ [ 151.648320790558131, -33.107254896902319 ], [ 151.648319409613634, -33.107345073948444 ], [ 151.64842655790298, -33.107346236121359 ], [ 151.648427938738052, -33.107256059071275 ], [ 151.648320790558131, -33.107254896902319 ] ], [ [ 151.646691422254293, -33.094700512719179 ], [ 151.64690706973397, -33.094612661812619 ], [ 151.647648713472904, -33.095161864036747 ], [ 151.6477696554646, -33.094261254332373 ], [ 151.648309458272081, -33.093996532906893 ], [ 151.648643273669933, -33.093188422628756 ], [ 151.648442812034972, -33.092284326824746 ], [ 151.646848297210113, -33.091455296832201 ], [ 151.646631275659189, -33.091633325087585 ], [ 151.646607783412179, -33.093166337463053 ], [ 151.646600873589023, -33.093617223381152 ], [ 151.645180494649111, -33.095405635375513 ], [ 151.645067826407427, -33.095765179160566 ], [ 151.645387845376547, -33.095858849815556 ], [ 151.645396145285105, -33.095317787176207 ], [ 151.64604032941773, -33.095234594540166 ], [ 151.646358965287561, -33.0954184398283 ], [ 151.646135019908769, -33.096047352501088 ], [ 151.646773681096363, -33.096324864774346 ], [ 151.647213272404201, -33.095608099514131 ], [ 151.646683130475679, -33.095241575702232 ], [ 151.646691422254293, -33.094700512719179 ] ], [ [ 151.648329076095791, -33.106713834597045 ], [ 151.648436223619399, -33.106714996742156 ], [ 151.648437604411413, -33.106624819682558 ], [ 151.648330456997172, -33.106623657541434 ], [ 151.648329076095791, -33.106713834597045 ] ], [ [ 151.647967717815362, -33.123305226751519 ], [ 151.647966335665529, -33.123395403551939 ], [ 151.648073503427327, -33.12339656652474 ], [ 151.648074885467679, -33.123306389720341 ], [ 151.647967717815362, -33.123305226751519 ] ], [ [ 151.648183435050868, -33.123217375787313 ], [ 151.648076267501892, -33.123216212914592 ], [ 151.648074885467679, -33.123306389720341 ], [ 151.648183435050868, -33.123217375787313 ] ], [ [ 151.648091469471552, -33.12222426796167 ], [ 151.648090087505096, -33.122314444782369 ], [ 151.648197253959381, -33.12231560761532 ], [ 151.648198635816385, -33.122225430790657 ], [ 151.648091469471552, -33.12222426796167 ] ], [ [ 151.648021445580298, -33.105808577111176 ], [ 151.648020064406154, -33.105898754167086 ], [ 151.648127210926901, -33.105899916552623 ], [ 151.648128591991679, -33.105809739492734 ], [ 151.648021445580298, -33.105808577111176 ] ], [ [ 151.648129973050288, -33.105719562431474 ], [ 151.648237119358441, -33.105720724716988 ], [ 151.648238500301545, -33.105630547650399 ], [ 151.648131354102787, -33.105629385368857 ], [ 151.648129973050288, -33.105719562431474 ] ], [ [ 151.648239881238453, -33.105540370582453 ], [ 151.648347027334012, -33.105541532767951 ], [ 151.648348408155414, -33.105451355694669 ], [ 151.64824126216925, -33.105450193513157 ], [ 151.648239881238453, -33.105540370582453 ] ], [ [ 151.647980156886632, -33.122493635486649 ], [ 151.64776582357095, -33.122491309344177 ], [ 151.647644832417086, -33.12339191408072 ], [ 151.64807764952991, -33.123126036107493 ], [ 151.647980156886632, -33.122493635486649 ] ], [ [ 151.648096825944606, -33.107883811526868 ], [ 151.64809544473826, -33.107973988555543 ], [ 151.648202593781008, -33.107975150940455 ], [ 151.648203974877987, -33.107884973907808 ], [ 151.648096825944606, -33.107883811526868 ] ], [ [ 151.648309742829923, -33.107976313233287 ], [ 151.648312504798923, -33.107795959158693 ], [ 151.64820535596877, -33.107794796873819 ], [ 151.648203974877987, -33.107884973907808 ], [ 151.648309742829923, -33.107976313233287 ] ], [ [ 151.647985533051724, -33.108153180123843 ], [ 151.648201212677918, -33.108065327971744 ], [ 151.647986914379771, -33.108063003101883 ], [ 151.647985533051724, -33.108153180123843 ] ], [ [ 151.648050635534304, -33.11789461624101 ], [ 151.64805201730843, -33.117804439357748 ], [ 151.647944856339251, -33.117803276539398 ], [ 151.647943474455644, -33.117893453418667 ], [ 151.648050635534304, -33.11789461624101 ] ], [ [ 151.647854278812332, -33.116719991019252 ], [ 151.647747119168741, -33.1167188280644 ], [ 151.647745737140156, -33.116809004952053 ], [ 151.64731986311611, -33.116623998450848 ], [ 151.647314333238455, -33.116984705934989 ], [ 151.647208555885442, -33.116893365642639 ], [ 151.647201642883402, -33.117344249954172 ], [ 151.647308803262263, -33.117345413397423 ], [ 151.647730534419338, -33.117800950626346 ], [ 151.647627520067431, -33.117529256921443 ], [ 151.647521741747909, -33.117437916877762 ], [ 151.647737444839379, -33.117350066249315 ], [ 151.647951765664885, -33.117352392122577 ], [ 151.648063071280006, -33.117083024242739 ], [ 151.648064452998767, -33.116992847347248 ], [ 151.648065834711332, -33.116902670450408 ], [ 151.647852896893198, -33.11681016791087 ], [ 151.647854278812332, -33.116719991019252 ] ], [ [ 151.647858424532785, -33.116449460336291 ], [ 151.647857042632126, -33.11653963723198 ], [ 151.647964202063037, -33.11654080008676 ], [ 151.647965583854244, -33.116450623187099 ], [ 151.647858424532785, -33.116449460336291 ] ], [ [ 151.647875620909161, -33.108332371578754 ], [ 151.647768471447307, -33.108331208901681 ], [ 151.647765708310573, -33.108511562920221 ], [ 151.647981389030662, -33.108423711181629 ], [ 151.647875620909161, -33.108332371578754 ] ], [ [ 151.647686191083153, -33.106706859792858 ], [ 151.647684809519319, -33.106797036823266 ], [ 151.647791957115402, -33.106798199524803 ], [ 151.647793338569869, -33.106708022490423 ], [ 151.647686191083153, -33.106706859792858 ] ], [ [ 151.647901867401686, -33.106619008056164 ], [ 151.64790324873448, -33.106528831015076 ], [ 151.647904630061106, -33.106438653972631 ], [ 151.647797482896351, -33.106437491379083 ], [ 151.647796101460386, -33.106527668417549 ], [ 151.647793338569869, -33.106708022490423 ], [ 151.647901867401686, -33.106619008056164 ] ], [ [ 151.648013158443064, -33.106349639426341 ], [ 151.648014539647988, -33.106259462377203 ], [ 151.648015920846746, -33.106169285326708 ], [ 151.648017302039392, -33.106079108274862 ], [ 151.64791015530605, -33.106077945789302 ], [ 151.647908774004037, -33.106168122837168 ], [ 151.647907392695856, -33.106258299883677 ], [ 151.647904630061106, -33.106438653972631 ], [ 151.648013158443064, -33.106349639426341 ] ], [ [ 151.647610820387825, -33.104631625020431 ], [ 151.647717965352683, -33.104632787718579 ], [ 151.647719346768781, -33.104542610655571 ], [ 151.647612201913262, -33.104541447961402 ], [ 151.647610820387825, -33.104631625020431 ] ], [ [ 151.647826491630411, -33.104543773257667 ], [ 151.647827872930975, -33.104453596189337 ], [ 151.647720728178712, -33.104452433591213 ], [ 151.647719346768781, -33.104542610655571 ], [ 151.647826491630411, -33.104543773257667 ] ], [ [ 151.64782511032368, -33.104633950324661 ], [ 151.647932255300844, -33.104635112838665 ], [ 151.647935017689406, -33.10445475869539 ], [ 151.647826491630411, -33.104543773257667 ], [ 151.64782511032368, -33.104633950324661 ] ], [ [ 151.64767099354205, -33.107698807052728 ], [ 151.647669611910487, -33.107788984068208 ], [ 151.647776760709831, -33.107790146813485 ], [ 151.647778142231999, -33.107699969794027 ], [ 151.64767099354205, -33.107698807052728 ] ], [ [ 151.647429114245568, -33.12347976408509 ], [ 151.647427731536055, -33.123569940862893 ], [ 151.647534899486004, -33.123571104304325 ], [ 151.647536282086037, -33.123480927522536 ], [ 151.647429114245568, -33.12347976408509 ] ], [ [ 151.647677901607636, -33.107247921954972 ], [ 151.647676520006854, -33.10733809897723 ], [ 151.647783668259251, -33.107339261702627 ], [ 151.647785049750667, -33.107249084676383 ], [ 151.647677901607636, -33.107247921954972 ] ], [ [ 151.647655795255929, -33.108690754148284 ], [ 151.647762945149196, -33.108691916933331 ], [ 151.647764326732954, -33.108601739927458 ], [ 151.647657176949082, -33.108600577146383 ], [ 151.647655795255929, -33.108690754148284 ] ], [ [ 151.646066970204544, -33.128425513784386 ], [ 151.645634120693103, -33.128691383728636 ], [ 151.645528331529476, -33.128600041861148 ], [ 151.6454183874894, -33.128779229794254 ], [ 151.645632735874131, -33.128781560363961 ], [ 151.645738525360116, -33.128872902148537 ], [ 151.646488745710712, -33.128881055622557 ], [ 151.646590384651006, -33.1292429267016 ], [ 151.646911909083485, -33.129246419436647 ], [ 151.64691605967235, -33.128975889403634 ], [ 151.647343374602485, -33.129070721740753 ], [ 151.647240349546166, -33.128799027887467 ], [ 151.646491513602854, -33.128700702289557 ], [ 151.646388491587942, -33.12842900779421 ], [ 151.646169991215402, -33.128697208520343 ], [ 151.646172759739869, -33.128516855205802 ], [ 151.646066970204544, -33.128425513784386 ] ], [ [ 151.646910525541557, -33.129336596111607 ], [ 151.646803350615045, -33.129335431954757 ], [ 151.64680196695744, -33.129425608624373 ], [ 151.646909141993433, -33.129426772785202 ], [ 151.646910525541557, -33.129336596111607 ] ], [ [ 151.647498148828163, -33.104991170436826 ], [ 151.647605294224377, -33.104992333242947 ], [ 151.647606675774455, -33.104902156189368 ], [ 151.647499530487636, -33.104900993387218 ], [ 151.647498148828163, -33.104991170436826 ] ], [ [ 151.646956179170672, -33.126360765120793 ], [ 151.646954795825991, -33.126450941839217 ], [ 151.647061967254729, -33.126452105776544 ], [ 151.647169138689634, -33.126453269621713 ], [ 151.647170521815326, -33.126363092895332 ], [ 151.64706335048993, -33.126361929054141 ], [ 151.646956179170672, -33.126360765120793 ] ], [ [ 151.647171904934851, -33.126272916167586 ], [ 151.647279076156906, -33.126274079912655 ], [ 151.647280459160783, -33.126183903179587 ], [ 151.647173288048208, -33.126182739438477 ], [ 151.647171904934851, -33.126272916167586 ] ], [ [ 151.647393766969657, -33.104809653446004 ], [ 151.647500912140941, -33.104810816336226 ], [ 151.647503675429107, -33.104630462230226 ], [ 151.647396530476556, -33.104629299347948 ], [ 151.647393766969657, -33.104809653446004 ] ], [ [ 151.647053667714204, -33.12699316608245 ], [ 151.647052284435887, -33.127083342795345 ], [ 151.647159456637212, -33.127084506668389 ], [ 151.647160839806048, -33.126994329951508 ], [ 151.647053667714204, -33.12699316608245 ] ], [ [ 151.647013550139889, -33.129608290204956 ], [ 151.647120725407234, -33.129609454189435 ], [ 151.647122108748675, -33.129519277510596 ], [ 151.64701493359081, -33.129518113530096 ], [ 151.647013550139889, -33.129608290204956 ] ], [ [ 151.647119370567054, -33.115719902810028 ], [ 151.647226528969924, -33.115721066273757 ], [ 151.647227911471731, -33.11563088938972 ], [ 151.647120753178314, -33.115629725929963 ], [ 151.647119370567054, -33.115719902810028 ] ], [ [ 151.647263129141891, -33.10634150001033 ], [ 151.647261747165146, -33.106431677030258 ], [ 151.647368894299063, -33.106432840084175 ], [ 151.64737027616647, -33.106342663060261 ], [ 151.647263129141891, -33.10634150001033 ] ], [ [ 151.646983844769522, -33.124557230467033 ], [ 151.646982461548134, -33.12464740721262 ], [ 151.647089630787178, -33.124648571070345 ], [ 151.647091013899086, -33.124558394320772 ], [ 151.646983844769522, -33.124557230467033 ] ], [ [ 151.64688977167242, -33.13068924607294 ], [ 151.64688838803184, -33.130779422726164 ], [ 151.646995564716661, -33.130780586854542 ], [ 151.646996948247732, -33.130690410197339 ], [ 151.64688977167242, -33.13068924607294 ] ], [ [ 151.646864865198239, -33.132312425623077 ], [ 151.646863481446672, -33.13240260225183 ], [ 151.646970660102824, -33.132403766451873 ], [ 151.646972043744853, -33.132313589819127 ], [ 151.646864865198239, -33.132312425623077 ] ], [ [ 151.646943728846736, -33.127172355537716 ], [ 151.646942345446575, -33.127262532243918 ], [ 151.647049517860722, -33.127263696217064 ], [ 151.646943728846736, -33.127172355537716 ] ], [ [ 151.647283858054237, -33.10498884454838 ], [ 151.647175330682757, -33.105077858502362 ], [ 151.647065420977071, -33.105257049384619 ], [ 151.647281094279322, -33.105169198627635 ], [ 151.647283858054237, -33.10498884454838 ] ], [ [ 151.646864225446478, -33.125367657146761 ], [ 151.64697139555517, -33.125368821128454 ], [ 151.646972778825869, -33.125278644393738 ], [ 151.64686560882663, -33.125277480416017 ], [ 151.646864225446478, -33.125367657146761 ] ], [ [ 151.646902288101103, -33.11589792934636 ], [ 151.647009446710484, -33.115899093002263 ], [ 151.647010829443502, -33.115808916128898 ], [ 151.646903670943544, -33.115807752476975 ], [ 151.646902288101103, -33.11589792934636 ] ], [ [ 151.646721082448579, -33.127711087492024 ], [ 151.646719698792424, -33.127801264182104 ], [ 151.646826871851232, -33.127802428363424 ], [ 151.64682825539785, -33.127712251669351 ], [ 151.646721082448579, -33.127711087492024 ] ], [ [ 151.646929247139269, -33.107149603331159 ], [ 151.647036395129817, -33.107150766693138 ], [ 151.646930629493482, -33.107059426334025 ], [ 151.646929247139269, -33.107149603331159 ] ], [ [ 151.646510888156826, -33.127438228806355 ], [ 151.646616677018159, -33.127529569846232 ], [ 151.64672384974233, -33.127530734107765 ], [ 151.646726617011439, -33.127350380718077 ], [ 151.646510888156826, -33.127438228806355 ] ], [ [ 151.646830393843942, -33.106607377897838 ], [ 151.646937541172036, -33.106608541328001 ], [ 151.646938923489216, -33.106518364322717 ], [ 151.646831776270574, -33.106517200896526 ], [ 151.646830393843942, -33.106607377897838 ] ], [ [ 151.646721863979906, -33.106696391371557 ], [ 151.646720481431601, -33.106786568366154 ], [ 151.646827628972261, -33.106787731896354 ], [ 151.646829011411171, -33.106697554897785 ], [ 151.646721863979906, -33.106696391371557 ] ], [ [ 151.64621902522444, -33.132485791719724 ], [ 151.646217640803371, -33.132575968321881 ], [ 151.646324819641563, -33.132577133082862 ], [ 151.646326203953066, -33.132486956476733 ], [ 151.64621902522444, -33.132485791719724 ] ], [ [ 151.646146457761404, -33.130230211474597 ], [ 151.646145073385043, -33.130320388106725 ], [ 151.646252249479119, -33.130321552860302 ], [ 151.646253633745943, -33.130231376224188 ], [ 151.646146457761404, -33.130230211474597 ] ], [ [ 151.646129844838072, -33.131312330970616 ], [ 151.6461284603877, -33.131402507586465 ], [ 151.64623563779594, -33.131403672387826 ], [ 151.646237022136802, -33.131313495768005 ], [ 151.646129844838072, -33.131312330970616 ] ], [ [ 151.645932105810743, -33.130227881698943 ], [ 151.646039281783004, -33.130229046632849 ], [ 151.646147842131569, -33.130140034841098 ], [ 151.646042050736185, -33.130048693372451 ], [ 151.645932105810743, -33.130227881698943 ] ], [ [ 151.645287664854465, -33.130311066760484 ], [ 151.645822160428764, -33.130407069911897 ], [ 151.645401766552055, -33.129861349216476 ], [ 151.645294591054892, -33.129860183745564 ], [ 151.645287664854465, -33.130311066760484 ] ], [ [ 151.645713599423118, -33.130496081399208 ], [ 151.645712214590191, -33.130586258011327 ], [ 151.645819390988152, -33.130587423145485 ], [ 151.645820775711542, -33.130497246529373 ], [ 151.645713599423118, -33.130496081399208 ] ], [ [ 151.645523069113096, -33.114981025200642 ], [ 151.645630226548008, -33.114982190014089 ], [ 151.645631610641971, -33.11489201317891 ], [ 151.645524453316455, -33.114890848369441 ], [ 151.645523069113096, -33.114981025200642 ] ], [ [ 151.645161093100512, -33.131572373382795 ], [ 151.645159707645973, -33.131662549958698 ], [ 151.645266885327231, -33.131663715601476 ], [ 151.645268270672261, -33.131573539021581 ], [ 151.645161093100512, -33.131572373382795 ] ], [ [ 151.642709890049673, -33.130643773338178 ], [ 151.642707114220315, -33.130824126332286 ], [ 151.643027256303924, -33.130917805742421 ], [ 151.643368207541045, -33.129658836438921 ], [ 151.643473995631012, -33.129750180101247 ], [ 151.643472608547825, -33.129840356640514 ], [ 151.643688346202509, -33.129752514076188 ], [ 151.643582557881189, -33.129661170590182 ], [ 151.643478156843514, -33.129479650475311 ], [ 151.643261032380281, -33.129657669225061 ], [ 151.642825393066801, -33.130103882017842 ], [ 151.642819841969782, -33.130464588049207 ], [ 151.642709890049673, -33.130643773338178 ] ], [ [ 151.644118433839651, -33.129667004355646 ], [ 151.644225609049869, -33.129668170832275 ], [ 151.644544362747553, -33.129852022868903 ], [ 151.644764256700995, -33.129493648652051 ], [ 151.644765642445435, -33.129403472059487 ], [ 151.644232540509535, -33.129217287969148 ], [ 151.644129524977046, -33.128945591790249 ], [ 151.643909629931898, -33.129303964886013 ], [ 151.644442731653243, -33.129490150351941 ], [ 151.643799681724488, -33.129483151263564 ], [ 151.643688346202509, -33.129752514076188 ], [ 151.644118433839651, -33.129667004355646 ] ], [ [ 151.644762870950444, -33.129583825243259 ], [ 151.644761485193669, -33.129674001833109 ], [ 151.644868660440949, -33.129675167756808 ], [ 151.644975835694424, -33.129676333588364 ], [ 151.644977221232182, -33.129586156990534 ], [ 151.644870046088215, -33.129584991162979 ], [ 151.644978606763715, -33.129495980391354 ], [ 151.644764256700995, -33.129493648652051 ], [ 151.644762870950444, -33.129583825243259 ] ], [ [ 151.644455206087173, -33.128678561077621 ], [ 151.64466816833729, -33.12877106989751 ], [ 151.644883902221068, -33.128683225149921 ], [ 151.644989690794006, -33.128774567549016 ], [ 151.64530982815262, -33.128868240993178 ], [ 151.645312598453785, -33.128687887747816 ], [ 151.645206809637159, -33.128596545615821 ], [ 151.644885287800406, -33.128593048541141 ], [ 151.644779499549827, -33.128501706059126 ], [ 151.644350804316645, -33.128497041650121 ], [ 151.644129524977046, -33.128945591790249 ], [ 151.644455206087173, -33.128678561077621 ] ], [ [ 151.64531429191365, -33.114617987996375 ], [ 151.645207134934907, -33.114616822922564 ], [ 151.645205750421752, -33.114706999745877 ], [ 151.645312907509918, -33.114708164823675 ], [ 151.64531429191365, -33.114617987996375 ] ], [ [ 151.64504837324165, -33.131931913931375 ], [ 151.645049758824229, -33.13184173736353 ], [ 151.644942580936288, -33.131840571528471 ], [ 151.644941195244172, -33.131930748092323 ], [ 151.64504837324165, -33.131931913931375 ] ], [ [ 151.644981377808364, -33.129315627188937 ], [ 151.644979992289109, -33.129405803790831 ], [ 151.645087167220254, -33.129406969518264 ], [ 151.645088552629943, -33.129316792912391 ], [ 151.644981377808364, -33.129315627188937 ] ], [ [ 151.644948123642962, -33.131479865259458 ], [ 151.644946737975545, -33.131570041828752 ], [ 151.64505391553493, -33.131571207651859 ], [ 151.644948123642962, -33.131479865259458 ] ], [ [ 151.64477257107481, -33.128952589076285 ], [ 151.644771185361293, -33.129042765675649 ], [ 151.644878359842039, -33.129043931571445 ], [ 151.644879745446048, -33.128953754968101 ], [ 151.64477257107481, -33.128952589076285 ] ], [ [ 151.643097288766313, -33.140298490696793 ], [ 151.643095900740605, -33.140388667069089 ], [ 151.643417465345806, -33.140392169859126 ], [ 151.643425791435106, -33.139851111533112 ], [ 151.64331860388458, -33.139849944052571 ], [ 151.643319991654039, -33.139759767664138 ], [ 151.643427179095028, -33.139760935140686 ], [ 151.643431342037644, -33.139490405955257 ], [ 151.64332693040862, -33.139308885701588 ], [ 151.643755678018465, -33.139313554974819 ], [ 151.644082786615456, -33.138956350255533 ], [ 151.643992244318952, -33.137873066166748 ], [ 151.644743926899707, -33.137791055638132 ], [ 151.644750857853353, -33.137340173266793 ], [ 151.644642287008253, -33.137429183477181 ], [ 151.644533715944078, -33.137518193586054 ], [ 151.644319346422435, -33.137515860583967 ], [ 151.64379035851718, -33.137059144253364 ], [ 151.643782035549833, -33.137600202903968 ], [ 151.643034517749186, -33.137411678416463 ], [ 151.64377926117794, -33.137780555776629 ], [ 151.643982535313057, -33.138504301224614 ], [ 151.643759839882279, -33.139043025733088 ], [ 151.643115332537604, -33.139126197733262 ], [ 151.643118108409624, -33.138945844949276 ], [ 151.643006757827237, -33.139215206394063 ], [ 151.642795160857418, -33.139032517901853 ], [ 151.642249506443335, -33.139657911478388 ], [ 151.642462492348869, -33.139750424532927 ], [ 151.642458326392386, -33.140020953598331 ], [ 151.642779889571528, -33.140024457999893 ], [ 151.64278127790115, -33.139934281634147 ], [ 151.642566902661372, -33.139931945466614 ], [ 151.642569679740348, -33.139751592746997 ], [ 151.642784054541892, -33.139753928898564 ], [ 151.643105616790649, -33.139757432434472 ], [ 151.643098676785826, -33.140208314323132 ], [ 151.642991488815596, -33.140207146550061 ], [ 151.642990100686518, -33.140297322919722 ], [ 151.643097288766313, -33.140298490696793 ] ], [ [ 151.64475224402554, -33.137249996788441 ], [ 151.644645059577925, -33.137248830529821 ], [ 151.644643673296173, -33.137339007004179 ], [ 151.644750857853353, -33.137340173266793 ], [ 151.64475224402554, -33.137249996788441 ] ], [ [ 151.643143090144775, -33.13732266964864 ], [ 151.642930109256582, -33.137230157855285 ], [ 151.642927333181376, -33.137410510674961 ], [ 151.643034517749186, -33.137411678416463 ], [ 151.643143090144775, -33.13732266964864 ] ], [ [ 151.642456937727871, -33.140111129950753 ], [ 151.64234836112405, -33.14020013797559 ], [ 151.642455549057161, -33.140201306301805 ], [ 151.642456937727871, -33.140111129950753 ] ], [ [ 151.644717137716839, -33.13255965199086 ], [ 151.644715751756252, -33.132649828535861 ], [ 151.644822930617579, -33.132650994591138 ], [ 151.644824316468601, -33.13256081804213 ], [ 151.644717137716839, -33.13255965199086 ] ], [ [ 151.644630749281191, -33.131205837568984 ], [ 151.644737926383982, -33.131207003652634 ], [ 151.644739312245747, -33.13111682708589 ], [ 151.644632135252465, -33.131115661006241 ], [ 151.644630749281191, -33.131205837568984 ] ], [ [ 151.644230188708775, -33.136342399914732 ], [ 151.644121618619835, -33.136431409703107 ], [ 151.644228802050634, -33.136432576386731 ], [ 151.644230188708775, -33.136342399914732 ] ], [ [ 151.644331825804755, -33.136704272397978 ], [ 151.644439009576558, -33.136705438909196 ], [ 151.644444555369859, -33.136344732997465 ], [ 151.644228802050634, -33.136432576386731 ], [ 151.644331825804755, -33.136704272397978 ] ], [ [ 151.644437623112765, -33.136795615383747 ], [ 151.644436236642832, -33.136885791856912 ], [ 151.644543420639877, -33.136886958283945 ], [ 151.644437623112765, -33.136795615383747 ] ], [ [ 151.64415905917852, -33.133996644590063 ], [ 151.644157672571481, -33.134086821093398 ], [ 151.644264853154311, -33.134087987673304 ], [ 151.644266239651785, -33.133997811165997 ], [ 151.64415905917852, -33.133996644590063 ] ], [ [ 151.644034239796071, -33.142112524447931 ], [ 151.644141430129082, -33.142113691382882 ], [ 151.644142817176572, -33.142023514996495 ], [ 151.644035626953098, -33.142022348065524 ], [ 151.644034239796071, -33.142112524447931 ] ], [ [ 151.644058812201479, -33.133544595404871 ], [ 151.644057425515825, -33.133634771911012 ], [ 151.64416460554483, -33.133635938563152 ], [ 151.644165992120975, -33.133545762053018 ], [ 151.644058812201479, -33.133544595404871 ] ], [ [ 151.644097636891303, -33.13101965268141 ], [ 151.644096250378652, -33.131109829225579 ], [ 151.644203427341068, -33.131110995766036 ], [ 151.644204813744182, -33.131020819217866 ], [ 151.644097636891303, -33.13101965268141 ] ], [ [ 151.643602259054234, -33.163212592599265 ], [ 151.64339060497187, -33.163029904294397 ], [ 151.643279222100404, -33.163299264209726 ], [ 151.643493654250051, -33.163301600601024 ], [ 151.643602259054234, -33.163212592599265 ] ], [ [ 151.643947471884047, -33.133813958166911 ], [ 151.64394885869163, -33.133723781667499 ], [ 151.643841678565451, -33.133722614827022 ], [ 151.64373311141884, -33.133811624385842 ], [ 151.643947471884047, -33.133813958166911 ] ], [ [ 151.643946085070326, -33.133904134664995 ], [ 151.644053265421746, -33.133905301421279 ], [ 151.644054652125959, -33.133815124919202 ], [ 151.643947471884047, -33.133813958166911 ], [ 151.643946085070326, -33.133904134664995 ] ], [ [ 151.643737272480109, -33.133541094907407 ], [ 151.643628705461595, -33.133630104380778 ], [ 151.64395024549296, -33.133633605166708 ], [ 151.643844452381046, -33.133542261832069 ], [ 151.643737272480109, -33.133541094907407 ] ], [ [ 151.643135820471429, -33.130828796685499 ], [ 151.643134432985505, -33.130918973196479 ], [ 151.643241609673254, -33.130920140558374 ], [ 151.64324299704964, -33.1308299640434 ], [ 151.643135820471429, -33.130828796685499 ] ], [ [ 151.643240222290672, -33.131010317072004 ], [ 151.64356313977359, -33.130923642091119 ], [ 151.643350173634047, -33.130831131309151 ], [ 151.643241609673254, -33.130920140558374 ], [ 151.643240222290672, -33.131010317072004 ] ], [ [ 151.643781653672676, -33.130655446376629 ], [ 151.643673090356572, -33.130744456021155 ], [ 151.643670316486066, -33.130924809084377 ], [ 151.643668929541548, -33.131014985613966 ], [ 151.643771945827581, -33.131286682111629 ], [ 151.643989073422432, -33.131108662592965 ], [ 151.643888830068988, -33.130656613173599 ], [ 151.643781653672676, -33.130655446376629 ] ], [ [ 151.643606510640495, -33.135072928038824 ], [ 151.643712305278001, -33.13516427159454 ], [ 151.643715079510457, -33.134983918651045 ], [ 151.643606510640495, -33.135072928038824 ] ], [ [ 151.643710918152465, -33.135254448064245 ], [ 151.643818100134524, -33.135255615064715 ], [ 151.643820874160298, -33.135075262115969 ], [ 151.643712305278001, -33.13516427159454 ], [ 151.643710918152465, -33.135254448064245 ] ], [ [ 151.643815326084052, -33.135435968008039 ], [ 151.643923895210179, -33.13534695844934 ], [ 151.64392528212278, -33.135256781972998 ], [ 151.643818100134524, -33.135255615064715 ], [ 151.643815326084052, -33.135435968008039 ] ], [ [ 151.643599928082523, -33.142468561238317 ], [ 151.643707118829127, -33.142469728558019 ], [ 151.643708506339635, -33.142379552193027 ], [ 151.643601315702597, -33.142378384877318 ], [ 151.643599928082523, -33.142468561238317 ] ], [ [ 151.643577377536218, -33.136966633562103 ], [ 151.643684561593403, -33.136967800730559 ], [ 151.64368594883635, -33.136877624286676 ], [ 151.64357876488873, -33.136876457122199 ], [ 151.643577377536218, -33.136966633562103 ] ], [ [ 151.643610672289981, -33.134802398629439 ], [ 151.643717853718186, -33.134803565702114 ], [ 151.6437192408128, -33.134713389225624 ], [ 151.643612059494131, -33.134712222156928 ], [ 151.643610672289981, -33.134802398629439 ] ], [ [ 151.643567300898638, -33.130653112506202 ], [ 151.643565913863142, -33.130743289035877 ], [ 151.643674477282559, -33.130654279487494 ], [ 151.643567300898638, -33.130653112506202 ] ], [ [ 151.643389710107044, -33.142195697259197 ], [ 151.643496900512559, -33.142196864751327 ], [ 151.643498288223668, -33.142106688390228 ], [ 151.643391097927747, -33.142105520902099 ], [ 151.643389710107044, -33.142195697259197 ] ], [ [ 151.643401859107854, -33.134439358341275 ], [ 151.643400471703188, -33.134529534809879 ], [ 151.643399084292383, -33.134619711277118 ], [ 151.643507652790447, -33.134530702054924 ], [ 151.643401859107854, -33.134439358341275 ] ], [ [ 151.643193047604029, -33.134076317726525 ], [ 151.643191660005044, -33.134166494192598 ], [ 151.643406021284733, -33.134168828927294 ], [ 151.643407408664643, -33.13407865245324 ], [ 151.643193047604029, -33.134076317726525 ] ], [ [ 151.64351597646845, -33.133989643198952 ], [ 151.643408796038386, -33.133988475977844 ], [ 151.643407408664643, -33.13407865245324 ], [ 151.64351597646845, -33.133989643198952 ] ], [ [ 151.6431777836751, -33.135068258778468 ], [ 151.643393534587176, -33.134980417132518 ], [ 151.64317917133593, -33.134978082325979 ], [ 151.6431777836751, -33.135068258778468 ] ], [ [ 151.642550239667685, -33.141014061670127 ], [ 151.642334472980906, -33.141101901371442 ], [ 151.642548851044666, -33.141104238011586 ], [ 151.64265742859925, -33.141015229847916 ], [ 151.642550239667685, -33.141014061670127 ] ], [ [ 151.64297899543115, -33.141018733828105 ], [ 151.6433075015062, -33.140571355111128 ], [ 151.642987324409773, -33.140477675654964 ], [ 151.64265742859925, -33.141015229847916 ], [ 151.64297899543115, -33.141018733828105 ] ], [ [ 151.642968971711952, -33.134705217809149 ], [ 151.643184721917379, -33.134617376502504 ], [ 151.643296065644336, -33.134348014542049 ], [ 151.643188884788515, -33.134346847120632 ], [ 151.642968971711952, -33.134705217809149 ] ], [ [ 151.643174667566853, -33.128303853826267 ], [ 151.643173280254047, -33.128394030375304 ], [ 151.643280453875605, -33.128395197625437 ], [ 151.643281841078903, -33.128305021072414 ], [ 151.643174667566853, -33.128303853826267 ] ], [ [ 151.642736259194976, -33.128930419623082 ], [ 151.642734871400876, -33.129020596146631 ], [ 151.642842045764212, -33.129021763793318 ], [ 151.642843433448803, -33.128931587265775 ], [ 151.642736259194976, -33.128930419623082 ] ], [ [ 151.642407795795719, -33.129377798686363 ], [ 151.64240640764217, -33.129467975191126 ], [ 151.642513582534491, -33.129469143134244 ], [ 151.642514970578503, -33.129378966625481 ], [ 151.642407795795719, -33.129377798686363 ] ], [ [ 151.642246728719329, -33.139838264176745 ], [ 151.642353916208037, -33.139839432579187 ], [ 151.642248117584444, -33.139748087828245 ], [ 151.642246728719329, -33.139838264176745 ] ], [ [ 151.641911274012273, -33.140736521706728 ], [ 151.642018462578022, -33.140737690425674 ], [ 151.641912663267959, -33.140646345383793 ], [ 151.641911274012273, -33.140736521706728 ] ], [ [ 151.64234280594107, -33.140560843350229 ], [ 151.642344194746101, -33.140470667008607 ], [ 151.642129818241017, -33.140468330055626 ], [ 151.642018462578022, -33.140737690425674 ], [ 151.64234280594107, -33.140560843350229 ] ], [ [ 151.641801306703627, -33.140915705529352 ], [ 151.64190849548234, -33.140916874348498 ], [ 151.64201568426725, -33.140918043075452 ], [ 151.642017073425706, -33.140827866751245 ], [ 151.64190988475039, -33.140826698028285 ], [ 151.641802696081271, -33.140825529213139 ], [ 151.641801306703627, -33.140915705529352 ] ], [ [ 151.641792970307904, -33.141456763398082 ], [ 151.641900159744011, -33.14145793224121 ], [ 151.641901549049209, -33.141367755929153 ], [ 151.641794359722667, -33.141366587090019 ], [ 151.641792970307904, -33.141456763398082 ] ], [ [ 151.640478881663967, -33.143246255005607 ], [ 151.639828774826242, -33.143690113916698 ], [ 151.639825991723541, -33.143870466316798 ], [ 151.639933184006708, -33.143871636927472 ], [ 151.640357780144569, -33.144146847098149 ], [ 151.640041767631345, -33.143782631238579 ], [ 151.640043158960424, -33.143692455029843 ], [ 151.640471927303196, -33.143697136149697 ], [ 151.64047609993824, -33.143426607467319 ], [ 151.64068909283634, -33.143519123686865 ], [ 151.640903476631365, -33.143521463308765 ], [ 151.640797675274172, -33.14343011730309 ], [ 151.640906257492816, -33.143341110817765 ], [ 151.640478881663967, -33.143246255005607 ] ], [ [ 151.641336414263719, -33.143255612659644 ], [ 151.641774907352442, -33.142629055279151 ], [ 151.641560525649879, -33.142626717212416 ], [ 151.641559135929299, -33.14271689349345 ], [ 151.641451944977717, -33.142715724317789 ], [ 151.640906257492816, -33.143341110817765 ], [ 151.641336414263719, -33.143255612659644 ] ], [ [ 151.641780465296335, -33.142268350109447 ], [ 151.641568863843474, -33.142085659497653 ], [ 151.641457504261297, -33.142355019201474 ], [ 151.641776296847723, -33.142538878988766 ], [ 151.641780465296335, -33.142268350109447 ] ], [ [ 151.641799701313204, -33.134061133016381 ], [ 151.641798312290319, -33.134151309430536 ], [ 151.641905492846632, -33.134152478042161 ], [ 151.641906881759979, -33.134062301624034 ], [ 151.64190827066713, -33.133972125204529 ], [ 151.641801090329892, -33.133970956600891 ], [ 151.641799701313204, -33.134061133016381 ] ], [ [ 151.641678833163411, -33.141906475962685 ], [ 151.641786023141179, -33.141907644917985 ], [ 151.64178880202644, -33.141727292314101 ], [ 151.641681612267803, -33.141726123366801 ], [ 151.641678833163411, -33.141906475962685 ] ], [ [ 151.641979096726374, -33.129373126008389 ], [ 151.641980485311734, -33.129282949518235 ], [ 151.641981873890899, -33.129192773026716 ], [ 151.641874699358027, -33.129191604634833 ], [ 151.641873310669354, -33.129281781122351 ], [ 151.641766136033169, -33.129280612634311 ], [ 151.641764747228819, -33.129370789116479 ], [ 151.641763358418274, -33.129460965597275 ], [ 151.641871921974513, -33.129371957608505 ], [ 151.641979096726374, -33.129373126008389 ] ], [ [ 151.641575812167844, -33.14163477803131 ], [ 151.641790191459791, -33.141637116010116 ], [ 151.64157720181413, -33.141544601733969 ], [ 151.641575812167844, -33.14163477803131 ] ], [ [ 151.641881642708626, -33.128740722176843 ], [ 151.641880254050875, -33.128830898671154 ], [ 151.641987428145711, -33.128832067047057 ], [ 151.641881642708626, -33.128740722176843 ] ], [ [ 151.641702014663622, -33.12648397255689 ], [ 151.641700625941581, -33.126574149077193 ], [ 151.641807797286674, -33.126575317537508 ], [ 151.641809185899206, -33.12648514101322 ], [ 151.641702014663622, -33.12648397255689 ] ], [ [ 151.641503364570042, -33.139379201162143 ], [ 151.641610551467579, -33.139380370189919 ], [ 151.641611940959081, -33.139290193858599 ], [ 151.641504754171081, -33.139289024834817 ], [ 151.641503364570042, -33.139379201162143 ] ], [ [ 151.641561509769787, -33.128647040024525 ], [ 151.641668683627074, -33.128648208668885 ], [ 151.641670072491394, -33.128558032179846 ], [ 151.641562898743643, -33.128556863539472 ], [ 151.641561509769787, -33.128647040024525 ] ], [ [ 151.641384668108344, -33.126209937102011 ], [ 151.641383279076422, -33.126300113614398 ], [ 151.641490450074457, -33.126301282339156 ], [ 151.641491838996899, -33.126211105822776 ], [ 151.641384668108344, -33.126209937102011 ] ], [ [ 151.641344383669491, -33.128825055409365 ], [ 151.641451557733376, -33.128826224246026 ], [ 151.641452946829133, -33.128736047767688 ], [ 151.641345772874757, -33.128734878935035 ], [ 151.641344383669491, -33.128825055409365 ] ], [ [ 151.642157433352509, -33.05505674827031 ], [ 151.641516310799403, -33.054959573717497 ], [ 151.641085201760006, -33.055135262291749 ], [ 151.640328677367677, -33.055577979838162 ], [ 151.640220205704111, -33.055666989806262 ], [ 151.640647160840473, -33.055761836872094 ], [ 151.6417221702105, -33.055502971734654 ], [ 151.642157433352509, -33.05505674827031 ] ], [ [ 151.630624292561066, -33.156486588794927 ], [ 151.630625694200717, -33.156396413124625 ], [ 151.630737105860021, -33.156127065013173 ], [ 151.630634103907568, -33.155855359074181 ], [ 151.630203876133976, -33.155940818231812 ], [ 151.630423896455682, -33.155582473986897 ], [ 151.630322297941632, -33.155220592131215 ], [ 151.630539512590531, -33.155042598955127 ], [ 151.630863931611259, -33.15486578413141 ], [ 151.63096553201072, -33.155227665612109 ], [ 151.630971136866492, -33.154866962798167 ], [ 151.630972538064839, -33.154776787091286 ], [ 151.631081144299088, -33.154687789949506 ], [ 151.631408362414817, -33.154330622184425 ], [ 151.630983747426711, -33.154055381387238 ], [ 151.630557733545402, -33.153870314904395 ], [ 151.631106362715627, -33.153064626895976 ], [ 151.631643778568645, -33.152980342223991 ], [ 151.631645178978118, -33.152890166464367 ], [ 151.631433574461624, -33.152707458815463 ], [ 151.631755182445943, -33.152710992865501 ], [ 151.631224772449457, -33.152344399322452 ], [ 151.631327772532302, -33.152616104862709 ], [ 151.630889154199423, -33.153242621271872 ], [ 151.631120372073042, -33.152162869453591 ], [ 151.631334776036681, -33.152165226084243 ], [ 151.631338978064434, -33.151894698800831 ], [ 151.631660583070072, -33.151898233018834 ], [ 151.631880586862167, -33.151539885558925 ], [ 151.632527992764921, -33.15127642285654 ], [ 151.632640790908255, -33.150916896683853 ], [ 151.632430588341379, -33.150644014918122 ], [ 151.632647787242604, -33.150466017534647 ], [ 151.632969387210977, -33.150469548239251 ], [ 151.632650585732733, -33.150285665865454 ], [ 151.632760583742652, -33.150106491168472 ], [ 151.632986173831426, -33.149387437997611 ], [ 151.633743555091996, -33.148944793276797 ], [ 151.633639153221282, -33.148763265393576 ], [ 151.634073535867174, -33.148407265533329 ], [ 151.634743263577832, -33.146700975241757 ], [ 151.635063453509304, -33.146794676161484 ], [ 151.635174838532407, -33.146525323011154 ], [ 151.635390625380097, -33.146437496316452 ], [ 151.635502008922487, -33.146168142820976 ], [ 151.635609203806496, -33.14616931722415 ], [ 151.635716398696786, -33.146170491535116 ], [ 151.635715002810286, -33.146260667545477 ], [ 151.635713606917534, -33.14635084355448 ], [ 151.636252373241405, -33.146176361706772 ], [ 151.636472343517966, -33.145818004962564 ], [ 151.637006921541797, -33.145914047890564 ], [ 151.636575353046339, -33.146089706659431 ], [ 151.636678363182511, -33.146361408275908 ], [ 151.637108538374321, -33.146275925248993 ], [ 151.637224099481045, -33.145736041853461 ], [ 151.636367939412025, -33.145636479229289 ], [ 151.635396210253731, -33.146076792325907 ], [ 151.634528872600384, -33.146698624819606 ], [ 151.633868925962503, -33.147773682457291 ], [ 151.632781569792314, -33.148753853374927 ], [ 151.632014386684403, -33.149827722938383 ], [ 151.630800167404686, -33.152069158076245 ], [ 151.629680466636415, -33.155123339676535 ], [ 151.629546609733922, -33.15683549699007 ], [ 151.629845792764883, -33.158281846301939 ], [ 151.629844390226424, -33.158372021915461 ], [ 151.630160409770951, -33.158736263090113 ], [ 151.630482039588003, -33.158739800993942 ], [ 151.630695057804871, -33.158832334774203 ], [ 151.630590651335325, -33.158650804474405 ], [ 151.630489049052926, -33.158288922818954 ], [ 151.630377633666768, -33.158558270527067 ], [ 151.630270423947081, -33.158557091233845 ], [ 151.629960014180796, -33.157832147843848 ], [ 151.630291454975634, -33.157204456686962 ], [ 151.630195463758099, -33.15648187217738 ], [ 151.630517085350959, -33.156485409778924 ], [ 151.630624292561066, -33.156486588794927 ] ], [ [ 151.630536709273031, -33.155222950327143 ], [ 151.63053390593052, -33.155403301693724 ], [ 151.630962729545388, -33.15540801701092 ], [ 151.63096553201072, -33.155227665612109 ], [ 151.630536709273031, -33.155222950327143 ] ], [ [ 151.631305360269607, -33.154058916725326 ], [ 151.631309562690575, -33.153788389527605 ], [ 151.631095154780212, -33.153786032751945 ], [ 151.630983747426711, -33.154055381387238 ], [ 151.631305360269607, -33.154058916725326 ] ], [ [ 151.632759184622813, -33.150196667010491 ], [ 151.632866384283403, -33.15019784389996 ], [ 151.632867783293648, -33.150107668053906 ], [ 151.632760583742652, -33.150106491168472 ], [ 151.632759184622813, -33.150196667010491 ] ], [ [ 151.63538922914617, -33.146527672310697 ], [ 151.63549642446236, -33.146528846822136 ], [ 151.635497820586721, -33.146438670823876 ], [ 151.635390625380097, -33.146437496316452 ], [ 151.63538922914617, -33.146527672310697 ] ], [ [ 151.635605015799541, -33.146439845239101 ], [ 151.635606411808112, -33.146349669235484 ], [ 151.635499216704858, -33.146348494824281 ], [ 151.635497820586721, -33.146438670823876 ], [ 151.635605015799541, -33.146439845239101 ] ], [ [ 151.637317351521887, -33.146638975473387 ], [ 151.638172129197585, -33.146828707926772 ], [ 151.638174915997496, -33.146648355736531 ], [ 151.63742594121743, -33.146549972259912 ], [ 151.637643119950923, -33.146371965528203 ], [ 151.637538712782572, -33.146190440713262 ], [ 151.637540106799747, -33.146100264633347 ], [ 151.637432911913407, -33.146099091893973 ], [ 151.637431517786609, -33.146189267969874 ], [ 151.637108538374321, -33.146275925248993 ], [ 151.637317351521887, -33.146638975473387 ] ], [ [ 151.638277931704494, -33.146920056149831 ], [ 151.63892110733201, -33.146927086993081 ], [ 151.639032480870469, -33.14665773009807 ], [ 151.639571243043321, -33.146483233777275 ], [ 151.639468223771246, -33.146211534325985 ], [ 151.638818089615, -33.14665538706096 ], [ 151.638172129197585, -33.146828707926772 ], [ 151.638277931704494, -33.146920056149831 ] ], [ [ 151.639791200847156, -33.14612487085941 ], [ 151.639798159332514, -33.145673990018842 ], [ 151.639479359953242, -33.145490125071724 ], [ 151.639468223771246, -33.146211534325985 ], [ 151.639791200847156, -33.14612487085941 ] ], [ [ 151.6305836422938, -33.159101682642344 ], [ 151.630582240466765, -33.159191858271846 ], [ 151.630898265949071, -33.159556097681843 ], [ 151.631109885256109, -33.159738806441958 ], [ 151.631222701240034, -33.159379282459277 ], [ 151.630903872003699, -33.159195395129068 ], [ 151.630909477958454, -33.158834692554542 ], [ 151.630695057804871, -33.158832334774203 ], [ 151.6305836422938, -33.159101682642344 ] ], [ [ 151.630477833834135, -33.159010327882605 ], [ 151.630476431903674, -33.159100503509457 ], [ 151.6305836422938, -33.159101682642344 ], [ 151.630477833834135, -33.159010327882605 ] ], [ [ 151.630791054991846, -33.159554918805583 ], [ 151.630789653352906, -33.15964509443635 ], [ 151.630896864419782, -33.159646273316639 ], [ 151.630898265949071, -33.159556097681843 ], [ 151.630791054991846, -33.159554918805583 ] ], [ [ 151.631108483933701, -33.159828982082075 ], [ 151.631215695238637, -33.159830160693666 ], [ 151.631217096451394, -33.159739985049505 ], [ 151.631109885256109, -33.159738806441958 ], [ 151.631108483933701, -33.159828982082075 ] ], [ [ 151.639281677656385, -33.144405668927973 ], [ 151.639388870566023, -33.144406840023684 ], [ 151.639283069795937, -33.144315492756775 ], [ 151.639281677656385, -33.144405668927973 ] ], [ [ 151.639284461929321, -33.144225316584205 ], [ 151.639175877002089, -33.14431432157285 ], [ 151.639283069795937, -33.144315492756775 ], [ 151.639284461929321, -33.144225316584205 ] ], [ [ 151.6393916546198, -33.144226487671908 ], [ 151.639500239224503, -33.144137482485498 ], [ 151.639393046637394, -33.144136311493995 ], [ 151.6393916546198, -33.144226487671908 ] ], [ [ 151.639496063481886, -33.144408011027203 ], [ 151.639603256403944, -33.144409181938521 ], [ 151.639604648214771, -33.144319005755285 ], [ 151.6393916546198, -33.144226487671908 ], [ 151.639496063481886, -33.144408011027203 ] ], [ [ 151.639714624417309, -33.144139824191875 ], [ 151.639611607175823, -33.14386812481883 ], [ 151.639503023021888, -33.143957130117542 ], [ 151.639500239224503, -33.144137482485498 ], [ 151.639714624417309, -33.144139824191875 ] ], [ [ 151.637821989608256, -33.176407566982199 ], [ 151.637819198927104, -33.176587918283005 ], [ 151.638353964223313, -33.176683959809985 ], [ 151.63868402742321, -33.176146424126394 ], [ 151.637821989608256, -33.176407566982199 ] ], [ [ 151.638898490445342, -33.176148769229627 ], [ 151.638794047574521, -33.175967245337645 ], [ 151.638902673071783, -33.175878242135767 ], [ 151.63901269242993, -33.175699063126167 ], [ 151.638692393937276, -33.175605369974498 ], [ 151.638805201899402, -33.175245839737059 ], [ 151.638484905278773, -33.175152146092827 ], [ 151.638377674996775, -33.175150973262184 ], [ 151.63837628029512, -33.175241148952352 ], [ 151.638483510686882, -33.175242321786989 ], [ 151.63868402742321, -33.176146424126394 ], [ 151.638898490445342, -33.176148769229627 ] ], [ [ 151.638901278869156, -33.175968417835087 ], [ 151.639008510170044, -33.175969590240214 ], [ 151.639009904262878, -33.17587941453688 ], [ 151.638902673071783, -33.175878242135767 ], [ 151.638901278869156, -33.175968417835087 ] ], [ [ 151.639166131127638, -33.144945554714717 ], [ 151.639273324688645, -33.144946725926665 ], [ 151.63927471686543, -33.14485654976361 ], [ 151.639167523414045, -33.144855378555675 ], [ 151.639166131127638, -33.144945554714717 ] ], [ [ 151.63896288389509, -33.144221802767845 ], [ 151.638748498569953, -33.144219459762589 ], [ 151.638854298657691, -33.144310807467875 ], [ 151.639068684214408, -33.144313150296732 ], [ 151.639070076566952, -33.14422297413217 ], [ 151.639071468913301, -33.144132797966265 ], [ 151.63896288389509, -33.144221802767845 ] ], [ [ 151.638955921522381, -33.144672683557026 ], [ 151.639063114742186, -33.144673854941367 ], [ 151.639064507119542, -33.14458367878224 ], [ 151.638957314009332, -33.1445825074019 ], [ 151.638955921522381, -33.144672683557026 ] ], [ [ 151.638642698701346, -33.144128111971767 ], [ 151.638749891245027, -33.144129283608699 ], [ 151.638751283913933, -33.144039107453438 ], [ 151.638644091479847, -33.144037935820506 ], [ 151.638642698701346, -33.144128111971767 ] ], [ [ 151.638055984188071, -33.175147454216393 ], [ 151.63805458915715, -33.175237629894518 ], [ 151.638161819530268, -33.17523880300611 ], [ 151.638163214451424, -33.175148627323964 ], [ 151.638055984188071, -33.175147454216393 ] ], [ [ 151.636882036592084, -33.174773841390717 ], [ 151.63645172097813, -33.174859319663156 ], [ 151.637629854118018, -33.174962409534665 ], [ 151.637525415221063, -33.174780884647845 ], [ 151.636882036592084, -33.174773841390717 ] ], [ [ 151.637628458660515, -33.175052585199488 ], [ 151.637842918924207, -33.175054932052802 ], [ 151.637844314162209, -33.174964756379971 ], [ 151.637629854118018, -33.174962409534665 ], [ 151.637628458660515, -33.175052585199488 ] ], [ [ 151.637285830764, -33.176401698855791 ], [ 151.637178599013794, -33.176400524953564 ], [ 151.637174411007067, -33.176671051830539 ], [ 151.637280247181621, -33.176762401371754 ], [ 151.637391666743923, -33.176493048300756 ], [ 151.637285830764, -33.176401698855791 ] ], [ [ 151.637393062520431, -33.176402872665712 ], [ 151.637394458290714, -33.176312697029317 ], [ 151.637287226644048, -33.176311523223418 ], [ 151.637285830764, -33.176401698855791 ], [ 151.637393062520431, -33.176402872665712 ] ], [ [ 151.636619703977885, -33.212470667194879 ], [ 151.636834255369905, -33.21247301811708 ], [ 151.636835653629845, -33.212382843024919 ], [ 151.636621102457724, -33.212380492110725 ], [ 151.636619703977885, -33.212470667194879 ] ], [ [ 151.636738166455473, -33.211750441958884 ], [ 151.636845441275, -33.211751617341655 ], [ 151.636846839485088, -33.211661442238608 ], [ 151.636738166455473, -33.211750441958884 ] ], [ [ 151.637277455353143, -33.176942752621557 ], [ 151.636745482751394, -33.176666355250298 ], [ 151.636420993052724, -33.176843183034123 ], [ 151.636739896899144, -33.177027057669676 ], [ 151.636738500420563, -33.177117233271126 ], [ 151.636845733023961, -33.177118407574739 ], [ 151.636952965633583, -33.177119581786002 ], [ 151.637277455353143, -33.176942752621557 ] ], [ [ 151.636393962788389, -33.213189716462729 ], [ 151.63650123934849, -33.213190892187072 ], [ 151.636502637988144, -33.21310071711784 ], [ 151.636395361538007, -33.213099541397511 ], [ 151.636393962788389, -33.213189716462729 ] ], [ [ 151.636611312967972, -33.213011717671101 ], [ 151.636504036621574, -33.213010542047243 ], [ 151.636502637988144, -33.21310071711784 ], [ 151.636611312967972, -33.213011717671101 ] ], [ [ 151.636945984244818, -33.177570459812955 ], [ 151.637053217409488, -33.177571633951978 ], [ 151.637054613589925, -33.177481458345291 ], [ 151.63694738053502, -33.17748028421029 ], [ 151.636945984244818, -33.177570459812955 ] ], [ [ 151.637329899705094, -33.145827390838541 ], [ 151.637437094256427, -33.1458285636581 ], [ 151.637438488358356, -33.145738387576749 ], [ 151.637331293916588, -33.145737214761212 ], [ 151.637329899705094, -33.145827390838541 ] ], [ [ 151.637129454648374, -33.14492328416847 ], [ 151.637236648091431, -33.144924457132348 ], [ 151.63723804235039, -33.144834281045433 ], [ 151.637130849016955, -33.144833108085564 ], [ 151.637129454648374, -33.14492328416847 ] ], [ [ 151.636821146729602, -33.164852165137937 ], [ 151.636929760036224, -33.164763163201762 ], [ 151.636933946896846, -33.164492635834343 ], [ 151.636605315432405, -33.164939992933618 ], [ 151.636821146729602, -33.164852165137937 ] ], [ [ 151.637132243379313, -33.144742932001286 ], [ 151.637239436603181, -33.144744104957148 ], [ 151.63724083084972, -33.144653928867513 ], [ 151.637133637735445, -33.144652755915658 ], [ 151.637132243379313, -33.144742932001286 ] ], [ [ 151.637104354951731, -33.1465464534284 ], [ 151.637105749432152, -33.14645627736995 ], [ 151.636998554132248, -33.146455104245696 ], [ 151.636997159542261, -33.146545280300138 ], [ 151.637104354951731, -33.1465464534284 ] ], [ [ 151.637047360867655, -33.143298941484169 ], [ 151.637048755233934, -33.143208765380805 ], [ 151.636941563885443, -33.143207592308713 ], [ 151.63694016940957, -33.143297768408068 ], [ 151.637047360867655, -33.143298941484169 ] ], [ [ 151.636923435214243, -33.144379881494373 ], [ 151.637030627987315, -33.144381054618599 ], [ 151.637032022428173, -33.144290878531535 ], [ 151.636924829764695, -33.144289705411325 ], [ 151.636923435214243, -33.144379881494373 ] ], [ [ 151.636627650173267, -33.163497180402032 ], [ 151.636734866189414, -33.16349835437665 ], [ 151.636736261948158, -33.163408178577853 ], [ 151.636629046041691, -33.163407004607237 ], [ 151.636627650173267, -33.163497180402032 ] ], [ [ 151.636526018038523, -33.163135303163891 ], [ 151.636631837759893, -33.163226653013595 ], [ 151.636634629453255, -33.163046301414504 ], [ 151.636526018038523, -33.163135303163891 ] ], [ [ 151.635886229206875, -33.176747133233349 ], [ 151.635990666858675, -33.176928659412937 ], [ 151.636419596257269, -33.176933358626243 ], [ 151.635886229206875, -33.176747133233349 ] ], [ [ 151.635190523315401, -33.166277357681118 ], [ 151.635189125821768, -33.166367533380182 ], [ 151.63540496199326, -33.166279708186153 ], [ 151.635190523315401, -33.166277357681118 ] ], [ [ 151.635618003641241, -33.166372234037205 ], [ 151.636052467986957, -33.166016230284782 ], [ 151.63540496199326, -33.166279708186153 ], [ 151.635618003641241, -33.166372234037205 ] ], [ [ 151.63626411334414, -33.166198930774499 ], [ 151.636591355410729, -33.165841750589067 ], [ 151.636595543482514, -33.165571223306713 ], [ 151.636376917692957, -33.165839402154333 ], [ 151.636052467986957, -33.166016230284782 ], [ 151.63626411334414, -33.166198930774499 ] ], [ [ 151.636400653089396, -33.164306414195593 ], [ 151.636507870080322, -33.164307588390876 ], [ 151.636509266114416, -33.164217412612338 ], [ 151.636402049233197, -33.164216238421062 ], [ 151.636400653089396, -33.164306414195593 ] ], [ [ 151.636709049686743, -33.144377534969308 ], [ 151.636816242447395, -33.144378708277948 ], [ 151.636817637107413, -33.144288532198907 ], [ 151.636710444456355, -33.144287358894282 ], [ 151.636709049686743, -33.144377534969308 ] ], [ [ 151.635664490326917, -33.204884198598776 ], [ 151.635771756723045, -33.204885374693085 ], [ 151.635773155668858, -33.204795199530771 ], [ 151.635665889382608, -33.204794023440478 ], [ 151.635664490326917, -33.204884198598776 ] ], [ [ 151.636237880420566, -33.160967561262233 ], [ 151.636345093340736, -33.160968735493583 ], [ 151.636346489364087, -33.16087855967276 ], [ 151.636239276553567, -33.160877385445431 ], [ 151.636237880420566, -33.160967561262233 ] ], [ [ 151.636024198768411, -33.174764445211778 ], [ 151.636022801677115, -33.17485462081914 ], [ 151.636130031493025, -33.17485579566862 ], [ 151.636131428474584, -33.174765620057237 ], [ 151.636024198768411, -33.174764445211778 ] ], [ [ 151.635989940275977, -33.163129431525597 ], [ 151.63609715581606, -33.163130606037797 ], [ 151.636204371362339, -33.163131780457718 ], [ 151.636098552208068, -33.163040430257631 ], [ 151.635989940275977, -33.163129431525597 ] ], [ [ 151.636202975073815, -33.163221956240541 ], [ 151.636310190735998, -33.163223130572206 ], [ 151.636311586914843, -33.163132954785382 ], [ 151.636204371362339, -33.163131780457718 ], [ 151.636202975073815, -33.163221956240541 ] ], [ [ 151.635704609269624, -33.160781337126778 ], [ 151.635595999821305, -33.16087033814398 ], [ 151.635916241697402, -33.160964038014654 ], [ 151.635917638159441, -33.160873862209883 ], [ 151.635704609269624, -33.160781337126778 ] ], [ [ 151.635914845229195, -33.161054213818062 ], [ 151.636022058240371, -33.161055388330205 ], [ 151.636023454598927, -33.160965212522775 ], [ 151.635916241697402, -33.160964038014654 ], [ 151.635914845229195, -33.161054213818062 ] ], [ [ 151.636020661875563, -33.161145564136262 ], [ 151.636127875002643, -33.161146738560156 ], [ 151.636129271257744, -33.161056562750069 ], [ 151.636022058240371, -33.161055388330205 ], [ 151.636020661875563, -33.161145564136262 ] ], [ [ 151.636126478741289, -33.161236914368871 ], [ 151.63612508247374, -33.161327090176222 ], [ 151.636232295826375, -33.161328264515866 ], [ 151.636233691984273, -33.161238088704508 ], [ 151.636235088135919, -33.161147912891785 ], [ 151.636127875002643, -33.161146738560156 ], [ 151.636126478741289, -33.161236914368871 ] ], [ [ 151.636119497341298, -33.161687793392062 ], [ 151.63622671113265, -33.161688967747779 ], [ 151.636228107315418, -33.161598791941834 ], [ 151.636120893633745, -33.161597617590139 ], [ 151.636119497341298, -33.161687793392062 ] ], [ [ 151.634603640245984, -33.176462499135667 ], [ 151.633648352327043, -33.175820681394917 ], [ 151.633432490773316, -33.175908502763477 ], [ 151.634813908403743, -33.176735377894957 ], [ 151.634820900488506, -33.176284500208304 ], [ 151.634603640245984, -33.176462499135667 ] ], [ [ 151.634812509968128, -33.176825553428209 ], [ 151.634919742130165, -33.176826729381503 ], [ 151.634921140456044, -33.176736553844229 ], [ 151.634813908403743, -33.176735377894957 ], [ 151.634812509968128, -33.176825553428209 ] ], [ [ 151.634918343798063, -33.176916904917398 ], [ 151.635025576076089, -33.176918080782386 ], [ 151.635026974298427, -33.176827905242462 ], [ 151.634919742130165, -33.176826729381503 ], [ 151.634918343798063, -33.176916904917398 ] ], [ [ 151.635024177847498, -33.177008256320953 ], [ 151.635131410241542, -33.177009432097634 ], [ 151.635132808360368, -33.176919256555053 ], [ 151.635025576076089, -33.176918080782386 ], [ 151.635024177847498, -33.177008256320953 ] ], [ [ 151.635670367438877, -33.176834958469598 ], [ 151.635673162547761, -33.176654607337468 ], [ 151.635352864482456, -33.176560905607367 ], [ 151.635026974298427, -33.176827905242462 ], [ 151.635670367438877, -33.176834958469598 ] ], [ [ 151.635635805676657, -33.172144652167539 ], [ 151.635634408326922, -33.172234827798285 ], [ 151.635741634935357, -33.17223600290054 ], [ 151.635743032175384, -33.172145827265787 ], [ 151.635635805676657, -33.172144652167539 ] ], [ [ 151.635489447964773, -33.174668394011213 ], [ 151.635488050330935, -33.174758569599852 ], [ 151.635702509687263, -33.174760920121557 ], [ 151.6357039071016, -33.174670744524882 ], [ 151.635489447964773, -33.174668394011213 ] ], [ [ 151.635095965797092, -33.206952344544185 ], [ 151.634881428029615, -33.206949990969278 ], [ 151.634985897174261, -33.207131518004637 ], [ 151.635094566042113, -33.20704251964974 ], [ 151.635095965797092, -33.206952344544185 ] ], [ [ 151.634994296307326, -33.206590467383215 ], [ 151.635101564754507, -33.206591644108379 ], [ 151.635102964478278, -33.206501468996038 ], [ 151.634995696141033, -33.206500292274882 ], [ 151.634994296307326, -33.206590467383215 ] ], [ [ 151.63499149662124, -33.20677081759581 ], [ 151.635098765288262, -33.206771994329003 ], [ 151.635100165024511, -33.206681819219384 ], [ 151.634992896467395, -33.206680642490191 ], [ 151.63499149662124, -33.20677081759581 ] ], [ [ 151.634946698251071, -33.209656420256735 ], [ 151.635053970435877, -33.209657597118557 ], [ 151.635055370371674, -33.209567422052473 ], [ 151.634948098296803, -33.209566245194672 ], [ 151.634946698251071, -33.209656420256735 ] ], [ [ 151.635356427154164, -33.162491152221797 ], [ 151.63535503003169, -33.162581327982018 ], [ 151.635462244876294, -33.162582503023749 ], [ 151.635463641889061, -33.1624923272595 ], [ 151.635356427154164, -33.162491152221797 ] ], [ [ 151.635676674584204, -33.162584852830385 ], [ 151.635783889447481, -33.162586027595303 ], [ 151.63578528613121, -33.16249585181901 ], [ 151.635678071377583, -33.162494677058106 ], [ 151.635679468164767, -33.162404501284492 ], [ 151.635572253527073, -33.162403326435339 ], [ 151.635463641889061, -33.1624923272595 ], [ 151.635676674584204, -33.162584852830385 ] ], [ [ 151.635568062817839, -33.162673853740081 ], [ 151.6356752777846, -33.162675028601278 ], [ 151.635676674584204, -33.162584852830385 ], [ 151.635568062817839, -33.162673853740081 ] ], [ [ 151.635556887319353, -33.163395259826196 ], [ 151.635664103163606, -33.16339643471953 ], [ 151.635665500012976, -33.163306258959494 ], [ 151.635558284278432, -33.163305084070188 ], [ 151.635556887319353, -33.163395259826196 ] ], [ [ 151.634671090833564, -33.2066771117481 ], [ 151.63488422796047, -33.206769640770169 ], [ 151.634781159485271, -33.206497938555316 ], [ 151.634672491003244, -33.206586936653174 ], [ 151.634671090833564, -33.2066771117481 ] ], [ [ 151.634782559532567, -33.206407763453669 ], [ 151.634889827747401, -33.206408940355644 ], [ 151.634891227678537, -33.206318765248596 ], [ 151.634783959573582, -33.206317588350643 ], [ 151.634782559532567, -33.206407763453669 ] ], [ [ 151.634761558168179, -33.207760389835585 ], [ 151.634868828031898, -33.207761566797863 ], [ 151.634870228056599, -33.20767139171123 ], [ 151.634762958302787, -33.207670214752994 ], [ 151.634761558168179, -33.207760389835585 ] ], [ [ 151.635428340450574, -33.171691423560176 ], [ 151.635429737982435, -33.171601247929303 ], [ 151.635322512160798, -33.171600072578258 ], [ 151.635428340450574, -33.171691423560176 ] ], [ [ 151.634758757880206, -33.207940739996715 ], [ 151.634650087539598, -33.20802973800847 ], [ 151.634757357726869, -33.20803091507522 ], [ 151.634758757880206, -33.207940739996715 ] ], [ [ 151.635089887856566, -33.17277000453786 ], [ 151.635197115092325, -33.172771180125729 ], [ 151.635198512918379, -33.172681004519212 ], [ 151.635091285792356, -33.172679828935358 ], [ 151.635089887856566, -33.17277000453786 ] ], [ [ 151.635063325892872, -33.174483340726908 ], [ 151.634848867269767, -33.174480989121584 ], [ 151.634847468989904, -33.174571164688842 ], [ 151.635274988852871, -33.17466604312829 ], [ 151.635063325892872, -33.174483340726908 ] ], [ [ 151.635029770724458, -33.176647554158528 ], [ 151.635138400773315, -33.17655855437112 ], [ 151.635031168928094, -33.176557378614525 ], [ 151.635029770724458, -33.176647554158528 ] ], [ [ 151.63527436153916, -33.160866813247715 ], [ 151.63538157429366, -33.160867988305398 ], [ 151.635382971297844, -33.160777812519335 ], [ 151.635275758653023, -33.160776637465666 ], [ 151.63527436153916, -33.160866813247715 ] ], [ [ 151.634540016593462, -33.20820891098618 ], [ 151.634647286994351, -33.208210088153393 ], [ 151.634648687270101, -33.208119913081617 ], [ 151.634541416979147, -33.208118735918418 ], [ 151.634540016593462, -33.20820891098618 ] ], [ [ 151.634141629685104, -33.171677313207574 ], [ 151.634140230830212, -33.171767488788866 ], [ 151.634247456802797, -33.171768665163249 ], [ 151.634248855547952, -33.171678489577936 ], [ 151.634141629685104, -33.171677313207574 ] ], [ [ 151.635105264807805, -33.171778072835536 ], [ 151.635215286345357, -33.171598897134906 ], [ 151.634466104325014, -33.171500490850988 ], [ 151.634248855547952, -33.171678489577936 ], [ 151.635105264807805, -33.171778072835536 ] ], [ [ 151.635300185817044, -33.145354209728097 ], [ 151.635407379702286, -33.145355384279554 ], [ 151.635408775855353, -33.145265208267645 ], [ 151.635301582079705, -33.14526403372021 ], [ 151.635300185817044, -33.145354209728097 ] ], [ [ 151.635018013157804, -33.163569735443275 ], [ 151.635125229190294, -33.163570910805987 ], [ 151.635126626600595, -33.163480735068781 ], [ 151.635019410677813, -33.163479559710083 ], [ 151.635018013157804, -33.163569735443275 ] ], [ [ 151.631425914849558, -33.160103044588531 ], [ 151.631427315861714, -33.160012868940406 ], [ 151.631320104324914, -33.160011690505286 ], [ 151.631318703203107, -33.160101866149382 ], [ 151.631425914849558, -33.160103044588531 ] ], [ [ 151.634221808718081, -33.15959259708665 ], [ 151.633568750263919, -33.160216769724386 ], [ 151.633355725552718, -33.160124240716918 ], [ 151.633352927457821, -33.160304592154013 ], [ 151.633460139442121, -33.160305768848275 ], [ 151.633458740495001, -33.160395944568798 ], [ 151.633351528400993, -33.160394767870493 ], [ 151.633348730268693, -33.160575119299416 ], [ 151.633024294550808, -33.160751940026174 ], [ 151.631957771746585, -33.160379462397032 ], [ 151.631641738954016, -33.160015225533876 ], [ 151.631533126502262, -33.160104222935423 ], [ 151.631741947031372, -33.160467281979685 ], [ 151.633130107757466, -33.160843292718994 ], [ 151.633776180922638, -33.160670001299692 ], [ 151.633783174044368, -33.160219122643589 ], [ 151.634103411478918, -33.160312827076446 ], [ 151.634429241424357, -33.16004582766675 ], [ 151.634216216162315, -33.159953300116648 ], [ 151.634647857994622, -33.159777651779116 ], [ 151.634543442207217, -33.159596124581974 ], [ 151.635080895393031, -33.159511826102673 ], [ 151.634439026839772, -33.159414597303225 ], [ 151.634221808718081, -33.15959259708665 ] ], [ [ 151.634536453141948, -33.160047003426364 ], [ 151.634748081364876, -33.160229706213123 ], [ 151.634753671802002, -33.15986900311907 ], [ 151.634536453141948, -33.160047003426364 ] ], [ [ 151.634927568276709, -33.16248645114829 ], [ 151.635034782986736, -33.162487626555063 ], [ 151.635036180431996, -33.16239745080555 ], [ 151.634928965831648, -33.162396275402784 ], [ 151.634927568276709, -33.16248645114829 ] ], [ [ 151.634080115314589, -33.210188052185423 ], [ 151.634187388109126, -33.210189229810823 ], [ 151.634188788961893, -33.210099054785076 ], [ 151.634081516277291, -33.21009787716369 ], [ 151.634080115314589, -33.210188052185423 ] ], [ [ 151.634071709407294, -33.210729102287196 ], [ 151.634178982861499, -33.210730279936733 ], [ 151.634180383751698, -33.210640104919136 ], [ 151.634073110407456, -33.210638927273621 ], [ 151.634071709407294, -33.210729102287196 ] ], [ [ 151.635192991937998, -33.145353035084433 ], [ 151.635085798065148, -33.145351860348555 ], [ 151.634974414386903, -33.145621213499865 ], [ 151.635188802783858, -33.145623563087923 ], [ 151.635192991937998, -33.145353035084433 ] ], [ [ 151.63485389580535, -33.160321057478122 ], [ 151.634961107876876, -33.160322232880752 ], [ 151.634855293320527, -33.160230881703981 ], [ 151.63485389580535, -33.160321057478122 ] ], [ [ 151.634332303767366, -33.173212650689699 ], [ 151.63433090502599, -33.173302826255913 ], [ 151.634438132876568, -33.17330400251403 ], [ 151.634439531508207, -33.173213826943787 ], [ 151.634332303767366, -33.173212650689699 ] ], [ [ 151.634546759255301, -33.173215003105582 ], [ 151.634762613064311, -33.173127179568596 ], [ 151.634766807915412, -33.172856652809507 ], [ 151.634552353280498, -33.172854300794988 ], [ 151.634439531508207, -33.173213826943787 ], [ 151.634546759255301, -33.173215003105582 ] ], [ [ 151.634844113024741, -33.160952287858954 ], [ 151.634845510583517, -33.16086211209435 ], [ 151.634631085143042, -33.160859760964101 ], [ 151.634736900191712, -33.160951112335944 ], [ 151.634844113024741, -33.160952287858954 ] ], [ [ 151.633858563737675, -33.210636571705294 ], [ 151.633965837069439, -33.210637749535678 ], [ 151.633967238173284, -33.210547574524782 ], [ 151.633968639270904, -33.210457399512528 ], [ 151.633861366159039, -33.210456221690187 ], [ 151.633859964951455, -33.210546396698412 ], [ 151.633858563737675, -33.210636571705294 ] ], [ [ 151.634075912389051, -33.210458577242434 ], [ 151.634078714345634, -33.210278227205777 ], [ 151.633971441447414, -33.210277049483921 ], [ 151.633968639270904, -33.210457399512528 ], [ 151.634075912389051, -33.210458577242434 ] ], [ [ 151.634870013630916, -33.14543968659067 ], [ 151.634977207600883, -33.14544086151497 ], [ 151.634978604198551, -33.145350685520476 ], [ 151.634764216484001, -33.145348335587684 ], [ 151.634870013630916, -33.14543968659067 ] ], [ [ 151.633838946089071, -33.211899021658631 ], [ 151.633946220960098, -33.21190019954534 ], [ 151.633947622151339, -33.211810024553493 ], [ 151.633840347390247, -33.211808846670813 ], [ 151.633838946089071, -33.211899021658631 ] ], [ [ 151.634316917269587, -33.174204581843192 ], [ 151.634422747517419, -33.174295933696762 ], [ 151.634532773756064, -33.174116758786852 ], [ 151.634425544911551, -33.174115582584868 ], [ 151.634316917269587, -33.174204581843192 ] ], [ [ 151.634322512446914, -33.173843879624606 ], [ 151.634429740955966, -33.173845055906831 ], [ 151.634431139625008, -33.173754880344767 ], [ 151.634323911225692, -33.173753704066549 ], [ 151.634322512446914, -33.173843879624606 ] ], [ [ 151.633719058243003, -33.212709418472407 ], [ 151.633826334097392, -33.21271059648776 ], [ 151.633827735454787, -33.212620421512177 ], [ 151.633720459710332, -33.212619243500853 ], [ 151.633719058243003, -33.212709418472407 ] ], [ [ 151.634116449343509, -33.17330047346276 ], [ 151.634115050376437, -33.173390649019574 ], [ 151.634222278324302, -33.173391825466318 ], [ 151.634223677181637, -33.173301649905483 ], [ 151.634116449343509, -33.17330047346276 ] ], [ [ 151.634220879460713, -33.173482001025782 ], [ 151.634328107524567, -33.173483177384249 ], [ 151.634329506278419, -33.173393001820749 ], [ 151.634222278324302, -33.173391825466318 ], [ 151.634220879460713, -33.173482001025782 ] ], [ [ 151.634326708764519, -33.173573352946377 ], [ 151.634433936944305, -33.173574529216545 ], [ 151.634435335594645, -33.173484353650402 ], [ 151.634328107524567, -33.173483177384249 ], [ 151.634326708764519, -33.173573352946377 ] ], [ [ 151.633735875438958, -33.21162731872402 ], [ 151.633843149973899, -33.211628496691091 ], [ 151.633844551256374, -33.21153832169918 ], [ 151.633737276831397, -33.21153714373613 ], [ 151.633735875438958, -33.21162731872402 ] ], [ [ 151.634664007174877, -33.144896280550391 ], [ 151.634662610279548, -33.144986456539627 ], [ 151.634769803689125, -33.144987631628268 ], [ 151.634664007174877, -33.144896280550391 ] ], [ [ 151.634416659727464, -33.160857409464803 ], [ 151.63452387243214, -33.160858585260577 ], [ 151.634525270313702, -33.160768409506659 ], [ 151.634418057718705, -33.1607672337149 ], [ 151.634416659727464, -33.160857409464803 ] ], [ [ 151.633665037942563, -33.209281590641829 ], [ 151.633772309612738, -33.209282768596751 ], [ 151.633773710842831, -33.209192593573469 ], [ 151.633666439282592, -33.209191415622577 ], [ 151.633665037942563, -33.209281590641829 ] ], [ [ 151.633501703159794, -33.212887412087291 ], [ 151.633608979221577, -33.212888590295577 ], [ 151.633716255289613, -33.212889768411401 ], [ 151.63371765676942, -33.21279959344259 ], [ 151.633610380811348, -33.212798415330774 ], [ 151.633503104859528, -33.212797237126516 ], [ 151.633501703159794, -33.212887412087291 ] ], [ [ 151.634697530794966, -33.142732056400796 ], [ 151.634377355890678, -33.142638354871792 ], [ 151.634268768177122, -33.142727355525963 ], [ 151.634696134049022, -33.142822232422674 ], [ 151.634697530794966, -33.142732056400796 ] ], [ [ 151.634425047581459, -33.16031635494501 ], [ 151.634317835541026, -33.160315179081074 ], [ 151.634206428949881, -33.160584530366783 ], [ 151.634423649621368, -33.1604065307017 ], [ 151.634425047581459, -33.16031635494501 ] ], [ [ 151.634198039667695, -33.161125584813874 ], [ 151.634305252688932, -33.161126760806226 ], [ 151.634306650808526, -33.161036585064437 ], [ 151.634199437896967, -33.161035409076085 ], [ 151.634198039667695, -33.161125584813874 ] ], [ [ 151.633418257019656, -33.21135325933664 ], [ 151.633525531206004, -33.211354437568971 ], [ 151.633526932799583, -33.211264262585047 ], [ 151.633419658723199, -33.211263084356759 ], [ 151.633418257019656, -33.21135325933664 ] ], [ [ 151.633922980736344, -33.171945486905621 ], [ 151.634033004863852, -33.171766312322177 ], [ 151.633818552949862, -33.1717639591119 ], [ 151.633709927702142, -33.171852957932174 ], [ 151.633922980736344, -33.171945486905621 ] ], [ [ 151.633791076799952, -33.166622772980105 ], [ 151.633898296493612, -33.1666239494945 ], [ 151.634005516193497, -33.16662512591661 ], [ 151.633899695322384, -33.166533773847732 ], [ 151.633791076799952, -33.166622772980105 ] ], [ [ 151.634004117468209, -33.166715301566043 ], [ 151.634111337284025, -33.166716477899897 ], [ 151.634112735899635, -33.166626302246449 ], [ 151.634005516193497, -33.16662512591661 ], [ 151.634004117468209, -33.166715301566043 ] ], [ [ 151.633990605824721, -33.16067235389005 ], [ 151.634097818285113, -33.160673530046836 ], [ 151.634099216592944, -33.160583354306283 ], [ 151.633992004242202, -33.160582178153511 ], [ 151.633990605824721, -33.16067235389005 ] ], [ [ 151.633993402653431, -33.160492002415609 ], [ 151.634100614894493, -33.160493178564359 ], [ 151.634102013189818, -33.160403002821077 ], [ 151.633994801058435, -33.160401826676349 ], [ 151.633993402653431, -33.160492002415609 ] ], [ [ 151.634078241321731, -33.161935990271871 ], [ 151.634079639716788, -33.161845814550354 ], [ 151.633865211950621, -33.161843462039997 ], [ 151.634078241321731, -33.161935990271871 ] ], [ [ 151.63425200155541, -33.143809467505797 ], [ 151.63425479605462, -33.143629115522764 ], [ 151.634146206963862, -33.14371811602156 ], [ 151.63425200155541, -33.143809467505797 ] ], [ [ 151.633649751901459, -33.175730505890918 ], [ 151.633756982677852, -33.175731682811445 ], [ 151.63375838213625, -33.175641507302075 ], [ 151.633651151469621, -33.175640330385576 ], [ 151.633649751901459, -33.175730505890918 ] ], [ [ 151.63294428845208, -33.21423414360568 ], [ 151.632942886102626, -33.21432431852454 ], [ 151.633050163892534, -33.214325497259445 ], [ 151.633051566132053, -33.214235322336542 ], [ 151.63294428845208, -33.21423414360568 ] ], [ [ 151.633158843818251, -33.214236500974984 ], [ 151.633160245941554, -33.214146326046702 ], [ 151.63305296836532, -33.214145147412289 ], [ 151.633051566132053, -33.214235322336542 ], [ 151.633158843818251, -33.214236500974984 ] ], [ [ 151.633054370592333, -33.214054972486664 ], [ 151.632947093132287, -33.214053793763838 ], [ 151.63294569079531, -33.214143968685441 ], [ 151.63305296836532, -33.214145147412289 ], [ 151.633054370592333, -33.214054972486664 ] ], [ [ 151.633161648058604, -33.214056151117049 ], [ 151.633055772813094, -33.21396479755969 ], [ 151.633054370592333, -33.214054972486664 ], [ 151.633161648058604, -33.214056151117049 ] ], [ [ 151.633495475606082, -33.171850604160056 ], [ 151.633492676548343, -33.172030955267594 ], [ 151.633707129083319, -33.172033309055792 ], [ 151.633708528395857, -33.171943133494665 ], [ 151.633495475606082, -33.171850604160056 ] ], [ [ 151.633705729764586, -33.172123484615575 ], [ 151.633812956151161, -33.172124661375243 ], [ 151.633814355360187, -33.172034485811437 ], [ 151.633707129083319, -33.172033309055792 ], [ 151.633705729764586, -33.172123484615575 ] ], [ [ 151.633048761646791, -33.214415672180991 ], [ 151.632941483746919, -33.21441449344205 ], [ 151.63294008138493, -33.214504668358209 ], [ 151.633048761646791, -33.214415672180991 ] ], [ [ 151.632928862264293, -33.215226067638397 ], [ 151.633036141153866, -33.215227246413555 ], [ 151.633037543455828, -33.215137071504266 ], [ 151.632930264676247, -33.21513589273313 ], [ 151.632928862264293, -33.215226067638397 ] ], [ [ 151.633792475738431, -33.166532597337358 ], [ 151.633686655202666, -33.166441245094596 ], [ 151.633472216285355, -33.16643889162048 ], [ 151.633685256160732, -33.166531420734692 ], [ 151.633792475738431, -33.166532597337358 ] ], [ [ 151.632952702417725, -33.213693094063856 ], [ 151.633059979437917, -33.213694272770574 ], [ 151.633061381633695, -33.21360409783815 ], [ 151.632954104723467, -33.213602919135447 ], [ 151.632952702417725, -33.213693094063856 ] ], [ [ 151.634059976456797, -33.142364300530716 ], [ 151.63395418375049, -33.142272948912641 ], [ 151.63373840591106, -33.142360773401556 ], [ 151.634059976456797, -33.142364300530716 ] ], [ [ 151.633948593785846, -33.142633652906646 ], [ 151.634055784302717, -33.142634828536238 ], [ 151.634057181693635, -33.142544652535747 ], [ 151.633949991286329, -33.142543476910191 ], [ 151.633948593785846, -33.142633652906646 ] ], [ [ 151.633255827166721, -33.173471409645877 ], [ 151.633363055174442, -33.173472586835089 ], [ 151.63336445491592, -33.173382411307799 ], [ 151.633257227017964, -33.173381234122601 ], [ 151.633255827166721, -33.173471409645877 ] ], [ [ 151.633365854651203, -33.17329223577913 ], [ 151.633580310246401, -33.173294589864561 ], [ 151.633475881678038, -33.173113061798553 ], [ 151.633368654103037, -33.173111884717734 ], [ 151.633365854651203, -33.17329223577913 ] ], [ [ 151.632863656320552, -33.212519641141597 ], [ 151.632970931905049, -33.212520819888439 ], [ 151.63297233412959, -33.212430644942344 ], [ 151.632865058655028, -33.212429466199538 ], [ 151.632863656320552, -33.212519641141597 ] ], [ [ 151.633940208652035, -33.143174708856876 ], [ 151.633833017483937, -33.143173533110968 ], [ 151.633831619830261, -33.143263709093894 ], [ 151.633938811107924, -33.143264884843802 ], [ 151.633940208652035, -33.143174708856876 ] ], [ [ 151.633835812772588, -33.14299318114103 ], [ 151.633943003721555, -33.142994356878894 ], [ 151.633944401246964, -33.142904180887882 ], [ 151.633837210407592, -33.142903005154039 ], [ 151.633835812772588, -33.14299318114103 ] ], [ [ 151.633433890573485, -33.175818327268878 ], [ 151.633436690155094, -33.175637976275624 ], [ 151.633223628866432, -33.175545446305797 ], [ 151.633219428844853, -33.175815972773592 ], [ 151.633433890573485, -33.175818327268878 ] ], [ [ 151.632637667471272, -33.17184118537957 ], [ 151.632001316848715, -33.171383239906632 ], [ 151.631995712688024, -33.17174394191813 ], [ 151.632842318047437, -33.172474769312117 ], [ 151.632637667471272, -33.17184118537957 ] ], [ [ 151.632840917819607, -33.172564944832899 ], [ 151.632948144704983, -33.172566122351093 ], [ 151.632946744580664, -33.172656297874553 ], [ 151.63315699883762, -33.172929179228433 ], [ 151.633372853234022, -33.17284135811542 ], [ 151.633378451988023, -33.17248065595998 ], [ 151.633165398285456, -33.172388126043515 ], [ 151.633386849931895, -33.171939602685974 ], [ 151.632847918896374, -33.17211406721534 ], [ 151.632953745139929, -33.172205420243692 ], [ 151.632952345040536, -33.172295595772589 ], [ 151.633059571602956, -33.172296773186403 ], [ 151.632949544823077, -33.172475946826289 ], [ 151.632842318047437, -33.172474769312117 ], [ 151.632840917819607, -33.172564944832899 ] ], [ [ 151.633370053819618, -33.173021709184987 ], [ 151.633477281284854, -33.173022886261791 ], [ 151.633478680885446, -33.172932710723664 ], [ 151.63315699883762, -33.172929179228433 ], [ 151.633370053819618, -33.173021709184987 ] ], [ [ 151.632619650084706, -33.214410956670577 ], [ 151.632726927965848, -33.21441213568685 ], [ 151.632728330541482, -33.214321960777383 ], [ 151.632621052770304, -33.214320781765139 ], [ 151.632619650084706, -33.214410956670577 ] ], [ [ 151.632725525383961, -33.214502310594945 ], [ 151.632834205853243, -33.214413314610667 ], [ 151.632726927965848, -33.21441213568685 ], [ 151.632725525383961, -33.214502310594945 ] ], [ [ 151.632835608318942, -33.214323139697193 ], [ 151.63283701077836, -33.214232964782347 ], [ 151.632729733110892, -33.214231785866566 ], [ 151.632728330541482, -33.214321960777383 ], [ 151.632835608318942, -33.214323139697193 ] ], [ [ 151.633575238267241, -33.166710595307805 ], [ 151.632824699905541, -33.166702355803032 ], [ 151.633143559941374, -33.1668862388035 ], [ 151.633359399314372, -33.166798417248941 ], [ 151.633572439920272, -33.166890946570426 ], [ 151.633575238267241, -33.166710595307805 ] ], [ [ 151.632767600122833, -33.211797062759814 ], [ 151.632660325430464, -33.21179588386029 ], [ 151.632658922919802, -33.211886058803849 ], [ 151.632766197722134, -33.211887237707394 ], [ 151.632767600122833, -33.211797062759814 ] ], [ [ 151.632769002517279, -33.211706887810884 ], [ 151.6327704049055, -33.211616712860582 ], [ 151.632663130433002, -33.211615533969109 ], [ 151.632769002517279, -33.211706887810884 ] ], [ [ 151.633197027781677, -33.177258780395071 ], [ 151.633304260399001, -33.177259957753236 ], [ 151.633307060399716, -33.17707960681156 ], [ 151.633199828001892, -33.177078429461432 ], [ 151.633197027781677, -33.177258780395071 ] ], [ [ 151.63264770260966, -33.212607458303239 ], [ 151.632754978291644, -33.212608637239001 ], [ 151.632756380742308, -33.212518462302313 ], [ 151.632649105170316, -33.21251728337058 ], [ 151.63264770260966, -33.212607458303239 ] ], [ [ 151.632623858122798, -33.214140431950185 ], [ 151.632731135674049, -33.214141610954385 ], [ 151.632732538230954, -33.21405143604084 ], [ 151.632625260789666, -33.214050257040668 ], [ 151.632623858122798, -33.214140431950185 ] ], [ [ 151.633517035884324, -33.142809301423021 ], [ 151.633734212770776, -33.142631301370891 ], [ 151.633628420101843, -33.142539949480309 ], [ 151.633521229719435, -33.14253877348596 ], [ 151.63341264129491, -33.142627773375771 ], [ 151.633517035884324, -33.142809301423021 ] ], [ [ 151.633732815044908, -33.142721477357952 ], [ 151.633840005658897, -33.142722653175952 ], [ 151.633841403275198, -33.142632477184875 ], [ 151.633734212770776, -33.142631301370891 ], [ 151.633732815044908, -33.142721477357952 ] ], [ [ 151.632330084254022, -33.212333396175495 ], [ 151.632328681376038, -33.212423571098803 ], [ 151.632435956819336, -33.212424750303832 ], [ 151.632437359587385, -33.212334575376495 ], [ 151.632330084254022, -33.212333396175495 ] ], [ [ 151.632433151264507, -33.212605100154406 ], [ 151.632540426933957, -33.21260627927505 ], [ 151.632543232268887, -33.212425929416419 ], [ 151.632435956819336, -33.212424750303832 ], [ 151.632433151264507, -33.212605100154406 ] ], [ [ 151.632544634926973, -33.212335754485068 ], [ 151.632651910272813, -33.212336933501184 ], [ 151.632547440224414, -33.212155404618272 ], [ 151.632438762349153, -33.212244400447808 ], [ 151.632544634926973, -33.212335754485068 ] ], [ [ 151.633258626862954, -33.173291058597961 ], [ 151.633044171305187, -33.173288703958718 ], [ 151.632835316845899, -33.172925646902463 ], [ 151.632935543361413, -33.173377702013198 ], [ 151.633258626862954, -33.173291058597961 ] ], [ [ 151.633232585785038, -33.168059698801166 ], [ 151.633339807202844, -33.168060875841327 ], [ 151.633341206679944, -33.167970700236424 ], [ 151.633233985371817, -33.167969523200277 ], [ 151.633232585785038, -33.168059698801166 ] ], [ [ 151.633085594464148, -33.177528129322766 ], [ 151.633192827404514, -33.177529306785317 ], [ 151.633194227536478, -33.177439131323268 ], [ 151.633086994705849, -33.177437953864732 ], [ 151.633085594464148, -33.177528129322766 ] ], [ [ 151.633503056029099, -33.143711061124861 ], [ 151.633505852049979, -33.143530709195367 ], [ 151.633294265327493, -33.143348004922757 ], [ 151.63307568731571, -33.143616180068378 ], [ 151.633503056029099, -33.143711061124861 ] ], [ [ 151.632321666892267, -33.212874445694901 ], [ 151.632320263976766, -33.21296462061003 ], [ 151.632427540079789, -33.212965799839218 ], [ 151.632428942885355, -33.212875624920059 ], [ 151.632321666892267, -33.212874445694901 ] ], [ [ 151.632893535233194, -33.17608296675764 ], [ 151.633000766404933, -33.176084144340464 ], [ 151.633002166656581, -33.175993968864688 ], [ 151.632894935594607, -33.175992791285893 ], [ 151.632893535233194, -33.17608296675764 ] ], [ [ 151.632912321484866, -33.167965991538139 ], [ 151.633020942574234, -33.167876993256947 ], [ 151.633130963121971, -33.167697819273137 ], [ 151.632809300241178, -33.167694287370338 ], [ 151.632912321484866, -33.167965991538139 ] ], [ [ 151.633099372542006, -33.065961275937482 ], [ 151.633093795317109, -33.066321984224551 ], [ 151.63341090695198, -33.066596037122878 ], [ 151.6342537612, -33.067507195294311 ], [ 151.634469352903437, -33.067419364137919 ], [ 151.634694693283166, -33.06670029276259 ], [ 151.634271872256875, -33.066334892936979 ], [ 151.633099372542006, -33.065961275937482 ] ], [ [ 151.632466011409036, -33.175988080047574 ], [ 151.632681874064019, -33.175900260386307 ], [ 151.632683274632456, -33.17581008491986 ], [ 151.632790505462481, -33.175811262675246 ], [ 151.632899136641385, -33.175722264862465 ], [ 151.632362983071374, -33.175716375644164 ], [ 151.632247346275136, -33.176256250213264 ], [ 151.631822625317966, -33.175981010420671 ], [ 151.630740497638811, -33.176600448033909 ], [ 151.62987141621872, -33.177312411841569 ], [ 151.629647124803881, -33.177941278401249 ], [ 151.630835106704637, -33.177413205909701 ], [ 151.631381084075315, -33.17678787417929 ], [ 151.631488316037718, -33.176789053086743 ], [ 151.631489717875922, -33.176698877678206 ], [ 151.631491119707874, -33.176608702268318 ], [ 151.631815617960655, -33.176431887564561 ], [ 151.63181281497404, -33.176612238412595 ], [ 151.632025877232877, -33.176704770810552 ], [ 151.631921448128594, -33.176523241515355 ], [ 151.632135911463564, -33.17652559829061 ], [ 151.632138713779142, -33.176345247415689 ], [ 151.632353176700036, -33.176347603805574 ], [ 151.632571841755407, -33.176079433455314 ], [ 151.632466011409036, -33.175988080047574 ] ], [ [ 151.632840098815166, -33.165710424071136 ], [ 151.632947317355672, -33.165711601375833 ], [ 151.632948717109429, -33.165621425751652 ], [ 151.632841498678602, -33.165620248450971 ], [ 151.632840098815166, -33.165710424071136 ] ], [ [ 151.634593303006028, -33.059393596417316 ], [ 151.634273427141579, -33.059299901227057 ], [ 151.634400012825182, -33.058038592772306 ], [ 151.633870145738143, -33.057672019518598 ], [ 151.633540522997464, -33.058209563086066 ], [ 151.633301260167116, -33.059830405422332 ], [ 151.634046711417028, -33.060109150267365 ], [ 151.634586340820618, -33.059844482529492 ], [ 151.634593303006028, -33.059393596417316 ] ], [ [ 151.632892073175782, -33.141629955946364 ], [ 151.633106451680533, -33.1416323088688 ], [ 151.633215039141277, -33.141543309208465 ], [ 151.632894870224959, -33.141449604002581 ], [ 151.632892073175782, -33.141629955946364 ] ], [ [ 151.633191268911048, -33.143076300739224 ], [ 151.632976886887434, -33.143073947872466 ], [ 151.632975488363371, -33.143164123824583 ], [ 151.633189870606145, -33.143166476699378 ], [ 151.633191268911048, -33.143076300739224 ] ], [ [ 151.633100858384012, -33.141993012772225 ], [ 151.633209446307916, -33.141904013133406 ], [ 151.633102256717478, -33.141902836798408 ], [ 151.633100858384012, -33.141993012772225 ] ], [ [ 151.63201952968123, -33.170210958218945 ], [ 151.632026534335921, -33.169760080585554 ], [ 151.631703462824248, -33.169846721153682 ], [ 151.631614456464064, -33.168673260869717 ], [ 151.631936122759527, -33.168676795950816 ], [ 151.632047547363698, -33.168407447481265 ], [ 151.631841509940728, -33.167864037782451 ], [ 151.632062956024839, -33.167415516343588 ], [ 151.631528254510812, -33.167319449277613 ], [ 151.631854118721037, -33.167052457771966 ], [ 151.632291402217845, -33.166516116502514 ], [ 151.632721680271146, -33.166430651554215 ], [ 151.632299804932899, -33.16597506295539 ], [ 151.631429442394705, -33.166777217420396 ], [ 151.631205191599719, -33.167406088804228 ], [ 151.631275970473894, -33.169751831078678 ], [ 151.631585028222133, -33.170566946706046 ], [ 151.631583626808606, -33.17065712220711 ], [ 151.631690851314715, -33.170658300748364 ], [ 151.631688048688346, -33.17083865175443 ], [ 151.632005519903686, -33.171112713383735 ], [ 151.631896893708415, -33.171201710604208 ], [ 151.631895492580355, -33.171291886107817 ], [ 151.632217168477894, -33.171295420708574 ], [ 151.631800878208992, -33.170479128177746 ], [ 151.631802279390598, -33.17038895266591 ], [ 151.632121150266471, -33.170572838469241 ], [ 151.632231176185712, -33.170393665490479 ], [ 151.63201952968123, -33.170210958218945 ] ], [ [ 151.633081281060925, -33.143255476262858 ], [ 151.632866898611439, -33.14325312319562 ], [ 151.632972691296544, -33.143344475724732 ], [ 151.633081281060925, -33.143255476262858 ] ], [ [ 151.632476434553382, -33.168412159213226 ], [ 151.632583656366393, -33.168413336915499 ], [ 151.632585056636429, -33.168323161344212 ], [ 151.632477834933127, -33.16832198364596 ], [ 151.632476434553382, -33.168412159213226 ] ], [ [ 151.632219324315628, -33.178059758825242 ], [ 151.632326557864673, -33.178060937050518 ], [ 151.632327958912185, -33.177970761628814 ], [ 151.632220725472905, -33.177969583407581 ], [ 151.632219324315628, -33.178059758825242 ] ], [ [ 151.632590960217897, -33.147218509715614 ], [ 151.632699555272694, -33.14712951077388 ], [ 151.632700954290186, -33.147039334889634 ], [ 151.632592359351236, -33.147128333836768 ], [ 151.632590960217897, -33.147218509715614 ] ], [ [ 151.632696757219009, -33.147309862538272 ], [ 151.632803953365908, -33.147311039391212 ], [ 151.632806751200405, -33.147130687618777 ], [ 151.632699555272694, -33.14712951077388 ], [ 151.632696757219009, -33.147309862538272 ] ], [ [ 151.632116294555232, -33.177788054262628 ], [ 151.63222352776873, -33.177789232568138 ], [ 151.632224928907277, -33.177699057146398 ], [ 151.632117695803544, -33.177697878844896 ], [ 151.632116294555232, -33.177788054262628 ] ], [ [ 151.632084725750303, -33.172917401577884 ], [ 151.63219195303094, -33.172918579758303 ], [ 151.632193353942171, -33.172828404267101 ], [ 151.632086126771242, -33.172827226090703 ], [ 151.632084725750303, -33.172917401577884 ] ], [ [ 151.632627335658327, -33.144873936423437 ], [ 151.632628734629577, -33.14478376050922 ], [ 151.632522940638353, -33.144692407672949 ], [ 151.632415747688384, -33.144691230660058 ], [ 151.632305756150828, -33.144870405360592 ], [ 151.632627335658327, -33.144873936423437 ] ], [ [ 151.632282999278146, -33.167057170000682 ], [ 151.631961338850942, -33.167053635967576 ], [ 151.631958537162888, -33.167233987098584 ], [ 151.632172977880259, -33.167236343229057 ], [ 151.632282999278146, -33.167057170000682 ] ], [ [ 151.631832188640828, -33.147751323621179 ], [ 151.631723591948258, -33.147840321755304 ], [ 151.631937985451259, -33.147842677077143 ], [ 151.63194078511421, -33.147662325385419 ], [ 151.631832188640828, -33.147751323621179 ] ], [ [ 151.632156577806683, -33.147574504466355 ], [ 151.632157977403381, -33.147484328609032 ], [ 151.632050781074668, -33.147483151194749 ], [ 151.631942184936321, -33.14757214953751 ], [ 151.63194078511421, -33.147662325385419 ], [ 151.632156577806683, -33.147574504466355 ] ], [ [ 151.632369571318293, -33.147667034890326 ], [ 151.632583964457723, -33.147669389089486 ], [ 151.632479566426866, -33.147487860298597 ], [ 151.63237237007948, -33.147486683160956 ], [ 151.632373769450709, -33.147396507294225 ], [ 151.632266573219141, -33.147395330068399 ], [ 151.632157977403381, -33.147484328609032 ], [ 151.632369571318293, -33.147667034890326 ] ], [ [ 151.632480965688501, -33.147397684427844 ], [ 151.632588161932546, -33.147398861469242 ], [ 151.632589561078333, -33.147308685593103 ], [ 151.632482364943883, -33.14730750855572 ], [ 151.632480965688501, -33.147397684427844 ] ], [ [ 151.632366772532151, -33.147847386614259 ], [ 151.632473969317971, -33.147848563767994 ], [ 151.63247536860456, -33.147758387902691 ], [ 151.632368171928363, -33.147757210752971 ], [ 151.632366772532151, -33.147847386614259 ] ], [ [ 151.6319648880187, -33.173727802592239 ], [ 151.632072116280796, -33.17372898090121 ], [ 151.632073517357924, -33.173638805426279 ], [ 151.631966289205565, -33.173637627121344 ], [ 151.6319648880187, -33.173727802592239 ] ], [ [ 151.632737633640687, -33.068572887736551 ], [ 151.633712689465568, -33.067862037106856 ], [ 151.633508247713962, -33.067228450372184 ], [ 151.63286147008472, -33.06749193766926 ], [ 151.632533197480058, -33.067939299611943 ], [ 151.632737633640687, -33.068572887736551 ] ], [ [ 151.632255377197822, -33.148116736931932 ], [ 151.6323625743062, -33.148117914189967 ], [ 151.632363973721112, -33.148027738332758 ], [ 151.632256776722301, -33.148026561078765 ], [ 151.632255377197822, -33.148116736931932 ] ], [ [ 151.631987953642408, -33.165340299951509 ], [ 151.632095171694203, -33.165341477978338 ], [ 151.632096572300583, -33.165251302380916 ], [ 151.631989354358495, -33.165250124358124 ], [ 151.631987953642408, -33.165340299951509 ] ], [ [ 151.632429739187273, -33.143789471510026 ], [ 151.632322547339356, -33.143788294445159 ], [ 151.632319748870259, -33.14396864627799 ], [ 151.632426940937364, -33.143969823350915 ], [ 151.632429739187273, -33.143789471510026 ] ], [ [ 151.632174772077008, -33.146402218215137 ], [ 151.632281967096759, -33.146403395488917 ], [ 151.632283366502776, -33.146313219609887 ], [ 151.632176171592619, -33.146312042340135 ], [ 151.632174772077008, -33.146402218215137 ] ], [ [ 151.631647342062848, -33.159654522895522 ], [ 151.631645941295005, -33.159744698557155 ], [ 151.631753152521497, -33.159745876703418 ], [ 151.63175455317969, -33.159655701037771 ], [ 151.631647342062848, -33.159654522895522 ] ], [ [ 151.631841988075536, -33.147120092694962 ], [ 151.631949183953338, -33.147121270277573 ], [ 151.631950583738046, -33.1470310944215 ], [ 151.631843387969838, -33.147029916842911 ], [ 151.631841988075536, -33.147120092694962 ] ], [ [ 151.631775389784025, -33.14450381487552 ], [ 151.631882582477431, -33.144504992433596 ], [ 151.631883982190828, -33.144414816542117 ], [ 151.631776789607017, -33.14441363898807 ], [ 151.631775389784025, -33.14450381487552 ] ], [ [ 151.631316566600674, -33.153337510837538 ], [ 151.631423770017051, -33.153338689066871 ], [ 151.631425170670724, -33.153248513320754 ], [ 151.63131796736397, -33.15324733509545 ], [ 151.631316566600674, -33.153337510837538 ] ], [ [ 151.631638176868506, -33.153341045248837 ], [ 151.631748180946886, -33.1531618716837 ], [ 151.6315337745215, -33.153159515702306 ], [ 151.631535175053017, -33.153069339949447 ], [ 151.631427971959312, -33.153068161824436 ], [ 151.631426571318116, -33.153158337573274 ], [ 151.631425170670724, -33.153248513320754 ], [ 151.631638176868506, -33.153341045248837 ] ], [ [ 151.63110215978665, -33.153335154102159 ], [ 151.631100758797857, -33.153425329834839 ], [ 151.631206561425955, -33.153516683988023 ], [ 151.63120936319055, -33.153336332515963 ], [ 151.63110215978665, -33.153335154102159 ] ], [ [ 151.631620595677589, -33.147568616452638 ], [ 151.631727792090942, -33.147569794239821 ], [ 151.631729192126016, -33.147479618398606 ], [ 151.631621995822258, -33.147478440615458 ], [ 151.631620595677589, -33.147568616452638 ] ], [ [ 151.631526771770126, -33.153610394446247 ], [ 151.631633975527876, -33.153611572503195 ], [ 151.631635375980977, -33.153521396753106 ], [ 151.631528172332878, -33.153520218700187 ], [ 151.631526771770126, -33.153610394446247 ] ], [ [ 151.631428716867617, -33.159922693290909 ], [ 151.631535928300991, -33.159923871629744 ], [ 151.631537329190962, -33.159833695974861 ], [ 151.631430117867296, -33.159832517640055 ], [ 151.631428716867617, -33.159922693290909 ] ], [ [ 151.631537202744738, -33.146034449224516 ], [ 151.631751591838878, -33.146036804754182 ], [ 151.631538602892959, -33.145944273368237 ], [ 151.631537202744738, -33.146034449224516 ] ], [ [ 151.630972434833296, -33.182375208575507 ], [ 151.630971032162364, -33.182465383882203 ], [ 151.631078271021892, -33.18246656332046 ], [ 151.631079673583002, -33.182376388009736 ], [ 151.630972434833296, -33.182375208575507 ] ], [ [ 151.631510598743176, -33.147747790235513 ], [ 151.631617795369493, -33.147748968122954 ], [ 151.631619195526667, -33.147658792288475 ], [ 151.631511999009973, -33.147657614405063 ], [ 151.631510598743176, -33.147747790235513 ] ], [ [ 151.63145381174121, -33.144500281648057 ], [ 151.631561004415943, -33.144501459482747 ], [ 151.631562404458094, -33.14441128360334 ], [ 151.631455211892956, -33.144410105772671 ], [ 151.63145381174121, -33.144500281648057 ] ], [ [ 151.631504997613746, -33.148108493543681 ], [ 151.631397800555277, -33.148107315547918 ], [ 151.631396400147707, -33.148197491367533 ], [ 151.631503597315771, -33.148198669367318 ], [ 151.631504997613746, -33.148108493543681 ] ], [ [ 151.631292004013943, -33.148015961642997 ], [ 151.631399200956594, -33.148017139726953 ], [ 151.631400601351658, -33.147926963904602 ], [ 151.63129340451863, -33.147925785824675 ], [ 151.631292004013943, -33.148015961642997 ] ], [ [ 151.631507798190938, -33.147928141892315 ], [ 151.631509198470184, -33.147837966064586 ], [ 151.631402001740497, -33.147836788080909 ], [ 151.631400601351658, -33.147926963904602 ], [ 151.631507798190938, -33.147928141892315 ] ], [ [ 151.631180605197216, -33.148285310901514 ], [ 151.631184807077545, -33.148014783466834 ], [ 151.631080411588954, -33.147833253576572 ], [ 151.630867419116385, -33.147740720974355 ], [ 151.630863216305784, -33.148011248385025 ], [ 151.631180605197216, -33.148285310901514 ] ], [ [ 151.631023670059051, -33.172184211083689 ], [ 151.631130896399384, -33.172185390154915 ], [ 151.631132298358011, -33.172095214693101 ], [ 151.631025072127443, -33.172094035625904 ], [ 151.631023670059051, -33.172184211083689 ] ], [ [ 151.631210017179939, -33.146391618601669 ], [ 151.631427207672687, -33.146213623021808 ], [ 151.631105623439453, -33.146210088734946 ], [ 151.631210017179939, -33.146391618601669 ] ], [ [ 151.631535802590292, -33.146124625079437 ], [ 151.631428607942979, -33.146123447172265 ], [ 151.631427207672687, -33.146213623021808 ], [ 151.631535802590292, -33.146124625079437 ] ], [ [ 151.631283600854772, -33.1485570165243 ], [ 151.631390798455044, -33.148558194632415 ], [ 151.631392198887568, -33.148468018818228 ], [ 151.63128500139689, -33.148466840714136 ], [ 151.631283600854772, -33.1485570165243 ] ], [ [ 151.630934671553035, -33.171010750915265 ], [ 151.631041896460573, -33.171011930026417 ], [ 151.631043298447736, -33.170921754550953 ], [ 151.630936073649906, -33.17092057544383 ], [ 151.630934671553035, -33.171010750915265 ] ], [ [ 151.631342418251364, -33.144769631327037 ], [ 151.63134101796507, -33.144859807192951 ], [ 151.63144961124857, -33.144770809266021 ], [ 151.631343818531406, -33.144679455459773 ], [ 151.631342418251364, -33.144769631327037 ] ], [ [ 151.63145241158324, -33.144590457522078 ], [ 151.631345218805194, -33.144589279591145 ], [ 151.631343818531406, -33.144679455459773 ], [ 151.63145241158324, -33.144590457522078 ] ], [ [ 151.631352220080629, -33.144138400227604 ], [ 151.631350819838019, -33.144228576103039 ], [ 151.631243627504574, -33.144227398096014 ], [ 151.631242227146146, -33.144317573966056 ], [ 151.631349419589185, -33.144318751977096 ], [ 151.631458012177717, -33.14422975401785 ], [ 151.631459412310761, -33.144139578138393 ], [ 151.631352220080629, -33.144138400227604 ] ], [ [ 151.631334016440036, -33.145310686502093 ], [ 151.631339617672552, -33.144949983057494 ], [ 151.631123830740535, -33.145037802741953 ], [ 151.631122430216379, -33.145127978595738 ], [ 151.631226822791547, -33.145309508446751 ], [ 151.631334016440036, -33.145310686502093 ] ], [ [ 151.631128032275655, -33.144767275172462 ], [ 151.631235225260383, -33.14476845329586 ], [ 151.631236625650018, -33.144678277432611 ], [ 151.631129432774856, -33.144677099313256 ], [ 151.631128032275655, -33.144767275172462 ] ], [ [ 151.631083213005525, -33.147652901949272 ], [ 151.631190409497265, -33.147654080201534 ], [ 151.631191810086591, -33.147563904381812 ], [ 151.631084613704445, -33.147562726133565 ], [ 151.631083213005525, -33.147652901949272 ] ], [ [ 151.630616433006765, -33.177681372930408 ], [ 151.630615030221747, -33.17777154829173 ], [ 151.63072226334782, -33.177772727889732 ], [ 151.630616433006765, -33.177681372930408 ] ], [ [ 151.630306548441354, -33.183810934387914 ], [ 151.630303741575716, -33.183991284908025 ], [ 151.630302338133532, -33.184081460166034 ], [ 151.630300934685067, -33.184171635422686 ], [ 151.630408175593175, -33.184172815491557 ], [ 151.630409578931847, -33.184082640230883 ], [ 151.630518222959012, -33.183993644937317 ], [ 151.630306548441354, -33.183810934387914 ] ], [ [ 151.630801443495812, -33.069092795299873 ], [ 151.6311115748818, -33.069817738719998 ], [ 151.632068515474458, -33.070279202408649 ], [ 151.632289697425421, -33.069830667360527 ], [ 151.631553943577075, -33.068920671665211 ], [ 151.630807030662197, -33.068732087519052 ], [ 151.630801443495812, -33.069092795299873 ] ], [ [ 151.630699260399126, -33.14476256175687 ], [ 151.630805052524693, -33.144853916094853 ], [ 151.631125231258494, -33.144947626886825 ], [ 151.63102083929715, -33.144766096956879 ], [ 151.630699260399126, -33.14476256175687 ] ], [ [ 151.630589265332588, -33.144941734846519 ], [ 151.630587864266715, -33.145031910681503 ], [ 151.630802250837519, -33.145034267782314 ], [ 151.630805052524693, -33.144853916094853 ], [ 151.630589265332588, -33.144941734846519 ] ], [ [ 151.631026441694928, -33.144405393527975 ], [ 151.631133634235084, -33.144406571727451 ], [ 151.631135034709331, -33.144316395862802 ], [ 151.631027842278769, -33.144315217667341 ], [ 151.631026441694928, -33.144405393527975 ] ], [ [ 151.630959206330772, -33.14873383323868 ], [ 151.630957805441085, -33.14882400903268 ], [ 151.631065003351438, -33.148825187429537 ], [ 151.631066404131502, -33.148735011631516 ], [ 151.630959206330772, -33.14873383323868 ] ], [ [ 151.630851319558531, -33.15567736539591 ], [ 151.630958525800565, -33.155678544098933 ], [ 151.630959927055073, -33.155588368404288 ], [ 151.630852720922718, -33.155587189705294 ], [ 151.630851319558531, -33.15567736539591 ] ], [ [ 151.630531016673615, -33.169382875143825 ], [ 151.630638239581117, -33.169384054551607 ], [ 151.630641044202065, -33.169203703582575 ], [ 151.630531016673615, -33.169382875143825 ] ], [ [ 151.630122649897999, -33.147371766186744 ], [ 151.630334239204217, -33.14755447581382 ], [ 151.630761623567736, -33.147649366639151 ], [ 151.630870220958911, -33.147560369360434 ], [ 151.630977417328552, -33.14756154779311 ], [ 151.630978818130842, -33.147471371980082 ], [ 151.630871621870767, -33.147470193551435 ], [ 151.630874423675834, -33.147289841929357 ], [ 151.630875824568989, -33.147199666116272 ], [ 151.630768628643978, -33.147198487607504 ], [ 151.630338443565194, -33.147283948443203 ], [ 151.630122649897999, -33.147371766186744 ] ], [ [ 151.630770029640502, -33.147108311797098 ], [ 151.630557039237857, -33.147015778707242 ], [ 151.630555638028397, -33.147105954510955 ], [ 151.630554236812657, -33.147196130313311 ], [ 151.630768628643978, -33.147198487607504 ], [ 151.630770029640502, -33.147108311797098 ] ], [ [ 151.630902440353111, -33.145486325409387 ], [ 151.631012435513298, -33.145307152059438 ], [ 151.630688052673918, -33.145483968452716 ], [ 151.630902440353111, -33.145486325409387 ] ], [ [ 151.630901039578532, -33.1455765012483 ], [ 151.631008233537074, -33.145577679592357 ], [ 151.631009634202059, -33.145487503749408 ], [ 151.630902440353111, -33.145486325409387 ], [ 151.630901039578532, -33.1455765012483 ] ], [ [ 151.631015236799556, -33.145126800364032 ], [ 151.631016637433305, -33.145036624514276 ], [ 151.6309094441323, -33.145035446194399 ], [ 151.630908043388928, -33.145125622040112 ], [ 151.631015236799556, -33.145126800364032 ] ], [ [ 151.630433611372382, -33.168750467284731 ], [ 151.630432208876812, -33.168840642768672 ], [ 151.630539431119786, -33.168841822244566 ], [ 151.63054083350562, -33.16875164675659 ], [ 151.630433611372382, -33.168750467284731 ] ], [ [ 151.630536626329388, -33.169022173216419 ], [ 151.630642446503202, -33.169113528096005 ], [ 151.630645251086634, -33.168933177118809 ], [ 151.630539431119786, -33.168841822244566 ], [ 151.630536626329388, -33.169022173216419 ] ], [ [ 151.630648055645111, -33.168752826136163 ], [ 151.630652262435945, -33.168482299652005 ], [ 151.630437818821491, -33.168479940824746 ], [ 151.63054083350562, -33.16875164675659 ], [ 151.630648055645111, -33.168752826136163 ] ], [ [ 151.630771430630773, -33.14701813598532 ], [ 151.630878626336596, -33.147019314486037 ], [ 151.630880027211049, -33.146929138668881 ], [ 151.630772831614792, -33.146927960172199 ], [ 151.630771430630773, -33.14701813598532 ] ], [ [ 151.63085481051607, -33.148552303169659 ], [ 151.630747612947005, -33.148551124600445 ], [ 151.630636211747429, -33.148820473288801 ], [ 151.630852008536209, -33.148732654753644 ], [ 151.63085481051607, -33.148552303169659 ] ], [ [ 151.630740607402515, -33.149002003530079 ], [ 151.63073920627491, -33.149092179311943 ], [ 151.630846404501625, -33.149093357905322 ], [ 151.630847805519636, -33.149003182119436 ], [ 151.630740607402515, -33.149002003530079 ] ], [ [ 151.630715386150001, -33.150625167395262 ], [ 151.630822586240157, -33.150626346057138 ], [ 151.630823987364323, -33.150536170294373 ], [ 151.63071678738379, -33.150534991636533 ], [ 151.630715386150001, -33.150625167395262 ] ], [ [ 151.630071012126194, -33.185161202652544 ], [ 151.630178254229634, -33.185162382950466 ], [ 151.630179657856672, -33.185072207712814 ], [ 151.630072415863026, -33.185071027418935 ], [ 151.630071012126194, -33.185161202652544 ] ], [ [ 151.630176850596342, -33.185252558186754 ], [ 151.630284092815828, -33.185253738396355 ], [ 151.630285496339326, -33.185163563156046 ], [ 151.630178254229634, -33.185162382950466 ], [ 151.630176850596342, -33.185252558186754 ] ], [ [ 151.630068204633744, -33.185341553115705 ], [ 151.629959558451503, -33.185430547942872 ], [ 151.630066800878097, -33.185431728345236 ], [ 151.630068204633744, -33.185341553115705 ] ], [ [ 151.630174043310973, -33.185432908655251 ], [ 151.630172639658923, -33.185523083887453 ], [ 151.630279882207816, -33.185524264109162 ], [ 151.630281285750101, -33.185434088872924 ], [ 151.630174043310973, -33.185432908655251 ] ], [ [ 151.630079434453478, -33.184620151230426 ], [ 151.630188079487624, -33.184531156258345 ], [ 151.62987056722119, -33.184257089462911 ], [ 151.630087856555633, -33.184079099759316 ], [ 151.629876182759318, -33.183896388498106 ], [ 151.629768942211854, -33.18389520797961 ], [ 151.629767538226929, -33.183985383218825 ], [ 151.62965608525414, -33.184254728301326 ], [ 151.629972193015107, -33.184618970864356 ], [ 151.630079434453478, -33.184620151230426 ] ], [ [ 151.629967981550209, -33.184889496569447 ], [ 151.630075223317988, -33.18489067694761 ], [ 151.630185272302327, -33.184711506748613 ], [ 151.630079434453478, -33.184620151230426 ], [ 151.629967981550209, -33.184889496569447 ] ], [ [ 151.629864951583016, -33.184617790405952 ], [ 151.629863547657834, -33.184707965638303 ], [ 151.629970789199746, -33.184709146100751 ], [ 151.629972193015107, -33.184618970864356 ], [ 151.629864951583016, -33.184617790405952 ] ], [ [ 151.630429403866998, -33.169020993732467 ], [ 151.630322181410833, -33.169019814156215 ], [ 151.630320778786825, -33.169109989632048 ], [ 151.630429403866998, -33.169020993732467 ] ], [ [ 151.629986230824954, -33.18371721842562 ], [ 151.629984827072121, -33.183807393675615 ], [ 151.63009206752227, -33.18380857400539 ], [ 151.630093471165338, -33.18371839875136 ], [ 151.629986230824954, -33.18371721842562 ] ], [ [ 151.627339860796866, -33.078164144276833 ], [ 151.625840293980673, -33.078147624531333 ], [ 151.626150413260262, -33.078872579038133 ], [ 151.625930578538572, -33.079230924547097 ], [ 151.626894597489894, -33.07924154606129 ], [ 151.627851615130339, -33.07970304352942 ], [ 151.627521869264285, -33.08024056624263 ], [ 151.626342208369636, -33.080317765574179 ], [ 151.62632538449617, -33.081399884812839 ], [ 151.627399345018858, -33.081231330051708 ], [ 151.627619179154294, -33.080872982038471 ], [ 151.628064442673775, -33.07979557792374 ], [ 151.628077043921593, -33.078983987711709 ], [ 151.629043859289908, -33.07881423909339 ], [ 151.630889927828804, -33.077211067323567 ], [ 151.63177892835165, -33.075146406299517 ], [ 151.631794285395586, -33.074154460408408 ], [ 151.630834511049954, -33.073873347591572 ], [ 151.630508998243442, -33.074140349153964 ], [ 151.63060911908434, -33.074592409892595 ], [ 151.6297466643463, -33.074943702890181 ], [ 151.628554480671824, -33.075832516129253 ], [ 151.628433375529625, -33.076733105353796 ], [ 151.628754706379766, -33.076736640001265 ], [ 151.62897172512686, -33.076558642445214 ], [ 151.629090026690307, -33.075838406087115 ], [ 151.630162517008756, -33.075760002284355 ], [ 151.630368349699125, -33.076303416731278 ], [ 151.630355770778323, -33.077115008071893 ], [ 151.629703317410616, -33.077739183593749 ], [ 151.628417979256199, -33.077725049438072 ], [ 151.628409580970697, -33.07826610977839 ], [ 151.627868419228435, -33.078620923302786 ], [ 151.627339860796866, -33.078164144276833 ] ], [ [ 151.630583661031636, -33.145302438178319 ], [ 151.630585062116239, -33.145212262347407 ], [ 151.630477868621028, -33.145211083650644 ], [ 151.630475066226381, -33.145391435303054 ], [ 151.63058225994078, -33.145392614007882 ], [ 151.630583661031636, -33.145302438178319 ] ], [ [ 151.63045825133409, -33.146473545103241 ], [ 151.63056544636359, -33.146474723856414 ], [ 151.630566847529394, -33.146384548043187 ], [ 151.63045965260946, -33.146383369294036 ], [ 151.63045825133409, -33.146473545103241 ] ], [ [ 151.630371360065737, -33.152064442617508 ], [ 151.630481364990715, -33.151885270161365 ], [ 151.630482766531145, -33.151795094429751 ], [ 151.630375565034626, -33.151793915438802 ], [ 151.630374163384602, -33.151884091166401 ], [ 151.630371360065737, -33.152064442617508 ] ], [ [ 151.630285846838802, -33.157565159262724 ], [ 151.630174431834405, -33.157834506827037 ], [ 151.630383241639862, -33.158197567995039 ], [ 151.63039165341209, -33.15765651415618 ], [ 151.630285846838802, -33.157565159262724 ] ], [ [ 151.629265081268869, -33.147362330306066 ], [ 151.629370874885581, -33.147453685867831 ], [ 151.629373679759453, -33.147273334358609 ], [ 151.629265081268869, -33.147362330306066 ] ], [ [ 151.629482278030849, -33.147184338309515 ], [ 151.629480875712886, -33.147274514070197 ], [ 151.629588071672572, -33.147275693689565 ], [ 151.629589473880941, -33.147185517924868 ], [ 151.629803865599797, -33.147187876878903 ], [ 151.6300168555737, -33.147280411244921 ], [ 151.630234050657066, -33.147102417890153 ], [ 151.630559841638075, -33.146835427095752 ], [ 151.630456850052468, -33.146563720911082 ], [ 151.630239656772659, -33.14674171471551 ], [ 151.630030872992251, -33.146378653375329 ], [ 151.629920874450619, -33.146557825741858 ], [ 151.629919472614802, -33.146648001528185 ], [ 151.629918070772732, -33.146738177313154 ], [ 151.630132461433107, -33.146740535673601 ], [ 151.629915267069833, -33.146918528879013 ], [ 151.629808071529794, -33.146917349552417 ], [ 151.629273496435587, -33.146821275778144 ], [ 151.629166301042659, -33.146820095902306 ], [ 151.629269288880351, -33.147091803048234 ], [ 151.629376484608315, -33.147092982843972 ], [ 151.629373679759453, -33.147273334358609 ], [ 151.629482278030849, -33.147184338309515 ] ], [ [ 151.629583865010005, -33.147546220975556 ], [ 151.629476668721509, -33.147545041344081 ], [ 151.629475266378563, -33.147635217099321 ], [ 151.62968965918094, -33.147637576278115 ], [ 151.629691061304726, -33.147547400514803 ], [ 151.6297982576057, -33.147548579961857 ], [ 151.629799659613582, -33.147458404193159 ], [ 151.629692463422231, -33.147457224750148 ], [ 151.629588071672572, -33.147275693689565 ], [ 151.629583865010005, -33.147546220975556 ] ], [ [ 151.62992367810358, -33.146377474165121 ], [ 151.629710690381245, -33.146284939685728 ], [ 151.629703680137311, -33.146735818583863 ], [ 151.629920874450619, -33.146557825741858 ], [ 151.62992367810358, -33.146377474165121 ] ], [ [ 151.629459859154537, -33.183080088764861 ], [ 151.629458454896508, -33.183170264004225 ], [ 151.629565694546841, -33.183171444767467 ], [ 151.629567098695048, -33.183081269524081 ], [ 151.629459859154537, -33.183080088764861 ] ], [ [ 151.629994653210645, -33.183176166897049 ], [ 151.629890221166733, -33.182994635990823 ], [ 151.629567098695048, -33.183081269524081 ], [ 151.629994653210645, -33.183176166897049 ] ], [ [ 151.62942142597916, -33.178660319715405 ], [ 151.629415809696582, -33.179021020915272 ], [ 151.629312787659416, -33.178749314267201 ], [ 151.628237634862614, -33.178917852198211 ], [ 151.628548098286871, -33.179642799052885 ], [ 151.628656738491514, -33.179553805229602 ], [ 151.628658143377493, -33.179463629968083 ], [ 151.628765378476572, -33.179464811304541 ], [ 151.628660953130662, -33.179283279440988 ], [ 151.628984062325969, -33.179196647871464 ], [ 151.628868399563885, -33.179736518353351 ], [ 151.629081465986388, -33.17982905586242 ], [ 151.629078657036303, -33.180009406405489 ], [ 151.629403172694879, -33.179832598535327 ], [ 151.629297341365231, -33.179741242455059 ], [ 151.629190105905479, -33.179740061568125 ], [ 151.62929874560507, -33.17965106717206 ], [ 151.629300149838656, -33.179560891887704 ], [ 151.629836326133329, -33.179566794897134 ], [ 151.629949175648278, -33.179207273974164 ], [ 151.6295174283471, -33.179382902779494 ], [ 151.629851766252443, -33.178574866457453 ], [ 151.62942142597916, -33.178660319715405 ] ], [ [ 151.629743669525766, -33.185518362077175 ], [ 151.629850912049676, -33.185519542668267 ], [ 151.629852316031162, -33.185429367448165 ], [ 151.629745073617073, -33.185428186861103 ], [ 151.629743669525766, -33.185518362077175 ] ], [ [ 151.629746477702071, -33.185338011643672 ], [ 151.629639235404056, -33.185336830968296 ], [ 151.629637831209209, -33.185427006181698 ], [ 151.629745073617073, -33.185428186861103 ], [ 151.629746477702071, -33.185338011643672 ] ], [ [ 151.629878990490852, -33.183716038007539 ], [ 151.629880394347225, -33.183625862760209 ], [ 151.629773154129168, -33.183624682253814 ], [ 151.629771750162973, -33.183714857497108 ], [ 151.629878990490852, -33.183716038007539 ] ], [ [ 151.62963361858715, -33.185697531813737 ], [ 151.629632214367291, -33.185787707021703 ], [ 151.629739457214384, -33.185788887717237 ], [ 151.629740861324422, -33.18569871250525 ], [ 151.62963361858715, -33.185697531813737 ] ], [ [ 151.62942896403257, -33.185063943716337 ], [ 151.629427559636895, -33.185154118925766 ], [ 151.629534801702789, -33.185155299777769 ], [ 151.629536205988671, -33.185065124564304 ], [ 151.62942896403257, -33.185063943716337 ] ], [ [ 151.629643447951054, -33.185066305319921 ], [ 151.629644852120862, -33.184976130101084 ], [ 151.629537610268301, -33.184974949349495 ], [ 151.629536205988671, -33.185065124564304 ], [ 151.629643447951054, -33.185066305319921 ] ], [ [ 151.630150682043507, -33.145568250258108 ], [ 151.630257875958364, -33.145569429247615 ], [ 151.630259277390451, -33.145479253432875 ], [ 151.630152083585216, -33.145478074447404 ], [ 151.630150682043507, -33.145568250258108 ] ], [ [ 151.629664509841376, -33.183713676894349 ], [ 151.629667317987071, -33.183533326414455 ], [ 151.629558673711813, -33.183622320964005 ], [ 151.629664509841376, -33.183713676894349 ] ], [ [ 151.629640105782954, -33.178392154992451 ], [ 151.629747339621105, -33.17839333544957 ], [ 151.629748743328037, -33.178303160130021 ], [ 151.629640105782954, -33.178392154992451 ] ], [ [ 151.630155554545695, -33.152152260050215 ], [ 151.630048352629444, -33.152151080766458 ], [ 151.630046950625513, -33.152241256476522 ], [ 151.630154152651414, -33.1522424357643 ], [ 151.630155554545695, -33.152152260050215 ] ], [ [ 151.629197624342623, -33.186143684069719 ], [ 151.62930205843648, -33.186325215527525 ], [ 151.629515141043584, -33.186417752623164 ], [ 151.629414919794215, -33.185965695749275 ], [ 151.629197624342623, -33.186143684069719 ] ], [ [ 151.629906855811214, -33.147459583543949 ], [ 151.629905453912897, -33.147549759316668 ], [ 151.630012650226377, -33.147550938579279 ], [ 151.630014052015071, -33.147460762802524 ], [ 151.629906855811214, -33.147459583543949 ] ], [ [ 151.62945002921694, -33.183711315411784 ], [ 151.629448624915113, -33.183801490641613 ], [ 151.629555865333998, -33.183802671433092 ], [ 151.629557269526032, -33.183712496199234 ], [ 151.62945002921694, -33.183711315411784 ] ], [ [ 151.62920886164045, -33.1854222825406 ], [ 151.62909880975738, -33.185601451781835 ], [ 151.629420537564641, -33.185604994952435 ], [ 151.62920886164045, -33.1854222825406 ] ], [ [ 151.629524971526479, -33.185786526233812 ], [ 151.629527780179586, -33.185606175824603 ], [ 151.629420537564641, -33.185604994952435 ], [ 151.629524971526479, -33.185786526233812 ] ], [ [ 151.629457050632226, -33.183260439242218 ], [ 151.629455646361663, -33.183350614478854 ], [ 151.629562886231582, -33.183351795250168 ], [ 151.629564290392324, -33.183261620009482 ], [ 151.629457050632226, -33.183260439242218 ] ], [ [ 151.62940176855227, -33.179922773819655 ], [ 151.629400364403438, -33.180012949102604 ], [ 151.629507600205017, -33.180014129816996 ], [ 151.629509004244056, -33.179923954530011 ], [ 151.62940176855227, -33.179922773819655 ] ], [ [ 151.62931980845201, -33.178298437763729 ], [ 151.629532871951028, -33.178390974442998 ], [ 151.629535679797726, -33.178210623818686 ], [ 151.629428446191611, -33.178209443184983 ], [ 151.62931980845201, -33.178298437763729 ] ], [ [ 151.629927883536112, -33.146106946789807 ], [ 151.629820688982448, -33.146105767499485 ], [ 151.629819287068273, -33.146195943288596 ], [ 151.629927883536112, -33.146106946789807 ] ], [ [ 151.630003331669656, -33.065295952285915 ], [ 151.62967086008706, -33.066013837530797 ], [ 151.630313444256217, -33.066020897603941 ], [ 151.630629149132204, -33.066385134311076 ], [ 151.631167430954861, -33.066210659885506 ], [ 151.631173016014486, -33.06584995188252 ], [ 151.63096301098787, -33.06557706938716 ], [ 151.630003331669656, -33.065295952285915 ] ], [ [ 151.629192005543501, -33.186504384801609 ], [ 151.629190600828082, -33.186594559981181 ], [ 151.629296440026565, -33.186685916264679 ], [ 151.629299249244013, -33.18650556589882 ], [ 151.629192005543501, -33.186504384801609 ] ], [ [ 151.629258020109233, -33.182266149826596 ], [ 151.629259424524264, -33.182175974581703 ], [ 151.629152186100413, -33.18217479358583 ], [ 151.629150781575589, -33.182264968826679 ], [ 151.629258020109233, -33.182266149826596 ] ], [ [ 151.629255572015381, -33.168647311562189 ], [ 151.629362793970103, -33.1686484920452 ], [ 151.629472822865864, -33.168469321533827 ], [ 151.629258379388915, -33.168466960676234 ], [ 151.629255572015381, -33.168647311562189 ] ], [ [ 151.629576853780748, -33.147997099758321 ], [ 151.629684050623467, -33.147998279317733 ], [ 151.629685452772236, -33.147908103559871 ], [ 151.62957825603911, -33.147906924004481 ], [ 151.629576853780748, -33.147997099758321 ] ], [ [ 151.629067420985649, -33.1807308085233 ], [ 151.629174657646672, -33.180731989546942 ], [ 151.629176062065113, -33.180641814282943 ], [ 151.629068825513883, -33.180640633263323 ], [ 151.629067420985649, -33.1807308085233 ] ], [ [ 151.628964873520459, -33.18731359882463 ], [ 151.628963468529065, -33.187403773983881 ], [ 151.629070713315201, -33.18740495530615 ], [ 151.629072118196802, -33.18731478014287 ], [ 151.628964873520459, -33.18731359882463 ] ], [ [ 151.628966278505573, -33.187223423664008 ], [ 151.628967683484461, -33.187133248502043 ], [ 151.628860439034014, -33.187132067099526 ], [ 151.628751789391316, -33.187221060758546 ], [ 151.628966278505573, -33.187223423664008 ] ], [ [ 151.628831875714411, -33.182081074814057 ], [ 151.629043543048226, -33.182263787734428 ], [ 151.629154995131302, -33.18199444310001 ], [ 151.628514376360471, -33.181807004791303 ], [ 151.628831875714411, -33.182081074814057 ] ], [ [ 151.629159208630711, -33.181723917361097 ], [ 151.629053375359149, -33.181632561048062 ], [ 151.629050566158725, -33.181812911536682 ], [ 151.629159208630711, -33.181723917361097 ] ], [ [ 151.629597886999875, -33.146644463308014 ], [ 151.62960069132285, -33.146464111758199 ], [ 151.629493496349568, -33.146462932175112 ], [ 151.629490691807376, -33.146643283716877 ], [ 151.629597886999875, -33.146644463308014 ] ], [ [ 151.629497703115987, -33.146192404852272 ], [ 151.629604897760515, -33.146193584423251 ], [ 151.629606299893879, -33.146103408642212 ], [ 151.629497703115987, -33.146192404852272 ] ], [ [ 151.628770056483489, -33.186048783651678 ], [ 151.628768651360076, -33.186138958821928 ], [ 151.62887589459632, -33.1861401402724 ], [ 151.628877299609911, -33.186049965098128 ], [ 151.628770056483489, -33.186048783651678 ] ], [ [ 151.628874489576503, -33.186230315445293 ], [ 151.628981732928821, -33.186231496807459 ], [ 151.62887589459632, -33.1861401402724 ], [ 151.628874489576503, -33.186230315445293 ] ], [ [ 151.627651459432798, -33.168359067093093 ], [ 151.627758680964575, -33.168360248948311 ], [ 151.627760086171719, -33.168270073558432 ], [ 151.627652864749678, -33.168268891707264 ], [ 151.627651459432798, -33.168359067093093 ] ], [ [ 151.627324172228526, -33.168716222454982 ], [ 151.62742717745877, -33.168987930711999 ], [ 151.62786028205025, -33.168722132273295 ], [ 151.627966099014401, -33.168813489351251 ], [ 151.628503614042955, -33.168729221009748 ], [ 151.628610836063672, -33.16873040214282 ], [ 151.628612240418107, -33.168640226726083 ], [ 151.628505018507155, -33.168639045597047 ], [ 151.628290574703982, -33.168636683062132 ], [ 151.628187567154185, -33.168364975446316 ], [ 151.628183352811789, -33.16863550165624 ], [ 151.627861687172725, -33.16863195688483 ], [ 151.62797171905288, -33.168452787778484 ], [ 151.627647243444699, -33.168629593242443 ], [ 151.627651459432798, -33.168359067093093 ], [ 151.627324172228526, -33.168716222454982 ] ], [ [ 151.628933906188593, -33.168643769559445 ], [ 151.629149753866471, -33.168555955548648 ], [ 151.628935310207652, -33.168553594129243 ], [ 151.628936714220458, -33.168463418697677 ], [ 151.628832300736406, -33.168281886994457 ], [ 151.628615049108276, -33.168459875888537 ], [ 151.628613644766347, -33.168550051307996 ], [ 151.628720866573843, -33.168551232340711 ], [ 151.628612240418107, -33.168640226726083 ], [ 151.628933906188593, -33.168643769559445 ] ], [ [ 151.628078940713124, -33.168453969360883 ], [ 151.62797452903456, -33.168272436983933 ], [ 151.627868712691196, -33.168181079922057 ], [ 151.627865902502577, -33.168361430711244 ], [ 151.62797171905288, -33.168452787778484 ], [ 151.628078940713124, -33.168453969360883 ] ], [ [ 151.628638923547697, -33.187580579753124 ], [ 151.62863751820808, -33.187670754896182 ], [ 151.628744763304923, -33.187671936507627 ], [ 151.628746168534718, -33.187581761360541 ], [ 151.628638923547697, -33.187580579753124 ] ], [ [ 151.628853413527992, -33.187582942875594 ], [ 151.628854818641713, -33.1874927677231 ], [ 151.628747573758261, -33.187491586212076 ], [ 151.628746168534718, -33.187581761360541 ], [ 151.628853413527992, -33.187582942875594 ] ], [ [ 151.628938447911111, -33.154574025461606 ], [ 151.629042846399983, -33.154755557049313 ], [ 151.629257256484976, -33.154757917418713 ], [ 151.629152857545023, -33.154576385999356 ], [ 151.628938447911111, -33.154574025461606 ] ], [ [ 151.629260062371401, -33.154577566129852 ], [ 151.629261465305206, -33.154487390483389 ], [ 151.629154260588507, -33.154486210356914 ], [ 151.629152857545023, -33.154576385999356 ], [ 151.629260062371401, -33.154577566129852 ] ], [ [ 151.628837917113856, -33.167921185259864 ], [ 151.628624879326679, -33.167828647914256 ], [ 151.628622070724134, -33.168008998770866 ], [ 151.62905095535865, -33.168013722251104 ], [ 151.628837917113856, -33.167921185259864 ] ], [ [ 151.62903863686563, -33.155026083948201 ], [ 151.629145842233953, -33.155027264191112 ], [ 151.629147245308673, -33.154937088555485 ], [ 151.62904004005, -33.154935908316602 ], [ 151.62903863686563, -33.155026083948201 ] ], [ [ 151.628959177574529, -33.167020611607668 ], [ 151.628851957619588, -33.167019430828141 ], [ 151.628850553597147, -33.167109606277435 ], [ 151.628957773661824, -33.167110787061006 ], [ 151.628959177574529, -33.167020611607668 ] ], [ [ 151.627989829725465, -33.187934188636369 ], [ 151.627988423701879, -33.188024363749754 ], [ 151.628202914705213, -33.188026728020873 ], [ 151.628204320509155, -33.187936552899394 ], [ 151.627989829725465, -33.187934188636369 ] ], [ [ 151.628524651257152, -33.188030273734853 ], [ 151.628420216895933, -33.187848741662116 ], [ 151.628205726306845, -33.18784637777658 ], [ 151.628204320509155, -33.187936552899394 ], [ 151.628524651257152, -33.188030273734853 ] ], [ [ 151.628923011608236, -33.155565957349864 ], [ 151.629030217628156, -33.155567137709234 ], [ 151.629031620850014, -33.1554769620858 ], [ 151.628924414939775, -33.155475781730466 ], [ 151.628923011608236, -33.155565957349864 ] ], [ [ 151.628887926287803, -33.157820347392828 ], [ 151.628995135048967, -33.157821527853052 ], [ 151.628996538427174, -33.157731352263617 ], [ 151.628889329775689, -33.15773017180743 ], [ 151.628887926287803, -33.157820347392828 ] ], [ [ 151.628937881584733, -33.147719493272305 ], [ 151.629045078061154, -33.147720673372916 ], [ 151.629046480848757, -33.147630497635163 ], [ 151.62893928448193, -33.147629317538588 ], [ 151.628937881584733, -33.147719493272305 ] ], [ [ 151.629153677221836, -33.147631677639524 ], [ 151.629155079893593, -33.147541501896384 ], [ 151.629156482559097, -33.147451326151888 ], [ 151.629049286405234, -33.147450146155599 ], [ 151.629047883630136, -33.147540321896052 ], [ 151.629046480848757, -33.147630497635163 ], [ 151.629153677221836, -33.147631677639524 ] ], [ [ 151.62856214802531, -33.17874104643051 ], [ 151.628669382239991, -33.178742227827009 ], [ 151.628670787069609, -33.17865205255324 ], [ 151.628563552964721, -33.178650871160784 ], [ 151.62856214802531, -33.17874104643051 ] ], [ [ 151.628825629551443, -33.154933547562116 ], [ 151.62893283479761, -33.154934727985477 ], [ 151.628935641366866, -33.15475437672626 ], [ 151.628828436340001, -33.154753196310971 ], [ 151.628825629551443, -33.154933547562116 ] ], [ [ 151.628349517284505, -33.185503005989347 ], [ 151.628348111759465, -33.185593181151603 ], [ 151.628455354311825, -33.185594362947256 ], [ 151.628456759727044, -33.18550418778095 ], [ 151.628349517284505, -33.185503005989347 ] ], [ [ 151.628506422965074, -33.168548870183002 ], [ 151.628510636301286, -33.16827834393267 ], [ 151.628726483465243, -33.168190530638583 ], [ 151.628297598028126, -33.168185806018606 ], [ 151.628506422965074, -33.168548870183002 ] ], [ [ 151.628238057924904, -33.185772349575949 ], [ 151.628236652271283, -33.185862524730084 ], [ 151.628451138028566, -33.185864888437948 ], [ 151.628452543462572, -33.185774713275734 ], [ 151.628238057924904, -33.185772349575949 ] ], [ [ 151.628087369924799, -33.167912916936686 ], [ 151.628085965071847, -33.168003092344115 ], [ 151.628409032968278, -33.167916461057473 ], [ 151.628304621195838, -33.167734928941066 ], [ 151.628197400400751, -33.167733747575554 ], [ 151.628090179611945, -33.167732566117742 ], [ 151.628087369924799, -33.167912916936686 ] ], [ [ 151.628411841997149, -33.167736110214307 ], [ 151.628521871589157, -33.16755694053856 ], [ 151.628523275971986, -33.167466765108188 ], [ 151.628416055493545, -33.167465583939347 ], [ 151.628304621195838, -33.167734928941066 ], [ 151.628411841997149, -33.167736110214307 ] ], [ [ 151.628629092183587, -33.167558121619159 ], [ 151.62873631278427, -33.167559302607472 ], [ 151.628737716947683, -33.167469127169021 ], [ 151.628629092183587, -33.167558121619159 ] ], [ [ 151.62829990048499, -33.181804641446817 ], [ 151.62829849510689, -33.181894816660837 ], [ 151.628405733151283, -33.18189599838329 ], [ 151.62840713841959, -33.18180582316522 ], [ 151.62829990048499, -33.181804641446817 ] ], [ [ 151.628505417576861, -33.154839830125795 ], [ 151.628612622694618, -33.154841010821841 ], [ 151.62861402630503, -33.154750835203657 ], [ 151.628506821296895, -33.154749654511633 ], [ 151.628505417576861, -33.154839830125795 ] ], [ [ 151.628367326629274, -33.156822512415722 ], [ 151.628365922655689, -33.156912687994534 ], [ 151.628473130289024, -33.156913868875662 ], [ 151.628474534152957, -33.1568236932928 ], [ 151.628367326629274, -33.156822512415722 ] ], [ [ 151.6285845491727, -33.156644522899768 ], [ 151.628477341862066, -33.156643342123012 ], [ 151.628474534152957, -33.1568236932928 ], [ 151.6285845491727, -33.156644522899768 ] ], [ [ 151.628392597084002, -33.155199351764331 ], [ 151.628178186002657, -33.155196989878739 ], [ 151.628173973743088, -33.155467516660352 ], [ 151.628282583592693, -33.155378522064836 ], [ 151.628392597084002, -33.155199351764331 ] ], [ [ 151.62828679550455, -33.155107995267024 ], [ 151.628394000938727, -33.155109176159662 ], [ 151.62839540478717, -33.155019000553636 ], [ 151.628288199462673, -33.155017819665026 ], [ 151.62828679550455, -33.155107995267024 ] ], [ [ 151.627758463634621, -33.189013925177782 ], [ 151.627865710328649, -33.189015107588652 ], [ 151.627867116530979, -33.188924932494281 ], [ 151.627759869946772, -33.18892375008744 ], [ 151.627758463634621, -33.189013925177782 ] ], [ [ 151.627020783924479, -33.167540395720366 ], [ 151.627128004431256, -33.167541578092944 ], [ 151.627129410240286, -33.167451402715066 ], [ 151.627022189843217, -33.167450220346531 ], [ 151.627020783924479, -33.167540395720366 ] ], [ [ 151.627339634265553, -33.167724293329101 ], [ 151.627768517283073, -33.16772902119061 ], [ 151.627984363773265, -33.167641209160173 ], [ 151.627987173642282, -33.16746085834113 ], [ 151.627128004431256, -33.167541578092944 ], [ 151.627339634265553, -33.167724293329101 ] ], [ [ 151.627123786966536, -33.167812104218434 ], [ 151.627338228657152, -33.167814468710979 ], [ 151.627339634265553, -33.167724293329101 ], [ 151.627123786966536, -33.167812104218434 ] ], [ [ 151.627336823042441, -33.167904644091507 ], [ 151.627444044006864, -33.167905826203395 ], [ 151.627445449511811, -33.167815650818831 ], [ 151.627338228657152, -33.167814468710979 ], [ 151.627336823042441, -33.167904644091507 ] ], [ [ 151.627767112113503, -33.167819196588638 ], [ 151.62787433299323, -33.167820378327349 ], [ 151.627875738053092, -33.16773020292527 ], [ 151.627768517283073, -33.16772902119061 ], [ 151.627767112113503, -33.167819196588638 ] ], [ [ 151.628092989274052, -33.167552215293348 ], [ 151.628200209843442, -33.167553396743074 ], [ 151.628203019261093, -33.167373045905173 ], [ 151.627987173642282, -33.16746085834113 ], [ 151.628092989274052, -33.167552215293348 ] ], [ [ 151.627872927927086, -33.167910553728063 ], [ 151.627764301755548, -33.167999547380646 ], [ 151.627871522854718, -33.168000729127428 ], [ 151.627872927927086, -33.167910553728063 ] ], [ [ 151.627652623368817, -33.188922567588243 ], [ 151.627762682552259, -33.188743399902677 ], [ 151.627765495132707, -33.188563049712485 ], [ 151.627438130231695, -33.188920202312779 ], [ 151.627652623368817, -33.188922567588243 ] ], [ [ 151.627609850370249, -33.157265121432381 ], [ 151.627717058398417, -33.157266302975394 ], [ 151.627718463054947, -33.157176127426226 ], [ 151.627611255136429, -33.157174945887263 ], [ 151.627609850370249, -33.157265121432381 ] ], [ [ 151.627824266432839, -33.15726748442615 ], [ 151.628037278186611, -33.157360022610831 ], [ 151.627598612015476, -33.157986525744327 ], [ 151.627703011488904, -33.1581680583921 ], [ 151.627918834256946, -33.158080245738503 ], [ 151.628254502741356, -33.15718203373735 ], [ 151.627612659896357, -33.157084770340795 ], [ 151.627718463054947, -33.157176127426226 ], [ 151.627824266432839, -33.15726748442615 ] ], [ [ 151.627897766102848, -33.159432878750032 ], [ 151.628004976781597, -33.159434060113199 ], [ 151.628006381259326, -33.159343884584587 ], [ 151.627899170690227, -33.159342703225455 ], [ 151.627897766102848, -33.159432878750032 ] ], [ [ 151.627433910288005, -33.189190727543334 ], [ 151.627541157182918, -33.189191910239373 ], [ 151.627542563727246, -33.189101735159838 ], [ 151.627435316942154, -33.189100552467835 ], [ 151.627433910288005, -33.189190727543334 ] ], [ [ 151.628070980471364, -33.155195808797572 ], [ 151.628072384655013, -33.155105633205018 ], [ 151.627965179239624, -33.155104452035651 ], [ 151.627963774946323, -33.155194627624176 ], [ 151.628070980471364, -33.155195808797572 ] ], [ [ 151.627654270060248, -33.168178716320064 ], [ 151.627761491372581, -33.168179898167196 ], [ 151.627762896567219, -33.168089722774603 ], [ 151.627655675364565, -33.1680885409315 ], [ 151.627654270060248, -33.168178716320064 ] ], [ [ 151.627353390843325, -33.187476218164583 ], [ 151.62735198419216, -33.187566393260539 ], [ 151.627459229104005, -33.187567575976203 ], [ 151.627460635645349, -33.187477400876212 ], [ 151.627353390843325, -33.187476218164583 ] ], [ [ 151.627561102612816, -33.167275780474199 ], [ 151.627668322821791, -33.167276962373236 ], [ 151.627669728063495, -33.167186786971065 ], [ 151.627562507964228, -33.167185605076071 ], [ 151.627561102612816, -33.167275780474199 ] ], [ [ 151.627666917573805, -33.167367137774043 ], [ 151.627774137898768, -33.167368319584838 ], [ 151.627775543037018, -33.167278144179988 ], [ 151.627668322821791, -33.167276962373236 ], [ 151.627666917573805, -33.167367137774043 ] ], [ [ 151.627377302954358, -33.185943241325127 ], [ 151.627375896409717, -33.186033416444204 ], [ 151.627483139454739, -33.186034599091187 ], [ 151.627484545889587, -33.18594442396806 ], [ 151.627377302954358, -33.185943241325127 ] ], [ [ 151.627834098129512, -33.156636255525235 ], [ 151.627941305402629, -33.156637436855476 ], [ 151.627942709796031, -33.156547261288722 ], [ 151.627835502632564, -33.156546079962517 ], [ 151.627834098129512, -33.156636255525235 ] ], [ [ 151.627110762651, -33.189277353963078 ], [ 151.62721800963692, -33.189278536940236 ], [ 151.627219416516994, -33.18918836187418 ], [ 151.627112169640895, -33.189187178901065 ], [ 151.627110762651, -33.189277353963078 ] ], [ [ 151.627326663399373, -33.189189544754953 ], [ 151.627328070163372, -33.189099369683483 ], [ 151.627220823390815, -33.189098186806774 ], [ 151.627219416516994, -33.18918836187418 ], [ 151.627326663399373, -33.189189544754953 ] ], [ [ 151.626814352520455, -33.187650653371271 ], [ 151.627033063449232, -33.187382494390398 ], [ 151.626818574121245, -33.187380128144035 ], [ 151.626814352520455, -33.187650653371271 ] ], [ [ 151.626812945307677, -33.187740828444305 ], [ 151.626920190407787, -33.187742011629815 ], [ 151.627026028514763, -33.187833369802739 ], [ 151.627244739286567, -33.187565210452519 ], [ 151.626814352520455, -33.187650653371271 ], [ 151.626812945307677, -33.187740828444305 ] ], [ [ 151.627130459939224, -33.188014902971091 ], [ 151.627344950842314, -33.188017268719889 ], [ 151.627026028514763, -33.187833369802739 ], [ 151.627130459939224, -33.188014902971091 ] ], [ [ 151.627701606763566, -33.158258233926283 ], [ 151.62759439752918, -33.158257052338861 ], [ 151.627698797294045, -33.158438584990577 ], [ 151.627701606763566, -33.158258233926283 ] ], [ [ 151.627628111842341, -33.156092839239761 ], [ 151.627735318445048, -33.156094020730272 ], [ 151.627736723020206, -33.156003845163418 ], [ 151.627629516527151, -33.156002663676958 ], [ 151.627628111842341, -33.156092839239761 ] ], [ [ 151.627548999945702, -33.154288146223251 ], [ 151.62733178136142, -33.154466134094285 ], [ 151.627653395211297, -33.154469678901172 ], [ 151.627654799783414, -33.154379503313884 ], [ 151.627548999945702, -33.154288146223251 ] ], [ [ 151.627332606160849, -33.168175170224913 ], [ 151.627439827454396, -33.168176352348915 ], [ 151.627441232978128, -33.168086176968444 ], [ 151.627334011794318, -33.168084994848471 ], [ 151.627332606160849, -33.168175170224913 ] ], [ [ 151.627329794875124, -33.168355520973712 ], [ 151.627437016388086, -33.168356703105786 ], [ 151.627438421924381, -33.168266527728036 ], [ 151.627331200521098, -33.168265345599998 ], [ 151.627329794875124, -33.168355520973712 ] ], [ [ 151.627221766717156, -33.154645303445697 ], [ 151.627220361687648, -33.154735479012743 ], [ 151.627327566620664, -33.154736660811636 ], [ 151.627221766717156, -33.154645303445697 ] ], [ [ 151.62700813037381, -33.16835197402375 ], [ 151.627006724392402, -33.168442149383971 ], [ 151.627113945996285, -33.168443331796972 ], [ 151.627115351867957, -33.16835315643268 ], [ 151.62700813037381, -33.16835197402375 ] ], [ [ 151.62672118041769, -33.186747719332757 ], [ 151.626832645716291, -33.186478377298094 ], [ 151.626405079092365, -33.18638346878295 ], [ 151.626295020316377, -33.186562635338674 ], [ 151.626613936538092, -33.186746536007 ], [ 151.626611121792365, -33.18692688616273 ], [ 151.626718365891605, -33.186928069496581 ], [ 151.62672118041769, -33.186747719332757 ] ], [ [ 151.626609714410108, -33.187017061238564 ], [ 151.626608307021542, -33.187107236313032 ], [ 151.626715551340425, -33.187108419654969 ], [ 151.626718365891605, -33.186928069496581 ], [ 151.626609714410108, -33.187017061238564 ] ], [ [ 151.627007357089155, -33.154642939579269 ], [ 151.627005951840403, -33.154733115138249 ], [ 151.627113156760913, -33.154734297121607 ], [ 151.627114561900015, -33.154644121558611 ], [ 151.627007357089155, -33.154642939579269 ] ], [ [ 151.627004546585368, -33.154823290695859 ], [ 151.627003141324082, -33.154913466252111 ], [ 151.627110346463866, -33.154914648243562 ], [ 151.627111751615502, -33.154824472683266 ], [ 151.627004546585368, -33.154823290695859 ] ], [ [ 151.625852948130074, -33.228586440909083 ], [ 151.625960243009388, -33.228587626204003 ], [ 151.625961653285117, -33.228497451755921 ], [ 151.625854358515852, -33.228496266465037 ], [ 151.625852948130074, -33.228586440909083 ] ], [ [ 151.626746563734088, -33.157616367804977 ], [ 151.62685377215081, -33.157617550102131 ], [ 151.626855177709587, -33.157527374590728 ], [ 151.626747969402544, -33.157526192297617 ], [ 151.626746563734088, -33.157616367804977 ] ], [ [ 151.626749375064747, -33.157436016788886 ], [ 151.626642166873637, -33.157434834407574 ], [ 151.626640761101811, -33.157525009912248 ], [ 151.626747969402544, -33.157526192297617 ], [ 151.626749375064747, -33.157436016788886 ] ], [ [ 151.626740940997649, -33.157977069820788 ], [ 151.626739535297872, -33.158067245321334 ], [ 151.626846744262849, -33.158068427638689 ], [ 151.626848149852975, -33.1579782521341 ], [ 151.626740940997649, -33.157977069820788 ] ], [ [ 151.625169198454103, -33.196831923793653 ], [ 151.625699843646458, -33.197198546888849 ], [ 151.62547828501738, -33.197647052136254 ], [ 151.62579864759067, -33.1977407806881 ], [ 151.625917174081764, -33.197020565874517 ], [ 151.625492375846989, -33.196745303287145 ], [ 151.625169198454103, -33.196831923793653 ] ], [ [ 151.626427750510203, -33.157432469368175 ], [ 151.626426344519047, -33.157522644864763 ], [ 151.626533552807274, -33.15752382743463 ], [ 151.626534958688779, -33.157433651933992 ], [ 151.626427750510203, -33.157432469368175 ] ], [ [ 151.625970473392044, -33.186739434113036 ], [ 151.625969065363449, -33.186829609167326 ], [ 151.626076309315266, -33.186830793051243 ], [ 151.626077717234068, -33.186740617992911 ], [ 151.625970473392044, -33.186739434113036 ] ], [ [ 151.62651668174064, -33.158605933336084 ], [ 151.626412284262898, -33.15842439975583 ], [ 151.626409472136515, -33.158604750717721 ], [ 151.62651668174064, -33.158605933336084 ] ], [ [ 151.626309293355973, -33.158152690612383 ], [ 151.626417908440544, -33.158063697815734 ], [ 151.626203490566979, -33.158061332350748 ], [ 151.625984853278766, -33.158329492925354 ], [ 151.626309293355973, -33.158152690612383 ] ], [ [ 151.626507372932195, -33.083476306764119 ], [ 151.626394646279039, -33.083835832758567 ], [ 151.626716002681263, -33.083839373329297 ], [ 151.627031753366197, -33.084203619407788 ], [ 151.626270700692743, -33.084916770987 ], [ 151.627436412257197, -33.08574133980018 ], [ 151.62747283939629, -33.083396748410337 ], [ 151.626507372932195, -33.083476306764119 ] ], [ [ 151.625209904960911, -33.187362369521288 ], [ 151.625315740796253, -33.187453729096433 ], [ 151.625318558252815, -33.187273379054098 ], [ 151.625209904960911, -33.187362369521288 ] ], [ [ 151.625640291661341, -33.187276932151818 ], [ 151.625750352696315, -33.187097766252869 ], [ 151.625751760963396, -33.187007591210751 ], [ 151.625318558252815, -33.187273379054098 ], [ 151.625640291661341, -33.187276932151818 ] ], [ [ 151.62574894442298, -33.187187941293615 ], [ 151.625856188801492, -33.187189125378424 ], [ 151.625857596965005, -33.187098950333628 ], [ 151.625750352696315, -33.187097766252869 ], [ 151.62574894442298, -33.187187941293615 ] ], [ [ 151.626193646655111, -33.158692560675028 ], [ 151.626195052947025, -33.158602385204212 ], [ 151.626087843361717, -33.1586012023091 ], [ 151.626085030552275, -33.158781553241283 ], [ 151.626193646655111, -33.158692560675028 ] ], [ [ 151.626065647856706, -33.166898522823544 ], [ 151.625957021202311, -33.166987514898025 ], [ 151.626064240988171, -33.166988698169177 ], [ 151.626065647856706, -33.166898522823544 ] ], [ [ 151.625626207421988, -33.188178682430411 ], [ 151.625733453002198, -33.188179866652057 ], [ 151.625734861344569, -33.188089691626281 ], [ 151.625627615874151, -33.188088507408672 ], [ 151.625626207421988, -33.188178682430411 ] ], [ [ 151.625369618682186, -33.197736042270733 ], [ 151.625256724059028, -33.198095556899119 ], [ 151.624934951143956, -33.198092001790258 ], [ 151.625253905315503, -33.198275906622797 ], [ 151.625581315089818, -33.197918761423061 ], [ 151.625369618682186, -33.197736042270733 ] ], [ [ 151.625523187515171, -33.187906973059249 ], [ 151.625630432759692, -33.187908157361115 ], [ 151.625631841193041, -33.187817982335311 ], [ 151.625524596058341, -33.187816798037481 ], [ 151.625523187515171, -33.187906973059249 ] ], [ [ 151.625766214643306, -33.158597653070188 ], [ 151.625873424209828, -33.158598836242078 ], [ 151.625770434797374, -33.158327126698097 ], [ 151.625661818744675, -33.158416118900774 ], [ 151.625766214643306, -33.158597653070188 ] ], [ [ 151.625987666244839, -33.158149141987643 ], [ 151.625990479185845, -33.157968791044496 ], [ 151.625883270380683, -33.157967607993164 ], [ 151.625774654895054, -33.158056600313763 ], [ 151.625770434797374, -33.158327126698097 ], [ 151.625987666244839, -33.158149141987643 ] ], [ [ 151.626097687997344, -33.157969974003585 ], [ 151.626099094348774, -33.157879798525926 ], [ 151.625991885646954, -33.15787861557088 ], [ 151.625990479185845, -33.157968791044496 ], [ 151.626097687997344, -33.157969974003585 ] ], [ [ 151.625884676951443, -33.157877432523591 ], [ 151.625777468262186, -33.15787624938406 ], [ 151.625776061581746, -33.15796642484959 ], [ 151.625883270380683, -33.157967607993164 ], [ 151.625884676951443, -33.157877432523591 ] ], [ [ 151.625418759576633, -33.187725438628206 ], [ 151.625527413125837, -33.187636447989846 ], [ 151.62542016821709, -33.187635263607753 ], [ 151.625418759576633, -33.187725438628206 ] ], [ [ 151.625743988847034, -33.166894972745361 ], [ 151.625742581649405, -33.166985148078865 ], [ 151.625849801422703, -33.166986331534581 ], [ 151.625851208510653, -33.166896156197033 ], [ 151.625743988847034, -33.166894972745361 ] ], [ [ 151.625857951035158, -33.159590766212816 ], [ 151.625856544345311, -33.159680941656532 ], [ 151.625963755234068, -33.15968212478468 ], [ 151.625965161814264, -33.159591949336935 ], [ 151.625857951035158, -33.159590766212816 ] ], [ [ 151.625787314849617, -33.157245021087256 ], [ 151.625785908213061, -33.157335196562308 ], [ 151.625893116244413, -33.157336379677588 ], [ 151.62589452277129, -33.157246204198486 ], [ 151.625787314849617, -33.157245021087256 ] ], [ [ 151.62530447071893, -33.188175129211302 ], [ 151.625194407362045, -33.188354294627231 ], [ 151.625407490227218, -33.188446838742777 ], [ 151.625411716280325, -33.188176313710024 ], [ 151.62530447071893, -33.188175129211302 ] ], [ [ 151.62516215143836, -33.197282798167706 ], [ 151.625163560854077, -33.197192623295614 ], [ 151.625056304314398, -33.197191438299811 ], [ 151.625054894788832, -33.197281613167853 ], [ 151.62516215143836, -33.197282798167706 ] ], [ [ 151.625190180612378, -33.188624819627542 ], [ 151.625084343547059, -33.188533459929175 ], [ 151.624865623813861, -33.188801615208561 ], [ 151.62497287011891, -33.188802800105044 ], [ 151.625188771683241, -33.188714994624917 ], [ 151.625190180612378, -33.188624819627542 ] ], [ [ 151.625187362747852, -33.188805169620942 ], [ 151.625294609071744, -33.188806354240349 ], [ 151.625296017897313, -33.188716179240281 ], [ 151.625188771683241, -33.188714994624917 ], [ 151.625187362747852, -33.188805169620942 ] ], [ [ 151.625412477074804, -33.167522649057595 ], [ 151.625413884639187, -33.167432473744391 ], [ 151.625306664342389, -33.167431289899312 ], [ 151.625305256668327, -33.167521465208473 ], [ 151.625412477074804, -33.167522649057595 ] ], [ [ 151.625006688107163, -33.186638600019158 ], [ 151.625113931782863, -33.18663978472614 ], [ 151.625115340677411, -33.186549609701487 ], [ 151.625008097111532, -33.186548424998549 ], [ 151.625006688107163, -33.186638600019158 ] ], [ [ 151.625355669068966, -33.157420638636246 ], [ 151.625575712717961, -33.157062303650044 ], [ 151.624931059209331, -33.157145377432435 ], [ 151.624929651701819, -33.157235552876486 ], [ 151.625251275335245, -33.157239104147394 ], [ 151.625355669068966, -33.157420638636246 ] ], [ [ 151.624819628583424, -33.157414719810959 ], [ 151.625141252855968, -33.157418271382873 ], [ 151.625142660156683, -33.157328095933458 ], [ 151.624929651701819, -33.157235552876486 ], [ 151.624819628583424, -33.157414719810959 ] ], [ [ 151.625090815874159, -33.167519097233367 ], [ 151.625089407974372, -33.16760927253307 ], [ 151.625196628478022, -33.167610456570813 ], [ 151.625198036268102, -33.167520281267052 ], [ 151.625090815874159, -33.167519097233367 ] ], [ [ 151.624793609998591, -33.186546055315617 ], [ 151.624900853551907, -33.186547240203261 ], [ 151.624902262659816, -33.186457065185351 ], [ 151.624795019216293, -33.186455880301764 ], [ 151.624793609998591, -33.186546055315617 ] ], [ [ 151.624994859336539, -33.166796510693182 ], [ 151.624777603971665, -33.166974492824664 ], [ 151.624774787582851, -33.167154843414735 ], [ 151.624773379379036, -33.167245018707739 ], [ 151.62488059942504, -33.167246203006137 ], [ 151.624879191324681, -33.16733637830184 ], [ 151.624877783218011, -33.167426553596165 ], [ 151.624985003489712, -33.167427737810385 ], [ 151.624986411486645, -33.167337562512003 ], [ 151.625202259600684, -33.167249755347662 ], [ 151.625097855278966, -33.167068220714462 ], [ 151.624990635439843, -33.167067036608714 ], [ 151.625099263141095, -33.166978045406594 ], [ 151.625102078846567, -33.166797694786787 ], [ 151.624994859336539, -33.166796510693182 ] ], [ [ 151.624779012156637, -33.166884317527561 ], [ 151.624671792555745, -33.166883133153071 ], [ 151.624670384261037, -33.16697330844611 ], [ 151.624777603971665, -33.166974492824664 ], [ 151.624779012156637, -33.166884317527561 ] ], [ [ 151.624504510540675, -33.198177435185826 ], [ 151.624611768257523, -33.198178620688111 ], [ 151.624613178285387, -33.198088445849891 ], [ 151.624505920678445, -33.198087260351642 ], [ 151.624504510540675, -33.198177435185826 ] ], [ [ 151.62452848202804, -33.196644462819577 ], [ 151.624208124879232, -33.196550731119707 ], [ 151.624210945581467, -33.196370381425275 ], [ 151.623887768439829, -33.196456998611332 ], [ 151.624206714518664, -33.196640905964891 ], [ 151.62452848202804, -33.196644462819577 ] ], [ [ 151.624474698464269, -33.186362150093807 ], [ 151.624581941779155, -33.186363335250398 ], [ 151.624583351203938, -33.18627316024191 ], [ 151.624474698464269, -33.186362150093807 ] ], [ [ 151.624244792048103, -33.194206184667131 ], [ 151.624243381850903, -33.194296359547721 ], [ 151.624350634824737, -33.19429754515302 ], [ 151.624352044912058, -33.194207370268401 ], [ 151.624244792048103, -33.194206184667131 ] ], [ [ 151.624354865067886, -33.194027020495049 ], [ 151.624463527677079, -33.19393803110308 ], [ 151.624356275136392, -33.193936845606345 ], [ 151.624354865067886, -33.194027020495049 ] ], [ [ 151.623519418492236, -33.19257473529894 ], [ 151.62363231224478, -33.192215221937154 ], [ 151.623526472663031, -33.192123860894874 ], [ 151.62320048834809, -33.192390826486609 ], [ 151.623304916825703, -33.192572362671903 ], [ 151.622981752970787, -33.192658977895029 ], [ 151.623302094674017, -33.192752712407788 ], [ 151.623518007639234, -33.192664910175672 ], [ 151.623836939449916, -33.192848818209271 ], [ 151.623519418492236, -33.19257473529894 ] ], [ [ 151.623527883478346, -33.192033686009971 ], [ 151.623420633300981, -33.192032499766945 ], [ 151.623419222375816, -33.192122674647791 ], [ 151.623526472663031, -33.192123860894874 ], [ 151.623527883478346, -33.192033686009971 ] ], [ [ 151.623835528907591, -33.192938993094089 ], [ 151.624264534149034, -33.192943736196064 ], [ 151.624161513448797, -33.192672025864177 ], [ 151.624054262464824, -33.192670840147031 ], [ 151.623836939449916, -33.192848818209271 ], [ 151.623835528907591, -33.192938993094089 ] ], [ [ 151.624055672768634, -33.192580665250034 ], [ 151.623948421900792, -33.192579479444561 ], [ 151.623947011487132, -33.1926696543375 ], [ 151.624054262464824, -33.192670840147031 ], [ 151.624055672768634, -33.192580665250034 ] ], [ [ 151.62406554471923, -33.191949440933001 ], [ 151.62417279482446, -33.191950626617754 ], [ 151.624066954972733, -33.191859266025126 ], [ 151.62406554471923, -33.191949440933001 ] ], [ [ 151.622842035542419, -33.194731812391431 ], [ 151.623056542431442, -33.194734185952029 ], [ 151.623057953868454, -33.194644011122833 ], [ 151.622950700530652, -33.194642824392773 ], [ 151.622842035542419, -33.194731812391431 ] ], [ [ 151.62295211207126, -33.194552649566255 ], [ 151.622844858849561, -33.194551462747867 ], [ 151.622843447199159, -33.194641637570342 ], [ 151.622950700530652, -33.194642824392773 ], [ 151.62295211207126, -33.194552649566255 ] ], [ [ 151.624023234191696, -33.194654687536278 ], [ 151.623599864139919, -33.194289243975931 ], [ 151.623168029848017, -33.194464848089908 ], [ 151.62295211207126, -33.194552649566255 ], [ 151.624023234191696, -33.194654687536278 ] ], [ [ 151.623961115340734, -33.191767905346858 ], [ 151.624068365219983, -33.19176909111588 ], [ 151.624069775460924, -33.191678916205277 ], [ 151.623962525691525, -33.191677730440311 ], [ 151.623961115340734, -33.191767905346858 ] ], [ [ 151.623846813070287, -33.19221759397756 ], [ 151.623845402571931, -33.192307768871892 ], [ 151.623738152046201, -33.192306582893828 ], [ 151.623736741431742, -33.192396757782745 ], [ 151.623951242709182, -33.192399129654603 ], [ 151.62395265310397, -33.192308954757571 ], [ 151.623954063492477, -33.192218779859203 ], [ 151.623846813070287, -33.19221759397756 ] ], [ [ 151.623949832308142, -33.192489304550264 ], [ 151.624057083066106, -33.192490490351688 ], [ 151.624058493357325, -33.192400315451984 ], [ 151.623951242709182, -33.192399129654603 ], [ 151.623949832308142, -33.192489304550264 ] ], [ [ 151.623678900827002, -33.19609392705609 ], [ 151.623677489948562, -33.196184101887816 ], [ 151.623890589788687, -33.196276648938465 ], [ 151.623678900827002, -33.19609392705609 ] ], [ [ 151.624131468096863, -33.167147735710664 ], [ 151.624134285802143, -33.166967385169158 ], [ 151.624027066129173, -33.166966200236914 ], [ 151.623921255525147, -33.166874839947702 ], [ 151.623706816430058, -33.166872469629915 ], [ 151.623703997859678, -33.167052820141748 ], [ 151.624025657169994, -33.167056375504309 ], [ 151.624024248204506, -33.167146550770326 ], [ 151.624131468096863, -33.167147735710664 ] ], [ [ 151.624241505481365, -33.166968570009111 ], [ 151.624242914214875, -33.166878394732258 ], [ 151.624135694645361, -33.166877209896349 ], [ 151.624134285802143, -33.166967385169158 ], [ 151.624241505481365, -33.166968570009111 ] ], [ [ 151.624240096741573, -33.167058745284585 ], [ 151.624347316536785, -33.167059930036309 ], [ 151.624348725166868, -33.166969754756778 ], [ 151.624241505481365, -33.166968570009111 ], [ 151.624240096741573, -33.167058745284585 ] ], [ [ 151.624137103482298, -33.166787034622203 ], [ 151.624029884028744, -33.166785849698059 ], [ 151.624028475082099, -33.166876024968175 ], [ 151.624135694645361, -33.166877209896349 ], [ 151.624137103482298, -33.166787034622203 ] ], [ [ 151.623866607521933, -33.197809620984181 ], [ 151.623654915038429, -33.197626899010338 ], [ 151.62354765803741, -33.197625712700834 ], [ 151.623650682063641, -33.197897423432003 ], [ 151.623866607521933, -33.197809620984181 ] ], [ [ 151.623952582537839, -33.185454473022425 ], [ 151.62405982472319, -33.185455658600269 ], [ 151.62406123463424, -33.185365483598417 ], [ 151.623953992558654, -33.185364298024624 ], [ 151.623952582537839, -33.185454473022425 ] ], [ [ 151.62354622350523, -33.190861412382368 ], [ 151.623653472260969, -33.190862598480344 ], [ 151.623656293489631, -33.190682248662952 ], [ 151.623547634232523, -33.190771237478401 ], [ 151.62354622350523, -33.190861412382368 ] ], [ [ 151.623549044953563, -33.190681062573077 ], [ 151.623441796423748, -33.190679876390845 ], [ 151.623440385592886, -33.19077005129212 ], [ 151.623547634232523, -33.190771237478401 ], [ 151.623549044953563, -33.190681062573077 ] ], [ [ 151.623300683588724, -33.192842887273684 ], [ 151.623405112778698, -33.193024423381374 ], [ 151.623512364164327, -33.193025609668972 ], [ 151.623515185914357, -33.192845259925043 ], [ 151.623300683588724, -33.192842887273684 ] ], [ [ 151.62354058053316, -33.191222111984601 ], [ 151.623543402031743, -33.191041762186202 ], [ 151.623223066212603, -33.190948028424692 ], [ 151.623220244067539, -33.191128378201491 ], [ 151.62354058053316, -33.191222111984601 ] ], [ [ 151.6234432072483, -33.190589701488214 ], [ 151.623550455668266, -33.190590887666403 ], [ 151.623551866376715, -33.19050071275835 ], [ 151.6234446180666, -33.190499526584212 ], [ 151.6234432072483, -33.190589701488214 ] ], [ [ 151.622514627247938, -33.195088950579787 ], [ 151.622516039259381, -33.194998775776305 ], [ 151.622408785513585, -33.194997588568143 ], [ 151.622400312691354, -33.195538637344285 ], [ 151.622507567096278, -33.195539824576784 ], [ 151.622514627247938, -33.195088950579787 ] ], [ [ 151.622506155047063, -33.195629999372088 ], [ 151.622719252259799, -33.195722548370128 ], [ 151.623148270871638, -33.195727295669691 ], [ 151.623149682267979, -33.195637120851416 ], [ 151.623043839215342, -33.195545759353564 ], [ 151.622507567096278, -33.195539824576784 ], [ 151.622506155047063, -33.195629999372088 ] ], [ [ 151.623364191391914, -33.195639493938792 ], [ 151.623365602562217, -33.195549319111052 ], [ 151.623151093658009, -33.195546946031776 ], [ 151.623149682267979, -33.195637120851416 ], [ 151.623364191391914, -33.195639493938792 ] ], [ [ 151.623309129557441, -33.185447357616113 ], [ 151.623416371705133, -33.185448543748038 ], [ 151.623417782274998, -33.185358368770494 ], [ 151.6233105402371, -33.185357182642619 ], [ 151.623309129557441, -33.185447357616113 ] ], [ [ 151.623094649023727, -33.192299465085647 ], [ 151.62320189951177, -33.192300651617934 ], [ 151.623203310669169, -33.192210476747917 ], [ 151.623096060290976, -33.192209290219679 ], [ 151.623094649023727, -33.192299465085647 ] ], [ [ 151.623180724819917, -33.186798795770095 ], [ 151.62328796860848, -33.186799982055156 ], [ 151.623289379382413, -33.186709807102076 ], [ 151.623182135703672, -33.186708620821079 ], [ 151.623180724819917, -33.186798795770095 ] ], [ [ 151.622794070888546, -33.190943281984531 ], [ 151.622796893887141, -33.190762932234712 ], [ 151.622582396702171, -33.190760558476647 ], [ 151.62257816153587, -33.191031083075011 ], [ 151.6228970854946, -33.191214993359807 ], [ 151.623217421897351, -33.191308727972832 ], [ 151.622794070888546, -33.190943281984531 ] ], [ [ 151.622937996382404, -33.195454397770071 ], [ 151.623045250708941, -33.195455584536624 ], [ 151.623046662196259, -33.195365409718306 ], [ 151.622939407979601, -33.19536422295581 ], [ 151.622937996382404, -33.195454397770071 ] ], [ [ 151.623097467073165, -33.185264635143106 ], [ 151.62320611976557, -33.185175646479443 ], [ 151.623098877959848, -33.185174460174984 ], [ 151.623097467073165, -33.185264635143106 ] ], [ [ 151.623100288840249, -33.185084285205512 ], [ 151.622993047150629, -33.185083098812775 ], [ 151.622991636160435, -33.185173273778183 ], [ 151.623098877959848, -33.185174460174984 ], [ 151.623100288840249, -33.185084285205512 ] ], [ [ 151.623150980602674, -33.168128995405425 ], [ 151.623258201651623, -33.168130181128589 ], [ 151.623253972206385, -33.168400706788525 ], [ 151.623364013007745, -33.16822154198487 ], [ 151.623365422706826, -33.168131366759475 ], [ 151.623472643768281, -33.168132552298076 ], [ 151.623474053351401, -33.168042377067266 ], [ 151.623366832399626, -33.16804119153273 ], [ 151.623262431040303, -33.167859655456418 ], [ 151.623259611454131, -33.168040005905894 ], [ 151.623152390514917, -33.16803882018678 ], [ 151.623150980602674, -33.168128995405425 ] ], [ [ 151.622966237261721, -33.186796422922939 ], [ 151.623073481037693, -33.186797609392691 ], [ 151.623074892031241, -33.186707434447719 ], [ 151.622967648365091, -33.186706247982023 ], [ 151.622966237261721, -33.186796422922939 ] ], [ [ 151.622730546769844, -33.195001149915505 ], [ 151.622836388852619, -33.195092511662189 ], [ 151.622943642733389, -33.195093698504891 ], [ 151.622946465871195, -33.194913348864134 ], [ 151.622730546769844, -33.195001149915505 ] ], [ [ 151.622906965242777, -33.190583769211827 ], [ 151.622908376610212, -33.190493594328089 ], [ 151.622801128337812, -33.190492407599763 ], [ 151.622693880071694, -33.190491220779087 ], [ 151.622586631811885, -33.190490033866048 ], [ 151.622585220114928, -33.190580208737607 ], [ 151.622692468484587, -33.190581395654718 ], [ 151.622799716860555, -33.19058258247945 ], [ 151.622906965242777, -33.190583769211827 ] ], [ [ 151.622909787971395, -33.190403419443008 ], [ 151.623017036140254, -33.190404606074907 ], [ 151.623018447385277, -33.190314431184397 ], [ 151.622911199326239, -33.190313244556549 ], [ 151.622909787971395, -33.190403419443008 ] ], [ [ 151.622853348576456, -33.187155936094648 ], [ 151.622640271635419, -33.187063387737638 ], [ 151.622637448713192, -33.187243737582875 ], [ 151.622853348576456, -33.187155936094648 ] ], [ [ 151.621940216513593, -33.197517732226586 ], [ 151.621721464049841, -33.197785880773651 ], [ 151.622044648049894, -33.197699269414748 ], [ 151.622362182188226, -33.197973356230236 ], [ 151.622576696937216, -33.197975730821852 ], [ 151.622688190281366, -33.197706393670927 ], [ 151.622580933227056, -33.197705206525882 ], [ 151.622473676179055, -33.19770401928843 ], [ 151.622260574515536, -33.197611469780504 ], [ 151.622154730113493, -33.197520107516752 ], [ 151.622047473310403, -33.197518919917869 ], [ 151.621940216513593, -33.197517732226586 ] ], [ [ 151.622410197628625, -33.194907413767353 ], [ 151.622628940554961, -33.194639263648334 ], [ 151.622630352425091, -33.19454908883398 ], [ 151.622523099222292, -33.194547901738474 ], [ 151.622414433935944, -33.194636889356815 ], [ 151.622410197628625, -33.194907413767353 ] ], [ [ 151.623045169581985, -33.168037634375381 ], [ 151.622943589119103, -33.167675747615917 ], [ 151.622619106815819, -33.16785253980607 ], [ 151.62283213797005, -33.167945087267874 ], [ 151.622937948655334, -33.168036448471689 ], [ 151.623045169581985, -33.168037634375381 ] ], [ [ 151.622462441461863, -33.191570945180885 ], [ 151.622569691033419, -33.191572132234967 ], [ 151.622571102799554, -33.191481957378379 ], [ 151.62246385333782, -33.191480770328361 ], [ 151.622462441461863, -33.191570945180885 ] ], [ [ 151.6223114804136, -33.18751070144868 ], [ 151.622418725030343, -33.187511888504986 ], [ 151.622420136733098, -33.187421713595235 ], [ 151.622312892226148, -33.187420526542979 ], [ 151.6223114804136, -33.18751070144868 ] ], [ [ 151.6221732930656, -33.168929896322261 ], [ 151.622171882103117, -33.16902007149082 ], [ 151.622279104192614, -33.169021258085102 ], [ 151.622280515045389, -33.168931082912501 ], [ 151.6221732930656, -33.168929896322261 ] ], [ [ 151.62238773703146, -33.16893226941044 ], [ 151.622389147768217, -33.168842094232431 ], [ 151.622499190886145, -33.168662930265796 ], [ 151.622281925891883, -33.168840907738527 ], [ 151.622280515045389, -33.168931082912501 ], [ 151.62238773703146, -33.16893226941044 ] ], [ [ 151.622606412555626, -33.168664116567001 ], [ 151.622713634231417, -33.168665302775914 ], [ 151.622715044620207, -33.168575127581647 ], [ 151.622607823054125, -33.168573941376778 ], [ 151.622606412555626, -33.168664116567001 ] ], [ [ 151.622050298545702, -33.197338570415518 ], [ 151.622048885931207, -33.197428745167372 ], [ 151.622156142624419, -33.197429932762205 ], [ 151.622050298545702, -33.197338570415518 ] ], [ [ 151.621755243798845, -33.202476153176427 ], [ 151.621862506632993, -33.202477341183254 ], [ 151.621969769473424, -33.202478529097675 ], [ 151.621971182440433, -33.202388354422077 ], [ 151.621863919709881, -33.20238716651172 ], [ 151.621756656985639, -33.202385978508943 ], [ 151.621755243798845, -33.202476153176427 ] ], [ [ 151.621968356500133, -33.202568703771895 ], [ 151.62207561945678, -33.202569891597975 ], [ 151.622077032320163, -33.202479716919676 ], [ 151.621969769473424, -33.202478529097675 ], [ 151.621968356500133, -33.202568703771895 ] ], [ [ 151.620749080423479, -33.198226059090153 ], [ 151.620856338029995, -33.198227247830182 ], [ 151.620857751909767, -33.198137073135236 ], [ 151.620750494413102, -33.198135884399264 ], [ 151.620749080423479, -33.198226059090153 ] ], [ [ 151.620962181866616, -33.198318611175488 ], [ 151.621176697330924, -33.198320988201722 ], [ 151.621070853261926, -33.198229625033079 ], [ 151.620856338029995, -33.198227247830182 ], [ 151.620962181866616, -33.198318611175488 ] ], [ [ 151.621282541619649, -33.198412351284723 ], [ 151.621711573088476, -33.198417103875165 ], [ 151.621928914441611, -33.198239130149034 ], [ 151.621930327222657, -33.198148955413494 ], [ 151.621176697330924, -33.198320988201722 ], [ 151.621282541619649, -33.198412351284723 ] ], [ [ 151.621927501654312, -33.198329304883217 ], [ 151.62203475943997, -33.198330492611007 ], [ 151.622036172117419, -33.198240317872767 ], [ 151.621928914441611, -33.198239130149034 ], [ 151.621927501654312, -33.198329304883217 ] ], [ [ 151.621614206942297, -33.197784692793043 ], [ 151.621611380765074, -33.197965042249301 ], [ 151.621824482547623, -33.198057592868587 ], [ 151.621614206942297, -33.197784692793043 ] ], [ [ 151.621878440510415, -33.167213007767884 ], [ 151.621877029338265, -33.167303182950143 ], [ 151.622091469316786, -33.167305556446053 ], [ 151.621878440510415, -33.167213007767884 ] ], [ [ 151.6215466421136, -33.18840413816671 ], [ 151.621653887784504, -33.188405325910068 ], [ 151.621655300318878, -33.188315151042325 ], [ 151.6215466421136, -33.18840413816671 ] ], [ [ 151.621220343458873, -33.202380037109023 ], [ 151.621327606151596, -33.202381225573824 ], [ 151.621329019771679, -33.202291050921225 ], [ 151.621221757188835, -33.202289862460496 ], [ 151.621220343458873, -33.202380037109023 ] ], [ [ 151.621442221950758, -33.188222600610388 ], [ 151.621443634692184, -33.188132425748037 ], [ 151.621334976512088, -33.188221412690424 ], [ 151.621442221950758, -33.188222600610388 ] ], [ [ 151.621173870199129, -33.198501337609173 ], [ 151.62117245662381, -33.198591512310863 ], [ 151.621279714695021, -33.198592700697574 ], [ 151.62128112816049, -33.198502525991834 ], [ 151.621173870199129, -33.198501337609173 ] ], [ [ 151.621048233845045, -33.199672420097038 ], [ 151.621046820077936, -33.199762594776963 ], [ 151.621154079571312, -33.199763783308839 ], [ 151.621155493228514, -33.199673608624856 ], [ 151.621048233845045, -33.199672420097038 ] ], [ [ 151.621227731079728, -33.188220224678119 ], [ 151.62133780220833, -33.188041062972495 ], [ 151.621124724847476, -33.187948512018856 ], [ 151.621121898724539, -33.188128861723278 ], [ 151.621227731079728, -33.188220224678119 ] ], [ [ 151.620935318922164, -33.200031930172102 ], [ 151.621042578738866, -33.200033118808548 ], [ 151.621043992524875, -33.199942944132708 ], [ 151.620936732818024, -33.199941755500319 ], [ 151.620935318922164, -33.200031930172102 ] ], [ [ 151.621460853729161, -33.166486858307728 ], [ 151.621459442168486, -33.166577033484636 ], [ 151.621566661251819, -33.166578220615413 ], [ 151.621568072702786, -33.166488045434448 ], [ 151.621460853729161, -33.166486858307728 ] ], [ [ 151.621312693766953, -33.169100750548836 ], [ 151.621311281914132, -33.169190925682216 ], [ 151.621525726437682, -33.16919330027136 ], [ 151.621527138071059, -33.169103125129865 ], [ 151.621312693766953, -33.169100750548836 ] ], [ [ 151.620750279092846, -33.204990346070126 ], [ 151.620857544947626, -33.204991535022295 ], [ 151.620858959190002, -33.204901360425431 ], [ 151.620751693445129, -33.20490017147732 ], [ 151.620750279092846, -33.204990346070126 ] ], [ [ 151.620304490923928, -33.199213224537353 ], [ 151.620303076419162, -33.199303399195649 ], [ 151.620410335319008, -33.199304588353989 ], [ 151.620411749713895, -33.199214413691635 ], [ 151.620304490923928, -33.199213224537353 ] ], [ [ 151.619754046243315, -33.200109023698666 ], [ 151.620291760154203, -33.200024796413061 ], [ 151.620288931024959, -33.200205145703784 ], [ 151.620822403025727, -33.200391440100496 ], [ 151.620825231081341, -33.200211090774602 ], [ 151.620503451028583, -33.200207524009301 ], [ 151.620619196374122, -33.199667665061824 ], [ 151.620726455732409, -33.199668853959217 ], [ 151.620727869822844, -33.19957867929012 ], [ 151.620620610574463, -33.199577490396777 ], [ 151.620623438956187, -33.199397141062605 ], [ 151.620410335319008, -33.199304588353989 ], [ 151.619754046243315, -33.200109023698666 ] ], [ [ 151.620520422788871, -33.199125428085722 ], [ 151.620415992860728, -33.198943889696359 ], [ 151.620411749713895, -33.199214413691635 ], [ 151.620520422788871, -33.199125428085722 ] ], [ [ 151.620524665587169, -33.198854904074189 ], [ 151.620631923950214, -33.198856093027416 ], [ 151.620530322563326, -33.198494205373052 ], [ 151.620524665587169, -33.198854904074189 ] ], [ [ 151.620531736791634, -33.19840403069437 ], [ 151.620424478984262, -33.198402841669044 ], [ 151.620423064646076, -33.198493016343662 ], [ 151.620530322563326, -33.198494205373052 ], [ 151.620531736791634, -33.19840403069437 ] ], [ [ 151.620605054024367, -33.200569411637332 ], [ 151.620712314481494, -33.200570600575332 ], [ 151.620713728634939, -33.200480425919849 ], [ 151.620606468287718, -33.200479236985913 ], [ 151.620605054024367, -33.200569411637332 ] ], [ [ 151.621095425337245, -33.169278725847818 ], [ 151.621094013252417, -33.169368900970362 ], [ 151.621201235717905, -33.169370088503776 ], [ 151.621202647692996, -33.169279913377167 ], [ 151.621095425337245, -33.169278725847818 ] ], [ [ 151.620612125278001, -33.200118538366603 ], [ 151.620719385185708, -33.200119727284303 ], [ 151.620720799307634, -33.200029552622013 ], [ 151.620613539509833, -33.20002836370837 ], [ 151.620612125278001, -33.200118538366603 ] ], [ [ 151.620528674447172, -33.205438840791508 ], [ 151.620635940838895, -33.205440029948832 ], [ 151.620637355332605, -33.205349855366883 ], [ 151.62053008905076, -33.205348666213645 ], [ 151.620528674447172, -33.205438840791508 ] ], [ [ 151.620927583154895, -33.166300570972631 ], [ 151.620926171058272, -33.166390746131967 ], [ 151.621033389890727, -33.166391933716028 ], [ 151.62103480187767, -33.166301758552628 ], [ 151.620927583154895, -33.166300570972631 ] ], [ [ 151.620880980644586, -33.169276350512241 ], [ 151.620879568340342, -33.169366525626678 ], [ 151.620986790793239, -33.169367713344663 ], [ 151.620988202987746, -33.169277538226176 ], [ 151.620880980644586, -33.169276350512241 ] ], [ [ 151.62043013627391, -33.198042142956922 ], [ 151.620537393641797, -33.198043331966005 ], [ 151.620538807838585, -33.197953157280509 ], [ 151.620431550580577, -33.197951968275483 ], [ 151.62043013627391, -33.198042142956922 ] ], [ [ 151.620325707739113, -33.19786060449934 ], [ 151.620322878912333, -33.19804095385544 ], [ 151.620431550580577, -33.197951968275483 ], [ 151.620325707739113, -33.19786060449934 ] ], [ [ 151.620312726852831, -33.205526636768028 ], [ 151.620419993341898, -33.205527826114235 ], [ 151.620421408061731, -33.205437651541793 ], [ 151.620314141682599, -33.205436462199643 ], [ 151.620312726852831, -33.205526636768028 ] ], [ [ 151.620196970599778, -33.206066494686752 ], [ 151.620304237742033, -33.206067684149744 ], [ 151.620305652609574, -33.20597750958953 ], [ 151.620198385577282, -33.205976320130596 ], [ 151.620196970599778, -33.206066494686752 ] ], [ [ 151.620755396435214, -33.170447439034582 ], [ 151.620648172678244, -33.170446251083291 ], [ 151.620646760072731, -33.1705364261719 ], [ 151.620755396435214, -33.170447439034582 ] ], [ [ 151.620067337014206, -33.200653640191042 ], [ 151.620065922188843, -33.20074381481944 ], [ 151.620280443485939, -33.200746193543296 ], [ 151.620176012258895, -33.200564654961298 ], [ 151.620067337014206, -33.200653640191042 ] ], [ [ 151.620432312358275, -33.170534049984333 ], [ 151.620539536212362, -33.170535238124259 ], [ 151.620540948927584, -33.170445063039715 ], [ 151.620433725183204, -33.170443874903846 ], [ 151.620432312358275, -33.170534049984333 ] ], [ [ 151.619981299757427, -33.199299831166265 ], [ 151.620088558638372, -33.199301020601787 ], [ 151.620089973362894, -33.199210845951612 ], [ 151.619982714591828, -33.199209656520146 ], [ 151.619981299757427, -33.199299831166265 ] ], [ [ 151.619979884916717, -33.199390005811011 ], [ 151.619871210975305, -33.199478990918365 ], [ 151.620085729170427, -33.199481369898059 ], [ 151.62008714390754, -33.199391195250598 ], [ 151.619979884916717, -33.199390005811011 ] ], [ [ 151.619327837971838, -33.199923914926842 ], [ 151.619542357202704, -33.199926294871126 ], [ 151.619543772520757, -33.199836120250801 ], [ 151.619327837971838, -33.199923914926842 ] ], [ [ 151.61922340965495, -33.199742375598461 ], [ 151.619010306756309, -33.199649820513329 ], [ 151.61879437217317, -33.199737614264066 ], [ 151.619006059172818, -33.199920344317427 ], [ 151.61922340965495, -33.199742375598461 ] ], [ [ 151.618893135613263, -33.200279852299637 ], [ 151.619000395639858, -33.200281042703836 ], [ 151.619001811532542, -33.200190868109274 ], [ 151.618894551615853, -33.20018967770914 ], [ 151.618893135613263, -33.200279852299637 ] ], [ [ 151.618152232873712, -33.1996402949204 ], [ 151.618040723116451, -33.199909627499771 ], [ 151.618037889384681, -33.2000899766225 ], [ 151.618459846205724, -33.200545613473381 ], [ 151.618136648453515, -33.200632215117594 ], [ 151.618242492182048, -33.200723580744118 ], [ 151.618351169303764, -33.200634597159699 ], [ 151.61834833613031, -33.200814946285028 ], [ 151.618241075482274, -33.200813755302043 ], [ 151.618345502931618, -33.200995295404908 ], [ 151.617912208334104, -33.201261054506787 ], [ 151.618342669707687, -33.201175644519338 ], [ 151.61856285744534, -33.200817327973809 ], [ 151.618474010532339, -33.199643867710705 ], [ 151.618152232873712, -33.1996402949204 ] ], [ [ 151.618581269764519, -33.199645058456021 ], [ 151.618582686052605, -33.199554883868203 ], [ 151.618368167814339, -33.199552502293308 ], [ 151.618474010532339, -33.199643867710705 ], [ 151.618581269764519, -33.199645058456021 ] ], [ [ 151.61868711281852, -33.199736423699477 ], [ 151.618689945181188, -33.199556074517062 ], [ 151.618581269764519, -33.199645058456021 ], [ 151.61868711281852, -33.199736423699477 ] ], [ [ 151.618262325316039, -33.199461136790291 ], [ 151.618369584315843, -33.199462327712247 ], [ 151.618371000811067, -33.199372153129843 ], [ 151.618263741921169, -33.199370962211937 ], [ 151.618262325316039, -33.199461136790291 ] ], [ [ 151.617804947161886, -33.201259863133856 ], [ 151.61769768599595, -33.201258671668519 ], [ 151.617696268708841, -33.201348846197916 ], [ 151.617483163683005, -33.201256288460648 ], [ 151.617374484919253, -33.201345271235297 ], [ 151.617802112801172, -33.201440212199429 ], [ 151.617803529984684, -33.201350037667318 ], [ 151.617804947161886, -33.201259863133856 ] ], [ [ 151.616944021892266, -33.201430677824391 ], [ 151.617158544581599, -33.201433061972558 ], [ 151.617267223668676, -33.201344079396279 ], [ 151.617054119132945, -33.20125152093609 ], [ 151.616944021892266, -33.201430677824391 ] ], [ [ 151.61685838279729, -33.213695589744098 ], [ 151.616856963978819, -33.213785764061058 ], [ 151.616964240386324, -33.2137869566468 ], [ 151.616965659094802, -33.213696782325762 ], [ 151.61685838279729, -33.213695589744098 ] ], [ [ 151.616935513383737, -33.201971724793026 ], [ 151.61704277538459, -33.201972916937748 ], [ 151.617048447309315, -33.201612218947815 ], [ 151.616833924193031, -33.20160983459855 ], [ 151.61682966959961, -33.2018803580686 ], [ 151.616935513383737, -33.201971724793026 ] ], [ [ 151.616507883983587, -33.201876780815041 ], [ 151.616396366155215, -33.20214611162131 ], [ 151.616716734402047, -33.202239863667877 ], [ 151.616935513383737, -33.201971724793026 ], [ 151.616507883983587, -33.201876780815041 ] ], [ [ 151.616499372648065, -33.202417827645064 ], [ 151.616606635173127, -33.202419020179761 ], [ 151.616608053634934, -33.202328845707427 ], [ 151.616499372648065, -33.202417827645064 ] ], [ [ 151.616605216704983, -33.20250919465073 ], [ 151.616712479346262, -33.202510387097092 ], [ 151.6167138977045, -33.202420212622052 ], [ 151.616606635173127, -33.202419020179761 ], [ 151.616605216704983, -33.20250919465073 ] ], [ [ 151.616066065539172, -33.20268357992996 ], [ 151.616064646502565, -33.202773754376487 ], [ 151.616171909441931, -33.202774947297094 ], [ 151.616174747288994, -33.202594598394541 ], [ 151.616066065539172, -33.20268357992996 ] ], [ [ 151.616176166203076, -33.202504423941235 ], [ 151.61617758511079, -33.202414249486544 ], [ 151.616070322610994, -33.20241305658223 ], [ 151.616068903593373, -33.202503231032836 ], [ 151.616176166203076, -33.202504423941235 ] ], [ [ 151.615528331900549, -33.202767788387327 ], [ 151.615851539899211, -33.202681193819672 ], [ 151.61585437839301, -33.202500844938847 ], [ 151.61542390838477, -33.20258624606678 ], [ 151.615528331900549, -33.202767788387327 ] ], [ [ 151.59395386667407, -33.216866052821288 ], [ 151.594717795770038, -33.216062977048288 ], [ 151.59504107163022, -33.215976438560034 ], [ 151.596025298309115, -33.214815083002712 ], [ 151.596031059229063, -33.214454388987249 ], [ 151.592539023353453, -33.218112709416069 ], [ 151.593734980327724, -33.217134147827849 ], [ 151.593623372382382, -33.217403455226567 ], [ 151.593946654194525, -33.217316919759988 ], [ 151.59395386667407, -33.216866052821288 ] ], [ [ 151.596571759624624, -33.214189920280141 ], [ 151.596896466189065, -33.214013203171888 ], [ 151.597113895900009, -33.213835275568925 ], [ 151.598093756736148, -33.212944422695713 ], [ 151.598099508761038, -33.212583728251708 ], [ 151.598640191549435, -33.212319250007702 ], [ 151.59896776125575, -33.211962179846196 ], [ 151.598970635380965, -33.211781832530896 ], [ 151.598863362241218, -33.21178062449718 ], [ 151.59897207243398, -33.211691658871196 ], [ 151.600278013246623, -33.210533889673009 ], [ 151.602227541682709, -33.209383337931939 ], [ 151.602665221958944, -33.208847114565764 ], [ 151.603313137783147, -33.208583819543136 ], [ 151.603527676677771, -33.208586227642336 ], [ 151.603417542577006, -33.208765371390164 ], [ 151.60352338002258, -33.208856749279441 ], [ 151.603855212532721, -33.208229143513357 ], [ 151.60471765789552, -33.207968248062052 ], [ 151.60493648759379, -33.207700131862389 ], [ 151.6046189754191, -33.207426001489196 ], [ 151.604729105331501, -33.207246856531739 ], [ 151.605268305482213, -33.20707252183356 ], [ 151.605478550474913, -33.207345448394364 ], [ 151.605248280074619, -33.208334957280044 ], [ 151.605797494957073, -33.207529402656746 ], [ 151.606012031506793, -33.207531806405868 ], [ 151.606009172285951, -33.207712154386989 ], [ 151.606115011280139, -33.207803530123755 ], [ 151.606328119231023, -33.207896107342435 ], [ 151.606442533843818, -33.207446438786029 ], [ 151.606335265650216, -33.207445237331463 ], [ 151.606336694914972, -33.207355063325181 ], [ 151.60644396299864, -33.20735626477564 ], [ 151.606554089159374, -33.20717711810061 ], [ 151.606661357035932, -33.207178319358015 ], [ 151.606768624918857, -33.207179520522999 ], [ 151.606770053724802, -33.207089346496225 ], [ 151.607091857082025, -33.207092949424371 ], [ 151.606987446443043, -33.206911400466673 ], [ 151.606555518185161, -33.207086944082036 ], [ 151.606449679554231, -33.206995568720465 ], [ 151.606791485050309, -33.205736735930884 ], [ 151.608090097941016, -33.205029749094201 ], [ 151.60797855024893, -33.205299071442241 ], [ 151.607533780356391, -33.206286185473914 ], [ 151.607635335675496, -33.206648082137804 ], [ 151.607861291413883, -33.205929090016689 ], [ 151.608400477677748, -33.205754741331347 ], [ 151.608187372520007, -33.205662167710784 ], [ 151.608406185861327, -33.205394044882816 ], [ 151.608617863801044, -33.205576792242418 ], [ 151.609375856271043, -33.205134315533456 ], [ 151.60948169586672, -33.205225688452984 ], [ 151.609588961496854, -33.205226887124979 ], [ 151.610472734517032, -33.203613337436423 ], [ 151.610368320657301, -33.203431791143032 ], [ 151.610798799098973, -33.203346407756406 ], [ 151.610803072477893, -33.203075885041464 ], [ 151.611232124790376, -33.203080674346459 ], [ 151.612530663667798, -33.202373638900738 ], [ 151.612200338894752, -33.202911096287167 ], [ 151.612198915882828, -33.203001270582696 ], [ 151.611445227190814, -33.203173242708722 ], [ 151.611439531951788, -33.203533939751921 ], [ 151.611759899443427, -33.203627704536927 ], [ 151.612088806585348, -33.203180422809652 ], [ 151.612515014233054, -33.203365556301506 ], [ 151.613058442522316, -33.202920663742972 ], [ 151.613168549530968, -33.202741510590435 ], [ 151.613487494488197, -33.202925445253122 ], [ 151.613493181197413, -33.202564747861295 ], [ 151.614030915211259, -33.20248054821645 ], [ 151.614141019685917, -33.202301394124731 ], [ 151.614354123474641, -33.202393957546121 ], [ 151.615102120377827, -33.202582665111656 ], [ 151.615210802943608, -33.202493684439133 ], [ 151.614678751562906, -33.202217191617976 ], [ 151.614683012825822, -33.201946668408787 ], [ 151.614253965416765, -33.20194189114401 ], [ 151.614255386264659, -33.201851716754547 ], [ 151.614039441750236, -33.201939501957206 ], [ 151.613827760677594, -33.20175676365313 ], [ 151.612750877890193, -33.202015333405456 ], [ 151.612536354181202, -33.202012941623209 ], [ 151.612431937774687, -33.201831396954702 ], [ 151.61026818222652, -33.202979722110499 ], [ 151.608749383076145, -33.204045031357943 ], [ 151.608311764111534, -33.204581278134015 ], [ 151.608207353705865, -33.204399730141162 ], [ 151.608098661851386, -33.204488704421557 ], [ 151.607771157317814, -33.204845800750043 ], [ 151.607123281948276, -33.205109120219525 ], [ 151.607343525117187, -33.204750825206339 ], [ 151.607027443914035, -33.204386526857242 ], [ 151.60614217088218, -33.206090224030802 ], [ 151.604624699474755, -33.207065305718665 ], [ 151.604736259771784, -33.206795986780982 ], [ 151.604297171182424, -33.207422392134767 ], [ 151.603975367003102, -33.207418781948547 ], [ 151.604085498196298, -33.207239637594945 ], [ 151.603979662032998, -33.207148260196668 ], [ 151.603865235351094, -33.207597926187866 ], [ 151.603433297837597, -33.207773458690994 ], [ 151.603321732240346, -33.208042776281452 ], [ 151.603320299846757, -33.208132950161804 ], [ 151.602781089564445, -33.208307276114709 ], [ 151.602775357676734, -33.208667971529344 ], [ 151.60039102702882, -33.21017440150964 ], [ 151.597999425119724, -33.212131651376303 ], [ 151.596031059229063, -33.214454388987249 ], [ 151.596571759624624, -33.214189920280141 ] ], [ [ 151.596570319973296, -33.214280093810821 ], [ 151.596677596057106, -33.214281303901387 ], [ 151.59667903559847, -33.214191130366579 ], [ 151.596571759624624, -33.214189920280141 ], [ 151.596570319973296, -33.214280093810821 ] ], [ [ 151.607094714015318, -33.206912601342097 ], [ 151.607203409941121, -33.206823628077828 ], [ 151.607096142472415, -33.206822427298917 ], [ 151.606987446443043, -33.206911400466673 ], [ 151.607094714015318, -33.206912601342097 ] ], [ [ 151.607528068401194, -33.206646881736766 ], [ 151.607526640396486, -33.206737055799081 ], [ 151.60752521238544, -33.206827229860032 ], [ 151.607632479879584, -33.206828430269255 ], [ 151.607633907780723, -33.206738256204211 ], [ 151.607635335675496, -33.206648082137804 ], [ 151.607528068401194, -33.206646881736766 ] ], [ [ 151.607417944897605, -33.206826029358368 ], [ 151.607415088636543, -33.207006377467977 ], [ 151.607522356344191, -33.207007577977826 ], [ 151.60752521238544, -33.206827229860032 ], [ 151.607417944897605, -33.206826029358368 ] ], [ [ 151.608936808871562, -33.205760738510733 ], [ 151.609148488802418, -33.205943485009008 ], [ 151.609255755292793, -33.205944683990985 ], [ 151.60948169586672, -33.205225688452984 ], [ 151.608936808871562, -33.205760738510733 ] ], [ [ 151.60904122231841, -33.205942285934597 ], [ 151.609039795903414, -33.206032460065181 ], [ 151.609147062497328, -33.206033659143671 ], [ 151.609148488802418, -33.205943485009008 ], [ 151.60904122231841, -33.205942285934597 ] ], [ [ 151.612201761900337, -33.202820921990259 ], [ 151.612094499085316, -33.202819725646535 ], [ 151.612093075969824, -33.202909899939364 ], [ 151.612200338894752, -33.202911096287167 ], [ 151.612201761900337, -33.202820921990259 ] ], [ [ 151.613057020389618, -33.203010838071187 ], [ 151.613055598250526, -33.203101012398051 ], [ 151.613164283481467, -33.203012033591421 ], [ 151.613058442522316, -33.202920663742972 ], [ 151.613057020389618, -33.203010838071187 ] ], [ [ 151.614245440196555, -33.202482937452217 ], [ 151.614352702698682, -33.202484131931499 ], [ 151.614354123474641, -33.202393957546121 ], [ 151.614245440196555, -33.202482937452217 ] ], [ [ 151.605683076943052, -33.207979070524573 ], [ 151.60556722756624, -33.208518912186037 ], [ 151.605674497034329, -33.208520114336821 ], [ 151.606006313039614, -33.207892502362668 ], [ 151.605793205456735, -33.207799924601773 ], [ 151.605683076943052, -33.207979070524573 ] ], [ [ 151.604737690640718, -33.20670581282674 ], [ 151.604739121503286, -33.206615638871135 ], [ 151.604631854400907, -33.206614435974807 ], [ 151.604630423428432, -33.206704609926312 ], [ 151.604737690640718, -33.20670581282674 ] ], [ [ 151.615001958272813, -33.202130599219096 ], [ 151.615003378364094, -33.202040424803798 ], [ 151.614788854389161, -33.202038036902479 ], [ 151.614894696172286, -33.202129405310565 ], [ 151.615001958272813, -33.202130599219096 ] ], [ [ 151.614452861781842, -33.20293619824519 ], [ 151.614560124846122, -33.202937392560052 ], [ 151.614561545433958, -33.202847218173332 ], [ 151.614454282479585, -33.202846023862556 ], [ 151.614452861781842, -33.20293619824519 ] ], [ [ 151.614457123856027, -33.202665675093179 ], [ 151.614564386590615, -33.202666869395806 ], [ 151.614565807159437, -33.202576695005 ], [ 151.614458544534756, -33.202575500706452 ], [ 151.614457123856027, -33.202665675093179 ] ], [ [ 151.614239756589797, -33.202843634963756 ], [ 151.614347019531493, -33.202844829459359 ], [ 151.614348440332805, -33.202754655079438 ], [ 151.614241177500958, -33.202753460587921 ], [ 151.614239756589797, -33.202843634963756 ] ], [ [ 151.611116316866003, -33.203620522650027 ], [ 151.611223580613057, -33.203621719862198 ], [ 151.611225004658479, -33.203531545612982 ], [ 151.611117741021332, -33.203530348404897 ], [ 151.611116316866003, -33.203620522650027 ] ], [ [ 151.61049695550409, -33.20208037550109 ], [ 151.610604217344786, -33.202081573198171 ], [ 151.610605641941703, -33.201991398950327 ], [ 151.610498380210913, -33.201990201257338 ], [ 151.61049695550409, -33.20208037550109 ] ], [ [ 151.610065057892911, -33.202255932239439 ], [ 151.610279581969479, -33.202258328296786 ], [ 151.610388268846691, -33.202169351949912 ], [ 151.610281006908764, -33.202168154063941 ], [ 151.610065057892911, -33.202255932239439 ] ], [ [ 151.609420059990839, -33.202338916048461 ], [ 151.609418634159681, -33.202429090245836 ], [ 151.609525896376482, -33.202430288883328 ], [ 151.609420059990839, -33.202338916048461 ] ], [ [ 151.608602168329753, -33.206568707483555 ], [ 151.609031237279879, -33.206573504820021 ], [ 151.609144209868077, -33.206214007408938 ], [ 151.608497755107237, -33.206387159713195 ], [ 151.608602168329753, -33.206568707483555 ] ], [ [ 151.608286669028615, -33.226497151473019 ], [ 151.608393960560306, -33.226498351851298 ], [ 151.608395388748619, -33.226408178042462 ], [ 151.608288097326948, -33.226406977668283 ], [ 151.608286669028615, -33.226497151473019 ] ], [ [ 151.608277512219729, -33.206745456694179 ], [ 151.608386206773844, -33.206656482357282 ], [ 151.608065832285149, -33.206562708733564 ], [ 151.607955709971606, -33.206741856865079 ], [ 151.608277512219729, -33.206745456694179 ] ], [ [ 151.607851297911822, -33.206560308586624 ], [ 151.607958565095316, -33.206561508706301 ], [ 151.607959992647608, -33.206471334624879 ], [ 151.607852725574048, -33.206470134509303 ], [ 151.607851297911822, -33.206560308586624 ] ], [ [ 151.607791143857156, -33.203583363238174 ], [ 151.607898407407305, -33.203584563315005 ], [ 151.607899834859637, -33.203494389192691 ], [ 151.607792571419424, -33.203493189119961 ], [ 151.607791143857156, -33.203583363238174 ] ], [ [ 151.607412232350072, -33.207186725572114 ], [ 151.607304964428948, -33.207185524961645 ], [ 151.607303536166228, -33.207275699007589 ], [ 151.607190554587362, -33.207635194454276 ], [ 151.607512359999532, -33.207638796347183 ], [ 151.607622484393403, -33.207459648686388 ], [ 151.607410804197258, -33.207276899622158 ], [ 151.607412232350072, -33.207186725572114 ] ], [ [ 151.607402235146878, -33.207817943893694 ], [ 151.607509503843772, -33.207819144440442 ], [ 151.60751093192485, -33.207728970394491 ], [ 151.607403663337834, -33.207727769851843 ], [ 151.607402235146878, -33.207817943893694 ] ], [ [ 151.607110426693424, -33.205920686792155 ], [ 151.607107569900137, -33.206101034904414 ], [ 151.607322103085238, -33.206103436304204 ], [ 151.607324959438898, -33.205923088175538 ], [ 151.60732638760615, -33.205832914109159 ], [ 151.607219121340165, -33.205831713467781 ], [ 151.607110426693424, -33.205920686792155 ] ], [ [ 151.607432225821185, -33.205924288728596 ], [ 151.607540920157248, -33.205835315114669 ], [ 151.607543776033054, -33.205654966961426 ], [ 151.60743650997415, -33.20565376651308 ], [ 151.607327815767093, -33.205742740041423 ], [ 151.60732638760615, -33.205832914109159 ], [ 151.607432225821185, -33.205924288728596 ] ], [ [ 151.607437938012453, -33.205563592438516 ], [ 151.607330672069821, -33.205562391901857 ], [ 151.60732924392164, -33.205652565972322 ], [ 151.60743650997415, -33.20565376651308 ], [ 151.607437938012453, -33.205563592438516 ] ], [ [ 151.606857319180449, -33.208352983873056 ], [ 151.606964588505122, -33.208354184906526 ], [ 151.606858747959251, -33.208262809859889 ], [ 151.606857319180449, -33.208352983873056 ] ], [ [ 151.607184840931382, -33.207995890586133 ], [ 151.607293538149037, -33.207906917290913 ], [ 151.607189126182931, -33.207725368489271 ], [ 151.607081857614986, -33.207724167669362 ], [ 151.606858747959251, -33.208262809859889 ], [ 151.607184840931382, -33.207995890586133 ] ], [ [ 151.607183412501456, -33.208086064615699 ], [ 151.607290681515423, -33.208087265359602 ], [ 151.607292109835413, -33.207997091325929 ], [ 151.607184840931382, -33.207995890586133 ], [ 151.607183412501456, -33.208086064615699 ] ], [ [ 151.607134708408722, -33.204387727617828 ], [ 151.607241972909804, -33.204388928286022 ], [ 151.607243401078847, -33.204298754200565 ], [ 151.607136136687643, -33.204297553536485 ], [ 151.607134708408722, -33.204387727617828 ] ], [ [ 151.606934464126624, -33.203483585211458 ], [ 151.607041727515934, -33.203484786023445 ], [ 151.607043155841154, -33.203394611932566 ], [ 151.606935892561722, -33.203393411124672 ], [ 151.606934464126624, -33.203483585211458 ] ], [ [ 151.606721366021929, -33.20339100923168 ], [ 151.606828629288657, -33.203392210224386 ], [ 151.606830057827295, -33.203302036140343 ], [ 151.606722794670475, -33.203300835151744 ], [ 151.606721366021929, -33.20339100923168 ] ], [ [ 151.606396718284458, -33.203567753830285 ], [ 151.606503981751899, -33.203568955108423 ], [ 151.606505410632963, -33.203478781039422 ], [ 151.606398147275428, -33.203477579765391 ], [ 151.606396718284458, -33.203567753830285 ] ], [ [ 151.606399576260003, -33.203387405699118 ], [ 151.606292313018798, -33.203386204336788 ], [ 151.606290883924288, -33.203476378398953 ], [ 151.606398147275428, -33.203477579765391 ], [ 151.606399576260003, -33.203387405699118 ] ], [ [ 151.606283738356325, -33.203927248689297 ], [ 151.60639100225697, -33.203928450076262 ], [ 151.606392431273377, -33.20383827601681 ], [ 151.606285167482639, -33.203837074633967 ], [ 151.606283738356325, -33.203927248689297 ] ], [ [ 151.606393860283447, -33.203748101956002 ], [ 151.60639528928715, -33.203657927893829 ], [ 151.606288025716196, -33.203656726519185 ], [ 151.606286596602587, -33.203746900577258 ], [ 151.606393860283447, -33.203748101956002 ] ], [ [ 151.606502552864441, -33.20365912917606 ], [ 151.606499695070482, -33.203839477307248 ], [ 151.606712793997104, -33.203932053682649 ], [ 151.606824343634571, -33.20366273246831 ], [ 151.606502552864441, -33.20365912917606 ] ], [ [ 151.606411090826953, -33.209430266669642 ], [ 151.606518361445325, -33.209431468122055 ], [ 151.606519790630273, -33.209341294137566 ], [ 151.606412520121864, -33.209340092689267 ], [ 151.606411090826953, -33.209430266669642 ] ], [ [ 151.606189337358899, -33.20311448069971 ], [ 151.606403863175615, -33.203116883492157 ], [ 151.606616960272078, -33.203209459993545 ], [ 151.606512554942753, -33.203027910673953 ], [ 151.606189337358899, -33.20311448069971 ] ], [ [ 151.606308032638026, -33.202394289563067 ], [ 151.606415294670398, -33.202395490880264 ], [ 151.606416723578604, -33.202305316797634 ], [ 151.60630946165611, -33.202304115484544 ], [ 151.606308032638026, -33.202394289563067 ] ], [ [ 151.605996251879816, -33.201759466564987 ], [ 151.605997681183027, -33.201669292489235 ], [ 151.60589042005526, -33.201668090835255 ], [ 151.605888990642171, -33.201758264906893 ], [ 151.605996251879816, -33.201759466564987 ] ], [ [ 151.60610494231716, -33.201670494050809 ], [ 151.606106371504097, -33.201580319969587 ], [ 151.605999110479871, -33.20157911841212 ], [ 151.605997681183027, -33.201669292489235 ], [ 151.60610494231716, -33.201670494050809 ] ], [ [ 151.606103513123855, -33.201760668130667 ], [ 151.606318035631006, -33.201763070984811 ], [ 151.60610494231716, -33.201670494050809 ], [ 151.606103513123855, -33.201760668130667 ] ], [ [ 151.606197912336938, -33.202573436298209 ], [ 151.606196483189848, -33.202663610368539 ], [ 151.606303745545546, -33.202664811790449 ], [ 151.606305174582729, -33.202574637716019 ], [ 151.606197912336938, -33.202573436298209 ] ], [ [ 151.606170757453441, -33.20428674340129 ], [ 151.606278021787347, -33.204287944897061 ], [ 151.606279450939127, -33.204197770847159 ], [ 151.606172186715128, -33.204196569355496 ], [ 151.606170757453441, -33.20428674340129 ] ], [ [ 151.606110722711776, -33.208074052093444 ], [ 151.606217991662078, -33.208075253761585 ], [ 151.606219421081306, -33.207985079768939 ], [ 151.606112152240911, -33.207983878104898 ], [ 151.606110722711776, -33.208074052093444 ] ], [ [ 151.606080701128207, -33.209967705537743 ], [ 151.606187972387033, -33.209968907292065 ], [ 151.606189401940014, -33.209878733328061 ], [ 151.606082130791094, -33.209877531577838 ], [ 151.606080701128207, -33.209967705537743 ] ], [ [ 151.605760285801864, -33.203109674005944 ], [ 151.605867548681573, -33.203110875817991 ], [ 151.605868978190188, -33.203020701766796 ], [ 151.605761715420385, -33.203019499958842 ], [ 151.605760285801864, -33.203109674005944 ] ], [ [ 151.605976240966356, -33.20302190348233 ], [ 151.605977670358726, -33.202931729425664 ], [ 151.605870407692436, -33.202930527714223 ], [ 151.605868978190188, -33.203020701766796 ], [ 151.605976240966356, -33.20302190348233 ] ], [ [ 151.606084933031354, -33.202932931044693 ], [ 151.606086362307451, -33.202842756982562 ], [ 151.605979099744701, -33.202841555367641 ], [ 151.605977670358726, -33.202931729425664 ], [ 151.606084933031354, -33.202932931044693 ] ], [ [ 151.60608350374892, -33.203023105105466 ], [ 151.606190766537821, -33.203024306636195 ], [ 151.606192195710378, -33.202934132571329 ], [ 151.606084933031354, -33.202932931044693 ], [ 151.60608350374892, -33.203023105105466 ] ], [ [ 151.606100654718119, -33.20194101628627 ], [ 151.606207916188282, -33.201942217767758 ], [ 151.606209345284469, -33.201852043686529 ], [ 151.606102083924156, -33.201850842209147 ], [ 151.606100654718119, -33.20194101628627 ] ], [ [ 151.605983387864455, -33.202571033185379 ], [ 151.60598195849758, -33.202661207247495 ], [ 151.606089220840545, -33.202662408854216 ], [ 151.606090650097514, -33.202572234787993 ], [ 151.605983387864455, -33.202571033185379 ] ], [ [ 151.605658741803978, -33.202747775921353 ], [ 151.605766004237694, -33.202748977809378 ], [ 151.605767433830749, -33.202658803756847 ], [ 151.605660171506912, -33.202657601872907 ], [ 151.605658741803978, -33.202747775921353 ] ], [ [ 151.605873266677833, -33.202750179605019 ], [ 151.605871837188317, -33.202840353660307 ], [ 151.605980529124309, -33.202751381308246 ], [ 151.605873266677833, -33.202750179605019 ] ], [ [ 151.605561507059946, -33.20887960801717 ], [ 151.605668776967747, -33.208880810184375 ], [ 151.605671637013785, -33.208700462263323 ], [ 151.605564367325826, -33.208699260104332 ], [ 151.605561507059946, -33.20887960801717 ] ], [ [ 151.605334094456566, -33.202924517770953 ], [ 151.605441357090996, -33.202925719944417 ], [ 151.605442787026476, -33.202835545906915 ], [ 151.605335524501953, -33.202834343737557 ], [ 151.605334094456566, -33.202924517770953 ] ], [ [ 151.605550049557394, -33.202836747983881 ], [ 151.605551479376572, -33.2027465739409 ], [ 151.605444216955561, -33.202745371868062 ], [ 151.605442787026476, -33.202835545906915 ], [ 151.605550049557394, -33.202836747983881 ] ], [ [ 151.605548619731792, -33.202926922025483 ], [ 151.60565445265695, -33.203018298058488 ], [ 151.60565731209465, -33.202837949968419 ], [ 151.605550049557394, -33.202836747983881 ], [ 151.605548619731792, -33.202926922025483 ] ], [ [ 151.605574355617534, -33.201303789067964 ], [ 151.605681616286631, -33.20130499098272 ], [ 151.605683045887645, -33.201214816912476 ], [ 151.605575785328426, -33.201213615001812 ], [ 151.605574355617534, -33.201303789067964 ] ], [ [ 151.605299771456401, -33.205088694163514 ], [ 151.605298341251768, -33.205178868162839 ], [ 151.605405606633781, -33.205180070438942 ], [ 151.605407036728536, -33.205089896435531 ], [ 151.605299771456401, -33.205088694163514 ] ], [ [ 151.605514302006981, -33.205091098615128 ], [ 151.605515731985463, -33.205000924606239 ], [ 151.605408466816868, -33.204999722430742 ], [ 151.605407036728536, -33.205089896435531 ], [ 151.605514302006981, -33.205091098615128 ] ], [ [ 151.60535697441793, -33.201481733073024 ], [ 151.60546423529405, -33.201482935180799 ], [ 151.60546566512761, -33.201392761121483 ], [ 151.605358404361368, -33.201391559017814 ], [ 151.60535697441793, -33.201481733073024 ] ], [ [ 151.604646163775044, -33.205712696384872 ], [ 151.60475342977827, -33.205713899240109 ], [ 151.604754860570722, -33.205623725269511 ], [ 151.604647594677402, -33.205622522418373 ], [ 151.604646163775044, -33.205712696384872 ] ], [ [ 151.603846621296753, -33.208770186882042 ], [ 151.603953890992642, -33.208771390523943 ], [ 151.603956754543617, -33.208591042731612 ], [ 151.603849485067599, -33.208589839097925 ], [ 151.603846621296753, -33.208770186882042 ] ], [ [ 151.603519984107322, -33.229329798516751 ], [ 151.603305394581866, -33.229327389080588 ], [ 151.603303961011676, -33.229417562651442 ], [ 151.603083636066657, -33.229775847073959 ], [ 151.602567240220878, -33.228507391200367 ], [ 151.601170986670866, -33.228581886412044 ], [ 151.600731758474922, -33.229208273513926 ], [ 151.601790352392129, -33.230122074237798 ], [ 151.601786046868028, -33.230392594736614 ], [ 151.601784611680557, -33.2304827682335 ], [ 151.601999203888198, -33.230485180366642 ], [ 151.602322526884905, -33.230398624355153 ], [ 151.602105065137863, -33.23057655980233 ], [ 151.602316788297514, -33.230759318416816 ], [ 151.602428388380247, -33.230490003522931 ], [ 151.603073599176923, -33.230407061936049 ], [ 151.603185196476574, -33.23013774627541 ], [ 151.603519984107322, -33.229329798516751 ] ], [ [ 151.603096540179251, -33.228964285010228 ], [ 151.602987812004272, -33.229053253548834 ], [ 151.603305394581866, -33.229327389080588 ], [ 151.603096540179251, -33.228964285010228 ] ], [ [ 151.601575761090402, -33.230119661767581 ], [ 151.601467029950697, -33.230208628882338 ], [ 151.601465594445841, -33.230298802369596 ], [ 151.601786046868028, -33.230392594736614 ], [ 151.601575761090402, -33.230119661767581 ] ], [ [ 151.603072165309982, -33.230497235482318 ], [ 151.602964869139072, -33.230496030387009 ], [ 151.602963435155715, -33.230586203927786 ], [ 151.603070731436674, -33.230587409027223 ], [ 151.603072165309982, -33.230497235482318 ] ], [ [ 151.602962001165935, -33.230676377467226 ], [ 151.602854704781294, -33.230675172271177 ], [ 151.602853270675098, -33.230765345805125 ], [ 151.602960567169788, -33.230766551005289 ], [ 151.602962001165935, -33.230676377467226 ] ], [ [ 151.603148366280578, -33.218953805905429 ], [ 151.603146933114658, -33.219043979620785 ], [ 151.603254215313626, -33.219045184193661 ], [ 151.603255648369583, -33.218955010474183 ], [ 151.603148366280578, -33.218953805905429 ] ], [ [ 151.603362930464982, -33.218956214950495 ], [ 151.603364363404552, -33.218866041225539 ], [ 151.603257081419144, -33.218864836753347 ], [ 151.603255648369583, -33.218955010474183 ], [ 151.603362930464982, -33.218956214950495 ] ], [ [ 151.602419878184463, -33.257997690641446 ], [ 151.6024184421413, -33.258087863762007 ], [ 151.602525772002963, -33.258089070209245 ], [ 151.602527207935907, -33.257998897084569 ], [ 151.602419878184463, -33.257997690641446 ] ], [ [ 151.602675968111924, -33.22841842301532 ], [ 151.602674533945361, -33.228508596575139 ], [ 151.602992113609446, -33.228782732852821 ], [ 151.602997848993567, -33.228422038572347 ], [ 151.602675968111924, -33.22841842301532 ] ], [ [ 151.602741671499729, -33.231034661093787 ], [ 151.60284896831817, -33.231035866398798 ], [ 151.602850402443522, -33.230945692868936 ], [ 151.602743105735129, -33.230944487568053 ], [ 151.602741671499729, -33.231034661093787 ] ], [ [ 151.602631505977598, -33.231213802735446 ], [ 151.602630071612964, -33.231303976252981 ], [ 151.602737368755186, -33.231305181662833 ], [ 151.602738803009743, -33.231215008141184 ], [ 151.602631505977598, -33.231213802735446 ] ], [ [ 151.602572977288929, -33.228146696969361 ], [ 151.602464249643532, -33.228235665074223 ], [ 151.602678836425895, -33.228238075891589 ], [ 151.602572977288929, -33.228146696969361 ] ], [ [ 151.602518471014776, -33.231573291282693 ], [ 151.602625768480749, -33.2315744967974 ], [ 151.602627202864539, -33.231484323283958 ], [ 151.602519905508615, -33.231483117773372 ], [ 151.602518471014776, -33.231573291282693 ] ], [ [ 151.602406869705163, -33.231842606182937 ], [ 151.602514167494888, -33.231843811802499 ], [ 151.602515602007912, -33.231753638297263 ], [ 151.602408304328236, -33.231752432681823 ], [ 151.602406869705163, -33.231842606182937 ] ], [ [ 151.602142369517907, -33.228232048154489 ], [ 151.60224966288672, -33.228233253886899 ], [ 151.602251097474266, -33.228143080339457 ], [ 151.602143804215473, -33.228141874611154 ], [ 151.602142369517907, -33.228232048154489 ] ], [ [ 151.602370646944166, -33.207130196973843 ], [ 151.602369213625138, -33.207220370830818 ], [ 151.60247648136297, -33.207221575696735 ], [ 151.602477914572091, -33.207131401835632 ], [ 151.602370646944166, -33.207130196973843 ] ], [ [ 151.601927782799464, -33.228229636412195 ], [ 151.601820489449835, -33.228228430402304 ], [ 151.601819054415785, -33.228318603931918 ], [ 151.602033641341507, -33.228321015867444 ], [ 151.601927782799464, -33.228229636412195 ] ], [ [ 151.601494303327627, -33.228495332365377 ], [ 151.601603032255099, -33.228406365146448 ], [ 151.601389880641023, -33.228313778950969 ], [ 151.601387009673459, -33.228494125973157 ], [ 151.601494303327627, -33.228495332365377 ] ], [ [ 151.60146846544913, -33.230118455393722 ], [ 151.601469900941197, -33.230028281903749 ], [ 151.601362605416341, -33.230027075441505 ], [ 151.601361169814254, -33.230117248927371 ], [ 151.60146846544913, -33.230118455393722 ] ], [ [ 151.601148014385871, -33.230024662239529 ], [ 151.601256745603649, -33.229935695403654 ], [ 151.60114945020166, -33.229934488760534 ], [ 151.601148014385871, -33.230024662239529 ] ], [ [ 151.601483820968866, -33.208924030974117 ], [ 151.601482386642658, -33.209014204770874 ], [ 151.601589656527892, -33.209015410458491 ], [ 151.601591090744137, -33.208925236657613 ], [ 151.601483820968866, -33.208924030974117 ] ], [ [ 151.600937731469372, -33.229751728251216 ], [ 151.600936295446303, -33.229841901724697 ], [ 151.601043590725482, -33.229843108548692 ], [ 151.601045026638502, -33.229752935071105 ], [ 151.600937731469372, -33.229751728251216 ] ], [ [ 151.600520042332448, -33.229025512341693 ], [ 151.600627336595664, -33.229026719498592 ], [ 151.60062877289127, -33.228936546025203 ], [ 151.600521478738102, -33.228935338872425 ], [ 151.600520042332448, -33.229025512341693 ] ], [ [ 151.600737503230022, -33.228847579606608 ], [ 151.600738939402817, -33.22875740612637 ], [ 151.60063020918048, -33.22884637255045 ], [ 151.60062877289127, -33.228936546025203 ], [ 151.600737503230022, -33.228847579606608 ] ], [ [ 151.600846233348705, -33.228758613085915 ], [ 151.600956399187226, -33.228579472971916 ], [ 151.600740375569188, -33.228667232644774 ], [ 151.600738939402817, -33.22875740612637 ], [ 151.600846233348705, -33.228758613085915 ] ], [ [ 151.600831872433389, -33.229660347868126 ], [ 151.600727449841429, -33.229478793930092 ], [ 151.600618718687599, -33.229567760310289 ], [ 151.600614409647193, -33.22983828069772 ], [ 151.600831872433389, -33.229660347868126 ] ], [ [ 151.600518605920399, -33.229115685809596 ], [ 151.600517169501956, -33.229205859276142 ], [ 151.600623027670423, -33.229297239910579 ], [ 151.600625900293636, -33.229116892970616 ], [ 151.600518605920399, -33.229115685809596 ] ], [ [ 151.600515733077117, -33.229296032741317 ], [ 151.600512860208227, -33.229476379667574 ], [ 151.600620155021602, -33.229477586845086 ], [ 151.600623027670423, -33.229297239910579 ], [ 151.600515733077117, -33.229296032741317 ] ], [ [ 151.600851682107333, -33.208195404706629 ], [ 151.600744413256194, -33.20819419840911 ], [ 151.600742978211656, -33.208284372187954 ], [ 151.600851682107333, -33.208195404706629 ] ], [ [ 151.600747283326115, -33.208013850847337 ], [ 151.600745848294338, -33.208104024628895 ], [ 151.60085311703557, -33.208105230922307 ], [ 151.600854551957411, -33.208015057136613 ], [ 151.600747283326115, -33.208013850847337 ] ], [ [ 151.600426912825782, -33.20792005765437 ], [ 151.600425477470623, -33.20801023142495 ], [ 151.600532746082706, -33.208011437991495 ], [ 151.60053418132793, -33.207921264216793 ], [ 151.600426912825782, -33.20792005765437 ] ], [ [ 151.600112285686208, -33.207465568601037 ], [ 151.600113721332718, -33.207375394834635 ], [ 151.599900621564956, -33.207282807167928 ], [ 151.599897749838618, -33.207463154685591 ], [ 151.600112285686208, -33.207465568601037 ] ], [ [ 151.599997838880995, -33.207915230480417 ], [ 151.59999640308618, -33.208005404234513 ], [ 151.600103671672684, -33.208006611170759 ], [ 151.600105107357592, -33.20791643741255 ], [ 151.599997838880995, -33.207915230480417 ] ], [ [ 151.599983480644795, -33.208816967959947 ], [ 151.599982044786003, -33.208907141700415 ], [ 151.600089314471774, -33.208908348677866 ], [ 151.600090750220659, -33.208818174933285 ], [ 151.599983480644795, -33.208816967959947 ] ], [ [ 151.600002146227126, -33.20764470920998 ], [ 151.600109414373946, -33.207645916129728 ], [ 151.600110850033275, -33.207555742366061 ], [ 151.600003581996361, -33.207554535450434 ], [ 151.600002146227126, -33.20764470920998 ] ], [ [ 151.599919287162578, -33.206110548170166 ], [ 151.599917851385783, -33.20620072194739 ], [ 151.60002511776753, -33.206201928893627 ], [ 151.600026553434446, -33.206111755112268 ], [ 151.599919287162578, -33.206110548170166 ] ], [ [ 151.599903493265742, -33.207102459644808 ], [ 151.599902057418547, -33.207192633407047 ], [ 151.600009325009381, -33.207193840398617 ], [ 151.600010760746642, -33.207103666632243 ], [ 151.599903493265742, -33.207102459644808 ] ], [ [ 151.599893442201108, -33.207733675951864 ], [ 151.599892006309148, -33.207823849704553 ], [ 151.599999274669415, -33.207825056724971 ], [ 151.600000710451468, -33.207734882968161 ], [ 151.599893442201108, -33.207733675951864 ] ], [ [ 151.599777557849876, -33.208273511314125 ], [ 151.599776121809612, -33.208363685054515 ], [ 151.599883390823038, -33.20836489219208 ], [ 151.599884826753367, -33.208274718447576 ], [ 151.599777557849876, -33.208273511314125 ] ], [ [ 151.599693266485758, -33.206829524122504 ], [ 151.599691830437962, -33.206919697880586 ], [ 151.59979909768623, -33.206920905044633 ], [ 151.599800533624148, -33.206830731282409 ], [ 151.599693266485758, -33.206829524122504 ] ], [ [ 151.599560147535414, -33.208451444232871 ], [ 151.599558711262489, -33.208541617962283 ], [ 151.599665980482996, -33.208542825292952 ], [ 151.599667416645985, -33.208452651559419 ], [ 151.599560147535414, -33.208451444232871 ] ], [ [ 151.599474423406036, -33.207097630770853 ], [ 151.599472987119185, -33.207187804516607 ], [ 151.59968752225609, -33.207190219146675 ], [ 151.599474423406036, -33.207097630770853 ] ], [ [ 151.596722218857678, -33.211485923688194 ], [ 151.596829491539467, -33.211487133558222 ], [ 151.596830930772086, -33.211396959977002 ], [ 151.596723658200261, -33.211395750111102 ], [ 151.596722218857678, -33.211485923688194 ] ], [ [ 151.596244171778324, -33.2145469835311 ], [ 151.596351448172726, -33.214548193911384 ], [ 151.596352888063223, -33.214458020393067 ], [ 151.596245611778784, -33.214456810016912 ], [ 151.596244171778324, -33.2145469835311 ] ], [ [ 151.594242613387991, -33.259168149194601 ], [ 151.594241168879933, -33.259258321982237 ], [ 151.594348499796837, -33.259259535524855 ], [ 151.594349944194676, -33.259169362733076 ], [ 151.594242613387991, -33.259168149194601 ] ], [ [ 151.595023775376802, -33.217058519815986 ], [ 151.595026658149891, -33.216878172953635 ], [ 151.594922261940809, -33.216696614496911 ], [ 151.594809216590335, -33.217056096512593 ], [ 151.595023775376802, -33.217058519815986 ] ], [ [ 151.594807774974214, -33.217146269933444 ], [ 151.594806333351642, -33.217236443352945 ], [ 151.594913612961619, -33.217237655059151 ], [ 151.5949150544742, -33.217147481635507 ], [ 151.594807774974214, -33.217146269933444 ] ], [ [ 151.594710587428523, -33.216513844193265 ], [ 151.59470914574095, -33.21660401761816 ], [ 151.594816424574674, -33.216605229387852 ], [ 151.59492370341485, -33.216606441065096 ], [ 151.594925144882467, -33.216516267631917 ], [ 151.594817866152283, -33.216515055958823 ], [ 151.594710587428523, -33.216513844193265 ] ], [ [ 151.594496030000272, -33.216511420384805 ], [ 151.594603308711157, -33.21651263233526 ], [ 151.594604750502299, -33.216422458913129 ], [ 151.594497471901349, -33.216421246966817 ], [ 151.594496030000272, -33.216511420384805 ] ], [ [ 151.593495890583483, -33.218664669398578 ], [ 151.593493004474027, -33.218845016090441 ], [ 151.594030854608519, -33.218760906250871 ], [ 151.593714781630922, -33.218396574997051 ], [ 151.593933671326482, -33.218128480163713 ], [ 151.59436135186516, -33.218223502945847 ], [ 151.594359909725625, -33.218313676332414 ], [ 151.594467190629587, -33.218314888458089 ], [ 151.594468632659158, -33.218224715067386 ], [ 151.594583122961126, -33.2177750601018 ], [ 151.594261282228814, -33.217771423799256 ], [ 151.593611829390142, -33.218124842147269 ], [ 151.593495890583483, -33.218664669398578 ] ], [ [ 151.594053933863051, -33.217318132209968 ], [ 151.594161213538001, -33.217319344567485 ], [ 151.594162655826835, -33.217229171174196 ], [ 151.594055376261849, -33.217227958820807 ], [ 151.594053933863051, -33.217318132209968 ] ], [ [ 151.593929343588144, -33.218399000273727 ], [ 151.594036624576376, -33.218400212773396 ], [ 151.594038067052281, -33.218310039400599 ], [ 151.593930786174013, -33.218308826905094 ], [ 151.593929343588144, -33.218399000273727 ] ], [ [ 151.593395825008429, -33.218212589691355 ], [ 151.593503105744588, -33.218213802645018 ], [ 151.593504548757522, -33.218123629290204 ], [ 151.593397268131355, -33.218122416340684 ], [ 151.593395825008429, -33.218212589691355 ] ], [ [ 151.593063878488607, -33.218840163605066 ], [ 151.593171159975327, -33.2188413768651 ], [ 151.5931726033632, -33.218751203532278 ], [ 151.593065321986444, -33.218749990276393 ], [ 151.593063878488607, -33.218840163605066 ] ], [ [ 151.593169716581002, -33.218931550196558 ], [ 151.593276998184137, -33.218932763368279 ], [ 151.59327844146847, -33.218842590032679 ], [ 151.593171159975327, -33.2188413768651 ], [ 151.593169716581002, -33.218931550196558 ] ], [ [ 151.59295082251262, -33.219199643537102 ], [ 151.592953709773326, -33.219019296897564 ], [ 151.592846428079497, -33.219018083444325 ], [ 151.59295082251262, -33.219199643537102 ] ], [ [ 151.592312908261647, -33.218831668195968 ], [ 151.592207071204115, -33.218740280900739 ], [ 151.592098345397574, -33.2188292401041 ], [ 151.592204182442259, -33.218920627490427 ], [ 151.592312908261647, -33.218831668195968 ] ], [ [ 151.5923114639875, -33.218921841494286 ], [ 151.592418745539163, -33.218923055405682 ], [ 151.592312908261647, -33.218831668195968 ], [ 151.5923114639875, -33.218921841494286 ] ], [ [ 151.590676213753511, -33.220526739744663 ], [ 151.590674767707242, -33.220616912954817 ], [ 151.590782051252091, -33.220618128331964 ], [ 151.590783497188369, -33.220527955117639 ], [ 151.590676213753511, -33.220526739744663 ] ], [ [ 151.590780605309362, -33.220708301544924 ], [ 151.590887888970627, -33.220709516833729 ], [ 151.590782051252091, -33.220618128331964 ], [ 151.590780605309362, -33.220708301544924 ] ], [ [ 151.591211185495865, -33.220622988915835 ], [ 151.591322805212542, -33.220353684121356 ], [ 151.591648990084224, -33.220086808514758 ], [ 151.590898009664471, -33.220078304285352 ], [ 151.591106793131416, -33.220441427453679 ], [ 151.590895118069852, -33.220258650734564 ], [ 151.590783497188369, -33.220527955117639 ], [ 151.591211185495865, -33.220622988915835 ] ], [ [ 151.59165043510194, -33.219996635259058 ], [ 151.591651880113233, -33.219906462002001 ], [ 151.591544597396762, -33.219905247397776 ], [ 151.591543152275506, -33.219995420650676 ], [ 151.59165043510194, -33.219996635259058 ] ], [ [ 151.591865000774135, -33.219999064198419 ], [ 151.591975172976106, -33.219819931989051 ], [ 151.591760607731004, -33.2198175032512 ], [ 151.591763497501404, -33.219637156721966 ], [ 151.591546042511624, -33.21981507414349 ], [ 151.591651880113233, -33.219906462002001 ], [ 151.591865000774135, -33.219999064198419 ] ], [ [ 151.592085344718811, -33.219640799665171 ], [ 151.591978062306566, -33.219639585443232 ], [ 151.591870779900773, -33.219638371128823 ], [ 151.591975172976106, -33.219819931989051 ], [ 151.592085344718811, -33.219640799665171 ] ], [ [ 151.592088233803594, -33.219460453105583 ], [ 151.592301353888246, -33.219553054544271 ], [ 151.592411524621781, -33.219373921897507 ], [ 151.592198404841355, -33.219281320653458 ], [ 151.592088233803594, -33.219460453105583 ] ], [ [ 151.592143121523662, -33.216033867436614 ], [ 151.592248955358656, -33.216125254736731 ], [ 151.592463511637192, -33.216127682394998 ], [ 151.59246495560194, -33.216037509050238 ], [ 151.592143121523662, -33.216033867436614 ] ], [ [ 151.591450321478447, -33.219092473400771 ], [ 151.591557603198595, -33.219093688060141 ], [ 151.591559048255505, -33.219003514793584 ], [ 151.591451766645321, -33.219002300138357 ], [ 151.591450321478447, -33.219092473400771 ] ], [ [ 151.591341594481406, -33.219181431905838 ], [ 151.591124139827485, -33.219359348609636 ], [ 151.591447431125374, -33.219272819921507 ], [ 151.591450321478447, -33.219092473400771 ], [ 151.591341594481406, -33.219181431905838 ] ], [ [ 151.591666329872112, -33.219004729356342 ], [ 151.591882337845135, -33.218916984924121 ], [ 151.591885227266886, -33.218736638359296 ], [ 151.591667774812578, -33.218914556084265 ], [ 151.591666329872112, -33.219004729356342 ] ], [ [ 151.591441650341949, -33.219633512946594 ], [ 151.591548932721992, -33.21963472763084 ], [ 151.591550377817526, -33.219544554372469 ], [ 151.591443095547447, -33.219543339692372 ], [ 151.591441650341949, -33.219633512946594 ] ], [ [ 151.591161721154549, -33.21701484377342 ], [ 151.59137627950372, -33.217017273363631 ], [ 151.591485003706794, -33.216928314726268 ], [ 151.591163166503264, -33.216924670492062 ], [ 151.591161721154549, -33.21701484377342 ] ], [ [ 151.591206848968284, -33.220893508600405 ], [ 151.591314132875283, -33.22089472352765 ], [ 151.591315578280927, -33.220804550296691 ], [ 151.591206848968284, -33.220893508600405 ] ], [ [ 151.591115466595369, -33.219900388056217 ], [ 151.591222749286061, -33.219901603030301 ], [ 151.591330031983205, -33.219902817911922 ], [ 151.59122419473087, -33.219811429788464 ], [ 151.591115466595369, -33.219900388056217 ] ], [ [ 151.572835760283766, -33.235475132625574 ], [ 151.57316352220775, -33.235118136829776 ], [ 151.573166451836357, -33.234937792197961 ], [ 151.572948921356129, -33.235115674654963 ], [ 151.572835760283766, -33.235475132625574 ] ], [ [ 151.573601510155271, -33.234582026056572 ], [ 151.57360297449344, -33.234491853716342 ], [ 151.57327668143418, -33.234758678492504 ], [ 151.573166451836357, -33.234937792197961 ], [ 151.573601510155271, -33.234582026056572 ] ], [ [ 151.573819037993957, -33.234404142372185 ], [ 151.57404242040036, -33.233865568820505 ], [ 151.57360297449344, -33.234491853716342 ], [ 151.573819037993957, -33.234404142372185 ] ], [ [ 151.576333697435246, -33.231546898235784 ], [ 151.576657047156914, -33.231460409748152 ], [ 151.576552673302359, -33.231278836835266 ], [ 151.576770186923824, -33.231100947517341 ], [ 151.577206671952069, -33.230654995117092 ], [ 151.576010347105381, -33.231633385864363 ], [ 151.574151183082932, -33.233776626598086 ], [ 151.575788444791584, -33.232081791153263 ], [ 151.576220555253173, -33.231906359981224 ], [ 151.576333697435246, -33.231546898235784 ] ], [ [ 151.57774898732626, -33.230300440525475 ], [ 151.577972334508871, -33.229761858644736 ], [ 151.577206671952069, -33.230654995117092 ], [ 151.57774898732626, -33.230300440525475 ] ], [ [ 151.579168611933795, -33.228783447470406 ], [ 151.579491948866377, -33.228696951227306 ], [ 151.579494864791911, -33.228516605912411 ], [ 151.581127555579798, -33.227092211580036 ], [ 151.578301513092498, -33.229314675262103 ], [ 151.577972334508871, -33.229761858644736 ], [ 151.579168611933795, -33.228783447470406 ] ], [ [ 151.581777123831671, -33.226738862022067 ], [ 151.584930668729299, -33.224159284120859 ], [ 151.583303909545634, -33.225223040722 ], [ 151.581127555579798, -33.227092211580036 ], [ 151.581777123831671, -33.226738862022067 ] ], [ [ 151.586661774600572, -33.223277070055268 ], [ 151.587427276084725, -33.222383870068427 ], [ 151.590470324365327, -33.219983269481418 ], [ 151.585148147763505, -33.223981379028899 ], [ 151.586012251156376, -33.223630446522407 ], [ 151.586661774600572, -33.223277070055268 ] ], [ [ 151.590577607127358, -33.219984485014429 ], [ 151.590580499343218, -33.219804138581914 ], [ 151.590473216801172, -33.219802923057216 ], [ 151.590470324365327, -33.219983269481418 ], [ 151.590577607127358, -33.219984485014429 ] ], [ [ 151.590795064446695, -33.219806569353956 ], [ 151.591122694304914, -33.219449521854131 ], [ 151.590908130042692, -33.219447091670077 ], [ 151.590580499343218, -33.219804138581914 ], [ 151.590795064446695, -33.219806569353956 ] ], [ [ 151.572069994669931, -33.236368233936261 ], [ 151.572177296581231, -33.236369465868911 ], [ 151.57228753007152, -33.236190353182749 ], [ 151.572180228373838, -33.236189121351025 ], [ 151.572069994669931, -33.236368233936261 ] ], [ [ 151.590683443888224, -33.220075873673345 ], [ 151.590790726773122, -33.220077089025573 ], [ 151.590792172670746, -33.219986915803062 ], [ 151.59068488989584, -33.219985700454984 ], [ 151.590683443888224, -33.220075873673345 ] ], [ [ 151.590620987659861, -33.217279287953588 ], [ 151.590619541735521, -33.217369461208754 ], [ 151.590726821314604, -33.217370676528937 ], [ 151.590728267128952, -33.217280503269642 ], [ 151.590620987659861, -33.217279287953588 ] ], [ [ 151.590458754364192, -33.220704655123676 ], [ 151.590566038006159, -33.220705870689883 ], [ 151.590567484168844, -33.220615697485229 ], [ 151.590460200636898, -33.220614481923164 ], [ 151.590458754364192, -33.220704655123676 ] ], [ [ 151.590297703036981, -33.217365814693437 ], [ 151.59029625677627, -33.217455987934777 ], [ 151.590404982596738, -33.217367030290994 ], [ 151.590297703036981, -33.217365814693437 ] ], [ [ 151.590284686458659, -33.218177373816303 ], [ 151.590391967008202, -33.218178589451213 ], [ 151.59039341321045, -33.218088416216645 ], [ 151.590286132770927, -33.218087200585884 ], [ 151.590284686458659, -33.218177373816303 ] ], [ [ 151.59006723229524, -33.218355288709226 ], [ 151.590070125378986, -33.218174942269094 ], [ 151.589855564325063, -33.218172510352069 ], [ 151.589848330467618, -33.218623376400636 ], [ 151.590065785743718, -33.218445461927246 ], [ 151.59006723229524, -33.218355288709226 ] ], [ [ 151.590281793814853, -33.21835772027304 ], [ 151.590283240139968, -33.21826754704535 ], [ 151.590175959486942, -33.218266331313821 ], [ 151.59006723229524, -33.218355288709226 ], [ 151.590281793814853, -33.21835772027304 ] ], [ [ 151.589846883676785, -33.218713549606264 ], [ 151.589954164860387, -33.218714765635916 ], [ 151.589955611541228, -33.218624592426146 ], [ 151.589848330467618, -33.218623376400636 ], [ 151.589846883676785, -33.218713549606264 ] ], [ [ 151.59009037624341, -33.21691251703534 ], [ 151.589983097252883, -33.216911301181177 ], [ 151.589981650694483, -33.217001474416875 ], [ 151.59009037624341, -33.21691251703534 ] ], [ [ 151.589984543804832, -33.216821127944101 ], [ 151.589985990350357, -33.216730954705682 ], [ 151.589880158235218, -33.216639565531715 ], [ 151.589772879587457, -33.216638349505118 ], [ 151.589769986063004, -33.216818695966737 ], [ 151.589984543804832, -33.216821127944101 ] ], [ [ 151.589633768339695, -33.218620944072256 ], [ 151.58974104940043, -33.218622160282671 ], [ 151.589743943182725, -33.21844181387565 ], [ 151.589419206237579, -33.218618511374039 ], [ 151.589633768339695, -33.218620944072256 ] ], [ [ 151.589429336672254, -33.217987299012769 ], [ 151.589427889486643, -33.218077472211327 ], [ 151.589535169874637, -33.218078688581748 ], [ 151.589429336672254, -33.217987299012769 ] ], [ [ 151.58942354789113, -33.218347991798822 ], [ 151.589530828609043, -33.218349208181706 ], [ 151.589532275704016, -33.218259034983078 ], [ 151.589424995096067, -33.218257818604357 ], [ 151.58942354789113, -33.218347991798822 ] ], [ [ 151.589106048361401, -33.21807382254535 ], [ 151.58921332873004, -33.218075039193131 ], [ 151.589214776135606, -33.217984866002872 ], [ 151.589107495876959, -33.217983649359248 ], [ 151.589106048361401, -33.21807382254535 ] ], [ [ 151.589103153310987, -33.218254168913454 ], [ 151.589210433899552, -33.218255385569542 ], [ 151.589211881318022, -33.218165212382026 ], [ 151.589104600839391, -33.218163995730087 ], [ 151.589103153310987, -33.218254168913454 ] ], [ [ 151.588279766230613, -33.222754305705763 ], [ 151.588172480194174, -33.222753088102152 ], [ 151.588171031456824, -33.222843261182668 ], [ 151.588063745316816, -33.222842043482423 ], [ 151.588166685205977, -33.223113780416014 ], [ 151.588491441501702, -33.222937086820139 ], [ 151.588278317603226, -33.222844478790421 ], [ 151.588279766230613, -33.222754305705763 ] ], [ [ 151.588050705400036, -33.223653601108197 ], [ 151.588268177030983, -33.223475690344891 ], [ 151.588163787673153, -33.22329412656476 ], [ 151.588378361072529, -33.223296561729377 ], [ 151.588379809622154, -33.22320638864737 ], [ 151.587734640951851, -33.223289255125806 ], [ 151.588050705400036, -33.223653601108197 ] ], [ [ 151.587623006289931, -33.223558556185388 ], [ 151.587730293284153, -33.223559774288788 ], [ 151.587731742513171, -33.22346960123582 ], [ 151.587624455628969, -33.223468383136577 ], [ 151.587623006289931, -33.223558556185388 ] ], [ [ 151.586861846567018, -33.22418123797182 ], [ 151.58675310858365, -33.224270192104079 ], [ 151.586860396406252, -33.224271410980577 ], [ 151.586861846567018, -33.22418123797182 ] ], [ [ 151.586863296721276, -33.224091064961705 ], [ 151.587293896903986, -33.224005766481469 ], [ 151.587512820384774, -33.223737684074685 ], [ 151.586974934424404, -33.223821764686349 ], [ 151.586863296721276, -33.224091064961705 ] ], [ [ 151.585764953239817, -33.258981814576551 ], [ 151.585763500032442, -33.259071987037395 ], [ 151.585870830329299, -33.259073207891277 ], [ 151.585872283426482, -33.258983035426283 ], [ 151.585764953239817, -33.258981814576551 ] ], [ [ 151.585172493232932, -33.275750203361106 ], [ 151.585171038490245, -33.275840375555347 ], [ 151.5852783892731, -33.275841597462261 ], [ 151.585279843905511, -33.275751425263842 ], [ 151.585172493232932, -33.275750203361106 ] ], [ [ 151.584210704638565, -33.275468685588535 ], [ 151.584634284673228, -33.275834264630944 ], [ 151.585282753150892, -33.275571080862917 ], [ 151.584856261483623, -33.275385848356336 ], [ 151.584210704638565, -33.275468685588535 ] ], [ [ 151.585874489445104, -33.225522859217705 ], [ 151.58587303819732, -33.225613032168518 ], [ 151.585980327618415, -33.225614251847297 ], [ 151.585981778756178, -33.225524078892313 ], [ 151.585874489445104, -33.225522859217705 ] ], [ [ 151.584698664785208, -33.225238917970039 ], [ 151.58469721234664, -33.225329090879114 ], [ 151.584804501366534, -33.225330311562686 ], [ 151.58480595369511, -33.22524013864944 ], [ 151.584698664785208, -33.225238917970039 ] ], [ [ 151.585021983636324, -33.225152406807858 ], [ 151.585023435731927, -33.225062233883541 ], [ 151.584916147029105, -33.225061013397436 ], [ 151.584808858332792, -33.22505979281884 ], [ 151.58480595369511, -33.22524013864944 ], [ 151.585021983636324, -33.225152406807858 ] ], [ [ 151.5851307244412, -33.225063454277176 ], [ 151.585132176420274, -33.224973281347324 ], [ 151.585024887821021, -33.224972060957867 ], [ 151.585023435731927, -33.225062233883541 ], [ 151.5851307244412, -33.225063454277176 ] ], [ [ 151.584919051420911, -33.224880667553037 ], [ 151.584917599228248, -33.224970840475919 ], [ 151.585026339903663, -33.224881888030808 ], [ 151.584919051420911, -33.224880667553037 ] ], [ [ 151.584581207905813, -33.225868907503866 ], [ 151.584582660493226, -33.225778734607154 ], [ 151.584475370936218, -33.225777513717773 ], [ 151.584366628578181, -33.225866465624293 ], [ 151.584581207905813, -33.225868907503866 ] ], [ [ 151.584144784041968, -33.22631488775454 ], [ 151.584253527189503, -33.226225936068985 ], [ 151.584038947020531, -33.226223493601168 ], [ 151.584036040674363, -33.226403839337905 ], [ 151.584144784041968, -33.22631488775454 ] ], [ [ 151.584362270117026, -33.226136984281268 ], [ 151.584256433069754, -33.226045590310115 ], [ 151.58425498013284, -33.226135763190243 ], [ 151.584253527189503, -33.226225936068985 ], [ 151.584362270117026, -33.226136984281268 ] ], [ [ 151.583513544678311, -33.265449785821524 ], [ 151.583620882670914, -33.265451008823675 ], [ 151.583622338432377, -33.265360836539031 ], [ 151.583515000549994, -33.265359613541079 ], [ 151.583513544678311, -33.265449785821524 ] ], [ [ 151.583873778281941, -33.223155172686837 ], [ 151.583981064609873, -33.223156394010175 ], [ 151.583982517663173, -33.223066221097518 ], [ 151.583875231445234, -33.223064999778344 ], [ 151.583873778281941, -33.223155172686837 ] ], [ [ 151.583770851761017, -33.222883432553942 ], [ 151.583878137752436, -33.222884653957244 ], [ 151.583879590896316, -33.222794481044659 ], [ 151.583772305014918, -33.222793259645528 ], [ 151.583770851761017, -33.222883432553942 ] ], [ [ 151.583183534684309, -33.226033374355012 ], [ 151.583290824493673, -33.226034596366695 ], [ 151.583292278414262, -33.225944423522741 ], [ 151.583184988714862, -33.225943201515236 ], [ 151.583183534684309, -33.226033374355012 ] ], [ [ 151.582517974825834, -33.227378632399976 ], [ 151.582199010831602, -33.22719461839263 ], [ 151.582085898731748, -33.227554086509343 ], [ 151.582299026940831, -33.227646705213651 ], [ 151.582517974825834, -33.227378632399976 ] ], [ [ 151.58262526624668, -33.227379855029184 ], [ 151.582841303565687, -33.227292127203327 ], [ 151.582951503572133, -33.227113003924892 ], [ 151.582736921358162, -33.227110559153971 ], [ 151.58262526624668, -33.227379855029184 ] ], [ [ 151.582674721659259, -33.224313979116495 ], [ 151.582782009346005, -33.224315201511303 ], [ 151.582784918034633, -33.224134855811883 ], [ 151.582676176116848, -33.224223806271645 ], [ 151.582674721659259, -33.224313979116495 ] ], [ [ 151.582415048085778, -33.227106891303947 ], [ 151.582522339170112, -33.22710811401312 ], [ 151.582523793938577, -33.227017941214761 ], [ 151.582416502964293, -33.227016718509773 ], [ 151.582415048085778, -33.227106891303947 ] ], [ [ 151.582631084919313, -33.227019163827265 ], [ 151.582632539571279, -33.226928991023364 ], [ 151.582523793938577, -33.227017941214761 ], [ 151.582631084919313, -33.227019163827265 ] ], [ [ 151.581285123547644, -33.270474947175764 ], [ 151.581392467584266, -33.270476172264395 ], [ 151.581393925914057, -33.270386000139787 ], [ 151.581395384237396, -33.270295828013836 ], [ 151.581288040421327, -33.270294602933575 ], [ 151.58128658198774, -33.270384775055348 ], [ 151.581285123547644, -33.270474947175764 ] ], [ [ 151.581502728059974, -33.270297053001464 ], [ 151.581504186266557, -33.270206880869964 ], [ 151.581396842554227, -33.270205655886514 ], [ 151.581395384237396, -33.270295828013836 ], [ 151.581502728059974, -33.270297053001464 ] ], [ [ 151.5817640239257, -33.227550416931905 ], [ 151.581987339131956, -33.227011826764965 ], [ 151.580683824873148, -33.227989042577484 ], [ 151.580686738274181, -33.227808697148745 ], [ 151.580575075978572, -33.228077990962383 ], [ 151.580466326863927, -33.228166939245078 ], [ 151.580783833888034, -33.228441130377078 ], [ 151.580898409041254, -33.227991490946486 ], [ 151.5817640239257, -33.227550416931905 ] ], [ [ 151.581054389798624, -33.271464389862992 ], [ 151.581061683393955, -33.271013529364218 ], [ 151.580838240386043, -33.271552111032591 ], [ 151.581054389798624, -33.271464389862992 ] ], [ [ 151.581167569483313, -33.271104926769873 ], [ 151.581274914285245, -33.271106151980398 ], [ 151.581173403827592, -33.270744238335006 ], [ 151.581061683393955, -33.271013529364218 ], [ 151.581167569483313, -33.271104926769873 ] ], [ [ 151.581917887058097, -33.224666111012404 ], [ 151.581812054346727, -33.224574715055084 ], [ 151.581596022852693, -33.224662441281012 ], [ 151.581593111666081, -33.224842786872181 ], [ 151.581916431798049, -33.224756283821215 ], [ 151.581917887058097, -33.224666111012404 ] ], [ [ 151.581914976531522, -33.224846456628647 ], [ 151.582022264833, -33.224847679695849 ], [ 151.582023719989479, -33.224757506884231 ], [ 151.581916431798049, -33.224756283821215 ], [ 151.581914976531522, -33.224846456628647 ] ], [ [ 151.580086823231682, -33.271543529873142 ], [ 151.580089742687079, -33.271363185755746 ], [ 151.579982397625855, -33.271361959513627 ], [ 151.579873592626143, -33.271450905229869 ], [ 151.579872132674666, -33.271541077279515 ], [ 151.579764787405935, -33.271539850843745 ], [ 151.579655981965175, -33.271628796355245 ], [ 151.579428147355515, -33.272437891234475 ], [ 151.579966339086383, -33.272353852045619 ], [ 151.580082443999828, -33.271814046038983 ], [ 151.580300054297794, -33.271636154161207 ], [ 151.580407399709344, -33.27163738013796 ], [ 151.580623549737993, -33.271549659735953 ], [ 151.580301513814732, -33.271545982096185 ], [ 151.57997509838728, -33.271812819775946 ], [ 151.579976558248006, -33.271722647726214 ], [ 151.579869212752214, -33.271721421374714 ], [ 151.580086823231682, -33.271543529873142 ] ], [ [ 151.580405940296174, -33.271727552205789 ], [ 151.58051328582448, -33.271728778094072 ], [ 151.580514745127346, -33.271638606022059 ], [ 151.580407399709344, -33.27163738013796 ], [ 151.580405940296174, -33.271727552205789 ] ], [ [ 151.580730895058764, -33.271550885430585 ], [ 151.580732354128116, -33.27146071334748 ], [ 151.580625008917622, -33.271459487657026 ], [ 151.580623549737993, -33.271549659735953 ], [ 151.580730895058764, -33.271550885430585 ] ], [ [ 151.5798765125096, -33.271270561126478 ], [ 151.579983857454067, -33.271271787457053 ], [ 151.579985317275771, -33.271181615399122 ], [ 151.579879432367051, -33.271090217017623 ], [ 151.5798765125096, -33.271270561126478 ] ], [ [ 151.580094121821418, -33.271092669569406 ], [ 151.580417615419407, -33.271006175624869 ], [ 151.580529337798737, -33.270736885226761 ], [ 151.580530797030121, -33.270646713139719 ], [ 151.580426371488812, -33.270465143131794 ], [ 151.580423452824988, -33.270645487301621 ], [ 151.580211683539062, -33.270462691194417 ], [ 151.579991156497584, -33.270820927153743 ], [ 151.579879432367051, -33.271090217017623 ], [ 151.580094121821418, -33.271092669569406 ] ], [ [ 151.580092662116471, -33.271182841632879 ], [ 151.580200006963679, -33.271184067774001 ], [ 151.58020146655835, -33.271093895706336 ], [ 151.580094121821418, -33.271092669569406 ], [ 151.580092662116471, -33.271182841632879 ] ], [ [ 151.58052350080817, -33.271097573561278 ], [ 151.580630845571136, -33.27109879932766 ], [ 151.58063522299301, -33.270828283066265 ], [ 151.580417615419407, -33.271006175624869 ], [ 151.58052350080817, -33.271097573561278 ] ], [ [ 151.580308811301791, -33.271095121750626 ], [ 151.580307351817396, -33.271185293822477 ], [ 151.580522041544299, -33.271187745641491 ], [ 151.58052350080817, -33.271097573561278 ], [ 151.580308811301791, -33.271095121750626 ] ], [ [ 151.580520582273891, -33.271277917720333 ], [ 151.580627927257382, -33.271279143495065 ], [ 151.580735272247352, -33.271280369177163 ], [ 151.580736731297208, -33.271190197089943 ], [ 151.580629386417513, -33.271188971412037 ], [ 151.580522041544299, -33.271187745641491 ], [ 151.580520582273891, -33.271277917720333 ] ], [ [ 151.580305892326464, -33.271275465892934 ], [ 151.580304432829053, -33.27136563796207 ], [ 151.580411777909802, -33.271366863926268 ], [ 151.580413237296938, -33.271276691852968 ], [ 151.580305892326464, -33.271275465892934 ] ], [ [ 151.580197087754811, -33.271364411905232 ], [ 151.580195628140643, -33.27145458396879 ], [ 151.580302973325132, -33.271455810029813 ], [ 151.580304432829053, -33.27136563796207 ], [ 151.580197087754811, -33.271364411905232 ] ], [ [ 151.581213004476751, -33.228446026458748 ], [ 151.581320297140138, -33.228447250247939 ], [ 151.581321753216145, -33.228357077515994 ], [ 151.581214460662778, -33.228355853730989 ], [ 151.581213004476751, -33.228446026458748 ] ], [ [ 151.580611494538459, -33.22582367284916 ], [ 151.58071878397223, -33.22582489707208 ], [ 151.580934819187235, -33.225737172485644 ], [ 151.581043564741947, -33.225648223666575 ], [ 151.581366888355433, -33.225561722148768 ], [ 151.581368344223904, -33.225471549373133 ], [ 151.581045020946931, -33.225558050904844 ], [ 151.580937731823752, -33.225556826971896 ], [ 151.580936275508719, -33.225646999729456 ], [ 151.580828986282029, -33.22564577569986 ], [ 151.580720240520236, -33.225734724325605 ], [ 151.580612951196485, -33.225733500106877 ], [ 151.580611494538459, -33.22582367284916 ] ], [ [ 151.580438045884023, -33.269743766397831 ], [ 151.580545388986565, -33.269744992194092 ], [ 151.580546848146469, -33.269654820092022 ], [ 151.580439505154146, -33.269653594299939 ], [ 151.580438045884023, -33.269743766397831 ] ], [ [ 151.580326324607739, -33.270013056781856 ], [ 151.580433668034573, -33.270014282683313 ], [ 151.580435127324222, -33.269924110589514 ], [ 151.580327784007665, -33.269922884692249 ], [ 151.580326324607739, -33.270013056781856 ] ], [ [ 151.5802146026179, -33.27028234703586 ], [ 151.580321946369025, -33.270283573042498 ], [ 151.58032340578842, -33.270193400956984 ], [ 151.580216062147571, -33.270192174954531 ], [ 151.5802146026179, -33.27028234703586 ] ], [ [ 151.58078237725536, -33.228531303086747 ], [ 151.580675084514382, -33.228530078830929 ], [ 151.580564878054957, -33.228709199881145 ], [ 151.580672171009553, -33.228710424237825 ], [ 151.58078237725536, -33.228531303086747 ] ], [ [ 151.579766999077009, -33.278033461262339 ], [ 151.579874352292649, -33.278034687906747 ], [ 151.579875812602097, -33.277944515951305 ], [ 151.579768459496762, -33.277943289311096 ], [ 151.579766999077009, -33.278033461262339 ] ], [ [ 151.579424488276828, -33.279292187771219 ], [ 151.579531843017179, -33.279293414752203 ], [ 151.579533303748605, -33.279203242828473 ], [ 151.579425949118558, -33.279202015851666 ], [ 151.579424488276828, -33.279292187771219 ] ], [ [ 151.579311289669675, -33.279651648345329 ], [ 151.579417183970492, -33.279743047348461 ], [ 151.579527460783822, -33.279563930515216 ], [ 151.579424488276828, -33.279292187771219 ], [ 151.579311289669675, -33.279651648345329 ] ], [ [ 151.579536225191987, -33.279022898976912 ], [ 151.579643579607932, -33.279024125852672 ], [ 151.579645040209556, -33.278933953920649 ], [ 151.579537685903887, -33.278932727049074 ], [ 151.579536225191987, -33.279022898976912 ] ], [ [ 151.579646500804643, -33.27884378198727 ], [ 151.579753855006516, -33.278845008761991 ], [ 151.579755315484789, -33.278754836823062 ], [ 151.579647961393249, -33.278753610052512 ], [ 151.579646500804643, -33.27884378198727 ] ], [ [ 151.579618015040893, -33.273973268913217 ], [ 151.579725363280488, -33.273974495554626 ], [ 151.579726823517802, -33.273884323546056 ], [ 151.579619475388512, -33.273883096908833 ], [ 151.579618015040893, -33.273973268913217 ] ], [ [ 151.579723903036637, -33.274064667561809 ], [ 151.579831251393017, -33.274065894114749 ], [ 151.579832711526592, -33.273975722103373 ], [ 151.579725363280488, -33.273974495554626 ], [ 151.579723903036637, -33.274064667561809 ] ], [ [ 151.580292540245722, -33.225639654164645 ], [ 151.580399829439983, -33.225640878656655 ], [ 151.58040128630509, -33.22555070592 ], [ 151.580293997220821, -33.225549481432175 ], [ 151.580292540245722, -33.225639654164645 ] ], [ [ 151.580398372568425, -33.225731051391946 ], [ 151.580505661879215, -33.22573227579565 ], [ 151.580507118640782, -33.225642103056181 ], [ 151.580399829439983, -33.225640878656655 ], [ 151.580398372568425, -33.225731051391946 ] ], [ [ 151.580504205111168, -33.225822448533748 ], [ 151.580396915690358, -33.225821224125873 ], [ 151.58039545880581, -33.225911396858429 ], [ 151.580502748336613, -33.225912621270489 ], [ 151.580504205111168, -33.225822448533748 ] ], [ [ 151.580501291555606, -33.226002794005851 ], [ 151.58060858120291, -33.226004018329611 ], [ 151.580610037873925, -33.225913845590064 ], [ 151.580502748336613, -33.225912621270489 ], [ 151.580501291555606, -33.226002794005851 ] ], [ [ 151.57954206800062, -33.278662211257362 ], [ 151.579653803682618, -33.27839292229983 ], [ 151.579549371365033, -33.278211351577184 ], [ 151.579434714032374, -33.27866098430566 ], [ 151.579112652166714, -33.278657302894572 ], [ 151.579318594494993, -33.279200788782184 ], [ 151.57954206800062, -33.278662211257362 ] ], [ [ 151.579742976352918, -33.226445084660035 ], [ 151.579741518762802, -33.226535257357938 ], [ 151.57984880902481, -33.22653648235417 ], [ 151.57984589404515, -33.226716827754252 ], [ 151.58038671736216, -33.226452433225084 ], [ 151.580394001914755, -33.226001569589613 ], [ 151.579850266504877, -33.226446309652083 ], [ 151.579742976352918, -33.226445084660035 ] ], [ [ 151.57908565661802, -33.273696618361981 ], [ 151.579193004494243, -33.27369784545408 ], [ 151.57919446526347, -33.273607673462351 ], [ 151.579087117497522, -33.27360644637443 ], [ 151.57908565661802, -33.273696618361981 ] ], [ [ 151.579295970361159, -33.273969588433097 ], [ 151.579510666807806, -33.273972042179153 ], [ 151.579513587717088, -33.273791698177398 ], [ 151.579620935729622, -33.273792924903091 ], [ 151.579622396064252, -33.273702752895986 ], [ 151.579515048161966, -33.273701526174484 ], [ 151.579193004494243, -33.27369784545408 ], [ 151.579295970361159, -33.273969588433097 ] ], [ [ 151.579301813035926, -33.273608900457617 ], [ 151.57940916081489, -33.273610127360229 ], [ 151.579410621357056, -33.273519955358751 ], [ 151.579303273688367, -33.273518728460324 ], [ 151.579301813035926, -33.273608900457617 ] ], [ [ 151.579304734334272, -33.273428556461667 ], [ 151.579197386782397, -33.273427329474778 ], [ 151.579195926026188, -33.273517501469243 ], [ 151.579303273688367, -33.273518728460324 ], [ 151.579304734334272, -33.273428556461667 ] ], [ [ 151.578987074589293, -33.273154359256566 ], [ 151.578985613632057, -33.273244531246753 ], [ 151.579090039236974, -33.273426102395227 ], [ 151.579198847532069, -33.273337157478942 ], [ 151.579200308275261, -33.273246985481734 ], [ 151.578987074589293, -33.273154359256566 ] ], [ [ 151.580128419675106, -33.229155164918325 ], [ 151.580351749251065, -33.228616578200096 ], [ 151.580135706301604, -33.228704301529518 ], [ 151.580131334345197, -33.228974819566901 ], [ 151.580021126202837, -33.229153940078291 ], [ 151.580128419675106, -33.229155164918325 ] ], [ [ 151.579279146505485, -33.281635430017204 ], [ 151.579386504107532, -33.281636657199712 ], [ 151.579387965118457, -33.281546485315694 ], [ 151.579280607626742, -33.281545258137378 ], [ 151.579279146505485, -33.281635430017204 ] ], [ [ 151.579496783510763, -33.281457540511781 ], [ 151.57939088712078, -33.281366141543586 ], [ 151.579389426122873, -33.281456313430326 ], [ 151.579387965118457, -33.281546485315694 ], [ 151.579496783510763, -33.281457540511781 ] ], [ [ 151.579503364420702, -33.274422902159607 ], [ 151.579610713205199, -33.274424128914589 ], [ 151.579612173585332, -33.274333956917054 ], [ 151.57950482491114, -33.27433273016625 ], [ 151.579503364420702, -33.274422902159607 ] ], [ [ 151.579517969032253, -33.273521182164536 ], [ 151.57962531671393, -33.27352240887766 ], [ 151.579626777029063, -33.273432236866462 ], [ 151.579519429457633, -33.273431010157509 ], [ 151.579517969032253, -33.273521182164536 ] ], [ [ 151.579500443420358, -33.274603246142235 ], [ 151.579498982910422, -33.274693418131477 ], [ 151.579606332025747, -33.274694644899007 ], [ 151.579500443420358, -33.274603246142235 ] ], [ [ 151.580018211286699, -33.229334285415881 ], [ 151.580125504979065, -33.229335510264285 ], [ 151.580126962330326, -33.229245337591998 ], [ 151.580019668748008, -33.229244112747772 ], [ 151.580018211286699, -33.229334285415881 ] ], [ [ 151.575814412280096, -33.283399545870175 ], [ 151.575920307201983, -33.283490947823459 ], [ 151.576027666918833, -33.283492177967091 ], [ 151.576248243721608, -33.283133951033001 ], [ 151.576568857629951, -33.283227812051791 ], [ 151.576676217054967, -33.283229041626718 ], [ 151.576674753162166, -33.283319213380004 ], [ 151.576888008573746, -33.283411844020506 ], [ 151.577320373741941, -33.283236417129991 ], [ 151.577427733212602, -33.283237646056151 ], [ 151.577429196326591, -33.283147474272148 ], [ 151.577536555693399, -33.283148703101432 ], [ 151.577535092689743, -33.283238874889626 ], [ 151.577855708481167, -33.283332732633347 ], [ 151.577860096499137, -33.283062217231041 ], [ 151.578073352625296, -33.283154845857581 ], [ 151.578192410530193, -33.282434699574864 ], [ 151.578513024180609, -33.282528555574622 ], [ 151.578624768365557, -33.282259267920566 ], [ 151.578517410036852, -33.282258040059993 ], [ 151.578518871975916, -33.282167868219062 ], [ 151.578520333908472, -33.282077696376753 ], [ 151.578414437843264, -33.281986296592393 ], [ 151.57840858965875, -33.282346983942126 ], [ 151.578193872813216, -33.282344527749217 ], [ 151.578090901541316, -33.282072784041198 ], [ 151.577770290032646, -33.281978927002044 ], [ 151.577980618490955, -33.282251899366962 ], [ 151.577871797593815, -33.282340842764746 ], [ 151.577654155137566, -33.282518729253056 ], [ 151.577332079353909, -33.282515042853234 ], [ 151.577443827107942, -33.282245756356943 ], [ 151.577337932003502, -33.282154355682053 ], [ 151.577017321079467, -33.282060496714784 ], [ 151.576584961233976, -33.282235922721561 ], [ 151.576471746823046, -33.282595380131603 ], [ 151.576257029550192, -33.282592920577052 ], [ 151.57593788290913, -33.282408887079058 ], [ 151.575721701315757, -33.282496598342298 ], [ 151.575614342832068, -33.282495367966789 ], [ 151.575612877888176, -33.282585539689052 ], [ 151.575611412937775, -33.282675711409951 ], [ 151.575504054239957, -33.282674480933373 ], [ 151.575505519300691, -33.282584309216666 ], [ 151.575398160719686, -33.282583078651605 ], [ 151.575396695548648, -33.282673250364113 ], [ 151.575289336863875, -33.282672019702176 ], [ 151.575287871575966, -33.282762191409113 ], [ 151.575395230371043, -33.282763422075249 ], [ 151.575392299996338, -33.282943765493421 ], [ 151.575073154005366, -33.282759729798784 ], [ 151.575067291905839, -33.283120416579266 ], [ 151.575280545038538, -33.283213049923283 ], [ 151.575273218337941, -33.283663908403277 ], [ 151.575487938141208, -33.283666369726831 ], [ 151.575592367988747, -33.283847943657193 ], [ 151.575265891474203, -33.284114766849093 ], [ 151.575582112559403, -33.284479145540764 ], [ 151.575804158623782, -33.284030747860356 ], [ 151.575812947491642, -33.283489717587166 ], [ 151.575814412280096, -33.283399545870175 ] ], [ [ 151.577873260201329, -33.282250670950312 ], [ 151.577765901918212, -33.282249442440992 ], [ 151.577764439200365, -33.282339614251242 ], [ 151.577871797593815, -33.282340842764746 ], [ 151.577873260201329, -33.282250670950312 ] ], [ [ 151.577660006463276, -33.282158042031561 ], [ 151.577658543641604, -33.282248213838983 ], [ 151.577765901918212, -33.282249442440992 ], [ 151.577660006463276, -33.282158042031561 ] ], [ [ 151.578093826269452, -33.281892440385988 ], [ 151.578095288623757, -33.281802268556334 ], [ 151.577879110566244, -33.281889983678894 ], [ 151.578093826269452, -33.281892440385988 ] ], [ [ 151.578308541998751, -33.281894896722363 ], [ 151.578418823913296, -33.281715781065728 ], [ 151.578526181573579, -33.281717008993837 ], [ 151.578527643473592, -33.281626837144699 ], [ 151.578420285923613, -33.281625609220768 ], [ 151.578642309880735, -33.281177205688785 ], [ 151.578640848123626, -33.28126737754895 ], [ 151.578748205245319, -33.281268605270768 ], [ 151.578749666892122, -33.281178433406403 ], [ 151.579176172585164, -33.281363687111018 ], [ 151.579174711366591, -33.281453858989387 ], [ 151.579282068741492, -33.281455086256187 ], [ 151.579283529849732, -33.281364914373633 ], [ 151.579180556201777, -33.281093171467703 ], [ 151.578540800280535, -33.280815290440884 ], [ 151.578323163042313, -33.280993178280525 ], [ 151.578215806277598, -33.280991950200566 ], [ 151.577990855788954, -33.281620696598281 ], [ 151.578204108612283, -33.281713324931459 ], [ 151.578095288623757, -33.281802268556334 ], [ 151.578308541998751, -33.281894896722363 ] ], [ [ 151.579520054344641, -33.253499285172992 ], [ 151.579518595025661, -33.253589457469467 ], [ 151.579625918328873, -33.253590683535613 ], [ 151.579627377537662, -33.253500511234961 ], [ 151.579520054344641, -33.253499285172992 ] ], [ [ 151.579049817544131, -33.282534694013478 ], [ 151.579158637533027, -33.282445749561248 ], [ 151.579160098823138, -33.282355577697906 ], [ 151.578945381886484, -33.282353122802512 ], [ 151.579049817544131, -33.282534694013478 ] ], [ [ 151.579963386078731, -33.226086843712906 ], [ 151.579856096360317, -33.226085618830069 ], [ 151.579854638906198, -33.226175791537621 ], [ 151.579963386078731, -33.226086843712906 ] ], [ [ 151.579060047256263, -33.281903490980312 ], [ 151.578954150814525, -33.281812091644042 ], [ 151.578845331435843, -33.281901035941438 ], [ 151.579060047256263, -33.281903490980312 ] ], [ [ 151.579707992398085, -33.228609229032884 ], [ 151.579815285190676, -33.228610454125317 ], [ 151.579816742820128, -33.228520281454628 ], [ 151.579709450137557, -33.228519056366373 ], [ 151.579707992398085, -33.228609229032884 ] ], [ [ 151.578982691698087, -33.27342487522305 ], [ 151.578875344165709, -33.273423647958211 ], [ 151.578765074238703, -33.273602764554795 ], [ 151.578979769738055, -33.273605219193868 ], [ 151.578982691698087, -33.27342487522305 ] ], [ [ 151.579184947725395, -33.254307156937671 ], [ 151.579183488017406, -33.25439732920929 ], [ 151.579290812292612, -33.254398555590853 ], [ 151.579292271890409, -33.254308383315042 ], [ 151.579184947725395, -33.254307156937671 ] ], [ [ 151.578789128895124, -33.278743792552099 ], [ 151.578790590359631, -33.278653620649465 ], [ 151.578575882520795, -33.278651165356074 ], [ 151.57857442083565, -33.278741337250331 ], [ 151.578789128895124, -33.278743792552099 ] ], [ [ 151.579529853872089, -33.226352461707563 ], [ 151.579637143901067, -33.226353686880408 ], [ 151.579638601588215, -33.226263514183941 ], [ 151.579531311669257, -33.226262289015281 ], [ 151.579529853872089, -33.226352461707563 ] ], [ [ 151.579487574929317, -33.228967469189406 ], [ 151.579486116937318, -33.229057641840704 ], [ 151.579593410267108, -33.229058867139038 ], [ 151.579594868149087, -33.228968694483555 ], [ 151.579487574929317, -33.228967469189406 ] ], [ [ 151.579071784255234, -33.25466661952926 ], [ 151.579179108854447, -33.254667846015963 ], [ 151.579180568581961, -33.254577673748443 ], [ 151.57907324409291, -33.254576447265933 ], [ 151.579071784255234, -33.25466661952926 ] ], [ [ 151.579158403633613, -33.229414655932096 ], [ 151.579368616717943, -33.229687624941455 ], [ 151.57959049448371, -33.229239212445904 ], [ 151.579268613853657, -33.229235536248339 ], [ 151.579158403633613, -33.229414655932096 ] ], [ [ 151.578459757740831, -33.279190968890255 ], [ 151.578565650588104, -33.27928236858714 ], [ 151.578675928497688, -33.279103252527648 ], [ 151.578568574029987, -33.279102024813668 ], [ 151.578459757740831, -33.279190968890255 ] ], [ [ 151.57921090007207, -33.226168440273334 ], [ 151.579318189861539, -33.226169665715254 ], [ 151.579319647865759, -33.226079493028621 ], [ 151.579212358186311, -33.226078267590879 ], [ 151.57921090007207, -33.226168440273334 ] ], [ [ 151.579091944261307, -33.226888596115913 ], [ 151.579200693090598, -33.226799649012264 ], [ 151.579093402537524, -33.226798423448571 ], [ 151.579091944261307, -33.226888596115913 ] ], [ [ 151.576202384935954, -33.279345507042564 ], [ 151.576200920771953, -33.279435678833657 ], [ 151.576305347410596, -33.27961725218961 ], [ 151.576090637444736, -33.279614792541231 ], [ 151.576190671441424, -33.28006688133307 ], [ 151.576412702403303, -33.279618481874792 ], [ 151.57748186408989, -33.279901289137605 ], [ 151.577589219485219, -33.279902517815991 ], [ 151.577702425457005, -33.279543059021634 ], [ 151.577493566890496, -33.279179914422656 ], [ 151.577059759079106, -33.27944551439461 ], [ 151.57695825779615, -33.279083597983799 ], [ 151.576745012662116, -33.278990967680258 ], [ 151.576637658421987, -33.278989738302442 ], [ 151.576530304188395, -33.278988508831951 ], [ 151.576202384935954, -33.279345507042564 ] ], [ [ 151.577477475432147, -33.280171804633156 ], [ 151.577692186891198, -33.280174261922397 ], [ 151.577802467746977, -33.279995146740532 ], [ 151.577589219485219, -33.279902517815991 ], [ 151.577477475432147, -33.280171804633156 ] ], [ [ 151.577367193687365, -33.280350919498005 ], [ 151.577687798836706, -33.280444777430795 ], [ 151.577690724212886, -33.280264433759882 ], [ 151.577477475432147, -33.280171804633156 ], [ 151.577367193687365, -33.280350919498005 ] ], [ [ 151.577365730665093, -33.280441091320192 ], [ 151.57725544833616, -33.280620206063205 ], [ 151.577578979964812, -33.280533720649132 ], [ 151.577365730665093, -33.280441091320192 ] ], [ [ 151.577468697940759, -33.280712835587337 ], [ 151.577577517150132, -33.280623892476967 ], [ 151.577470160872281, -33.280622663765051 ], [ 151.577468697940759, -33.280712835587337 ] ], [ [ 151.577445290150223, -33.282155584557913 ], [ 151.577552648303481, -33.282156813341075 ], [ 151.577446753186024, -33.28206541275749 ], [ 151.577445290150223, -33.282155584557913 ] ], [ [ 151.577448216215288, -33.281975240955717 ], [ 151.577340858289176, -33.281974012088241 ], [ 151.577339395149579, -33.282064183885836 ], [ 151.577446753186024, -33.28206541275749 ], [ 151.577448216215288, -33.281975240955717 ] ], [ [ 151.577249595688443, -33.280980893310591 ], [ 151.577356952394524, -33.280982122224628 ], [ 151.577361341559111, -33.280711606778567 ], [ 151.577143702270916, -33.280889492498275 ], [ 151.577249595688443, -33.280980893310591 ] ], [ [ 151.577031955491663, -33.28115877880321 ], [ 151.577139312405308, -33.281160007910977 ], [ 151.577140775700371, -33.281069836108117 ], [ 151.577033418897031, -33.281068607004542 ], [ 151.577031955491663, -33.28115877880321 ] ], [ [ 151.576979268557125, -33.284404962645027 ], [ 151.577086629442562, -33.284406191903742 ], [ 151.577088092972247, -33.284316020150087 ], [ 151.576980732197171, -33.284314790895564 ], [ 151.576979268557125, -33.284404962645027 ] ], [ [ 151.576808459790954, -33.281697351022672 ], [ 151.576915817353495, -33.281698580340951 ], [ 151.576917280908276, -33.281608408554682 ], [ 151.576918744456577, -33.281518236767027 ], [ 151.576811387114674, -33.28151700745714 ], [ 151.576809923456068, -33.281607179240588 ], [ 151.576808459790954, -33.281697351022672 ] ], [ [ 151.576853830378298, -33.278902025142301 ], [ 151.576961184521167, -33.278903254330579 ], [ 151.57696264787387, -33.278813082501912 ], [ 151.576855293841334, -33.278811853317833 ], [ 151.576853830378298, -33.278902025142301 ] ], [ [ 151.577416881668341, -33.230927967290128 ], [ 151.577524177185438, -33.230929194433799 ], [ 151.577525637294599, -33.230839021886553 ], [ 151.577418341887579, -33.23083779474706 ], [ 151.577416881668341, -33.230927967290128 ] ], [ [ 151.577309586157725, -33.230926740053953 ], [ 151.577306665479654, -33.231107085127633 ], [ 151.57741396121034, -33.231108312372186 ], [ 151.577416881668341, -33.230927967290128 ], [ 151.577309586157725, -33.230926740053953 ] ], [ [ 151.576080387250698, -33.280245994992114 ], [ 151.576187743002549, -33.280247224892015 ], [ 151.576189207225241, -33.280157053113214 ], [ 151.576081851583695, -33.28015582321752 ], [ 151.576080387250698, -33.280245994992114 ] ], [ [ 151.576636592073299, -33.232722824682348 ], [ 151.576743889745842, -33.232724052557352 ], [ 151.576748272755253, -33.232453535081426 ], [ 151.576639514306208, -33.232542479708144 ], [ 151.576636592073299, -33.232722824682348 ] ], [ [ 151.576529294407294, -33.232721596714832 ], [ 151.576526371928225, -33.232901941675195 ], [ 151.576633669814356, -33.232903169651088 ], [ 151.576636592073299, -33.232722824682348 ], [ 151.576529294407294, -33.232721596714832 ] ], [ [ 151.576857030984229, -33.232364590352446 ], [ 151.576645358693895, -33.232181789743343 ], [ 151.576642436513083, -33.232362134728469 ], [ 151.576748272755253, -33.232453535081426 ], [ 151.576857030984229, -33.232364590352446 ] ], [ [ 151.575911073895696, -33.27744820952622 ], [ 151.576018426215086, -33.27744943948138 ], [ 151.576019890456195, -33.277359267668594 ], [ 151.575912538247138, -33.277358037717633 ], [ 151.575911073895696, -33.27744820952622 ] ], [ [ 151.57587153394195, -33.279882847841293 ], [ 151.575656823366415, -33.279880387426381 ], [ 151.575762714006572, -33.279971789446279 ], [ 151.575225937097713, -33.279965637229616 ], [ 151.575328897170465, -33.280237383098054 ], [ 151.575112720445389, -33.280325093458295 ], [ 151.574684763070479, -33.280229997860346 ], [ 151.574142119493615, -33.280584527729538 ], [ 151.573928873927343, -33.280491892596771 ], [ 151.573606806109808, -33.280488196742915 ], [ 151.574139186784549, -33.280764871112538 ], [ 151.575428927804438, -33.280689472373233 ], [ 151.575974495948714, -33.280154593229156 ], [ 151.57587153394195, -33.279882847841293 ] ], [ [ 151.576543906411956, -33.231819871831092 ], [ 151.576651202977473, -33.231821099756679 ], [ 151.576652664032082, -33.231730927256606 ], [ 151.576545367576642, -33.231729699335197 ], [ 151.576543906411956, -33.231819871831092 ] ], [ [ 151.576414689951065, -33.233171231024492 ], [ 151.576521988160863, -33.233172459105475 ], [ 151.576523449423149, -33.233082286630079 ], [ 151.576416151323428, -33.233081058553289 ], [ 151.576414689951065, -33.233171231024492 ] ], [ [ 151.576314699094752, -33.23271914050229 ], [ 151.576421996747769, -33.232720368654817 ], [ 151.576423458087589, -33.232630196176785 ], [ 151.57631616054465, -33.232628968028443 ], [ 151.576314699094752, -33.23271914050229 ] ], [ [ 151.575471821252933, -33.284658258354852 ], [ 151.57558064747198, -33.284569317232958 ], [ 151.575473286457225, -33.284568086668223 ], [ 151.575471821252933, -33.284658258354852 ] ], [ [ 151.57533406290699, -33.293134390791785 ], [ 151.575332597082593, -33.293224562348499 ], [ 151.575439968691825, -33.293225793316232 ], [ 151.575441434405832, -33.293135621755312 ], [ 151.57533406290699, -33.293134390791785 ] ], [ [ 151.575234410073222, -33.233157716028217 ], [ 151.575341708211369, -33.233158945126782 ], [ 151.575343170684278, -33.233068772697507 ], [ 151.575235872656179, -33.233067543603148 ], [ 151.575234410073222, -33.233157716028217 ] ], [ [ 151.575873813192828, -33.233435606574503 ], [ 151.576417612689283, -33.232990886080721 ], [ 151.575667989073594, -33.232892114537776 ], [ 151.575343170684278, -33.233068772697507 ], [ 151.575873813192828, -33.233435606574503 ] ], [ [ 151.570693541428682, -33.287940366159809 ], [ 151.571020046100102, -33.287673555895672 ], [ 151.571024455932331, -33.287403041488332 ], [ 151.570594998886804, -33.287398102562825 ], [ 151.570590587730379, -33.287668616919625 ], [ 151.570483223154326, -33.287667381943869 ], [ 151.570492046070342, -33.287126353243224 ], [ 151.570049352044947, -33.287932955395164 ], [ 151.570147891669819, -33.288475219305298 ], [ 151.57026408181332, -33.287935426020844 ], [ 151.570693541428682, -33.287940366159809 ] ], [ [ 151.571036215196813, -33.286681669675247 ], [ 151.571252411651216, -33.286593967023251 ], [ 151.571368592096832, -33.28605417229835 ], [ 151.570822958525838, -33.28658902899091 ], [ 151.570492046070342, -33.287126353243224 ], [ 151.571036215196813, -33.286681669675247 ] ], [ [ 151.57169214921376, -33.285967702977835 ], [ 151.571803918907136, -33.285698422280248 ], [ 151.571587725211316, -33.285786125978106 ], [ 151.571368592096832, -33.28605417229835 ], [ 151.57169214921376, -33.285967702977835 ] ], [ [ 151.572131880381221, -33.285341437146663 ], [ 151.57288488106002, -33.285259897956585 ], [ 151.572565732328883, -33.285075855803306 ], [ 151.57267603003416, -33.284896745753386 ], [ 151.572131880381221, -33.285341437146663 ] ], [ [ 151.572781923331604, -33.284988150320913 ], [ 151.572784859302715, -33.284807807167326 ], [ 151.57267603003416, -33.284896745753386 ], [ 151.572781923331604, -33.284988150320913 ] ], [ [ 151.572892220485187, -33.284809040061859 ], [ 151.573109878152707, -33.284631162388557 ], [ 151.573859938293992, -33.284729960320718 ], [ 151.573003984919865, -33.284539758097822 ], [ 151.572784859302715, -33.284807807167326 ], [ 151.572892220485187, -33.284809040061859 ] ], [ [ 151.573640814739804, -33.28499801094911 ], [ 151.573958498761129, -33.285272222014164 ], [ 151.57438794602453, -33.285277149041889 ], [ 151.574385013298212, -33.285457492307891 ], [ 151.575249771799548, -33.285106655309541 ], [ 151.575358598810567, -33.285017714409257 ], [ 151.575470356042104, -33.284748430040104 ], [ 151.574718827576817, -33.284739813432978 ], [ 151.574496774099742, -33.285188208927828 ], [ 151.574282050662589, -33.285185745793122 ], [ 151.574068793929428, -33.285093110663851 ], [ 151.573855537657209, -33.285000475179274 ], [ 151.574073193923766, -33.284822595784199 ], [ 151.5741834882609, -33.28464348429813 ], [ 151.574184954789217, -33.284553312661892 ], [ 151.574077593859357, -33.284552080892233 ], [ 151.574076127220678, -33.284642252524264 ], [ 151.573859938293992, -33.284729960320718 ], [ 151.573640814739804, -33.28499801094911 ] ], [ [ 151.57397316641439, -33.284370505770141 ], [ 151.573864338871971, -33.284459445449869 ], [ 151.573862872019191, -33.284549617074845 ], [ 151.574077593859357, -33.284552080892233 ], [ 151.57397316641439, -33.284370505770141 ] ], [ [ 151.575233263012024, -33.279514778490324 ], [ 151.57522886748302, -33.279785293737994 ], [ 151.575336222631108, -33.279786524358279 ], [ 151.575339152769715, -33.279606180852809 ], [ 151.575233263012024, -33.279514778490324 ] ], [ [ 151.575146421437751, -33.278251143196897 ], [ 151.575253774704123, -33.27825237383847 ], [ 151.575255239776055, -33.278162202067378 ], [ 151.575147886619988, -33.27816097142999 ], [ 151.575146421437751, -33.278251143196897 ] ], [ [ 151.575006830091127, -33.280233690896232 ], [ 151.575114185777693, -33.280234921722837 ], [ 151.575115651103488, -33.280144749986015 ], [ 151.575008295527198, -33.280143519163602 ], [ 151.575006830091127, -33.280233690896232 ] ], [ [ 151.574589474207357, -33.286091156729185 ], [ 151.57448357767737, -33.285999753631899 ], [ 151.57448064506724, -33.286180096884436 ], [ 151.574589474207357, -33.286091156729185 ] ], [ [ 151.57439527772604, -33.284826290852934 ], [ 151.574502639006539, -33.284827522357133 ], [ 151.574396744046766, -33.284736119211047 ], [ 151.57439527772604, -33.284826290852934 ] ], [ [ 151.57426591920256, -33.286177633657324 ], [ 151.574373282131631, -33.286178865317218 ], [ 151.574267385731616, -33.286087462040143 ], [ 151.57426591920256, -33.286177633657324 ] ], [ [ 151.573945297314651, -33.28608376651686 ], [ 151.574052660113779, -33.286084998450654 ], [ 151.574054126856936, -33.285994826840493 ], [ 151.57394676416817, -33.28599359491092 ], [ 151.573945297314651, -33.28608376651686 ] ], [ [ 151.573848203131888, -33.28545133324949 ], [ 151.573740841118223, -33.285450101159739 ], [ 151.573629077655454, -33.285719383777824 ], [ 151.573951164689532, -33.285723080084892 ], [ 151.573848203131888, -33.28545133324949 ] ], [ [ 151.573728829542944, -33.27958771194421 ], [ 151.573836184379047, -33.279588943853469 ], [ 151.573837650982824, -33.279498772157496 ], [ 151.573730296257082, -33.279497540252429 ], [ 151.573728829542944, -33.27958771194421 ] ], [ [ 151.573634675898063, -33.278774934704806 ], [ 151.573742029734859, -33.278776166668905 ], [ 151.573743496390165, -33.278685994964825 ], [ 151.573636142663702, -33.278684763004918 ], [ 151.573634675898063, -33.278774934704806 ] ], [ [ 151.573396495575651, -33.280215217376352 ], [ 151.573395028478359, -33.280305389044607 ], [ 151.573502384177317, -33.280306621265495 ], [ 151.573396495575651, -33.280215217376352 ] ], [ [ 151.573500917183765, -33.280396792936578 ], [ 151.573608272999564, -33.280398025069005 ], [ 151.573502384177317, -33.280306621265495 ], [ 151.573500917183765, -33.280396792936578 ] ], [ [ 151.573292074389229, -33.280033641734825 ], [ 151.573189120909689, -33.279761894345292 ], [ 151.572974410881244, -33.279759429305251 ], [ 151.572971475862943, -33.279939772620395 ], [ 151.573290607194679, -33.280123813401602 ], [ 151.573397962666462, -33.280125045706761 ], [ 151.573399429750708, -33.280034874035785 ], [ 151.573292074389229, -33.280033641734825 ] ], [ [ 151.573305523184246, -33.285805858221352 ], [ 151.573412885613152, -33.285807090698682 ], [ 151.573414352998782, -33.285716919109639 ], [ 151.573306990680209, -33.285715686636522 ], [ 151.573305523184246, -33.285805858221352 ] ], [ [ 151.574121907130291, -33.235580073781691 ], [ 151.574229208174955, -33.235581303918707 ], [ 151.574230671924454, -33.235491131568303 ], [ 151.574123370989867, -33.2354899014355 ], [ 151.574121907130291, -33.235580073781691 ] ], [ [ 151.573087862893175, -33.285983736137354 ], [ 151.573195225529673, -33.285984968808471 ], [ 151.573196693149072, -33.285894797230583 ], [ 151.573089330622906, -33.285893564563672 ], [ 151.573087862893175, -33.285983736137354 ] ], [ [ 151.573068559096725, -33.280572206784555 ], [ 151.573067091642343, -33.280662378434705 ], [ 151.573174447762938, -33.280663610950441 ], [ 151.573175915107015, -33.28057343929607 ], [ 151.573068559096725, -33.280572206784555 ] ], [ [ 151.57298321577926, -33.279218399326986 ], [ 151.573090570128358, -33.279219631868109 ], [ 151.573092037478204, -33.279129460196081 ], [ 151.572984683239383, -33.27912822765915 ], [ 151.57298321577926, -33.279218399326986 ] ], [ [ 151.57286579778966, -33.286432128322879 ], [ 151.572973160964807, -33.286433361200416 ], [ 151.572974628837557, -33.286343189637762 ], [ 151.572867265772771, -33.286341956764446 ], [ 151.57286579778966, -33.286432128322879 ] ], [ [ 151.571315685674648, -33.289300345567312 ], [ 151.57099064571284, -33.289476984963379 ], [ 151.57078179327047, -33.289113829756211 ], [ 151.570783263546559, -33.289023658318769 ], [ 151.570568531064168, -33.289021188518994 ], [ 151.570567060567356, -33.289111359948009 ], [ 151.570350857166318, -33.289199061188214 ], [ 151.570343503447674, -33.289649918263812 ], [ 151.570024344664176, -33.289465869423324 ], [ 151.569912564318912, -33.289735148086379 ], [ 151.570664134027083, -33.289743794892757 ], [ 151.570552355239016, -33.290013074162928 ], [ 151.57065825223242, -33.290104480573696 ], [ 151.570328795519089, -33.290551632312393 ], [ 151.570862695528916, -33.290738150237082 ], [ 151.57096859370364, -33.290829556405107 ], [ 151.570970063883436, -33.29073938498523 ], [ 151.571081842413406, -33.290470105360207 ], [ 151.571193620228826, -33.290200825604906 ], [ 151.571196560048691, -33.290020482727805 ], [ 151.570878868288361, -33.289746264574518 ], [ 151.571096542551004, -33.289568391003101 ], [ 151.571309806659656, -33.28966103137666 ], [ 151.571315685674648, -33.289300345567312 ] ], [ [ 151.571286289552177, -33.291103774395246 ], [ 151.571061261120803, -33.291732505230385 ], [ 151.571701070251748, -33.29201042579281 ], [ 151.572015834223663, -33.292464984911341 ], [ 151.572571778742571, -33.291298923959985 ], [ 151.572786516991954, -33.29130139044738 ], [ 151.57290416357003, -33.290671423101756 ], [ 151.572910036251045, -33.290310737100121 ], [ 151.572698237159443, -33.290127927898475 ], [ 151.572592337944769, -33.29003652316915 ], [ 151.572379071497949, -33.289943884941813 ], [ 151.572174618776671, -33.289310217451245 ], [ 151.571954009095577, -33.289668435946858 ], [ 151.572693832035526, -33.290398442384728 ], [ 151.572686490031515, -33.290849299834463 ], [ 151.572368790557789, -33.290575085321407 ], [ 151.572259953496655, -33.290664023260007 ], [ 151.572152585174024, -33.29066278962857 ], [ 151.572151116214854, -33.290752961096111 ], [ 151.572149647249091, -33.290843132562294 ], [ 151.57182460304486, -33.29101977398949 ], [ 151.571718703727186, -33.290928368523765 ], [ 151.571395128132281, -33.291014837356791 ], [ 151.57096859370364, -33.290829556405107 ], [ 151.571286289552177, -33.291103774395246 ] ], [ [ 151.572176087631163, -33.289220045961812 ], [ 151.571852518814353, -33.289306516190045 ], [ 151.572174618776671, -33.289310217451245 ], [ 151.572176087631163, -33.289220045961812 ] ], [ [ 151.571300987940759, -33.290202060049666 ], [ 151.571299518131354, -33.290292231490383 ], [ 151.571406885960187, -33.290293465846645 ], [ 151.57140835565923, -33.290203294401721 ], [ 151.571300987940759, -33.290202060049666 ] ], [ [ 151.571192150309059, -33.290290997041403 ], [ 151.571190680382728, -33.290381168476543 ], [ 151.571298048315413, -33.290382402929723 ], [ 151.571299518131354, -33.290292231490383 ], [ 151.571192150309059, -33.290290997041403 ] ], [ [ 151.571296578492934, -33.290472574367691 ], [ 151.571403946542489, -33.290473808732386 ], [ 151.571405416254606, -33.290383637290198 ], [ 151.571298048315413, -33.290382402929723 ], [ 151.571296578492934, -33.290472574367691 ] ], [ [ 151.570227311116128, -33.290189711430259 ], [ 151.570334678769115, -33.290190946709373 ], [ 151.570336149565236, -33.290100775305213 ], [ 151.57022878202261, -33.290099540030305 ], [ 151.570227311116128, -33.290189711430259 ] ], [ [ 151.570337620354849, -33.29001060389966 ], [ 151.57044498779365, -33.29001183907765 ], [ 151.570446458466307, -33.289921667666519 ], [ 151.570339091137896, -33.28992043249275 ], [ 151.570337620354849, -33.29001060389966 ] ], [ [ 151.572767039413407, -33.279306105624769 ], [ 151.572877329007127, -33.279126995029564 ], [ 151.572880264128401, -33.278946651698206 ], [ 151.572450848147156, -33.278941720286802 ], [ 151.572456720076076, -33.278581033674982 ], [ 151.57213465948243, -33.278577334193905 ], [ 151.571372901327294, -33.27919990008985 ], [ 151.572128786229854, -33.278938020755241 ], [ 151.572767039413407, -33.279306105624769 ] ], [ [ 151.572765571719572, -33.279396277281464 ], [ 151.572868523486477, -33.279668024990805 ], [ 151.573084700663713, -33.279580318542585 ], [ 151.572978813359668, -33.279488914322279 ], [ 151.572765571719572, -33.279396277281464 ] ], [ [ 151.572662816906245, -33.285708289851264 ], [ 151.572877541471399, -33.285710755817121 ], [ 151.572773115261299, -33.285529179748849 ], [ 151.572662816906245, -33.285708289851264 ] ], [ [ 151.57232440824265, -33.280112718484915 ], [ 151.572431763655601, -33.280113951624124 ], [ 151.572433231732646, -33.280023779990998 ], [ 151.57232587643, -33.280022546855996 ], [ 151.57232440824265, -33.280112718484915 ] ], [ [ 151.572214116221261, -33.280291828498363 ], [ 151.572322940048736, -33.28020289011247 ], [ 151.572109697436332, -33.280110251928491 ], [ 151.572106760600775, -33.280290595165404 ], [ 151.572214116221261, -33.280291828498363 ] ], [ [ 151.572002485987099, -33.286692776531808 ], [ 151.572218681566142, -33.286605072173415 ], [ 151.572118661993699, -33.286152980993691 ], [ 151.571903936416646, -33.286150513688085 ], [ 151.572002485987099, -33.286692776531808 ] ], [ [ 151.572005279073039, -33.279928675277297 ], [ 151.572112634245741, -33.279929908686107 ], [ 151.572114102640654, -33.279839737062872 ], [ 151.572006747578229, -33.279838503658276 ], [ 151.572005279073039, -33.279928675277297 ] ], [ [ 151.572221457709588, -33.279840970374806 ], [ 151.572219989425037, -33.279931142002241 ], [ 151.572327344610812, -33.279932375225705 ], [ 151.572328812785088, -33.279842203594058 ], [ 151.572221457709588, -33.279840970374806 ] ], [ [ 151.57225963081342, -33.277496507581155 ], [ 151.572366983021027, -33.277497740691025 ], [ 151.572368451018747, -33.277407569022451 ], [ 151.572261098921416, -33.277406335916787 ], [ 151.57225963081342, -33.277496507581155 ] ], [ [ 151.571992203605504, -33.287323977138236 ], [ 151.571990734667679, -33.287414148647969 ], [ 151.572098099004307, -33.287415382313341 ], [ 151.572099567831799, -33.287325210799402 ], [ 151.571992203605504, -33.287323977138236 ] ], [ [ 151.57188777746245, -33.287142400369227 ], [ 151.571886308427366, -33.287232571877496 ], [ 151.571993672536763, -33.287233805627146 ], [ 151.571995141461514, -33.287143634114663 ], [ 151.57188777746245, -33.287142400369227 ] ], [ [ 151.571751029317824, -33.288944596352309 ], [ 151.571749560041525, -33.289034767829008 ], [ 151.571856926351472, -33.289036001755512 ], [ 151.571858395517438, -33.288945830274614 ], [ 151.571751029317824, -33.288944596352309 ] ], [ [ 151.57185545717897, -33.289126173235054 ], [ 151.571962823605816, -33.289127407073082 ], [ 151.571964292667957, -33.28903723558934 ], [ 151.571856926351472, -33.289036001755512 ], [ 151.57185545717897, -33.289126173235054 ] ], [ [ 151.571668641696988, -33.287410447095695 ], [ 151.571667172421542, -33.287500618591437 ], [ 151.57177453684892, -33.287501852539108 ], [ 151.571881901282836, -33.287503086394068 ], [ 151.571883370337559, -33.28741291488992 ], [ 151.571776006014005, -33.287411681039153 ], [ 151.571668641696988, -33.287410447095695 ] ], [ [ 151.571745152173321, -33.289305282250908 ], [ 151.571746621469259, -33.289215110778294 ], [ 151.571637785538826, -33.289304048219066 ], [ 151.571745152173321, -33.289305282250908 ] ], [ [ 151.571549522117095, -33.288130584953507 ], [ 151.571656887310382, -33.288131819023349 ], [ 151.571658356631616, -33.28804164753717 ], [ 151.571550991548662, -33.288040413471549 ], [ 151.571549522117095, -33.288130584953507 ] ], [ [ 151.571423052289504, -33.289301579877268 ], [ 151.571421582655944, -33.289391751335863 ], [ 151.57152894938767, -33.289392985557328 ], [ 151.571423052289504, -33.289301579877268 ] ], [ [ 151.571331852425914, -33.288308459478735 ], [ 151.571439217826821, -33.288309693742384 ], [ 151.571548052678935, -33.2882207564341 ], [ 151.571333322091306, -33.288218288007933 ], [ 151.571331852425914, -33.288308459478735 ] ], [ [ 151.571486131556696, -33.278840447577075 ], [ 151.571484662571919, -33.278930619190099 ], [ 151.571592016498528, -33.278931853015962 ], [ 151.571593485373, -33.278841681398724 ], [ 151.571486131556696, -33.278840447577075 ] ], [ [ 151.571303927539901, -33.29002171716413 ], [ 151.57141129503762, -33.290022951507765 ], [ 151.571412764717053, -33.289932780058749 ], [ 151.571305397329667, -33.289931545719313 ], [ 151.571303927539901, -33.29002171716413 ] ], [ [ 151.572099313622061, -33.23456478859552 ], [ 151.572097847736501, -33.234654960875531 ], [ 151.572205147556502, -33.234656192728281 ], [ 151.572206613332014, -33.234566020444063 ], [ 151.572099313622061, -33.23456478859552 ] ], [ [ 151.571740757177963, -33.236815398769885 ], [ 151.571956828221005, -33.236727690896821 ], [ 151.571962692765169, -33.236367001911091 ], [ 151.571740757177963, -33.236815398769885 ] ], [ [ 151.570849419193507, -33.284965942218399 ], [ 151.570956780478895, -33.284967176789714 ], [ 151.570958250343466, -33.284877005285153 ], [ 151.570850889168412, -33.284875770718038 ], [ 151.570849419193507, -33.284965942218399 ] ], [ [ 151.570677367681981, -33.288932252030634 ], [ 151.570784733816112, -33.288933486879962 ], [ 151.570786204079099, -33.288843315439792 ], [ 151.570678838055329, -33.288842080594677 ], [ 151.570677367681981, -33.288932252030634 ] ], [ [ 151.571414449743514, -33.23708221817882 ], [ 151.571518819252077, -33.237263795140301 ], [ 151.571630521757612, -33.236994510902832 ], [ 151.571523219108457, -33.236993278478153 ], [ 151.571414449743514, -33.23708221817882 ] ], [ [ 151.570415562829453, -33.28523151744853 ], [ 151.570414092387011, -33.285321688926565 ], [ 151.570521454087555, -33.285322923885495 ], [ 151.570522924419663, -33.285232752403253 ], [ 151.570415562829453, -33.28523151744853 ] ], [ [ 151.570634696642401, -33.284963472797685 ], [ 151.570527335376653, -33.284962237948299 ], [ 151.570522924419663, -33.285232752403253 ], [ 151.570634696642401, -33.284963472797685 ] ], [ [ 151.570970566812122, -33.237979009103306 ], [ 151.571079337757368, -33.237890069845285 ], [ 151.571080804868785, -33.23779989765233 ], [ 151.570973501261591, -33.237798664727158 ], [ 151.570970566812122, -33.237979009103306 ] ], [ [ 151.571077870639471, -33.23798024203689 ], [ 151.571185174473328, -33.237981474877948 ], [ 151.571186641481177, -33.237891302682151 ], [ 151.571079337757368, -33.237890069845285 ], [ 151.571077870639471, -33.23798024203689 ] ], [ [ 151.571407116033782, -33.237533079247733 ], [ 151.571411516279227, -33.237262562610482 ], [ 151.571304213312914, -33.237261329988129 ], [ 151.571080804868785, -33.23779989765233 ], [ 151.571407116033782, -33.237533079247733 ] ], [ [ 151.567952294902, -33.278258650604236 ], [ 151.568059647840357, -33.27825988745856 ], [ 151.568061120308926, -33.278169715970805 ], [ 151.567953767480873, -33.278168479120708 ], [ 151.567952294902, -33.278258650604236 ] ], [ [ 151.568058175365252, -33.278350058944959 ], [ 151.568165528420451, -33.278351295710827 ], [ 151.56816700078528, -33.278261124220222 ], [ 151.568059647840357, -33.27825988745856 ], [ 151.568058175365252, -33.278350058944959 ] ], [ [ 151.568164056049056, -33.278441467200068 ], [ 151.568593468776697, -33.278446413353812 ], [ 151.568591996839956, -33.278536584858557 ], [ 151.568699350148535, -33.278537821169543 ], [ 151.568700821975, -33.278447649660585 ], [ 151.568808175179839, -33.278448885874703 ], [ 151.568803760011775, -33.278719400410118 ], [ 151.56826699239852, -33.278713218349651 ], [ 151.568264047817337, -33.27889356132426 ], [ 151.569233174220358, -33.278724344390511 ], [ 151.569336114216355, -33.278996094740307 ], [ 151.569871413159404, -33.279092443777813 ], [ 151.56998170828615, -33.278913335898061 ], [ 151.570515537551984, -33.279099853733541 ], [ 151.570630240976328, -33.278650230505072 ], [ 151.56956994422211, -33.277826335941739 ], [ 151.569461120735014, -33.27791527195383 ], [ 151.569462591743502, -33.277825100405785 ], [ 151.569355239271403, -33.277823864777176 ], [ 151.568922886322156, -33.277999264388654 ], [ 151.568815533662217, -33.277998028288302 ], [ 151.568490531686734, -33.278174662444599 ], [ 151.568712596350537, -33.277726277539692 ], [ 151.568165528420451, -33.278351295710827 ], [ 151.568164056049056, -33.278441467200068 ] ], [ [ 151.568817005339014, -33.277907856766923 ], [ 151.568709652795974, -33.277906620578115 ], [ 151.568708181008873, -33.277996792095273 ], [ 151.568815533662217, -33.277998028288302 ], [ 151.568817005339014, -33.277907856766923 ] ], [ [ 151.57050965752407, -33.279460540009488 ], [ 151.570511127540868, -33.279370368442549 ], [ 151.570403773128163, -33.279369133668958 ], [ 151.57040230300106, -33.279459305231683 ], [ 151.57050965752407, -33.279460540009488 ] ], [ [ 151.570534013128395, -33.238424937275973 ], [ 151.570532545420832, -33.23851510943831 ], [ 151.570639849882525, -33.238516342767248 ], [ 151.570641317479982, -33.238426170600697 ], [ 151.570534013128395, -33.238424937275973 ] ], [ [ 151.57075302426108, -33.2381568873124 ], [ 151.570860328295538, -33.238158120439451 ], [ 151.570861795646664, -33.238067948259001 ], [ 151.57075449172234, -33.238066715136164 ], [ 151.57075302426108, -33.2381568873124 ] ], [ [ 151.569849333849277, -33.28702877016412 ], [ 151.569956697613605, -33.287030005666558 ], [ 151.569958168621866, -33.286939834231369 ], [ 151.569850804967899, -33.286938598733144 ], [ 151.569849333849277, -33.28702877016412 ] ], [ [ 151.570439918847853, -33.237612154373991 ], [ 151.570438451089046, -33.237702326544422 ], [ 151.570545754553478, -33.237703559927986 ], [ 151.57054722220218, -33.237613387753349 ], [ 151.570439918847853, -33.237612154373991 ] ], [ [ 151.570654525563072, -33.23761462104018 ], [ 151.570655993095187, -33.237524448859958 ], [ 151.570548689844372, -33.237523215577326 ], [ 151.57054722220218, -33.237613387753349 ], [ 151.570654525563072, -33.23761462104018 ] ], [ [ 151.570422305310785, -33.238694220329023 ], [ 151.570529609986096, -33.238695453758893 ], [ 151.570531077706761, -33.238605281599291 ], [ 151.570423773141499, -33.238604048173627 ], [ 151.570422305310785, -33.238694220329023 ] ], [ [ 151.570313532694655, -33.238783158956444 ], [ 151.570312064740762, -33.238873331104898 ], [ 151.570420837473534, -33.238784392483062 ], [ 151.570422305310785, -33.238694220329023 ], [ 151.570313532694655, -33.238783158956444 ] ], [ [ 151.569696358743442, -33.289822848120288 ], [ 151.569697830175556, -33.289732676735923 ], [ 151.569484567704677, -33.289640033637355 ], [ 151.569590463113684, -33.289731440921649 ], [ 151.569588991571209, -33.289821612301793 ], [ 151.569696358743442, -33.289822848120288 ] ], [ [ 151.570220908202316, -33.23788020381965 ], [ 151.570219440203743, -33.237970375977554 ], [ 151.570326743985333, -33.237971609558805 ], [ 151.5703282118738, -33.237881437396688 ], [ 151.570220908202316, -33.23788020381965 ] ], [ [ 151.569763792124149, -33.239588539032866 ], [ 151.56987256630768, -33.239499600939332 ], [ 151.569765260680811, -33.239498366916386 ], [ 151.569763792124149, -33.239588539032866 ] ], [ [ 151.569982808594375, -33.239320490615889 ], [ 151.569875503181123, -33.239319256693882 ], [ 151.56987256630768, -33.239499600939332 ], [ 151.569982808594375, -33.239320490615889 ] ], [ [ 151.570091582220869, -33.239231552312141 ], [ 151.570093050421093, -33.239141380177571 ], [ 151.569984276911214, -33.239230318486882 ], [ 151.569982808594375, -33.239320490615889 ], [ 151.570091582220869, -33.239231552312141 ] ], [ [ 151.570200355627236, -33.23914261390609 ], [ 151.570201823710846, -33.239052441765942 ], [ 151.570094518614781, -33.239051208041637 ], [ 151.570093050421093, -33.239141380177571 ], [ 151.570200355627236, -33.23914261390609 ] ], [ [ 151.569434530419869, -33.240035696894836 ], [ 151.56954183668762, -33.240036931220651 ], [ 151.569543305497177, -33.239946759119448 ], [ 151.569435999339476, -33.239945524797854 ], [ 151.569434530419869, -33.240035696894836 ] ], [ [ 151.569544774300169, -33.239856587016874 ], [ 151.569652080354302, -33.239857821241735 ], [ 151.569655017720464, -33.239677477024074 ], [ 151.569547711886514, -33.239676242807626 ], [ 151.569544774300169, -33.239856587016874 ] ], [ [ 151.569221403680103, -33.279445716559728 ], [ 151.569219932333084, -33.279535888074733 ], [ 151.569327286894378, -33.279537123876096 ], [ 151.569328758131093, -33.279446952356885 ], [ 151.569221403680103, -33.279445716559728 ] ], [ [ 151.569330229361242, -33.279356780836302 ], [ 151.569437583708435, -33.279358016536577 ], [ 151.569439054821743, -33.279267845010409 ], [ 151.569331700584826, -33.279266609314355 ], [ 151.569330229361242, -33.279356780836302 ] ], [ [ 151.569181602018375, -33.288464097507863 ], [ 151.569184545782974, -33.288283754738892 ], [ 151.568543299363881, -33.288095993362518 ], [ 151.568644774663653, -33.288457915486994 ], [ 151.569074236534306, -33.288462861289091 ], [ 151.569181602018375, -33.288464097507863 ] ], [ [ 151.568965398943959, -33.288551796351619 ], [ 151.569071292522779, -33.288643204044163 ], [ 151.569074236534306, -33.288462861289091 ], [ 151.568965398943959, -33.288551796351619 ] ], [ [ 151.569784351321829, -33.238326129277944 ], [ 151.569675578550942, -33.238415067347248 ], [ 151.569781414372102, -33.238506473545044 ], [ 151.569779945887404, -33.238596645676552 ], [ 151.569887250413416, -33.23859787965737 ], [ 151.569888718788008, -33.238507707521663 ], [ 151.569890187156062, -33.238417535384578 ], [ 151.569784351321829, -33.238326129277944 ] ], [ [ 151.569058195535945, -33.276287241095986 ], [ 151.569165546113396, -33.276288476930915 ], [ 151.569167017334792, -33.276198305370912 ], [ 151.569059666867645, -33.276197069540196 ], [ 151.569058195535945, -33.276287241095986 ] ], [ [ 151.568835949227662, -33.28990313032584 ], [ 151.568943316464356, -33.289904366797479 ], [ 151.568944788675566, -33.289814195444009 ], [ 151.568837421549233, -33.289812958976569 ], [ 151.568835949227662, -33.28990313032584 ] ], [ [ 151.56955799323265, -33.239045038032202 ], [ 151.569663829661977, -33.239136444338236 ], [ 151.569666766923461, -33.238956100098676 ], [ 151.56955799323265, -33.239045038032202 ] ], [ [ 151.569668235544384, -33.23886592797686 ], [ 151.569560930701243, -33.238864693798355 ], [ 151.569559461970215, -33.238954865915957 ], [ 151.569666766923461, -33.238956100098676 ], [ 151.569668235544384, -33.23886592797686 ] ], [ [ 151.569669704158798, -33.23877575585368 ], [ 151.569777008898427, -33.238776989935459 ], [ 151.569778477396198, -33.238686817806673 ], [ 151.569671172766647, -33.238685583729115 ], [ 151.56956533685505, -33.238594177437321 ], [ 151.569560930701243, -33.238864693798355 ], [ 151.569669704158798, -33.23877575585368 ] ], [ [ 151.568554788978219, -33.300542102872136 ], [ 151.568662169234642, -33.300543339934229 ], [ 151.568663642330193, -33.300453168746387 ], [ 151.568556262184188, -33.300451931688514 ], [ 151.568554788978219, -33.300542102872136 ] ], [ [ 151.569446281593656, -33.239314320080616 ], [ 151.569553586980703, -33.239315554372737 ], [ 151.569555055737908, -33.239225382260585 ], [ 151.56944775046091, -33.239224147972685 ], [ 151.569446281593656, -33.239314320080616 ] ], [ [ 151.568641829769234, -33.288638258208316 ], [ 151.568749195447793, -33.288639494806326 ], [ 151.568750667787924, -33.288549323442126 ], [ 151.568643302219726, -33.288548086848337 ], [ 151.568641829769234, -33.288638258208316 ] ], [ [ 151.568462141596996, -33.299639153861754 ], [ 151.568569520742642, -33.29964039097441 ], [ 151.568570993882986, -33.299550219777117 ], [ 151.568463614847758, -33.299548982668682 ], [ 151.568462141596996, -33.299639153861754 ] ], [ [ 151.566137019275146, -33.290773900767483 ], [ 151.566350280702039, -33.290866549574964 ], [ 151.567651962966153, -33.290069865620751 ], [ 151.568187326954614, -33.290166223512777 ], [ 151.568509429559612, -33.290169934356278 ], [ 151.568407953109499, -33.289808012179797 ], [ 151.56862121477397, -33.289900657104418 ], [ 151.5687344716859, -33.28954120837308 ], [ 151.567119548420123, -33.289793162889808 ], [ 151.567331334729545, -33.289975981277529 ], [ 151.566682707690575, -33.290239066470498 ], [ 151.566466497834085, -33.290326760756649 ], [ 151.564192575926114, -33.291472955129201 ], [ 151.564083729689315, -33.291561885639766 ], [ 151.563204082280748, -33.292814352559454 ], [ 151.563096711750092, -33.292813111034718 ], [ 151.562983427166472, -33.293172553707187 ], [ 151.563840917427342, -33.293272655289144 ], [ 151.563630608777231, -33.29299965992972 ], [ 151.563846827981052, -33.292911970869213 ], [ 151.563955676179802, -33.292823040636549 ], [ 151.563957153684782, -33.292732869522546 ], [ 151.563851260827249, -33.292641457539915 ], [ 151.564066001545797, -33.292643939181723 ], [ 151.564073388387413, -33.292193083563184 ], [ 151.564076343078, -33.292012741306202 ], [ 151.564405836843036, -33.291565607254803 ], [ 151.565917856801718, -33.291041936482884 ], [ 151.566137019275146, -33.290773900767483 ] ], [ [ 151.568184380928102, -33.290346566148379 ], [ 151.56829174867724, -33.290347803197356 ], [ 151.568400589228787, -33.290258868828076 ], [ 151.568187326954614, -33.290166223512777 ], [ 151.568184380928102, -33.290346566148379 ] ], [ [ 151.568717011633169, -33.277455762971776 ], [ 151.568824363624742, -33.277456999139496 ], [ 151.568825835262231, -33.27736682760991 ], [ 151.568718483380962, -33.277365591446397 ], [ 151.568717011633169, -33.277455762971776 ] ], [ [ 151.568714068117941, -33.277636106018413 ], [ 151.568821420330124, -33.277637342194573 ], [ 151.568822891980716, -33.277547170667717 ], [ 151.568715539878838, -33.277545934495777 ], [ 151.568714068117941, -33.277636106018413 ] ], [ [ 151.568406732143472, -33.276730681772598 ], [ 151.568621434329174, -33.276733154503873 ], [ 151.568622906134806, -33.276642982971765 ], [ 151.568406732143472, -33.276730681772598 ] ], [ [ 151.56829643676781, -33.27690978830276 ], [ 151.568511139381542, -33.276912261236212 ], [ 151.568406732143472, -33.276730681772598 ], [ 151.56829643676781, -33.27690978830276 ] ], [ [ 151.568624377933844, -33.2765528114383 ], [ 151.568839079704588, -33.276555283782059 ], [ 151.568840551276509, -33.276465112238796 ], [ 151.568625849726374, -33.276462639903485 ], [ 151.568624377933844, -33.2765528114383 ] ], [ [ 151.568734672173832, -33.276373704577047 ], [ 151.56851997085738, -33.276371232064839 ], [ 151.568517027058334, -33.276551575127449 ], [ 151.568625849726374, -33.276462639903485 ], [ 151.568734672173832, -33.276373704577047 ] ], [ [ 151.569102326723254, -33.240663197914408 ], [ 151.569430123621743, -33.240306213177632 ], [ 151.569325755122378, -33.240124634567913 ], [ 151.568997958516036, -33.240481619046477 ], [ 151.569102326723254, -33.240663197914408 ] ], [ [ 151.568505251599873, -33.277272947323112 ], [ 151.568612603357735, -33.277274183667714 ], [ 151.568614075202703, -33.277184012143827 ], [ 151.568506723555117, -33.277182775803446 ], [ 151.568505251599873, -33.277272947323112 ] ], [ [ 151.568722898584923, -33.277095076862082 ], [ 151.568615547041105, -33.277093840618576 ], [ 151.568614075202703, -33.277184012143827 ], [ 151.568722898584923, -33.277095076862082 ] ], [ [ 151.568508195503824, -33.277092604282394 ], [ 151.56840084397308, -33.277091367853565 ], [ 151.568397899848549, -33.277271710885834 ], [ 151.568506723555117, -33.277182775803446 ], [ 151.568508195503824, -33.277092604282394 ] ], [ [ 151.569022937302094, -33.238948693614411 ], [ 151.569021468014114, -33.239038865709581 ], [ 151.569128773044724, -33.239040100359169 ], [ 151.569130242222627, -33.238949928259771 ], [ 151.569022937302094, -33.238948693614411 ] ], [ [ 151.569131711393993, -33.238859756159016 ], [ 151.569239016210986, -33.238860990707643 ], [ 151.569346321034516, -33.238862225163743 ], [ 151.569347789979162, -33.238772053053196 ], [ 151.569240485265709, -33.23877081860131 ], [ 151.569133180558822, -33.238769584056897 ], [ 151.569131711393993, -33.238859756159016 ] ], [ [ 151.568749388570012, -33.275471989097667 ], [ 151.568425867972792, -33.275558451858345 ], [ 151.56842439602525, -33.275648623398418 ], [ 151.568422924071172, -33.275738794937126 ], [ 151.568530273947573, -33.275740031302689 ], [ 151.568531745791347, -33.275649859759753 ], [ 151.568639095564009, -33.275651096028454 ], [ 151.568749388570012, -33.275471989097667 ] ], [ [ 151.568528802097177, -33.275830202844233 ], [ 151.56863615209042, -33.275831439121362 ], [ 151.568637623830512, -33.275741267575604 ], [ 151.568530273947573, -33.275740031302689 ], [ 151.568528802097177, -33.275830202844233 ] ], [ [ 151.568521442747056, -33.276281060531488 ], [ 151.568628793291737, -33.276282296829713 ], [ 151.568630265064598, -33.276192125290777 ], [ 151.568522914630194, -33.276190888996787 ], [ 151.568521442747056, -33.276281060531488 ] ], [ [ 151.569018529418457, -33.239219209895829 ], [ 151.569125834669251, -33.23922044455383 ], [ 151.569019998719568, -33.239129037803387 ], [ 151.569018529418457, -33.239219209895829 ] ], [ [ 151.568116785309286, -33.28791070307836 ], [ 151.568115312352944, -33.288000874426835 ], [ 151.568222677226231, -33.288002111458809 ], [ 151.568224150072211, -33.28791194010612 ], [ 151.568116785309286, -33.28791070307836 ] ], [ [ 151.568690735114501, -33.239576193672164 ], [ 151.568689265450445, -33.239666365745123 ], [ 151.568796571232042, -33.239667600701786 ], [ 151.568798040786021, -33.239577428624614 ], [ 151.568690735114501, -33.239576193672164 ] ], [ [ 151.568795101671498, -33.239757772777594 ], [ 151.569009713474543, -33.23976024242176 ], [ 151.5690126521487, -33.239579898251925 ], [ 151.568796571232042, -33.239667600701786 ], [ 151.568795101671498, -33.239757772777594 ] ], [ [ 151.568306741677389, -33.276278587657103 ], [ 151.568415564202382, -33.276189652610128 ], [ 151.568308213781137, -33.276188416130815 ], [ 151.568306741677389, -33.276278587657103 ] ], [ [ 151.567885450808774, -33.302067588033644 ], [ 151.56799283290303, -33.302068825723936 ], [ 151.567994306772704, -33.30197865458468 ], [ 151.567886924788866, -33.301977416898602 ], [ 151.567885450808774, -33.302067588033644 ] ], [ [ 151.563786656345542, -33.270364190967619 ], [ 151.563785179920387, -33.270454362399768 ], [ 151.563567540245515, -33.270632224571216 ], [ 151.563671930527732, -33.270813807808146 ], [ 151.56398215134169, -33.271538899881655 ], [ 151.563999866310439, -33.270456842701044 ], [ 151.564217504688571, -33.270278979732268 ], [ 151.564127874238693, -33.269195682360497 ], [ 151.56402200868996, -33.269104270948276 ], [ 151.564023484795968, -33.269014099487151 ], [ 151.563916143361666, -33.269012859450527 ], [ 151.563914667145411, -33.269103030907416 ], [ 151.563808801933959, -33.269011619321276 ], [ 151.563701460512817, -33.269010379099385 ], [ 151.563474964247888, -33.269729269859177 ], [ 151.563786656345542, -33.270364190967619 ] ], [ [ 151.563874806820252, -33.271537659726555 ], [ 151.563765985794731, -33.271626590893192 ], [ 151.564086543503407, -33.271720482796844 ], [ 151.564183555541121, -33.272352922746251 ], [ 151.564504116363509, -33.272446813645722 ], [ 151.56492907294691, -33.272722285993567 ], [ 151.565242260615634, -33.273267032280835 ], [ 151.56503789423391, -33.272633353828517 ], [ 151.564611462027045, -33.272448053287256 ], [ 151.564718807697147, -33.272449292836157 ], [ 151.564614413395901, -33.272267710414106 ], [ 151.564505592161481, -33.272356642214056 ], [ 151.564195364334722, -33.271631551345195 ], [ 151.56398215134169, -33.271538899881655 ], [ 151.563874806820252, -33.271537659726555 ] ], [ [ 151.565333382159281, -33.274260157206619 ], [ 151.565651001755015, -33.2745343882277 ], [ 151.565868647330348, -33.274356522662679 ], [ 151.565864223783677, -33.274627037028161 ], [ 151.566290669223406, -33.274812333563879 ], [ 151.566281824520701, -33.275353362342898 ], [ 151.566599451005033, -33.275627591079314 ], [ 151.566705326940962, -33.275719000486973 ], [ 151.566809729475949, -33.275900581281718 ], [ 151.566917079474507, -33.275901819045558 ], [ 151.567131779491348, -33.275904294295266 ], [ 151.567239129509602, -33.275905531781142 ], [ 151.566586186308228, -33.276439134232639 ], [ 151.56657439502024, -33.277160505831468 ], [ 151.566783203166608, -33.277523667555734 ], [ 151.567111152733361, -33.27716669494626 ], [ 151.566897923231522, -33.277074048120589 ], [ 151.567556761015851, -33.27617975818125 ], [ 151.56809940218983, -33.275825256809178 ], [ 151.568097929891792, -33.275915428332482 ], [ 151.56831263005293, -33.275917901543778 ], [ 151.56820675215684, -33.275826493456918 ], [ 151.568208224338065, -33.275736321928029 ], [ 151.56810087448136, -33.275735085284502 ], [ 151.568102346766295, -33.275644913758448 ], [ 151.567994997026432, -33.27564367702648 ], [ 151.567452356599432, -33.275998177971537 ], [ 151.567453829565778, -33.275908006474907 ], [ 151.567242075863732, -33.275725188800671 ], [ 151.567133252781986, -33.275814122809933 ], [ 151.567137672614535, -33.275543608345735 ], [ 151.56692297347999, -33.275541133129806 ], [ 151.566925920443367, -33.275360790163724 ], [ 151.567034743148326, -33.275271856320273 ], [ 151.567036216503311, -33.275181684829583 ], [ 151.566820044688598, -33.275269380944358 ], [ 151.566821518264163, -33.275179209462117 ], [ 151.566715642833714, -33.275087800160023 ], [ 151.566395069878354, -33.274993914680572 ], [ 151.566402439797628, -33.274543057319654 ], [ 151.565656900660059, -33.274173702432662 ], [ 151.565670172812162, -33.273362159313784 ], [ 151.565348132336055, -33.273358442763723 ], [ 151.565242260615634, -33.273267032280835 ], [ 151.565333382159281, -33.274260157206619 ] ], [ [ 151.566492101357028, -33.275626353050185 ], [ 151.566490627417807, -33.275716524512909 ], [ 151.566597977176116, -33.275717762546279 ], [ 151.566599451005033, -33.275627591079314 ], [ 151.566492101357028, -33.275626353050185 ] ], [ [ 151.567091998163505, -33.278338923882131 ], [ 151.567518464114613, -33.278524216652045 ], [ 151.567096418547294, -33.278068409532821 ], [ 151.566999380659809, -33.27743597168628 ], [ 151.566783203166608, -33.277523667555734 ], [ 151.567091998163505, -33.278338923882131 ] ], [ [ 151.567622871479045, -33.278705796819118 ], [ 151.568158166497938, -33.278802153143332 ], [ 151.568159638895565, -33.278711981659569 ], [ 151.567518464114613, -33.278524216652045 ], [ 151.567622871479045, -33.278705796819118 ] ], [ [ 151.56831115796885, -33.276008073074152 ], [ 151.568418508169543, -33.276009309545024 ], [ 151.568419980143318, -33.27591913801043 ], [ 151.56831263005293, -33.275917901543778 ], [ 151.56831115796885, -33.276008073074152 ] ], [ [ 151.564130826236834, -33.269015339431142 ], [ 151.564142633966441, -33.268293967659048 ], [ 151.563817659755045, -33.268470590576548 ], [ 151.563816183467964, -33.268560762037438 ], [ 151.563708842598061, -33.268559521836707 ], [ 151.56371031899539, -33.268469350380052 ], [ 151.56349416087798, -33.268557041157365 ], [ 151.56359707217257, -33.268828795892361 ], [ 151.564023484795968, -33.269014099487151 ], [ 151.564130826236834, -33.269015339431142 ] ], [ [ 151.562208088333108, -33.261868220923638 ], [ 151.562439003984878, -33.26087881677811 ], [ 151.562102233399401, -33.261776808064184 ], [ 151.562266661283502, -33.264845120886584 ], [ 151.562373997541613, -33.264846362210463 ], [ 151.562256317403012, -33.265476321022462 ], [ 151.562870797186832, -33.26728719685282 ], [ 151.563400110343537, -33.267744257633993 ], [ 151.562979613537664, -33.267198266289157 ], [ 151.562573896313666, -33.265750559166719 ], [ 151.562485766137883, -33.264577089051848 ], [ 151.562704869636718, -33.264309056783503 ], [ 151.562502017513509, -33.263585202850294 ], [ 151.56239763772237, -33.263403618723274 ], [ 151.562627078784431, -33.262504386015657 ], [ 151.562208088333108, -33.261868220923638 ] ], [ [ 151.563097758378035, -33.25998454616424 ], [ 151.56320804159202, -33.259805443487465 ], [ 151.563315371730937, -33.259806683833375 ], [ 151.563316848041495, -33.259716512265229 ], [ 151.563209518012769, -33.25971527192354 ], [ 151.563540364521543, -33.259177963182331 ], [ 151.564851912363025, -33.257750091177499 ], [ 151.564652005051812, -33.256845896615019 ], [ 151.564018373550709, -33.25620725915563 ], [ 151.563924327013183, -33.255394474689098 ], [ 151.564515517405312, -33.252064318700938 ], [ 151.564556804942612, -33.249539509797913 ], [ 151.566226950137832, -33.245861036616795 ], [ 151.566441576613926, -33.245863511091578 ], [ 151.566548889861821, -33.245864748190137 ], [ 151.566448938139985, -33.245412651606628 ], [ 151.566672395834502, -33.244874094191282 ], [ 151.567779346238495, -33.242812503272461 ], [ 151.566454827242779, -33.245051963994065 ], [ 151.564452436430457, -33.249357927334451 ], [ 151.564430317292164, -33.250710503643418 ], [ 151.563509786448208, -33.254487798975546 ], [ 151.563800770782251, -33.256385123096322 ], [ 151.564325599981771, -33.257112693997605 ], [ 151.564529929293286, -33.257746374042881 ], [ 151.562994857975099, -33.259712790962396 ], [ 151.562439003984878, -33.26087881677811 ], [ 151.563097758378035, -33.25998454616424 ] ], [ [ 151.567888126485116, -33.242723567121381 ], [ 151.567891067793425, -33.242543223126084 ], [ 151.567782287780119, -33.24263215928832 ], [ 151.567779346238495, -33.242812503272461 ], [ 151.567888126485116, -33.242723567121381 ] ], [ [ 151.567998377052305, -33.242544458865424 ], [ 151.56799984758652, -33.242454286861502 ], [ 151.567892538437746, -33.242453051126375 ], [ 151.567891067793425, -33.242543223126084 ], [ 151.567998377052305, -33.242544458865424 ] ], [ [ 151.568434964556815, -33.242098540779779 ], [ 151.568552562817075, -33.24146857178377 ], [ 151.568335006612557, -33.241646445300987 ], [ 151.56799984758652, -33.242454286861502 ], [ 151.568434964556815, -33.242098540779779 ] ], [ [ 151.568770118140833, -33.241290697857217 ], [ 151.568883304118287, -33.240931244561864 ], [ 151.568775996788844, -33.240930009638724 ], [ 151.568552562817075, -33.24146857178377 ], [ 151.568770118140833, -33.241290697857217 ] ], [ [ 151.568768648462452, -33.241380869908411 ], [ 151.568875956342367, -33.24138210485264 ], [ 151.568877425910642, -33.241291932797218 ], [ 151.568770118140833, -33.241290697857217 ], [ 151.568768648462452, -33.241380869908411 ] ], [ [ 151.568992080879724, -33.240842307326012 ], [ 151.568995019710968, -33.240661963188977 ], [ 151.568887712705276, -33.240660728371004 ], [ 151.568883304118287, -33.240931244561864 ], [ 151.568992080879724, -33.240842307326012 ] ], [ [ 151.562609352241708, -33.26358644392964 ], [ 151.562610829489785, -33.263496272444335 ], [ 151.562503494871834, -33.263495031369217 ], [ 151.562502017513509, -33.263585202850294 ], [ 151.562609352241708, -33.26358644392964 ] ], [ [ 151.568802449408707, -33.23930691238489 ], [ 151.568800979874368, -33.239397084466155 ], [ 151.568908285332242, -33.239398319317658 ], [ 151.568909754756504, -33.239308147232165 ], [ 151.568802449408707, -33.23930691238489 ] ], [ [ 151.567819340774037, -33.299541558070565 ], [ 151.567926719769901, -33.299542795735427 ], [ 151.567928193566217, -33.299452624562086 ], [ 151.567820814680744, -33.299451386901445 ], [ 151.567819340774037, -33.299541558070565 ] ], [ [ 151.567664789770475, -33.302425796867468 ], [ 151.56777217229336, -33.302427034760157 ], [ 151.567773646410103, -33.302336863634814 ], [ 151.567558881591822, -33.302334387765129 ], [ 151.567664789770475, -33.302425796867468 ] ], [ [ 151.567634654835928, -33.27798442506856 ], [ 151.56774495297671, -33.277805319228449 ], [ 151.567642019220756, -33.277533567679995 ], [ 151.567421422790716, -33.277891779084726 ], [ 151.567634654835928, -33.27798442506856 ] ], [ [ 151.567749371257065, -33.277534804778554 ], [ 151.567856723299883, -33.277536041784444 ], [ 151.567858195936623, -33.277445870294201 ], [ 151.567750844004053, -33.277444633292518 ], [ 151.567752316744475, -33.277354461805118 ], [ 151.567644964928775, -33.277353224715 ], [ 151.567642019220756, -33.277533567679995 ], [ 151.567749371257065, -33.277534804778554 ] ], [ [ 151.56785966856674, -33.277355698802566 ], [ 151.567974382896381, -33.276906078207638 ], [ 151.567865559021698, -33.276995012822404 ], [ 151.567756734926405, -33.277083947334702 ], [ 151.567752316744475, -33.277354461805118 ], [ 151.56785966856674, -33.277355698802566 ] ], [ [ 151.568083206550511, -33.276817143490391 ], [ 151.568086151271217, -33.27663680046976 ], [ 151.567978800318173, -33.276635563691386 ], [ 151.567974382896381, -33.276906078207638 ], [ 151.568083206550511, -33.276817143490391 ] ], [ [ 151.567867031619016, -33.27690484132394 ], [ 151.567759680348246, -33.276903604347581 ], [ 151.567758207640594, -33.276993775841824 ], [ 151.567865559021698, -33.276995012822404 ], [ 151.567867031619016, -33.27690484132394 ] ], [ [ 151.568196446704746, -33.276457694120928 ], [ 151.568197918931844, -33.276367522601603 ], [ 151.568089095965718, -33.276456457443658 ], [ 151.56808762362175, -33.276546628957391 ], [ 151.568194974471055, -33.276547865638882 ], [ 151.568196446704746, -33.276457694120928 ] ], [ [ 151.566574735822655, -33.303405294616887 ], [ 151.566467352157275, -33.303404055657488 ], [ 151.566573260412298, -33.303495465679354 ], [ 151.567324947027004, -33.303504135827637 ], [ 151.567660367049427, -33.302696310222615 ], [ 151.567663315536691, -33.302515967987226 ], [ 151.567330845536844, -33.303143451451291 ], [ 151.56722346215679, -33.303142213153833 ], [ 151.567227886301509, -33.302871699869875 ], [ 151.567117553615191, -33.303050803674552 ], [ 151.567010170358685, -33.303049565195806 ], [ 151.567008695416348, -33.303139736280649 ], [ 151.566685070074783, -33.303226191346049 ], [ 151.566574735822655, -33.303405294616887 ] ], [ [ 151.567849360018045, -33.2779868992152 ], [ 151.56806701011763, -33.277809030006125 ], [ 151.5680684825534, -33.277718858511541 ], [ 151.567524356234259, -33.278163530793641 ], [ 151.567849360018045, -33.2779868992152 ] ], [ [ 151.567793217772532, -33.287997162774708 ], [ 151.567900582626123, -33.287998400084781 ], [ 151.56790205580316, -33.287908228744747 ], [ 151.56779469105993, -33.287906991438909 ], [ 151.567793217772532, -33.287997162774708 ] ], [ [ 151.568468774304364, -33.24002458379865 ], [ 151.568467304387354, -33.240114755856339 ], [ 151.568574610706349, -33.240115991019145 ], [ 151.568576080513225, -33.240025818957236 ], [ 151.568468774304364, -33.24002458379865 ] ], [ [ 151.567123452877155, -33.302690119304629 ], [ 151.567230835698467, -33.302691357673723 ], [ 151.567232310387112, -33.302601186573597 ], [ 151.567124927676218, -33.302599948208716 ], [ 151.567123452877155, -33.302690119304629 ] ], [ [ 151.567229361003285, -33.302781528772478 ], [ 151.56733674394161, -33.302782767053053 ], [ 151.567338218526373, -33.30269259595007 ], [ 151.567230835698467, -33.302691357673723 ], [ 151.567229361003285, -33.302781528772478 ] ], [ [ 151.567339693104572, -33.302602424845723 ], [ 151.567447075828596, -33.302603663025103 ], [ 151.567448550289811, -33.302513491915164 ], [ 151.567341167676204, -33.302512253740005 ], [ 151.567232310387112, -33.302601186573597 ], [ 151.567339693104572, -33.302602424845723 ] ], [ [ 151.567555932909983, -33.302514729997561 ], [ 151.567557407254185, -33.302424558882031 ], [ 151.567450024744431, -33.302423320803854 ], [ 151.567448550289811, -33.302513491915164 ], [ 151.567555932909983, -33.302514729997561 ] ], [ [ 151.568465834463836, -33.240204927912664 ], [ 151.568464364533753, -33.240295099967625 ], [ 151.568571671072874, -33.240296335138865 ], [ 151.56857314089288, -33.240206163079691 ], [ 151.568465834463836, -33.240204927912664 ] ], [ [ 151.568457014785054, -33.240745960221936 ], [ 151.568564321874675, -33.240747195414251 ], [ 151.568565791727423, -33.240657023361898 ], [ 151.568458484747907, -33.240655788173804 ], [ 151.568457014785054, -33.240745960221936 ] ], [ [ 151.568365878144022, -33.23975283237889 ], [ 151.568364408136574, -33.239843004436466 ], [ 151.568473184016057, -33.239754067617362 ], [ 151.568474653906861, -33.239663895554202 ], [ 151.568365878144022, -33.23975283237889 ] ], [ [ 151.567352964012883, -33.301790884845005 ], [ 151.567460345743058, -33.301792122986384 ], [ 151.567461820145155, -33.301701951864132 ], [ 151.567354438525427, -33.30170071372698 ], [ 151.567352964012883, -33.301790884845005 ] ], [ [ 151.56832177507215, -33.242457993511628 ], [ 151.568212995589704, -33.242546930066482 ], [ 151.568320304868223, -33.242548165528198 ], [ 151.56832177507215, -33.242457993511628 ] ], [ [ 151.56761256069737, -33.279336997029063 ], [ 151.567611087702318, -33.279427168482158 ], [ 151.567718442054939, -33.27942840566935 ], [ 151.567719914939687, -33.27933823421202 ], [ 151.56761256069737, -33.279336997029063 ] ], [ [ 151.566809242506736, -33.289068078279591 ], [ 151.566812191218901, -33.288887735715434 ], [ 151.566703350864231, -33.288976668714696 ], [ 151.566809242506736, -33.289068078279591 ] ], [ [ 151.567135762947913, -33.288801278700312 ], [ 151.56692103135282, -33.288798802613684 ], [ 151.56691660862549, -33.289069316474624 ], [ 151.567454913015069, -33.288985334752553 ], [ 151.56756669978401, -33.28871605844612 ], [ 151.567460807738257, -33.288624649511981 ], [ 151.567459334067308, -33.288714820824175 ], [ 151.567135762947913, -33.288801278700312 ] ], [ [ 151.567132301573054, -33.302149092708675 ], [ 151.567130826806817, -33.302239263811423 ], [ 151.567238209075981, -33.302240502159407 ], [ 151.567239683731799, -33.302150331052431 ], [ 151.567132301573054, -33.302149092708675 ] ], [ [ 151.567236734413598, -33.302330673265011 ], [ 151.567235259744677, -33.30242084436923 ], [ 151.567342642241272, -33.302422082632916 ], [ 151.567344116799774, -33.302331911524469 ], [ 151.567236734413598, -33.302330673265011 ] ], [ [ 151.567026394290991, -33.302057683172279 ], [ 151.567133776332724, -33.302058921604562 ], [ 151.567242633023682, -33.301969988834401 ], [ 151.567135251085801, -33.301968750499086 ], [ 151.567026394290991, -33.302057683172279 ] ], [ [ 151.56710575477598, -33.303772172348722 ], [ 151.567213138922511, -33.303773410768507 ], [ 151.56721461368997, -33.303683239684801 ], [ 151.56710575477598, -33.303772172348722 ] ], [ [ 151.567418652252286, -33.271488364371073 ], [ 151.567737741300391, -33.271672418517149 ], [ 151.567739213731357, -33.271582246946437 ], [ 151.567633341514664, -33.271490838465894 ], [ 151.567418652252286, -33.271488364371073 ] ], [ [ 151.566993945631594, -33.304041447053777 ], [ 151.567102805000474, -33.303952514503585 ], [ 151.566996895641097, -33.303861104910084 ], [ 151.56688951139725, -33.303859866300577 ], [ 151.566993945631594, -33.304041447053777 ] ], [ [ 151.567013120223663, -33.302869223022029 ], [ 151.567120503259332, -33.302870461492326 ], [ 151.567121978071498, -33.302780290399163 ], [ 151.567014595146333, -33.302779051933086 ], [ 151.567013120223663, -33.302869223022029 ] ], [ [ 151.567247550430295, -33.288532002693323 ], [ 151.567354915913199, -33.288533240492214 ], [ 151.567356389681379, -33.288443069181511 ], [ 151.567249024308865, -33.288441831386841 ], [ 151.567247550430295, -33.288532002693323 ] ], [ [ 151.568027786492053, -33.240741018527331 ], [ 151.568026316082296, -33.240831190557209 ], [ 151.568133623255818, -33.24083242612388 ], [ 151.568135093555497, -33.240742254089788 ], [ 151.568027786492053, -33.240741018527331 ] ], [ [ 151.567350898724925, -33.275636254688926 ], [ 151.56734942566797, -33.275726426185443 ], [ 151.567456775478774, -33.275727663477561 ], [ 151.567458248425424, -33.275637491976831 ], [ 151.567350898724925, -33.275636254688926 ] ], [ [ 151.566667366199624, -33.30430824408888 ], [ 151.566559981423268, -33.304307005179986 ], [ 151.566236351326239, -33.304393458932886 ], [ 151.566451121066962, -33.3043959372229 ], [ 151.566665890833946, -33.30439841514189 ], [ 151.566771800465546, -33.304489825018109 ], [ 151.566773275727314, -33.304399653962257 ], [ 151.566774750982518, -33.304309482905019 ], [ 151.566883610910196, -33.304220550565567 ], [ 151.566990995595802, -33.304221789191971 ], [ 151.566992470616981, -33.304131618123549 ], [ 151.566885086041793, -33.304130379501373 ], [ 151.56678065193762, -33.303948798662397 ], [ 151.566561456892771, -33.304216834129832 ], [ 151.566667366199624, -33.30430824408888 ] ], [ [ 151.566770325197211, -33.304579996072611 ], [ 151.56687771031801, -33.304581234808666 ], [ 151.566879185475926, -33.304491063749943 ], [ 151.566771800465546, -33.304489825018109 ], [ 151.566770325197211, -33.304579996072611 ] ], [ [ 151.56634226048979, -33.304484869163232 ], [ 151.566234875512293, -33.304483629967628 ], [ 151.566127490541334, -33.304482390679254 ], [ 151.566020105576968, -33.304481151298148 ], [ 151.566018629535535, -33.304571322323063 ], [ 151.566126014610347, -33.304572561708405 ], [ 151.566233399691725, -33.304573801000998 ], [ 151.566340784779669, -33.304575040200838 ], [ 151.56634226048979, -33.304484869163232 ] ], [ [ 151.565911955188852, -33.291402621339167 ], [ 151.566125217867949, -33.291495270558599 ], [ 151.566237012173019, -33.291225995749855 ], [ 151.566129643444924, -33.291224756897208 ], [ 151.565913430601938, -33.291312450127151 ], [ 151.565911955188852, -33.291402621339167 ] ], [ [ 151.566131118624099, -33.291134585674001 ], [ 151.566238487241833, -33.291135824522421 ], [ 151.566239962304081, -33.291045653293622 ], [ 151.566132593796709, -33.291044414449416 ], [ 151.566131118624099, -33.291134585674001 ] ], [ [ 151.56666648715111, -33.291230950233384 ], [ 151.567210701333295, -33.290786284910901 ], [ 151.566456174173453, -33.290957959465295 ], [ 151.566347330818019, -33.291046892045109 ], [ 151.566345855866132, -33.291137063278136 ], [ 151.56666648715111, -33.291230950233384 ] ], [ [ 151.566711624113509, -33.301603111862313 ], [ 151.566710148944964, -33.301693282956379 ], [ 151.566817530525299, -33.301694521650013 ], [ 151.566819005583397, -33.301604350551727 ], [ 151.566711624113509, -33.301603111862313 ] ], [ [ 151.566927862000938, -33.301515418044509 ], [ 151.566820480634931, -33.30151417945207 ], [ 151.566819005583397, -33.301604350551727 ], [ 151.566927862000938, -33.301515418044509 ] ], [ [ 151.566565883261887, -33.303946320971164 ], [ 151.566674742929251, -33.303857388803316 ], [ 151.566783602375722, -33.303768456532886 ], [ 151.566568834141748, -33.30376597885855 ], [ 151.566565883261887, -33.303946320971164 ] ], [ [ 151.565570199719531, -33.272910063241405 ], [ 151.565571674447682, -33.272819891774297 ], [ 151.565464328283952, -33.272818652949631 ], [ 151.565462853445496, -33.272908824412511 ], [ 151.565570199719531, -33.272910063241405 ] ], [ [ 151.566421600819695, -33.273370828021257 ], [ 151.566852461834713, -33.273285608019208 ], [ 151.567068628652805, -33.273197911688541 ], [ 151.567293632812834, -33.272569185756836 ], [ 151.566974541548802, -33.272385130433534 ], [ 151.566864249100291, -33.272564235882278 ], [ 151.566006956251016, -33.272464160196762 ], [ 151.565899610502044, -33.272462921759583 ], [ 151.565786366794896, -33.272822369145672 ], [ 151.565679020618006, -33.272821130506308 ], [ 151.565570199719531, -33.272910063241405 ], [ 151.566421600819695, -33.273370828021257 ] ], [ [ 151.566850988396993, -33.273375779530156 ], [ 151.566958335307703, -33.273377017175754 ], [ 151.566959808635147, -33.273286845660571 ], [ 151.566852461834713, -33.273285608019208 ], [ 151.566850988396993, -33.273375779530156 ] ], [ [ 151.565680495229316, -33.272730959033609 ], [ 151.56568196983406, -33.272640787559538 ], [ 151.565574623884288, -33.272639548835976 ], [ 151.565573149169268, -33.272729720305826 ], [ 151.565680495229316, -33.272730959033609 ] ], [ [ 151.567252567533444, -33.268510227956078 ], [ 151.567251094774264, -33.268600399552206 ], [ 151.567358435860882, -33.268601636696133 ], [ 151.567359908509843, -33.268511465095806 ], [ 151.567252567533444, -33.268510227956078 ] ], [ [ 151.56719070599874, -33.272297433815254 ], [ 151.567298051605917, -33.272298671132269 ], [ 151.567299524523833, -33.272208499588011 ], [ 151.567192179026904, -33.272207262275217 ], [ 151.56719070599874, -33.272297433815254 ] ], [ [ 151.566937247514005, -33.287806918351571 ], [ 151.567044612094406, -33.287808156394782 ], [ 151.567046086141119, -33.287717985085791 ], [ 151.566938721671107, -33.287716747046801 ], [ 151.566937247514005, -33.287806918351571 ] ], [ [ 151.566996995251969, -33.257865022520747 ], [ 151.567104323196446, -33.257866259532825 ], [ 151.567105795505796, -33.257776087786631 ], [ 151.566998467671453, -33.257774850778787 ], [ 151.566996995251969, -33.257865022520747 ] ], [ [ 151.567102850880559, -33.257956431277634 ], [ 151.566995522825863, -33.257955194261335 ], [ 151.567098433893563, -33.258226946503861 ], [ 151.567316034907577, -33.258049076784317 ], [ 151.567317507009648, -33.257958905032432 ], [ 151.567211651147545, -33.257867496452299 ], [ 151.567104323196446, -33.257866259532825 ], [ 151.567102850880559, -33.257956431277634 ] ], [ [ 151.567533635040064, -33.257871206655167 ], [ 151.567427779048074, -33.257779798254624 ], [ 151.567320451194092, -33.257778561524553 ], [ 151.567317507009648, -33.257958905032432 ], [ 151.567533635040064, -33.257871206655167 ] ], [ [ 151.566582112775933, -33.302954439284015 ], [ 151.566796879022064, -33.302956916882316 ], [ 151.56669097115622, -33.302865507054648 ], [ 151.566582112775933, -33.302954439284015 ] ], [ [ 151.566446694267967, -33.304666450348357 ], [ 151.566554079479516, -33.304667689366916 ], [ 151.566661464697631, -33.304668928292699 ], [ 151.566662940082978, -33.304578757243803 ], [ 151.566555554975281, -33.30457751832224 ], [ 151.566448169874207, -33.304576279307916 ], [ 151.566446694267967, -33.304666450348357 ] ], [ [ 151.566552603977158, -33.30475786041022 ], [ 151.566658513907214, -33.304849270386391 ], [ 151.566768849922312, -33.304670167125742 ], [ 151.566661464697631, -33.304668928292699 ], [ 151.566552603977158, -33.30475786041022 ] ], [ [ 151.56665439822541, -33.298536055211571 ], [ 151.566761775934509, -33.298537293850096 ], [ 151.566763250873095, -33.298447122708147 ], [ 151.566655873274414, -33.298445884073836 ], [ 151.56665439822541, -33.298536055211571 ] ], [ [ 151.567205762285397, -33.258228183440224 ], [ 151.567313090683768, -33.258229420283982 ], [ 151.567421891093716, -33.258140485281785 ], [ 151.567314562798941, -33.258139248534839 ], [ 151.567205762285397, -33.258228183440224 ] ], [ [ 151.56579500169363, -33.305109869344143 ], [ 151.565796477995406, -33.30501969833589 ], [ 151.565689092388112, -33.305018458651134 ], [ 151.565687615975889, -33.305108629655166 ], [ 151.56579500169363, -33.305109869344143 ] ], [ [ 151.566334881873502, -33.304935724337525 ], [ 151.566336357609913, -33.304845553305405 ], [ 151.566015677432944, -33.30475166436878 ], [ 151.565903863609293, -33.305020937927871 ], [ 151.566117158886328, -33.305113587854535 ], [ 151.566334881873502, -33.304935724337525 ] ], [ [ 151.566442267409826, -33.304936963461515 ], [ 151.566549652952688, -33.304938202492735 ], [ 151.566551128468205, -33.304848031452167 ], [ 151.566443743035791, -33.304846792425167 ], [ 151.566442267409826, -33.304936963461515 ] ], [ [ 151.567221956403813, -33.25723629417076 ], [ 151.567219012077629, -33.25741663768661 ], [ 151.567327811540508, -33.257327702730933 ], [ 151.567329283590112, -33.257237530968098 ], [ 151.567221956403813, -33.25723629417076 ] ], [ [ 151.566471778680267, -33.303133542474555 ], [ 151.566579162014335, -33.303134781421271 ], [ 151.566580637398431, -33.303044610353325 ], [ 151.566473254174781, -33.30304337141083 ], [ 151.566471778680267, -33.303133542474555 ] ], [ [ 151.567176316400804, -33.260031618051713 ], [ 151.567174844037709, -33.260121789767922 ], [ 151.567282174750204, -33.260123026700327 ], [ 151.567283647003109, -33.260032854979897 ], [ 151.567176316400804, -33.260031618051713 ] ], [ [ 151.567039358573453, -33.268417581809715 ], [ 151.567037885600342, -33.268507753398751 ], [ 151.567145226563611, -33.268508990723731 ], [ 151.567146699426502, -33.268418819130481 ], [ 151.567039358573453, -33.268417581809715 ] ], [ [ 151.566847573715989, -33.286723624518871 ], [ 151.566740210472943, -33.286722386340941 ], [ 151.56673726185528, -33.286902728962311 ], [ 151.566844625319021, -33.286903967148689 ], [ 151.566847573715989, -33.286723624518871 ] ], [ [ 151.566331930381011, -33.305116066397666 ], [ 151.566439316138201, -33.305117305530104 ], [ 151.566440791777296, -33.305027134496484 ], [ 151.566333406130553, -33.305025895368281 ], [ 151.566331930381011, -33.305116066397666 ] ], [ [ 151.566355541585011, -33.303673329763292 ], [ 151.566462925575138, -33.3036745688281 ], [ 151.566464401109101, -33.303584397772603 ], [ 151.566357017229393, -33.303583158712001 ], [ 151.566355541585011, -33.303673329763292 ] ], [ [ 151.567004357283935, -33.257414163797279 ], [ 151.567002884890655, -33.257504335544695 ], [ 151.567110212394425, -33.257505572539884 ], [ 151.567111684677513, -33.257415400788233 ], [ 151.567004357283935, -33.257414163797279 ] ], [ [ 151.566980798204412, -33.258856911592048 ], [ 151.567088127361018, -33.25885814865056 ], [ 151.567089599742474, -33.258767976919415 ], [ 151.566982270696059, -33.258766739865131 ], [ 151.566980798204412, -33.258856911592048 ] ], [ [ 151.567200127158657, -33.245421309205284 ], [ 151.567308911306412, -33.24533237370003 ], [ 151.567310382704449, -33.245242201763809 ], [ 151.567203070181506, -33.245240965342639 ], [ 151.567200127158657, -33.245421309205284 ] ], [ [ 151.567114629224051, -33.257235057280838 ], [ 151.5667926477241, -33.257231346055505 ], [ 151.566798538060652, -33.256870659074949 ], [ 151.566685320570571, -33.25723010879522 ], [ 151.566789702516473, -33.257411689537577 ], [ 151.567114629224051, -33.257235057280838 ] ], [ [ 151.567074875632642, -33.259669694169283 ], [ 151.56696754548426, -33.259668457072777 ], [ 151.566966072927016, -33.259758628786031 ], [ 151.567073403185589, -33.259759865886735 ], [ 151.567074875632642, -33.259669694169283 ] ], [ [ 151.566904392315905, -33.256962067977177 ], [ 151.567011719151992, -33.256963305039626 ], [ 151.567013191505907, -33.256873133283982 ], [ 151.566905864780011, -33.256871896225753 ], [ 151.566904392315905, -33.256962067977177 ] ], [ [ 151.566450274794306, -33.291318644411554 ], [ 151.56634290594269, -33.291317405740088 ], [ 151.566341430971079, -33.291407576969014 ], [ 151.566448799933085, -33.291408815644694 ], [ 151.566450274794306, -33.291318644411554 ] ], [ [ 151.566149628717483, -33.303129825077875 ], [ 151.566257012031826, -33.303131064302853 ], [ 151.566258487747206, -33.303040893247584 ], [ 151.56615110454328, -33.303039654026826 ], [ 151.566149628717483, -33.303129825077875 ] ], [ [ 151.565999440398627, -33.305743545522461 ], [ 151.56621568933241, -33.305655853294695 ], [ 151.566114206925761, -33.305293929892294 ], [ 151.565896482586936, -33.305471792976597 ], [ 151.565999440398627, -33.305743545522461 ] ], [ [ 151.566752885207222, -33.259665982601994 ], [ 151.566860215342473, -33.259667219883688 ], [ 151.566861688003371, -33.259577048173298 ], [ 151.566754357978311, -33.259575810895832 ], [ 151.566752885207222, -33.259665982601994 ] ], [ [ 151.566361166135522, -33.27706785810031 ], [ 151.566255288994284, -33.276976448384517 ], [ 151.566142040197917, -33.277335895723994 ], [ 151.56624939192173, -33.277337134111363 ], [ 151.566361166135522, -33.27706785810031 ] ], [ [ 151.565700903449113, -33.304297090569662 ], [ 151.565808288172889, -33.304298330220597 ], [ 151.565809764415491, -33.304208159200023 ], [ 151.565702379802161, -33.304206919553316 ], [ 151.565700903449113, -33.304297090569662 ] ], [ [ 151.566416546198951, -33.247396433084724 ], [ 151.566644426095564, -33.24658736036853 ], [ 151.566422435878906, -33.247035745592463 ], [ 151.56620927916336, -33.246943099139862 ], [ 151.566099019139102, -33.247122205439219 ], [ 151.566096073638363, -33.24730254915999 ], [ 151.566203388628594, -33.247303786603787 ], [ 151.566204861272126, -33.247213614739863 ], [ 151.566416546198951, -33.247396433084724 ] ], [ [ 151.566094600878131, -33.24739272101835 ], [ 151.566198970658689, -33.247574302187388 ], [ 151.566304813426257, -33.247665711413987 ], [ 151.566416546198951, -33.247396433084724 ], [ 151.566094600878131, -33.24739272101835 ] ], [ [ 151.566751740237606, -33.246588597315771 ], [ 151.56675468431186, -33.246408253522432 ], [ 151.566647370390115, -33.246407016583653 ], [ 151.566644426095564, -33.24658736036853 ], [ 151.566751740237606, -33.246588597315771 ] ], [ [ 151.566074497637146, -33.274900028391208 ], [ 151.566073023309315, -33.274990199847977 ], [ 151.566180372159096, -33.274991438218159 ], [ 151.566181846376651, -33.274901266757162 ], [ 151.566074497637146, -33.274900028391208 ] ], [ [ 151.5661145595557, -33.265881637770519 ], [ 151.566221897263006, -33.26588287580666 ], [ 151.56622337092773, -33.265792704211755 ], [ 151.566116033330673, -33.265791466179834 ], [ 151.5661145595557, -33.265881637770519 ] ], [ [ 151.565978944172741, -33.274177418262973 ], [ 151.566086292023414, -33.274178656687774 ], [ 151.566087766292156, -33.274088485218698 ], [ 151.56598041855176, -33.274087246798111 ], [ 151.565978944172741, -33.274177418262973 ] ], [ [ 151.565590565785243, -33.304476192846096 ], [ 151.565483180853761, -33.30447495300119 ], [ 151.565481704260094, -33.304565124004974 ], [ 151.565589089302051, -33.304566363854107 ], [ 151.565590565785243, -33.304476192846096 ] ], [ [ 151.566319538727384, -33.246763992725569 ], [ 151.566318066226785, -33.246854164600578 ], [ 151.566425380679505, -33.24685540183814 ], [ 151.56642685306997, -33.246765229958918 ], [ 151.566319538727384, -33.246763992725569 ] ], [ [ 151.565637068974979, -33.288513424585879 ], [ 151.565638544508829, -33.288423253342749 ], [ 151.56553117924139, -33.288422014064892 ], [ 151.56552970359715, -33.28851218530378 ], [ 151.565637068974979, -33.288513424585879 ] ], [ [ 151.565916097749437, -33.264887273940509 ], [ 151.565914623819651, -33.264977445536431 ], [ 151.566021960411518, -33.264978683715555 ], [ 151.566023434231056, -33.264888512115419 ], [ 151.565916097749437, -33.264887273940509 ] ], [ [ 151.566132244422022, -33.264799578591983 ], [ 151.566133718118209, -33.264709406984885 ], [ 151.566024908044056, -33.264798340513913 ], [ 151.566023434231056, -33.264888512115419 ], [ 151.566132244422022, -33.264799578591983 ] ], [ [ 151.56600574796326, -33.265970571226859 ], [ 151.565896936150324, -33.26605950458076 ], [ 151.565783701701434, -33.266418952545749 ], [ 151.566105716768078, -33.266422667285944 ], [ 151.56600574796326, -33.265970571226859 ] ], [ [ 151.565773095989925, -33.27363391237644 ], [ 151.56588044316581, -33.273635150961205 ], [ 151.565881917615712, -33.273544979492371 ], [ 151.565774570550076, -33.273543740911833 ], [ 151.565773095989925, -33.27363391237644 ] ], [ [ 151.565226363618137, -33.267675160997534 ], [ 151.565224888823394, -33.267765332525698 ], [ 151.565332228793096, -33.267766571391569 ], [ 151.564895493227681, -33.2682124729292 ], [ 151.5648925428913, -33.268392815942377 ], [ 151.564569045256775, -33.268479269358409 ], [ 151.564457277554567, -33.268748544264994 ], [ 151.564674910663911, -33.268570680308606 ], [ 151.56488959252863, -33.268573158950097 ], [ 151.564888117337432, -33.268663330451894 ], [ 151.564780776291542, -33.268662091173233 ], [ 151.564880741282934, -33.269114187940382 ], [ 151.565439568769392, -33.267767810164806 ], [ 151.5659954305371, -33.266601772284254 ], [ 151.565668991984069, -33.266868571921187 ], [ 151.565232262731485, -33.267314474871199 ], [ 151.565333703477648, -33.26767639985917 ], [ 151.565226363618137, -33.267675160997534 ] ], [ [ 151.565670466272195, -33.266778400362426 ], [ 151.565564601887218, -33.266686990265043 ], [ 151.565561653097035, -33.266867333375451 ], [ 151.565668991984069, -33.266868571921187 ], [ 151.565670466272195, -33.266778400362426 ] ], [ [ 151.565757924349384, -33.248290726500471 ], [ 151.566079872915168, -33.248294439526575 ], [ 151.566194552629725, -33.247844817758676 ], [ 151.565655027953341, -33.248018973152561 ], [ 151.565757924349384, -33.248290726500471 ] ], [ [ 151.565479076306872, -33.271916938245617 ], [ 151.565264386204404, -33.271914460402897 ], [ 151.565262911211164, -33.272004631871006 ], [ 151.565692291883408, -33.272009587202774 ], [ 151.565479076306872, -33.271916938245617 ] ], [ [ 151.565583768382879, -33.265514759914048 ], [ 151.565582294076449, -33.265604931487715 ], [ 151.565689631420213, -33.265606169974276 ], [ 151.565691105616395, -33.265515998396396 ], [ 151.565583768382879, -33.265514759914048 ] ], [ [ 151.565492348965904, -33.271105394895052 ], [ 151.565385004903732, -33.271104156058051 ], [ 151.565165891646245, -33.271372192530599 ], [ 151.565489399532112, -33.271285737871423 ], [ 151.565492348965904, -33.271105394895052 ] ], [ [ 151.565485277517894, -33.264972491893722 ], [ 151.565483803140665, -33.265062663471362 ], [ 151.56559113981649, -33.265063902025197 ], [ 151.565592614083499, -33.264973730443316 ], [ 151.565485277517894, -33.264972491893722 ] ], [ [ 151.564972209372513, -33.289768384407708 ], [ 151.565079576262463, -33.289769624212497 ], [ 151.565081052440121, -33.289679453009676 ], [ 151.564973685660561, -33.289678213209093 ], [ 151.564972209372513, -33.289768384407708 ] ], [ [ 151.565161793152583, -33.265058947254175 ], [ 151.565267655204451, -33.265150357653688 ], [ 151.565374991977365, -33.265151596396983 ], [ 151.565270604406408, -33.26497001451667 ], [ 151.565161793152583, -33.265058947254175 ] ], [ [ 151.564860087456395, -33.270376588726243 ], [ 151.564849760060156, -33.271007789018633 ], [ 151.565277660848153, -33.271102917128424 ], [ 151.56496005447616, -33.270828685372287 ], [ 151.565179166927578, -33.2705606492203 ], [ 151.564967430603616, -33.270377827992604 ], [ 151.564860087456395, -33.270376588726243 ] ], [ [ 151.565151470013177, -33.265690148170648 ], [ 151.56514999525271, -33.265780319724676 ], [ 151.565257332790651, -33.265781558590177 ], [ 151.565258807440898, -33.265691387031922 ], [ 151.565151470013177, -33.265690148170648 ] ], [ [ 151.565048220914463, -33.272002153649275 ], [ 151.565155566059502, -33.272003392806468 ], [ 151.565157041163047, -33.271913221342594 ], [ 151.565049696128227, -33.271911982189629 ], [ 151.565048220914463, -33.272002153649275 ] ], [ [ 151.564842383151387, -33.271458646329314 ], [ 151.565060022440832, -33.271280781933804 ], [ 151.564736514192788, -33.271367235464389 ], [ 151.564842383151387, -33.271458646329314 ] ], [ [ 151.564536389317425, -33.296707841643091 ], [ 151.564643764686963, -33.296709082051713 ], [ 151.564645241702152, -33.296618910966934 ], [ 151.564537866443061, -33.296617670562547 ], [ 151.564536389317425, -33.296707841643091 ] ], [ [ 151.564961868848229, -33.264154753686299 ], [ 151.564960393978993, -33.264244925255113 ], [ 151.565067729629959, -33.264246164233988 ], [ 151.565069204388976, -33.264155992660932 ], [ 151.564961868848229, -33.264154753686299 ] ], [ [ 151.564336411766106, -33.295803649765226 ], [ 151.564551160277517, -33.295806130776043 ], [ 151.56444526318873, -33.295714719227 ], [ 151.564336411766106, -33.295803649765226 ] ], [ [ 151.564331979884827, -33.296074163014332 ], [ 151.564439354468391, -33.296075403578797 ], [ 151.564549683211112, -33.2958963018689 ], [ 151.564442308841734, -33.295895061405638 ], [ 151.564331979884827, -33.296074163014332 ] ], [ [ 151.565169759660165, -33.251440548791493 ], [ 151.565193341859214, -33.249997800419202 ], [ 151.56486843882908, -33.250174428471077 ], [ 151.564634634224717, -33.251344183767863 ], [ 151.564844851132762, -33.25161717659671 ], [ 151.565169759660165, -33.251440548791493 ] ], [ [ 151.564826507580534, -33.265866774112439 ], [ 151.564825032476222, -33.265956945651034 ], [ 151.564932370214905, -33.265958184802855 ], [ 151.564933845208998, -33.265868013260011 ], [ 151.564826507580534, -33.265866774112439 ] ], [ [ 151.56399360179222, -33.297062322432964 ], [ 151.564317206519405, -33.296975873755713 ], [ 151.564211308314952, -33.296884461992462 ], [ 151.564217218155363, -33.296523777723785 ], [ 151.564220173036063, -33.296343435581235 ], [ 151.564000990246086, -33.296611467149681 ], [ 151.563465592436671, -33.296515090379025 ], [ 151.562924280776031, -33.296779395402083 ], [ 151.563462635984052, -33.296695432456836 ], [ 151.563784761914974, -33.296699156186364 ], [ 151.56399360179222, -33.297062322432964 ] ], [ [ 151.564327547944288, -33.296344676251124 ], [ 151.56443492285905, -33.296345916828265 ], [ 151.564436400068729, -33.296255745746478 ], [ 151.564329025264385, -33.296254505173557 ], [ 151.564221650466578, -33.296253264507904 ], [ 151.564220173036063, -33.296343435581235 ], [ 151.564327547944288, -33.296344676251124 ] ], [ [ 151.56475864598147, -33.270014663472701 ], [ 151.564865988681106, -33.270015902814784 ], [ 151.56486746397087, -33.269925731333487 ], [ 151.564760121381482, -33.269924491995639 ], [ 151.56475864598147, -33.270014663472701 ] ], [ [ 151.564764547542069, -33.269653977556253 ], [ 151.564871889800685, -33.269655216881432 ], [ 151.564873365064159, -33.269565045394678 ], [ 151.564766022915762, -33.269563806073727 ], [ 151.564764547542069, -33.269653977556253 ] ], [ [ 151.564467606887774, -33.268117343851628 ], [ 151.564466131288441, -33.268207515343356 ], [ 151.564573471763396, -33.268208754878756 ], [ 151.564574947252481, -33.268118583382808 ], [ 151.564467606887774, -33.268117343851628 ] ], [ [ 151.564680812244916, -33.268209994321531 ], [ 151.564791103263616, -33.2680308906615 ], [ 151.56447055806666, -33.267937000864073 ], [ 151.564574947252481, -33.268118583382808 ], [ 151.564680812244916, -33.268209994321531 ] ], [ [ 151.564289605156375, -33.292105393655554 ], [ 151.564291082277634, -33.292015222517911 ], [ 151.5641822354429, -33.29210415309182 ], [ 151.564289605156375, -33.292105393655554 ] ], [ [ 151.56417484918606, -33.292555008738361 ], [ 151.564282219451428, -33.292556249323248 ], [ 151.564283696605571, -33.29246607819244 ], [ 151.564176326450593, -33.292464837611789 ], [ 151.56417484918606, -33.292555008738361 ] ], [ [ 151.564118708258519, -33.295981510534034 ], [ 151.564226082718562, -33.295982751279723 ], [ 151.564227560122703, -33.295892580200913 ], [ 151.564120185773078, -33.295891339459466 ], [ 151.564118708258519, -33.295981510534034 ] ], [ [ 151.564480886985791, -33.267305800364547 ], [ 151.56447941144566, -33.267395971868588 ], [ 151.564586750928413, -33.267397211365932 ], [ 151.564588226358325, -33.26730703985767 ], [ 151.564480886985791, -33.267305800364547 ] ], [ [ 151.564489740088732, -33.266764771311607 ], [ 151.564491215582905, -33.266674599798002 ], [ 151.564383876988614, -33.26667336024186 ], [ 151.564379450155712, -33.266943874765907 ], [ 151.564489740088732, -33.266764771311607 ] ], [ [ 151.563906914822326, -33.295798686630917 ], [ 151.563905437093553, -33.295888857698387 ], [ 151.564012811430018, -33.295890098625293 ], [ 151.563906914822326, -33.295798686630917 ] ], [ [ 151.564152965384693, -33.26766276728663 ], [ 151.564151489487529, -33.267752938772524 ], [ 151.564260305178493, -33.267664007074536 ], [ 151.564152965384693, -33.26766276728663 ] ], [ [ 151.564366169302133, -33.267755418264173 ], [ 151.564473509219283, -33.267756657871061 ], [ 151.564474984785733, -33.267666486372484 ], [ 151.564260305178493, -33.267664007074536 ], [ 151.564366169302133, -33.267755418264173 ] ], [ [ 151.563938285816903, -33.267660287432939 ], [ 151.563936809699214, -33.267750458910356 ], [ 151.564044149590075, -33.267751698887757 ], [ 151.564045625597487, -33.267661527406098 ], [ 151.563938285816903, -33.267660287432939 ] ], [ [ 151.563799540602815, -33.29579744561552 ], [ 151.563908392544505, -33.295708515562069 ], [ 151.563693644332886, -33.295706033447026 ], [ 151.563799540602815, -33.29579744561552 ] ], [ [ 151.56425440199132, -33.268024693026767 ], [ 151.56436174223262, -33.268025932738972 ], [ 151.564363217929014, -33.267935761248729 ], [ 151.564255877797933, -33.267934521540759 ], [ 151.56425440199132, -33.268024693026767 ] ], [ [ 151.564486349572178, -33.247283976396481 ], [ 151.564593664463956, -33.247285215228608 ], [ 151.564595138759444, -33.247195043428057 ], [ 151.5644878239778, -33.247193804600165 ], [ 151.564486349572178, -33.247283976396481 ] ], [ [ 151.563876705846411, -33.264863731020029 ], [ 151.563767893361842, -33.264952662504129 ], [ 151.563982566289354, -33.26495514247447 ], [ 151.563984042203202, -33.264864970954655 ], [ 151.563876705846411, -33.264863731020029 ] ], [ [ 151.564089902762959, -33.264956382320712 ], [ 151.564088426952765, -33.265046553843383 ], [ 151.564195763543182, -33.265047793601241 ], [ 151.564197239243157, -33.264957622074341 ], [ 151.564089902762959, -33.264956382320712 ] ], [ [ 151.564039721528388, -33.268022213324485 ], [ 151.563932381306813, -33.268020973334401 ], [ 151.563929429012319, -33.268201316276908 ], [ 151.564039721528388, -33.268022213324485 ] ], [ [ 151.563963378811081, -33.266127372107626 ], [ 151.563961902805204, -33.266217543608285 ], [ 151.564069240822022, -33.266218783513764 ], [ 151.56407071671768, -33.266128612008856 ], [ 151.563963378811081, -33.266127372107626 ] ], [ [ 151.563879657874821, -33.264683387984753 ], [ 151.563878181863885, -33.264773559503077 ], [ 151.564092854363622, -33.264776039271261 ], [ 151.56409433015412, -33.264685867744475 ], [ 151.563879657874821, -33.264683387984753 ] ], [ [ 151.563373000332405, -33.295612138529982 ], [ 151.562731714476485, -33.295424346264411 ], [ 151.56304939985597, -33.295698584876483 ], [ 151.563584792183576, -33.295794963306555 ], [ 151.563478896147586, -33.295703550961086 ], [ 151.563480374304788, -33.295613379907806 ], [ 151.563373000332405, -33.295612138529982 ] ], [ [ 151.562519925327422, -33.295241520094933 ], [ 151.562843524568166, -33.295155075090086 ], [ 151.56305974990903, -33.295067387593356 ], [ 151.562630256813776, -33.295062420143751 ], [ 151.562424385496854, -33.294518909719045 ], [ 151.562756855053749, -33.293891438606664 ], [ 151.562873098917407, -33.293351654108378 ], [ 151.562208160936933, -33.294606596136745 ], [ 151.562519925327422, -33.295241520094933 ] ], [ [ 151.562947940596644, -33.295336658986891 ], [ 151.563484808736831, -33.295342866739745 ], [ 151.563486286867658, -33.295252695680993 ], [ 151.563380391571513, -33.295161283264214 ], [ 151.562843524568166, -33.295155075090086 ], [ 151.562947940596644, -33.295336658986891 ] ], [ [ 151.563593660405076, -33.295253936949166 ], [ 151.563595138418947, -33.295163765884809 ], [ 151.563487764991919, -33.295162524620864 ], [ 151.563486286867658, -33.295252695680993 ], [ 151.563593660405076, -33.295253936949166 ] ], [ [ 151.563720653592497, -33.267838150145273 ], [ 151.563719177241239, -33.267928321611485 ], [ 151.563826517339407, -33.267929561782594 ], [ 151.563827993580475, -33.267839390312155 ], [ 151.563720653592497, -33.267838150145273 ] ], [ [ 151.563002371338342, -33.311661321475896 ], [ 151.563109764961922, -33.311662563700239 ], [ 151.563111244395259, -33.311572392893453 ], [ 151.563003850882183, -33.311571150673345 ], [ 151.563002371338342, -33.311661321475896 ] ], [ [ 151.563083405961407, -33.293624650694362 ], [ 151.563081927507511, -33.293714821760801 ], [ 151.563189299141982, -33.293716063327878 ], [ 151.563190777485516, -33.293625892257189 ], [ 151.563083405961407, -33.293624650694362 ] ], [ [ 151.563298149016191, -33.29362713372732 ], [ 151.563299627242714, -33.293536962651025 ], [ 151.563406998669592, -33.293538204024202 ], [ 151.563302583676034, -33.293356620494343 ], [ 151.563195212476501, -33.293355379036939 ], [ 151.563193734152748, -33.293445550111727 ], [ 151.563086362849418, -33.293444308557355 ], [ 151.563084884408681, -33.293534479626537 ], [ 151.563192255822401, -33.293535721185144 ], [ 151.563190777485516, -33.293625892257189 ], [ 151.563298149016191, -33.29362713372732 ] ], [ [ 151.5632366028685, -33.290830588387202 ], [ 151.563343970977542, -33.290831829726073 ], [ 151.563345449, -33.290741658607359 ], [ 151.563238081001316, -33.29074041727273 ], [ 151.5632366028685, -33.290830588387202 ] ], [ [ 151.563025741380244, -33.297141321271866 ], [ 151.563133117209617, -33.297142562999859 ], [ 151.563134595803348, -33.297052391981175 ], [ 151.563027220084365, -33.297051150257417 ], [ 151.563025741380244, -33.297141321271866 ] ], [ [ 151.563223827632385, -33.26539731838794 ], [ 151.563222350907495, -33.265487489869926 ], [ 151.563329687996429, -33.265488730389883 ], [ 151.5633311646111, -33.265398558903669 ], [ 151.563223827632385, -33.26539731838794 ] ], [ [ 151.562792344392989, -33.291727333004758 ], [ 151.56279086574628, -33.291817504087241 ], [ 151.562898235043065, -33.291818745843528 ], [ 151.562899713579441, -33.291728574756803 ], [ 151.562792344392989, -33.291727333004758 ] ], [ [ 151.562709530033402, -33.296776911516346 ], [ 151.562816905401434, -33.296778153505578 ], [ 151.562818384299987, -33.29668798249412 ], [ 151.562711009042374, -33.296686740509124 ], [ 151.562709530033402, -33.296776911516346 ] ], [ [ 151.562680538922081, -33.291996604390647 ], [ 151.562679060145229, -33.292086775464782 ], [ 151.562786429766561, -33.292088017326485 ], [ 151.562787908433052, -33.291997846248094 ], [ 151.562680538922081, -33.291996604390647 ] ], [ [ 151.562323963161106, -33.313727793677685 ], [ 151.562431359286336, -33.313729036556168 ], [ 151.562432839534182, -33.313638865806283 ], [ 151.562325443519427, -33.313637622932042 ], [ 151.562323963161106, -33.313727793677685 ] ], [ [ 151.562612508369284, -33.296144472384789 ], [ 151.562719882957964, -33.296145714437095 ], [ 151.562721361920808, -33.296055543420302 ], [ 151.562613987442575, -33.29605430137223 ], [ 151.562612508369284, -33.296144472384789 ] ], [ [ 151.562567253829258, -33.29235604671188 ], [ 151.562674623775138, -33.292357288679 ], [ 151.562676102571743, -33.292267117608965 ], [ 151.562568732736281, -33.292265875646073 ], [ 151.562567253829258, -33.29235604671188 ] ], [ [ 151.562343639052472, -33.292894588814725 ], [ 151.562451009647447, -33.292895830992691 ], [ 151.562452488704338, -33.292805659939333 ], [ 151.562453967754635, -33.292715488884603 ], [ 151.562346597380468, -33.292714246715114 ], [ 151.562345118219753, -33.292804417765609 ], [ 151.562343639052472, -33.292894588814725 ] ], [ [ 151.562455446798367, -33.292625317828531 ], [ 151.562562817068766, -33.292626559901066 ], [ 151.562564295995514, -33.292536388839366 ], [ 151.562456925835505, -33.292535146771066 ], [ 151.562455446798367, -33.292625317828531 ] ], [ [ 151.562821067642801, -33.263769268793986 ], [ 151.562819590595439, -33.26385944028366 ], [ 151.56292692567402, -33.263860681097881 ], [ 151.562928402611192, -33.263770509603972 ], [ 151.562821067642801, -33.263769268793986 ] ], [ [ 151.562262274706256, -33.297853994408577 ], [ 151.562260795170005, -33.297944165381068 ], [ 151.562368171946929, -33.297945407796291 ], [ 151.562369651372762, -33.297855236819579 ], [ 151.562262274706256, -33.297853994408577 ] ], [ [ 151.562231830591656, -33.293163859670464 ], [ 151.562339201511151, -33.293165101953853 ], [ 151.562340680698156, -33.293074930908851 ], [ 151.562233309889052, -33.29307368862969 ], [ 151.562231830591656, -33.293163859670464 ] ], [ [ 151.562043082102093, -33.298122022196289 ], [ 151.562040122541873, -33.298302364114711 ], [ 151.562147499747226, -33.298303606732368 ], [ 151.562150459086638, -33.298123264805461 ], [ 151.562043082102093, -33.298122022196289 ] ], [ [ 151.562112032560918, -33.26772936512279 ], [ 151.562219372339939, -33.267730606674832 ], [ 151.562328189896817, -33.267641676720331 ], [ 151.562220850221451, -33.267640435265143 ], [ 151.562112032560918, -33.26772936512279 ] ], [ [ 151.56243552957875, -33.267642918082885 ], [ 151.562547301880159, -33.267373645077456 ], [ 151.562439962522376, -33.267372403820232 ], [ 151.56222380596472, -33.267460092441688 ], [ 151.562328189896817, -33.267641676720331 ], [ 151.56243552957875, -33.267642918082885 ] ], [ [ 151.562441440157073, -33.267282232396596 ], [ 151.562442917785177, -33.267192060971624 ], [ 151.562444395406743, -33.267101889545252 ], [ 151.562337056386212, -33.267100648208114 ], [ 151.562335578654455, -33.267190819630237 ], [ 151.562334100916075, -33.267280991050988 ], [ 151.562441440157073, -33.267282232396596 ] ], [ [ 151.561783109773643, -33.294331112794893 ], [ 151.561897880607006, -33.29388150043922 ], [ 151.561787549227716, -33.294060599772692 ], [ 151.561783109773643, -33.294331112794893 ] ], [ [ 151.562005252389781, -33.293882743034672 ], [ 151.562006731960679, -33.293792572013324 ], [ 151.561899360288294, -33.293791329422106 ], [ 151.561897880607006, -33.29388150043922 ], [ 151.562005252389781, -33.293882743034672 ] ], [ [ 151.562009691082693, -33.293612229966506 ], [ 151.562117062540921, -33.293613472456514 ], [ 151.562118541981647, -33.293523301426823 ], [ 151.562011170633809, -33.293522058941051 ], [ 151.562009691082693, -33.293612229966506 ] ], [ [ 151.562570455348407, -33.252853546331018 ], [ 151.562568978656259, -33.252943717969252 ], [ 151.562676300375472, -33.252944958641542 ], [ 151.562677776957486, -33.252854786999073 ], [ 151.562570455348407, -33.252853546331018 ] ], [ [ 151.562226334530266, -33.254202398010783 ], [ 151.56222485740895, -33.254292569615792 ], [ 151.562332180760905, -33.254293810629328 ], [ 151.562333657772058, -33.254203639020076 ], [ 151.562226334530266, -33.254202398010783 ] ], [ [ 151.562443934802673, -33.254024536705742 ], [ 151.56233661177464, -33.254023295797481 ], [ 151.562227811645016, -33.254112226404402 ], [ 151.562333657772058, -33.254203639020076 ], [ 151.562443934802673, -33.254024536705742 ] ], [ [ 151.562338088766069, -33.253933124184115 ], [ 151.562230765854764, -33.253931883187519 ], [ 151.562229288753201, -33.25402205479665 ], [ 151.56233661177464, -33.254023295797481 ], [ 151.562338088766069, -33.253933124184115 ] ], [ [ 151.562446888558611, -33.253844193469192 ], [ 151.562343996665987, -33.253572437717025 ], [ 151.562236674195361, -33.253571196737362 ], [ 151.562338088766069, -33.253933124184115 ], [ 151.562446888558611, -33.253844193469192 ] ], [ [ 151.562451319143179, -33.253573678604106 ], [ 151.562452795991561, -33.253483506979684 ], [ 151.562454272833349, -33.253393335353884 ], [ 151.562346950576455, -33.253392094475267 ], [ 151.562345473624504, -33.253482266096839 ], [ 151.562343996665987, -33.253572437717025 ], [ 151.562451319143179, -33.253573678604106 ] ], [ [ 151.562563071821842, -33.253304404508512 ], [ 151.562564548540308, -33.253214232875763 ], [ 151.562673347191776, -33.253125301922374 ], [ 151.562354335237529, -33.252941236346963 ], [ 151.562457226497173, -33.253212992098199 ], [ 151.562454272833349, -33.253393335353884 ], [ 151.562563071821842, -33.253304404508512 ] ], [ [ 151.562466087330819, -33.252671962298272 ], [ 151.562573408712979, -33.252673203050442 ], [ 151.56257488538543, -33.252583031408108 ], [ 151.562466087330819, -33.252671962298272 ] ], [ [ 151.561817968030908, -33.298750733330948 ], [ 151.561710590293302, -33.298749490413897 ], [ 151.561601732297646, -33.298838418337482 ], [ 151.56181648798713, -33.298840904272787 ], [ 151.561817968030908, -33.298750733330948 ] ], [ [ 151.562314889718408, -33.268453219396321 ], [ 151.562316367542309, -33.268363047993347 ], [ 151.562101686434289, -33.268360564922588 ], [ 151.562207549050839, -33.268451977903013 ], [ 151.562314889718408, -33.268453219396321 ] ], [ [ 151.562111625071765, -33.254652014899122 ], [ 151.562215994542782, -33.254833599217164 ], [ 151.562435073376975, -33.254565566382546 ], [ 151.56211310232959, -33.254561843303804 ], [ 151.562111625071765, -33.254652014899122 ] ], [ [ 151.561497315206225, -33.298656833371112 ], [ 151.561604692820282, -33.29865807646938 ], [ 151.561606173071652, -33.298567905533297 ], [ 151.561498795568042, -33.298566662439256 ], [ 151.561497315206225, -33.298656833371112 ] ], [ [ 151.561489913298203, -33.299107688009883 ], [ 151.561597291464295, -33.299108931129346 ], [ 151.561598771748692, -33.299018760200106 ], [ 151.561491393693018, -33.29901751708487 ], [ 151.561489913298203, -33.299107688009883 ] ], [ [ 151.561995824038235, -33.268269151856622 ], [ 151.562104642503385, -33.26818022212948 ], [ 151.562106120528057, -33.268090050730869 ], [ 151.561782621552169, -33.268176496854018 ], [ 151.561995824038235, -33.268269151856622 ] ], [ [ 151.561675737452134, -33.294329869992822 ], [ 151.561565405026641, -33.294508969089044 ], [ 151.561672777562336, -33.294510211992311 ], [ 151.561675737452134, -33.294329869992822 ] ], [ [ 151.561679716625463, -33.26790474076121 ], [ 151.561678238172988, -33.267994912145618 ], [ 151.561785578256377, -33.267996154080869 ], [ 151.561787056598632, -33.267905982692241 ], [ 151.561679716625463, -33.26790474076121 ] ], [ [ 151.562110554562565, -33.267819536526858 ], [ 151.56189735302263, -33.267726881740806 ], [ 151.561790013263334, -33.267725639910886 ], [ 151.561787056598632, -33.267905982692241 ], [ 151.562110554562565, -33.267819536526858 ] ], [ [ 151.561791491585808, -33.267635468518144 ], [ 151.562113510552649, -33.267639193717336 ], [ 151.56179740480988, -33.267274782933526 ], [ 151.56168563036951, -33.267544055209967 ], [ 151.561790013263334, -33.267725639910886 ], [ 151.561791491585808, -33.267635468518144 ] ], [ [ 151.562020951548305, -33.266736237989591 ], [ 151.561913612995085, -33.266734996298894 ], [ 151.561697457541499, -33.26682268404182 ], [ 151.561587161923825, -33.267001784860774 ], [ 151.562017995469404, -33.266916580818005 ], [ 151.562020951548305, -33.266736237989591 ] ], [ [ 151.561698935908368, -33.266732512639628 ], [ 151.561591597374871, -33.266731270671059 ], [ 151.561590118897783, -33.266821442069016 ], [ 151.561697457541499, -33.26682268404182 ], [ 151.561698935908368, -33.266732512639628 ] ], [ [ 151.561340297835017, -33.295137679870379 ], [ 151.561447671130253, -33.29513892298877 ], [ 151.561449151345357, -33.295048752007773 ], [ 151.561341778160511, -33.295047508893624 ], [ 151.561340297835017, -33.295137679870379 ] ], [ [ 151.561315131292872, -33.296670586265861 ], [ 151.561313650848717, -33.296760757217982 ], [ 151.561421026131057, -33.296762000412691 ], [ 151.561422506464851, -33.296671829456322 ], [ 151.561315131292872, -33.296670586265861 ] ], [ [ 151.561349179689074, -33.294596653989302 ], [ 151.561456552321999, -33.294597897082262 ], [ 151.561458032497541, -33.294507726093045 ], [ 151.561350659975005, -33.294506483004334 ], [ 151.561349179689074, -33.294596653989302 ] ], [ [ 151.561902887392534, -33.254288846019705 ], [ 151.561901409934137, -33.254379017610638 ], [ 151.562008733376501, -33.25438025890616 ], [ 151.562010210724736, -33.254290087310977 ], [ 151.561902887392534, -33.254288846019705 ] ], [ [ 151.561809230941947, -33.266553411698645 ], [ 151.561703370969468, -33.266461998424894 ], [ 151.561487216002917, -33.266549685818383 ], [ 151.561700414268643, -33.266642341236093 ], [ 151.561809230941947, -33.266553411698645 ] ], [ [ 151.56158420492352, -33.267182127647075 ], [ 151.561582726413491, -33.267272299038176 ], [ 151.561690065608389, -33.267273541032161 ], [ 151.561691544008198, -33.26718336963684 ], [ 151.56158420492352, -33.267182127647075 ] ], [ [ 151.561598989661633, -33.266280413660866 ], [ 151.561706327643947, -33.266281655608239 ], [ 151.561707805971309, -33.26619148419784 ], [ 151.561600468099215, -33.266190242254702 ], [ 151.561598989661633, -33.266280413660866 ] ], [ [ 151.561459121967545, -33.268262942116742 ], [ 151.5613503027636, -33.268351871257082 ], [ 151.561348823947441, -33.268442042621906 ], [ 151.561564983779448, -33.268354355624645 ], [ 151.561459121967545, -33.268262942116742 ] ], [ [ 151.560960427234988, -33.298650616488715 ], [ 151.560745672092651, -33.298648129086622 ], [ 151.560744190951368, -33.298738299987434 ], [ 151.560958946314543, -33.298740787398017 ], [ 151.560960427234988, -33.298650616488715 ] ], [ [ 151.561409450008028, -33.264745015541791 ], [ 151.561407971455338, -33.264835186961363 ], [ 151.561515307660841, -33.264836429026161 ], [ 151.561516786103283, -33.264746257602368 ], [ 151.561409450008028, -33.264745015541791 ] ], [ [ 151.560918208489284, -33.294681851656925 ], [ 151.560810835778938, -33.294680608096137 ], [ 151.560809354927898, -33.29477077905716 ], [ 151.560916727748605, -33.294772022622205 ], [ 151.560918208489284, -33.294681851656925 ] ], [ [ 151.561063778837621, -33.266184031149692 ], [ 151.561276975754197, -33.266276687263002 ], [ 151.561390228309477, -33.265917243889355 ], [ 151.561066736795368, -33.266003688375697 ], [ 151.561063778837621, -33.266184031149692 ] ], [ [ 151.561379877703075, -33.266548443673045 ], [ 151.561381356380906, -33.266458272279472 ], [ 151.561274018197878, -33.266457030045757 ], [ 151.561272539409828, -33.266547201435088 ], [ 151.561379877703075, -33.266548443673045 ] ], [ [ 151.560539805010791, -33.298104615930917 ], [ 151.560538323688291, -33.298194786831445 ], [ 151.560645700690884, -33.298196030743128 ], [ 151.560647181903022, -33.298105859838344 ], [ 151.560539805010791, -33.298104615930917 ] ], [ [ 151.560222651584951, -33.317401157445801 ], [ 151.560330052115404, -33.317402402261258 ], [ 151.560331534733308, -33.317312231648081 ], [ 151.560224134313358, -33.31731098683688 ], [ 151.560222651584951, -33.317401157445801 ] ], [ [ 151.560121182377145, -33.317039230110581 ], [ 151.560119699558015, -33.317129400719374 ], [ 151.560227099750335, -33.317130645614895 ], [ 151.560230065160908, -33.31695030438744 ], [ 151.560121182377145, -33.317039230110581 ] ], [ [ 151.560975668692407, -33.265010560577046 ], [ 151.561083005091973, -33.265011803020798 ], [ 151.561084483988509, -33.264921631616701 ], [ 151.561085962878451, -33.264831460211226 ], [ 151.560978626699324, -33.264830217775952 ], [ 151.560977147699163, -33.264920389177185 ], [ 151.560975668692407, -33.265010560577046 ] ], [ [ 151.559961875835967, -33.320193955471183 ], [ 151.560069279779299, -33.320195200603827 ], [ 151.56007076282296, -33.320105030041582 ], [ 151.559963358990103, -33.320103784913186 ], [ 151.559961875835967, -33.320193955471183 ] ], [ [ 151.560746203278541, -33.265909789250323 ], [ 151.560853540767226, -33.265911031921711 ], [ 151.560855019950111, -33.265820860539762 ], [ 151.560746203278541, -33.265909789250323 ] ], [ [ 151.559896000813808, -33.317667934223039 ], [ 151.56000340165599, -33.31766917932962 ], [ 151.560004884625215, -33.31757900873329 ], [ 151.559897483893536, -33.31757776363095 ], [ 151.559896000813808, -33.317667934223039 ] ], [ [ 151.55987820334164, -33.318749981221366 ], [ 151.559985605510036, -33.318751226378893 ], [ 151.559987088558501, -33.318661055798984 ], [ 151.559879686500665, -33.318659810645698 ], [ 151.55987820334164, -33.318749981221366 ] ], [ [ 151.559861888156632, -33.319741857463271 ], [ 151.559969291540767, -33.319743102667488 ], [ 151.559970774661878, -33.319652932102656 ], [ 151.559863371388303, -33.319651686902667 ], [ 151.559861888156632, -33.319741857463271 ] ], [ [ 151.560147339466766, -33.295845366839934 ], [ 151.56014585786761, -33.295935537757728 ], [ 151.560253232083824, -33.295936781934245 ], [ 151.560254713572618, -33.295846611012216 ], [ 151.560147339466766, -33.295845366839934 ] ], [ [ 151.560251750588463, -33.296026952854895 ], [ 151.560359124921661, -33.296028196942949 ], [ 151.560360606306631, -33.295938026018057 ], [ 151.560253232083824, -33.295936781934245 ], [ 151.560251750588463, -33.296026952854895 ] ], [ [ 151.56011029750789, -33.298099639373845 ], [ 151.560217674373689, -33.298100883652211 ], [ 151.56021915602085, -33.298010712763038 ], [ 151.560111779265412, -33.298009468488921 ], [ 151.56011029750789, -33.298099639373845 ] ], [ [ 151.560494538340123, -33.26816158741569 ], [ 151.560382758710062, -33.268430858344558 ], [ 151.560597439827802, -33.26843334438793 ], [ 151.560706259874138, -33.268344415931274 ], [ 151.560494538340123, -33.26816158741569 ] ], [ [ 151.559647081408258, -33.319739366776396 ], [ 151.55975448477912, -33.319740612166235 ], [ 151.559650048307077, -33.319559025670806 ], [ 151.559542645163845, -33.319557780196646 ], [ 151.559647081408258, -33.319739366776396 ] ], [ [ 151.559571930961539, -33.29818358745338 ], [ 151.559570448638738, -33.298273758314345 ], [ 151.559677825692376, -33.298275003064859 ], [ 151.559679307904759, -33.298184832199645 ], [ 151.559571930961539, -33.29818358745338 ] ], [ [ 151.5597866848546, -33.298186076853199 ], [ 151.559682272309715, -33.298004490465111 ], [ 151.559679307904759, -33.298184832199645 ], [ 151.5597866848546, -33.298186076853199 ] ], [ [ 151.559785202752636, -33.298276247722647 ], [ 151.55989257981949, -33.298277492287696 ], [ 151.559894061811036, -33.298187321414005 ], [ 151.5597866848546, -33.298186076853199 ], [ 151.559785202752636, -33.298276247722647 ] ], [ [ 151.560187317479205, -33.267256144687444 ], [ 151.560294656588439, -33.267257387885557 ], [ 151.560401995704296, -33.267258630991037 ], [ 151.560403475426938, -33.267168459646584 ], [ 151.560296136421329, -33.267167216545332 ], [ 151.560188797422313, -33.26716597335146 ], [ 151.560187317479205, -33.267256144687444 ] ], [ [ 151.56030501528025, -33.266626188475271 ], [ 151.560303535486895, -33.266716359823704 ], [ 151.560412353624429, -33.266627431551072 ], [ 151.56030501528025, -33.266626188475271 ] ], [ [ 151.559426339925182, -33.320097557879059 ], [ 151.559533743724955, -33.320098803471502 ], [ 151.559535227314598, -33.32000863292911 ], [ 151.559427823625356, -33.320007387340915 ], [ 151.559426339925182, -33.320097557879059 ] ], [ [ 151.559504361267983, -33.308824984845394 ], [ 151.559611751249236, -33.308826229999873 ], [ 151.559613234123702, -33.308736059290588 ], [ 151.559505844252925, -33.308734814140358 ], [ 151.559504361267983, -33.308824984845394 ] ], [ [ 151.559111548658223, -33.319642967904166 ], [ 151.559217467990749, -33.319734384288942 ], [ 151.559326355119509, -33.319645459510639 ], [ 151.559111548658223, -33.319642967904166 ] ], [ [ 151.559433758360029, -33.319646705174662 ], [ 151.559435242027206, -33.319556534629676 ], [ 151.55932783889719, -33.319555288969902 ], [ 151.559326355119509, -33.319645459510639 ], [ 151.559433758360029, -33.319646705174662 ] ], [ [ 151.559214500181326, -33.319914725355076 ], [ 151.559213016266682, -33.320004895886093 ], [ 151.559320419942736, -33.32000614165991 ], [ 151.55932190374682, -33.319915971124644 ], [ 151.559214500181326, -33.319914725355076 ] ], [ [ 151.559429307318965, -33.319917216801407 ], [ 151.559324871335235, -33.319735630050019 ], [ 151.55932190374682, -33.319915971124644 ], [ 151.559429307318965, -33.319917216801407 ] ], [ [ 151.559145388763596, -33.297998265848861 ], [ 151.559252765459604, -33.297999510957581 ], [ 151.559254248093794, -33.297909340105242 ], [ 151.559146871508176, -33.297908095000771 ], [ 151.559145388763596, -33.297998265848861 ] ], [ [ 151.55835576094745, -33.326398274960923 ], [ 151.558354275783017, -33.326488445363587 ], [ 151.558461687371903, -33.326489692093048 ], [ 151.558463172425775, -33.32639952168612 ], [ 151.55835576094745, -33.326398274960923 ] ], [ [ 151.558717365231786, -33.297903113655586 ], [ 151.55860850538258, -33.297992038914309 ], [ 151.558496678465474, -33.298261305708827 ], [ 151.558711432447296, -33.298263796971803 ], [ 151.558717365231786, -33.297903113655586 ] ], [ [ 151.558390388902041, -33.311247135570163 ], [ 151.558497781799957, -33.311248381767058 ], [ 151.558499265957494, -33.311158211137204 ], [ 151.558391873170109, -33.311156964944537 ], [ 151.558390388902041, -33.311247135570163 ] ], [ [ 151.558181541042387, -33.310883960421386 ], [ 151.558287449126482, -33.310975377412312 ], [ 151.558506686646155, -33.310707357967409 ], [ 151.558184509960853, -33.310703619174859 ], [ 151.558181541042387, -33.310883960421386 ] ], [ [ 151.558417487562451, -33.296546814233295 ], [ 151.558524862445836, -33.296548059923161 ], [ 151.55852634574714, -33.296457889078653 ], [ 151.558418970974174, -33.296456643393036 ], [ 151.558417487562451, -33.296546814233295 ] ], [ [ 151.557838017377264, -33.325219824859353 ], [ 151.557836531746034, -33.325309995258564 ], [ 151.557943941864607, -33.325311242396907 ], [ 151.557945427385249, -33.325221071993433 ], [ 151.557838017377264, -33.325219824859353 ] ], [ [ 151.55326979603862, -33.30911328897578 ], [ 151.55326830661366, -33.309203459427195 ], [ 151.553377186077853, -33.309114539527961 ], [ 151.55326979603862, -33.30911328897578 ] ], [ [ 151.55348308691967, -33.309205960447315 ], [ 151.553590477082594, -33.309207210818201 ], [ 151.553591966176185, -33.30911704035401 ], [ 151.553377186077853, -33.309114539527961 ], [ 151.55348308691967, -33.309205960447315 ] ], [ [ 151.553588987982408, -33.309297381281027 ], [ 151.55380376854913, -33.309299881753049 ], [ 151.554020037800711, -33.309212211374103 ], [ 151.554340720081967, -33.309306131309583 ], [ 151.554336255061372, -33.309576642779355 ], [ 151.554549548251174, -33.309669312473844 ], [ 151.554439180970348, -33.309848403895359 ], [ 151.554761353977881, -33.309852152314399 ], [ 151.554767305637512, -33.309491470300244 ], [ 151.555195380509787, -33.309586637347941 ], [ 151.55530574591927, -33.309407545196393 ], [ 151.555302771220653, -33.309587886251535 ], [ 151.555410161938141, -33.30958913506236 ], [ 151.555951575674555, -33.309324866063491 ], [ 151.556054506382168, -33.309596625979111 ], [ 151.556269287916507, -33.309599122209178 ], [ 151.556270774274907, -33.309508951643963 ], [ 151.55637816494152, -33.309510199615595 ], [ 151.55637965118288, -33.309420029044745 ], [ 151.556488527869874, -33.309331106342889 ], [ 151.556597404335974, -33.309242183538387 ], [ 151.556600376330437, -33.30906184237012 ], [ 151.556495958391821, -33.308880253440087 ], [ 151.557031422452127, -33.308976661898406 ], [ 151.557028451354654, -33.309157003103437 ], [ 151.557244717234539, -33.309069327010732 ], [ 151.557246202559071, -33.308979156399019 ], [ 151.557353592622434, -33.308980403510184 ], [ 151.557355077829868, -33.308890232892857 ], [ 151.55735656303068, -33.308800062274166 ], [ 151.557463952879743, -33.308801309284036 ], [ 151.557465437963486, -33.308711138659724 ], [ 151.557358048224899, -33.308709891654097 ], [ 151.557359533412495, -33.308619721032656 ], [ 151.557466923040636, -33.308620968034027 ], [ 151.557469893175011, -33.308440626778555 ], [ 151.557149210361928, -33.308346714904602 ], [ 151.556934431814739, -33.308344220277981 ], [ 151.556935917417718, -33.308254049668079 ], [ 151.557043306577526, -33.308255297023528 ], [ 151.557044792063436, -33.308165126407992 ], [ 151.556615235905696, -33.308160136446666 ], [ 151.556834471052099, -33.307892119783595 ], [ 151.556835956732471, -33.307801949171107 ], [ 151.556410860721854, -33.307526446741051 ], [ 151.556409374619534, -33.307616617340621 ], [ 151.556513790969433, -33.307798206333693 ], [ 151.556190138922886, -33.307884633248349 ], [ 151.556404916272811, -33.30788712913116 ], [ 151.556509332914374, -33.308068718128773 ], [ 151.556296041355239, -33.307976051825996 ], [ 151.556184193484228, -33.308245315582518 ], [ 151.556076804377369, -33.308244067484935 ], [ 151.556078290857414, -33.308153896907697 ], [ 151.555970901867596, -33.30815264872161 ], [ 151.555972388451494, -33.308062478147271 ], [ 151.555864999578773, -33.308061229872671 ], [ 151.555754637096442, -33.308240322635591 ], [ 151.555647248016044, -33.308239074166949 ], [ 151.555429495569598, -33.308416918050604 ], [ 151.555860539475873, -33.308331741578826 ], [ 151.555745716088779, -33.308781345993609 ], [ 151.555642787210616, -33.308509585839332 ], [ 151.555104352750362, -33.308593512574134 ], [ 151.555108815232586, -33.308323000969708 ], [ 151.554568893457144, -33.308497095922831 ], [ 151.554467456705794, -33.308135164375742 ], [ 151.554248213838036, -33.30840317663818 ], [ 151.554246725460274, -33.308493347138899 ], [ 151.554354114785951, -33.308494596826314 ], [ 151.554567405404129, -33.308587266434984 ], [ 151.554137847646416, -33.308582267853815 ], [ 151.554240771882945, -33.308854029128121 ], [ 151.554346673350011, -33.308945449330714 ], [ 151.554239283472043, -33.30894419962199 ], [ 151.553917113877901, -33.308940449939222 ], [ 151.554025992367855, -33.308851529440886 ], [ 151.553812701725377, -33.308758858904376 ], [ 151.553811212879225, -33.308849029382579 ], [ 151.553703823144872, -33.308847779214283 ], [ 151.553705312101471, -33.308757608740336 ], [ 151.553599411544639, -33.308666188012481 ], [ 151.553500956930492, -33.308123914837708 ], [ 151.553181769363135, -33.307939822393365 ], [ 151.553392078858167, -33.308212834895933 ], [ 151.553280221827748, -33.308482095777599 ], [ 151.553277243064002, -33.308662436698206 ], [ 151.553492022044452, -33.308664937667153 ], [ 151.553490532873553, -33.308755108133937 ], [ 151.553699356235313, -33.309118290627872 ], [ 151.553697867252197, -33.309208461096333 ], [ 151.553590477082594, -33.309207210818201 ], [ 151.553588987982408, -33.309297381281027 ] ], [ [ 151.554331789981063, -33.309847154236799 ], [ 151.554330301607706, -33.309937324719876 ], [ 151.554437692707467, -33.309938574382699 ], [ 151.554439180970348, -33.309848403895359 ], [ 151.554331789981063, -33.309847154236799 ] ], [ [ 151.555947115624974, -33.309595377724911 ], [ 151.555945628928527, -33.309685548275979 ], [ 151.556053019796195, -33.309686796534429 ], [ 151.556054506382168, -33.309596625979111 ], [ 151.555947115624974, -33.309595377724911 ] ], [ [ 151.556376678693596, -33.309600370185045 ], [ 151.556484069477278, -33.309601618068143 ], [ 151.556485555614756, -33.309511447494437 ], [ 151.55637816494152, -33.309510199615595 ], [ 151.556376678693596, -33.309600370185045 ] ], [ [ 151.556707766464569, -33.309063090042144 ], [ 151.55670925234142, -33.308972919451712 ], [ 151.556601862317734, -33.308971671783937 ], [ 151.556600376330437, -33.30906184237012 ], [ 151.556707766464569, -33.309063090042144 ] ], [ [ 151.557921719407346, -33.307093053976587 ], [ 151.55802910719072, -33.307094300441861 ], [ 151.558246851140552, -33.306916451732555 ], [ 151.557924688433275, -33.306912712640546 ], [ 151.557926172936305, -33.306822541970469 ], [ 151.557818785490895, -33.306821295425188 ], [ 151.55782027009775, -33.306731124757981 ], [ 151.557927657432714, -33.30673237129902 ], [ 151.558039497892565, -33.306463105711984 ], [ 151.557930626405749, -33.30655202995203 ], [ 151.557932110882348, -33.306461859276467 ], [ 151.557826208459176, -33.306370442075519 ], [ 151.557717336881751, -33.306459366127143 ], [ 151.55760549544766, -33.306728631397647 ], [ 151.557604010619883, -33.306818802056334 ], [ 151.557601040944462, -33.306999143369602 ], [ 151.557817300877389, -33.306911466091002 ], [ 151.557483258452521, -33.307629091061102 ], [ 151.557375870039436, -33.307627844106513 ], [ 151.5573743849246, -33.30771801474301 ], [ 151.557266996407691, -33.307716767691382 ], [ 151.557265511175785, -33.307806938322258 ], [ 151.55737289980317, -33.307808185378128 ], [ 151.557156637206049, -33.307895861798862 ], [ 151.557159607897404, -33.307715520546999 ], [ 151.55704776301539, -33.307984785172842 ], [ 151.55693888860381, -33.308073708444184 ], [ 151.557046277542725, -33.308074955791106 ], [ 151.557153666488233, -33.308076203045268 ], [ 151.55715218111942, -33.308166373666417 ], [ 151.557150695743985, -33.308256544286195 ], [ 151.557258084917038, -33.308257791456093 ], [ 151.557469893175011, -33.308440626778555 ], [ 151.557921719407346, -33.307093053976587 ] ], [ [ 151.557726244927892, -33.305918342096085 ], [ 151.557727729579113, -33.305828171419456 ], [ 151.557620343361862, -33.305826924735399 ], [ 151.55761440427554, -33.306187607416732 ], [ 151.557826208459176, -33.306370442075519 ], [ 151.557726244927892, -33.305918342096085 ] ], [ [ 151.557718821572649, -33.306369195458728 ], [ 151.557611434692689, -33.306367948749184 ], [ 151.557609949891344, -33.306458119413342 ], [ 151.557717336881751, -33.306459366127143 ], [ 151.557718821572649, -33.306369195458728 ] ], [ [ 151.556301986272615, -33.307615369458361 ], [ 151.556300500053197, -33.307705540052332 ], [ 151.556407888510563, -33.307706787938848 ], [ 151.556409374619534, -33.307616617340621 ], [ 151.556301986272615, -33.307615369458361 ] ], [ [ 151.554574845602872, -33.308136413860581 ], [ 151.55457633362272, -33.3080462433416 ], [ 151.554468944836117, -33.308044993861024 ], [ 151.554467456705794, -33.308135164375742 ], [ 151.554574845602872, -33.308136413860581 ] ], [ [ 151.554139336141276, -33.308492097358709 ], [ 151.554031946828871, -33.308490847485757 ], [ 151.554033435427527, -33.308400676993564 ], [ 151.55392604623222, -33.308399427032107 ], [ 151.553924557523089, -33.308489597520037 ], [ 151.553923068807308, -33.308579768006616 ], [ 151.554137847646416, -33.308582267853815 ], [ 151.554139336141276, -33.308492097358709 ] ], [ [ 151.554140824629485, -33.308401926862253 ], [ 151.554142313111072, -33.308311756364411 ], [ 151.554033435427527, -33.308400676993564 ], [ 151.554140824629485, -33.308401926862253 ] ], [ [ 151.553927534934758, -33.308309256542785 ], [ 151.553820145856548, -33.308308006492823 ], [ 151.553818657043564, -33.308398176977882 ], [ 151.55392604623222, -33.308399427032107 ], [ 151.553927534934758, -33.308309256542785 ] ], [ [ 151.553281711199674, -33.308391925315235 ], [ 151.553174322050779, -33.308390674704405 ], [ 151.553172832568407, -33.308480845162492 ], [ 151.553280221827748, -33.308482095777599 ], [ 151.553281711199674, -33.308391925315235 ] ], [ [ 151.553383143269571, -33.308753857691585 ], [ 151.553381653981603, -33.308844028152734 ], [ 151.553489043696061, -33.30884527859935 ], [ 151.553490532873553, -33.308755108133937 ], [ 151.553383143269571, -33.308753857691585 ] ], [ [ 151.557161093233162, -33.307625349919007 ], [ 151.557162578562298, -33.307535179289644 ], [ 151.556947802003378, -33.307532684739598 ], [ 151.556946316453292, -33.307622855360435 ], [ 151.557161093233162, -33.307625349919007 ] ], [ [ 151.557606980268844, -33.306638460737567 ], [ 151.557398145968278, -33.306275284394751 ], [ 151.557184857705522, -33.306182619684911 ], [ 151.557606980268844, -33.306638460737567 ] ], [ [ 151.557402433077925, -33.325575516915322 ], [ 151.557400946977992, -33.325665687292066 ], [ 151.557508357512319, -33.32566693481872 ], [ 151.557615768053239, -33.325668182252571 ], [ 151.557617253932051, -33.325578011867321 ], [ 151.557509843501691, -33.325576764437734 ], [ 151.557402433077925, -33.325575516915322 ] ], [ [ 151.557726150130691, -33.325489088813228 ], [ 151.557618739804241, -33.325487841480715 ], [ 151.557617253932051, -33.325578011867321 ], [ 151.557726150130691, -33.325489088813228 ] ], [ [ 151.557512815460569, -33.325396423671648 ], [ 151.557511329484441, -33.325486594055384 ], [ 151.557618739804241, -33.325487841480715 ], [ 151.557512815460569, -33.325396423671648 ] ], [ [ 151.557860848547733, -33.310790050158516 ], [ 151.557968240860191, -33.310791296798051 ], [ 151.557969725537049, -33.310701126182607 ], [ 151.557862333335095, -33.310699879547322 ], [ 151.557860848547733, -33.310790050158516 ] ], [ [ 151.558177515051824, -33.298077226505988 ], [ 151.557961277605443, -33.298164905131316 ], [ 151.558065686706044, -33.298346492870216 ], [ 151.558174547542308, -33.298257568118878 ], [ 151.558177515051824, -33.298077226505988 ] ], [ [ 151.55742175177474, -33.32440330189312 ], [ 151.55742026576084, -33.324493472287656 ], [ 151.557527674857965, -33.324494719759045 ], [ 151.557529160761305, -33.324404549360253 ], [ 151.55742175177474, -33.32440330189312 ] ], [ [ 151.557186125929263, -33.325663191960224 ], [ 151.557184639601616, -33.325753362327085 ], [ 151.557292050233229, -33.325754610043667 ], [ 151.557293536450345, -33.325664439672551 ], [ 151.557186125929263, -33.325663191960224 ] ], [ [ 151.557178694224774, -33.326114043780819 ], [ 151.557177207864015, -33.32620421414083 ], [ 151.557284619048431, -33.326205461878679 ], [ 151.55728610529863, -33.326115291514427 ], [ 151.557178694224774, -33.326114043780819 ] ], [ [ 151.556849027514602, -33.326561151745601 ], [ 151.55684754078905, -33.326651322086001 ], [ 151.556954952506402, -33.32665257012362 ], [ 151.557169775960972, -33.326655065920356 ], [ 151.557063850734806, -33.326563647719496 ], [ 151.556956439121393, -33.326562399778965 ], [ 151.556849027514602, -33.326561151745601 ] ], [ [ 151.557402600975507, -33.306004772415427 ], [ 151.55750998740038, -33.306006019293498 ], [ 151.557511472279117, -33.305915848626732 ], [ 151.557404085964635, -33.305914601752924 ], [ 151.557402600975507, -33.306004772415427 ] ], [ [ 151.557278878024817, -33.306995402595085 ], [ 151.557386265658096, -33.306996649612692 ], [ 151.557387750720011, -33.306906478965239 ], [ 151.557280363197208, -33.30690523195188 ], [ 151.557278878024817, -33.306995402595085 ] ], [ [ 151.557495138249436, -33.306907725885829 ], [ 151.557496623194311, -33.306817555232762 ], [ 151.557389235775332, -33.306816308316428 ], [ 151.557387750720011, -33.306906478965239 ], [ 151.557495138249436, -33.306907725885829 ] ], [ [ 151.557366006133492, -33.295181790124467 ], [ 151.557473379294862, -33.295183036677827 ], [ 151.557474863600987, -33.295092865855274 ], [ 151.557367490550007, -33.295091619306156 ], [ 151.557366006133492, -33.295181790124467 ] ], [ [ 151.557167034510002, -33.307264667393348 ], [ 151.557274422467998, -33.307265914516471 ], [ 151.557275907660227, -33.307175743877373 ], [ 151.557168519812677, -33.307174496758506 ], [ 151.557167034510002, -33.307264667393348 ] ], [ [ 151.555812393321617, -33.330787917985724 ], [ 151.55613613126738, -33.330701494662165 ], [ 151.555924273790197, -33.330518656320528 ], [ 151.555816857377863, -33.330517407264352 ], [ 151.555812393321617, -33.330787917985724 ] ], [ [ 151.55624652306696, -33.330522402931976 ], [ 151.556245035497142, -33.330612573190841 ], [ 151.556352452046582, -33.330613821879879 ], [ 151.556353939505783, -33.330523651616765 ], [ 151.556461355951257, -33.330524900208708 ], [ 151.556580670069252, -33.329804786485525 ], [ 151.556583644419533, -33.329624445916252 ], [ 151.556376250599101, -33.32917109750575 ], [ 151.556377737952317, -33.329080927220716 ], [ 151.55637922529894, -33.328990756934324 ], [ 151.556271810739929, -33.328989508321889 ], [ 151.556273298190462, -33.32889933803839 ], [ 151.556380712638884, -33.328900586646554 ], [ 151.556382199972262, -33.328810416357406 ], [ 151.556274785634429, -33.328809167753491 ], [ 151.556059956978572, -33.328806670267134 ], [ 151.556058469313484, -33.328896840543507 ], [ 151.55616439618754, -33.328988259616615 ], [ 151.556161421045402, -33.329168600171016 ], [ 151.556051030888739, -33.329347691904786 ], [ 151.556264373387791, -33.329440359718902 ], [ 151.556262885897468, -33.329530529994187 ], [ 151.556253960816576, -33.330071551617166 ], [ 151.556361376702483, -33.330072800280675 ], [ 151.556359889276393, -33.330162970550631 ], [ 151.556252473279898, -33.330161721882867 ], [ 151.5562480106301, -33.330432232671761 ], [ 151.556034665771193, -33.330339564779074 ], [ 151.555924273790197, -33.330518656320528 ], [ 151.55624652306696, -33.330522402931976 ] ], [ [ 151.556691059772419, -33.329625694279947 ], [ 151.556692546827065, -33.329535523989016 ], [ 151.556585131584711, -33.32953427562957 ], [ 151.556583644419533, -33.329624445916252 ], [ 151.556691059772419, -33.329625694279947 ] ], [ [ 151.556485152628511, -33.32908217574456 ], [ 151.556483665385855, -33.329172346033864 ], [ 151.55659108017926, -33.329173594469118 ], [ 151.556592567311327, -33.329083424175579 ], [ 151.556485152628511, -33.32908217574456 ] ], [ [ 151.55658959304057, -33.329263764761279 ], [ 151.556698494979287, -33.32917484281154 ], [ 151.55659108017926, -33.329173594469118 ], [ 151.55658959304057, -33.329263764761279 ] ], [ [ 151.556632717374214, -33.326648825732285 ], [ 151.556631230420948, -33.326738996062808 ], [ 151.556629743461059, -33.326829166391953 ], [ 151.556738642235644, -33.326740244290335 ], [ 151.556632717374214, -33.326648825732285 ] ], [ [ 151.557063187893192, -33.294005829329194 ], [ 151.556957300965422, -33.293914411641147 ], [ 151.556736617795082, -33.294272600867671 ], [ 151.556951361837321, -33.294275094909274 ], [ 151.557061703224889, -33.294096000151171 ], [ 151.55716907504177, -33.29409724693167 ], [ 151.557276446865274, -33.294098493619458 ], [ 151.557170559599712, -33.294007076105444 ], [ 151.557063187893192, -33.294005829329194 ] ], [ [ 151.557172044151059, -33.293916905277854 ], [ 151.557280900188147, -33.293827981123933 ], [ 151.55728238461586, -33.293737810289343 ], [ 151.557066157210045, -33.293825487681154 ], [ 151.557172044151059, -33.293916905277854 ] ], [ [ 151.556500024690791, -33.328180472776403 ], [ 151.556607438267889, -33.328181721164853 ], [ 151.5567163388003, -33.328092799147612 ], [ 151.556501511860603, -33.328090302472063 ], [ 151.556500024690791, -33.328180472776403 ] ], [ [ 151.556502999023763, -33.328000132166331 ], [ 151.55661041237974, -33.328001380546269 ], [ 151.556717825742339, -33.328002628833381 ], [ 151.556719312677757, -33.32791245851778 ], [ 151.556611899425718, -33.327911210234923 ], [ 151.55650448618033, -33.327909961859248 ], [ 151.556502999023763, -33.328000132166331 ] ], [ [ 151.557260117505649, -33.295090372664326 ], [ 151.557152744467913, -33.295089125929778 ], [ 151.55715125983059, -33.295179296739576 ], [ 151.557258632978744, -33.295180543478381 ], [ 151.557260117505649, -33.295090372664326 ] ], [ [ 151.556429791142648, -33.325924966381834 ], [ 151.556537201949055, -33.325926214756734 ], [ 151.556538688953282, -33.325836044418139 ], [ 151.556431278257463, -33.325834796047495 ], [ 151.556429791142648, -33.325924966381834 ] ], [ [ 151.556535714938178, -33.326016385093958 ], [ 151.55664312586174, -33.326017633380282 ], [ 151.556537201949055, -33.325926214756734 ], [ 151.556535714938178, -33.326016385093958 ] ], [ [ 151.556750536791952, -33.326018881573773 ], [ 151.556752023581708, -33.325928711228038 ], [ 151.55664312586174, -33.326017633380282 ], [ 151.556750536791952, -33.326018881573773 ] ], [ [ 151.556981521314583, -33.298965222504627 ], [ 151.556980036282539, -33.299055393251308 ], [ 151.557087414171264, -33.299056640265682 ], [ 151.557088899092918, -33.29896646951476 ], [ 151.556981521314583, -33.298965222504627 ] ], [ [ 151.556340552134401, -33.331335183935437 ], [ 151.556339064615571, -33.331425354186223 ], [ 151.556446482166876, -33.331426602820727 ], [ 151.556340552134401, -33.331335183935437 ] ], [ [ 151.556403021943822, -33.327548032165694 ], [ 151.556401534703213, -33.327638202473999 ], [ 151.556508947610268, -33.327639450929752 ], [ 151.556403021943822, -33.327548032165694 ] ], [ [ 151.556346502143498, -33.330974502918615 ], [ 151.556453919141859, -33.330975751531838 ], [ 151.556455406516989, -33.330885581269968 ], [ 151.556347989629216, -33.330884332660993 ], [ 151.556346502143498, -33.330974502918615 ] ], [ [ 151.555200642620235, -33.328796676608086 ], [ 151.555308056891874, -33.328797926140403 ], [ 151.55530954532432, -33.328707755892474 ], [ 151.555202131163298, -33.328706506364426 ], [ 151.555200642620235, -33.328796676608086 ] ], [ [ 151.555416959491964, -33.328709005327696 ], [ 151.555418447807227, -33.328618835074138 ], [ 151.555312522169345, -33.328527415392507 ], [ 151.555203619699711, -33.328616336119374 ], [ 151.55530954532432, -33.328707755892474 ], [ 151.555416959491964, -33.328709005327696 ] ], [ [ 151.555524373666231, -33.328710254670085 ], [ 151.555742177995143, -33.328532412542287 ], [ 151.555745153929109, -33.328352072002772 ], [ 151.555637740183869, -33.328350822863101 ], [ 151.555528838260443, -33.328439743892517 ], [ 151.555536279118201, -33.327988892569188 ], [ 151.555418447807227, -33.328618835074138 ], [ 151.555524373666231, -33.328710254670085 ] ], [ [ 151.555415471170079, -33.328799175579881 ], [ 151.555522885454906, -33.328800424926527 ], [ 151.555524373666231, -33.328710254670085 ], [ 151.555415471170079, -33.328799175579881 ] ], [ [ 151.55564369241452, -33.327990141784667 ], [ 151.555645180455627, -33.327899971511627 ], [ 151.555537767269868, -33.327898722300411 ], [ 151.555536279118201, -33.327988892569188 ], [ 151.55564369241452, -33.327990141784667 ] ], [ [ 151.555521397236987, -33.328890595181612 ], [ 151.555519909012418, -33.328980765435311 ], [ 151.555627323525016, -33.328982014697637 ], [ 151.555628811639025, -33.328891844439674 ], [ 151.555521397236987, -33.328890595181612 ] ], [ [ 151.555842152570136, -33.328984512943748 ], [ 151.555949567102658, -33.328985761927534 ], [ 151.555740690018212, -33.328622582809992 ], [ 151.555737714044511, -33.328802923341286 ], [ 151.555628811639025, -33.328891844439674 ], [ 151.555842152570136, -33.328984512943748 ] ], [ [ 151.555751105717491, -33.3279913909073 ], [ 151.555858519027112, -33.327992639937108 ], [ 151.555964444627307, -33.328084059158506 ], [ 151.556174808976351, -33.328357067633078 ], [ 151.556182246483871, -33.327906216175158 ], [ 151.555970395451624, -33.327723378012543 ], [ 151.55586447026721, -33.327631958802677 ], [ 151.555862982467119, -33.327722129088343 ], [ 151.555755569489236, -33.327720880071311 ], [ 151.555646668490112, -33.327809801237223 ], [ 151.555861494660405, -33.327812299372631 ], [ 151.555752593648037, -33.327901220630004 ], [ 151.555751105717491, -33.3279913909073 ] ], [ [ 151.555973370824034, -33.327543037431333 ], [ 151.556082271159767, -33.327454115957273 ], [ 151.556186708908911, -33.327635705283981 ], [ 151.556191171274349, -33.327365194380469 ], [ 151.556298583836451, -33.327366443009133 ], [ 151.556300071167811, -33.327276272700971 ], [ 151.556407483625975, -33.327277521232539 ], [ 151.556408970840124, -33.327187350918749 ], [ 151.556301558492493, -33.32718610239143 ], [ 151.55630304581058, -33.327095932080518 ], [ 151.556197121002185, -33.327004513156616 ], [ 151.556414919630441, -33.326826669649876 ], [ 151.556522331542453, -33.32682791806733 ], [ 151.556529766828533, -33.326377066429153 ], [ 151.556417893985866, -33.326646329007225 ], [ 151.5562015832285, -33.326734002224335 ], [ 151.55598527204873, -33.326821675051733 ], [ 151.555868933627721, -33.327361447937477 ], [ 151.555976346169984, -33.327362696844638 ], [ 151.555974858500321, -33.327452867138668 ], [ 151.555867445847525, -33.327451618227251 ], [ 151.555757057399887, -33.327630709789901 ], [ 151.55586447026721, -33.327631958802677 ], [ 151.555973370824034, -33.327543037431333 ] ], [ [ 151.556516383194378, -33.327188599353214 ], [ 151.556517870291316, -33.327098429033789 ], [ 151.556410458047651, -33.32709718060358 ], [ 151.556408970840124, -33.327187350918749 ], [ 151.556516383194378, -33.327188599353214 ] ], [ [ 151.556206045395186, -33.326463491279732 ], [ 151.556097146452487, -33.32655241291279 ], [ 151.5562015832285, -33.326734002224335 ], [ 151.556206045395186, -33.326463491279732 ] ], [ [ 151.555852567680972, -33.328353321049605 ], [ 151.555851079827875, -33.328443491324308 ], [ 151.555958493696949, -33.328444740282563 ], [ 151.555959981439457, -33.328354570003604 ], [ 151.555852567680972, -33.328353321049605 ] ], [ [ 151.556423842617249, -33.326285647705483 ], [ 151.556317918627087, -33.326194228896121 ], [ 151.556209020139875, -33.326283150643157 ], [ 151.556423842617249, -33.326285647705483 ] ], [ [ 151.55645471746621, -33.317898553173208 ], [ 151.556562118428303, -33.317899801262186 ], [ 151.556563604953794, -33.317809630805961 ], [ 151.556456204102204, -33.317808382721225 ], [ 151.55645471746621, -33.317898553173208 ] ], [ [ 151.556285197556463, -33.328177975720983 ], [ 151.556392611120316, -33.328179224295106 ], [ 151.556394098400688, -33.328089053995022 ], [ 151.556286684947395, -33.328087805425149 ], [ 151.556285197556463, -33.328177975720983 ] ], [ [ 151.556872658400408, -33.299054146144179 ], [ 151.556874143542842, -33.298963975401762 ], [ 151.556766765777752, -33.298962728206156 ], [ 151.55655201026741, -33.298960233536747 ], [ 151.556444632522158, -33.298958986062935 ], [ 151.556443146938022, -33.299049156788335 ], [ 151.556550524793693, -33.299050404266403 ], [ 151.556765280524871, -33.299052898944332 ], [ 151.556872658400408, -33.299054146144179 ] ], [ [ 151.556171833926953, -33.328537408206635 ], [ 151.556168858851066, -33.328717748774743 ], [ 151.556276273071717, -33.328718997467249 ], [ 151.556171833926953, -33.328537408206635 ] ], [ [ 151.556909319259461, -33.29030633096778 ], [ 151.556801952098084, -33.290305084087741 ], [ 151.556798982634803, -33.29048542581706 ], [ 151.556909319259461, -33.29030633096778 ] ], [ [ 151.556564942864725, -33.291655152758324 ], [ 151.556884079854541, -33.291839235564673 ], [ 151.55656791294146, -33.291474811081621 ], [ 151.556564942864725, -33.291655152758324 ] ], [ [ 151.556678251353873, -33.291295716511669 ], [ 151.556681221156936, -33.291115374815519 ], [ 151.556572368006925, -33.291204298556288 ], [ 151.556570882991707, -33.291294469399446 ], [ 151.55656791294146, -33.291474811081621 ], [ 151.556678251353873, -33.291295716511669 ] ], [ [ 151.556696069775455, -33.290213666252555 ], [ 151.55680343681982, -33.290214913221028 ], [ 151.556804921534933, -33.290124742352951 ], [ 151.556697554600902, -33.290123495388727 ], [ 151.556696069775455, -33.290213666252555 ] ], [ [ 151.556114995929306, -33.325470369078609 ], [ 151.556113508509327, -33.325560539405657 ], [ 151.556220918853654, -33.325561788042016 ], [ 151.556222406163045, -33.325471617710718 ], [ 151.556114995929306, -33.325470369078609 ] ], [ [ 151.556501079815945, -33.295532497482988 ], [ 151.556717312027928, -33.295444821227264 ], [ 151.556502565142011, -33.295442326704176 ], [ 151.556501079815945, -33.295532497482988 ] ], [ [ 151.555957005947789, -33.328534910560144 ], [ 151.555955518192036, -33.328625080836368 ], [ 151.556062932288853, -33.328626329710296 ], [ 151.556064419934046, -33.32853615942981 ], [ 151.555957005947789, -33.328534910560144 ] ], [ [ 151.556014728306423, -33.292460453007422 ], [ 151.556122098070318, -33.292461700638505 ], [ 151.556123583613015, -33.29237152983017 ], [ 151.556016213959452, -33.292370282203336 ], [ 151.556014728306423, -33.292460453007422 ] ], [ [ 151.556230953273172, -33.292372777364292 ], [ 151.556232438698856, -33.292282606550337 ], [ 151.55612506914909, -33.292281359020478 ], [ 151.556123583613015, -33.29237152983017 ], [ 151.556230953273172, -33.292372777364292 ] ], [ [ 151.556233924117947, -33.292192435735011 ], [ 151.556341293563975, -33.292193683167923 ], [ 151.556344264161538, -33.292013341524658 ], [ 151.556235409530416, -33.292102264918327 ], [ 151.556233924117947, -33.292192435735011 ] ], [ [ 151.556561972761585, -33.291835494429563 ], [ 151.556347234732669, -33.291832999875929 ], [ 151.556344264161538, -33.292013341524658 ], [ 151.556561972761585, -33.291835494429563 ] ], [ [ 151.556157437699653, -33.309868385815143 ], [ 151.556264828801545, -33.309869633896554 ], [ 151.556266315179784, -33.309779463335474 ], [ 151.556158924188395, -33.309778215258312 ], [ 151.556157437699653, -33.309868385815143 ] ], [ [ 151.555516932543384, -33.329161105938631 ], [ 151.555515444298919, -33.329251276188224 ], [ 151.555621371002786, -33.329342695715795 ], [ 151.555728785964305, -33.329343944902298 ], [ 151.555836200932504, -33.329345193995977 ], [ 151.555837688851852, -33.329255023734973 ], [ 151.555839176764579, -33.329164853472612 ], [ 151.555946591518222, -33.32916610246491 ], [ 151.555948079313765, -33.329075932196901 ], [ 151.555840664670683, -33.329074683208859 ], [ 151.555733250034223, -33.329073434127956 ], [ 151.555731762017558, -33.329163604387453 ], [ 151.555516932543384, -33.329161105938631 ] ], [ [ 151.556357631523156, -33.291201804062212 ], [ 151.556464999761744, -33.291203051355602 ], [ 151.556466484880673, -33.291112880515357 ], [ 151.556359116752503, -33.291111633226222 ], [ 151.556357631523156, -33.291201804062212 ] ], [ [ 151.55603369357604, -33.310859013629006 ], [ 151.556141085886509, -33.310860261850003 ], [ 151.556142572448067, -33.310770091308221 ], [ 151.55603369357604, -33.310859013629006 ] ], [ [ 151.555804667042395, -33.324745260061789 ], [ 151.555803179343769, -33.324835430387033 ], [ 151.555910588783775, -33.324836679267818 ], [ 151.555912076371868, -33.324746508938333 ], [ 151.555804667042395, -33.324745260061789 ] ], [ [ 151.555725809884564, -33.329524285411694 ], [ 151.555618394701867, -33.329523036216671 ], [ 151.555616906541474, -33.329613206465034 ], [ 151.555831737134667, -33.329615704770767 ], [ 151.555725809884564, -33.329524285411694 ] ], [ [ 151.555718369569234, -33.329975136661162 ], [ 151.555716881486291, -33.33006530690696 ], [ 151.555822809360109, -33.330156726283356 ], [ 151.55582578531147, -33.32997638578464 ], [ 151.555718369569234, -33.329975136661162 ] ], [ [ 151.556145545551345, -33.310589750220572 ], [ 151.555929274830646, -33.310677424247331 ], [ 151.555818908974999, -33.310856516908665 ], [ 151.555607098621721, -33.310673678774876 ], [ 151.555604124400446, -33.310854019817228 ], [ 151.55560263727989, -33.310944190336357 ], [ 151.555493757654375, -33.3110331121607 ], [ 151.555815935169136, -33.31103685796257 ], [ 151.556145545551345, -33.310589750220572 ] ], [ [ 151.555608585722439, -33.310583508251646 ], [ 151.555501193776507, -33.310582259579526 ], [ 151.555499706565314, -33.310672430098499 ], [ 151.555607098621721, -33.310673678774876 ], [ 151.555608585722439, -33.310583508251646 ] ], [ [ 151.555717464658557, -33.310494586302113 ], [ 151.555826343373752, -33.310405664249949 ], [ 151.555835264433739, -33.309864641014272 ], [ 151.555508629733026, -33.310131406964111 ], [ 151.555401238346093, -33.31013015822051 ], [ 151.555396776460611, -33.310400669781096 ], [ 151.555608585722439, -33.310583508251646 ], [ 151.555717464658557, -33.310494586302113 ] ], [ [ 151.555640716312439, -33.328170482326613 ], [ 151.555748129836559, -33.328171731457779 ], [ 151.555749617780322, -33.328081561183225 ], [ 151.555642204366791, -33.328080312056329 ], [ 151.555640716312439, -33.328170482326613 ] ], [ [ 151.555606489233185, -33.33024439816532 ], [ 151.555605001019785, -33.330334568402748 ], [ 151.555713905300536, -33.33024564739442 ], [ 151.555606489233185, -33.33024439816532 ] ], [ [ 151.55602958453926, -33.291558744905075 ], [ 151.556136953199456, -33.291559992493596 ], [ 151.556138438676015, -33.291469821671583 ], [ 151.556031070126181, -33.291468574087304 ], [ 151.55602958453926, -33.291558744905075 ] ], [ [ 151.556247292591991, -33.291380898335504 ], [ 151.556248777944916, -33.2912907275065 ], [ 151.556250263291219, -33.29120055667611 ], [ 151.556142895065904, -33.29119930919731 ], [ 151.556141409609211, -33.291289480023437 ], [ 151.556138438676015, -33.291469821671583 ], [ 151.556247292591991, -33.291380898335504 ] ], [ [ 151.556253233963986, -33.291020215011251 ], [ 151.556144380515946, -33.291109138369812 ], [ 151.556250263291219, -33.29120055667611 ], [ 151.556253233963986, -33.291020215011251 ] ], [ [ 151.5563606019752, -33.291021462388841 ], [ 151.556362087191303, -33.290931291550095 ], [ 151.556254719290479, -33.290930044176754 ], [ 151.556253233963986, -33.291020215011251 ], [ 151.5563606019752, -33.291021462388841 ] ], [ [ 151.555917758754191, -33.291828009656136 ], [ 151.556025127738877, -33.291829257350152 ], [ 151.556028098945774, -33.291648915721453 ], [ 151.555919244471312, -33.291737838846728 ], [ 151.555917758754191, -33.291828009656136 ] ], [ [ 151.555555624573003, -33.32681667896825 ], [ 151.555554136500859, -33.326906849253469 ], [ 151.555661548470397, -33.326908098417846 ], [ 151.555663036432009, -33.326817928128371 ], [ 151.555555624573003, -33.32681667896825 ] ], [ [ 151.55561095383365, -33.329973887444851 ], [ 151.555502049800566, -33.330062808372972 ], [ 151.555500561489822, -33.330152978608865 ], [ 151.555607977439962, -33.330154227926542 ], [ 151.55561095383365, -33.329973887444851 ] ], [ [ 151.556116155833422, -33.29282238385813 ], [ 151.556223526045443, -33.292823631413526 ], [ 151.55622501150421, -33.292733460606421 ], [ 151.556116155833422, -33.29282238385813 ] ], [ [ 151.555293172202653, -33.329699628544361 ], [ 151.555291683697277, -33.329789798777227 ], [ 151.555399099191817, -33.329791048263566 ], [ 151.555400587586632, -33.329700878026436 ], [ 151.555293172202653, -33.329699628544361 ] ], [ [ 151.555397610790379, -33.329881218499303 ], [ 151.555505026402159, -33.32988246789705 ], [ 151.555399099191817, -33.329791048263566 ], [ 151.555397610790379, -33.329881218499303 ] ], [ [ 151.555508002977234, -33.329702127415665 ], [ 151.555509491254838, -33.329611957172922 ], [ 151.555402075974797, -33.32961070778795 ], [ 151.555400587586632, -33.329700878026436 ], [ 151.555508002977234, -33.329702127415665 ] ], [ [ 151.556020670878951, -33.292099769782894 ], [ 151.556128040201372, -33.292101017396966 ], [ 151.556129525717608, -33.29201084658316 ], [ 151.556022156505549, -33.292009598973358 ], [ 151.556020670878951, -33.292099769782894 ] ], [ [ 151.556004328549676, -33.293091648597596 ], [ 151.556111699086216, -33.293092896258472 ], [ 151.556113184675269, -33.293002725459729 ], [ 151.556005814249062, -33.293001477803116 ], [ 151.556004328549676, -33.293091648597596 ] ], [ [ 151.555458355101479, -33.319690724181974 ], [ 151.555565758214357, -33.319691973191347 ], [ 151.555567245866939, -33.319601802800811 ], [ 151.555459842864593, -33.319600553795702 ], [ 151.555458355101479, -33.319690724181974 ] ], [ [ 151.555276798278896, -33.3306915010305 ], [ 151.55527828685058, -33.330601330811341 ], [ 151.555170870367448, -33.330600081193829 ], [ 151.555169381685175, -33.330690251408733 ], [ 151.555276798278896, -33.3306915010305 ] ], [ [ 151.555054521034464, -33.331139852726778 ], [ 151.555053032201869, -33.331230022929205 ], [ 151.555267866709698, -33.331232522316704 ], [ 151.555269355321144, -33.331142352105758 ], [ 151.555054521034464, -33.331139852726778 ] ], [ [ 151.55543693128368, -33.307966065292149 ], [ 151.555544320019436, -33.30796731393356 ], [ 151.555545807031933, -33.307877143373503 ], [ 151.555438418406624, -33.307875894736341 ], [ 151.55543693128368, -33.307966065292149 ] ], [ [ 151.555548781037032, -33.307696802249275 ], [ 151.555439905522945, -33.307785724179183 ], [ 151.555545807031933, -33.307877143373503 ], [ 151.555548781037032, -33.307696802249275 ] ], [ [ 151.555058987492515, -33.330869342111299 ], [ 151.555057498679815, -33.330959512317825 ], [ 151.555166404300792, -33.330870591834426 ], [ 151.555058987492515, -33.330869342111299 ] ], [ [ 151.555111790187595, -33.30814265989325 ], [ 151.555219179124407, -33.308143908821471 ], [ 151.555220666481517, -33.308053738276946 ], [ 151.555113277655153, -33.308052489352967 ], [ 151.555111790187595, -33.30814265989325 ] ], [ [ 151.555432469875115, -33.30823657695133 ], [ 151.555435444154114, -33.308056235846585 ], [ 151.555328055314476, -33.308054987108136 ], [ 151.555219179124407, -33.308143908821471 ], [ 151.555432469875115, -33.30823657695133 ] ], [ [ 151.555557012262682, -33.294168706249771 ], [ 151.555664384097298, -33.294169954332581 ], [ 151.555665870207235, -33.294079783567284 ], [ 151.555558498482981, -33.29407853548873 ], [ 151.555557012262682, -33.294168706249771 ] ], [ [ 151.555470800157394, -33.299398608047362 ], [ 151.555578178395137, -33.299399856377079 ], [ 151.555579664889024, -33.299309685691199 ], [ 151.55547228676167, -33.299308437365745 ], [ 151.555470800157394, -33.299398608047362 ] ], [ [ 151.555283435033658, -33.310760102976516 ], [ 151.555390827187296, -33.310761351842693 ], [ 151.555392314515558, -33.310671181329354 ], [ 151.555284922472424, -33.31066993246742 ], [ 151.555283435033658, -33.310760102976516 ] ], [ [ 151.555454099406887, -33.293896945799794 ], [ 151.555562957104229, -33.293808023197407 ], [ 151.555455585717738, -33.293806775038902 ], [ 151.555454099406887, -33.293896945799794 ] ], [ [ 151.555561470903768, -33.293898193962541 ], [ 151.555668842407272, -33.29389944203259 ], [ 151.555562957104229, -33.293808023197407 ], [ 151.555561470903768, -33.293898193962541 ] ], [ [ 151.555229590485055, -33.307512714980909 ], [ 151.555228103167707, -33.307602885533669 ], [ 151.555335491448375, -33.307604134343585 ], [ 151.555336978655305, -33.307513963786569 ], [ 151.555229590485055, -33.307512714980909 ] ], [ [ 151.555246789024835, -33.293443595420555 ], [ 151.555461530894917, -33.293446091981657 ], [ 151.555582277107931, -33.292635803125926 ], [ 151.555364564534443, -33.29281364837437 ], [ 151.555246789024835, -33.293443595420555 ] ], [ [ 151.555171580199243, -33.311029365523837 ], [ 151.555278972677684, -33.311030614495571 ], [ 151.555280460136288, -33.310940443990582 ], [ 151.555173067768379, -33.310939195023117 ], [ 151.555171580199243, -33.311029365523837 ] ], [ [ 151.555048088867153, -33.318513512309472 ], [ 151.555155490516768, -33.318514761634702 ], [ 151.555156978525304, -33.318424591243392 ], [ 151.555049576986221, -33.318423341922426 ], [ 151.555048088867153, -33.318513512309472 ] ], [ [ 151.554856065928305, -33.33014548075306 ], [ 151.554854576947463, -33.330235650962031 ], [ 151.554963481838655, -33.330146730627803 ], [ 151.554856065928305, -33.33014548075306 ] ], [ [ 151.555278345383158, -33.298043550869281 ], [ 151.555385721951552, -33.298044799320607 ], [ 151.555387208566913, -33.297954628622705 ], [ 151.555279832108937, -33.297953380175642 ], [ 151.555278345383158, -33.298043550869281 ] ], [ [ 151.555370855433551, -33.298946506224382 ], [ 151.555263477761116, -33.298945257730487 ], [ 151.555260504157218, -33.299125599086281 ], [ 151.55536788205049, -33.299126847588695 ], [ 151.555370855433551, -33.298946506224382 ] ], [ [ 151.554719930089334, -33.318870445260345 ], [ 151.554827332161153, -33.318871694881032 ], [ 151.554828820527774, -33.318781524507976 ], [ 151.554721418566459, -33.318780274891552 ], [ 151.554719930089334, -33.318870445260345 ] ], [ [ 151.554936222495655, -33.31878277403159 ], [ 151.555043624470187, -33.318784023462399 ], [ 151.555045112609122, -33.318693853079466 ], [ 151.554937710745122, -33.31869260365292 ], [ 151.554936222495655, -33.31878277403159 ] ], [ [ 151.555352673561828, -33.293535014509573 ], [ 151.555137931484211, -33.293532517754528 ], [ 151.555133471597941, -33.293803030007084 ], [ 151.555242329489573, -33.293714107690001 ], [ 151.555351187160454, -33.293625185270308 ], [ 151.555352673561828, -33.293535014509573 ] ], [ [ 151.554618895401063, -33.331495533587962 ], [ 151.554617406099595, -33.33158570376785 ], [ 151.554724823766009, -33.331586953896462 ], [ 151.554726312956916, -33.331496783712311 ], [ 151.554618895401063, -33.331495533587962 ] ], [ [ 151.554902963048022, -33.3077794796232 ], [ 151.554901475379381, -33.30786965015907 ], [ 151.55500886397158, -33.30787089926006 ], [ 151.555010351529745, -33.307780728719933 ], [ 151.554902963048022, -33.3077794796232 ] ], [ [ 151.554712487604291, -33.319321297083746 ], [ 151.554819890228686, -33.319322546725729 ], [ 151.554821378628446, -33.31923237635953 ], [ 151.554712487604291, -33.319321297083746 ] ], [ [ 151.554608062221462, -33.319139706632221 ], [ 151.554715464618198, -33.319140956358481 ], [ 151.554716953115189, -33.319050785993817 ], [ 151.554609550829014, -33.319049536271812 ], [ 151.554608062221462, -33.319139706632221 ] ], [ [ 151.554717942503459, -33.305973570316716 ], [ 151.554825328762888, -33.305974819513786 ], [ 151.554826816402795, -33.305884648953409 ], [ 151.55471943025384, -33.30588339976061 ], [ 151.554717942503459, -33.305973570316716 ] ], [ [ 151.554823556316563, -33.299571457429671 ], [ 151.55482206902991, -33.299661628081637 ], [ 151.554929447559175, -33.299662876980548 ], [ 151.554930934735381, -33.299572706324319 ], [ 151.554823556316563, -33.299571457429671 ] ], [ [ 151.554579309642577, -33.307865902299504 ], [ 151.554686698214908, -33.307867151678785 ], [ 151.554688186104443, -33.307776981151441 ], [ 151.554580797642558, -33.307775731776417 ], [ 151.554579309642577, -33.307865902299504 ] ], [ [ 151.554582285635945, -33.307685561251944 ], [ 151.554689673987326, -33.30768681062272 ], [ 151.554585261602767, -33.307505220198905 ], [ 151.554582285635945, -33.307685561251944 ] ], [ [ 151.554692649733255, -33.307506469561154 ], [ 151.554694137596272, -33.307416299028311 ], [ 151.554695625452666, -33.307326128494111 ], [ 151.554588237543101, -33.307324879140388 ], [ 151.554586749576231, -33.307415049670325 ], [ 151.554585261602767, -33.307505220198905 ], [ 151.554692649733255, -33.307506469561154 ] ], [ [ 151.554590666048711, -33.29415746933212 ], [ 151.554698037823783, -33.294158718249413 ], [ 151.554699524927173, -33.294068547522429 ], [ 151.55459215326249, -33.294067298609413 ], [ 151.554590666048711, -33.29415746933212 ] ], [ [ 151.554254167282778, -33.308042494621574 ], [ 151.554361556056165, -33.308043744287673 ], [ 151.554363044290312, -33.307953573775841 ], [ 151.554255655627429, -33.307952324113998 ], [ 151.554254167282778, -33.308042494621574 ] ], [ [ 151.554267562145725, -33.307230960004091 ], [ 151.554373461743808, -33.307322380154638 ], [ 151.554376438099467, -33.307142039107688 ], [ 151.554267562145725, -33.307230960004091 ] ], [ [ 151.554095950586031, -33.304613515084313 ], [ 151.554094462265766, -33.304703685634045 ], [ 151.554309231619271, -33.304706184929216 ], [ 151.554203335149026, -33.304614764774016 ], [ 151.554095950586031, -33.304613515084313 ] ], [ [ 151.553896456593606, -33.316696356543233 ], [ 151.554003855960048, -33.316697606804041 ], [ 151.554005345051621, -33.316607436432214 ], [ 151.553897945795683, -33.316606186175662 ], [ 151.553896456593606, -33.316696356543233 ] ], [ [ 151.554017060477406, -33.30939255233249 ], [ 151.55412445089442, -33.309393802248053 ], [ 151.554125939448937, -33.309303631765289 ], [ 151.55401854914237, -33.309302381853968 ], [ 151.554017060477406, -33.30939255233249 ] ], [ [ 151.553833544874948, -33.307496472065765 ], [ 151.553723179063354, -33.307675562946244 ], [ 151.553509891577789, -33.307582891958951 ], [ 151.553720201302667, -33.307855903925628 ], [ 151.553937955666726, -33.307678063079265 ], [ 151.553833544874948, -33.307496472065765 ] ], [ [ 151.553940932959023, -33.307497722077372 ], [ 151.554048321049748, -33.307498971996203 ], [ 151.554049809575503, -33.307408801488926 ], [ 151.554051298094635, -33.307318630980284 ], [ 151.553943910224831, -33.307317381069971 ], [ 151.553942421595252, -33.30740755157435 ], [ 151.553835033621596, -33.307406301567006 ], [ 151.553833544874948, -33.307496472065765 ], [ 151.553940932959023, -33.307497722077372 ] ], [ [ 151.554052786607116, -33.307228460470284 ], [ 151.554054275113003, -33.3071382899589 ], [ 151.553946887464122, -33.307137040057107 ], [ 151.553943910224831, -33.307317381069971 ], [ 151.554052786607116, -33.307228460470284 ] ], [ [ 151.553906692496213, -33.309571643268534 ], [ 151.553905203700879, -33.309661813738671 ], [ 151.554012594442668, -33.309663063759793 ], [ 151.554014083127555, -33.309572893285392 ], [ 151.553906692496213, -33.309571643268534 ] ], [ [ 151.553849920723678, -33.30650459650424 ], [ 151.55384843204331, -33.306594767016669 ], [ 151.55395581902286, -33.306596016985651 ], [ 151.553957307592754, -33.306505846468951 ], [ 151.553849920723678, -33.30650459650424 ] ], [ [ 151.553793346208494, -33.30993107501417 ], [ 151.553900737275058, -33.309932325140856 ], [ 151.553902226090287, -33.309842154674833 ], [ 151.55379483513417, -33.309840904552402 ], [ 151.553793346208494, -33.30993107501417 ] ], [ [ 151.55377994557881, -33.310742609108445 ], [ 151.553887337639623, -33.310743859273501 ], [ 151.553888826514537, -33.310653688819791 ], [ 151.553781434564172, -33.310652438659005 ], [ 151.55377994557881, -33.310742609108445 ] ], [ [ 151.552902930383311, -33.311814649325186 ], [ 151.553226600021048, -33.3117282315105 ], [ 151.553438407714083, -33.311911073608449 ], [ 151.553444365286396, -33.311550391924854 ], [ 151.553336972257796, -33.311549141350312 ], [ 151.553338461744801, -33.311458970930268 ], [ 151.553445854662897, -33.311460221500532 ], [ 151.553447344032776, -33.311370051074832 ], [ 151.553341440698858, -33.311278630086029 ], [ 151.553126655324434, -33.311276128684213 ], [ 151.553016283030274, -33.311455218662786 ], [ 151.553017772842026, -33.311365048254146 ], [ 151.552910380060922, -33.311363797317021 ], [ 151.552908890138667, -33.311453967721413 ], [ 151.552695594518639, -33.311361295164453 ], [ 151.552692614225577, -33.311541635954775 ], [ 151.552577769842287, -33.311991236661257 ], [ 151.552254098646898, -33.312077652737813 ], [ 151.552360001744262, -33.312169074637808 ], [ 151.552358511209889, -33.312259245008526 ], [ 151.552465905062604, -33.312260496452197 ], [ 151.552467395486502, -33.312170326077222 ], [ 151.552791066838836, -33.312083909449633 ], [ 151.552792556918007, -33.311993739059105 ], [ 151.552899950465815, -33.311994990118862 ], [ 151.552901440427917, -33.311904819722706 ], [ 151.552794046990556, -33.311903568667219 ], [ 151.552798517168384, -33.311633057483334 ], [ 151.552904420332112, -33.311724478926301 ], [ 151.552902930383311, -33.311814649325186 ] ], [ [ 151.552789576753014, -33.312174079838769 ], [ 151.5528969705218, -33.312175330907046 ], [ 151.552898460497119, -33.312085160513647 ], [ 151.552791066838836, -33.312083909449633 ], [ 151.552789576753014, -33.312174079838769 ] ], [ [ 151.552682182990878, -33.312172828677696 ], [ 151.552680692787931, -33.312262999061211 ], [ 151.552786596561475, -33.312354420612962 ], [ 151.552893990551212, -33.31235567168978 ], [ 151.552789576753014, -33.312174079838769 ], [ 151.552682182990878, -33.312172828677696 ] ], [ [ 151.552679202578389, -33.312353169443362 ], [ 151.55267771236214, -33.312443339824128 ], [ 151.55278510645573, -33.312444590997991 ], [ 151.552786596561475, -33.312354420612962 ], [ 151.552679202578389, -33.312353169443362 ] ], [ [ 151.553553247587644, -33.311461471978021 ], [ 151.553550269048969, -33.311641812833813 ], [ 151.553766544411957, -33.311554143091776 ], [ 151.553660640519013, -33.311462722362734 ], [ 151.553553247587644, -33.311461471978021 ] ], [ [ 151.553715734611956, -33.308126415384415 ], [ 151.553714245701769, -33.308216585867939 ], [ 151.553823123462621, -33.308127665518626 ], [ 151.553715734611956, -33.308126415384415 ] ], [ [ 151.553693400263057, -33.309478972493501 ], [ 151.55380079077068, -33.309480222691654 ], [ 151.553802279663216, -33.30939005222303 ], [ 151.553694889266069, -33.309388802029147 ], [ 151.553693400263057, -33.309478972493501 ] ], [ [ 151.553654502118462, -33.305329879621013 ], [ 151.553761887538485, -33.305331129715846 ], [ 151.553763376236503, -33.305240959188488 ], [ 151.553655990926927, -33.305239709097933 ], [ 151.553654502118462, -33.305329879621013 ] ], [ [ 151.553760398833873, -33.305421300241818 ], [ 151.553867784370965, -33.305422550248139 ], [ 151.553869272965159, -33.305332379717903 ], [ 151.553761887538485, -33.305331129715846 ], [ 151.553760398833873, -33.305421300241818 ] ], [ [ 151.553733601016802, -33.307044369475285 ], [ 151.553736578658146, -33.30686402847126 ], [ 151.5536291913605, -33.306862778303959 ], [ 151.553520315031221, -33.306951698538093 ], [ 151.553518825986345, -33.307041869030897 ], [ 151.553733601016802, -33.307044369475285 ] ], [ [ 151.553732112186225, -33.307134539975245 ], [ 151.553839499821862, -33.307135790062567 ], [ 151.553840988541992, -33.307045619558338 ], [ 151.553733601016802, -33.307044369475285 ], [ 151.553732112186225, -33.307134539975245 ] ], [ [ 151.553630680281657, -33.306772607804163 ], [ 151.553521804069476, -33.30686152804391 ], [ 151.5536291913605, -33.306862778303959 ], [ 151.553630680281657, -33.306772607804163 ] ], [ [ 151.553563672264062, -33.310830278939555 ], [ 151.553671064422105, -33.310831529294425 ], [ 151.553672553524592, -33.310741358850613 ], [ 151.553565161477025, -33.310740108500013 ], [ 151.553563672264062, -33.310830278939555 ] ], [ [ 151.553636635900006, -33.306411925791238 ], [ 151.553423351538044, -33.306319254722887 ], [ 151.553420373313571, -33.306499595717767 ], [ 151.553527760156157, -33.306500846053531 ], [ 151.553636635900006, -33.306411925791238 ] ], [ [ 151.553405481793391, -33.30740130061001 ], [ 151.553514358811924, -33.307312380501081 ], [ 151.553515847876696, -33.307222210012384 ], [ 151.553408460150479, -33.307220959642521 ], [ 151.553405481793391, -33.30740130061001 ] ], [ [ 151.553418884191416, -33.306589766213158 ], [ 151.553204110305273, -33.306587265254812 ], [ 151.553202620955545, -33.306677435740312 ], [ 151.552987846875027, -33.306674934402402 ], [ 151.552986357297783, -33.306765104877989 ], [ 151.553201131599224, -33.306767606224433 ], [ 151.553414416785103, -33.306860277691094 ], [ 151.553310008005752, -33.306678686270118 ], [ 151.553418884191416, -33.306589766213158 ] ], [ [ 151.55341739506261, -33.30667993670717 ], [ 151.55352478212609, -33.30668118705146 ], [ 151.553526271144449, -33.306591016553163 ], [ 151.553418884191416, -33.306589766213158 ], [ 151.55341739506261, -33.30667993670717 ] ], [ [ 151.553378675385744, -33.309024369070912 ], [ 151.553486065321124, -33.309025619526068 ], [ 151.553487554511918, -33.308935449063398 ], [ 151.553380164686985, -33.308934198612519 ], [ 151.553378675385744, -33.309024369070912 ] ], [ [ 151.553296604553964, -33.30749022061628 ], [ 151.553295115248403, -33.30758039109233 ], [ 151.553402503409785, -33.307581641572028 ], [ 151.553403992604927, -33.307491471091694 ], [ 151.553296604553964, -33.30749022061628 ] ], [ [ 151.553111880071327, -33.31867134920256 ], [ 151.553219281822606, -33.318672600206774 ], [ 151.553220771833708, -33.318582429894917 ], [ 151.55311337019296, -33.318581178894959 ], [ 151.553111880071327, -33.31867134920256 ] ], [ [ 151.553223620779704, -33.311908572332491 ], [ 151.553117717056949, -33.311817151149292 ], [ 151.553008833871871, -33.31190607068541 ], [ 151.553113247833608, -33.312087662363346 ], [ 151.553223620779704, -33.311908572332491 ] ], [ [ 151.553137083001275, -33.310644935745977 ], [ 151.553244474911878, -33.310646186463423 ], [ 151.553245964442965, -33.310556016033928 ], [ 151.553138572642865, -33.310554765320752 ], [ 151.553137083001275, -33.310644935745977 ] ], [ [ 151.553075870326239, -33.307848401249032 ], [ 151.553290647291846, -33.307850902512293 ], [ 151.553077359872617, -33.307758230785616 ], [ 151.553075870326239, -33.307848401249032 ] ], [ [ 151.553092254971745, -33.306856526076075 ], [ 151.552983378123372, -33.306945445825065 ], [ 151.552981888526233, -33.307035616296538 ], [ 151.553196663490382, -33.307038117668576 ], [ 151.553092254971745, -33.306856526076075 ] ], [ [ 151.553080338945506, -33.307577889854663 ], [ 151.553187727093643, -33.30757914051987 ], [ 151.553189216509679, -33.307488970048098 ], [ 151.553081828472017, -33.30748771938714 ], [ 151.553080338945506, -33.307577889854663 ] ], [ [ 151.553057995252004, -33.308930446703258 ], [ 151.553165385057014, -33.308931697432449 ], [ 151.553166874572582, -33.308841526981197 ], [ 151.553059484877991, -33.308840276256277 ], [ 151.553057995252004, -33.308930446703258 ] ], [ [ 151.552993805117666, -33.306314252486338 ], [ 151.553101191712813, -33.306315503184614 ], [ 151.553208578314582, -33.306316753790142 ], [ 151.553210067637764, -33.306226583299171 ], [ 151.553102681146441, -33.306225332697899 ], [ 151.552995294661741, -33.306224082003901 ], [ 151.552993805117666, -33.306314252486338 ] ], [ [ 151.552953584919919, -33.308748854994491 ], [ 151.553060974497384, -33.308750105807924 ], [ 151.553062464110099, -33.308659935358193 ], [ 151.552955074643108, -33.308658684549023 ], [ 151.552953584919919, -33.308748854994491 ] ], [ [ 151.552911869976555, -33.311273626911287 ], [ 151.553019262647183, -33.311274877844134 ], [ 151.553020752445661, -33.311184707432773 ], [ 151.552913359885508, -33.311183456504182 ], [ 151.552911869976555, -33.311273626911287 ] ], [ [ 151.552628436098246, -33.308925442858808 ], [ 151.552735825876738, -33.308926693959073 ], [ 151.55273731583415, -33.308836523524874 ], [ 151.552629926166105, -33.308835272428873 ], [ 151.552628436098246, -33.308925442858808 ] ], [ [ 151.552269004664026, -33.311175948984328 ], [ 151.552267514092193, -33.31126611936584 ], [ 151.552374906723003, -33.311267370855361 ], [ 151.552376397184361, -33.311177200469587 ], [ 151.552269004664026, -33.311175948984328 ] ], [ [ 151.552030406690079, -33.319109685360182 ], [ 151.55213780892754, -33.319110937313773 ], [ 151.552139300077044, -33.319020767051448 ], [ 151.552031897950059, -33.31901951510212 ], [ 151.552030406690079, -33.319109685360182 ] ], [ [ 151.552082543444897, -33.309460208388685 ], [ 151.552189933852986, -33.309461459978415 ], [ 151.552191424402537, -33.309371289573768 ], [ 151.552084034104922, -33.309370037988316 ], [ 151.552082543444897, -33.309460208388685 ] ], [ [ 151.550983278713261, -33.310980583259976 ], [ 151.551412847631838, -33.310985593063478 ], [ 151.551415830496637, -33.310805252359167 ], [ 151.551417321919075, -33.310715082004954 ], [ 151.550983278713261, -33.310980583259976 ] ], [ [ 151.550984770590873, -33.310890412925588 ], [ 151.550877378488309, -33.310889160247037 ], [ 151.550875886500222, -33.310979330577155 ], [ 151.550983278713261, -33.310980583259976 ], [ 151.550984770590873, -33.310890412925588 ] ], [ [ 151.55119657149595, -33.311073258688836 ], [ 151.551624649681514, -33.31116843812449 ], [ 151.551842416656712, -33.310990601382549 ], [ 151.551843907650522, -33.310900431014012 ], [ 151.551952790689541, -33.310811512483376 ], [ 151.551954281559631, -33.310721342107811 ], [ 151.551849871559398, -33.310539749526114 ], [ 151.551854344421344, -33.310269238395804 ], [ 151.551743970916704, -33.310448327235711 ], [ 151.55163657931999, -33.310447075227948 ], [ 151.551639561663222, -33.310266734490121 ], [ 151.551532170294081, -33.310265482398123 ], [ 151.551529187729955, -33.310445823127402 ], [ 151.551527696437915, -33.310535993490006 ], [ 151.551635088138426, -33.310537245594816 ], [ 151.551633596950211, -33.310627415960305 ], [ 151.551526205139226, -33.310626163851225 ], [ 151.551524713833913, -33.310716334211072 ], [ 151.551632105755374, -33.310717586324422 ], [ 151.551627632130987, -33.310988097408575 ], [ 151.551412847631838, -33.310985593063478 ], [ 151.55119657149595, -33.311073258688836 ] ], [ [ 151.55151576586249, -33.311257356341422 ], [ 151.551837943635377, -33.311261112479983 ], [ 151.551732042162001, -33.311169690166409 ], [ 151.551624649681514, -33.31116843812449 ], [ 151.55151576586249, -33.311257356341422 ] ], [ [ 151.551949808929521, -33.310991853230384 ], [ 151.552055710429443, -33.311083275361135 ], [ 151.552163102826029, -33.311084527027681 ], [ 151.552164593495064, -33.310994356647697 ], [ 151.551949808929521, -33.310991853230384 ] ], [ [ 151.552043783954332, -33.311804638317568 ], [ 151.55215117723472, -33.311805890018242 ], [ 151.552152667956875, -33.311715719649222 ], [ 151.552045274786963, -33.311714467952804 ], [ 151.552043783954332, -33.311804638317568 ] ], [ [ 151.551834961587986, -33.311441453204758 ], [ 151.551942354413171, -33.311442705073929 ], [ 151.551943845329731, -33.311352534707943 ], [ 151.551836452614992, -33.311351282843042 ], [ 151.551834961587986, -33.311441453204758 ] ], [ [ 151.551934899730838, -33.31189355688322 ], [ 151.551936390680595, -33.311803386524105 ], [ 151.551828997413452, -33.311802134637858 ], [ 151.551827506353249, -33.311892304992703 ], [ 151.551934899730838, -33.31189355688322 ] ], [ [ 151.551814086512366, -33.312703838124726 ], [ 151.551921480884289, -33.312705090053655 ], [ 151.551922971893816, -33.312614919706867 ], [ 151.551815577632368, -33.312613667782209 ], [ 151.551814086512366, -33.312703838124726 ] ], [ [ 151.551763354236641, -33.309276112286383 ], [ 151.551764845214763, -33.309185941896082 ], [ 151.551655964076048, -33.309274860334121 ], [ 151.551763354236641, -33.309276112286383 ] ], [ [ 151.55186925352956, -33.309367534539085 ], [ 151.551870744403885, -33.309277364145885 ], [ 151.551763354236641, -33.309276112286383 ], [ 151.55186925352956, -33.309367534539085 ] ], [ [ 151.551872235271532, -33.30918719375132 ], [ 151.551873726132555, -33.30909702335537 ], [ 151.551764845214763, -33.309185941896082 ], [ 151.551872235271532, -33.30918719375132 ] ], [ [ 151.551875216986957, -33.309006852958056 ], [ 151.55187670783468, -33.308916682559378 ], [ 151.551769318109308, -33.308915430716951 ], [ 151.55176782715111, -33.309005601111359 ], [ 151.551875216986957, -33.309006852958056 ] ], [ [ 151.551588791203443, -33.300345482134574 ], [ 151.551587300544668, -33.3004356526463 ], [ 151.551694679868717, -33.300436904365746 ], [ 151.551696170417102, -33.30034673384975 ], [ 151.551588791203443, -33.300345482134574 ] ], [ [ 151.551299489141002, -33.311345022126886 ], [ 151.551406881822516, -33.311346274455673 ], [ 151.551408373284829, -33.311256104109674 ], [ 151.551300980713762, -33.311254851785158 ], [ 151.551299489141002, -33.311345022126886 ] ], [ [ 151.551405390353608, -33.3114364448003 ], [ 151.551512783152219, -33.311437697040574 ], [ 151.55151427451068, -33.311347526691684 ], [ 151.551406881822516, -33.311346274455673 ], [ 151.551405390353608, -33.3114364448003 ] ], [ [ 151.549928765134069, -33.309795838358369 ], [ 151.550146531918244, -33.309618004552668 ], [ 151.550148024579926, -33.309527834231908 ], [ 151.550040634187582, -33.309526580875264 ], [ 151.549928765134069, -33.309795838358369 ] ], [ [ 151.55003615585116, -33.309797091820613 ], [ 151.550143546574873, -33.309798345190082 ], [ 151.550146531918244, -33.309618004552668 ], [ 151.55003615585116, -33.309797091820613 ] ], [ [ 151.550356835581596, -33.309891021975908 ], [ 151.550358328042307, -33.309800851650706 ], [ 151.550143546574873, -33.309798345190082 ], [ 151.550356835581596, -33.309891021975908 ] ], [ [ 151.550247952156298, -33.309979939107265 ], [ 151.550462734078877, -33.309982445399427 ], [ 151.550356835581596, -33.309891021975908 ], [ 151.550247952156298, -33.309979939107265 ] ], [ [ 151.550676023885472, -33.3100751216558 ], [ 151.550673039580346, -33.310255462322225 ], [ 151.550565648271032, -33.310254209395261 ], [ 151.550564155998046, -33.31034437972216 ], [ 151.550671547417835, -33.310345632653402 ], [ 151.550670055248645, -33.310435802983179 ], [ 151.550992229879313, -33.310439561233082 ], [ 151.550887822218925, -33.310257967897847 ], [ 151.55121148783013, -33.310171555211575 ], [ 151.551099621436151, -33.310440813797499 ], [ 151.551204029746089, -33.310622406967333 ], [ 151.551418813334863, -33.310624911649377 ], [ 151.551420304743999, -33.310534741292415 ], [ 151.55131291305679, -33.310533489002061 ], [ 151.551314404569752, -33.310443318648005 ], [ 151.551421796146542, -33.310444570934095 ], [ 151.551315896076119, -33.310353148292592 ], [ 151.55153515283169, -33.310085141663343 ], [ 151.551323353508167, -33.309902296494933 ], [ 151.551212979427021, -33.310081384856318 ], [ 151.551108571700183, -33.309899791695656 ], [ 151.550895281827167, -33.309807116178753 ], [ 151.550892298003816, -33.309987456870502 ], [ 151.550787891056927, -33.309805863458699 ], [ 151.550677516028031, -33.309984951320516 ], [ 151.550462734078877, -33.309982445399427 ], [ 151.550676023885472, -33.3100751216558 ] ], [ [ 151.551227895030507, -33.309179681228379 ], [ 151.55133528505408, -33.309180933547459 ], [ 151.551444166387171, -33.309092015394903 ], [ 151.551229386554326, -33.309089510858037 ], [ 151.551227895030507, -33.309179681228379 ] ], [ [ 151.551217454177817, -33.309810873782325 ], [ 151.551324844974658, -33.309812126131291 ], [ 151.551326336434499, -33.309721955766278 ], [ 151.551218945748133, -33.309720703421583 ], [ 151.551217454177817, -33.309810873782325 ] ], [ [ 151.550905724999666, -33.309175923714506 ], [ 151.551010131493882, -33.309357517031366 ], [ 151.550793859065777, -33.309445182075855 ], [ 151.551113046742529, -33.309629280626268 ], [ 151.551329319334258, -33.309541615032153 ], [ 151.551116030070887, -33.309448939906474 ], [ 151.551120505013586, -33.309178428816523 ], [ 151.550905724999666, -33.309175923714506 ] ], [ [ 151.551083211997565, -33.311432687522782 ], [ 151.551081720190552, -33.31152285785322 ], [ 151.551189113079715, -33.311524110376112 ], [ 151.551083211997565, -33.311432687522782 ] ], [ [ 151.550869918481396, -33.311340011883935 ], [ 151.550977311136307, -33.311341264583838 ], [ 151.550978803040522, -33.311251094254935 ], [ 151.550871410496086, -33.311249841559295 ], [ 151.550869918481396, -33.311340011883935 ] ], [ [ 151.550975819225499, -33.311431434911384 ], [ 151.551084703797926, -33.311342517190965 ], [ 151.550977311136307, -33.311341264583838 ], [ 151.550975819225499, -33.311431434911384 ] ], [ [ 151.551086195591637, -33.311252346857778 ], [ 151.551087687378725, -33.31116217652324 ], [ 151.551089179159135, -33.311072006187302 ], [ 151.550981786828999, -33.311070753592993 ], [ 151.550980294938086, -33.31116092392466 ], [ 151.550978803040522, -33.311251094254935 ], [ 151.551086195591637, -33.311252346857778 ] ], [ [ 151.550823697515426, -33.307641774832888 ], [ 151.550931085634573, -33.307643027450439 ], [ 151.550932577376869, -33.307552857069631 ], [ 151.550825189368169, -33.30755160445635 ], [ 151.550823697515426, -33.307641774832888 ] ], [ [ 151.5510384737604, -33.307644279975229 ], [ 151.551041457017362, -33.307463939203707 ], [ 151.550934069112486, -33.307462686687458 ], [ 151.550932577376869, -33.307552857069631 ], [ 151.5510384737604, -33.307644279975229 ] ], [ [ 151.550653640949179, -33.311427676520537 ], [ 151.550761033701292, -33.311428929410255 ], [ 151.550762525833079, -33.311338759091257 ], [ 151.550655133191469, -33.311337506205803 ], [ 151.550653640949179, -33.311427676520537 ] ], [ [ 151.550759541562854, -33.311519099727889 ], [ 151.550866934432122, -33.311520352529115 ], [ 151.550868426460084, -33.311430182207218 ], [ 151.550761033701292, -33.311428929410255 ], [ 151.550759541562854, -33.311519099727889 ] ], [ [ 151.550865442397509, -33.311610522849641 ], [ 151.550758049417794, -33.311609270044137 ], [ 151.550756557266055, -33.31169944035905 ], [ 151.550863950356245, -33.31170069316881 ], [ 151.550865442397509, -33.311610522849641 ] ], [ [ 151.550556694533384, -33.31079523133608 ], [ 151.550555202220494, -33.310885401654751 ], [ 151.550662594303105, -33.310886654611622 ], [ 151.55066707089037, -33.310616143638676 ], [ 151.550556694533384, -33.31079523133608 ] ], [ [ 151.550552217574818, -33.311065742287973 ], [ 151.55065960987838, -33.311066995253391 ], [ 151.550661102094068, -33.310976824933199 ], [ 151.550552217574818, -33.311065742287973 ] ], [ [ 151.550541771105571, -33.311696934461168 ], [ 151.550649164182488, -33.3116981874565 ], [ 151.550650656444702, -33.311608017145872 ], [ 151.550543263478261, -33.311606764154817 ], [ 151.550541771105571, -33.311696934461168 ] ], [ [ 151.550057129885687, -33.302041186736936 ], [ 151.550379273561617, -33.30204494574285 ], [ 151.550707383904182, -33.30168802209419 ], [ 151.550282336913824, -33.3014124997541 ], [ 151.550064591440446, -33.301590334586862 ], [ 151.549957210780548, -33.301589081420772 ], [ 151.549843860013425, -33.30194850985054 ], [ 151.54972901558105, -33.302398108540444 ], [ 151.549943778868538, -33.302400615227796 ], [ 151.550057129885687, -33.302041186736936 ] ], [ [ 151.550440347928088, -33.311335000156546 ], [ 151.550547740556453, -33.311336253227566 ], [ 151.55054923290254, -33.311246082915744 ], [ 151.55044184038465, -33.311244829848995 ], [ 151.550440347928088, -33.311335000156546 ] ], [ [ 151.550429900545907, -33.311966192271065 ], [ 151.550537293947627, -33.311967445371977 ], [ 151.550538786340269, -33.31187727506974 ], [ 151.550431393049053, -33.311876021973092 ], [ 151.550429900545907, -33.311966192271065 ] ], [ [ 151.550455272194768, -33.310433297019379 ], [ 151.550453779798005, -33.310523467339273 ], [ 151.550561171432093, -33.310524720371824 ], [ 151.550562663718409, -33.310434550047674 ], [ 151.550455272194768, -33.310433297019379 ] ], [ [ 151.55061492025041, -33.300785064877481 ], [ 151.550613428564674, -33.300875235343931 ], [ 151.550720808381072, -33.300876487919389 ], [ 151.550722299956362, -33.300786317448669 ], [ 151.55061492025041, -33.300785064877481 ] ], [ [ 151.550341910609006, -33.310792725152538 ], [ 151.550449302567841, -33.310793978290697 ], [ 151.550450794984556, -33.310703807974917 ], [ 151.550343403136168, -33.310702554841036 ], [ 151.550341910609006, -33.310792725152538 ] ], [ [ 151.550401652758353, -33.300692388997611 ], [ 151.55040016085843, -33.300782559456884 ], [ 151.550507540551109, -33.300783812213552 ], [ 151.550509032340614, -33.300693641750016 ], [ 151.550401652758353, -33.300692388997611 ] ], [ [ 151.550230040703951, -33.311061982835056 ], [ 151.550335940433825, -33.31115340638484 ], [ 151.550338925534732, -33.310973065771428 ], [ 151.55023153336154, -33.310971812531946 ], [ 151.550230040703951, -33.311061982835056 ] ], [ [ 151.55022556269131, -33.311332493736195 ], [ 151.550332955306374, -33.311333746992766 ], [ 151.550334447873439, -33.311243576689485 ], [ 151.55022705536885, -33.311242323437178 ], [ 151.55022556269131, -33.311332493736195 ] ], [ [ 151.550170413707662, -33.308175279256119 ], [ 151.550277802449699, -33.308176532455896 ], [ 151.55027929489458, -33.308086362108952 ], [ 151.550171906263017, -33.308085108913438 ], [ 151.550170413707662, -33.308175279256119 ] ], [ [ 151.550060039620746, -33.30835436663628 ], [ 151.550167428577055, -33.308355619937366 ], [ 151.550168921145683, -33.308265449597428 ], [ 151.550060039620746, -33.30835436663628 ] ], [ [ 151.550165936001775, -33.308445790275925 ], [ 151.55027332507521, -33.308447043488535 ], [ 151.550274817540014, -33.308356873145698 ], [ 151.550167428577055, -33.308355619937366 ], [ 151.550165936001775, -33.308445790275925 ] ], [ [ 151.55001973477232, -33.310788965181416 ], [ 151.550127126711232, -33.310790218597894 ], [ 151.550128619459343, -33.310700048294947 ], [ 151.550021227630907, -33.31069879488274 ], [ 151.55001973477232, -33.310788965181416 ] ], [ [ 151.550009284575992, -33.311420157233819 ], [ 151.55011667728823, -33.311421410680211 ], [ 151.550118170082897, -33.311331240386849 ], [ 151.550010777481134, -33.311329986944706 ], [ 151.550009284575992, -33.311420157233819 ] ], [ [ 151.550073473493256, -33.307542833565968 ], [ 151.550071980867358, -33.307633003912599 ], [ 151.550179368939979, -33.307634257179501 ], [ 151.550180861455431, -33.307544086828599 ], [ 151.550073473493256, -33.307542833565968 ] ], [ [ 151.550018241907082, -33.310879135478729 ], [ 151.549910849864318, -33.310877881965197 ], [ 151.549804950914393, -33.310786458070126 ], [ 151.549696065798798, -33.310875374659808 ], [ 151.549801964735366, -33.31096679864627 ], [ 151.549909356881955, -33.310968052256861 ], [ 151.54990786389294, -33.311058222547153 ], [ 151.550016749035194, -33.31096930577467 ], [ 151.550018241907082, -33.310879135478729 ] ], [ [ 151.550013763271465, -33.311149646362431 ], [ 151.550121155652249, -33.311150899796012 ], [ 151.550124141195056, -33.310970559199696 ], [ 151.550016749035194, -33.31096930577467 ], [ 151.550013763271465, -33.311149646362431 ] ], [ [ 151.549898905819248, -33.311599244260151 ], [ 151.550006298745785, -33.311600497807873 ], [ 151.550007791664228, -33.311510327521532 ], [ 151.549898905819248, -33.311599244260151 ] ], [ [ 151.549955636243538, -33.30817277257826 ], [ 151.550064517638077, -33.308083855625163 ], [ 151.549957129019788, -33.30808260224412 ], [ 151.549955636243538, -33.30817277257826 ] ], [ [ 151.549591660383612, -33.310693780306146 ], [ 151.549590167083124, -33.310783950587734 ], [ 151.549697558995462, -33.310785204375314 ], [ 151.549699052185474, -33.310695034089456 ], [ 151.549591660383612, -33.310693780306146 ] ], [ [ 151.54980644399393, -33.31069628777999 ], [ 151.549913835809122, -33.310697541377749 ], [ 151.549915328771533, -33.310607371081979 ], [ 151.549807937066845, -33.310606117488497 ], [ 151.54980644399393, -33.31069628777999 ] ], [ [ 151.549818388390861, -33.309974925409634 ], [ 151.549815402331546, -33.310155266010447 ], [ 151.549922793483887, -33.310156519582563 ], [ 151.549927272231486, -33.309886008666467 ], [ 151.549818388390861, -33.309974925409634 ] ], [ [ 151.549117950886085, -33.33927769094138 ], [ 151.549225377732569, -33.339278946080299 ], [ 151.549226873025361, -33.339188776227438 ], [ 151.549119446289524, -33.339187521092803 ], [ 151.549117950886085, -33.33927769094138 ] ], [ [ 151.549357460502421, -33.311863485903729 ], [ 151.549464853727159, -33.311864739928161 ], [ 151.54946634721793, -33.3117745696673 ], [ 151.549358954103667, -33.311773315647137 ], [ 151.549357460502421, -33.311863485903729 ] ], [ [ 151.549463360229765, -33.311954910187666 ], [ 151.549570753571601, -33.3119561641236 ], [ 151.549572246958576, -33.311865993859833 ], [ 151.549464853727159, -33.311864739928161 ], [ 151.549463360229765, -33.311954910187666 ] ], [ [ 151.549361941286236, -33.311592975129841 ], [ 151.54946933417952, -33.311594229141463 ], [ 151.549470827650367, -33.311504058876487 ], [ 151.54936343486753, -33.31150280486915 ], [ 151.549361941286236, -33.311592975129841 ] ], [ [ 151.548906088455823, -33.33909484070351 ], [ 151.549013515067742, -33.339096096019624 ], [ 151.549015010568468, -33.339005926172575 ], [ 151.548907584067194, -33.339004670860739 ], [ 151.548906088455823, -33.33909484070351 ] ], [ [ 151.549408363713098, -33.302304177417668 ], [ 151.549297995955413, -33.302483264443289 ], [ 151.549514252320165, -33.302395601482104 ], [ 151.549515745223147, -33.302305431081678 ], [ 151.549408363713098, -33.302304177417668 ] ], [ [ 151.549045738257263, -33.311228531538617 ], [ 151.549153130688694, -33.311229785811456 ], [ 151.549154624464336, -33.311139615553842 ], [ 151.549047232143351, -33.311138361285266 ], [ 151.549045738257263, -33.311228531538617 ] ], [ [ 151.547156200664716, -33.334474826103062 ], [ 151.547153206340766, -33.334655165778734 ], [ 151.547260627419234, -33.334656422463816 ], [ 151.547263621521978, -33.334476082779595 ], [ 151.547156200664716, -33.334474826103062 ] ], [ [ 151.54737104238589, -33.334477339363254 ], [ 151.547588877546218, -33.334299512536617 ], [ 151.547375533158203, -33.334206829813795 ], [ 151.547160692100647, -33.334204316579289 ], [ 151.547051774332601, -33.3342932296611 ], [ 151.547050277076721, -33.33438339949808 ], [ 151.547263621521978, -33.334476082779595 ], [ 151.54737104238589, -33.334477339363254 ] ], [ [ 151.547587380843311, -33.334389682395006 ], [ 151.547694801616615, -33.334390938695812 ], [ 151.547696298208933, -33.334300768833138 ], [ 151.547588877546218, -33.334299512536617 ], [ 151.547587380843311, -33.334389682395006 ] ], [ [ 151.547476966429656, -33.334568765705434 ], [ 151.547693305017674, -33.334481108557114 ], [ 151.547799229413243, -33.334572534633558 ], [ 151.548012575155099, -33.33466521665941 ], [ 151.548015567709427, -33.334484876915234 ], [ 151.54790964318326, -33.334393451018862 ], [ 151.547694801616615, -33.334390938695812 ], [ 151.547476966429656, -33.334568765705434 ] ], [ [ 151.547688815180805, -33.334751618132785 ], [ 151.547902161227853, -33.334844300354469 ], [ 151.547799229413243, -33.334572534633558 ], [ 151.547688815180805, -33.334751618132785 ] ], [ [ 151.547581393965061, -33.334750361814848 ], [ 151.547579897228843, -33.334840531666387 ], [ 151.547687318555177, -33.334841787988609 ], [ 151.547688815180805, -33.334751618132785 ], [ 151.547581393965061, -33.334750361814848 ] ], [ [ 151.547803718878299, -33.33430202503682 ], [ 151.547805215353321, -33.334211855168491 ], [ 151.547697794794544, -33.334210598969108 ], [ 151.547696298208933, -33.334300768833138 ], [ 151.547803718878299, -33.33430202503682 ] ], [ [ 151.547911139554373, -33.334303281147626 ], [ 151.548017063976573, -33.334394707041092 ], [ 151.548125980926415, -33.334305793090671 ], [ 151.548236393681066, -33.334126709150645 ], [ 151.547806711821721, -33.334121685298797 ], [ 151.547805215353321, -33.334211855168491 ], [ 151.547911139554373, -33.334303281147626 ] ], [ [ 151.548237889700374, -33.334036539262463 ], [ 151.548240881718954, -33.333856199481971 ], [ 151.548133461575958, -33.333854943671135 ], [ 151.548242377718282, -33.333766029589682 ], [ 151.548354285383567, -33.333496775605404 ], [ 151.548461705097537, -33.333498031213416 ], [ 151.548792936697566, -33.332960777944663 ], [ 151.548473670922789, -33.332776671924321 ], [ 151.548584080927185, -33.332597587560691 ], [ 151.548151414455191, -33.332772904924461 ], [ 151.548042499498735, -33.332861818970954 ], [ 151.547827661679094, -33.332859306979181 ], [ 151.547614320475731, -33.332766624734312 ], [ 151.547611327289871, -33.332946964496315 ], [ 151.547503908292782, -33.332945708171167 ], [ 151.547499418132247, -33.333216217791048 ], [ 151.547605340838203, -33.333307644003874 ], [ 151.547818683328728, -33.333400326291908 ], [ 151.547603844208595, -33.333397813877355 ], [ 151.547387508257714, -33.333485470954898 ], [ 151.547275597666271, -33.333754723987845 ], [ 151.547274100671586, -33.333844893841608 ], [ 151.547381520761292, -33.333846150395303 ], [ 151.547383017645387, -33.333755980537255 ], [ 151.547599354279896, -33.333668323489526 ], [ 151.54748744407749, -33.333937576717098 ], [ 151.547594864291142, -33.333938833089356 ], [ 151.547703781070425, -33.333849919499237 ], [ 151.547699291373533, -33.334120429103692 ], [ 151.547806711821721, -33.334121685298797 ], [ 151.548237889700374, -33.334036539262463 ] ], [ [ 151.548691499548539, -33.332598842940193 ], [ 151.548692995012203, -33.332508673011588 ], [ 151.548585576501466, -33.332507417636364 ], [ 151.548584080927185, -33.332597587560691 ], [ 151.548691499548539, -33.332598842940193 ] ], [ [ 151.547391998810042, -33.333214961360198 ], [ 151.547390501965936, -33.333305131226467 ], [ 151.54749792139873, -33.333306387661594 ], [ 151.547499418132247, -33.333216217791048 ], [ 151.547391998810042, -33.333214961360198 ] ], [ [ 151.547484450497166, -33.334117916434899 ], [ 151.547377030068986, -33.334116659961225 ], [ 151.547375533158203, -33.334206829813795 ], [ 151.547484450497166, -33.334117916434899 ] ], [ [ 151.547053271581859, -33.334203059822755 ], [ 151.546945851069751, -33.334201802973368 ], [ 151.546944353709904, -33.334291972807421 ], [ 151.547051774332601, -33.3342932296611 ], [ 151.547053271581859, -33.334203059822755 ] ], [ [ 151.547162189232608, -33.334114146735288 ], [ 151.54727110666218, -33.334025233545042 ], [ 151.547163686357919, -33.334023976889924 ], [ 151.547162189232608, -33.334114146735288 ] ], [ [ 151.548152910485157, -33.332682735020001 ], [ 151.548260329190441, -33.332683990775188 ], [ 151.54826182510314, -33.332593820865064 ], [ 151.548154406508445, -33.332592565114155 ], [ 151.548152910485157, -33.332682735020001 ] ], [ [ 151.548085261410108, -33.343233860797454 ], [ 151.548191196476466, -33.343325286713281 ], [ 151.548406060027048, -33.343327798769479 ], [ 151.548300124726126, -33.343236373030877 ], [ 151.548085261410108, -33.343233860797454 ] ], [ [ 151.548665281327885, -33.314741406475008 ], [ 151.548663786844145, -33.31483157666073 ], [ 151.548771183675029, -33.314832831383022 ], [ 151.548772678048266, -33.314742661193016 ], [ 151.548665281327885, -33.314741406475008 ] ], [ [ 151.548590548986766, -33.31924991408242 ], [ 151.548589054170208, -33.319340084199617 ], [ 151.548696456526471, -33.319341339135825 ], [ 151.548697951232526, -33.319251169014336 ], [ 151.548590548986766, -33.31924991408242 ] ], [ [ 151.547844949569338, -33.344764233582957 ], [ 151.547952383091825, -33.344765490004676 ], [ 151.547953880008095, -33.344675320282498 ], [ 151.547846446596282, -33.344674063865057 ], [ 151.547844949569338, -33.344764233582957 ] ], [ [ 151.547910812448833, -33.340796764699292 ], [ 151.547909315708552, -33.340886934476103 ], [ 151.548016744473131, -33.340888190713727 ], [ 151.548018241102795, -33.340798020932617 ], [ 151.547910812448833, -33.340796764699292 ] ], [ [ 151.547649546251762, -33.343589514132759 ], [ 151.547756978322383, -33.3435907706846 ], [ 151.547864410399654, -33.343592027143536 ], [ 151.54786590733994, -33.343501857407823 ], [ 151.547758475373314, -33.343500600953156 ], [ 151.547651043413367, -33.343499344405608 ], [ 151.547649546251762, -33.343589514132759 ] ], [ [ 151.547973339313216, -33.3435031137696 ], [ 151.547867404273546, -33.343411687670752 ], [ 151.54786590733994, -33.343501857407823 ], [ 151.547973339313216, -33.3435031137696 ] ], [ [ 151.547731527436468, -33.345123655909035 ], [ 151.547838961394916, -33.345124912440781 ], [ 151.547947892302943, -33.345035999162945 ], [ 151.547733024600745, -33.345033486200926 ], [ 151.547731527436468, -33.345123655909035 ] ], [ [ 151.547846789579694, -33.338180584372992 ], [ 151.547954215018706, -33.338181840575039 ], [ 151.547955711559069, -33.338091670757088 ], [ 151.547848286230675, -33.338090414559325 ], [ 151.547846789579694, -33.338180584372992 ] ], [ [ 151.547950042863903, -33.331958864014489 ], [ 151.548057460671117, -33.331960119921135 ], [ 151.548058956751731, -33.33186995000861 ], [ 151.547951539055077, -33.331868694106248 ], [ 151.547950042863903, -33.331958864014489 ] ], [ [ 151.547631579792693, -33.344671550751507 ], [ 151.547628585289488, -33.344851890168783 ], [ 151.547736018909291, -33.344853146780572 ], [ 151.547739013191176, -33.344672807354726 ], [ 151.547631579792693, -33.344671550751507 ] ], [ [ 151.547594514749193, -33.340432316372379 ], [ 151.54770194294062, -33.340433572867227 ], [ 151.547703439868883, -33.340343403092099 ], [ 151.547596011788102, -33.340342146601536 ], [ 151.547594514749193, -33.340432316372379 ] ], [ [ 151.54757804688137, -33.341424183761099 ], [ 151.547685476289814, -33.341425440303034 ], [ 151.547686973291405, -33.341335270542999 ], [ 151.547579543993606, -33.341334014005341 ], [ 151.54757804688137, -33.341424183761099 ] ], [ [ 151.54751665953961, -33.34512114256686 ], [ 151.547515162147363, -33.345211312265043 ], [ 151.547622596203126, -33.345212568986867 ], [ 151.5476240934847, -33.345122399284399 ], [ 151.54751665953961, -33.34512114256686 ] ], [ [ 151.54768282863833, -33.335112297547838 ], [ 151.547790250303137, -33.335113553790038 ], [ 151.547791746838158, -33.33502338393405 ], [ 151.54768282863833, -33.335112297547838 ] ], [ [ 151.547349711782914, -33.342233198061578 ], [ 151.547457142173812, -33.342234454827839 ], [ 151.547458639456664, -33.342144285088715 ], [ 151.547351209176441, -33.342143028326717 ], [ 151.547349711782914, -33.342233198061578 ] ], [ [ 151.547564572571332, -33.342235711501218 ], [ 151.547673500037149, -33.342146798334014 ], [ 151.547566069743567, -33.342145541757802 ], [ 151.547457142173812, -33.342234454827839 ], [ 151.547564572571332, -33.342235711501218 ] ], [ [ 151.547350084655221, -33.335739717097674 ], [ 151.547348587624441, -33.335829886925566 ], [ 151.547456010154121, -33.335831143480618 ], [ 151.547457507074256, -33.335740973648448 ], [ 151.547350084655221, -33.335739717097674 ] ], [ [ 151.547566426302893, -33.335652060268522 ], [ 151.547567923099081, -33.335561890429318 ], [ 151.547461997794727, -33.335470464143697 ], [ 151.547354575707516, -33.335469207605783 ], [ 151.547351581679294, -33.335649547268417 ], [ 151.547457507074256, -33.335740973648448 ], [ 151.547566426302893, -33.335652060268522 ] ], [ [ 151.547676841989215, -33.335472976940949 ], [ 151.547678338661512, -33.335382807094732 ], [ 151.547463494688202, -33.335380294306042 ], [ 151.547461997794727, -33.335470464143697 ], [ 151.547676841989215, -33.335472976940949 ] ], [ [ 151.547394250271878, -33.346021582633739 ], [ 151.547501685316945, -33.346022839487006 ], [ 151.547503182769219, -33.345932669801158 ], [ 151.547395747834827, -33.34593141295219 ], [ 151.547394250271878, -33.346021582633739 ] ], [ [ 151.54710639507266, -33.343943908789385 ], [ 151.547215325183402, -33.343854996118296 ], [ 151.547216822807599, -33.343764826412389 ], [ 151.54700195829713, -33.343762312269789 ], [ 151.547000460451642, -33.343852481967112 ], [ 151.54710639507266, -33.343943908789385 ] ], [ [ 151.547428692532321, -33.343947679610984 ], [ 151.547431687344783, -33.343767340183433 ], [ 151.54732425507288, -33.343766083344363 ], [ 151.547215325183402, -33.343854996118296 ], [ 151.547428692532321, -33.343947679610984 ] ], [ [ 151.547357198683812, -33.341782349373602 ], [ 151.547355701316974, -33.341872519113934 ], [ 151.547463131265289, -33.341873775863071 ], [ 151.547464628521482, -33.34178360611844 ], [ 151.547357198683812, -33.341782349373602 ] ], [ [ 151.547470617479632, -33.34142292712626 ], [ 151.547363188084546, -33.341421670398539 ], [ 151.547360193397509, -33.341602009888817 ], [ 151.547467623013887, -33.3416032666251 ], [ 151.547470617479632, -33.34142292712626 ] ], [ [ 151.547325752579752, -33.343675913632815 ], [ 151.54743318474101, -33.3436771704676 ], [ 151.547436179513454, -33.343496831031821 ], [ 151.547328747573516, -33.343495574205598 ], [ 151.547325752579752, -33.343675913632815 ] ], [ [ 151.547312274777767, -33.344487440987415 ], [ 151.547310777210868, -33.344577610686628 ], [ 151.547418210478668, -33.344578867564252 ], [ 151.547419707934893, -33.344488697860761 ], [ 151.547312274777767, -33.344487440987415 ] ], [ [ 151.547307782057061, -33.34475795008094 ], [ 151.547415215546152, -33.344759206967126 ], [ 151.547416713015764, -33.344669037266364 ], [ 151.54730927963729, -33.344667780384455 ], [ 151.547307782057061, -33.34475795008094 ] ], [ [ 151.547442168978336, -33.343136152143806 ], [ 151.547445163670773, -33.342955812691585 ], [ 151.547337732394709, -33.342954555891055 ], [ 151.547227305990305, -33.343133638432739 ], [ 151.547442168978336, -33.343136152143806 ] ], [ [ 151.54752037170158, -33.331953839459402 ], [ 151.547518875061371, -33.332044009349133 ], [ 151.547626292952572, -33.332045265631464 ], [ 151.547627789482164, -33.331955095737449 ], [ 151.54752037170158, -33.331953839459402 ] ], [ [ 151.547365054596185, -33.334838018743362 ], [ 151.547472475909188, -33.334839275251312 ], [ 151.547473972755995, -33.33474910540405 ], [ 151.547366551553608, -33.334747848900399 ], [ 151.547365054596185, -33.334838018743362 ] ], [ [ 151.54725613621514, -33.334926931979879 ], [ 151.547036801473524, -33.335194927969155 ], [ 151.547144223208932, -33.335196184772812 ], [ 151.547359066699784, -33.335198698101536 ], [ 151.547360563683895, -33.335108528264044 ], [ 151.547469482195538, -33.335019614941693 ], [ 151.547363557632053, -33.334928188584968 ], [ 151.54725613621514, -33.334926931979879 ] ], [ [ 151.547033806821673, -33.335375267614317 ], [ 151.547141228778315, -33.335376524426536 ], [ 151.547250147849667, -33.335287611315437 ], [ 151.547144223208932, -33.335196184772812 ], [ 151.547033806821673, -33.335375267614317 ] ], [ [ 151.547248650741608, -33.335377781145908 ], [ 151.54735607271158, -33.335379037772398 ], [ 151.547357569709021, -33.335288867937649 ], [ 151.547250147849667, -33.335287611315437 ], [ 151.547248650741608, -33.335377781145908 ] ], [ [ 151.547139343845572, -33.34196017506742 ], [ 151.547246773891175, -33.341961432006606 ], [ 151.547248271375366, -33.34187126227193 ], [ 151.547140841440381, -33.341870005337022 ], [ 151.547139343845572, -33.34196017506742 ] ], [ [ 151.547094412900378, -33.344665266341963 ], [ 151.547201846265494, -33.34466652340965 ], [ 151.547203343949718, -33.344576353716107 ], [ 151.547095910695248, -33.344575096652683 ], [ 151.547094412900378, -33.344665266341963 ] ], [ [ 151.547071945176754, -33.34601781151656 ], [ 151.547179380201783, -33.346019068648523 ], [ 151.547180877986051, -33.345928898975529 ], [ 151.547073443071667, -33.345927641847858 ], [ 151.547071945176754, -33.34601781151656 ] ], [ [ 151.547024822706135, -33.33591628651692 ], [ 151.547023325330201, -33.336006456329223 ], [ 151.547130748061107, -33.336007713171426 ], [ 151.547132245326424, -33.335917543354846 ], [ 151.547024822706135, -33.33591628651692 ] ], [ [ 151.54723367929455, -33.336279479375143 ], [ 151.547342599434728, -33.336190566223436 ], [ 151.547345593542929, -33.336010226577251 ], [ 151.547130748061107, -33.336007713171426 ], [ 151.54723367929455, -33.336279479375143 ] ], [ [ 151.547239667953392, -33.335918800099904 ], [ 151.547241165101411, -33.335828630277661 ], [ 151.547133742585089, -33.335827373536873 ], [ 151.547132245326424, -33.335917543354846 ], [ 151.547239667953392, -33.335918800099904 ] ], [ [ 151.547016936385404, -33.342860615221099 ], [ 151.547125865192271, -33.342771702579327 ], [ 151.547018434157536, -33.342770445508705 ], [ 151.547016936385404, -33.342860615221099 ] ], [ [ 151.547233296233685, -33.342772959557067 ], [ 151.547234793777875, -33.342682789834718 ], [ 151.547127362847107, -33.342681532861263 ], [ 151.547125865192271, -33.342771702579327 ], [ 151.547233296233685, -33.342772959557067 ] ], [ [ 151.547015438606564, -33.342950784932142 ], [ 151.547013940821074, -33.343040954641822 ], [ 151.547121372187803, -33.34304221172529 ], [ 151.547122869862619, -33.342952042011326 ], [ 151.547015438606564, -33.342950784932142 ] ], [ [ 151.547230301125325, -33.342953298997642 ], [ 151.547231798682844, -33.34286312927803 ], [ 151.547124367530756, -33.342861872296012 ], [ 151.547122869862619, -33.342952042011326 ], [ 151.547230301125325, -33.342953298997642 ] ], [ [ 151.547036406902976, -33.341688408852882 ], [ 151.547143836609962, -33.341689665872096 ], [ 151.547145334184762, -33.341599496137604 ], [ 151.547037904588393, -33.341598239122668 ], [ 151.547036406902976, -33.341688408852882 ] ], [ [ 151.546586145281395, -33.336452276986989 ], [ 151.546800991802655, -33.336454791364311 ], [ 151.546802489433134, -33.336364621567427 ], [ 151.546695066279796, -33.336363364429488 ], [ 151.546586145281395, -33.336452276986989 ] ], [ [ 151.546906917546721, -33.336546218213464 ], [ 151.547121764329205, -33.336548732042147 ], [ 151.547229187730437, -33.33654998881719 ], [ 151.547232182113163, -33.336369649190537 ], [ 151.547015838350575, -33.336457305370153 ], [ 151.546800991802655, -33.336454791364311 ], [ 151.546906917546721, -33.336546218213464 ] ], [ [ 151.546690573036472, -33.336633873803166 ], [ 151.546689075275367, -33.336724043591651 ], [ 151.546792005879638, -33.336995810116797 ], [ 151.546896434674153, -33.337177406773634 ], [ 151.54712026701722, -33.336638901849135 ], [ 151.546902424927055, -33.336816727604607 ], [ 151.546905420013502, -33.33663638801189 ], [ 151.546906917546721, -33.336546218213464 ], [ 151.546690573036472, -33.336633873803166 ] ], [ [ 151.546581651686239, -33.336722786343707 ], [ 151.546580153807838, -33.336812956126522 ], [ 151.546687577507583, -33.336814213378752 ], [ 151.546689075275367, -33.336724043591651 ], [ 151.546581651686239, -33.336722786343707 ] ], [ [ 151.546684581952007, -33.336994552948866 ], [ 151.546683084164187, -33.337084722731873 ], [ 151.546790508202463, -33.337085979904082 ], [ 151.546792005879638, -33.336995810116797 ], [ 151.546684581952007, -33.336994552948866 ] ], [ [ 151.54678901051858, -33.337176149689995 ], [ 151.546678590760791, -33.337355232072646 ], [ 151.546784517427028, -33.337446659039514 ], [ 151.546896434674153, -33.337177406773634 ], [ 151.54678901051858, -33.337176149689995 ] ], [ [ 151.546372796859799, -33.336359592458486 ], [ 151.546480219993128, -33.336360849875021 ], [ 151.546587643133137, -33.336362107198688 ], [ 151.54658914097817, -33.336271937409002 ], [ 151.54648171794878, -33.336270680089619 ], [ 151.546374294926096, -33.336269422677368 ], [ 151.546372796859799, -33.336359592458486 ] ], [ [ 151.546875052101512, -33.344933260961767 ], [ 151.546982485785264, -33.344934518228115 ], [ 151.546983983710817, -33.344844348547234 ], [ 151.546876550137711, -33.344843091285178 ], [ 151.546875052101512, -33.344933260961767 ] ], [ [ 151.547030812143163, -33.335555607253994 ], [ 151.547138234321011, -33.335556864074789 ], [ 151.547139731552988, -33.335466694251352 ], [ 151.547032309485758, -33.335465437434848 ], [ 151.547030812143163, -33.335555607253994 ] ], [ [ 151.546913998874999, -33.342588848924834 ], [ 151.546915496737796, -33.342498679212596 ], [ 151.546808066048328, -33.342497421969043 ], [ 151.546806568074885, -33.342587591676995 ], [ 151.546913998874999, -33.342588848924834 ] ], [ [ 151.546912501005579, -33.342679018635693 ], [ 151.547019931922989, -33.342680275794919 ], [ 151.547021429681791, -33.342590106079776 ], [ 151.546913998874999, -33.342588848924834 ], [ 151.546912501005579, -33.342679018635693 ] ], [ [ 151.546870557952843, -33.345203769983321 ], [ 151.546977991968589, -33.345205027262516 ], [ 151.54697948991415, -33.345114857585756 ], [ 151.546872056009079, -33.345113600310846 ], [ 151.546870557952843, -33.345203769983321 ] ], [ [ 151.546860071372492, -33.345834957652293 ], [ 151.546967506162872, -33.345836214961487 ], [ 151.54696900415513, -33.345746045294312 ], [ 151.546861569475396, -33.345744787989403 ], [ 151.546860071372492, -33.345834957652293 ] ], [ [ 151.546935369410846, -33.33483299178301 ], [ 151.547150211990157, -33.334835505448908 ], [ 151.547151709168816, -33.334745335614507 ], [ 151.546936866810682, -33.334742821957171 ], [ 151.546935369410846, -33.33483299178301 ] ], [ [ 151.547047282544895, -33.334563739167912 ], [ 151.546939861590374, -33.334562482301379 ], [ 151.546938364203868, -33.334652652129954 ], [ 151.547045785268978, -33.334653909000771 ], [ 151.547047282544895, -33.334563739167912 ] ], [ [ 151.546916994593886, -33.342408509498988 ], [ 151.546918492443325, -33.342318339784008 ], [ 151.546811061975149, -33.34231708254903 ], [ 151.546809564015064, -33.342407252259726 ], [ 151.546916994593886, -33.342408509498988 ] ], [ [ 151.54701883316244, -33.336276965757889 ], [ 151.547020330558354, -33.3361867959497 ], [ 151.546912907612892, -33.336185539006067 ], [ 151.546911410106361, -33.336275708809957 ], [ 151.54701883316244, -33.336276965757889 ] ], [ [ 151.546572229356258, -33.343757282869873 ], [ 151.546358863428566, -33.343664597939572 ], [ 151.546355866416405, -33.343844937284182 ], [ 151.546461800333475, -33.343936364638097 ], [ 151.54657073106813, -33.343847452550051 ], [ 151.546572229356258, -33.343757282869873 ] ], [ [ 151.546679661581464, -33.343758540359175 ], [ 151.546681159752268, -33.343668370673335 ], [ 151.546573727637707, -33.343667113188317 ], [ 151.546572229356258, -33.343757282869873 ], [ 151.546679661581464, -33.343758540359175 ] ], [ [ 151.546788591873508, -33.343669628065477 ], [ 151.546787093813379, -33.343759797755602 ], [ 151.546896024001398, -33.343670885364737 ], [ 151.546788591873508, -33.343669628065477 ] ], [ [ 151.546899019880385, -33.343490545971783 ], [ 151.546791587973757, -33.343489288681099 ], [ 151.546790089926958, -33.343579458373981 ], [ 151.546896024001398, -33.343670885364737 ], [ 151.546899019880385, -33.343490545971783 ] ], [ [ 151.546884453848179, -33.337898765045864 ], [ 151.546991878895341, -33.337900022070912 ], [ 151.546993376411336, -33.337809852287386 ], [ 151.546885951474763, -33.337808595266637 ], [ 151.546884453848179, -33.337898765045864 ] ], [ [ 151.546872472595396, -33.338620123230378 ], [ 151.546979898527553, -33.338621380289695 ], [ 151.546981396096868, -33.338531210517139 ], [ 151.546873970275357, -33.338529953462114 ], [ 151.546872472595396, -33.338620123230378 ] ], [ [ 151.546866481808962, -33.338980802289726 ], [ 151.546973908183588, -33.338982059366188 ], [ 151.546975405779591, -33.338891889599118 ], [ 151.546867979515582, -33.338890632526947 ], [ 151.546866481808962, -33.338980802289726 ] ], [ [ 151.546824953090265, -33.33501207444975 ], [ 151.546932374591137, -33.335013331430559 ], [ 151.546826450614049, -33.334921904630946 ], [ 151.546824953090265, -33.33501207444975 ] ], [ [ 151.546625722989347, -33.34700464813654 ], [ 151.546733159205047, -33.34700590568724 ], [ 151.546734657505368, -33.346915736046455 ], [ 151.546627221400342, -33.346914478500047 ], [ 151.546625722989347, -33.34700464813654 ] ], [ [ 151.546342834133355, -33.338162987792813 ], [ 151.54634133592694, -33.338253157545132 ], [ 151.546556186846232, -33.33825567246533 ], [ 151.546557684831356, -33.338165502704442 ], [ 151.546342834133355, -33.338162987792813 ] ], [ [ 151.546666608058189, -33.338076590254396 ], [ 151.546562178746711, -33.337894993413528 ], [ 151.546557684831356, -33.338165502704442 ], [ 151.546666608058189, -33.338076590254396 ] ], [ [ 151.546563676705176, -33.337804823647154 ], [ 151.54645625179532, -33.337803566254905 ], [ 151.546454753726238, -33.337893736017008 ], [ 151.546562178746711, -33.337894993413528 ], [ 151.546563676705176, -33.337804823647154 ] ], [ [ 151.546781521999321, -33.337626998599006 ], [ 151.546677092946311, -33.337445401850161 ], [ 151.546351823231475, -33.337621969250087 ], [ 151.546563676705176, -33.337804823647154 ], [ 151.546781521999321, -33.337626998599006 ] ], [ [ 151.546698061742006, -33.336183024840189 ], [ 151.54680548467411, -33.336184281969558 ], [ 151.546806982284608, -33.336094112168567 ], [ 151.546699559463093, -33.336092855043489 ], [ 151.546698061742006, -33.336183024840189 ] ], [ [ 151.546254428540834, -33.343483000834354 ], [ 151.546361860414066, -33.343484258589484 ], [ 151.546363358896798, -33.343394088912383 ], [ 151.546255927134212, -33.343392831161538 ], [ 151.546254428540834, -33.343483000834354 ] ], [ [ 151.546360361924656, -33.343574428265228 ], [ 151.546467793915241, -33.343575685931746 ], [ 151.546469292293978, -33.343485516251725 ], [ 151.546361860414066, -33.343484258589484 ], [ 151.546360361924656, -33.343574428265228 ] ], [ [ 151.546470790666064, -33.34339534657034 ], [ 151.546472289031499, -33.343305176887597 ], [ 151.546364857372879, -33.343303919233918 ], [ 151.546363358896798, -33.343394088912383 ], [ 151.546470790666064, -33.34339534657034 ] ], [ [ 151.546575225912477, -33.343576943505383 ], [ 151.546682657916392, -33.34357820098613 ], [ 151.546684156073837, -33.343488031297539 ], [ 151.546576724180596, -33.343486773821077 ], [ 151.546575225912477, -33.343576943505383 ] ], [ [ 151.546772535556073, -33.338168017244577 ], [ 151.546665110190361, -33.338166760020947 ], [ 151.546663612315854, -33.33825692978612 ], [ 151.546772535556073, -33.338168017244577 ] ], [ [ 151.546604119061811, -33.335370239436813 ], [ 151.546711540991765, -33.335371496620482 ], [ 151.546713038652854, -33.33528132681144 ], [ 151.546605616833489, -33.335280069632056 ], [ 151.546604119061811, -33.335370239436813 ] ], [ [ 151.546443818947665, -33.345018400625534 ], [ 151.546551252715375, -33.345019658267745 ], [ 151.546552751090246, -33.344929488605374 ], [ 151.546445317433182, -33.344928230967462 ], [ 151.546443818947665, -33.345018400625534 ] ], [ [ 151.54637534651846, -33.342672731446235 ], [ 151.546482777402531, -33.342673989069901 ], [ 151.54648427571459, -33.342583819376173 ], [ 151.546376844941165, -33.342582561756799 ], [ 151.54637534651846, -33.342672731446235 ] ], [ [ 151.546315404139364, -33.346279517899589 ], [ 151.546422839449718, -33.346280775694702 ], [ 151.546424338028658, -33.346190606055828 ], [ 151.546316902828977, -33.346189348265 ], [ 151.546315404139364, -33.346279517899589 ] ], [ [ 151.546248893347069, -33.33735020240367 ], [ 151.54635631769051, -33.33735145996021 ], [ 151.546357815830135, -33.337261290194178 ], [ 151.54625039159734, -33.337260032641929 ], [ 151.546248893347069, -33.33735020240367 ] ], [ [ 151.546384781203187, -33.335638234171235 ], [ 151.546492203451635, -33.335639491553472 ], [ 151.546493701353938, -33.335549321757107 ], [ 151.546386279216108, -33.335548064379154 ], [ 151.546384781203187, -33.335638234171235 ] ], [ [ 151.546258924300957, -33.343212491811798 ], [ 151.546366355842252, -33.343213749554074 ], [ 151.546367854304975, -33.343123579872866 ], [ 151.546260422874326, -33.343122322134874 ], [ 151.546258924300957, -33.343212491811798 ] ], [ [ 151.546204971215133, -33.346458599268097 ], [ 151.546203472394836, -33.346548768894301 ], [ 151.546310908030506, -33.346550026795171 ], [ 151.546312406740128, -33.346459857164682 ], [ 151.546204971215133, -33.346458599268097 ] ], [ [ 151.546230913823337, -33.338432239437687 ], [ 151.54633983771393, -33.338343327296087 ], [ 151.546232412153671, -33.338342069692388 ], [ 151.546230913823337, -33.338432239437687 ] ], [ [ 151.546338339494213, -33.338433497045664 ], [ 151.54644576517174, -33.338434754560772 ], [ 151.546447263280839, -33.338344584806904 ], [ 151.54633983771393, -33.338343327296087 ], [ 151.546338339494213, -33.338433497045664 ] ], [ [ 151.546139503053979, -33.343932591308402 ], [ 151.546246935473818, -33.343933849177866 ], [ 151.546248434100534, -33.343843679511906 ], [ 151.546141001791369, -33.343842421646748 ], [ 151.546139503053979, -33.343932591308402 ] ], [ [ 151.546050056377027, -33.342849297366968 ], [ 151.546157487462381, -33.34285055527787 ], [ 151.546158986119707, -33.342760385599739 ], [ 151.54605155514497, -33.342759127693135 ], [ 151.546050056377027, -33.342849297366968 ] ], [ [ 151.546027574056552, -33.344201842309992 ], [ 151.546136505559105, -33.344112930627631 ], [ 151.546029072924654, -33.344111672656716 ], [ 151.546027574056552, -33.344201842309992 ] ], [ [ 151.546003591259449, -33.345644556575898 ], [ 151.546111025775105, -33.345645814619694 ], [ 151.546112524639341, -33.34555564498406 ], [ 151.546005090234331, -33.345554386944563 ], [ 151.546003591259449, -33.345644556575898 ] ], [ [ 151.546135475500023, -33.33770962377038 ], [ 151.546242900279253, -33.337710881436941 ], [ 151.546244398556183, -33.337620711680678 ], [ 151.546136973887599, -33.337619454018402 ], [ 151.546135475500023, -33.33770962377038 ] ], [ [ 151.546023555192789, -33.337978875245781 ], [ 151.546130980297221, -33.337980133018085 ], [ 151.546132478704834, -33.337889963270229 ], [ 151.546025053711048, -33.337888705502216 ], [ 151.546023555192789, -33.337978875245781 ] ], [ [ 151.546129481882957, -33.338070302764578 ], [ 151.546236907104657, -33.338071560448277 ], [ 151.546238405408303, -33.337981390697493 ], [ 151.546130980297221, -33.337980133018085 ], [ 151.546129481882957, -33.338070302764578 ] ], [ [ 151.546011566806783, -33.338700233145047 ], [ 151.546118992796181, -33.338701490951628 ], [ 151.54612049125717, -33.338611321214735 ], [ 151.546013065378418, -33.338610063412439 ], [ 151.546011566806783, -33.338700233145047 ] ], [ [ 151.546117494328541, -33.338791660687164 ], [ 151.546224920435236, -33.338792918405161 ], [ 151.546226418792259, -33.338702748665355 ], [ 151.546118992796181, -33.338701490951628 ], [ 151.546117494328541, -33.338791660687164 ] ], [ [ 151.546007071051918, -33.338970742334645 ], [ 151.546114497373196, -33.338972000154101 ], [ 151.546115995854223, -33.338881830421307 ], [ 151.546008569643561, -33.338880572606151 ], [ 151.546007071051918, -33.338970742334645 ] ], [ [ 151.546002575236997, -33.339241251511915 ], [ 151.546110001890128, -33.339242509344224 ], [ 151.546111500391163, -33.339152339615552 ], [ 151.54600407384865, -33.339151081787534 ], [ 151.546002575236997, -33.339241251511915 ] ], [ [ 151.545892151125912, -33.339420333022815 ], [ 151.545999577993683, -33.339421590956562 ], [ 151.546001076618666, -33.339331421234931 ], [ 151.54589364986154, -33.339330163305469 ], [ 151.545892151125912, -33.339420333022815 ] ], [ [ 151.545827699179881, -33.343297629572248 ], [ 151.545935130805134, -33.343298887690359 ], [ 151.545936629717119, -33.343208718027647 ], [ 151.54582919820254, -33.343207459913835 ], [ 151.545827699179881, -33.343297629572248 ] ], [ [ 151.5459206259616, -33.337707108158654 ], [ 151.54592212457041, -33.337616938415252 ], [ 151.545814699921834, -33.337615680474357 ], [ 151.545813201202378, -33.337705850213482 ], [ 151.5459206259616, -33.337707108158654 ] ], [ [ 151.545853664284806, -33.335271266776239 ], [ 151.545961086057474, -33.335272524605664 ], [ 151.545962584486119, -33.335182354825257 ], [ 151.54585516282404, -33.335181097000117 ], [ 151.545853664284806, -33.335271266776239 ] ], [ [ 151.545627561179089, -33.303612794298331 ], [ 151.545403812036938, -33.304151301353905 ], [ 151.545725962805164, -33.304155072632526 ], [ 151.545939233330301, -33.304247756584935 ], [ 151.546498593352567, -33.302901485366839 ], [ 151.546283829165873, -33.302898972692326 ], [ 151.546282332903473, -33.302989142954765 ], [ 151.546280836634367, -33.303079313215839 ], [ 151.546173454330159, -33.303078056730897 ], [ 151.546171957944011, -33.303168226986323 ], [ 151.546279340358609, -33.30316948347555 ], [ 151.546277844076201, -33.303259653733889 ], [ 151.545627561179089, -33.303612794298331 ] ], [ [ 151.545636823051296, -33.34185239849554 ], [ 151.545744252892888, -33.341853656730827 ], [ 151.545745751919355, -33.34176348705477 ], [ 151.545638322188438, -33.341762228823775 ], [ 151.545636823051296, -33.34185239849554 ] ], [ [ 151.545586359938227, -33.338424691839492 ], [ 151.545693785569085, -33.338425950004705 ], [ 151.545695284452506, -33.338335780280843 ], [ 151.545587858932322, -33.338334522119915 ], [ 151.545586359938227, -33.338424691839492 ] ], [ [ 151.545502405614997, -33.343474193947522 ], [ 151.545609837441532, -33.343475452352884 ], [ 151.545611336698812, -33.343385282705796 ], [ 151.545503904982922, -33.343384024304733 ], [ 151.545502405614997, -33.343474193947522 ] ], [ [ 151.545356516176099, -33.339323872264991 ], [ 151.545463942899858, -33.339325130658843 ], [ 151.545465442071333, -33.339234960957256 ], [ 151.54535801545822, -33.339233702567697 ], [ 151.545356516176099, -33.339323872264991 ] ], [ [ 151.545261084413852, -33.338601256195908 ], [ 151.545370009474595, -33.338512344940071 ], [ 151.545262583753157, -33.338511086491941 ], [ 151.545261084413852, -33.338601256195908 ] ], [ [ 151.545229596746054, -33.340494819662474 ], [ 151.545337024901329, -33.340496078204943 ], [ 151.545338524270221, -33.340405908525483 ], [ 151.545231096225592, -33.340404649987299 ], [ 151.545229596746054, -33.340494819662474 ] ], [ [ 151.545270080349553, -33.338060237951566 ], [ 151.545268581043644, -33.33815040766239 ], [ 151.545376006322556, -33.338151666093353 ], [ 151.545377505517848, -33.338061496378238 ], [ 151.545270080349553, -33.338060237951566 ] ], [ [ 151.54500724185138, -33.340943150611267 ], [ 151.545114670546468, -33.340944409360958 ], [ 151.545116170170019, -33.340854239696931 ], [ 151.545008741585576, -33.340852980951531 ], [ 151.54500724185138, -33.340943150611267 ] ], [ [ 151.544972746121744, -33.343017052406914 ], [ 151.545080177361655, -33.343018311255264 ], [ 151.545081677138796, -33.342928141622771 ], [ 151.544974246009559, -33.342926882778691 ], [ 151.544972746121744, -33.343017052406914 ] ], [ [ 151.544968246418279, -33.343287561283304 ], [ 151.545075677990098, -33.343288820144537 ], [ 151.545077177787306, -33.343198650516143 ], [ 151.544969746326103, -33.343197391659203 ], [ 151.544968246418279, -33.343287561283304 ] ], [ [ 151.544956802571164, -33.337515443897829 ], [ 151.545064227055718, -33.337516702577382 ], [ 151.545065726536137, -33.337426532865557 ], [ 151.544958302162172, -33.337425274190295 ], [ 151.544956802571164, -33.337515443897829 ] ], [ [ 151.544665454339025, -33.342111579089455 ], [ 151.544663954179384, -33.34220174871713 ], [ 151.544771384403418, -33.342203007805537 ], [ 151.544772884452385, -33.34211283817357 ], [ 151.544665454339025, -33.342111579089455 ] ], [ [ 151.544880314572453, -33.342114097164803 ], [ 151.544881814504095, -33.342023927527165 ], [ 151.544774384494701, -33.342022668540224 ], [ 151.544772884452385, -33.34211283817357 ], [ 151.544880314572453, -33.342114097164803 ] ], [ [ 151.54477588453031, -33.341932498905521 ], [ 151.544668454638213, -33.341931239829997 ], [ 151.544666954491959, -33.342021409460408 ], [ 151.544774384494701, -33.342022668540224 ], [ 151.54477588453031, -33.341932498905521 ] ], [ [ 151.544693956102549, -33.340398355903147 ], [ 151.544801384113811, -33.340399614905742 ], [ 151.544802884029195, -33.340309445246341 ], [ 151.544695456128579, -33.340308186248052 ], [ 151.544693956102549, -33.340398355903147 ] ], [ [ 151.545190542344841, -33.304058616502608 ], [ 151.545302417792755, -33.303789363243069 ], [ 151.544762506464139, -33.303963415921729 ], [ 151.544868392007942, -33.304054843845584 ], [ 151.545190542344841, -33.304058616502608 ] ], [ [ 151.544574526764279, -33.341118453964739 ], [ 151.544681955653942, -33.34111971309455 ], [ 151.544683455733406, -33.341029543450425 ], [ 151.544574526764279, -33.341118453964739 ] ], [ [ 151.544331159919437, -33.342829158159802 ], [ 151.544438590897926, -33.342830417556911 ], [ 151.544440091325612, -33.342740247947411 ], [ 151.544332660457769, -33.342738988554601 ], [ 151.544331159919437, -33.342829158159802 ] ], [ [ 151.544328158822736, -33.34300949736609 ], [ 151.544435590022516, -33.343010756771783 ], [ 151.544437090463589, -33.342920587165018 ], [ 151.544329659374426, -33.342919327763632 ], [ 151.544328158822736, -33.34300949736609 ] ], [ [ 151.544261243167227, -33.340573658235748 ], [ 151.544368671373007, -33.340574917618433 ], [ 151.544370171744305, -33.340484747978962 ], [ 151.544262743649142, -33.340483488600569 ], [ 151.544261243167227, -33.340573658235748 ] ], [ [ 151.544146311905109, -33.341023246894089 ], [ 151.54425374065741, -33.341024506391108 ], [ 151.544255241172721, -33.340934336762778 ], [ 151.544147812531094, -33.340933077270051 ], [ 151.544146311905109, -33.341023246894089 ] ], [ [ 151.544114797216167, -33.342916808682162 ], [ 151.544222228291972, -33.342918068269348 ], [ 151.5442237289476, -33.342827898669803 ], [ 151.54411629798247, -33.34282663908693 ], [ 151.544114797216167, -33.342916808682162 ] ], [ [ 151.544202055759428, -33.31829668247795 ], [ 151.544200556478387, -33.318386852433179 ], [ 151.544307957456141, -33.318388111131476 ], [ 151.544309456626706, -33.318297941171963 ], [ 151.544202055759428, -33.31829668247795 ] ], [ [ 151.544085658449177, -33.318836443376206 ], [ 151.544084159017501, -33.318926613318929 ], [ 151.544191560651683, -33.318927872135781 ], [ 151.544193059972827, -33.318837702188773 ], [ 151.544085658449177, -33.318836443376206 ] ], [ [ 151.543981255996499, -33.318654844589886 ], [ 151.543979756467678, -33.318745014531054 ], [ 151.544087157874145, -33.318746273432126 ], [ 151.544088657292434, -33.318656103486667 ], [ 151.543981255996499, -33.318654844589886 ] ], [ [ 151.543210296196435, -33.34561181483005 ], [ 151.543317730538405, -33.345613075289187 ], [ 151.543319232279856, -33.345522905765129 ], [ 151.54321179804856, -33.345521645310292 ], [ 151.543210296196435, -33.34561181483005 ] ], [ [ 151.543538150901071, -33.319461337341345 ], [ 151.543536650870067, -33.319551507252996 ], [ 151.543644053244492, -33.319552766563923 ], [ 151.543645553164964, -33.319462596647973 ], [ 151.543538150901071, -33.319461337341345 ] ], [ [ 151.543752955435536, -33.319463855861791 ], [ 151.543647053078757, -33.319372426730652 ], [ 151.543645553164964, -33.319462596647973 ], [ 151.543752955435536, -33.319463855861791 ] ], [ [ 151.543352942289062, -33.337045704330848 ], [ 151.543460366120314, -33.337046964381955 ], [ 151.543461867226597, -33.336956794727641 ], [ 151.543354443505962, -33.336955534680826 ], [ 151.543352942289062, -33.337045704330848 ] ], [ [ 151.543107367729419, -33.345340045727518 ], [ 151.543214801732688, -33.345341306266661 ], [ 151.543216303564748, -33.345251136742789 ], [ 151.543108869672125, -33.345249876207944 ], [ 151.543107367729419, -33.345340045727518 ] ], [ [ 151.543515649734616, -33.320813885872305 ], [ 151.543514149603425, -33.320904055763393 ], [ 151.543621553635688, -33.320905315138717 ], [ 151.543623053656376, -33.32081514524333 ], [ 151.543515649734616, -33.320813885872305 ] ], [ [ 151.543095351947017, -33.34606140183476 ], [ 151.543202786835593, -33.346062662408272 ], [ 151.543204288721142, -33.345972492895378 ], [ 151.543096853943211, -33.34597123232615 ], [ 151.543095351947017, -33.34606140183476 ] ], [ [ 151.543420247512927, -33.320091267264679 ], [ 151.543418747324608, -33.320181437162447 ], [ 151.543526150466022, -33.320182696596227 ], [ 151.54352765054378, -33.320092526694161 ], [ 151.543420247512927, -33.320091267264679 ] ], [ [ 151.543533650788021, -33.319731847072212 ], [ 151.543424748037665, -33.319820757563143 ], [ 151.543532150736979, -33.319822016979742 ], [ 151.543533650788021, -33.319731847072212 ] ], [ [ 151.542884988822465, -33.345788371904888 ], [ 151.542992423365689, -33.345789632651304 ], [ 151.542993925452464, -33.345699463142886 ], [ 151.542886491019942, -33.345698202400762 ], [ 151.542884988822465, -33.345788371904888 ] ], [ [ 151.543218944854516, -33.319277219062947 ], [ 151.543217444505331, -33.319367388964473 ], [ 151.543324846638683, -33.319368648545222 ], [ 151.543326346877336, -33.319278478639404 ], [ 151.543218944854516, -33.319277219062947 ] ], [ [ 151.543188936601069, -33.321080616832887 ], [ 151.543187436118245, -33.321170786706993 ], [ 151.543294840462039, -33.321172046373633 ], [ 151.54329634083436, -33.321081876495221 ], [ 151.543188936601069, -33.321080616832887 ] ], [ [ 151.543161926887649, -33.322703674357051 ], [ 151.543269333110516, -33.322704934096691 ], [ 151.543270833596409, -33.3226147642416 ], [ 151.543163427484075, -33.322613504506243 ], [ 151.543161926887649, -33.322703674357051 ] ], [ [ 151.543123546275552, -33.318554600166564 ], [ 151.543122045869296, -33.318644770074748 ], [ 151.543229447111798, -33.318646029713946 ], [ 151.543230947407523, -33.318555859801478 ], [ 151.543123546275552, -33.318554600166564 ] ], [ [ 151.543090535794306, -33.320538337830079 ], [ 151.543089035241053, -33.320628507708115 ], [ 151.543196438915004, -33.320629767441801 ], [ 151.543197939357754, -33.320539597559474 ], [ 151.543090535794306, -33.320538337830079 ] ], [ [ 151.542838207324365, -33.322790064417774 ], [ 151.542836706382957, -33.322880234252942 ], [ 151.542944112806879, -33.322881494279628 ], [ 151.542945613637727, -33.322791324440168 ], [ 151.542838207324365, -33.322790064417774 ] ], [ [ 151.543053019957767, -33.322792584369736 ], [ 151.543054520671433, -33.322702414524592 ], [ 151.542947114461953, -33.322701154599315 ], [ 151.542945613637727, -33.322791324440168 ], [ 151.543053019957767, -33.322792584369736 ] ], [ [ 151.542853216370929, -33.321888365990624 ], [ 151.542851715496312, -33.321978535839499 ], [ 151.542959120814885, -33.321979795823239 ], [ 151.542960621578914, -33.321889625970051 ], [ 151.542853216370929, -33.321888365990624 ] ], [ [ 151.543068026793605, -33.321890885856675 ], [ 151.543069527440451, -33.321800715997831 ], [ 151.542962122336263, -33.321799456115507 ], [ 151.542960621578914, -33.321889625970051 ], [ 151.543068026793605, -33.321890885856675 ] ], [ [ 151.542999639098184, -33.319545209306298 ], [ 151.542998138507897, -33.319635379195113 ], [ 151.543105540959431, -33.319636638974366 ], [ 151.543107041439214, -33.319546469081246 ], [ 151.542999639098184, -33.319545209306298 ] ], [ [ 151.542978630226116, -33.320807587624998 ], [ 151.542977129542265, -33.320897757494627 ], [ 151.543084533541133, -33.320899017334007 ], [ 151.543086034114452, -33.320808847460071 ], [ 151.542978630226116, -33.320807587624998 ] ], [ [ 151.542884733193034, -33.319994798847439 ], [ 151.54288323245882, -33.320084968725119 ], [ 151.542990635456249, -33.320086228618635 ], [ 151.54299213607996, -33.31999605873667 ], [ 151.542993636696963, -33.319905888853341 ], [ 151.542886233920569, -33.319904628968409 ], [ 151.542884733193034, -33.319994798847439 ] ], [ [ 151.542972627450638, -33.321168267095288 ], [ 151.542974128154526, -33.321078097229766 ], [ 151.542866723941302, -33.321076837288992 ], [ 151.54286522312691, -33.321167007150216 ], [ 151.542863722305782, -33.321257177010054 ], [ 151.542862221477975, -33.321347346868535 ], [ 151.542969626022824, -33.321348606822198 ], [ 151.542971126740071, -33.321258436959425 ], [ 151.542972627450638, -33.321168267095288 ] ], [ [ 151.542751815043175, -33.321526426526326 ], [ 151.54275031408477, -33.321616596376394 ], [ 151.542857718954536, -33.321617856435751 ], [ 151.542859219802381, -33.321527686581383 ], [ 151.542751815043175, -33.321526426526326 ] ], [ [ 151.5427713268937, -33.320354218350666 ], [ 151.542662422596067, -33.320443128122228 ], [ 151.542769826022237, -33.320444388218561 ], [ 151.5427713268937, -33.320354218350666 ] ], [ [ 151.542524995922179, -33.322245264831196 ], [ 151.542632401552282, -33.322246525106245 ], [ 151.542633902667944, -33.322156355270081 ], [ 151.542526497148401, -33.322155094999317 ], [ 151.542524995922179, -33.322245264831196 ] ], [ [ 151.542741308194195, -33.32215761544802 ], [ 151.542742809192674, -33.32206744560618 ], [ 151.542635403776956, -33.322066185432526 ], [ 151.542633902667944, -33.322156355270081 ], [ 151.542741308194195, -33.32215761544802 ] ], [ [ 151.542753315994872, -33.321436256674879 ], [ 151.542754816939862, -33.321346086822061 ], [ 151.542648913457242, -33.321254656832892 ], [ 151.542538506717563, -33.321433736294907 ], [ 151.542753315994872, -33.321436256674879 ] ], [ [ 151.542440109648226, -33.320891456905585 ], [ 151.542438608405035, -33.320981626752378 ], [ 151.542546012481012, -33.32098288706009 ], [ 151.54254751361367, -33.32089271720902 ], [ 151.542440109648226, -33.320891456905585 ] ], [ [ 151.542429600805661, -33.321522645804251 ], [ 151.542428099515718, -33.32161281564143 ], [ 151.542535504365389, -33.321614075979227 ], [ 151.54253700554483, -33.321523906137749 ], [ 151.542429600805661, -33.321522645804251 ] ], [ [ 151.542404077967007, -33.323055532849914 ], [ 151.542511484585248, -33.323056793256448 ], [ 151.542512985871639, -33.322966623436905 ], [ 151.542405579363958, -33.322965363034662 ], [ 151.542404077967007, -33.323055532849914 ] ], [ [ 151.54230117585783, -33.322783762913581 ], [ 151.542408582137767, -33.322785023400058 ], [ 151.542410083514653, -33.322694853580686 ], [ 151.542302677345248, -33.322693593098514 ], [ 151.54230117585783, -33.322783762913581 ] ], [ [ 151.54222079732466, -33.321159445530753 ], [ 151.542110389851388, -33.321338524594175 ], [ 151.542325198854115, -33.321341045708046 ], [ 151.542326700234582, -33.321250875871051 ], [ 151.542434104635447, -33.321252136284471 ], [ 151.542435605898675, -33.321161966441821 ], [ 151.542328201608314, -33.321160706032693 ], [ 151.54222079732466, -33.321159445530753 ] ], [ [ 151.542311686129352, -33.322152574179349 ], [ 151.542310184682037, -33.322242744002629 ], [ 151.542417590298754, -33.322244004463315 ], [ 151.542419091635537, -33.322153834635735 ], [ 151.542311686129352, -33.322152574179349 ] ], [ [ 151.542104383378557, -33.32169920389407 ], [ 151.542102881743631, -33.321789373715625 ], [ 151.542210286794301, -33.321790634340452 ], [ 151.542211788318696, -33.321700464514606 ], [ 151.542104383378557, -33.32169920389407 ] ], [ [ 151.542319193265541, -33.321701725042331 ], [ 151.542320694672696, -33.321611555210822 ], [ 151.542213289836411, -33.321610294687389 ], [ 151.542211788318696, -33.321700464514606 ], [ 151.542319193265541, -33.321701725042331 ] ], [ [ 151.541815153650504, -33.345505250943781 ], [ 151.541922587794801, -33.345506512606278 ], [ 151.541816656934515, -33.345415081478514 ], [ 151.541815153650504, -33.345505250943781 ] ], [ [ 151.542244820163745, -33.3197167279992 ], [ 151.542243318786433, -33.319806897855187 ], [ 151.54235072141222, -33.31980815829268 ], [ 151.542352222678971, -33.319717988432387 ], [ 151.542244820163745, -33.3197167279992 ] ], [ [ 151.542129910149214, -33.32016631671803 ], [ 151.542128408627946, -33.320256486562876 ], [ 151.542235811799685, -33.320257747114645 ], [ 151.542237313210393, -33.320167577265501 ], [ 151.542129910149214, -33.32016631671803 ] ], [ [ 151.541975953399998, -33.322960320497486 ], [ 151.542083359880962, -33.322961581271002 ], [ 151.542084861602831, -33.322871411467275 ], [ 151.541977455232427, -33.322870150698051 ], [ 151.541975953399998, -33.322960320497486 ] ], [ [ 151.541789678330531, -33.321244572411764 ], [ 151.541788176397432, -33.321334742227265 ], [ 151.541895580875376, -33.321336003109046 ], [ 151.541897082697943, -33.321245833289247 ], [ 151.541789678330531, -33.321244572411764 ] ], [ [ 151.541771654692099, -33.322326610107382 ], [ 151.541770152678737, -33.32241677990644 ], [ 151.541877558483094, -33.322418040839807 ], [ 151.541879060385895, -33.32232787103645 ], [ 151.541771654692099, -33.322326610107382 ] ], [ [ 151.541692788087744, -33.320612122724626 ], [ 151.541691286090952, -33.32070229254542 ], [ 151.54179868978855, -33.320703553489921 ], [ 151.54180019167481, -33.320613383664821 ], [ 151.541692788087744, -33.320612122724626 ] ], [ [ 151.541671759524007, -33.321874500091141 ], [ 151.541779164658493, -33.321875761091533 ], [ 151.541780666631695, -33.321785591284247 ], [ 151.54167326160777, -33.321784330288153 ], [ 151.541671759524007, -33.321874500091141 ] ], [ [ 151.541274975334602, -33.345679280121246 ], [ 151.541382409666767, -33.345680542256822 ], [ 151.541276479185342, -33.345589110680237 ], [ 151.541274975334602, -33.345679280121246 ] ], [ [ 151.541550834346708, -33.322684767124422 ], [ 151.541443428230821, -33.322683505899711 ], [ 151.54144192585909, -33.322773675680388 ], [ 151.541550834346708, -33.322684767124422 ] ], [ [ 151.541547829817659, -33.322865106693001 ], [ 151.541762642511685, -33.32286762888117 ], [ 151.541658240469275, -33.322686028256314 ], [ 151.541550834346708, -33.322684767124422 ], [ 151.541547829817659, -33.322865106693001 ] ], [ [ 151.541776160691995, -33.322056100701985 ], [ 151.541777662678584, -33.321965930897441 ], [ 151.541668755336474, -33.322054839693003 ], [ 151.541776160691995, -33.322056100701985 ] ], [ [ 151.541163029084828, -33.34594852619469 ], [ 151.541270463742308, -33.345949788436066 ], [ 151.541271967613113, -33.345859618999171 ], [ 151.541164533066279, -33.345858356762086 ], [ 151.541163029084828, -33.34594852619469 ] ], [ [ 151.541459953878103, -33.321691638221786 ], [ 151.54156735877811, -33.321692899399196 ], [ 151.541568860959018, -33.321602729597778 ], [ 151.541461456169515, -33.321601468424667 ], [ 151.541459953878103, -33.321691638221786 ] ], [ [ 151.540834707831834, -33.346305416578204 ], [ 151.540942142911831, -33.346306679115486 ], [ 151.540943647141432, -33.346216509696987 ], [ 151.540836212172081, -33.346215247163997 ], [ 151.540834707831834, -33.346305416578204 ] ], [ [ 151.540845238072933, -33.345674230649948 ], [ 151.540952672378296, -33.345675493157124 ], [ 151.540954176561002, -33.345585323729019 ], [ 151.540846742366284, -33.345584061226148 ], [ 151.540845238072933, -33.345674230649948 ] ], [ [ 151.541406602159185, -33.305547440918886 ], [ 151.541513987261908, -33.305548701605098 ], [ 151.541515488577119, -33.305458531571233 ], [ 151.541406602159185, -33.305547440918886 ] ], [ [ 151.540734794946133, -33.345853306884784 ], [ 151.540842229466108, -33.345854569493454 ], [ 151.540843733772874, -33.34576440007239 ], [ 151.540736299363545, -33.345763137468012 ], [ 151.540734794946133, -33.345853306884784 ] ], [ [ 151.540962552841165, -33.338641011474806 ], [ 151.540856631054197, -33.338549579683857 ], [ 151.540749205503005, -33.338548317330805 ], [ 151.540746197511936, -33.33872865637376 ], [ 151.540961049063526, -33.338731181004206 ], [ 151.540962552841165, -33.338641011474806 ] ], [ [ 151.54112421530985, -33.322499382129031 ], [ 151.5410168094418, -33.32249812054166 ], [ 151.541015306641327, -33.32258829030787 ], [ 151.541122712619909, -33.322589551899547 ], [ 151.54112421530985, -33.322499382129031 ] ], [ [ 151.540756725363508, -33.338097469699406 ], [ 151.540864150361614, -33.338098732030943 ], [ 151.540865654203003, -33.338008562496249 ], [ 151.540758229315543, -33.338007300169011 ], [ 151.540756725363508, -33.338097469699406 ] ], [ [ 151.541182821954152, -33.306085939365275 ], [ 151.541290207706169, -33.306087200262802 ], [ 151.541291709282405, -33.305997030245742 ], [ 151.541184323640806, -33.305995769352521 ], [ 151.541182821954152, -33.306085939365275 ] ], [ [ 151.540546387887105, -33.337824436188235 ], [ 151.540652308490706, -33.337915868221437 ], [ 151.540761237199462, -33.337826961104106 ], [ 151.540546387887105, -33.337824436188235 ] ], [ [ 151.539981248294964, -33.345934635408199 ], [ 151.540090187966825, -33.345845729281898 ], [ 151.539982753493717, -33.345844466022939 ], [ 151.539981248294964, -33.345934635408199 ] ], [ [ 151.540094703190931, -33.345575221104966 ], [ 151.539985763871158, -33.345664127248291 ], [ 151.53998425868582, -33.345754296636301 ], [ 151.540090187966825, -33.345845729281898 ], [ 151.540094703190931, -33.345575221104966 ] ], [ [ 151.540628864960894, -33.345761874770744 ], [ 151.540521430564979, -33.345760611980587 ], [ 151.540522935197004, -33.345670442571056 ], [ 151.540524439822377, -33.345580273160159 ], [ 151.540309571493253, -33.345577747318359 ], [ 151.540202137338753, -33.34557648425811 ], [ 151.540200632381413, -33.345666653656089 ], [ 151.540308066646588, -33.345667916720636 ], [ 151.540306561793216, -33.345758086121563 ], [ 151.540199127417367, -33.345756823052703 ], [ 151.540197622446613, -33.345846992447953 ], [ 151.540305056933136, -33.345848255521119 ], [ 151.540302047192881, -33.346028594316088 ], [ 151.540409481907403, -33.346029857304963 ], [ 151.540410986670196, -33.345939687903858 ], [ 151.54051842128078, -33.34594095079553 ], [ 151.540625855898043, -33.345942213594299 ], [ 151.540628864960894, -33.345761874770744 ] ], [ [ 151.540406472361667, -33.346210196103073 ], [ 151.540513907304216, -33.346211459007655 ], [ 151.540515411969778, -33.346121289604987 ], [ 151.540407977137903, -33.34612002670471 ], [ 151.540406472361667, -33.346210196103073 ] ], [ [ 151.540549396186719, -33.337644097135069 ], [ 151.540656820618324, -33.33764535963082 ], [ 151.540658324647438, -33.337555190097881 ], [ 151.540550900326451, -33.337553927606415 ], [ 151.540549396186719, -33.337644097135069 ] ], [ [ 151.540239158517409, -33.336918952926275 ], [ 151.540346582043981, -33.336920215666218 ], [ 151.540348086351401, -33.336830046135212 ], [ 151.540240662935446, -33.336828783399582 ], [ 151.540239158517409, -33.336918952926275 ] ], [ [ 151.540626363580003, -33.307251843247819 ], [ 151.540733750734432, -33.307253104665058 ], [ 151.540735252949844, -33.307162934687312 ], [ 151.540626363580003, -33.307251843247819 ] ], [ [ 151.540842640000506, -33.307164196007484 ], [ 151.540844142098791, -33.307074026024083 ], [ 151.540736755158548, -33.307072764708217 ], [ 151.540735252949844, -33.307162934687312 ], [ 151.540842640000506, -33.307164196007484 ] ], [ [ 151.540084167574207, -33.346206406831932 ], [ 151.540082662459298, -33.346296576216012 ], [ 151.540190097492399, -33.346297839403597 ], [ 151.540193107494218, -33.346117500625461 ], [ 151.540085672682437, -33.346116237446481 ], [ 151.540087177783931, -33.346026068059643 ], [ 151.539978237877335, -33.346114974174618 ], [ 151.539870803078941, -33.346113710809846 ], [ 151.539869297749419, -33.346203880186685 ], [ 151.540084167574207, -33.346206406831932 ] ], [ [ 151.540357339435786, -33.323392246410663 ], [ 151.540464746369082, -33.323393508597952 ], [ 151.540466249782469, -33.323303338865585 ], [ 151.540358842959733, -33.323302076682594 ], [ 151.540357339435786, -33.323392246410663 ] ], [ [ 151.54032811262428, -33.318702156676956 ], [ 151.540326609331288, -33.318792326470636 ], [ 151.540434010620942, -33.318793588531307 ], [ 151.540435513803459, -33.318703418733314 ], [ 151.54032811262428, -33.318702156676956 ] ], [ [ 151.540084919233777, -33.30751604461777 ], [ 151.540408584177641, -33.307429660060613 ], [ 151.54051897643231, -33.307250581737833 ], [ 151.540087925023499, -33.307335704720785 ], [ 151.539882169114662, -33.306792160999549 ], [ 151.53998204079403, -33.307244272796424 ], [ 151.539767266585585, -33.307241748570519 ], [ 151.53977177619393, -33.306971238749362 ], [ 151.539550988966823, -33.307329393902613 ], [ 151.539979034796801, -33.307424612687548 ], [ 151.540084919233777, -33.30751604461777 ] ], [ [ 151.539757346486226, -33.346473124834091 ], [ 151.539864781720581, -33.346474388308977 ], [ 151.539866287070225, -33.346384218936258 ], [ 151.539758851946544, -33.346382955465671 ], [ 151.539757346486226, -33.346473124834091 ] ], [ [ 151.540214697797524, -33.319061573677075 ], [ 151.540213194367226, -33.319151743460971 ], [ 151.540320596092243, -33.319153005631641 ], [ 151.540322099412037, -33.319062835843447 ], [ 151.540214697797524, -33.319061573677075 ] ], [ [ 151.539771262719, -33.332764839176008 ], [ 151.53987868112435, -33.332766102182227 ], [ 151.539880185676594, -33.332675932609682 ], [ 151.539772767381834, -33.332674669607734 ], [ 151.539771262719, -33.332764839176008 ] ], [ [ 151.540095439380622, -33.306884854954298 ], [ 151.540202826059783, -33.306886116818141 ], [ 151.540310212745652, -33.306887378589209 ], [ 151.540311715376077, -33.306797208623195 ], [ 151.540204328800684, -33.306795946856425 ], [ 151.540096942231969, -33.306794684996888 ], [ 151.540095439380622, -33.306884854954298 ] ], [ [ 151.539913544957187, -33.317795409683413 ], [ 151.539912041289057, -33.317885579473582 ], [ 151.540019441446816, -33.317886841862425 ], [ 151.540020945004414, -33.317796672067935 ], [ 151.539913544957187, -33.317795409683413 ] ], [ [ 151.539587091989659, -33.337362222020246 ], [ 151.53969451602913, -33.337363485338912 ], [ 151.539696021033706, -33.337273315840584 ], [ 151.539588597104881, -33.337272052526217 ], [ 151.539587091989659, -33.337362222020246 ] ], [ [ 151.539801633560671, -33.318064656559578 ], [ 151.539800129761971, -33.318154826341342 ], [ 151.539907530244534, -33.318156088835892 ], [ 151.53990903393273, -33.318065919049822 ], [ 151.539801633560671, -33.318064656559578 ] ], [ [ 151.539510706826405, -33.32906409670678 ], [ 151.539509202099879, -33.329154266316969 ], [ 151.539616616061863, -33.329155529429535 ], [ 151.539618120677801, -33.329065359815033 ], [ 151.539510706826405, -33.32906409670678 ] ], [ [ 151.539117253573806, -33.346195034001994 ], [ 151.539224688435922, -33.346196298021361 ], [ 151.53922619442946, -33.346106128670357 ], [ 151.53911875967799, -33.346104864655295 ], [ 151.539117253573806, -33.346195034001994 ] ], [ [ 151.539597360787269, -33.317430942850258 ], [ 151.539595856814401, -33.317521112632996 ], [ 151.539703256510023, -33.317522375283019 ], [ 151.539704760372359, -33.317432205495969 ], [ 151.539597360787269, -33.317430942850258 ] ], [ [ 151.539580816717461, -33.318422810385059 ], [ 151.539579312670952, -33.318512980152732 ], [ 151.539686713582199, -33.318514242850107 ], [ 151.539688217518204, -33.318424073078127 ], [ 151.539580816717461, -33.318422810385059 ] ], [ [ 151.539287784339393, -33.323109110373508 ], [ 151.539395190874046, -33.323110373476077 ], [ 151.539396695372773, -33.323020203782647 ], [ 151.539289288948623, -33.323018940684378 ], [ 151.539287784339393, -33.323109110373508 ] ], [ [ 151.539242065828205, -33.319410888975909 ], [ 151.539240561376431, -33.319501058715581 ], [ 151.539349467824508, -33.31941215199474 ], [ 151.539242065828205, -33.319410888975909 ] ], [ [ 151.539555499258, -33.307058884111392 ], [ 151.539557002674968, -33.30696871417824 ], [ 151.53944961592552, -33.306967451753536 ], [ 151.539448112398105, -33.307057621682375 ], [ 151.539340725544889, -33.307056359160619 ], [ 151.539339221900292, -33.307146529083781 ], [ 151.539446608863955, -33.30714779160985 ], [ 151.539553995834297, -33.307149054043158 ], [ 151.539555499258, -33.307058884111392 ] ], [ [ 151.539101561920432, -33.321393359725576 ], [ 151.539100057210703, -33.321483529430772 ], [ 151.539207461742365, -33.321484792641442 ], [ 151.539208966341562, -33.321394622931948 ], [ 151.539101561920432, -33.321393359725576 ] ], [ [ 151.539349747271814, -33.306515339592814 ], [ 151.539348243667405, -33.306605509524211 ], [ 151.53945562996833, -33.306606772024466 ], [ 151.539457133462321, -33.306516602088756 ], [ 151.539349747271814, -33.306515339592814 ] ], [ [ 151.539131654707347, -33.319589965333627 ], [ 151.539130150131655, -33.31968013506625 ], [ 151.539237552452818, -33.319681398190816 ], [ 151.539239056917978, -33.319591228453874 ], [ 151.539131654707347, -33.319589965333627 ] ], [ [ 151.539106076009347, -33.321122850601739 ], [ 151.53910457131974, -33.321213020311049 ], [ 151.539211975519805, -33.321214283508816 ], [ 151.53921348009888, -33.321124113795186 ], [ 151.539106076009347, -33.321122850601739 ] ], [ [ 151.539233338698409, -33.307055096546087 ], [ 151.53934373281399, -33.306876019310174 ], [ 151.539236346188375, -33.306874756704246 ], [ 151.539233338698409, -33.307055096546087 ] ], [ [ 151.53900619582663, -33.320670738769863 ], [ 151.539004691060001, -33.320760908481731 ], [ 151.539112094700727, -33.320762171750772 ], [ 151.539113599356824, -33.320672002034591 ], [ 151.53900619582663, -33.320670738769863 ] ], [ [ 151.538907821425255, -33.320128457138203 ], [ 151.539015224285635, -33.3201297204699 ], [ 151.53901672900534, -33.320039550748433 ], [ 151.538909326255492, -33.320038287421042 ], [ 151.538907821425255, -33.320128457138203 ] ], [ [ 151.539022747817199, -33.319678871848893 ], [ 151.538915345509423, -33.319677608538733 ], [ 151.538913840706016, -33.319767778261365 ], [ 151.539021243124296, -33.319769041575839 ], [ 151.539022747817199, -33.319678871848893 ] ], [ [ 151.539125951858608, -33.307053833838793 ], [ 151.539122944120919, -33.307234173666529 ], [ 151.539230331181614, -33.307235436382427 ], [ 151.539125951858608, -33.307053833838793 ] ], [ [ 151.538606720637716, -33.338162373008736 ], [ 151.538714145612374, -33.338163637201994 ], [ 151.538715651672874, -33.338073467754775 ], [ 151.538608226808833, -33.338072203565837 ], [ 151.538606720637716, -33.338162373008736 ] ], [ [ 151.538523395372749, -33.336718397540423 ], [ 151.538630818570823, -33.336719661757613 ], [ 151.538632324634648, -33.336629492292758 ], [ 151.538524901547163, -33.336628228079888 ], [ 151.538523395372749, -33.336718397540423 ] ], [ [ 151.538572066126534, -33.320936193862629 ], [ 151.538679469961494, -33.320937457511519 ], [ 151.538680975073078, -33.320847287815333 ], [ 151.53857357134865, -33.320846024170748 ], [ 151.538572066126534, -33.320936193862629 ] ], [ [ 151.538560024108136, -33.321657551348395 ], [ 151.538667428827353, -33.321658815031753 ], [ 151.538668933992597, -33.321568645346531 ], [ 151.538561529383912, -33.321567381667478 ], [ 151.538560024108136, -33.321657551348395 ] ], [ [ 151.538493785337806, -33.325625015951594 ], [ 151.538490774176211, -33.32580535518867 ], [ 151.538598183980355, -33.325806619070214 ], [ 151.53860119492083, -33.325626279824512 ], [ 151.538493785337806, -33.325625015951594 ] ], [ [ 151.538479715323149, -33.320033233183402 ], [ 151.538587118046195, -33.32003449688203 ], [ 151.538588623201264, -33.319944327176422 ], [ 151.538481220588778, -33.319943063482114 ], [ 151.538479715323149, -33.320033233183402 ] ], [ [ 151.538473694193613, -33.320393911974875 ], [ 151.538364785625561, -33.320482817856337 ], [ 151.538579592170151, -33.320485345389464 ], [ 151.538581097358758, -33.320395175690713 ], [ 151.538473694193613, -33.320393911974875 ] ], [ [ 151.538320599974014, -33.335994513173674 ], [ 151.538322106316002, -33.335904343710773 ], [ 151.538214684133521, -33.335903079253782 ], [ 151.538213177680944, -33.33599324871237 ], [ 151.538320599974014, -33.335994513173674 ] ], [ [ 151.538477117355768, -33.307316765309096 ], [ 151.538474108252473, -33.307497105076926 ], [ 151.538581495604348, -33.307498368362324 ], [ 151.538584504486749, -33.307318028585875 ], [ 151.538477117355768, -33.307316765309096 ] ], [ [ 151.538242326792698, -33.321383250733362 ], [ 151.538240821198741, -33.321473420404089 ], [ 151.538348225676799, -33.321474684357263 ], [ 151.538242326792698, -33.321383250733362 ] ], [ [ 151.53815950916831, -33.326342580587855 ], [ 151.538266919615694, -33.326343844773731 ], [ 151.538268425461183, -33.326253675172715 ], [ 151.538161015124359, -33.326252410991167 ], [ 151.53815950916831, -33.326342580587855 ] ], [ [ 151.538128899573763, -33.32174266534917 ], [ 151.538127393842473, -33.321832835010113 ], [ 151.538234798755923, -33.321834099073342 ], [ 151.53823630437671, -33.321743929408079 ], [ 151.538237809990761, -33.321653759741451 ], [ 151.538130405298375, -33.321652495686855 ], [ 151.538128899573763, -33.32174266534917 ] ], [ [ 151.538026012262776, -33.32147089221931 ], [ 151.538133416727391, -33.321472156358098 ], [ 151.53813492243188, -33.321381986691684 ], [ 151.538027518077769, -33.321380722557187 ], [ 151.538026012262776, -33.32147089221931 ] ], [ [ 151.538023000612696, -33.321651231539427 ], [ 151.538024506441076, -33.321561061880054 ], [ 151.537915595933697, -33.321649967299194 ], [ 151.538023000612696, -33.321651231539427 ] ], [ [ 151.537699280429138, -33.32173760818538 ], [ 151.537806685205254, -33.321738872615541 ], [ 151.537808191261433, -33.321648702966158 ], [ 151.537700786595849, -33.321647438540303 ], [ 151.537699280429138, -33.32173760818538 ] ], [ [ 151.537425046359175, -33.338148460753494 ], [ 151.53742655374711, -33.33805829135801 ], [ 151.537319128963588, -33.338057026054621 ], [ 151.537317621465007, -33.338147195445806 ], [ 151.537425046359175, -33.338148460753494 ] ], [ [ 151.537274608515872, -33.327865346106826 ], [ 151.537273101554604, -33.327955515644341 ], [ 151.537380513938359, -33.327956780650467 ], [ 151.537595338726021, -33.327959310384195 ], [ 151.537596845355608, -33.327869140833734 ], [ 151.537382020789067, -33.327866611108632 ], [ 151.537274608515872, -33.327865346106826 ] ], [ [ 151.537598351978517, -33.327778971281901 ], [ 151.53759985859466, -33.327688801728698 ], [ 151.537490939802439, -33.327777706470073 ], [ 151.537598351978517, -33.327778971281901 ] ], [ [ 151.536723979381861, -33.32867054529958 ], [ 151.536831392616591, -33.32867181080438 ], [ 151.536832900073847, -33.328581641295067 ], [ 151.536725486949678, -33.32858037579458 ], [ 151.536723979381861, -33.32867054529958 ] ], [ [ 151.537047726342308, -33.328584172017521 ], [ 151.537049233571736, -33.328494002498232 ], [ 151.536834407524395, -33.328491471784396 ], [ 151.536832900073847, -33.328581641295067 ], [ 151.537047726342308, -33.328584172017521 ] ], [ [ 151.537264059645906, -33.328496532840717 ], [ 151.537050740794427, -33.328403832977557 ], [ 151.537049233571736, -33.328494002498232 ], [ 151.537264059645906, -33.328496532840717 ] ], [ [ 151.536726994510786, -33.328490206288222 ], [ 151.536618073832216, -33.328579110201254 ], [ 151.536725486949678, -33.32858037579458 ], [ 151.536726994510786, -33.328490206288222 ] ], [ [ 151.53688565684854, -33.325425707605469 ], [ 151.536884149626246, -33.325515877162772 ], [ 151.536991558998068, -33.325517142423763 ], [ 151.536993066109858, -33.325426972862154 ], [ 151.53688565684854, -33.325425707605469 ] ], [ [ 151.536814421568835, -33.323260372572861 ], [ 151.536812914397075, -33.323350542158764 ], [ 151.536920321109136, -33.323351807409068 ], [ 151.536921828170364, -33.32326163781886 ], [ 151.536814421568835, -33.323260372572861 ] ], [ [ 151.53694056259468, -33.309282805511273 ], [ 151.53704795206184, -33.30928407018159 ], [ 151.537049458186857, -33.309193900381807 ], [ 151.536942068830172, -33.309192635715803 ], [ 151.53694056259468, -33.309282805511273 ] ], [ [ 151.536636165449153, -33.327497076086182 ], [ 151.536634657851351, -33.327587245603311 ], [ 151.536742069752592, -33.32758851114918 ], [ 151.536743577239832, -33.327498341627738 ], [ 151.536636165449153, -33.327497076086182 ] ], [ [ 151.536860286335099, -33.307658484297512 ], [ 151.536967673807311, -33.307659748982971 ], [ 151.536969179922096, -33.307569579162823 ], [ 151.53686179256033, -33.307568314481671 ], [ 151.536860286335099, -33.307658484297512 ] ], [ [ 151.536633150246814, -33.327677415119062 ], [ 151.53641681841097, -33.327765053245969 ], [ 151.536415310571897, -33.327855222750365 ], [ 151.536522722791403, -33.327856488494845 ], [ 151.536633150246814, -33.327677415119062 ] ], [ [ 151.536061067600656, -33.323341682807744 ], [ 151.536059559648407, -33.32343185236207 ], [ 151.53616696642402, -33.323433118266415 ], [ 151.536168474265736, -33.323342948707776 ], [ 151.536061067600656, -33.323341682807744 ] ], [ [ 151.535970578578201, -33.328751853639979 ], [ 151.535969070222961, -33.328842023112017 ], [ 151.536076483631831, -33.328843289275312 ], [ 151.536077991876482, -33.328753119798954 ], [ 151.535970578578201, -33.328751853639979 ] ], [ [ 151.536203906297658, -33.308372252507041 ], [ 151.536311294613256, -33.3083735177836 ], [ 151.53631280144441, -33.308283348000288 ], [ 151.536205413239287, -33.308282082728056 ], [ 151.536203906297658, -33.308372252507041 ] ], [ [ 151.535849270617234, -33.323158811633732 ], [ 151.535847762457308, -33.323248981182168 ], [ 151.535955168998413, -33.323250247263509 ], [ 151.53595667704775, -33.32316007771076 ], [ 151.535849270617234, -33.323158811633732 ] ], [ [ 151.535814581240231, -33.325232710900814 ], [ 151.535813072925862, -33.325322880417708 ], [ 151.535920482009487, -33.325324146598334 ], [ 151.535921990213296, -33.325233977077126 ], [ 151.535814581240231, -33.325232710900814 ] ], [ [ 151.535646830036654, -33.328838224065137 ], [ 151.535645321342997, -33.328928393522865 ], [ 151.535752734842276, -33.328929659968985 ], [ 151.535754243425373, -33.32883949050693 ], [ 151.535646830036654, -33.328838224065137 ] ], [ [ 151.535625407389659, -33.323697296419461 ], [ 151.535623898968367, -33.323787465951035 ], [ 151.535731306159249, -33.323788732243926 ], [ 151.535732814470009, -33.323698562708024 ], [ 151.535625407389659, -33.323697296419461 ] ], [ [ 151.535622390540368, -33.323877635481239 ], [ 151.535620882105661, -33.323967805010078 ], [ 151.535728289517635, -33.323969071311588 ], [ 151.53572979784181, -33.323878901778436 ], [ 151.535622390540368, -33.323877635481239 ] ], [ [ 151.535536399039472, -33.329017296435943 ], [ 151.535534890221811, -33.329107465886601 ], [ 151.535643812642633, -33.329018562979208 ], [ 151.535536399039472, -33.329017296435943 ] ], [ [ 151.535386454165064, -33.325137475766361 ], [ 151.535384945415188, -33.325227645267354 ], [ 151.535492354361367, -33.32522891181496 ], [ 151.535493863000681, -33.32513874230964 ], [ 151.535386454165064, -33.325137475766361 ] ], [ [ 151.535601271843063, -33.325140008760101 ], [ 151.53560278036511, -33.325049839249097 ], [ 151.53549537163326, -33.325048572802949 ], [ 151.535493863000681, -33.32513874230964 ], [ 151.535601271843063, -33.325140008760101 ] ], [ [ 151.535383436658606, -33.325317814766983 ], [ 151.535381927895287, -33.32540798426524 ], [ 151.535489337062614, -33.325409250821473 ], [ 151.535490845715344, -33.325319081318895 ], [ 151.535383436658606, -33.325317814766983 ] ], [ [ 151.535318553769031, -33.329195101953573 ], [ 151.535317044716777, -33.329285271392855 ], [ 151.535424458638204, -33.329286538134753 ], [ 151.535425967579869, -33.329196368691157 ], [ 151.535318553769031, -33.329195101953573 ] ], [ [ 151.535301953824728, -33.330186965710254 ], [ 151.535196048034322, -33.330095529411089 ], [ 151.535297426426041, -33.330457473978726 ], [ 151.535406350813986, -33.330368571350995 ], [ 151.535301953824728, -33.330186965710254 ] ], [ [ 151.535538469378906, -33.30962703529908 ], [ 151.535533946243532, -33.309897544492557 ], [ 151.535763801230246, -33.308998378766908 ], [ 151.535542992453856, -33.309356526093239 ], [ 151.535538469378906, -33.30962703529908 ] ], [ [ 151.535188501816975, -33.330546376503605 ], [ 151.535186992553349, -33.330636545918018 ], [ 151.535294408126674, -33.330637812817528 ], [ 151.535295917279711, -33.330547643398795 ], [ 151.535188501816975, -33.330546376503605 ] ], [ [ 151.535091651792214, -33.329913923606654 ], [ 151.535090142465037, -33.330004093026325 ], [ 151.535197557257618, -33.330005359988455 ], [ 151.535199066474178, -33.329915190564471 ], [ 151.535091651792214, -33.329913923606654 ] ], [ [ 151.534966123420503, -33.330994689449753 ], [ 151.534964613902076, -33.331084858848648 ], [ 151.535072030014902, -33.331086125955437 ], [ 151.535073539422683, -33.330995956552222 ], [ 151.534966123420503, -33.330994689449753 ] ], [ [ 151.535055173108589, -33.325674692487233 ], [ 151.53505366398673, -33.325764861967066 ], [ 151.535161073576091, -33.325766128819041 ], [ 151.535162582587361, -33.325675959334909 ], [ 151.535055173108589, -33.325674692487233 ] ], [ [ 151.534994802992884, -33.32928147061012 ], [ 151.534993293602213, -33.32937164003507 ], [ 151.535100707613992, -33.329372907059806 ], [ 151.535102216894131, -33.329282737630535 ], [ 151.534994802992884, -33.32928147061012 ] ], [ [ 151.534908521410074, -33.328017831463931 ], [ 151.534907012002918, -33.328108000903768 ], [ 151.535014424460059, -33.328109267960883 ], [ 151.535015933756625, -33.32801909851672 ], [ 151.534908521410074, -33.328017831463931 ] ], [ [ 151.534784504005671, -33.329008428033596 ], [ 151.53478299441403, -33.329098597454021 ], [ 151.534890408080685, -33.329099864651468 ], [ 151.534891917561765, -33.329009695226723 ], [ 151.534784504005671, -33.329008428033596 ] ], [ [ 151.534579137814973, -33.341271456620781 ], [ 151.534577627308778, -33.341361625854653 ], [ 151.534685056017565, -33.341362893639641 ], [ 151.534686566413143, -33.341272724401442 ], [ 151.534579137814973, -33.341271456620781 ] ], [ [ 151.534686148528493, -33.328466144222133 ], [ 151.534684638866594, -33.32855631364648 ], [ 151.534792051863121, -33.328557580910847 ], [ 151.53479356141446, -33.328467411482187 ], [ 151.534686148528493, -33.328466144222133 ] ], [ [ 151.534900163993541, -33.309258759149259 ], [ 151.534898655652569, -33.309348928861361 ], [ 151.535006045102648, -33.309350195298606 ], [ 151.535007553333173, -33.309260025582169 ], [ 151.534900163993541, -33.309258759149259 ] ], [ [ 151.534633082980037, -33.325218776835044 ], [ 151.534631573449616, -33.325308946304439 ], [ 151.534738982459288, -33.325310213506135 ], [ 151.534740491879177, -33.325220044032427 ], [ 151.534633082980037, -33.325218776835044 ] ], [ [ 151.53429159948044, -33.339193760261722 ], [ 151.534399025513892, -33.339195028221631 ], [ 151.534400536079943, -33.339104858963466 ], [ 151.53429311015708, -33.339103591007877 ], [ 151.53429159948044, -33.339193760261722 ] ], [ [ 151.534674825259884, -33.309887413900647 ], [ 151.534782215359343, -33.309888680549335 ], [ 151.534894130589265, -33.309619437989475 ], [ 151.534895638950417, -33.309529268281473 ], [ 151.534788249286123, -33.309528001742834 ], [ 151.534786740814496, -33.309618171446523 ], [ 151.534674825259884, -33.309887413900647 ] ], [ [ 151.534551336955673, -33.32368462842873 ], [ 151.534549827428975, -33.323774797917125 ], [ 151.534657234552668, -33.323776065138198 ], [ 151.534658743968834, -33.32368589564549 ], [ 151.534551336955673, -33.32368462842873 ] ], [ [ 151.534428833274347, -33.324585055898126 ], [ 151.534427323569872, -33.324675225368495 ], [ 151.534534731792291, -33.324676492725587 ], [ 151.534642140021418, -33.324677759989875 ], [ 151.534643649504801, -33.324587590510866 ], [ 151.534536241386235, -33.324586323250912 ], [ 151.534428833274347, -33.324585055898126 ] ], [ [ 151.534174756820875, -33.326926926472936 ], [ 151.534173246720457, -33.327017095898988 ], [ 151.534280657803805, -33.327018363554075 ], [ 151.534282167793634, -33.32692819412371 ], [ 151.534174756820875, -33.326926926472936 ] ], [ [ 151.534602891094153, -33.327022165962383 ], [ 151.534604400752301, -33.326931996519043 ], [ 151.534496989759361, -33.326930729146767 ], [ 151.53438957877313, -33.326929461681651 ], [ 151.534388068893861, -33.327019631116343 ], [ 151.534495479990625, -33.327020898585779 ], [ 151.534493970215209, -33.327111068023406 ], [ 151.534601381429269, -33.327112335404344 ], [ 151.534602891094153, -33.327022165962383 ] ], [ [ 151.534391088645691, -33.32683929224558 ], [ 151.534392598511516, -33.326749122808138 ], [ 151.534285187753142, -33.326747855258844 ], [ 151.534283677776756, -33.326838024691959 ], [ 151.534391088645691, -33.32683929224558 ] ], [ [ 151.534256497051871, -33.328461074253561 ], [ 151.53446981289369, -33.328553778839222 ], [ 151.53447132277671, -33.328463609423522 ], [ 151.534365419897796, -33.328372172472214 ], [ 151.534256497051871, -33.328461074253561 ] ], [ [ 151.534416755450394, -33.325306411622577 ], [ 151.534415245692117, -33.325396581081968 ], [ 151.534522654798906, -33.325397848473635 ], [ 151.534524164446623, -33.325307679009917 ], [ 151.534416755450394, -33.325306411622577 ] ], [ [ 151.534407696800031, -33.325847428358301 ], [ 151.534515106459594, -33.325848695771576 ], [ 151.534516616140905, -33.325758526314736 ], [ 151.534407696800031, -33.325847428358301 ] ], [ [ 151.534375989617558, -33.327740986544541 ], [ 151.53437447967778, -33.327831155966898 ], [ 151.534481891769616, -33.327832423475208 ], [ 151.534483401598862, -33.32774225404853 ], [ 151.534375989617558, -33.327740986544541 ] ], [ [ 151.534052572152319, -33.340633931799914 ], [ 151.534159999942403, -33.340635200014717 ], [ 151.534161510837322, -33.340545030787148 ], [ 151.534054083157883, -33.340543762576658 ], [ 151.534052572152319, -33.340633931799914 ] ], [ [ 151.534158489040749, -33.340725369240914 ], [ 151.534265916948186, -33.340726637367183 ], [ 151.534159999942403, -33.340635200014717 ], [ 151.534158489040749, -33.340725369240914 ] ], [ [ 151.534325954573887, -33.324313280046198 ], [ 151.53432444477906, -33.324403449516353 ], [ 151.53454077012762, -33.324315814818661 ], [ 151.534325954573887, -33.324313280046198 ] ], [ [ 151.534335013201712, -33.32377226319651 ], [ 151.534333503447215, -33.323862432674879 ], [ 151.534440910668025, -33.323863700085923 ], [ 151.53444242031199, -33.323773530603226 ], [ 151.534335013201712, -33.32377226319651 ] ], [ [ 151.534295757399576, -33.326116669188607 ], [ 151.534294247470257, -33.326206838631315 ], [ 151.534401657565326, -33.326208106154688 ], [ 151.534403167384056, -33.326117936707661 ], [ 151.534295757399576, -33.326116669188607 ] ], [ [ 151.534235354981689, -33.329723445827582 ], [ 151.534233844783387, -33.329813615215443 ], [ 151.534341259301016, -33.329814882911656 ], [ 151.534342769388758, -33.329724713519461 ], [ 151.534235354981689, -33.329723445827582 ] ], [ [ 151.534233645491128, -33.32341031778703 ], [ 151.534232135652985, -33.323500487266564 ], [ 151.534339542424902, -33.323501754753146 ], [ 151.534341052152513, -33.323411585269277 ], [ 151.534233645491128, -33.32341031778703 ] ], [ [ 151.534076406979295, -33.326384642170133 ], [ 151.533968996683313, -33.326383374359629 ], [ 151.533970506957758, -33.326293204932618 ], [ 151.533757197095895, -33.326200499622026 ], [ 151.533646765835726, -33.326379570371159 ], [ 151.533645255222922, -33.326469739783818 ], [ 151.533752665609285, -33.326471007877132 ], [ 151.533860076002355, -33.326472275877627 ], [ 151.533858565603907, -33.326562445297554 ], [ 151.533857055198752, -33.326652614716139 ], [ 151.533964465819679, -33.326653882632442 ], [ 151.533965976114274, -33.326563713209538 ], [ 151.53396748640219, -33.326473543785262 ], [ 151.534074896808704, -33.326474811600086 ], [ 151.534182307221982, -33.326476079322084 ], [ 151.534183817282013, -33.326385909887804 ], [ 151.534076406979295, -33.326384642170133 ] ], [ [ 151.534180797155187, -33.326566248755 ], [ 151.534288207685734, -33.326567516388494 ], [ 151.534289717641968, -33.326477346951251 ], [ 151.534182307221982, -33.326476079322084 ], [ 151.534180797155187, -33.326566248755 ] ], [ [ 151.534073386631377, -33.326564981028682 ], [ 151.534071876447314, -33.326655150455906 ], [ 151.534179287081713, -33.326656418186545 ], [ 151.534180797155187, -33.326566248755 ], [ 151.534073386631377, -33.326564981028682 ] ], [ [ 151.534162675829407, -33.327648281842961 ], [ 151.534161165675187, -33.32773845125805 ], [ 151.534268577643019, -33.327739718947711 ], [ 151.534270087686679, -33.327649549528303 ], [ 151.534162675829407, -33.327648281842961 ] ], [ [ 151.534567435167162, -33.30988614715919 ], [ 151.534460045081175, -33.309884880324958 ], [ 151.534346619200164, -33.310244292113403 ], [ 151.534561400249174, -33.310246825909189 ], [ 151.534567435167162, -33.30988614715919 ] ], [ [ 151.533761728521966, -33.325929991354577 ], [ 151.533760218053345, -33.326020160778448 ], [ 151.53386762789367, -33.326021428757301 ], [ 151.533869138251731, -33.325931259329131 ], [ 151.533761728521966, -33.325929991354577 ] ], [ [ 151.533866117528845, -33.326111598184113 ], [ 151.533973527486438, -33.326112866074482 ], [ 151.533975037740703, -33.326022696643349 ], [ 151.53386762789367, -33.326021428757301 ], [ 151.533866117528845, -33.326111598184113 ] ], [ [ 151.534059794732798, -33.327376505824276 ], [ 151.534058284488196, -33.327466675239165 ], [ 151.534165696117611, -33.327467943008692 ], [ 151.534167206251652, -33.32737777358949 ], [ 151.534059794732798, -33.327376505824276 ] ], [ [ 151.534050733164406, -33.327917522292957 ], [ 151.534049222879474, -33.328007691699597 ], [ 151.53415663517228, -33.328008959495065 ], [ 151.534158145346623, -33.327918790084091 ], [ 151.534050733164406, -33.327917522292957 ] ], [ [ 151.53402807818415, -33.329270063248643 ], [ 151.534026567798321, -33.329360232634706 ], [ 151.534133981749648, -33.329361500494983 ], [ 151.534135492024888, -33.3292713311046 ], [ 151.53402807818415, -33.329270063248643 ] ], [ [ 151.533913269689862, -33.336122932680894 ], [ 151.534020691935439, -33.336124200865335 ], [ 151.534022202715192, -33.336034031577817 ], [ 151.533914780580233, -33.336032763397696 ], [ 151.533913269689862, -33.336122932680894 ] ], [ [ 151.533313958295935, -33.327006951316342 ], [ 151.533312447304326, -33.327097120706441 ], [ 151.533419858444432, -33.327098389108492 ], [ 151.533527269591247, -33.327099657417733 ], [ 151.533528780361706, -33.32700948801898 ], [ 151.533421369325453, -33.327008219714088 ], [ 151.533313958295935, -33.327006951316342 ] ], [ [ 151.533525758814022, -33.327189826815122 ], [ 151.533633170078133, -33.327191095035843 ], [ 151.533527269591247, -33.327099657417733 ], [ 151.533525758814022, -33.327189826815122 ] ], [ [ 151.533630148724654, -33.327371433835118 ], [ 151.533737560216593, -33.327372701971662 ], [ 151.533846482174255, -33.327283800607766 ], [ 151.533847992626505, -33.327193631198789 ], [ 151.533633170078133, -33.327191095035843 ], [ 151.533630148724654, -33.327371433835118 ] ], [ [ 151.533844971715268, -33.327373970015358 ], [ 151.533952383220679, -33.327375237966244 ], [ 151.533953893569077, -33.327285068554318 ], [ 151.533846482174255, -33.327283800607766 ], [ 151.533844971715268, -33.327373970015358 ] ], [ [ 151.534061304970663, -33.327286336408037 ], [ 151.534062815201793, -33.327196166990419 ], [ 151.533955403910767, -33.32719489914102 ], [ 151.533953893569077, -33.327285068554318 ], [ 151.534061304970663, -33.327286336408037 ] ], [ [ 151.533958424573996, -33.327014560310317 ], [ 151.533956914245749, -33.327104729726344 ], [ 151.534064325426186, -33.327105997571422 ], [ 151.534065835643844, -33.327015828151069 ], [ 151.533958424573996, -33.327014560310317 ] ], [ [ 151.533947852135071, -33.327645746193781 ], [ 151.53394634175973, -33.327735915600229 ], [ 151.534053753714119, -33.327737183475556 ], [ 151.534055263978871, -33.327647014064787 ], [ 151.533947852135071, -33.327645746193781 ] ], [ [ 151.533829866755553, -33.328275664015955 ], [ 151.533938789782241, -33.32818676261185 ], [ 151.533723964788038, -33.328184226539463 ], [ 151.533829866755553, -33.328275664015955 ] ], [ [ 151.533937279366569, -33.328276932010048 ], [ 151.53404469198432, -33.328278199911317 ], [ 151.534046202289431, -33.328188030508777 ], [ 151.533938789782241, -33.32818676261185 ], [ 151.533937279366569, -33.328276932010048 ] ], [ [ 151.534015812063387, -33.323588121484498 ], [ 151.534014301990737, -33.32367829095265 ], [ 151.534121708970275, -33.323679558633508 ], [ 151.534123218932393, -33.323589389161022 ], [ 151.534124728887804, -33.323499219687172 ], [ 151.534017322129358, -33.323497952014954 ], [ 151.534015812063387, -33.323588121484498 ] ], [ [ 151.533854034368233, -33.326832953549172 ], [ 151.533852523942898, -33.326923122963635 ], [ 151.533959934895506, -33.326924390892906 ], [ 151.533961445210281, -33.326834221474115 ], [ 151.533854034368233, -33.326832953549172 ] ], [ [ 151.533156677348842, -33.329981271832224 ], [ 151.533264092020346, -33.329982540465494 ], [ 151.533158188666334, -33.329891102490336 ], [ 151.533156677348842, -33.329981271832224 ] ], [ [ 151.533911601270859, -33.32980981156976 ], [ 151.533810229302219, -33.32944786601167 ], [ 151.533702815260511, -33.329446597868547 ], [ 151.533704325984786, -33.329356428496816 ], [ 151.5334894981427, -33.329353891940698 ], [ 151.533487987197304, -33.329444061303782 ], [ 151.533165745152928, -33.329440255760339 ], [ 151.533377551043628, -33.329623131595547 ], [ 151.533374528884565, -33.329803470303482 ], [ 151.5330522855335, -33.329799664429636 ], [ 151.533050774112155, -33.329889833768569 ], [ 151.533158188666334, -33.329891102490336 ], [ 151.533911601270859, -33.32980981156976 ] ], [ [ 151.533875179616814, -33.325570581602712 ], [ 151.53387366928564, -33.325660751036374 ], [ 151.533981078690459, -33.325662018905128 ], [ 151.533875179616814, -33.325570581602712 ] ], [ [ 151.533607487715841, -33.328723974654906 ], [ 151.533605976928129, -33.328814144031909 ], [ 151.533713390189092, -33.328815412237603 ], [ 151.533714900866272, -33.328725242856272 ], [ 151.533607487715841, -33.328723974654906 ] ], [ [ 151.533822314023411, -33.32872651096482 ], [ 151.533823824583294, -33.328636341577806 ], [ 151.533716411536716, -33.328635073473571 ], [ 151.533714900866272, -33.328725242856272 ], [ 151.533822314023411, -33.32872651096482 ] ], [ [ 151.533717922200424, -33.32854490408949 ], [ 151.53361050927117, -33.328543635896757 ], [ 151.533608998496874, -33.328633805276517 ], [ 151.533716411536716, -33.328635073473571 ], [ 151.533717922200424, -33.32854490408949 ] ], [ [ 151.533825335136441, -33.328546172189377 ], [ 151.533826845682853, -33.328456002799612 ], [ 151.533828356222557, -33.328365833408476 ], [ 151.533720943507689, -33.32836456531723 ], [ 151.533719432857424, -33.328454734704039 ], [ 151.533717922200424, -33.32854490408949 ], [ 151.533825335136441, -33.328546172189377 ] ], [ [ 151.533630418232406, -33.340178011968362 ], [ 151.533737845442403, -33.340179280533071 ], [ 151.533739356746196, -33.340089111315933 ], [ 151.533631929646816, -33.340087842755544 ], [ 151.533630418232406, -33.340178011968362 ] ], [ [ 151.533736049640339, -33.327462871373569 ], [ 151.533734539057349, -33.327553040774106 ], [ 151.533841950777145, -33.327554308826464 ], [ 151.533843461249575, -33.3274641394216 ], [ 151.533736049640339, -33.327462871373569 ] ], [ [ 151.533728496658114, -33.327913718362538 ], [ 151.533726986041472, -33.328003887756218 ], [ 151.53383439831407, -33.328005155830184 ], [ 151.533835908820151, -33.327914986432184 ], [ 151.533728496658114, -33.327913718362538 ] ], [ [ 151.533286759417706, -33.328630000128335 ], [ 151.533285248304992, -33.328720169493742 ], [ 151.533392661435215, -33.328721437973634 ], [ 151.533394172437369, -33.328631268603893 ], [ 151.533286759417706, -33.328630000128335 ] ], [ [ 151.533501585463739, -33.328632536986625 ], [ 151.533503096348625, -33.328542367611185 ], [ 151.533504607226746, -33.328452198234388 ], [ 151.533397194421497, -33.328450929860303 ], [ 151.533395683432786, -33.32854109923278 ], [ 151.533394172437369, -33.328631268603893 ], [ 151.533501585463739, -33.328632536986625 ] ], [ [ 151.533506118098131, -33.328362028856212 ], [ 151.533507628962781, -33.328271859476665 ], [ 151.533400216378681, -33.32827059111122 ], [ 151.533292803801288, -33.328269322652957 ], [ 151.533397194421497, -33.328450929860303 ], [ 151.533506118098131, -33.328362028856212 ] ], [ [ 151.533403238308978, -33.328090252356667 ], [ 151.533295825952706, -33.328088983907044 ], [ 151.533186902420283, -33.328177884733911 ], [ 151.533292803801288, -33.328269322652957 ], [ 151.533403238308978, -33.328090252356667 ] ], [ [ 151.533509139820751, -33.328181690095747 ], [ 151.533510650671957, -33.32809152071345 ], [ 151.533403238308978, -33.328090252356667 ], [ 151.533509139820751, -33.328181690095747 ] ], [ [ 151.533406260212331, -33.327909913596613 ], [ 151.533297337018325, -33.32799881453203 ], [ 151.533403238308978, -33.328090252356667 ], [ 151.533406260212331, -33.327909913596613 ] ], [ [ 151.533837419319497, -33.327824817032813 ], [ 151.533838929812106, -33.327734647632063 ], [ 151.533731517871189, -33.327733379571065 ], [ 151.533733028467623, -33.327643210173264 ], [ 151.533410793016913, -33.327639405446249 ], [ 151.533516694009535, -33.327730843170571 ], [ 151.53362410593698, -33.327732111417234 ], [ 151.53362259522325, -33.327822280809336 ], [ 151.533515183185244, -33.327821012558353 ], [ 151.533513672354218, -33.327911181944764 ], [ 151.533621084502784, -33.32791245020006 ], [ 151.533837419319497, -33.327824817032813 ] ], [ [ 151.533658850496153, -33.32565821502039 ], [ 151.533766259887557, -33.325659483074787 ], [ 151.533767770329263, -33.32556931364546 ], [ 151.533660361048447, -33.325568045595368 ], [ 151.533658850496153, -33.32565821502039 ] ], [ [ 151.533566694085209, -33.331158547352771 ], [ 151.533565183115797, -33.331248716692748 ], [ 151.533672599362291, -33.331249985015177 ], [ 151.533674110221142, -33.33115981567088 ], [ 151.533566694085209, -33.331158547352771 ] ], [ [ 151.533531801882475, -33.326829149217367 ], [ 151.533530291125459, -33.32691931861887 ], [ 151.533637702057888, -33.326920586826624 ], [ 151.533639212704315, -33.326830417420794 ], [ 151.533531801882475, -33.326829149217367 ] ], [ [ 151.533636191404668, -33.327010756231061 ], [ 151.533743602454393, -33.32701202435031 ], [ 151.533745112997025, -33.326921854941553 ], [ 151.533637702057888, -33.326920586826624 ], [ 151.533636191404668, -33.327010756231061 ] ], [ [ 151.533474388385798, -33.330255585509839 ], [ 151.5334728773731, -33.330345754859216 ], [ 151.533580292507082, -33.330347023231255 ], [ 151.53358180340922, -33.330256853877557 ], [ 151.533474388385798, -33.330255585509839 ] ], [ [ 151.533442520953457, -33.325745848048101 ], [ 151.53354993044195, -33.325747116292476 ], [ 151.53344403173358, -33.325655678633098 ], [ 151.533336622362384, -33.32565441030021 ], [ 151.533335111471729, -33.325744579710893 ], [ 151.533442520953457, -33.325745848048101 ] ], [ [ 151.533548419765651, -33.325837285710435 ], [ 151.53365582937144, -33.325838553866305 ], [ 151.53365733993715, -33.32574838444404 ], [ 151.53354993044195, -33.325747116292476 ], [ 151.533548419765651, -33.325837285710435 ] ], [ [ 151.533522737239451, -33.32737016560575 ], [ 151.533524248030091, -33.327279996211125 ], [ 151.533310936306037, -33.327187290095175 ], [ 151.533200502824172, -33.327366360360649 ], [ 151.533198991695116, -33.327456529740957 ], [ 151.533522737239451, -33.32737016560575 ] ], [ [ 151.533431945304301, -33.326377033914696 ], [ 151.533109714557639, -33.326373228533789 ], [ 151.533215613744744, -33.326464666482295 ], [ 151.533428923629714, -33.326557372721382 ], [ 151.533536334113165, -33.326558641004659 ], [ 151.533537844843295, -33.326468471597693 ], [ 151.533430434470375, -33.326467203318721 ], [ 151.533431945304301, -33.326377033914696 ] ], [ [ 151.533330578759376, -33.326015087934692 ], [ 151.53332755691747, -33.326195426743695 ], [ 151.533436477765747, -33.326106525694385 ], [ 151.533437988572786, -33.326016356284875 ], [ 151.533330578759376, -33.326015087934692 ] ], [ [ 151.533545398392903, -33.326017624542217 ], [ 151.533546909082645, -33.325927455127008 ], [ 151.53343949937306, -33.325926186873971 ], [ 151.533437988572786, -33.326016356284875 ], [ 151.533545398392903, -33.326017624542217 ] ], [ [ 151.53315214335592, -33.330251779849647 ], [ 151.533150632011512, -33.330341949186064 ], [ 151.533258047125315, -33.330343217836621 ], [ 151.533259558359134, -33.330253048495884 ], [ 151.53315214335592, -33.330251779849647 ] ], [ [ 151.533256535884732, -33.330433387175972 ], [ 151.533363951115831, -33.33043465573801 ], [ 151.533365462245854, -33.330344486394338 ], [ 151.533258047125315, -33.330343217836621 ], [ 151.533256535884732, -33.330433387175972 ] ], [ [ 151.533366973369112, -33.330254317049288 ], [ 151.533368484485663, -33.330164147702874 ], [ 151.533261069586274, -33.330162879153796 ], [ 151.533259558359134, -33.330253048495884 ], [ 151.533366973369112, -33.330254317049288 ] ], [ [ 151.53347589939176, -33.330165416159097 ], [ 151.533477410391015, -33.330075246806992 ], [ 151.533369995595478, -33.330073978355088 ], [ 151.533368484485663, -33.330164147702874 ], [ 151.53347589939176, -33.330165416159097 ] ], [ [ 151.533688689302039, -33.311048215295742 ], [ 151.53379608077708, -33.311049482835543 ], [ 151.533797590350417, -33.310959313192697 ], [ 151.533690198985852, -33.310958045657202 ], [ 151.533688689302039, -33.311048215295742 ] ], [ [ 151.533209569457284, -33.3268253440501 ], [ 151.533208058368587, -33.326915513438628 ], [ 151.533315469280808, -33.326916781924865 ], [ 151.533316980258945, -33.326826612532024 ], [ 151.533209569457284, -33.3268253440501 ] ], [ [ 151.533424391067371, -33.326827880921108 ], [ 151.533425901928211, -33.326737711522576 ], [ 151.533318491230347, -33.326736443137797 ], [ 151.533316980258945, -33.326826612532024 ], [ 151.533424391067371, -33.326827880921108 ] ], [ [ 151.533348709245473, -33.324933054965427 ], [ 151.533347198408649, -33.325023224387074 ], [ 151.533454607006007, -33.325024492689693 ], [ 151.533456117732271, -33.324934323263726 ], [ 151.533348709245473, -33.324933054965427 ] ], [ [ 151.533235480466288, -33.338099044936691 ], [ 151.533128055834311, -33.338097776007075 ], [ 151.533126544014863, -33.338187945228455 ], [ 151.533125032188678, -33.338278114448457 ], [ 151.533122008516102, -33.338458452884353 ], [ 151.53322943359052, -33.338459721831278 ], [ 151.53323245704189, -33.33827938338672 ], [ 151.533233968757457, -33.338189214162398 ], [ 151.533235480466288, -33.338099044936691 ] ], [ [ 151.533143075188406, -33.330792795847472 ], [ 151.533141563803582, -33.33088296517564 ], [ 151.53324897958089, -33.330884233852146 ], [ 151.533250490855096, -33.330794064519658 ], [ 151.533143075188406, -33.330792795847472 ] ], [ [ 151.533254898989043, -33.324120261756661 ], [ 151.533253388102224, -33.32421043118633 ], [ 151.533360795697945, -33.324211699542857 ], [ 151.533362306474231, -33.324121530108869 ], [ 151.533254898989043, -33.324120261756661 ] ], [ [ 151.532964520399133, -33.328626194144611 ], [ 151.533179346404779, -33.328628731559931 ], [ 151.533180857621346, -33.328538562197458 ], [ 151.533073444725716, -33.328537293540549 ], [ 151.532966031836793, -33.328536024790786 ], [ 151.532964520399133, -33.328626194144611 ] ], [ [ 151.533288270523684, -33.328539830761528 ], [ 151.533289781622955, -33.328449661393385 ], [ 151.533182368831177, -33.328448392833629 ], [ 151.533180857621346, -33.328538562197458 ], [ 151.533288270523684, -33.328539830761528 ] ], [ [ 151.532530332788269, -33.328891626201255 ], [ 151.532637746092547, -33.328892895339649 ], [ 151.532639257882124, -33.328802726002927 ], [ 151.532530332788269, -33.328891626201255 ] ], [ [ 151.532422919490784, -33.328890356970014 ], [ 151.532421407473322, -33.328980526296711 ], [ 151.532530332788269, -33.328891626201255 ], [ 151.532422919490784, -33.328890356970014 ] ], [ [ 151.532742136025263, -33.329074503063183 ], [ 151.532745159403504, -33.328894164385204 ], [ 151.532637746092547, -33.328892895339649 ], [ 151.532742136025263, -33.329074503063183 ] ], [ [ 151.532956963109683, -33.32907704089309 ], [ 151.532959986045682, -33.328896702197817 ], [ 151.533283737185542, -33.328810338857771 ], [ 151.533070422064725, -33.328717632255447 ], [ 151.532745159403504, -33.328894164385204 ], [ 151.532956963109683, -33.32907704089309 ] ], [ [ 151.532950917157024, -33.329437718267187 ], [ 151.532949405652005, -33.329527887607277 ], [ 151.533056819757178, -33.329529156404597 ], [ 151.533058331151608, -33.329438987060186 ], [ 151.533167256430062, -33.329350086410223 ], [ 151.533064376662026, -33.329078309668787 ], [ 151.532956963109683, -33.32907704089309 ], [ 151.532950917157024, -33.329437718267187 ] ], [ [ 151.532746671082549, -33.328803995044154 ], [ 151.532748182754801, -33.328713825701747 ], [ 151.532640769664965, -33.32871255666484 ], [ 151.532639257882124, -33.328802726002927 ], [ 151.532746671082549, -33.328803995044154 ] ], [ [ 151.53313691438774, -33.324750179260249 ], [ 151.533244322640002, -33.324751447735537 ], [ 151.533245833567179, -33.324661278314103 ], [ 151.533138425425477, -33.324660009843143 ], [ 151.53313691438774, -33.324750179260249 ] ], [ [ 151.532438039295045, -33.327988663627615 ], [ 151.532436527344913, -33.328078832968032 ], [ 151.532543939647326, -33.328080102160328 ], [ 151.532545451486897, -33.327989932815584 ], [ 151.532438039295045, -33.327988663627615 ] ], [ [ 151.532652863685456, -33.32799120191072 ], [ 151.532654375407731, -33.327901032560277 ], [ 151.532546963319703, -33.327899763469475 ], [ 151.532545451486897, -33.327989932815584 ], [ 151.532652863685456, -33.32799120191072 ] ], [ [ 151.532869199603965, -33.327903570463398 ], [ 151.532976611712201, -33.32790483927571 ], [ 151.533194458267502, -33.327727037873593 ], [ 151.532978123096029, -33.327814669910936 ], [ 151.532549986965194, -33.327719424773136 ], [ 151.532654375407731, -33.327901032560277 ], [ 151.532869199603965, -33.327903570463398 ] ], [ [ 151.533022055827587, -33.331603050947649 ], [ 151.533129472482784, -33.331604319751598 ], [ 151.533130983921467, -33.331514150434408 ], [ 151.53302356737683, -33.331512881634787 ], [ 151.533022055827587, -33.331603050947649 ] ], [ [ 151.53291925468605, -33.337734561004595 ], [ 151.533025166958936, -33.33782599932519 ], [ 151.5330281907585, -33.337645660878742 ], [ 151.53291925468605, -33.337734561004595 ] ], [ [ 151.532860281159515, -33.341251159498405 ], [ 151.532967709649995, -33.341252428765159 ], [ 151.532969221808997, -33.341162259594753 ], [ 151.532861793429134, -33.341160990332327 ], [ 151.532860281159515, -33.341251159498405 ] ], [ [ 151.533146097937845, -33.33061245718703 ], [ 151.533147609302461, -33.330522287854734 ], [ 151.533040193974244, -33.330521019102676 ], [ 151.532931267066942, -33.33060991958142 ], [ 151.53303868249904, -33.330611188430652 ], [ 151.533146097937845, -33.33061245718703 ] ], [ [ 151.532979634473151, -33.327724500544775 ], [ 151.533088557626797, -33.327635599883742 ], [ 151.533090068879858, -33.327545430510526 ], [ 151.532982657207185, -33.327544161808348 ], [ 151.532979634473151, -33.327724500544775 ] ], [ [ 151.532947894140278, -33.329618056946003 ], [ 151.532946382621816, -33.329708226283351 ], [ 151.533055308356012, -33.32961932574765 ], [ 151.532947894140278, -33.329618056946003 ] ], [ [ 151.533052172659978, -33.32339636935626 ], [ 151.533050661605898, -33.323486538788252 ], [ 151.533158068303806, -33.323487807295827 ], [ 151.533159579247325, -33.323397637859507 ], [ 151.533052172659978, -33.32339636935626 ] ], [ [ 151.532817804788891, -33.330969327902878 ], [ 151.532816293058858, -33.331059497215321 ], [ 151.532923709037107, -33.331060766179007 ], [ 151.532925220656523, -33.330970596862237 ], [ 151.532817804788891, -33.330969327902878 ] ], [ [ 151.533032636530919, -33.330971865728756 ], [ 151.533034148033039, -33.330881696406294 ], [ 151.532926732269232, -33.330880427544088 ], [ 151.532925220656523, -33.330970596862237 ], [ 151.533032636530919, -33.330971865728756 ] ], [ [ 151.532928243875205, -33.33079025822456 ], [ 151.532820828228722, -33.330788989273849 ], [ 151.53281931651216, -33.330879158589049 ], [ 151.532926732269232, -33.330880427544088 ], [ 151.532928243875205, -33.33079025822456 ] ], [ [ 151.533100647463073, -33.326914244859552 ], [ 151.532994747874085, -33.326822806807762 ], [ 151.532885825672253, -33.326911707422916 ], [ 151.533099136257078, -33.327004414242367 ], [ 151.533100647463073, -33.326914244859552 ] ], [ [ 151.53211126589423, -33.328255363484878 ], [ 151.532327602981809, -33.328167733017615 ], [ 151.532112778189514, -33.328165194160185 ], [ 151.53211126589423, -33.328255363484878 ] ], [ [ 151.532103704316768, -33.328706210087752 ], [ 151.53189039077472, -33.328613501497884 ], [ 151.53177843984713, -33.328882739633045 ], [ 151.532317018321294, -33.3287989183222 ], [ 151.53211126589423, -33.328255363484878 ], [ 151.532103704316768, -33.328706210087752 ] ], [ [ 151.53232306673911, -33.328438241013529 ], [ 151.532534868468559, -33.328621118199955 ], [ 151.532752717731313, -33.328443317666256 ], [ 151.532857107406386, -33.328624925297703 ], [ 151.532969054691989, -33.328355686079078 ], [ 151.533081001260371, -33.328086446729294 ], [ 151.532648328478274, -33.3282617099538 ], [ 151.532327602981809, -33.328167733017615 ], [ 151.53232306673911, -33.328438241013529 ] ], [ [ 151.531897953424163, -33.32816265493144 ], [ 151.531896440907758, -33.328252824247457 ], [ 151.532003853397612, -33.328254093912584 ], [ 151.532005365803485, -33.328163924592232 ], [ 151.531897953424163, -33.32816265493144 ] ], [ [ 151.532677050433904, -33.326548492139132 ], [ 151.532675538812612, -33.326638661510145 ], [ 151.532782949359529, -33.326639930447563 ], [ 151.532784460870261, -33.326549761072229 ], [ 151.532677050433904, -33.326548492139132 ] ], [ [ 151.532891871313325, -33.32655102991248 ], [ 151.532893382706789, -33.326460860531448 ], [ 151.532785972374256, -33.326459591695517 ], [ 151.532784460870261, -33.326549761072229 ], [ 151.532891871313325, -33.32655102991248 ] ], [ [ 151.533000793046028, -33.326462129274567 ], [ 151.533002304322196, -33.326371959887844 ], [ 151.533003815591627, -33.326281790499742 ], [ 151.53289640547348, -33.326280521765277 ], [ 151.532894894093488, -33.326370691149044 ], [ 151.532893382706789, -33.326460860531448 ], [ 151.533000793046028, -33.326462129274567 ] ], [ [ 151.532932778652736, -33.330519750257771 ], [ 151.532934290231793, -33.33042958093278 ], [ 151.53282687502761, -33.33042831199937 ], [ 151.532825363337992, -33.330518481320041 ], [ 151.532932778652736, -33.330519750257771 ] ], [ [ 151.532513701442156, -33.329883488767045 ], [ 151.532516725383886, -33.329703150131053 ], [ 151.532195994818579, -33.329609172734955 ], [ 151.532297360219218, -33.329971119423831 ], [ 151.532513701442156, -33.329883488767045 ] ], [ [ 151.532619604092304, -33.329974927273284 ], [ 151.532944871096618, -33.329798395619335 ], [ 151.532625651533436, -33.329614249984019 ], [ 151.532518237344647, -33.329612980811014 ], [ 151.532516725383886, -33.329703150131053 ], [ 151.532619604092304, -33.329974927273284 ] ], [ [ 151.532403262738569, -33.330062558110072 ], [ 151.532509165479098, -33.330153996710727 ], [ 151.532723995190338, -33.33015653501581 ], [ 151.532619604092304, -33.329974927273284 ], [ 151.532403262738569, -33.330062558110072 ] ], [ [ 151.5328072225374, -33.331600513061211 ], [ 151.532811757828426, -33.33133000514443 ], [ 151.532595413250561, -33.331417636210865 ], [ 151.532593901265699, -33.331507805507812 ], [ 151.532592389274129, -33.33159797480338 ], [ 151.532699805902411, -33.331599243978715 ], [ 151.532698294014665, -33.331689413277239 ], [ 151.532805710760243, -33.331690682364055 ], [ 151.5328072225374, -33.331600513061211 ] ], [ [ 151.532705853385977, -33.331238566770914 ], [ 151.532813269578639, -33.331239835836101 ], [ 151.532814781322116, -33.3311496665264 ], [ 151.532707365240014, -33.33114839746554 ], [ 151.532705853385977, -33.331238566770914 ] ], [ [ 151.532808644126533, -33.325107050880291 ], [ 151.532807132723491, -33.325197220277573 ], [ 151.532914541508291, -33.325198489052958 ], [ 151.5329160528008, -33.325108319651349 ], [ 151.532808644126533, -33.325107050880291 ] ], [ [ 151.532480371165065, -33.325463921539153 ], [ 151.532587780261309, -33.325465190606003 ], [ 151.532696700898072, -33.325376290191159 ], [ 151.532374473940962, -33.325372483003633 ], [ 151.532480371165065, -33.325463921539153 ] ], [ [ 151.532693677823772, -33.325556628967476 ], [ 151.532801087044049, -33.325557897852988 ], [ 151.53291151890312, -33.325378827852063 ], [ 151.532804109897228, -33.325377559068023 ], [ 151.532696700898072, -33.325376290191159 ], [ 151.532693677823772, -33.325556628967476 ] ], [ [ 151.532795041256918, -33.325918575406462 ], [ 151.532793529793281, -33.326008744791395 ], [ 151.53290093957304, -33.326010013605703 ], [ 151.532902450926116, -33.325919844216436 ], [ 151.532795041256918, -33.325918575406462 ] ], [ [ 151.532781437842061, -33.326730099821525 ], [ 151.532779926317858, -33.326820269194123 ], [ 151.532887337092632, -33.326821538047362 ], [ 151.532888848506246, -33.326731368670444 ], [ 151.532781437842061, -33.326730099821525 ] ], [ [ 151.532525797047413, -33.329162134190206 ], [ 151.532521261245932, -33.3294326421668 ], [ 151.53262867521363, -33.329433911331158 ], [ 151.532740624326038, -33.329164672400111 ], [ 151.532525797047413, -33.329162134190206 ] ], [ [ 151.532663445599979, -33.327360016428855 ], [ 151.532661933918092, -33.327450185787526 ], [ 151.532769345460054, -33.327451454763882 ], [ 151.532770857031352, -33.327361285400869 ], [ 151.532663445599979, -33.327360016428855 ] ], [ [ 151.532587853259002, -33.331868482681855 ], [ 151.532695270219023, -33.331869751870173 ], [ 151.532696782120212, -33.331779582574399 ], [ 151.53258936527078, -33.331778313390409 ], [ 151.532587853259002, -33.331868482681855 ] ], [ [ 151.532557545961026, -33.327268578008294 ], [ 151.532664957275131, -33.327269847068827 ], [ 151.532666468943518, -33.32717967770742 ], [ 151.532559057740002, -33.327178408651207 ], [ 151.532557545961026, -33.327268578008294 ] ], [ [ 151.532773880153769, -33.327180946670786 ], [ 151.532775391704888, -33.327090777303674 ], [ 151.532667980605197, -33.327089508344621 ], [ 151.532666468943518, -33.32717967770742 ], [ 151.532773880153769, -33.327180946670786 ] ], [ [ 151.532669492260169, -33.326999338980485 ], [ 151.532776903249271, -33.32700060793519 ], [ 151.532778414786918, -33.326910438565349 ], [ 151.532671003908348, -33.326909169614957 ], [ 151.532669492260169, -33.326999338980485 ] ], [ [ 151.532565104788546, -33.326817731209147 ], [ 151.532563593036514, -33.326907900571733 ], [ 151.532671003908348, -33.326909169614957 ], [ 151.532565104788546, -33.326817731209147 ] ], [ [ 151.532500093371169, -33.330695012561051 ], [ 151.532498581329605, -33.330785181864648 ], [ 151.532605996955908, -33.330786451093886 ], [ 151.532607508886883, -33.330696281785983 ], [ 151.532500093371169, -33.330695012561051 ] ], [ [ 151.532598361630249, -33.324834004885574 ], [ 151.532596850026295, -33.324924174278323 ], [ 151.532704258465998, -33.32492544322637 ], [ 151.532705769959392, -33.324835273829301 ], [ 151.532598361630249, -33.324834004885574 ] ], [ [ 151.532474324078208, -33.325824599046207 ], [ 151.532581733616695, -33.325825868130359 ], [ 151.532583245287952, -33.325735698751316 ], [ 151.532475835860026, -33.325734429671506 ], [ 151.532474324078208, -33.325824599046207 ] ], [ [ 151.532580221938673, -33.325916037508001 ], [ 151.532687631594428, -33.325917306503641 ], [ 151.532689143161861, -33.325827137121664 ], [ 151.532581733616695, -33.325825868130359 ], [ 151.532580221938673, -33.325916037508001 ] ], [ [ 151.532683096851741, -33.326187814641372 ], [ 151.532577198562507, -33.326096376259201 ], [ 151.532574175159425, -33.326276715004937 ], [ 151.532683096851741, -33.326187814641372 ] ], [ [ 151.532164235262314, -33.331502727895312 ], [ 151.532162722828389, -33.331592897173572 ], [ 151.532270139429727, -33.331594166720294 ], [ 151.532271651753035, -33.331503997437707 ], [ 151.532164235262314, -33.331502727895312 ] ], [ [ 151.532268627099654, -33.331684336001501 ], [ 151.532376043818317, -33.331685605459704 ], [ 151.532377556037801, -33.331595436174162 ], [ 151.532270139429727, -33.331594166720294 ], [ 151.532268627099654, -33.331684336001501 ] ], [ [ 151.532161210387756, -33.331683066450452 ], [ 151.532158185486253, -33.331863405000114 ], [ 151.532264090069077, -33.331954843836925 ], [ 151.532374531592126, -33.331775774743889 ], [ 151.532268627099654, -33.331684336001501 ], [ 151.532161210387756, -33.331683066450452 ] ], [ [ 151.532484972652583, -33.331596705535198 ], [ 151.532486484754742, -33.331506536243957 ], [ 151.532379068250549, -33.331505266887255 ], [ 151.532377556037801, -33.331595436174162 ], [ 151.532484972652583, -33.331596705535198 ] ], [ [ 151.532462229581398, -33.326545953994462 ], [ 151.532463741417047, -33.326455784630724 ], [ 151.532356331111458, -33.326454515423478 ], [ 151.532353307212276, -33.32663485414092 ], [ 151.532460717739013, -33.326636123356828 ], [ 151.532568128272459, -33.326637392479903 ], [ 151.532569640004283, -33.326547223113209 ], [ 151.532462229581398, -33.326545953994462 ] ], [ [ 151.532398726403386, -33.330333066032537 ], [ 151.532397214278177, -33.330423235337278 ], [ 151.532504629455417, -33.330424504642068 ], [ 151.532506141470066, -33.330334335332999 ], [ 151.532398726403386, -33.330333066032537 ] ], [ [ 151.532354872038525, -33.332947975313267 ], [ 151.532462290312168, -33.332949244739204 ], [ 151.532463802515338, -33.332859075468541 ], [ 151.532356384352283, -33.332857806046938 ], [ 151.532354872038525, -33.332947975313267 ] ], [ [ 151.532359354983697, -33.326274176700558 ], [ 151.532466765068193, -33.326275445899157 ], [ 151.532468276883662, -33.326185276531305 ], [ 151.532360866909727, -33.326184007337034 ], [ 151.532254968972353, -33.326092568689376 ], [ 151.532251944905966, -33.326272907409127 ], [ 151.532359354983697, -33.326274176700558 ] ], [ [ 151.531955452853936, -33.331139511439844 ], [ 151.531953940225833, -33.331229680714941 ], [ 151.532061356371344, -33.33123095043004 ], [ 151.532168772523619, -33.3312322200523 ], [ 151.532170284930601, -33.331142050768555 ], [ 151.532385117034153, -33.331144589725881 ], [ 151.532386629213249, -33.331054420432089 ], [ 151.532279213268652, -33.331053151004191 ], [ 151.532171797330818, -33.331051881483425 ], [ 151.532064381399721, -33.33105061186982 ], [ 151.531849549557705, -33.331048072364084 ], [ 151.531955452853936, -33.331139511439844 ] ], [ [ 151.532605710048927, -33.311576552338117 ], [ 151.532713102119544, -33.31157782083163 ], [ 151.532714612837964, -33.311487651240228 ], [ 151.532607220877821, -33.311486382751056 ], [ 151.532605710048927, -33.311576552338117 ] ], [ [ 151.532351795252595, -33.32672502349758 ], [ 151.532350283286178, -33.326815192852855 ], [ 151.53245769403398, -33.326816462077424 ], [ 151.532459205889865, -33.326726292717808 ], [ 151.532351795252595, -33.32672502349758 ] ], [ [ 151.532304921162364, -33.329520272873722 ], [ 151.53241233522715, -33.329521542228079 ], [ 151.532413847285, -33.32943137290961 ], [ 151.532306433330803, -33.329430103559581 ], [ 151.532304921162364, -33.329520272873722 ] ], [ [ 151.532382033167124, -33.324921636103731 ], [ 151.532380521335341, -33.325011805486454 ], [ 151.532489441593327, -33.324922905237436 ], [ 151.532382033167124, -33.324921636103731 ] ], [ [ 151.532123364067985, -33.327534008848971 ], [ 151.532124876309382, -33.327443839513307 ], [ 151.532017464807836, -33.327442569979965 ], [ 151.532015952455879, -33.327532739311302 ], [ 151.532123364067985, -33.327534008848971 ] ], [ [ 151.532121851819824, -33.327624178183257 ], [ 151.532229263549226, -33.327625447632414 ], [ 151.532123364067985, -33.327534008848971 ], [ 151.532121851819824, -33.327624178183257 ] ], [ [ 151.532338187312376, -33.327536547645806 ], [ 151.532450134653686, -33.327267308854942 ], [ 151.532344235353122, -33.327175870260312 ], [ 151.532345747346483, -33.327085700910501 ], [ 151.532238336273707, -33.327084431580133 ], [ 151.532236824169814, -33.327174600925623 ], [ 151.532124876309382, -33.327443839513307 ], [ 151.532338187312376, -33.327536547645806 ] ], [ [ 151.532375985799661, -33.325282313626396 ], [ 151.532483394668077, -33.325283582777402 ], [ 151.532484906409508, -33.325193413394473 ], [ 151.532377497651623, -33.325192144247794 ], [ 151.532375985799661, -33.325282313626396 ] ], [ [ 151.532516448813453, -33.310493248668337 ], [ 151.532623839551718, -33.310494517202706 ], [ 151.532625350299867, -33.310404347599189 ], [ 151.532517959672077, -33.31040307906914 ], [ 151.532516448813453, -33.310493248668337 ] ], [ [ 151.532182383943876, -33.330420696449181 ], [ 151.532180871590782, -33.330510865743896 ], [ 151.532288286865139, -33.330512135238699 ], [ 151.532182383943876, -33.330420696449181 ] ], [ [ 151.532205068432006, -33.329068156863748 ], [ 151.532203556179951, -33.329158326179048 ], [ 151.532310969795702, -33.329159595608935 ], [ 151.532312481937197, -33.329069426289301 ], [ 151.532205068432006, -33.329068156863748 ] ], [ [ 151.532065893903791, -33.330960442587667 ], [ 151.532173309724328, -33.330961712196931 ], [ 151.532174822111074, -33.330871542909073 ], [ 151.531959990697914, -33.330869003606338 ], [ 151.532065893903791, -33.330960442587667 ] ], [ [ 151.532282237827758, -33.330872812421184 ], [ 151.532176334491112, -33.330781373619843 ], [ 151.532174822111074, -33.330871542909073 ], [ 151.532282237827758, -33.330872812421184 ] ], [ [ 151.532165747689476, -33.331412558615661 ], [ 151.532167260109929, -33.331322389334666 ], [ 151.532058331316051, -33.331411288984761 ], [ 151.532165747689476, -33.331412558615661 ] ], [ [ 151.532133949616423, -33.326902823470533 ], [ 151.532132437415413, -33.326992992814411 ], [ 151.532239848370921, -33.326994262233292 ], [ 151.53224136046137, -33.326904092885073 ], [ 151.532242872545083, -33.326813923535475 ], [ 151.532135461810725, -33.326812654125263 ], [ 151.532133949616423, -33.326902823470533 ] ], [ [ 151.53182381714106, -33.326177659973254 ], [ 151.531716407207512, -33.326176390222024 ], [ 151.53161202266034, -33.325994781707401 ], [ 151.531498561733002, -33.326354189097493 ], [ 151.531822304662285, -33.32626782931515 ], [ 151.53182381714106, -33.326177659973254 ] ], [ [ 151.531931227081316, -33.326178929631666 ], [ 151.531932739442823, -33.326088760284094 ], [ 151.531825329613127, -33.326087490630002 ], [ 151.53182381714106, -33.326177659973254 ], [ 151.531931227081316, -33.326178929631666 ] ], [ [ 151.532040149279283, -33.326090029845346 ], [ 151.532041661523493, -33.325999860492061 ], [ 151.531934251797594, -33.325998590935136 ], [ 151.531932739442823, -33.326088760284094 ], [ 151.532040149279283, -33.326090029845346 ] ], [ [ 151.531497048909102, -33.326444358423636 ], [ 151.531604459160832, -33.32644562837352 ], [ 151.531498561733002, -33.326354189097493 ], [ 151.531497048909102, -33.326444358423636 ] ], [ [ 151.532043173760968, -33.325909691137404 ], [ 151.532257993011882, -33.325912229964132 ], [ 151.532156631823426, -33.325550283147535 ], [ 151.532047710433005, -33.325639183065213 ], [ 151.531938788821492, -33.325728082880048 ], [ 151.531935764145658, -33.325908421584806 ], [ 151.532043173760968, -33.325909691137404 ] ], [ [ 151.532050734847388, -33.325458844343565 ], [ 151.531943325784795, -33.325457574812603 ], [ 151.531834404304021, -33.325546474541675 ], [ 151.531940301149348, -33.325637913525597 ], [ 151.532047710433005, -33.325639183065213 ], [ 151.532050734847388, -33.325458844343565 ] ], [ [ 151.531829866988886, -33.325816982592009 ], [ 151.531722457497551, -33.325815712858088 ], [ 151.531719432366032, -33.325996051542802 ], [ 151.531826842078459, -33.325997321285378 ], [ 151.531829866988886, -33.325816982592009 ] ], [ [ 151.532498317985016, -33.311575283751836 ], [ 151.532499828924387, -33.311485114169095 ], [ 151.532392436977688, -33.311483845494365 ], [ 151.532390925927842, -33.311574015072793 ], [ 151.532498317985016, -33.311575283751836 ] ], [ [ 151.531922173478989, -33.333123235174966 ], [ 151.532029591946838, -33.333124504980951 ], [ 151.532031104605863, -33.333034335730353 ], [ 151.531923686248604, -33.333033065928689 ], [ 151.531922173478989, -33.333123235174966 ] ], [ [ 151.532055271418415, -33.325188336250804 ], [ 151.532162680156091, -33.325189605675959 ], [ 151.53216419222241, -33.325099436304626 ], [ 151.532055271418415, -33.325188336250804 ] ], [ [ 151.532037124770653, -33.326270368547789 ], [ 151.532035612506206, -33.32636053789696 ], [ 151.532143022681055, -33.326361807378369 ], [ 151.532144534834913, -33.326271638024878 ], [ 151.532037124770653, -33.326270368547789 ] ], [ [ 151.531935788162826, -33.332311711909036 ], [ 151.531828370697013, -33.332310442049149 ], [ 151.53171944030106, -33.33239934134501 ], [ 151.53161202273813, -33.332398071295096 ], [ 151.531610509683958, -33.332488240537991 ], [ 151.531717927357477, -33.332489510592239 ], [ 151.531823832197944, -33.332580949803813 ], [ 151.531931249995495, -33.332582219676695 ], [ 151.531935788162826, -33.332311711909036 ] ], [ [ 151.531829883516593, -33.332220272794842 ], [ 151.531831396329409, -33.332130103539171 ], [ 151.53172397909151, -33.332128833595085 ], [ 151.531722466168105, -33.332219002846436 ], [ 151.531720953237965, -33.332309172096409 ], [ 151.531828370697013, -33.332310442049149 ], [ 151.531829883516593, -33.332220272794842 ] ], [ [ 151.531928224516975, -33.332762558181599 ], [ 151.532037155174521, -33.332673658714185 ], [ 151.532038667799839, -33.332583489456717 ], [ 151.531931249995495, -33.332582219676695 ], [ 151.531928224516975, -33.332762558181599 ] ], [ [ 151.531940326269506, -33.33204120412902 ], [ 151.531938813574016, -33.332131373390403 ], [ 151.532046230825415, -33.332132643148789 ], [ 151.532047743410288, -33.332042473883085 ], [ 151.531940326269506, -33.33204120412902 ] ], [ [ 151.532171607980899, -33.311841986137452 ], [ 151.532279000356027, -33.311843255015027 ], [ 151.532280511536555, -33.311753085445041 ], [ 151.532173119271874, -33.311751816571793 ], [ 151.532171607980899, -33.311841986137452 ] ], [ [ 151.532188231811631, -33.310850120839788 ], [ 151.532295622971589, -33.310851389669772 ], [ 151.532297134078078, -33.310761220084707 ], [ 151.532189743028596, -33.310759951259044 ], [ 151.532188231811631, -33.310850120839788 ] ], [ [ 151.531749694796076, -33.336999241382372 ], [ 151.531857118013107, -33.337000511467352 ], [ 151.531858631072424, -33.336910342280063 ], [ 151.53175120796601, -33.336909072199418 ], [ 151.531749694796076, -33.336999241382372 ] ], [ [ 151.531707331570374, -33.32671740622677 ], [ 151.531705818940623, -33.326807575556096 ], [ 151.531813229648037, -33.326808845337624 ], [ 151.531814742167256, -33.326718676003978 ], [ 151.53181625467974, -33.32662850666896 ], [ 151.531708844193417, -33.326627236896087 ], [ 151.531707331570374, -33.32671740622677 ] ], [ [ 151.532028051083074, -33.326811384622218 ], [ 151.532029563381201, -33.326721215279917 ], [ 151.531922152770846, -33.32671994568836 ], [ 151.531813229648037, -33.326808845337624 ], [ 151.532028051083074, -33.326811384622218 ] ], [ [ 151.531845011341574, -33.331318580176365 ], [ 151.53184349858941, -33.331408749444392 ], [ 151.531950914949363, -33.331410019261007 ], [ 151.531952427590937, -33.331319849988652 ], [ 151.531845011341574, -33.331318580176365 ] ], [ [ 151.531802641824981, -33.327440030634797 ], [ 151.531910053313055, -33.327441300353804 ], [ 151.531911565768837, -33.327351131025424 ], [ 151.531804154391352, -33.327349861310736 ], [ 151.531802641824981, -33.327440030634797 ] ], [ [ 151.531696743020547, -33.327348591503231 ], [ 151.531695230343644, -33.327438760822957 ], [ 151.531804154391352, -33.327349861310736 ], [ 151.531696743020547, -33.327348591503231 ] ], [ [ 151.531798104085482, -33.327710538598716 ], [ 151.531795078892145, -33.327890877234459 ], [ 151.531902490933021, -33.32789214697511 ], [ 151.531905515905237, -33.327711808330697 ], [ 151.531798104085482, -33.327710538598716 ] ], [ [ 151.531692204969573, -33.327619099458282 ], [ 151.53179961667206, -33.327620369278783 ], [ 151.531908540850509, -33.327531469680807 ], [ 151.531693717660005, -33.327528930141305 ], [ 151.531692204969573, -33.327619099458282 ] ], [ [ 151.531731532730561, -33.325274696771039 ], [ 151.531730020208556, -33.325364866122307 ], [ 151.531837429147117, -33.325366135834592 ], [ 151.531838941558561, -33.325275966478991 ], [ 151.531731532730561, -33.325274696771039 ] ], [ [ 151.531711869419269, -33.326446898230571 ], [ 151.531710356809725, -33.326537067564011 ], [ 151.53181927968447, -33.326448167994791 ], [ 151.531820792176745, -33.326357998655659 ], [ 151.531711869419269, -33.326446898230571 ] ], [ [ 151.53168161594823, -33.32825028463872 ], [ 151.531680103203939, -33.328340453944726 ], [ 151.531787515790882, -33.328341723799852 ], [ 151.531789028424612, -33.328251554489505 ], [ 151.53168161594823, -33.32825028463872 ] ], [ [ 151.531769363660828, -33.329423755416848 ], [ 151.531772389083216, -33.329243416827723 ], [ 151.531664975390555, -33.329242146929325 ], [ 151.531553022897555, -33.329511384793719 ], [ 151.531769363660828, -33.329423755416848 ] ], [ [ 151.5320672384087, -33.311660378043058 ], [ 151.531853965742926, -33.311567670285889 ], [ 151.531748085438835, -33.311476231497728 ], [ 151.531746573726139, -33.311566401050186 ], [ 151.53163766988618, -33.311655301268459 ], [ 151.531419861543412, -33.311833101396608 ], [ 151.53184791926671, -33.311928348499343 ], [ 151.531955311732133, -33.311929617659587 ], [ 151.5320672384087, -33.311660378043058 ] ], [ [ 151.531386594563344, -33.333026715527602 ], [ 151.531494012886924, -33.333027985793514 ], [ 151.531495526092129, -33.332937816563181 ], [ 151.531388107879167, -33.332936546301582 ], [ 151.531386594563344, -33.333026715527602 ] ], [ [ 151.531497039290628, -33.332847647331469 ], [ 151.53149855248239, -33.33275747809838 ], [ 151.531391134490548, -33.332756207845449 ], [ 151.531388107879167, -33.332936546301582 ], [ 151.531497039290628, -33.332847647331469 ] ], [ [ 151.531605970480911, -33.332758748258456 ], [ 151.53160748355532, -33.332668579019682 ], [ 151.531500065667387, -33.332667308863925 ], [ 151.53149855248239, -33.33275747809838 ], [ 151.531605970480911, -33.332758748258456 ] ], [ [ 151.531593869978536, -33.327076813648482 ], [ 151.531592357211281, -33.327166982968002 ], [ 151.531699768354201, -33.327168252859686 ], [ 151.531701281010896, -33.327078083535831 ], [ 151.531593869978536, -33.327076813648482 ] ], [ [ 151.53156512624841, -33.328790030484569 ], [ 151.531563613353114, -33.328880199778013 ], [ 151.53167102659674, -33.328881469751948 ], [ 151.531672539381447, -33.328791300454171 ], [ 151.531674052159417, -33.328701131155029 ], [ 151.531566639136912, -33.328699861189754 ], [ 151.53156512624841, -33.328790030484569 ] ], [ [ 151.53147131399993, -33.33438052408399 ], [ 151.531578733989164, -33.334381794321999 ], [ 151.531580247184877, -33.334291625107909 ], [ 151.531472827306231, -33.33429035487422 ], [ 151.53147131399993, -33.33438052408399 ] ], [ [ 151.527513470151007, -33.333341600381594 ], [ 151.527723755854538, -33.333614654751734 ], [ 151.527726790094135, -33.333434316612347 ], [ 151.527728307203802, -33.333344147540593 ], [ 151.528053596369205, -33.333167629409033 ], [ 151.528052079604805, -33.333257798496547 ], [ 151.528159498050996, -33.33325907165387 ], [ 151.52836978562533, -33.333532124983329 ], [ 151.528047529271106, -33.33352830575086 ], [ 151.528151914680734, -33.333709917092555 ], [ 151.527932525922353, -33.333977877862388 ], [ 151.528039945246576, -33.333979151147275 ], [ 151.528475688074536, -33.333623566974495 ], [ 151.528478720765833, -33.33344322877435 ], [ 151.528372818524304, -33.333351786789109 ], [ 151.528480237101348, -33.333353059672213 ], [ 151.528695074275731, -33.333355605159866 ], [ 151.528698106484143, -33.333175266934155 ], [ 151.528590688114775, -33.333173994245428 ], [ 151.528483269752144, -33.333172721463853 ], [ 151.528161014704807, -33.333168902562015 ], [ 151.528378884241249, -33.332991110384228 ], [ 151.528164047992107, -33.332988564374169 ], [ 151.528489334972704, -33.332812045030636 ], [ 151.528384949850135, -33.332630433957405 ], [ 151.528386466235474, -33.332540264847253 ], [ 151.528493883817191, -33.33254153769132 ], [ 151.528492367542469, -33.332631706805799 ], [ 151.528708719000946, -33.332544083100885 ], [ 151.528608882125241, -33.33209196482786 ], [ 151.528716299167542, -33.332093237464541 ], [ 151.528931133272437, -33.332095782459326 ], [ 151.528929617473779, -33.332185951598014 ], [ 151.528822200307388, -33.332184679142699 ], [ 151.528820684391405, -33.332274848275681 ], [ 151.528928101668384, -33.332276120735344 ], [ 151.528816136602956, -33.332545355666383 ], [ 151.528923554211673, -33.332546628139063 ], [ 151.529029456105377, -33.33263806965504 ], [ 151.529027940376835, -33.332728238789826 ], [ 151.529135358220259, -33.332729511085475 ], [ 151.529136873838212, -33.332639341946326 ], [ 151.529139905053938, -33.332459003663949 ], [ 151.529354740097489, -33.332461547950658 ], [ 151.529463672895361, -33.33237265079849 ], [ 151.529250353539851, -33.332279937557196 ], [ 151.529035518952128, -33.332277393102139 ], [ 151.529037034646933, -33.332187223960482 ], [ 151.529040066016307, -33.33200688567306 ], [ 151.529793499769596, -33.331925620373745 ], [ 151.529795014663307, -33.331835451196262 ], [ 151.529689112882835, -33.331744010326538 ], [ 151.529581696222095, -33.331742738542843 ], [ 151.529363832255541, -33.331920533018568 ], [ 151.529257930840544, -33.331829091791846 ], [ 151.528935680627853, -33.331825275035037 ], [ 151.528829779786037, -33.331733833457228 ], [ 151.529152029646696, -33.331737650479567 ], [ 151.529050675596466, -33.331375701623855 ], [ 151.52926247713998, -33.33155858431617 ], [ 151.529371408868371, -33.331469687204091 ], [ 151.529372924170673, -33.331379518037082 ], [ 151.529480340375557, -33.331380789989133 ], [ 151.529484885910279, -33.331110282466859 ], [ 151.529701232620397, -33.331022656880911 ], [ 151.529807133570216, -33.331114097726932 ], [ 151.529810163229484, -33.330933759345882 ], [ 151.529702747557252, -33.330932487694035 ], [ 151.529595331891755, -33.330931215949356 ], [ 151.529487916233023, -33.330929944111823 ], [ 151.529596846932407, -33.330841046765443 ], [ 151.529705777410697, -33.330752149316169 ], [ 151.529813192861752, -33.33075342095934 ], [ 151.529817737259577, -33.330482913369252 ], [ 151.529601392013973, -33.330570539205468 ], [ 151.529493976797539, -33.330569267385272 ], [ 151.529492461666536, -33.330659436568972 ], [ 151.529385046346277, -33.330658164651602 ], [ 151.529388076822698, -33.330477826291506 ], [ 151.529495491921807, -33.3304790982002 ], [ 151.529497007039311, -33.330388929013772 ], [ 151.529604422034595, -33.330390200825292 ], [ 151.529713351926205, -33.33030130334749 ], [ 151.53003408208312, -33.330395287142949 ], [ 151.530032567518504, -33.330485456351063 ], [ 151.530139982658056, -33.330486727702699 ], [ 151.530141497112112, -33.330396558490264 ], [ 151.530144525999987, -33.33021622006126 ], [ 151.530146040433806, -33.330126050844697 ], [ 151.530362384054484, -33.330038424008194 ], [ 151.530256483764077, -33.329946983640262 ], [ 151.531012925899688, -33.329685371900233 ], [ 151.531014439408466, -33.329595202640789 ], [ 151.531121853502952, -33.329596473113554 ], [ 151.531123366894406, -33.329506303848405 ], [ 151.531230780885096, -33.329507574223996 ], [ 151.531126393657132, -33.329325965313984 ], [ 151.530911566138315, -33.329323424301613 ], [ 151.530910052539184, -33.329413593560844 ], [ 151.53080263867929, -33.329412322911068 ], [ 151.530801124962863, -33.3295024921646 ], [ 151.530586297042163, -33.329499950577869 ], [ 151.530049227358461, -33.329493594986381 ], [ 151.530161184401095, -33.329224358603646 ], [ 151.530265569481003, -33.329405968269626 ], [ 151.530271626490759, -33.329045291328427 ], [ 151.530056799743221, -33.329042748856644 ], [ 151.530382068117945, -33.328866223937567 ], [ 151.530385096334243, -33.3286858854446 ], [ 151.530168756131843, -33.328773512431653 ], [ 151.530280711803101, -33.328504275875467 ], [ 151.530064371959355, -33.328591902692622 ], [ 151.530059828649911, -33.328862410395153 ], [ 151.529740618785695, -33.328678257576222 ], [ 151.529631691005818, -33.328767155156747 ], [ 151.529421410282026, -33.328494103968296 ], [ 151.529522763004763, -33.3288560526344 ], [ 151.529310967221591, -33.328673170473941 ], [ 151.529094626048419, -33.328760795560939 ], [ 151.529205069661714, -33.328581729265409 ], [ 151.528882831411408, -33.328577912698414 ], [ 151.528988728619368, -33.32866935417244 ], [ 151.528879800112719, -33.328758251072749 ], [ 151.528772387154959, -33.328756978689405 ], [ 151.528661942436031, -33.328936044564763 ], [ 151.528660426541904, -33.329026213738452 ], [ 151.52855149725454, -33.329115110324423 ], [ 151.52855452927065, -33.328934771987072 ], [ 151.528341219179254, -33.328842057391121 ], [ 151.528447116112034, -33.328933499316541 ], [ 151.528123360229756, -33.329019849899943 ], [ 151.527908533752139, -33.329017303714686 ], [ 151.52779960373806, -33.329106199620426 ], [ 151.527692190405588, -33.329104926291365 ], [ 151.527584777079852, -33.329103652869463 ], [ 151.527583260066564, -33.329193821997023 ], [ 151.527475846637003, -33.329192548477948 ], [ 151.527366915973005, -33.329281443983533 ], [ 151.527259502446412, -33.32928017027443 ], [ 151.527362364208869, -33.329551951327822 ], [ 151.527356295095387, -33.329912627767669 ], [ 151.527139948984569, -33.330000249293718 ], [ 151.527351743189371, -33.330183135083146 ], [ 151.527133878851345, -33.330360925671378 ], [ 151.5271293261805, -33.330631432940223 ], [ 151.527127808610032, -33.33072160202709 ], [ 151.527233706432412, -33.330813044988325 ], [ 151.527236741358962, -33.330632706807272 ], [ 151.52734415654416, -33.330633980581503 ], [ 151.527339604475912, -33.330904487864039 ], [ 151.527663368098388, -33.330818139562886 ], [ 151.527869098010967, -33.331361700959597 ], [ 151.527976514121349, -33.331362974211487 ], [ 151.527866064303282, -33.331542039170792 ], [ 151.528186796785945, -33.331636027790495 ], [ 151.527864547439293, -33.331632208274328 ], [ 151.528185280246959, -33.331726196905699 ], [ 151.528183763701236, -33.331816366019495 ], [ 151.528076347024438, -33.331815092931606 ], [ 151.528074830361362, -33.331905262039704 ], [ 151.527965896800339, -33.33199415795702 ], [ 151.527859996806853, -33.331902715576703 ], [ 151.527856963018138, -33.332083053771427 ], [ 151.527643646167235, -33.331990337831684 ], [ 151.52731684322265, -33.332257024091518 ], [ 151.527531677594254, -33.332259571517724 ], [ 151.527422743044696, -33.332348466926241 ], [ 151.527634543352377, -33.332531352339068 ], [ 151.527198802834306, -33.332886933675915 ], [ 151.526985484798274, -33.332794216582244 ], [ 151.526983966954987, -33.332884385631829 ], [ 151.526876549025474, -33.332883111470515 ], [ 151.52687806697935, -33.332792942425272 ], [ 151.526772167224834, -33.332701499133158 ], [ 151.526554295277521, -33.332879288429467 ], [ 151.526767613031524, -33.332972006255879 ], [ 151.526875031064861, -33.332973280514388 ], [ 151.526980931248204, -33.333064723726899 ], [ 151.526979413384652, -33.333154892772384 ], [ 151.527086831652696, -33.333156166853875 ], [ 151.527088349405631, -33.333065997804049 ], [ 151.527195767569879, -33.333067271788359 ], [ 151.52719728520546, -33.332977102732826 ], [ 151.527303185740806, -33.333068545679801 ], [ 151.527521056703932, -33.332890755045668 ], [ 151.527406051634756, -33.333340326662828 ], [ 151.527513470151007, -33.333341600381594 ] ], [ [ 151.527401499290136, -33.333610833834896 ], [ 151.527505883429171, -33.33379244568323 ], [ 151.527291045297488, -33.333789898109416 ], [ 151.527289527711645, -33.333880067156947 ], [ 151.527504366064534, -33.333882614739437 ], [ 151.527720721587883, -33.333794992885636 ], [ 151.527828140677371, -33.333796266347555 ], [ 151.527829657703506, -33.333706097276952 ], [ 151.527937076689142, -33.333707370641676 ], [ 151.527938593597895, -33.333617201565353 ], [ 151.527723755854538, -33.333614654751734 ], [ 151.527401499290136, -33.333610833834896 ] ], [ [ 151.528693558161393, -33.333445774270679 ], [ 151.52880097686932, -33.33344704687957 ], [ 151.528802492873041, -33.333356877764423 ], [ 151.528695074275731, -33.333355605159866 ], [ 151.528693558161393, -33.333445774270679 ] ], [ [ 151.528799460858806, -33.333537215993346 ], [ 151.528906879684058, -33.33353848851371 ], [ 151.528908395583954, -33.3334483193956 ], [ 151.52880097686932, -33.33344704687957 ], [ 151.528799460858806, -33.333537215993346 ] ], [ [ 151.528909911477115, -33.333358150276119 ], [ 151.528911427363511, -33.333267981155267 ], [ 151.528802492873041, -33.333356877764423 ], [ 151.528909911477115, -33.333358150276119 ] ], [ [ 151.528805524860275, -33.333176539530022 ], [ 151.528807040843759, -33.333086370410761 ], [ 151.528699622578216, -33.333085097819215 ], [ 151.528698106484143, -33.333175266934155 ], [ 151.528805524860275, -33.333176539530022 ] ], [ [ 151.528484786067423, -33.333082552357595 ], [ 151.528704170819964, -33.332814590466235 ], [ 151.528487818677689, -33.332902214140994 ], [ 151.528378884241249, -33.332991110384228 ], [ 151.528484786067423, -33.333082552357595 ] ], [ [ 151.52881158875374, -33.33281586304475 ], [ 151.528920522540147, -33.332726966401346 ], [ 151.528922038379307, -33.332636797270887 ], [ 151.528814620659972, -33.332635524793886 ], [ 151.528705686887037, -33.332724421345816 ], [ 151.528704170819964, -33.332814590466235 ], [ 151.52881158875374, -33.33281586304475 ] ], [ [ 151.529357770843831, -33.332281209645458 ], [ 151.529359286206898, -33.332191040490791 ], [ 151.529251869013507, -33.332189768406863 ], [ 151.529250353539851, -33.332279937557196 ], [ 151.529357770843831, -33.332281209645458 ] ], [ [ 151.529796529550282, -33.331745282017401 ], [ 151.529798044430521, -33.331655112837161 ], [ 151.529689112882835, -33.331744010326538 ], [ 151.529796529550282, -33.331745282017401 ] ], [ [ 151.529369893559306, -33.331559856369743 ], [ 151.529477309985339, -33.331561128330463 ], [ 151.529478825183816, -33.331470959160484 ], [ 151.529371408868371, -33.331469687204091 ], [ 151.529369893559306, -33.331559856369743 ] ], [ [ 151.529528822948549, -33.328495375781621 ], [ 151.529530337917635, -33.328405206565009 ], [ 151.529421410282026, -33.328494103968296 ], [ 151.529528822948549, -33.328495375781621 ] ], [ [ 151.52974213354716, -33.328588088353683 ], [ 151.529743648301832, -33.328497919129759 ], [ 151.529528822948549, -33.328495375781621 ], [ 151.52974213354716, -33.328588088353683 ] ], [ [ 151.527209426046937, -33.332255750239156 ], [ 151.527204873282074, -33.332526257434573 ], [ 151.52731684322265, -33.332257024091518 ], [ 151.527209426046937, -33.332255750239156 ] ], [ [ 151.530286768543135, -33.328143598879407 ], [ 151.530068915208119, -33.328321394977749 ], [ 151.530497051224785, -33.328416648668288 ], [ 151.530711876478335, -33.328419190336732 ], [ 151.530607491554832, -33.328237581024894 ], [ 151.530500079152546, -33.328236310152924 ], [ 151.530395694878933, -33.328054700675942 ], [ 151.530286768543135, -33.328143598879407 ] ], [ [ 151.530288282711268, -33.328053429626962 ], [ 151.530180870550339, -33.32805215848515 ], [ 151.530073458396203, -33.328050887250505 ], [ 151.53007194400692, -33.328141056494296 ], [ 151.530179356271645, -33.328142327733261 ], [ 151.530286768543135, -33.328143598879407 ], [ 151.530288282711268, -33.328053429626962 ] ], [ [ 151.530074972778721, -33.32796071800535 ], [ 151.529967560741852, -33.3279594466822 ], [ 151.529966046248745, -33.328049615923042 ], [ 151.530073458396203, -33.328050887250505 ], [ 151.530074972778721, -33.32796071800535 ] ], [ [ 151.52975273668838, -33.327956903757425 ], [ 151.529751221974152, -33.328047072989584 ], [ 151.52974970725316, -33.328137242220365 ], [ 151.529966046248745, -33.328049615923042 ], [ 151.52975273668838, -33.327956903757425 ] ], [ [ 151.529964531748931, -33.328139785162485 ], [ 151.529963017242352, -33.328229954400555 ], [ 151.530070429610902, -33.328231225736694 ], [ 151.53007194400692, -33.328141056494296 ], [ 151.529964531748931, -33.328139785162485 ] ], [ [ 151.531144553667275, -33.328243933992233 ], [ 151.53104168141391, -33.327972155736127 ], [ 151.530829884422531, -33.327789276112945 ], [ 151.530931242313557, -33.328151223806742 ], [ 151.530607491554832, -33.328237581024894 ], [ 151.531144553667275, -33.328243933992233 ] ], [ [ 151.531149093518195, -33.327973426130946 ], [ 151.531150606788344, -33.327883256841105 ], [ 151.53104319479462, -33.32788198645062 ], [ 151.53104168141391, -33.327972155736127 ], [ 151.531149093518195, -33.327973426130946 ] ], [ [ 151.531147580241282, -33.328063595419422 ], [ 151.531254992462863, -33.328064865725722 ], [ 151.531149093518195, -33.327973426130946 ], [ 151.531147580241282, -33.328063595419422 ] ], [ [ 151.531365430796001, -33.327885797343555 ], [ 151.531369969902642, -33.327615289439812 ], [ 151.531259531941657, -33.327794357843203 ], [ 151.531150606788344, -33.327883256841105 ], [ 151.531365430796001, -33.327885797343555 ] ], [ [ 151.531471329871465, -33.327977236758372 ], [ 151.531686154140658, -33.327979776712475 ], [ 151.531689179568588, -33.327799438088128 ], [ 151.531365430796001, -33.327885797343555 ], [ 151.531471329871465, -33.327977236758372 ] ], [ [ 151.531474355741636, -33.327796898151327 ], [ 151.531690692272463, -33.327709268773887 ], [ 151.531477381584892, -33.327616559538804 ], [ 151.531478894496416, -33.327526390230489 ], [ 151.531369969902642, -33.327615289439812 ], [ 151.531474355741636, -33.327796898151327 ] ], [ [ 151.527295598014405, -33.333519390958607 ], [ 151.527080760573313, -33.333516843039433 ], [ 151.527186661614337, -33.333608286092748 ], [ 151.527292562876539, -33.333699729060527 ], [ 151.527295598014405, -33.333519390958607 ] ], [ [ 151.52805056283367, -33.333347967582689 ], [ 151.52804904605577, -33.333438136667453 ], [ 151.528156464723168, -33.33343940983346 ], [ 151.52815798139045, -33.333349240744347 ], [ 151.52805056283367, -33.333347967582689 ] ], [ [ 151.529315512812474, -33.328402662854209 ], [ 151.529317027995944, -33.32831249364488 ], [ 151.529209615564042, -33.328311221654559 ], [ 151.529208100270012, -33.328401390859547 ], [ 151.529315512812474, -33.328402662854209 ] ], [ [ 151.530386610432259, -33.328595716196048 ], [ 151.53049402327008, -33.32859698717818 ], [ 151.5304955372508, -33.328506817923909 ], [ 151.530388124523569, -33.328505546946118 ], [ 151.530386610432259, -33.328595716196048 ] ], [ [ 151.531251966110005, -33.328245204307194 ], [ 151.531250452923445, -33.328335373595898 ], [ 151.531357865483471, -33.328336643822354 ], [ 151.531359378559443, -33.328246474529337 ], [ 151.531251966110005, -33.328245204307194 ] ], [ [ 151.530613546887167, -33.32787690396038 ], [ 151.530615060703383, -33.327786734690825 ], [ 151.530722472559574, -33.327788005448298 ], [ 151.530616574512891, -33.327696565419892 ], [ 151.530509162773996, -33.327695294573907 ], [ 151.530507648853927, -33.327785463840513 ], [ 151.530504620993611, -33.327965802369597 ], [ 151.530613546887167, -33.32787690396038 ] ], [ [ 151.531613535340028, -33.325904612370053 ], [ 151.531615048012981, -33.325814443031348 ], [ 151.531507638535146, -33.325813173111762 ], [ 151.531506125751605, -33.325903342446146 ], [ 151.531613535340028, -33.325904612370053 ] ], [ [ 151.531463765078058, -33.32842808325195 ], [ 151.531462252099146, -33.328518252546552 ], [ 151.531569664893794, -33.328519522596011 ], [ 151.531571177762117, -33.328429353297082 ], [ 151.531463765078058, -33.32842808325195 ] ], [ [ 151.531442582760434, -33.329690453251551 ], [ 151.53144106968719, -33.329780622526954 ], [ 151.531548484029798, -33.329781892637016 ], [ 151.531549996992453, -33.329691723357278 ], [ 151.531551509948372, -33.329601554076184 ], [ 151.531444095826913, -33.329600283974784 ], [ 151.531442582760434, -33.329690453251551 ] ], [ [ 151.531377534945648, -33.327164442906152 ], [ 151.531376021950507, -33.327254612215619 ], [ 151.531483433190544, -33.32725588229728 ], [ 151.531484946075096, -33.327165712983486 ], [ 151.531377534945648, -33.327164442906152 ] ], [ [ 151.531374508948659, -33.32734478152372 ], [ 151.531590844437261, -33.32725715228613 ], [ 151.531483433190544, -33.32725588229728 ], [ 151.531374508948659, -33.32734478152372 ] ], [ [ 151.531064381417053, -33.326619616309401 ], [ 151.531065894696695, -33.32652944700331 ], [ 151.530958484368114, -33.326528176584958 ], [ 151.53095697097794, -33.326618345886722 ], [ 151.531064381417053, -33.326619616309401 ] ], [ [ 151.531062868130675, -33.326709785614113 ], [ 151.531170278687142, -33.326711055948287 ], [ 151.531064381417053, -33.326619616309401 ], [ 151.531062868130675, -33.326709785614113 ] ], [ [ 151.531490997546001, -33.326805035714536 ], [ 151.531494023241009, -33.326624697071836 ], [ 151.531389638664109, -33.326443088380934 ], [ 151.531277689250288, -33.32671232618965 ], [ 151.531489484688365, -33.326895205033829 ], [ 151.531490997546001, -33.326805035714536 ] ], [ [ 151.53160143371386, -33.326625967030367 ], [ 151.531602946440699, -33.326535797702633 ], [ 151.53149553607841, -33.326534527748422 ], [ 151.531494023241009, -33.326624697071836 ], [ 151.53160143371386, -33.326625967030367 ] ], [ [ 151.531267068592655, -33.333746798892875 ], [ 151.53137448779421, -33.333748069286287 ], [ 151.531376001163977, -33.333657900071252 ], [ 151.531268582072983, -33.33365662968216 ], [ 151.531267068592655, -33.333746798892875 ] ], [ [ 151.531247392735139, -33.334918998507177 ], [ 151.531354813374463, -33.334920268956893 ], [ 151.531357840282425, -33.334739930561128 ], [ 151.53125041986425, -33.334738660120081 ], [ 151.531247392735139, -33.334918998507177 ] ], [ [ 151.53122624102221, -33.329778082028319 ], [ 151.531227754316575, -33.329687912761578 ], [ 151.531120340104735, -33.329686642377325 ], [ 151.53111882669981, -33.329776811639746 ], [ 151.53122624102221, -33.329778082028319 ] ], [ [ 151.531185379526761, -33.332212651711657 ], [ 151.531292796841541, -33.332213922124311 ], [ 151.531294310207272, -33.332123752890283 ], [ 151.531186893003081, -33.332122482481957 ], [ 151.531185379526761, -33.332212651711657 ] ], [ [ 151.531088557185598, -33.331580196599795 ], [ 151.531195973719548, -33.331581467074976 ], [ 151.531303390260234, -33.33158273745731 ], [ 151.531304903578814, -33.331492568213683 ], [ 151.531197487148717, -33.331491297835669 ], [ 151.531090070725327, -33.331490027364822 ], [ 151.531088557185598, -33.331580196599795 ] ], [ [ 151.531132447101669, -33.328965288228687 ], [ 151.53113093375066, -33.329055457502065 ], [ 151.531238347188463, -33.329056727856006 ], [ 151.531239860428911, -33.328966558578294 ], [ 151.531132447101669, -33.328965288228687 ] ], [ [ 151.531347273762918, -33.328967828835061 ], [ 151.531348786886042, -33.328877659551651 ], [ 151.531239860428911, -33.328966558578294 ], [ 151.531347273762918, -33.328967828835061 ] ], [ [ 151.530940323241055, -33.32761020811553 ], [ 151.530938809769992, -33.327700377400838 ], [ 151.531046221535831, -33.327701647875479 ], [ 151.531153633308435, -33.327702918257295 ], [ 151.531155146558376, -33.327612748963332 ], [ 151.531047734896362, -33.327611478585858 ], [ 151.530940323241055, -33.32761020811553 ] ], [ [ 151.531262558227127, -33.327614019247989 ], [ 151.5312640713598, -33.327523849948335 ], [ 151.531156659801582, -33.327522579668013 ], [ 151.531155146558376, -33.327612748963332 ], [ 151.531262558227127, -33.327614019247989 ] ], [ [ 151.530941836705381, -33.327520038828872 ], [ 151.531049248250099, -33.327521309294852 ], [ 151.531050761597129, -33.327431140002489 ], [ 151.530943350162971, -33.327429869540829 ], [ 151.530941836705381, -33.327520038828872 ] ], [ [ 151.531052274937394, -33.327340970708732 ], [ 151.530944863613797, -33.327339700251407 ], [ 151.530835938735521, -33.327428598986337 ], [ 151.530943350162971, -33.327429869540829 ], [ 151.531052274937394, -33.327340970708732 ] ], [ [ 151.531159686267756, -33.327342241073225 ], [ 151.531158173038051, -33.327432410371308 ], [ 151.531265584485681, -33.327433680647303 ], [ 151.531159686267756, -33.327342241073225 ] ], [ [ 151.531415325310036, -33.312103609994473 ], [ 151.531522717969494, -33.312104879534481 ], [ 151.531524229943528, -33.312014709998905 ], [ 151.531416837394573, -33.312013440463218 ], [ 151.531415325310036, -33.312103609994473 ] ], [ [ 151.531102178800637, -33.330768673435671 ], [ 151.531100665314796, -33.330858842681614 ], [ 151.531208080964092, -33.330860113122164 ], [ 151.531209594339344, -33.330769943871886 ], [ 151.531102178800637, -33.330768673435671 ] ], [ [ 151.531273150014101, -33.326982834121559 ], [ 151.531164225916484, -33.327071733170769 ], [ 151.5312716369219, -33.327073003429447 ], [ 151.531273150014101, -33.326982834121559 ] ], [ [ 151.53106135483759, -33.326799954917455 ], [ 151.531059841537711, -33.326890124219439 ], [ 151.531167252315271, -33.326891394562274 ], [ 151.531168765504589, -33.326801225255963 ], [ 151.53106135483759, -33.326799954917455 ] ], [ [ 151.531000817586829, -33.330406725926444 ], [ 151.530999304017399, -33.330496895173539 ], [ 151.531106719217632, -33.330498165689605 ], [ 151.531108232676502, -33.330407996438169 ], [ 151.531000817586829, -33.330406725926444 ] ], [ [ 151.530864641430895, -33.332118670699913 ], [ 151.530863127622808, -33.332208839916611 ], [ 151.53097054491738, -33.332210110607811 ], [ 151.530864641430895, -33.332118670699913 ] ], [ [ 151.531211126008259, -33.311469883949179 ], [ 151.531318517880891, -33.31147115364444 ], [ 151.53132003002878, -33.311380984107913 ], [ 151.531212638266595, -33.311379714416994 ], [ 151.531211126008259, -33.311469883949179 ] ], [ [ 151.530949403925888, -33.327069192374935 ], [ 151.53094789049527, -33.327159361668478 ], [ 151.531053788270953, -33.327250801413612 ], [ 151.531056814917832, -33.327070462819265 ], [ 151.530949403925888, -33.327069192374935 ] ], [ [ 151.530925188227116, -33.328511900906783 ], [ 151.530923674688637, -33.32860207017837 ], [ 151.531031087560166, -33.328603340696311 ], [ 151.531032600988055, -33.328513171420411 ], [ 151.530925188227116, -33.328511900906783 ] ], [ [ 151.530885834036411, -33.330856301521997 ], [ 151.530884320322684, -33.330946470757922 ], [ 151.530991736069097, -33.330947741388485 ], [ 151.530993249672235, -33.330857572148233 ], [ 151.530885834036411, -33.330856301521997 ] ], [ [ 151.530881292875023, -33.331126809225623 ], [ 151.530879779141088, -33.331216978457419 ], [ 151.53098719521924, -33.331218249100971 ], [ 151.530988708842585, -33.33112807986484 ], [ 151.530881292875023, -33.331126809225623 ] ], [ [ 151.530802569770799, -33.335815607459807 ], [ 151.53090999148921, -33.335816878324245 ], [ 151.530911505456402, -33.335726709158095 ], [ 151.530804083848579, -33.33572543829797 ], [ 151.530802569770799, -33.335815607459807 ] ], [ [ 151.530545418178889, -33.331934519670689 ], [ 151.530652835121458, -33.331935790627433 ], [ 151.530654349130515, -33.331845621415276 ], [ 151.530546932298506, -33.331844350462873 ], [ 151.530545418178889, -33.331934519670689 ] ], [ [ 151.53076025207082, -33.331937061491331 ], [ 151.530867669026861, -33.331938332262389 ], [ 151.53086918281474, -33.33184816304157 ], [ 151.530654349130515, -33.331845621415276 ], [ 151.53076025207082, -33.331937061491331 ] ], [ [ 151.530713317874586, -33.334732306522 ], [ 151.530820738259052, -33.334733577427322 ], [ 151.530822252255916, -33.33464340824905 ], [ 151.530714831982067, -33.334642137348055 ], [ 151.530713317874586, -33.334732306522 ] ], [ [ 151.530708775511755, -33.33500281403564 ], [ 151.530816196228017, -33.335004084953965 ], [ 151.530817710245088, -33.334913915779801 ], [ 151.530710289639444, -33.334912644865803 ], [ 151.530708775511755, -33.33500281403564 ] ], [ [ 151.530684627895511, -33.33004223688404 ], [ 151.530792042522648, -33.330043507656967 ], [ 151.530899457156551, -33.330044778337069 ], [ 151.530900970802861, -33.329954609087423 ], [ 151.530795070029683, -33.329863169165002 ], [ 151.530793556279548, -33.32995333841167 ], [ 151.530686141762942, -33.329952067643063 ], [ 151.530578727253129, -33.329950796781624 ], [ 151.530471312750052, -33.329949525827345 ], [ 151.530469798661414, -33.330039695059654 ], [ 151.530577213275109, -33.330040966018274 ], [ 151.530684627895511, -33.33004223688404 ] ], [ [ 151.530819289115215, -33.328420461031705 ], [ 151.53081777547294, -33.328510630300308 ], [ 151.53092670175883, -33.328421731633831 ], [ 151.530819289115215, -33.328420461031705 ] ], [ [ 151.530705747236141, -33.335183152371215 ], [ 151.530596812046923, -33.335272050512756 ], [ 151.53059378350963, -33.335452388831428 ], [ 151.53080862604142, -33.335454930804261 ], [ 151.530810140092228, -33.335364761636939 ], [ 151.530811654136272, -33.335274592468267 ], [ 151.530814682204181, -33.335094254126773 ], [ 151.530705747236141, -33.335183152371215 ] ], [ [ 151.530698252459928, -33.32923071366595 ], [ 151.530805666091936, -33.32923198439989 ], [ 151.530807179788155, -33.329141815142258 ], [ 151.530699766266707, -33.329140544412638 ], [ 151.530698252459928, -33.32923071366595 ] ], [ [ 151.530642236869397, -33.332566975074123 ], [ 151.530749654592825, -33.332568245968339 ], [ 151.530751168538501, -33.332478076761454 ], [ 151.530643750925634, -33.332476805871565 ], [ 151.530642236869397, -33.332566975074123 ] ], [ [ 151.530645264975135, -33.332386636667643 ], [ 151.530752682477413, -33.332387907553205 ], [ 151.530754196409561, -33.332297738343584 ], [ 151.5306467790179, -33.332296467462349 ], [ 151.530645264975135, -33.332386636667643 ] ], [ [ 151.5306482930539, -33.332206298255677 ], [ 151.530540875779536, -33.33220502728593 ], [ 151.530539361632947, -33.332295196488275 ], [ 151.5306467790179, -33.332296467462349 ], [ 151.5306482930539, -33.332206298255677 ] ], [ [ 151.530350270218264, -33.330759777782568 ], [ 151.530242854733501, -33.330758506603608 ], [ 151.530239825985859, -33.330938845024818 ], [ 151.530132410286626, -33.330937573744357 ], [ 151.530130895792098, -33.331027742948564 ], [ 151.530345727418421, -33.331030285425328 ], [ 151.5303472416918, -33.330940116212453 ], [ 151.530348755958414, -33.3308499469982 ], [ 151.530350270218264, -33.330759777782568 ] ], [ [ 151.530563587169382, -33.330852489086254 ], [ 151.530565101208083, -33.330762319861961 ], [ 151.530348755958414, -33.3308499469982 ], [ 151.530563587169382, -33.330852489086254 ] ], [ [ 151.530566615240076, -33.330672150636303 ], [ 151.530674030634486, -33.330673421532396 ], [ 151.530675544549155, -33.330583252301032 ], [ 151.530568129265305, -33.330581981409267 ], [ 151.530566615240076, -33.330672150636303 ] ], [ [ 151.530368339363434, -33.336081030498633 ], [ 151.530475761386697, -33.336082301747531 ], [ 151.530477275816537, -33.335992132602819 ], [ 151.530369853903863, -33.335990861358262 ], [ 151.530368339363434, -33.336081030498633 ] ], [ [ 151.530474246950149, -33.336172470890872 ], [ 151.530581669090793, -33.336173742051237 ], [ 151.530583183416752, -33.336083572903561 ], [ 151.530475761386697, -33.336082301747531 ], [ 151.530474246950149, -33.336172470890872 ] ], [ [ 151.530619602111642, -33.327516226873911 ], [ 151.530727013636152, -33.327517497618402 ], [ 151.530728527314835, -33.32742732833902 ], [ 151.530621115900885, -33.327426057598871 ], [ 151.530619602111642, -33.327516226873911 ] ], [ [ 151.5304258871586, -33.332654602199653 ], [ 151.530533304979116, -33.332655873283905 ], [ 151.530534819152706, -33.332565704087052 ], [ 151.530427401442751, -33.332564433007136 ], [ 151.5304258871586, -33.332654602199653 ] ], [ [ 151.530522787751067, -33.326883771112783 ], [ 151.530521273891708, -33.326973940391724 ], [ 151.530628684746091, -33.326975211203049 ], [ 151.530630198494919, -33.326885041919773 ], [ 151.530522787751067, -33.326883771112783 ] ], [ [ 151.530409321093771, -33.327243177303181 ], [ 151.530516732273128, -33.327244448220327 ], [ 151.530624143459221, -33.327245719044647 ], [ 151.530625657228228, -33.327155549765486 ], [ 151.530518246152724, -33.3271542789455 ], [ 151.530410835083927, -33.327153008032681 ], [ 151.530409321093771, -33.327243177303181 ] ], [ [ 151.530333612988784, -33.331751639078973 ], [ 151.530441029696703, -33.331752910212749 ], [ 151.530442543913438, -33.331662741006504 ], [ 151.530335127316107, -33.331661469877062 ], [ 151.530333612988784, -33.331751639078973 ] ], [ [ 151.530330584313958, -33.331931977478654 ], [ 151.530438001243027, -33.331933248621091 ], [ 151.530332098654725, -33.331841808279506 ], [ 151.530330584313958, -33.331931977478654 ] ], [ [ 151.530297267110228, -33.333915699513064 ], [ 151.530404686472309, -33.333916970750828 ], [ 151.530406200850877, -33.33382680157753 ], [ 151.530298781599384, -33.333825530344093 ], [ 151.530297267110228, -33.333915699513064 ] ], [ [ 151.530279092714181, -33.334997729433759 ], [ 151.530386513403471, -33.334999000723521 ], [ 151.530388027862955, -33.334908831566672 ], [ 151.530280607284283, -33.334907560281238 ], [ 151.530279092714181, -33.334997729433759 ] ], [ [ 151.530359355635881, -33.330218762460014 ], [ 151.530250426484571, -33.330307660526579 ], [ 151.530465256355143, -33.330310202748336 ], [ 151.530359355635881, -33.330218762460014 ] ], [ [ 151.53029282517528, -33.327782921861385 ], [ 151.530291311027327, -33.327873091117951 ], [ 151.530398722973871, -33.327874362158255 ], [ 151.530400237011207, -33.327784192897369 ], [ 151.53029282517528, -33.327782921861385 ] ], [ [ 151.530150465793611, -33.336258825981581 ], [ 151.530257888024607, -33.336260097424862 ], [ 151.530259402689126, -33.336169928291561 ], [ 151.530151980568718, -33.336168656852614 ], [ 151.530150465793611, -33.336258825981581 ] ], [ [ 151.530118779593153, -33.331749096532882 ], [ 151.5302261962876, -33.331750367852358 ], [ 151.530227710725484, -33.331660198654774 ], [ 151.530120294141625, -33.331658927339632 ], [ 151.530118779593153, -33.331749096532882 ] ], [ [ 151.529927892511751, -33.343110403902905 ], [ 151.530035323143693, -33.343111675768441 ], [ 151.530036838431585, -33.343021506743753 ], [ 151.529929407910259, -33.343020234882545 ], [ 151.529927892511751, -33.343110403902905 ] ], [ [ 151.52991895594667, -33.337248143049187 ], [ 151.530026379380899, -33.337249414725868 ], [ 151.530027894340861, -33.337159245616327 ], [ 151.529920471017221, -33.337157973943974 ], [ 151.52991895594667, -33.337248143049187 ] ], [ [ 151.530024864414202, -33.337339583834037 ], [ 151.530132287965813, -33.337340855422198 ], [ 151.530133802821894, -33.337250686309687 ], [ 151.530026379380899, -33.337249414725868 ], [ 151.530024864414202, -33.337339583834037 ] ], [ [ 151.529991671723877, -33.332920024451461 ], [ 151.530099089849188, -33.332921295920116 ], [ 151.530102119114758, -33.332740957567943 ], [ 151.529994701210597, -33.332739686107956 ], [ 151.529991671723877, -33.332920024451461 ] ], [ [ 151.53009757520627, -33.333011465094145 ], [ 151.530204993448962, -33.333012736474281 ], [ 151.530208022506827, -33.332832398116174 ], [ 151.530099089849188, -33.332921295920116 ], [ 151.53009757520627, -33.333011465094145 ] ], [ [ 151.530076487154503, -33.327870548758831 ], [ 151.530183899087547, -33.327871819984807 ], [ 151.530185413346032, -33.327781650732582 ], [ 151.530078001523549, -33.327780379510934 ], [ 151.530076487154503, -33.327870548758831 ] ], [ [ 151.529920608319571, -33.330754692509679 ], [ 151.53002650919251, -33.330846133169793 ], [ 151.530135439255417, -33.330757235331816 ], [ 151.530136953729709, -33.330667066123482 ], [ 151.529920608319571, -33.330754692509679 ] ], [ [ 151.530320213728402, -33.313353282178845 ], [ 151.53042760786721, -33.313354552707274 ], [ 151.530429121040356, -33.313264383234205 ], [ 151.530321727012051, -33.313263112710111 ], [ 151.530320213728402, -33.313353282178845 ] ], [ [ 151.529345647696488, -33.333002562833364 ], [ 151.529130811325842, -33.333000018494623 ], [ 151.529127780029143, -33.333180356760536 ], [ 151.529235198432275, -33.33318162898501 ], [ 151.529342616842172, -33.333182901116629 ], [ 151.529451550578727, -33.3330940040101 ], [ 151.529558968891536, -33.333095275951678 ], [ 151.529661841894523, -33.33336705525813 ], [ 151.529982583101685, -33.333461039449055 ], [ 151.529987127443121, -33.333190531956433 ], [ 151.529882738741179, -33.333008922055328 ], [ 151.529561999289996, -33.332914937648347 ], [ 151.529670932466843, -33.332826040330332 ], [ 151.529672447538616, -33.332735871170897 ], [ 151.529345647696488, -33.333002562833364 ] ], [ [ 151.529981068307734, -33.333551208610515 ], [ 151.530088487207223, -33.33355248010951 ], [ 151.530090001890585, -33.333462310943709 ], [ 151.529982583101685, -33.333461039449055 ], [ 151.529981068307734, -33.333551208610515 ] ], [ [ 151.529873649415009, -33.333549937018674 ], [ 151.529978038699568, -33.333731546929329 ], [ 151.529981068307734, -33.333551208610515 ], [ 151.529873649415009, -33.333549937018674 ] ], [ [ 151.530094545900226, -33.333191803438098 ], [ 151.530096060556616, -33.333101634266797 ], [ 151.5299886422101, -33.333100362789473 ], [ 151.529987127443121, -33.333190531956433 ], [ 151.530094545900226, -33.333191803438098 ] ], [ [ 151.529778350461356, -33.332827312073206 ], [ 151.529885768462606, -33.33282858372322 ], [ 151.529887283313201, -33.332738414555116 ], [ 151.52977986542254, -33.33273714290943 ], [ 151.529778350461356, -33.332827312073206 ] ], [ [ 151.529673962603653, -33.33264570201009 ], [ 151.529781380376988, -33.332646973744289 ], [ 151.529782895324672, -33.332556804577777 ], [ 151.529675477661925, -33.332555532847913 ], [ 151.529673962603653, -33.33264570201009 ] ], [ [ 151.529890312994155, -33.332558076214802 ], [ 151.529891827824514, -33.332467907042563 ], [ 151.529784410265592, -33.332466635409894 ], [ 151.529782895324672, -33.332556804577777 ], [ 151.529890312994155, -33.332558076214802 ] ], [ [ 151.529999245390144, -33.3324691785824 ], [ 151.530000760103178, -33.332379009404477 ], [ 151.529893342648109, -33.332377737868974 ], [ 151.529891827824514, -33.332467907042563 ], [ 151.529999245390144, -33.3324691785824 ] ], [ [ 151.529913034741185, -33.33120553848741 ], [ 151.530020450758627, -33.331206809966567 ], [ 151.530021965377216, -33.331116640769423 ], [ 151.529913034741185, -33.33120553848741 ] ], [ [ 151.529906975757029, -33.331566215244891 ], [ 151.530014392216799, -33.331567486741392 ], [ 151.530015906862388, -33.331477317549748 ], [ 151.529908490513179, -33.331476046057581 ], [ 151.529906975757029, -33.331566215244891 ] ], [ [ 151.529692142857698, -33.33156367197337 ], [ 151.529799559303996, -33.331564943655557 ], [ 151.529801074170734, -33.331474774472582 ], [ 151.529693657835026, -33.331473502794722 ], [ 151.529692142857698, -33.33156367197337 ] ], [ [ 151.529698202726479, -33.331202995250557 ], [ 151.529696687769416, -33.331293164433319 ], [ 151.529804103883976, -33.331294436102503 ], [ 151.52980561873045, -33.331204266915407 ], [ 151.529698202726479, -33.331202995250557 ] ], [ [ 151.529534882784418, -33.328134698906908 ], [ 151.529536397726531, -33.328044529684803 ], [ 151.52942898561281, -33.328043257893157 ], [ 151.529427470560165, -33.328133427110927 ], [ 151.529320058342648, -33.328132155222107 ], [ 151.52931854317265, -33.328222324434172 ], [ 151.529425955500756, -33.328223596327319 ], [ 151.529640780177147, -33.32822613983511 ], [ 151.529642295015435, -33.328135970610049 ], [ 151.529534882784418, -33.328134698906908 ] ], [ [ 151.52974819252546, -33.32822741144976 ], [ 151.529746677791024, -33.328317580677805 ], [ 151.529855604880538, -33.32822868297157 ], [ 151.52974819252546, -33.32822741144976 ] ], [ [ 151.529757280790562, -33.327686396052741 ], [ 151.529755766096571, -33.327776565289007 ], [ 151.529863177898818, -33.327777836789146 ], [ 151.529864692482249, -33.327687667548545 ], [ 151.529757280790562, -33.327686396052741 ] ], [ [ 151.529655928256346, -33.327324447522656 ], [ 151.529654413478795, -33.32741461676008 ], [ 151.529761824832065, -33.327415888335715 ], [ 151.529763339499056, -33.327325719093949 ], [ 151.529655928256346, -33.327324447522656 ] ], [ [ 151.529312306814234, -33.334986283647325 ], [ 151.529419727442814, -33.334987555772813 ], [ 151.529421242897712, -33.334897386654973 ], [ 151.529313822379748, -33.334896114533819 ], [ 151.529312306814234, -33.334986283647325 ] ], [ [ 151.529012782719974, -33.333629930062287 ], [ 151.529011266917195, -33.333720099182003 ], [ 151.529120201669315, -33.3336312024013 ], [ 151.529012782719974, -33.333629930062287 ] ], [ [ 151.528920306394724, -33.339130243853006 ], [ 151.529027732091237, -33.339131516456568 ], [ 151.529029248188465, -33.339041347414856 ], [ 151.528921822602598, -33.339040074815642 ], [ 151.528920306394724, -33.339130243853006 ] ], [ [ 151.529008235291315, -33.333900437417284 ], [ 151.529115654572422, -33.3339017097693 ], [ 151.529117170278141, -33.333811540648014 ], [ 151.529009751107623, -33.333810268300333 ], [ 151.529008235291315, -33.333900437417284 ] ], [ [ 151.528917490841593, -33.332907304658136 ], [ 151.529024908899459, -33.332908577055314 ], [ 151.529026424641501, -33.332818407923256 ], [ 151.528919006694252, -33.332817135530433 ], [ 151.528917490841593, -33.332907304658136 ] ], [ [ 151.528808331709001, -33.339399478247444 ], [ 151.528806815363481, -33.339489647274988 ], [ 151.528914241495727, -33.339490919988776 ], [ 151.528915757730601, -33.339400750956884 ], [ 151.528808331709001, -33.339399478247444 ] ], [ [ 151.528247200827764, -33.334432542844013 ], [ 151.528245684190011, -33.334522711921004 ], [ 151.528353104198061, -33.334523984953364 ], [ 151.528354620725224, -33.334433815872039 ], [ 151.528679912828551, -33.334257296206175 ], [ 151.528897784142856, -33.334079503193536 ], [ 151.528574009417724, -33.334165854371271 ], [ 151.528575525696652, -33.334075685275799 ], [ 151.528469622610885, -33.333984243358316 ], [ 151.528360686766291, -33.334073139533025 ], [ 151.528468106228104, -33.334074412450839 ], [ 151.528466589838558, -33.334164581541991 ], [ 151.528359170266157, -33.334163308619829 ], [ 151.528247200827764, -33.334432542844013 ] ], [ [ 151.528678396646683, -33.334347465303274 ], [ 151.528570976839575, -33.334346192558151 ], [ 151.528569460540353, -33.334436361649516 ], [ 151.52867688045805, -33.334437634398981 ], [ 151.528678396646683, -33.334347465303274 ] ], [ [ 151.528931664069574, -33.312885909790353 ], [ 151.529039057568326, -33.312887181503271 ], [ 151.529040572144027, -33.312797012079663 ], [ 151.528933178755778, -33.312795740371087 ], [ 151.528931664069574, -33.312885909790353 ] ], [ [ 151.528026293576801, -33.334790672774403 ], [ 151.528133713903145, -33.334791946005481 ], [ 151.528135230671751, -33.334701776936946 ], [ 151.528027810456024, -33.334700503710202 ], [ 151.528026293576801, -33.334790672774403 ] ], [ [ 151.528242650894242, -33.33470305007085 ], [ 151.528244167545495, -33.334612880996609 ], [ 151.528136747433592, -33.33461160786706 ], [ 151.528135230671751, -33.334701776936946 ], [ 151.528242650894242, -33.33470305007085 ] ], [ [ 151.528235322467566, -33.328750615380166 ], [ 151.528127909550363, -33.328749342439806 ], [ 151.528126393116906, -33.328839511594566 ], [ 151.528233806144698, -33.32884078453926 ], [ 151.528235322467566, -33.328750615380166 ] ], [ [ 151.527910050420246, -33.328927134571359 ], [ 151.528018980095851, -33.328838238557033 ], [ 151.52791460038398, -33.328656627133142 ], [ 151.527910050420246, -33.328927134571359 ] ], [ [ 151.527169966730611, -33.334600145522494 ], [ 151.527277386781691, -33.334601419487754 ], [ 151.527278904421593, -33.334511250451207 ], [ 151.52717148448113, -33.334509976490274 ], [ 151.527169966730611, -33.334600145522494 ] ], [ [ 151.52738632436882, -33.334512524319273 ], [ 151.527387841891397, -33.334422355276999 ], [ 151.527495261734771, -33.334423629047883 ], [ 151.52749374432284, -33.334513798094484 ], [ 151.527602681584938, -33.334424902725893 ], [ 151.527604198879544, -33.334334733673586 ], [ 151.527605716167358, -33.33424456461988 ], [ 151.527498296538397, -33.334243290950553 ], [ 151.527499813930035, -33.334153121899831 ], [ 151.527392394418456, -33.334151848141993 ], [ 151.527390876916172, -33.334242017188373 ], [ 151.527173002224856, -33.334419807456698 ], [ 151.52728042205473, -33.334421081413282 ], [ 151.527278904421593, -33.334511250451207 ], [ 151.52738632436882, -33.334512524319273 ] ], [ [ 151.527492226904116, -33.334603967139721 ], [ 151.527599646975489, -33.33460524082642 ], [ 151.52749374432284, -33.334513798094484 ], [ 151.527492226904116, -33.334603967139721 ] ], [ [ 151.527384806839535, -33.334602693360161 ], [ 151.527383289303486, -33.33469286239967 ], [ 151.527490709478684, -33.334694136183572 ], [ 151.527492226904116, -33.334603967139721 ], [ 151.527384806839535, -33.334602693360161 ] ], [ [ 151.527598129660646, -33.33469540987462 ], [ 151.527705549849344, -33.334696683472799 ], [ 151.527707067053598, -33.334606514420258 ], [ 151.527599646975489, -33.33460524082642 ], [ 151.527598129660646, -33.33469540987462 ] ], [ [ 151.527814487138471, -33.334607787921243 ], [ 151.527816004225372, -33.334517618862989 ], [ 151.527708584251116, -33.334516345366339 ], [ 151.527707067053598, -33.334606514420258 ], [ 151.527814487138471, -33.334607787921243 ] ], [ [ 151.527812970044806, -33.334697956978118 ], [ 151.527920390247033, -33.334699230390591 ], [ 151.527921907230109, -33.334609061329367 ], [ 151.527814487138471, -33.334607787921243 ], [ 151.527812970044806, -33.334697956978118 ] ], [ [ 151.527592060333632, -33.33505608605369 ], [ 151.527699480964742, -33.335057359669229 ], [ 151.527806901602617, -33.335058633191927 ], [ 151.527808418723311, -33.33496846414053 ], [ 151.527700998196053, -33.33496719062218 ], [ 151.527593577675532, -33.334965917010983 ], [ 151.527592060333632, -33.33505608605369 ] ], [ [ 151.528036140616734, -33.315039797564872 ], [ 151.528143536713173, -33.315041070124153 ], [ 151.528145052334736, -33.314950900768181 ], [ 151.528037656348772, -33.314949628213235 ], [ 151.528036140616734, -33.315039797564872 ] ], [ [ 151.527607233448435, -33.334154395564823 ], [ 151.527714652973572, -33.334155669136962 ], [ 151.527716170137268, -33.334065500076193 ], [ 151.52760875072272, -33.334064226508396 ], [ 151.527607233448435, -33.334154395564823 ] ], [ [ 151.52753774652578, -33.331898895185844 ], [ 151.527645163279374, -33.331900168742322 ], [ 151.527646680384777, -33.331809999651576 ], [ 151.527539263741772, -33.33180872609946 ], [ 151.52753774652578, -33.331898895185844 ] ], [ [ 151.527287670906873, -33.340373509122713 ], [ 151.527395098050818, -33.340374783180145 ], [ 151.527396615902035, -33.340284614222746 ], [ 151.527289188868735, -33.340283340169663 ], [ 151.527287670906873, -33.340373509122713 ] ], [ [ 151.527377536519538, -33.328650260132164 ], [ 151.527268606455692, -33.328739155574851 ], [ 151.527267089137723, -33.328829324694887 ], [ 151.527590845065532, -33.328742976345481 ], [ 151.527377536519538, -33.328650260132164 ] ], [ [ 151.527310773298296, -33.332617700366711 ], [ 151.527418190923072, -33.3326189741436 ], [ 151.527312290789524, -33.332527531299966 ], [ 151.527310773298296, -33.332617700366711 ] ], [ [ 151.527338087106358, -33.330994656955468 ], [ 151.527335052346899, -33.331174995134241 ], [ 151.527445502740619, -33.330995930654218 ], [ 151.527338087106358, -33.330994656955468 ] ], [ [ 151.527109597237256, -33.331803630962504 ], [ 151.527002180628017, -33.331802356946142 ], [ 151.527000662859109, -33.331892526010819 ], [ 151.526893246146045, -33.331891251897282 ], [ 151.526891728259812, -33.331981420956254 ], [ 151.526999145083437, -33.331982695074139 ], [ 151.527106561913826, -33.331983969099184 ], [ 151.527108079578937, -33.331893800031523 ], [ 151.527109597237256, -33.331803630962504 ] ], [ [ 151.52721701385326, -33.331804904885999 ], [ 151.527324430476, -33.331806178716661 ], [ 151.527325947906405, -33.331716009637589 ], [ 151.52743791634424, -33.331446776112543 ], [ 151.527223083976651, -33.331444228578796 ], [ 151.527218531394226, -33.331714735811268 ], [ 151.527111114888839, -33.331713461892093 ], [ 151.527109597237256, -33.331803630962504 ], [ 151.52721701385326, -33.331804904885999 ] ], [ [ 151.527380254211096, -33.33487320047459 ], [ 151.527272833821456, -33.334871926589159 ], [ 151.527163895661033, -33.334960821637587 ], [ 151.527271316154525, -33.334962095620227 ], [ 151.52726979848083, -33.335052264649896 ], [ 151.527377219091676, -33.335053538544024 ], [ 151.527378736654754, -33.33496336951 ], [ 151.527380254211096, -33.33487320047459 ] ], [ [ 151.527633846397464, -33.313411658172896 ], [ 151.527741240478122, -33.313412931025219 ], [ 151.527742756420082, -33.313322761661894 ], [ 151.527635362449928, -33.313321488813926 ], [ 151.527633846397464, -33.313411658172896 ] ], [ [ 151.527149880900225, -33.342175613658576 ], [ 151.527042451557094, -33.34217433932853 ], [ 151.527040933231973, -33.342264508244099 ], [ 151.52714836268575, -33.342265782578465 ], [ 151.527149880900225, -33.342175613658576 ] ], [ [ 151.527166931209337, -33.334780483582783 ], [ 151.527274351481623, -33.334781757556733 ], [ 151.527275869135053, -33.334691588522922 ], [ 151.527168448973384, -33.33469031455332 ], [ 151.527166931209337, -33.334780483582783 ] ], [ [ 151.527156306671998, -33.335411666750581 ], [ 151.527263727718491, -33.335412940754935 ], [ 151.527265245419215, -33.335322771730731 ], [ 151.527157824483339, -33.335321497730725 ], [ 151.527156306671998, -33.335411666750581 ] ], [ [ 151.527286492519693, -33.334060405247882 ], [ 151.527288010119065, -33.333970236203101 ], [ 151.527180590842164, -33.333968962268223 ], [ 151.527179073132203, -33.334059131308663 ], [ 151.527286492519693, -33.334060405247882 ] ], [ [ 151.527068618090112, -33.334238195344675 ], [ 151.52728345730074, -33.334240743333325 ], [ 151.527284974913613, -33.334150574291293 ], [ 151.527177555415506, -33.33414930034774 ], [ 151.527068618090112, -33.334238195344675 ] ], [ [ 151.525992580384468, -33.315195939842972 ], [ 151.52621344322452, -33.314837811303477 ], [ 151.526854784001557, -33.31502579328874 ], [ 151.527190621388854, -33.314218089848573 ], [ 151.527524936153839, -33.313500554581069 ], [ 151.526544734017762, -33.314300617626849 ], [ 151.525349721899801, -33.315098122668466 ], [ 151.525777788026602, -33.315193390902735 ], [ 151.525885184202167, -33.315194665419249 ], [ 151.525774751874536, -33.31537372941402 ], [ 151.525546294093942, -33.316182703239988 ], [ 151.525652173213928, -33.316274147226785 ], [ 151.525544775725905, -33.316272872472545 ], [ 151.525322387723747, -33.316721168784412 ], [ 151.525000193683468, -33.316717343342972 ], [ 151.524885200257955, -33.317166913987712 ], [ 151.525534146960524, -33.316904057062018 ], [ 151.525866968210181, -33.316276696456903 ], [ 151.526078727582188, -33.316459583820283 ], [ 151.526403955819148, -33.316283067908309 ], [ 151.526518940161253, -33.315833495548219 ], [ 151.526195231534786, -33.315919842563382 ], [ 151.52641761293205, -33.315471544453111 ], [ 151.526093905568359, -33.315557891243174 ], [ 151.525992580384468, -33.315195939842972 ] ], [ [ 151.525776269953951, -33.31528356015906 ], [ 151.525668873674675, -33.315282285545422 ], [ 151.525667355484785, -33.315372454796041 ], [ 151.525774751874536, -33.31537372941402 ], [ 151.525776269953951, -33.31528356015906 ] ], [ [ 151.52566583728813, -33.315462624045296 ], [ 151.525558440794583, -33.315461349330171 ], [ 151.525556922480689, -33.315551518573699 ], [ 151.525555404160002, -33.315641687815841 ], [ 151.5256628008745, -33.315642962539663 ], [ 151.525664319084683, -33.315552793293172 ], [ 151.52566583728813, -33.315462624045296 ] ], [ [ 151.527082278353305, -33.333426673995092 ], [ 151.52718969695988, -33.333427947996768 ], [ 151.527191214622519, -33.333337778946714 ], [ 151.527083796126533, -33.333336504949393 ], [ 151.527082278353305, -33.333426673995092 ] ], [ [ 151.526944500657606, -33.335228780439607 ], [ 151.527159342287888, -33.335231328709504 ], [ 151.527162377876749, -33.335050990662921 ], [ 151.526946018676597, -33.335138611425684 ], [ 151.526944500657606, -33.335228780439607 ] ], [ [ 151.526937261907165, -33.32927634859012 ], [ 151.527152088926584, -33.329278896472502 ], [ 151.527155123844494, -33.329098558253492 ], [ 151.527046192986404, -33.329187453473253 ], [ 151.526938779590665, -33.329186179489994 ], [ 151.526937261907165, -33.32927634859012 ] ], [ [ 151.527043157833845, -33.329367791680852 ], [ 151.527041640247404, -33.329457960782584 ], [ 151.527149053981617, -33.329459234686048 ], [ 151.527150571457469, -33.329369065579968 ], [ 151.527043157833845, -33.329367791680852 ] ], [ [ 151.527059510943843, -33.334779209515972 ], [ 151.527061028818451, -33.334689040490851 ], [ 151.526953608670283, -33.334687766335534 ], [ 151.526952090685057, -33.334777935356314 ], [ 151.527059510943843, -33.334779209515972 ] ], [ [ 151.526938428513944, -33.335589456481529 ], [ 151.527045849768143, -33.335590730680288 ], [ 151.527047367703574, -33.33550056166753 ], [ 151.526939946559992, -33.33549928747312 ], [ 151.526938428513944, -33.335589456481529 ] ], [ [ 151.526941464599304, -33.335409118463318 ], [ 151.526834043573075, -33.335407844180395 ], [ 151.526832525423174, -33.335498013185855 ], [ 151.526939946559992, -33.33549928747312 ], [ 151.526941464599304, -33.335409118463318 ] ], [ [ 151.526988520464499, -33.332613878478931 ], [ 151.527102008878018, -33.332254476293926 ], [ 151.5268871745605, -33.33225192812494 ], [ 151.526778239387966, -33.332340822950314 ], [ 151.526988520464499, -33.332613878478931 ] ], [ [ 151.526578587036056, -33.331436583749266 ], [ 151.52657555066088, -33.331616921853495 ], [ 151.526897799764242, -33.331620744712126 ], [ 151.526686003175939, -33.331437858119642 ], [ 151.526578587036056, -33.331436583749266 ] ], [ [ 151.526899317623503, -33.331530575647655 ], [ 151.527009769371176, -33.331351511602108 ], [ 151.526903871160584, -33.331260068446042 ], [ 151.52679645522835, -33.331258794270049 ], [ 151.526686003175939, -33.331437858119642 ], [ 151.526899317623503, -33.331530575647655 ] ], [ [ 151.527011287099555, -33.331261342529189 ], [ 151.52701280482114, -33.331171173454898 ], [ 151.526905388992731, -33.331169899376093 ], [ 151.526903871160584, -33.331260068446042 ], [ 151.527011287099555, -33.331261342529189 ] ], [ [ 151.527120220656286, -33.331172447440849 ], [ 151.527121738260547, -33.331082278360839 ], [ 151.52701432253599, -33.331081004379229 ], [ 151.52701280482114, -33.331171173454898 ], [ 151.527120220656286, -33.331172447440849 ] ], [ [ 151.526926637933542, -33.329907532252683 ], [ 151.526925120196012, -33.329997701341853 ], [ 151.527031016953146, -33.330089144456331 ], [ 151.527034052213878, -33.329908806270687 ], [ 151.526926637933542, -33.329907532252683 ] ], [ [ 151.527029499312647, -33.330179313547085 ], [ 151.527136913931486, -33.33018058748528 ], [ 151.527138431461395, -33.330090418390185 ], [ 151.527031016953146, -33.330089144456331 ], [ 151.527029499312647, -33.330179313547085 ] ], [ [ 151.526868959154825, -33.333333956676178 ], [ 151.526976377637311, -33.333335230859205 ], [ 151.526977895514364, -33.333245061816477 ], [ 151.526870477142467, -33.333243787637798 ], [ 151.526868959154825, -33.333333956676178 ] ], [ [ 151.52704771055258, -33.329097284367407 ], [ 151.527049228111963, -33.329007115260161 ], [ 151.526940297267402, -33.32909601038849 ], [ 151.52704771055258, -33.329097284367407 ] ], [ [ 151.52705440841649, -33.315930033406161 ], [ 151.527163322240625, -33.315841137540765 ], [ 151.527055925210504, -33.315839864107311 ], [ 151.52705440841649, -33.315930033406161 ] ], [ [ 151.527270719277482, -33.315842410881423 ], [ 151.527272235843782, -33.315752241572518 ], [ 151.527164838917372, -33.315750968236195 ], [ 151.527163322240625, -33.315841137540765 ], [ 151.527270719277482, -33.315842410881423 ] ], [ [ 151.52675850446235, -33.333513020464274 ], [ 151.526865923159249, -33.333514294748852 ], [ 151.52686744116042, -33.333424125713208 ], [ 151.526760022574138, -33.333422851432978 ], [ 151.52675850446235, -33.333513020464274 ] ], [ [ 151.526632866576591, -33.334593774303315 ], [ 151.526740286593878, -33.334595048732858 ], [ 151.526741804786781, -33.334504879718025 ], [ 151.526634384880083, -33.334503605292824 ], [ 151.526632866576591, -33.334593774303315 ] ], [ [ 151.526847706617929, -33.334596323069547 ], [ 151.526850742775764, -33.334415985029814 ], [ 151.526743322972891, -33.334414710701814 ], [ 151.526741804786781, -33.334504879718025 ], [ 151.526847706617929, -33.334596323069547 ] ], [ [ 151.526608949300396, -33.329633202404999 ], [ 151.526501535378827, -33.329631928028661 ], [ 151.526498499052934, -33.329812266179111 ], [ 151.526605913195652, -33.329813540564132 ], [ 151.52660439513312, -33.329903709641627 ], [ 151.526817705811851, -33.329996427226668 ], [ 151.52693119110566, -33.329637024976954 ], [ 151.526607431251392, -33.329723371485265 ], [ 151.526608949300396, -33.329633202404999 ] ], [ [ 151.526816187956996, -33.330086596310117 ], [ 151.52681467009532, -33.330176765392174 ], [ 151.52692208470063, -33.330178039516056 ], [ 151.526923602451689, -33.330087870429637 ], [ 151.526816187956996, -33.330086596310117 ] ], [ [ 151.526519372842102, -33.334953175791767 ], [ 151.526517854394228, -33.335043344791053 ], [ 151.526732695528011, -33.335045893786443 ], [ 151.526734213754708, -33.334955724778474 ], [ 151.526519372842102, -33.334953175791767 ] ], [ [ 151.52667841274021, -33.331888703391641 ], [ 151.526572514258703, -33.331797259952246 ], [ 151.52657099604744, -33.331887428999558 ], [ 151.52667841274021, -33.331888703391641 ] ], [ [ 151.526625647393132, -33.328641342431695 ], [ 151.526624129418508, -33.328731511527039 ], [ 151.526731542241123, -33.328732785767095 ], [ 151.526733060105215, -33.328642616667409 ], [ 151.526625647393132, -33.328641342431695 ] ], [ [ 151.526369828330473, -33.331073358539811 ], [ 151.526583141548116, -33.331166076582612 ], [ 151.526581623384203, -33.331256245639544 ], [ 151.52668903930288, -33.331257520001216 ], [ 151.526690557356233, -33.33116735093995 ], [ 151.526692075402792, -33.331077181877319 ], [ 151.526371346702035, -33.330983189488826 ], [ 151.526369828330473, -33.331073358539811 ] ], [ [ 151.526520891283241, -33.334863006791103 ], [ 151.526628311625558, -33.334864281326539 ], [ 151.526629829949314, -33.334774112320176 ], [ 151.526522409717614, -33.334772837789075 ], [ 151.526520891283241, -33.334863006791103 ] ], [ [ 151.52651481747813, -33.335223682785511 ], [ 151.526513299009935, -33.335313851780676 ], [ 151.526620719905281, -33.335315126337825 ], [ 151.52662223826286, -33.335224957338319 ], [ 151.52651481747813, -33.335223682785511 ] ], [ [ 151.526505706567576, -33.335764696735936 ], [ 151.526508743564818, -33.335584358757941 ], [ 151.526401322344441, -33.335583084094893 ], [ 151.52639676650665, -33.335853591046778 ], [ 151.526504188058851, -33.335854865722858 ], [ 151.526613128015953, -33.335765971314807 ], [ 151.526505706567576, -33.335764696735936 ] ], [ [ 151.52653911204942, -33.333780978676188 ], [ 151.526537593689454, -33.333871147693309 ], [ 151.526645012815209, -33.33387242218096 ], [ 151.526646531064614, -33.333782253159491 ], [ 151.52653911204942, -33.333780978676188 ] ], [ [ 151.526492426320033, -33.330172942463513 ], [ 151.526490908119882, -33.330263111531195 ], [ 151.526599840905021, -33.330174216865913 ], [ 151.526492426320033, -33.330172942463513 ] ], [ [ 151.526436248412239, -33.333509197053452 ], [ 151.526543667088873, -33.333510471616577 ], [ 151.52654518542181, -33.333420302593964 ], [ 151.526437766855764, -33.333419028035188 ], [ 151.526436248412239, -33.333509197053452 ] ], [ [ 151.526393729247644, -33.336033929007833 ], [ 151.526501151021051, -33.336035203692603 ], [ 151.526502669543333, -33.335945034708409 ], [ 151.526395247880544, -33.335943760027988 ], [ 151.526393729247644, -33.336033929007833 ] ], [ [ 151.52652349216018, -33.315562987708553 ], [ 151.526630888825025, -33.315564261592918 ], [ 151.526632406034025, -33.315474092305941 ], [ 151.526525009479656, -33.315472818425917 ], [ 151.52652349216018, -33.315562987708553 ] ], [ [ 151.526739802595131, -33.315475366093175 ], [ 151.526851750086394, -33.315206131892417 ], [ 151.526422165181373, -33.315201036609992 ], [ 151.526526526792367, -33.315382649141895 ], [ 151.526632406034025, -33.315474092305941 ], [ 151.526739802595131, -33.315475366093175 ] ], [ [ 151.526374383424837, -33.330802851382757 ], [ 151.526372865066833, -33.330893020436484 ], [ 151.526480280529682, -33.33089429496647 ], [ 151.526481798777155, -33.330804125908408 ], [ 151.526374383424837, -33.330802851382757 ] ], [ [ 151.526303013287446, -33.335040795424234 ], [ 151.526410433837441, -33.335042070154074 ], [ 151.526411952395961, -33.33495190115913 ], [ 151.526304531956555, -33.334950626433631 ], [ 151.526303013287446, -33.335040795424234 ] ], [ [ 151.526265044361935, -33.337295019743095 ], [ 151.526372467677135, -33.337296294581549 ], [ 151.526373986404707, -33.337206125620924 ], [ 151.526266563200124, -33.337204850786804 ], [ 151.526265044361935, -33.337295019743095 ] ], [ [ 151.526291262657509, -33.329358871787612 ], [ 151.526289744297088, -33.32944904085894 ], [ 151.526397157984007, -33.329450315412267 ], [ 151.526504571677663, -33.329451589872747 ], [ 151.526506089816934, -33.329361420792722 ], [ 151.526398676233867, -33.329360146336583 ], [ 151.526291262657509, -33.329358871787612 ] ], [ [ 151.526247227459919, -33.331973774299136 ], [ 151.526248746009685, -33.331883605266228 ], [ 151.526141329343943, -33.331882330502744 ], [ 151.526139810683617, -33.331972499531318 ], [ 151.526247227459919, -33.331973774299136 ] ], [ [ 151.526354644242986, -33.331975048974101 ], [ 151.526463579361405, -33.331886154514628 ], [ 151.526465097683257, -33.331795985471658 ], [ 151.526357681114575, -33.33179471089823 ], [ 151.526354644242986, -33.331975048974101 ] ], [ [ 151.526348570418662, -33.332335725109402 ], [ 151.526351607344367, -33.332155387044502 ], [ 151.526244190340122, -33.332154112360833 ], [ 151.526348570418662, -33.332335725109402 ] ], [ [ 151.526333385384504, -33.333237415351576 ], [ 151.526334903918354, -33.333147246333539 ], [ 151.526227485697632, -33.333145971602093 ], [ 151.526225967053193, -33.333236140615774 ], [ 151.526333385384504, -33.333237415351576 ] ], [ [ 151.526173219648967, -33.3299887805859 ], [ 151.526279115584799, -33.330080224319858 ], [ 151.526388048342881, -33.329991329837519 ], [ 151.526282152393549, -33.329899886195015 ], [ 151.526173219648967, -33.3299887805859 ] ], [ [ 151.526165626989695, -33.330439625859086 ], [ 151.52616410843757, -33.330529794909616 ], [ 151.526271523444592, -33.330531069607908 ], [ 151.526273041886157, -33.330440900553029 ], [ 151.526165626989695, -33.330439625859086 ] ], [ [ 151.526380456789383, -33.330442175154147 ], [ 151.526381975113594, -33.33035200609357 ], [ 151.526274560320985, -33.330350731496793 ], [ 151.526273041886157, -33.330440900553029 ], [ 151.526380456789383, -33.330442175154147 ] ], [ [ 151.526276078748992, -33.330260562439186 ], [ 151.526168664073708, -33.330259287753933 ], [ 151.526167145535084, -33.330349456807191 ], [ 151.526274560320985, -33.330350731496793 ], [ 151.526276078748992, -33.330260562439186 ] ], [ [ 151.526006573773429, -33.333504097872421 ], [ 151.526005054880756, -33.333594266871934 ], [ 151.526112473640922, -33.333595541810816 ], [ 151.526113992423006, -33.333505372806954 ], [ 151.526006573773429, -33.333504097872421 ] ], [ [ 151.526219892407823, -33.333596816656836 ], [ 151.526218373729563, -33.333686985663682 ], [ 151.526325792613818, -33.333688260421198 ], [ 151.52632731118149, -33.333598091410018 ], [ 151.526219892407823, -33.333596816656836 ] ], [ [ 151.526130698579493, -33.332513513673888 ], [ 151.526238116019329, -33.332514788467776 ], [ 151.526239634609681, -33.332424619443096 ], [ 151.526132217280406, -33.332423344653542 ], [ 151.526130698579493, -33.332513513673888 ] ], [ [ 151.526127661157375, -33.332693851710424 ], [ 151.52623659742224, -33.332604957491071 ], [ 151.526021762328185, -33.332602407801765 ], [ 151.526127661157375, -33.332693851710424 ] ], [ [ 151.526101841976953, -33.334226724799429 ], [ 151.526209261518034, -33.334227999675875 ], [ 151.52621078023688, -33.334137830677278 ], [ 151.52610336080636, -33.334136555805173 ], [ 151.526101841976953, -33.334226724799429 ] ], [ [ 151.526257857166229, -33.331342591039942 ], [ 151.526150441163992, -33.331341316302542 ], [ 151.526148922544223, -33.331431485339344 ], [ 151.526256338657021, -33.3314327600811 ], [ 151.526257857166229, -33.331342591039942 ] ], [ [ 151.526068842549677, -33.329807167710634 ], [ 151.526067323934313, -33.329897336766415 ], [ 151.526174738160563, -33.329898611527135 ], [ 151.526176256665337, -33.329808442467012 ], [ 151.526068842549677, -33.329807167710634 ] ], [ [ 151.526046062608913, -33.33115970340328 ], [ 151.526044543892084, -33.331249872438477 ], [ 151.526151959776996, -33.331251147264375 ], [ 151.526153478383236, -33.331160978224837 ], [ 151.526046062608913, -33.33115970340328 ] ], [ [ 151.526073398355237, -33.329536660535048 ], [ 151.526071879760138, -33.32962682959495 ], [ 151.526179293654678, -33.329628104342632 ], [ 151.526180812139188, -33.329537935278395 ], [ 151.526073398355237, -33.329536660535048 ] ], [ [ 151.523126056599779, -33.332297443950033 ], [ 151.523238038628193, -33.332028214613935 ], [ 151.523132143694312, -33.331936768336654 ], [ 151.523024727114318, -33.33193549087629 ], [ 151.523020161471834, -33.332205997575315 ], [ 151.523126056599779, -33.332297443950033 ] ], [ [ 151.523124534809199, -33.332387612849942 ], [ 151.523231951948901, -33.332388890239237 ], [ 151.523233473628892, -33.332298721334979 ], [ 151.523126056599779, -33.332297443950033 ], [ 151.523124534809199, -33.332387612849942 ] ], [ [ 151.523228908568598, -33.33256922804366 ], [ 151.523442221831516, -33.332661951469966 ], [ 151.523440700345589, -33.33275212037745 ], [ 151.523331761146721, -33.332841012058196 ], [ 151.523324153028653, -33.333291856546381 ], [ 151.52366162057541, -33.332393998867929 ], [ 151.523552682053634, -33.332482890765981 ], [ 151.523446786248627, -33.332391444739287 ], [ 151.523231951948901, -33.332388890239237 ], [ 151.523228908568598, -33.33256922804366 ] ], [ [ 151.52332263138473, -33.333382025439903 ], [ 151.523430049754438, -33.333383302691388 ], [ 151.523431571287801, -33.333293133793504 ], [ 151.523324153028653, -33.333291856546381 ], [ 151.52332263138473, -33.333382025439903 ] ], [ [ 151.523876454929336, -33.332396552625177 ], [ 151.523877975945794, -33.332306383694814 ], [ 151.523985393022343, -33.332307660429812 ], [ 151.523986913921448, -33.332217491493708 ], [ 151.523879496955487, -33.332216214763044 ], [ 151.523775122216591, -33.332034600080632 ], [ 151.52366162057541, -33.332393998867929 ], [ 151.523876454929336, -33.332396552625177 ] ], [ [ 151.524095851675924, -33.332128599189673 ], [ 151.523989955699363, -33.332037153617371 ], [ 151.523991476578146, -33.331946984677145 ], [ 151.523884059943981, -33.331945707959548 ], [ 151.523882538954581, -33.332035876895418 ], [ 151.523986913921448, -33.332217491493708 ], [ 151.524095851675924, -33.332128599189673 ] ], [ [ 151.524098893219133, -33.331948261301896 ], [ 151.524100413980563, -33.331858092355951 ], [ 151.523992997450193, -33.331856815735556 ], [ 151.523991476578146, -33.331946984677145 ], [ 151.524098893219133, -33.331948261301896 ] ], [ [ 151.523454393474964, -33.331940600160685 ], [ 151.523462000531907, -33.331489755547793 ], [ 151.523676832647027, -33.331492309589379 ], [ 151.523675311470356, -33.331582478523401 ], [ 151.523782727648666, -33.331583755409291 ], [ 151.523784248714747, -33.331493586470913 ], [ 151.52389318573799, -33.331404694315502 ], [ 151.523999080870539, -33.331496139955441 ], [ 151.524106496958581, -33.331497416558435 ], [ 151.524215433670406, -33.331408524111424 ], [ 151.52443026565922, -33.331411076844489 ], [ 151.524640537130779, -33.331684136125745 ], [ 151.524752513693159, -33.331414905247748 ], [ 151.524754033750497, -33.331324736267447 ], [ 151.524111059120997, -33.331226909695886 ], [ 151.524543762737068, -33.331051677177172 ], [ 151.524651178306073, -33.331052953294204 ], [ 151.524755553801043, -33.331234567285804 ], [ 151.524973425053702, -33.331056781088201 ], [ 151.524974944862777, -33.330966612093718 ], [ 151.524867529384068, -33.330965336259574 ], [ 151.524761633935583, -33.330873891345462 ], [ 151.524870569203102, -33.33078499827522 ], [ 151.524655738708248, -33.3307824463458 ], [ 151.524548323470981, -33.330781170241835 ], [ 151.524767713961779, -33.330513215383142 ], [ 151.524443948917053, -33.330599556089965 ], [ 151.524445469245165, -33.330509387110375 ], [ 151.524338054353166, -33.330508110833769 ], [ 151.524336533914465, -33.330598279809003 ], [ 151.524227598362586, -33.330687172404708 ], [ 151.524335013468999, -33.330688448782865 ], [ 151.524009726595438, -33.330864957287403 ], [ 151.524224557230184, -33.330867510339637 ], [ 151.524112579828255, -33.331136740738962 ], [ 151.523466564684753, -33.331219248763581 ], [ 151.523356105986124, -33.331398309465392 ], [ 151.523354584484508, -33.331488478387726 ], [ 151.523353062976071, -33.331578647308696 ], [ 151.523027770842106, -33.331755153070084 ], [ 151.523132143694312, -33.331936768336654 ], [ 151.523454393474964, -33.331940600160685 ] ], [ [ 151.524749473558217, -33.331595243204198 ], [ 151.524856889804255, -33.331596519161621 ], [ 151.524859929718019, -33.331416181196481 ], [ 151.524752513693159, -33.331414905247748 ], [ 151.524749473558217, -33.331595243204198 ] ], [ [ 151.524968865585834, -33.331327288063378 ], [ 151.52497038541523, -33.331237119073023 ], [ 151.524754033750497, -33.331324736267447 ], [ 151.524968865585834, -33.331327288063378 ] ], [ [ 151.525298710810176, -33.3308802700302 ], [ 151.525404606845399, -33.330971714501857 ], [ 151.525403087478622, -33.331061883513726 ], [ 151.525944722083352, -33.330797752351742 ], [ 151.525515060850068, -33.330792651835246 ], [ 151.525406126205382, -33.330881545488623 ], [ 151.525409164905113, -33.330701207458034 ], [ 151.525301749731057, -33.330699932008301 ], [ 151.525300230273984, -33.330790101019943 ], [ 151.525194334563736, -33.330698656465735 ], [ 151.525083880040029, -33.330877718834834 ], [ 151.524974944862777, -33.330966612093718 ], [ 151.525298710810176, -33.3308802700302 ] ], [ [ 151.526052137408584, -33.330799027248759 ], [ 151.526053656091591, -33.330708858206705 ], [ 151.52594624087692, -33.330707583314023 ], [ 151.525944722083352, -33.330797752351742 ], [ 151.526052137408584, -33.330799027248759 ] ], [ [ 151.525089958739301, -33.330517042820347 ], [ 151.524977984460662, -33.330786274100674 ], [ 151.525195854124604, -33.330608487457091 ], [ 151.525518099315065, -33.330612313793225 ], [ 151.525522656961869, -33.330341806719893 ], [ 151.525416761535979, -33.330250362357553 ], [ 151.525737486459235, -33.330344357120353 ], [ 151.525952315983631, -33.330346907149448 ], [ 151.526064286683265, -33.330077674873863 ], [ 151.525958390982112, -33.329986230962923 ], [ 151.525746600243252, -33.329803342884475 ], [ 151.525964465872391, -33.329625554754429 ], [ 151.525857051991409, -33.329624279821061 ], [ 151.525640705205547, -33.329711898716972 ], [ 151.525637667096987, -33.329892236795118 ], [ 151.525742043381655, -33.330073850008581 ], [ 151.525312385740932, -33.330068748888444 ], [ 151.524987103091831, -33.330245260088553 ], [ 151.524773793879689, -33.330152539398867 ], [ 151.524770753934263, -33.330332877393758 ], [ 151.524878168632199, -33.330334153290295 ], [ 151.524876648759914, -33.330424322290021 ], [ 151.524769233951417, -33.330423046389129 ], [ 151.524767713961779, -33.330513215383142 ], [ 151.525089958739301, -33.330517042820347 ] ], [ [ 151.525950797217092, -33.330437076192645 ], [ 151.526058212100025, -33.330438351072281 ], [ 151.526059730755975, -33.330348182024736 ], [ 151.525952315983631, -33.330346907149448 ], [ 151.525950797217092, -33.330437076192645 ] ], [ [ 151.525735967471547, -33.33043452615486 ], [ 151.525628552608907, -33.330433250996691 ], [ 151.525627033503895, -33.330523420025507 ], [ 151.525732929475907, -33.330614864219768 ], [ 151.525840344566433, -33.330616139293781 ], [ 151.525950797217092, -33.330437076192645 ], [ 151.525735967471547, -33.33043452615486 ] ], [ [ 151.525530252904559, -33.329890961570207 ], [ 151.525528733729544, -33.329981130602896 ], [ 151.525636148032532, -33.329982405832162 ], [ 151.525637667096987, -33.329892236795118 ], [ 151.525530252904559, -33.329890961570207 ] ], [ [ 151.52553177207281, -33.329800792536155 ], [ 151.525424357997707, -33.329799517222739 ], [ 151.525422838718896, -33.329889686252443 ], [ 151.525530252904559, -33.329890961570207 ], [ 151.52553177207281, -33.329800792536155 ] ], [ [ 151.524339574785103, -33.330417941857149 ], [ 151.524230639467959, -33.330506834464323 ], [ 151.524338054353166, -33.330508110833769 ], [ 151.524339574785103, -33.330417941857149 ] ], [ [ 151.525941684475896, -33.330978090423052 ], [ 151.526049100022277, -33.330979365328766 ], [ 151.526050618718813, -33.330889196289448 ], [ 151.525941684475896, -33.330978090423052 ] ], [ [ 151.525926496032753, -33.331879780697257 ], [ 151.526033912684966, -33.331881055646441 ], [ 151.526035431449145, -33.331790886620851 ], [ 151.525928014907521, -33.331789611676022 ], [ 151.525926496032753, -33.331879780697257 ] ], [ [ 151.525784140857638, -33.333952392665189 ], [ 151.525891560046659, -33.333953667807165 ], [ 151.52589307907698, -33.333863498817465 ], [ 151.525785659998576, -33.333862223679844 ], [ 151.525784140857638, -33.333952392665189 ] ], [ [ 151.525890041009546, -33.334043836795473 ], [ 151.525997460315921, -33.33404511184893 ], [ 151.525998979242416, -33.33395494285628 ], [ 151.525891560046659, -33.333953667807165 ], [ 151.525890041009546, -33.334043836795473 ] ], [ [ 151.525586015111031, -33.332957983284132 ], [ 151.525797812882388, -33.333140871747759 ], [ 151.525911306913258, -33.332781470834249 ], [ 151.525694952247079, -33.332869089567915 ], [ 151.525586015111031, -33.332957983284132 ] ], [ [ 151.525726853403398, -33.3309755403331 ], [ 151.52572533436836, -33.331065709358015 ], [ 151.525832750011801, -33.331066984453756 ], [ 151.525834268936251, -33.330976815424492 ], [ 151.525726853403398, -33.3309755403331 ] ], [ [ 151.525723815326558, -33.331155878381551 ], [ 151.525722296277991, -33.331246047403695 ], [ 151.525829712142581, -33.33124732250814 ], [ 151.525831231080559, -33.331157153481634 ], [ 151.525723815326558, -33.331155878381551 ] ], [ [ 151.525682798640872, -33.333590441498167 ], [ 151.525790217380745, -33.33359171671561 ], [ 151.525791736494597, -33.333501547724786 ], [ 151.525684317865341, -33.333500272511692 ], [ 151.525682798640872, -33.333590441498167 ] ], [ [ 151.525673683152093, -33.33413145538821 ], [ 151.525781102555499, -33.334132730631744 ], [ 151.525782621709936, -33.334042561649156 ], [ 151.525675202417119, -33.334041286409978 ], [ 151.525673683152093, -33.33413145538821 ] ], [ [ 151.525170020669634, -33.332141360417623 ], [ 151.525386373997577, -33.332053742553654 ], [ 151.525171540338789, -33.332051191430928 ], [ 151.525170020669634, -33.332141360417623 ] ], [ [ 151.525493790837118, -33.33205501797574 ], [ 151.525495310167742, -33.331964848974629 ], [ 151.525496829491573, -33.331874679972138 ], [ 151.52538941287321, -33.331873404558742 ], [ 151.525387893438761, -33.331963573556877 ], [ 151.525386373997577, -33.332053742553654 ], [ 151.525493790837118, -33.33205501797574 ] ], [ [ 151.525492271499758, -33.332145186975488 ], [ 151.52570710542031, -33.332147737549825 ], [ 151.525814522390732, -33.33214901269772 ], [ 151.525816041396382, -33.332058843684941 ], [ 151.52570862453652, -33.332057568541394 ], [ 151.525493790837118, -33.33205501797574 ], [ 151.525492271499758, -33.332145186975488 ] ], [ [ 151.5253848545496, -33.332143911549053 ], [ 151.525383335094887, -33.332234080543067 ], [ 151.525490752155605, -33.332235355973857 ], [ 151.525492271499758, -33.332145186975488 ], [ 151.5253848545496, -33.332143911549053 ] ], [ [ 151.525613361254273, -33.331334941222856 ], [ 151.525611842081588, -33.331425110237937 ], [ 151.525719258160564, -33.331426385443912 ], [ 151.525720777222659, -33.331336216424482 ], [ 151.525613361254273, -33.331334941222856 ] ], [ [ 151.52546492226989, -33.333768228736183 ], [ 151.525572341217412, -33.333769504148023 ], [ 151.52557386056597, -33.33367933516864 ], [ 151.525466441729037, -33.333678059761134 ], [ 151.52546492226989, -33.333768228736183 ] ], [ [ 151.52547403892342, -33.33322721486536 ], [ 151.52558145720738, -33.333228490251116 ], [ 151.525582976515381, -33.333138321263498 ], [ 151.52547403892342, -33.33322721486536 ] ], [ [ 151.525268320112843, -33.332683649947228 ], [ 151.525375737719742, -33.332684925492593 ], [ 151.525377257208277, -33.332594756505436 ], [ 151.525269839711996, -33.332593480964412 ], [ 151.525268320112843, -33.332683649947228 ] ], [ [ 151.52548467471135, -33.332596031953621 ], [ 151.525486194082561, -33.33250586296073 ], [ 151.525378776690076, -33.332504587516908 ], [ 151.525377257208277, -33.332594756505436 ], [ 151.52548467471135, -33.332596031953621 ] ], [ [ 151.525380296165139, -33.332414418526994 ], [ 151.525487713447006, -33.332415693966489 ], [ 151.525489232804688, -33.332325524970848 ], [ 151.525381815633381, -33.332324249535723 ], [ 151.525380296165139, -33.332414418526994 ] ], [ [ 151.525292632887243, -33.33124094605752 ], [ 151.525291113389585, -33.33133111506092 ], [ 151.525398529337707, -33.331332390541085 ], [ 151.525400048724805, -33.331242221533344 ], [ 151.525292632887243, -33.33124094605752 ] ], [ [ 151.524933907641753, -33.333401174462757 ], [ 151.524932387649926, -33.333491343420185 ], [ 151.525039806231831, -33.333492619283234 ], [ 151.525041326113097, -33.333402450321465 ], [ 151.524933907641753, -33.333401174462757 ] ], [ [ 151.525256163075966, -33.333405001760333 ], [ 151.525259202375793, -33.333224663815294 ], [ 151.525151784112154, -33.333223388150969 ], [ 151.525153303862481, -33.333133219180745 ], [ 151.525045885716196, -33.333131943427937 ], [ 151.525044365855251, -33.333222112393827 ], [ 151.525041326113097, -33.333402450321465 ], [ 151.525256163075966, -33.333405001760333 ] ], [ [ 151.52516546162164, -33.332411867369494 ], [ 151.525272878890007, -33.332413142994668 ], [ 151.525274398468838, -33.332322974007738 ], [ 151.525166981311088, -33.332321698386906 ], [ 151.52516546162164, -33.332411867369494 ] ], [ [ 151.52507476178809, -33.331418732815408 ], [ 151.525182177833244, -33.331420008485601 ], [ 151.525183697448227, -33.331329839487921 ], [ 151.52507476178809, -33.331418732815408 ] ], [ [ 151.525337573647647, -33.315819476552655 ], [ 151.525444970569595, -33.315820751470746 ], [ 151.525446489014286, -33.315730582235688 ], [ 151.525339092202813, -33.315729307321945 ], [ 151.525337573647647, -33.315819476552655 ] ], [ [ 151.525058044360037, -33.33241059165146 ], [ 151.525059564160074, -33.332320422673234 ], [ 151.524952147015824, -33.332319146866709 ], [ 151.524950627105198, -33.3324093158406 ], [ 151.525058044360037, -33.33241059165146 ] ], [ [ 151.525219545883232, -33.316449386087974 ], [ 151.52532694357194, -33.316450661129288 ], [ 151.525328462174457, -33.316360491908178 ], [ 151.525221064596252, -33.316359216871213 ], [ 151.525219545883232, -33.316449386087974 ] ], [ [ 151.524993182043914, -33.329884584053012 ], [ 151.524991662316069, -33.329974753063958 ], [ 151.525099076585207, -33.329976028757422 ], [ 151.52510059620252, -33.329885859742127 ], [ 151.524993182043914, -33.329884584053012 ] ], [ [ 151.524923267556773, -33.334032357135854 ], [ 151.525030686802239, -33.334033633025008 ], [ 151.525032206724092, -33.333943464071467 ], [ 151.524924787589214, -33.333942188186661 ], [ 151.524923267556773, -33.334032357135854 ] ], [ [ 151.524837129704679, -33.332768715801294 ], [ 151.524838649752951, -33.332678546837236 ], [ 151.524731232179903, -33.332677270827617 ], [ 151.524729712021042, -33.332767439787318 ], [ 151.524837129704679, -33.332768715801294 ] ], [ [ 151.52494454739508, -33.332769991722408 ], [ 151.525051965092246, -33.332771267550683 ], [ 151.525055004739698, -33.332590929603818 ], [ 151.524947587263682, -33.332589653784247 ], [ 151.52494454739508, -33.332769991722408 ] ], [ [ 151.51092812274905, -33.329355992328423 ], [ 151.511037069642555, -33.329267111711957 ], [ 151.511147550258698, -33.329088062535526 ], [ 151.511040137758016, -33.329086774808175 ], [ 151.51092812274905, -33.329355992328423 ] ], [ [ 151.51125649659258, -33.32899918170731 ], [ 151.51125803041208, -33.328909013243212 ], [ 151.511150618125697, -33.328907725617483 ], [ 151.511147550258698, -33.329088062535526 ], [ 151.51125649659258, -33.32899918170731 ] ], [ [ 151.512132657923559, -33.328017625839507 ], [ 151.512456424198945, -33.327931317272665 ], [ 151.512462554243569, -33.327570643149059 ], [ 151.512028312622249, -33.327836001979108 ], [ 151.51125803041208, -33.328909013243212 ], [ 151.512132657923559, -33.328017625839507 ] ], [ [ 151.512784786393752, -33.327574502208421 ], [ 151.512674311103751, -33.32775355303022 ], [ 151.511782825621793, -33.329636797829259 ], [ 151.512206346953235, -33.330002619649726 ], [ 151.512528588018199, -33.330006479621282 ], [ 151.512527055443542, -33.330096648121554 ], [ 151.512634469256085, -33.330097934597468 ], [ 151.512636001720153, -33.330007766092798 ], [ 151.514426556851816, -33.325790412447937 ], [ 151.516620572321358, -33.323111026116564 ], [ 151.518581337604587, -33.321511061036752 ], [ 151.518369582592896, -33.321328161127902 ], [ 151.517714475527526, -33.321951654260126 ], [ 151.517499667402575, -33.321949090552053 ], [ 151.517059359089359, -33.322575143616866 ], [ 151.516844549498643, -33.322572578733862 ], [ 151.51443114793463, -33.325519906521791 ], [ 151.512462554243569, -33.327570643149059 ], [ 151.512784786393752, -33.327574502208421 ] ], [ [ 151.520337895381374, -33.31927732113104 ], [ 151.520555744584669, -33.319099541778627 ], [ 151.520451391429162, -33.318917924554235 ], [ 151.520337895381374, -33.31927732113104 ] ], [ [ 151.520558791913913, -33.318919203800498 ], [ 151.520561839216072, -33.318738865816876 ], [ 151.520454438952299, -33.318737586579338 ], [ 151.520451391429162, -33.318917924554235 ], [ 151.520558791913913, -33.318919203800498 ] ], [ [ 151.521209286889956, -33.318566201251919 ], [ 151.522191107337733, -33.317676014442519 ], [ 151.522408948791849, -33.317498231580451 ], [ 151.522410470459164, -33.317408062493278 ], [ 151.521209286889956, -33.318566201251919 ] ], [ [ 151.522189585429089, -33.317766183516866 ], [ 151.522296984585779, -33.317767461221685 ], [ 151.522404383749205, -33.317768738833713 ], [ 151.522405905436869, -33.317678569750662 ], [ 151.522298506383919, -33.317677292142996 ], [ 151.522191107337733, -33.317676014442519 ], [ 151.522189585429089, -33.317766183516866 ] ], [ [ 151.522407427117741, -33.317588400666239 ], [ 151.522514826066953, -33.317589678176759 ], [ 151.522622225022957, -33.317590955594497 ], [ 151.522623746476029, -33.317500786499984 ], [ 151.522516347630557, -33.317499509086616 ], [ 151.522408948791849, -33.317498231580451 ], [ 151.522407427117741, -33.317588400666239 ] ], [ [ 151.522734187993137, -33.317321725618719 ], [ 151.522737230630867, -33.317141387411404 ], [ 151.522410470459164, -33.317408062493278 ], [ 151.522734187993137, -33.317321725618719 ] ], [ [ 151.525348203391957, -33.315188291908797 ], [ 151.523611622098855, -33.316249911028819 ], [ 151.522737230630867, -33.317141387411404 ], [ 151.525348203391957, -33.315188291908797 ] ], [ [ 151.519026205623334, -33.320614495317848 ], [ 151.519133608119688, -33.320615775853462 ], [ 151.519567792486811, -33.320350390286379 ], [ 151.520228970448187, -33.319366210652895 ], [ 151.519026205623334, -33.320614495317848 ] ], [ [ 151.524832569519248, -33.333039222685187 ], [ 151.524939987541416, -33.333040498619354 ], [ 151.52494150749942, -33.332950329655084 ], [ 151.524834089587813, -33.332949053725265 ], [ 151.524832569519248, -33.333039222685187 ] ], [ [ 151.524604050582695, -33.333848191037632 ], [ 151.524711469586691, -33.333849467196657 ], [ 151.524712989826753, -33.333759298253412 ], [ 151.524605570933375, -33.333758022098749 ], [ 151.524604050582695, -33.333848191037632 ] ], [ [ 151.524392253732088, -33.333665300579305 ], [ 151.524498152046789, -33.33375674585124 ], [ 151.524607091277318, -33.333667853158495 ], [ 151.524393774290417, -33.333575131646391 ], [ 151.524286355638537, -33.333573855221871 ], [ 151.52428483496962, -33.333664024150444 ], [ 151.524392253732088, -33.333665300579305 ] ], [ [ 151.524608611614468, -33.333577684216877 ], [ 151.524504233824246, -33.33339607009939 ], [ 151.52439681538678, -33.333394793776428 ], [ 151.524393774290417, -33.333575131646391 ], [ 151.524608611614468, -33.333577684216877 ] ], [ [ 151.524274190097486, -33.33429520661204 ], [ 151.524493590642606, -33.334027252650714 ], [ 151.524387692016433, -33.333935807369855 ], [ 151.524277231523371, -33.334114868772723 ], [ 151.524274190097486, -33.33429520661204 ] ], [ [ 151.524381609634105, -33.334296483071356 ], [ 151.524380089021605, -33.334386651993299 ], [ 151.524487508675605, -33.334387928364123 ], [ 151.524489029177516, -33.334297759437831 ], [ 151.524381609634105, -33.334296483071356 ] ], [ [ 151.524413540932642, -33.332402935393489 ], [ 151.52452095815363, -33.332404211668603 ], [ 151.524522478506583, -33.33231404271212 ], [ 151.524415061396184, -33.332312766441355 ], [ 151.524413540932642, -33.332402935393489 ] ], [ [ 151.524163728893456, -33.334474267884957 ], [ 151.524159166331373, -33.334744774612332 ], [ 151.524266586414228, -33.334746051186272 ], [ 151.524269627907842, -33.334565713360696 ], [ 151.524271148644516, -33.334475544445844 ], [ 151.524163728893456, -33.334474267884957 ] ], [ [ 151.524142436415644, -33.335736632507015 ], [ 151.524249857715091, -33.335737909128824 ], [ 151.524251378539788, -33.335647740231806 ], [ 151.52414395735093, -33.335646463614374 ], [ 151.524142436415644, -33.335736632507015 ] ], [ [ 151.524341095210275, -33.33032777287918 ], [ 151.524235201075157, -33.330236327543425 ], [ 151.524126265888896, -33.330325220064836 ], [ 151.524341095210275, -33.33032777287918 ] ], [ [ 151.523994518315448, -33.331766646792587 ], [ 151.524209351161801, -33.331769199931827 ], [ 151.524210871799113, -33.33167903097879 ], [ 151.523996039173909, -33.331676477848241 ], [ 151.523994518315448, -33.331766646792587 ] ], [ [ 151.523932157286197, -33.335463572328869 ], [ 151.52403957824032, -33.335464849123326 ], [ 151.524041099265901, -33.335374680230906 ], [ 151.523933678422395, -33.335373403440798 ], [ 151.523932157286197, -33.335463572328869 ] ], [ [ 151.524038057207946, -33.335555018014375 ], [ 151.524145478279451, -33.335556294720327 ], [ 151.524146999201207, -33.335466125824944 ], [ 151.52403957824032, -33.335464849123326 ], [ 151.524038057207946, -33.335555018014375 ] ], [ [ 151.52401428894737, -33.33059445040908 ], [ 151.524012768170167, -33.33068461936989 ], [ 151.524120183262994, -33.330685895933726 ], [ 151.524121703929637, -33.330595726968561 ], [ 151.52401428894737, -33.33059445040908 ] ], [ [ 151.524125811118068, -33.317608829699104 ], [ 151.524233210175652, -33.317610105724881 ], [ 151.524234729971141, -33.317519936565091 ], [ 151.52412733102409, -33.317518660543662 ], [ 151.524125811118068, -33.317608829699104 ] ], [ [ 151.523900790380111, -33.330953849574371 ], [ 151.523899269465232, -33.331044018525333 ], [ 151.524006684993623, -33.331045295199417 ], [ 151.524008205797912, -33.330955126244092 ], [ 151.523900790380111, -33.330953849574371 ] ], [ [ 151.523865807624361, -33.333027735099435 ], [ 151.523973225585593, -33.33302901186925 ], [ 151.523974746538897, -33.332938842944131 ], [ 151.523867328688254, -33.332937566178657 ], [ 151.523865807624361, -33.333027735099435 ] ], [ [ 151.523594679411985, -33.336361430062958 ], [ 151.523702101451789, -33.336362707179511 ], [ 151.523809523498414, -33.336363984203224 ], [ 151.523811044812931, -33.336273815333229 ], [ 151.523703622876951, -33.336272538313878 ], [ 151.523596200947708, -33.336271261201659 ], [ 151.523594679411985, -33.336361430062958 ] ], [ [ 151.52370514429532, -33.336182369446874 ], [ 151.523812566120711, -33.336183646461869 ], [ 151.523814087421698, -33.336093477589131 ], [ 151.523706665706897, -33.336092200578491 ], [ 151.52370514429532, -33.336182369446874 ] ], [ [ 151.52376447432718, -33.332665782562842 ], [ 151.523871891839264, -33.332667059408095 ], [ 151.523873412876071, -33.332576890481839 ], [ 151.523765995474548, -33.332575613640934 ], [ 151.52376447432718, -33.332665782562842 ] ], [ [ 151.523799459003186, -33.330591897011601 ], [ 151.523800979994746, -33.330501728058124 ], [ 151.52369356514339, -33.330500451224474 ], [ 151.523692044041212, -33.330590620173588 ], [ 151.523799459003186, -33.330591897011601 ] ], [ [ 151.523750783695903, -33.3334773027983 ], [ 151.523752304904235, -33.333387133888728 ], [ 151.523644886514234, -33.333385856915804 ], [ 151.523643365195284, -33.333476025821007 ], [ 151.523750783695903, -33.3334773027983 ] ], [ [ 151.523609894464528, -33.335459741388327 ], [ 151.523611415932521, -33.335369572513322 ], [ 151.523505516687948, -33.335278126479736 ], [ 151.523502473537519, -33.335458464222434 ], [ 151.523609894464528, -33.335459741388327 ] ], [ [ 151.52356485270397, -33.331761539399935 ], [ 151.523563331396389, -33.331851708325495 ], [ 151.523670747899672, -33.331852985317276 ], [ 151.523672269096693, -33.331762816387361 ], [ 151.52356485270397, -33.331761539399935 ] ], [ [ 151.523545075176969, -33.332933735325163 ], [ 151.523543553781309, -33.333023904232867 ], [ 151.523650971722219, -33.333025181281236 ], [ 151.52365249300729, -33.332935012369177 ], [ 151.523545075176969, -33.332933735325163 ] ], [ [ 151.523392009218554, -33.33563752469216 ], [ 151.523499430360005, -33.335638801959625 ], [ 151.523500951952144, -33.335548633091719 ], [ 151.523393530921311, -33.335547355828602 ], [ 151.523392009218554, -33.33563752469216 ] ], [ [ 151.523345455332304, -33.332029491892975 ], [ 151.523343933783252, -33.332119660805709 ], [ 151.523451350604716, -33.332120937996244 ], [ 151.523452872043237, -33.332030769079154 ], [ 151.523345455332304, -33.332029491892975 ] ], [ [ 151.523212169492382, -33.333561085869782 ], [ 151.523427006667418, -33.333563640483014 ], [ 151.523428528214311, -33.333473471587887 ], [ 151.52321369126048, -33.333470916983366 ], [ 151.523212169492382, -33.333561085869782 ] ], [ [ 151.523098663332547, -33.333920483938435 ], [ 151.523097141419981, -33.334010652813646 ], [ 151.523204560550312, -33.334011930281314 ], [ 151.523206082352289, -33.333921761401747 ], [ 151.523098663332547, -33.333920483938435 ] ], [ [ 151.523068223793558, -33.335723861181755 ], [ 151.523177166956003, -33.335634969878662 ], [ 151.523069745834903, -33.335633692332621 ], [ 151.523068223793558, -33.335723861181755 ] ], [ [ 151.523100185238349, -33.33383031506186 ], [ 151.523207604147473, -33.333831592520816 ], [ 151.523209125935864, -33.333741423638514 ], [ 151.523101707137329, -33.333740146183914 ], [ 151.523100185238349, -33.33383031506186 ] ], [ [ 151.522986678229785, -33.334189712990714 ], [ 151.523095619500651, -33.334100821687478 ], [ 151.522880781039134, -33.334098266464871 ], [ 151.522986678229785, -33.334189712990714 ] ], [ [ 151.523094097574528, -33.334190990559939 ], [ 151.523203038741542, -33.334102099159487 ], [ 151.523095619500651, -33.334100821687478 ], [ 151.523094097574528, -33.334190990559939 ] ], [ [ 151.522532640331036, -33.335627303209513 ], [ 151.52264006141823, -33.335628581219865 ], [ 151.522641583895222, -33.335538412386782 ], [ 151.522534162918618, -33.3355371343808 ], [ 151.522532640331036, -33.335627303209513 ] ], [ [ 151.522638538934473, -33.335718750051576 ], [ 151.522637016443923, -33.335808918881895 ], [ 151.522744437759144, -33.335810196808097 ], [ 151.522851859081129, -33.335811474641417 ], [ 151.522853381350473, -33.335721305802373 ], [ 151.522745960139076, -33.335720027973402 ], [ 151.522747482512244, -33.335629859137342 ], [ 151.52264006141823, -33.335628581219865 ], [ 151.522638538934473, -33.335718750051576 ] ], [ [ 151.522854903613023, -33.335631136961965 ], [ 151.522962324720567, -33.335632414693727 ], [ 151.522963846865736, -33.335542245847577 ], [ 151.522856425868781, -33.335540968120164 ], [ 151.522854903613023, -33.335631136961965 ] ], [ [ 151.523071267869454, -33.335543523482123 ], [ 151.523072789897242, -33.33545335463026 ], [ 151.522965369004112, -33.335452077000063 ], [ 151.522963846865736, -33.335542245847577 ], [ 151.523071267869454, -33.335543523482123 ] ], [ [ 151.522833591320477, -33.336893500602869 ], [ 151.522941013976521, -33.336894778395603 ], [ 151.52294253621659, -33.336804609568674 ], [ 151.522835113671135, -33.336803331780295 ], [ 151.522833591320477, -33.336893500602869 ] ], [ [ 151.52284033445568, -33.330129557542008 ], [ 151.522838812496019, -33.330219726461799 ], [ 151.522946226961437, -33.330221004025127 ], [ 151.522947748810537, -33.330130835100974 ], [ 151.52284033445568, -33.330129557542008 ] ], [ [ 151.523144590194903, -33.312095745998938 ], [ 151.523038718660104, -33.312004300026693 ], [ 151.522820892549532, -33.312182084558863 ], [ 151.52303567723655, -33.312184638407857 ], [ 151.523144590194903, -33.312095745998938 ] ], [ [ 151.522611133067528, -33.337341788787533 ], [ 151.522718556263072, -33.337343066787767 ], [ 151.522720078758255, -33.337252897976406 ], [ 151.522612655673328, -33.337251619980528 ], [ 151.522611133067528, -33.337341788787533 ] ], [ [ 151.522647673735321, -33.335177737040752 ], [ 151.522755094276278, -33.335179014936443 ], [ 151.522756616608774, -33.335088846092141 ], [ 151.522649196178378, -33.335087568200805 ], [ 151.522647673735321, -33.335177737040752 ] ], [ [ 151.522873530655346, -33.315429451295635 ], [ 151.52298092697967, -33.315430728330476 ], [ 151.522982447938688, -33.315340559189963 ], [ 151.522875051724839, -33.315339282159478 ], [ 151.522873530655346, -33.315429451295635 ] ], [ [ 151.522837022955258, -33.317593510151553 ], [ 151.522944421931584, -33.317594787290901 ], [ 151.522945943053145, -33.317504618183328 ], [ 151.522838544187351, -33.317503341048344 ], [ 151.522837022955258, -33.317593510151553 ] ], [ [ 151.522409991895813, -33.336527713274492 ], [ 151.522517414082301, -33.336528991421247 ], [ 151.522518936737697, -33.336438822606247 ], [ 151.522411514661826, -33.336437544463841 ], [ 151.522409991895813, -33.336527713274492 ] ], [ [ 151.522391718175015, -33.337609738895075 ], [ 151.522499141688826, -33.337611017094112 ], [ 151.522500664425593, -33.33752084829559 ], [ 151.522393241022371, -33.337519570100909 ], [ 151.522391718175015, -33.337609738895075 ] ], [ [ 151.522410677104006, -33.330124446377738 ], [ 151.522409154702046, -33.33021461528012 ], [ 151.522516569140379, -33.330215893214799 ], [ 151.522410677104006, -33.330124446377738 ] ], [ [ 151.522207331250939, -33.335803806248542 ], [ 151.522314752539017, -33.335805084546166 ], [ 151.522316275361362, -33.335714915728907 ], [ 151.522208854183873, -33.335713637435639 ], [ 151.522207331250939, -33.335803806248542 ] ], [ [ 151.522204285364694, -33.335984143870235 ], [ 151.522311706873978, -33.335985422176577 ], [ 151.52231322970988, -33.335895253362054 ], [ 151.522205808311213, -33.335893975060067 ], [ 151.522204285364694, -33.335984143870235 ] ], [ [ 151.52186983440663, -33.336701658721339 ], [ 151.521977256780445, -33.336702937341123 ], [ 151.521978780002428, -33.336612768550658 ], [ 151.521871357739229, -33.336611489935237 ], [ 151.52186983440663, -33.336701658721339 ] ], [ [ 151.522086202272419, -33.336614047073226 ], [ 151.522089248474828, -33.336433709479465 ], [ 151.521980303217646, -33.336522599758815 ], [ 151.521978780002428, -33.336612768550658 ], [ 151.522086202272419, -33.336614047073226 ] ], [ [ 151.522083156042868, -33.336794384661495 ], [ 151.522189055526525, -33.336885831896353 ], [ 151.522296478141868, -33.336887110246266 ], [ 151.522298001045613, -33.336796941445471 ], [ 151.522193624549175, -33.336615325502933 ], [ 151.522086202272419, -33.336614047073226 ], [ 151.522083156042868, -33.336794384661495 ] ], [ [ 151.522199716484465, -33.336254650292481 ], [ 151.521984872822571, -33.336252093375073 ], [ 151.521981826426071, -33.336432430965608 ], [ 151.522089248474828, -33.336433709479465 ], [ 151.522199716484465, -33.336254650292481 ] ], [ [ 151.52196659403657, -33.337334118835933 ], [ 151.522074017191443, -33.337335397393367 ], [ 151.522075540350301, -33.337245228608154 ], [ 151.521968117306074, -33.33724395005509 ], [ 151.52196659403657, -33.337334118835933 ] ], [ [ 151.521957454277299, -33.337875131492247 ], [ 151.522064878095847, -33.337876410075815 ], [ 151.522066401295405, -33.337786241298843 ], [ 151.521958977587474, -33.337784962719631 ], [ 151.521957454277299, -33.337875131492247 ] ], [ [ 151.521757841669285, -33.336970886345689 ], [ 151.521865264368159, -33.336972165071415 ], [ 151.521866787721109, -33.336881996289428 ], [ 151.521759365132851, -33.336880717568071 ], [ 151.521757841669285, -33.336970886345689 ] ], [ [ 151.522043276260888, -33.313706018517003 ], [ 151.522041754429438, -33.313796187643014 ], [ 151.522149148710781, -33.313797465341743 ], [ 151.522150670431728, -33.313707296211383 ], [ 151.522043276260888, -33.313706018517003 ] ], [ [ 151.52215219214591, -33.313617127079638 ], [ 151.522153713853328, -33.313526957946536 ], [ 151.522046319903438, -33.313525680260867 ], [ 151.522044798085545, -33.313615849389613 ], [ 151.52215219214591, -33.313617127079638 ] ], [ [ 151.521894787285788, -33.316139306532762 ], [ 151.521893265160827, -33.316229475617362 ], [ 151.522000662418634, -33.316230753526511 ], [ 151.522002184433092, -33.316140584437555 ], [ 151.521894787285788, -33.316139306532762 ] ], [ [ 151.522109581587188, -33.316141862249552 ], [ 151.52211110348432, -33.316051693154876 ], [ 151.522003706440728, -33.316050415347227 ], [ 151.522002184433092, -33.316140584437555 ], [ 151.522109581587188, -33.316141862249552 ] ], [ [ 151.521878043538635, -33.317131166387895 ], [ 151.521985441901421, -33.317132444340608 ], [ 151.521986963983665, -33.317042275265365 ], [ 151.521879565731354, -33.317040997317008 ], [ 151.521878043538635, -33.317131166387895 ] ], [ [ 151.521849120588826, -33.318844378473806 ], [ 151.521956521051266, -33.318845656509303 ], [ 151.521958043262288, -33.318755487460145 ], [ 151.521850642910351, -33.318754209429002 ], [ 151.521849120588826, -33.318844378473806 ] ], [ [ 151.521571073428078, -33.316225641333176 ], [ 151.521678470665563, -33.316226919520702 ], [ 151.521683037683005, -33.315956412288934 ], [ 151.521574118334172, -33.316045303188744 ], [ 151.521571073428078, -33.316225641333176 ] ], [ [ 151.521790434595772, -33.315957690370581 ], [ 151.521791956810858, -33.315867521286215 ], [ 151.521684560008623, -33.315866243208916 ], [ 151.521683037683005, -33.315956412288934 ], [ 151.521790434595772, -33.315957690370581 ] ], [ [ 151.521903919893049, -33.315598291996345 ], [ 151.521796523415475, -33.315597014024902 ], [ 151.521791956810858, -33.315867521286215 ], [ 151.521903919893049, -33.315598291996345 ] ], [ [ 151.52123517635988, -33.317033327678168 ], [ 151.52134257457152, -33.317034606183292 ], [ 151.521345620041643, -33.316854268081009 ], [ 151.521238222051011, -33.316852989584604 ], [ 151.52123517635988, -33.317033327678168 ] ], [ [ 151.521459108455929, -33.316494870246132 ], [ 151.521566506018104, -33.316496148539521 ], [ 151.52156955096487, -33.316315810403331 ], [ 151.521462153623673, -33.316314532118653 ], [ 151.521459108455929, -33.316494870246132 ] ], [ [ 151.521435573613445, -33.336967049611332 ], [ 151.521542996291942, -33.336968328615647 ], [ 151.521544519976743, -33.336878159846748 ], [ 151.521437097408835, -33.336876880846788 ], [ 151.521435573613445, -33.336967049611332 ] ], [ [ 151.521836098099897, -33.313252617242831 ], [ 151.521837620111654, -33.313162448117311 ], [ 151.521730226624015, -33.313161170170723 ], [ 151.521728704501811, -33.313251339291895 ], [ 151.521836098099897, -33.313252617242831 ] ], [ [ 151.521834576081403, -33.313342786366988 ], [ 151.521941969796757, -33.313344064229511 ], [ 151.521943491704775, -33.313253895100992 ], [ 151.521836098099897, -33.313252617242831 ], [ 151.521834576081403, -33.313342786366988 ] ], [ [ 151.521314435482338, -33.337777289294131 ], [ 151.521424906855714, -33.337598230924783 ], [ 151.521210059970457, -33.337595672576526 ], [ 151.521205487737404, -33.337866178806962 ], [ 151.521314435482338, -33.337777289294131 ] ], [ [ 151.521491081364644, -33.31460131963383 ], [ 151.521489558913004, -33.314691488724335 ], [ 151.521596954265306, -33.314692766930563 ], [ 151.521598476606471, -33.314602597835716 ], [ 151.521491081364644, -33.31460131963383 ] ], [ [ 151.521705871855062, -33.31460387594479 ], [ 151.521707394078959, -33.31451370684421 ], [ 151.521708916296092, -33.31442353774225 ], [ 151.521601521268479, -33.314422259641873 ], [ 151.521599998940843, -33.314512428739484 ], [ 151.521598476606471, -33.314602597835716 ], [ 151.521705871855062, -33.31460387594479 ] ], [ [ 151.521816311330497, -33.314424815749824 ], [ 151.521819355523434, -33.314244477533087 ], [ 151.521711960710007, -33.314243199534211 ], [ 151.521708916296092, -33.31442353774225 ], [ 151.521816311330497, -33.314424815749824 ] ], [ [ 151.521213108091928, -33.337415335082703 ], [ 151.521211584034603, -33.337505503830307 ], [ 151.521319007363189, -33.337506783046493 ], [ 151.521320531309925, -33.337416614294547 ], [ 151.521325103109376, -33.337146108030439 ], [ 151.521214632142488, -33.337325166333727 ], [ 151.521213108091928, -33.337415335082703 ] ], [ [ 151.521193294817209, -33.338587528694383 ], [ 151.521300719473203, -33.338588807962914 ], [ 151.521303767522738, -33.33840847049057 ], [ 151.521306815545131, -33.338228133012741 ], [ 151.521199391331606, -33.338226853761654 ], [ 151.521196343087979, -33.338407191230765 ], [ 151.521193294817209, -33.338587528694383 ] ], [ [ 151.521200915443217, -33.338136685025049 ], [ 151.521308339546152, -33.338137964271773 ], [ 151.521309863540353, -33.338047795529413 ], [ 151.521202439548063, -33.338046516287051 ], [ 151.521200915443217, -33.338136685025049 ] ], [ [ 151.521222252293427, -33.336874322568285 ], [ 151.521223776303231, -33.336784153811074 ], [ 151.521116353866319, -33.336782874536894 ], [ 151.521114829745898, -33.336873043289735 ], [ 151.521222252293427, -33.336874322568285 ] ], [ [ 151.521387539205136, -33.320732814661554 ], [ 151.52149494196135, -33.320734093159778 ], [ 151.521496464756808, -33.320643924156869 ], [ 151.521389062111126, -33.320642645662993 ], [ 151.521387539205136, -33.320732814661554 ] ], [ [ 151.521082821648832, -33.338766586782413 ], [ 151.521190246519296, -33.338767866152523 ], [ 151.521191770671635, -33.338677697424146 ], [ 151.521084345911817, -33.338676418058391 ], [ 151.521082821648832, -33.338766586782413 ] ], [ [ 151.521311310500494, -33.312524873692006 ], [ 151.521418703187635, -33.312526151979192 ], [ 151.521420225587065, -33.312435982860109 ], [ 151.521312833010398, -33.312434704577264 ], [ 151.521311310500494, -33.312524873692006 ] ], [ [ 151.521532184996687, -33.312166753671633 ], [ 151.521648710061896, -33.311627016935581 ], [ 151.52154284068709, -33.31153556974035 ], [ 151.521427837482463, -33.311985137244157 ], [ 151.521317400499413, -33.312164197224881 ], [ 151.521312833010398, -33.312434704577264 ], [ 151.521532184996687, -33.312166753671633 ] ], [ [ 151.520886265290812, -33.337682003089412 ], [ 151.520884740881286, -33.337772171819807 ], [ 151.520992164521374, -33.337773451327699 ], [ 151.520993688820283, -33.337683282592934 ], [ 151.520886265290812, -33.337682003089412 ] ], [ [ 151.521101112356519, -33.337684562003588 ], [ 151.5209952131124, -33.337593113856805 ], [ 151.520993688820283, -33.337683282592934 ], [ 151.521101112356519, -33.337684562003588 ] ], [ [ 151.5213021752987, -33.313065888351488 ], [ 151.52140956864875, -33.313067166664837 ], [ 151.521411091088851, -33.312976997553982 ], [ 151.521303697849305, -33.312975719244996 ], [ 151.5213021752987, -33.313065888351488 ] ], [ [ 151.521412613522159, -33.312886828441762 ], [ 151.521520006657994, -33.312888106653617 ], [ 151.521521528974063, -33.312797937535677 ], [ 151.521414135948703, -33.312796659328185 ], [ 151.521412613522159, -33.312886828441762 ] ], [ [ 151.520967774815375, -33.339216150897123 ], [ 151.521075200232133, -33.3392174303819 ], [ 151.521076724529053, -33.339127261664757 ], [ 151.520969299222912, -33.339125982184328 ], [ 151.520967774815375, -33.339216150897123 ] ], [ [ 151.521379118422828, -33.314870548593483 ], [ 151.521377595840335, -33.314960717675504 ], [ 151.521484991517355, -33.314961995987595 ], [ 151.521486513989316, -33.314871826901225 ], [ 151.521379118422828, -33.314870548593483 ] ], [ [ 151.520889314089544, -33.337501665624508 ], [ 151.52099673739778, -33.337502945119297 ], [ 151.52099826167634, -33.337412776380411 ], [ 151.520890838478721, -33.337411496889978 ], [ 151.520889314089544, -33.337501665624508 ] ], [ [ 151.520866447437271, -33.338854196477506 ], [ 151.520973872404795, -33.338855476037708 ], [ 151.520975396785161, -33.33876530731942 ], [ 151.520867971928283, -33.338764027763581 ], [ 151.520866447437271, -33.338854196477506 ] ], [ [ 151.52075597325296, -33.339033254239418 ], [ 151.520861873923536, -33.339124702611031 ], [ 151.520972348017608, -33.338945644754624 ], [ 151.520757497868146, -33.338943085532605 ], [ 151.52075597325296, -33.339033254239418 ] ], [ [ 151.521200872559035, -33.312703933528617 ], [ 151.521199349918305, -33.312794102634868 ], [ 151.521306742930136, -33.312795381027918 ], [ 151.521308265460362, -33.312705211917319 ], [ 151.521200872559035, -33.312703933528617 ] ], [ [ 151.521181077700788, -33.313876131802722 ], [ 151.52128847203835, -33.313877410248082 ], [ 151.521289994649948, -33.313787241153946 ], [ 151.521182600422861, -33.313785962712949 ], [ 151.521181077700788, -33.313876131802722 ] ], [ [ 151.521062284481815, -33.320909316576852 ], [ 151.521169687438714, -33.320910595362221 ], [ 151.521171210579297, -33.320820426375121 ], [ 151.521063807732958, -33.320819147594122 ], [ 151.521062284481815, -33.320909316576852 ] ], [ [ 151.52119021393159, -33.313335117243504 ], [ 151.5212976076063, -33.313336395662709 ], [ 151.521299130177226, -33.313246226560331 ], [ 151.521191736613019, -33.313244948145488 ], [ 151.52119021393159, -33.313335117243504 ] ], [ [ 151.521088911390564, -33.31297316234869 ], [ 151.521087388619037, -33.313063331446465 ], [ 151.521194781955472, -33.313064609945357 ], [ 151.521196304616552, -33.312974440843227 ], [ 151.521088911390564, -33.31297316234869 ] ], [ [ 151.520751500418271, -33.313871017093483 ], [ 151.521073683369963, -33.313874853264586 ], [ 151.521075206202539, -33.313784684179176 ], [ 151.520969334925326, -33.313693236470186 ], [ 151.520751500418271, -33.313871017093483 ] ], [ [ 151.520970857854792, -33.313603067386381 ], [ 151.520863463869006, -33.313601788675754 ], [ 151.520861940829036, -33.313691957755204 ], [ 151.520969334925326, -33.313693236470186 ], [ 151.520970857854792, -33.313603067386381 ] ], [ [ 151.520654003809739, -33.319641834868399 ], [ 151.520761405192189, -33.319643113963949 ], [ 151.520762928679886, -33.319552944975086 ], [ 151.520655527407939, -33.3195516658839 ], [ 151.520654003809739, -33.319641834868399 ] ], [ [ 151.520870329958626, -33.319554223973469 ], [ 151.520871853329027, -33.319464054978873 ], [ 151.520764452160819, -33.319462775984853 ], [ 151.520762928679886, -33.319552944975086 ], [ 151.520870329958626, -33.319554223973469 ] ], [ [ 151.520529094790959, -33.31431930447966 ], [ 151.520636489640282, -33.314320583503502 ], [ 151.520638012948723, -33.314230414442406 ], [ 151.520530618209875, -33.314229135422906 ], [ 151.520529094790959, -33.31431930447966 ] ], [ [ 151.520434629566665, -33.319909783317996 ], [ 151.520322655981886, -33.320179010824617 ], [ 151.520538983788555, -33.320091400560159 ], [ 151.520434629566665, -33.319909783317996 ] ], [ [ 151.520320399631572, -33.313956069953242 ], [ 151.520427794025352, -33.31395734914522 ], [ 151.520429317527629, -33.313867180087328 ], [ 151.520321923244296, -33.313865900899721 ], [ 151.520320399631572, -33.313956069953242 ] ], [ [ 151.52008498826433, -33.321528985898119 ], [ 151.520192391933847, -33.321530265549292 ], [ 151.520193916116654, -33.321440096611056 ], [ 151.520086512557697, -33.321438816964246 ], [ 151.52008498826433, -33.321528985898119 ] ], [ [ 151.520108658524975, -33.313773173199969 ], [ 151.520323446850256, -33.313775731844828 ], [ 151.520222147482201, -33.313413776352952 ], [ 151.520113229965062, -33.313502666053232 ], [ 151.520108658524975, -33.313773173199969 ] ], [ [ 151.519974535773542, -33.321708044009036 ], [ 151.520083463964227, -33.321619154830614 ], [ 151.51997606019097, -33.321617875082275 ], [ 151.519974535773542, -33.321708044009036 ] ], [ [ 151.519886249919438, -33.314221459357491 ], [ 151.519993644617529, -33.314222738933694 ], [ 151.519995168582113, -33.31413256989736 ], [ 151.519887773994469, -33.314131290325527 ], [ 151.519886249919438, -33.314221459357491 ] ], [ [ 151.519763612999355, -33.315121869888941 ], [ 151.519762088739157, -33.315212038901421 ], [ 151.519869484645852, -33.315213318618397 ], [ 151.519871008795576, -33.315123149601554 ], [ 151.519763612999355, -33.315121869888941 ] ], [ [ 151.519978404598561, -33.31512442922137 ], [ 151.519981452656651, -33.314944091174802 ], [ 151.519874057074645, -33.314942811563711 ], [ 151.519871008795576, -33.315123149601554 ], [ 151.519978404598561, -33.31512442922137 ] ], [ [ 151.519772758418071, -33.314580855785152 ], [ 151.519880153551355, -33.314582135471582 ], [ 151.519884725837585, -33.314311628388069 ], [ 151.519774282630777, -33.314490686763051 ], [ 151.519772758418071, -33.314580855785152 ] ], [ [ 151.519546445166014, -33.321612755160814 ], [ 151.519653848912071, -33.32161403528039 ], [ 151.519655373654302, -33.321523866365339 ], [ 151.519547970018778, -33.321522586250133 ], [ 151.519546445166014, -33.321612755160814 ] ], [ [ 151.519672984839588, -33.314128730903512 ], [ 151.519780379413646, -33.314130010660904 ], [ 151.519781903592389, -33.314039841631946 ], [ 151.519674509128834, -33.314038561878917 ], [ 151.519672984839588, -33.314128730903512 ] ], [ [ 151.519640973197454, -33.316022280103091 ], [ 151.519748370091833, -33.316023559952114 ], [ 151.519749894413138, -33.315933390951976 ], [ 151.519642497629263, -33.315932111107315 ], [ 151.519640973197454, -33.316022280103091 ] ], [ [ 151.518949310667011, -33.318809836436856 ], [ 151.519164111232271, -33.318812397426257 ], [ 151.519271511525091, -33.318813677781755 ], [ 151.519273036498873, -33.318723508841614 ], [ 151.519380436687982, -33.318724789099946 ], [ 151.51938348639419, -33.318544451206847 ], [ 151.519168686464837, -33.318541890614824 ], [ 151.519167161394108, -33.318632059553345 ], [ 151.519058236141063, -33.318720948046547 ], [ 151.518950835972333, -33.318719667509818 ], [ 151.518949310667011, -33.318809836436856 ] ], [ [ 151.519118355544549, -33.321517464861174 ], [ 151.519225759152903, -33.321518745347618 ], [ 151.519227284330469, -33.321428576448653 ], [ 151.519119880832619, -33.321427295966565 ], [ 151.519118355544549, -33.321517464861174 ] ], [ [ 151.518099075368497, -33.37534676664923 ], [ 151.518206545041807, -33.375348049836312 ], [ 151.518208074390145, -33.37525788176157 ], [ 151.51810060482768, -33.375256598578865 ], [ 151.518099075368497, -33.37534676664923 ] ], [ [ 151.517988546541574, -33.375525819497042 ], [ 151.518096016429695, -33.37552710278586 ], [ 151.517991605702008, -33.375345483369159 ], [ 151.517988546541574, -33.375525819497042 ] ], [ [ 151.51851360656056, -33.31916538896904 ], [ 151.518726882395242, -33.319258119647216 ], [ 151.518834283213437, -33.319259400395737 ], [ 151.51894626003596, -33.318990174286817 ], [ 151.518304909134315, -33.318802151241464 ], [ 151.518522761105999, -33.318624375523946 ], [ 151.518525812566764, -33.318444037697923 ], [ 151.518418412763538, -33.31844275671029 ], [ 151.518088582481568, -33.318889757658006 ], [ 151.518407731758344, -33.319073939046753 ], [ 151.518406205873248, -33.319164107946477 ], [ 151.51851360656056, -33.31916538896904 ] ], [ [ 151.518630161137025, -33.3186256564275 ], [ 151.518737561174873, -33.318626937238264 ], [ 151.518739086687617, -33.318536768317216 ], [ 151.518631686760301, -33.318535487510822 ], [ 151.518630161137025, -33.3186256564275 ] ], [ [ 151.518616430221755, -33.319437176615935 ], [ 151.518619481583841, -33.319256838805885 ], [ 151.518512080779232, -33.319255557871756 ], [ 151.518404679981415, -33.319254276844823 ], [ 151.518403154082733, -33.319344445741791 ], [ 151.518185300026687, -33.319522221173138 ], [ 151.518180721586077, -33.31979272782138 ], [ 151.518504451770525, -33.31970640236473 ], [ 151.518507503394403, -33.319526064571654 ], [ 151.518616430221755, -33.319437176615935 ] ], [ [ 151.518614904530551, -33.319527345518885 ], [ 151.518722305673492, -33.319528626373319 ], [ 151.518723831254192, -33.319438457465999 ], [ 151.518616430221755, -33.319437176615935 ], [ 151.518614904530551, -33.319527345518885 ] ], [ [ 151.517652367366765, -33.376333481462041 ], [ 151.517759838231854, -33.376334765069203 ], [ 151.517761368098434, -33.376244597027046 ], [ 151.517653897344132, -33.376243313424261 ], [ 151.517652367366765, -33.376333481462041 ] ], [ [ 151.517530205709846, -33.320145713846976 ], [ 151.517745009413829, -33.320148277380248 ], [ 151.517746536036782, -33.320058108521835 ], [ 151.517531732553806, -33.320055544997302 ], [ 151.517530205709846, -33.320145713846976 ] ], [ [ 151.516477546645064, -33.369555468212695 ], [ 151.516585009117875, -33.3695567526077 ], [ 151.516586539803114, -33.369466584514988 ], [ 151.516479077441033, -33.369465300124354 ], [ 151.516477546645064, -33.369555468212695 ] ], [ [ 151.517224798761475, -33.319150010573388 ], [ 151.51733219937401, -33.319151292616766 ], [ 151.517333726364228, -33.319061123760733 ], [ 151.517226325862197, -33.319059841721725 ], [ 151.517224798761475, -33.319150010573388 ] ], [ [ 151.51613705507728, -33.376946676993811 ], [ 151.516244526622785, -33.376947961933638 ], [ 151.516246058088626, -33.376857793962351 ], [ 151.516138586653994, -33.376856509026901 ], [ 151.51613705507728, -33.376946676993811 ] ], [ [ 151.515843745589535, -33.375229630259525 ], [ 151.515951215008897, -33.375230915395178 ], [ 151.515952746677641, -33.375140747410924 ], [ 151.515845277369095, -33.375139462279627 ], [ 151.515843745589535, -33.375229630259525 ] ], [ [ 151.515791661025844, -33.378295340758136 ], [ 151.515899134213299, -33.378296626042641 ], [ 151.515900666113964, -33.37820645810509 ], [ 151.515793193037325, -33.37820517282497 ], [ 151.515791661025844, -33.378295340758136 ] ], [ [ 151.515587440160118, -33.377661594410384 ], [ 151.515694912558132, -33.377662879850249 ], [ 151.515696444632681, -33.377572711911832 ], [ 151.515588972345512, -33.377571426476358 ], [ 151.515587440160118, -33.377661594410384 ] ], [ [ 151.515051611011984, -33.377564997903839 ], [ 151.515157550636303, -33.377656451720867 ], [ 151.515268088035981, -33.377477401689596 ], [ 151.51537556019187, -33.377478687399716 ], [ 151.515378624971845, -33.377298351542294 ], [ 151.515271153037645, -33.377297065840928 ], [ 151.515381689724563, -33.377118015679386 ], [ 151.515274218012024, -33.377116729986767 ], [ 151.515165213711668, -33.377205612124541 ], [ 151.515057741901927, -33.377204326241554 ], [ 151.515054676470584, -33.377384662075443 ], [ 151.515051611011984, -33.377564997903839 ] ], [ [ 151.515156018000766, -33.377746619636007 ], [ 151.515263490482312, -33.377747905452281 ], [ 151.515370962970678, -33.377749191175539 ], [ 151.515265023007004, -33.377657737532751 ], [ 151.515157550636303, -33.377656451720867 ], [ 151.515156018000766, -33.377746619636007 ] ], [ [ 151.515288010058896, -33.376305218575055 ], [ 151.515180539350609, -33.376303932828861 ], [ 151.515179006817419, -33.376394100764607 ], [ 151.51528647763655, -33.376395386515185 ], [ 151.515288010058896, -33.376305218575055 ] ], [ [ 151.515065405360843, -33.376753486632786 ], [ 151.515172876616447, -33.376754772493868 ], [ 151.515174409176922, -33.376664604563615 ], [ 151.515066938032163, -33.376663318706903 ], [ 151.515065405360843, -33.376753486632786 ] ], [ [ 151.514956401323133, -33.376842368598808 ], [ 151.515063872682703, -33.376843654557291 ], [ 151.515065405360843, -33.376753486632786 ], [ 151.514956401323133, -33.376842368598808 ] ], [ [ 151.516101886830143, -33.322022586164593 ], [ 151.516106472080622, -33.321752079868467 ], [ 151.515890135970835, -33.321839682151584 ], [ 151.515885550036785, -33.322110188417348 ], [ 151.516101886830143, -33.322022586164593 ] ], [ [ 151.514839732428271, -33.377382090012922 ], [ 151.515062339997769, -33.376933822480417 ], [ 151.514842798302936, -33.377201754196555 ], [ 151.514839732428271, -33.377382090012922 ] ], [ [ 151.515768973150415, -33.322649917491376 ], [ 151.515876377984881, -33.322651200911778 ], [ 151.515879435362734, -33.322470863419134 ], [ 151.515772030749361, -33.322469580007471 ], [ 151.515768973150415, -33.322649917491376 ] ], [ [ 151.515342412363935, -33.322464445432722 ], [ 151.515449816950081, -33.322465729215629 ], [ 151.515451346070932, -33.322375560484744 ], [ 151.515343941595319, -33.322374276706213 ], [ 151.515342412363935, -33.322464445432722 ] ], [ [ 151.514308506380502, -33.377014986678425 ], [ 151.514415977920805, -33.377016273203687 ], [ 151.514310039848112, -33.376924818787344 ], [ 151.514308506380502, -33.377014986678425 ] ], [ [ 151.514414444557246, -33.377106441097787 ], [ 151.514521916215188, -33.377107727534415 ], [ 151.51452344946793, -33.377017559635945 ], [ 151.514415977920805, -33.377016273203687 ], [ 151.514414444557246, -33.377106441097787 ] ], [ [ 151.515242654426032, -33.322012317932618 ], [ 151.515241125111373, -33.322102486660242 ], [ 151.515348529248598, -33.32210377051846 ], [ 151.515350058452725, -33.322013601786459 ], [ 151.515242654426032, -33.322012317932618 ] ], [ [ 151.514194900465128, -33.377374371593241 ], [ 151.514302372441904, -33.37737565822902 ], [ 151.514303905936799, -33.377285490343439 ], [ 151.514194900465128, -33.377374371593241 ] ], [ [ 151.515004902642147, -33.323362280585393 ], [ 151.515112308313149, -33.323363564690503 ], [ 151.515113837833695, -33.323273395986476 ], [ 151.515006432273196, -33.32327211188575 ], [ 151.515004902642147, -33.323362280585393 ] ], [ [ 151.514084361041597, -33.377553420613964 ], [ 151.514191833233212, -33.377554707351528 ], [ 151.514193366852595, -33.377464539473074 ], [ 151.514085894771796, -33.377463252739886 ], [ 151.514084361041597, -33.377553420613964 ] ], [ [ 151.515001843359528, -33.323542617980578 ], [ 151.515003373004248, -33.323452449283671 ], [ 151.514895967229478, -33.323451165081359 ], [ 151.514894437474226, -33.323541333773882 ], [ 151.515001843359528, -33.323542617980578 ] ], [ [ 151.514621481575148, -33.326965174047729 ], [ 151.514728891647565, -33.326966458606435 ], [ 151.514730421772242, -33.326876289970464 ], [ 151.514623011810414, -33.326875005416142 ], [ 151.514621481575148, -33.326965174047729 ] ], [ [ 151.51483783174092, -33.326877574431954 ], [ 151.514839361748244, -33.326787405790235 ], [ 151.514731951890127, -33.326786121333122 ], [ 151.514730421772242, -33.326876289970464 ], [ 151.51483783174092, -33.326877574431954 ] ], [ [ 151.514678095740976, -33.323628933764461 ], [ 151.514785501723168, -33.323630218161156 ], [ 151.514787031595745, -33.323540049474381 ], [ 151.514679625724085, -33.32353876508207 ], [ 151.514678095740976, -33.323628933764461 ] ], [ [ 151.513550068747833, -33.37736664982539 ], [ 151.513657540683624, -33.377367937019201 ], [ 151.513659074843503, -33.377277769159917 ], [ 151.513551603018527, -33.377276481970476 ], [ 151.513550068747833, -33.37736664982539 ] ], [ [ 151.514340574313053, -33.32452676663452 ], [ 151.514447981380215, -33.324528051353461 ], [ 151.514449511652543, -33.324437882693552 ], [ 151.514342104695942, -33.324436597979002 ], [ 151.514340574313053, -33.32452676663452 ] ], [ [ 151.513533113640563, -33.372045457006408 ], [ 151.513640579031431, -33.372046744034556 ], [ 151.513642112899134, -33.371956576098562 ], [ 151.513534647619082, -33.371955289074805 ], [ 151.513533113640563, -33.372045457006408 ] ], [ [ 151.513350399646782, -33.370149356003054 ], [ 151.513457862697294, -33.370150643125093 ], [ 151.513459396643128, -33.370060475169019 ], [ 151.513351933703433, -33.370059188051364 ], [ 151.513350399646782, -33.370149356003054 ] ], [ [ 151.513835927333446, -33.328939888410638 ], [ 151.513943339790472, -33.328941173715521 ], [ 151.513944870839026, -33.328851005140415 ], [ 151.513837458492588, -33.328849719839916 ], [ 151.513835927333446, -33.328939888410638 ] ], [ [ 151.513005034944484, -33.377811051605498 ], [ 151.513112507400308, -33.377812339286265 ], [ 151.513114042148487, -33.377722171455773 ], [ 151.513006569803508, -33.377720883779396 ], [ 151.513005034944484, -33.377811051605498 ] ], [ [ 151.512782414547445, -33.378259315030988 ], [ 151.512889887543736, -33.378260602919703 ], [ 151.512891422547767, -33.378170435104856 ], [ 151.512783949662321, -33.378169147220525 ], [ 151.512782414547445, -33.378259315030988 ] ], [ [ 151.513633353291027, -33.328215968988289 ], [ 151.513740764849899, -33.328217254443778 ], [ 151.513742296065033, -33.328127085866463 ], [ 151.513634884616749, -33.32812580041535 ], [ 151.513633353291027, -33.328215968988289 ] ], [ [ 151.512854557557461, -33.374021426453552 ], [ 151.512962025345075, -33.37402271413611 ], [ 151.512963560027885, -33.373932546256668 ], [ 151.512856092351115, -33.373931258578502 ], [ 151.512854557557461, -33.374021426453552 ] ], [ [ 151.512685687994292, -33.377626852377873 ], [ 151.512793160207934, -33.377628140328895 ], [ 151.512794695274948, -33.377537972508797 ], [ 151.512687223172151, -33.377536684562173 ], [ 151.512685687994292, -33.377626852377873 ] ], [ [ 151.512453853741732, -33.378616121982247 ], [ 151.512668800586852, -33.378618698259821 ], [ 151.512779344297229, -33.378439650647785 ], [ 151.512564397881761, -33.378437074573775 ], [ 151.512453853741732, -33.378616121982247 ] ], [ [ 151.512633481873365, -33.374379522260853 ], [ 151.512631946823944, -33.374469690120272 ], [ 151.512739415151941, -33.374470978010741 ], [ 151.512740950090574, -33.374380810146945 ], [ 151.512633481873365, -33.374379522260853 ] ], [ [ 151.513347876550142, -33.326048066250763 ], [ 151.513455285435242, -33.326049351879568 ], [ 151.513456816818376, -33.325959183282428 ], [ 151.513349408043837, -33.325957897658007 ], [ 151.513347876550142, -33.326048066250763 ] ], [ [ 151.513458348194689, -33.325869014683931 ], [ 151.513565756865489, -33.325870300211143 ], [ 151.513568819376587, -33.325689963001246 ], [ 151.513459879564209, -33.325778846084042 ], [ 151.513458348194689, -33.325869014683931 ] ], [ [ 151.512469208181187, -33.377714444002379 ], [ 151.512576680491975, -33.377715732143791 ], [ 151.512578215787499, -33.377625564333847 ], [ 151.512470743587528, -33.377624276196819 ], [ 151.512469208181187, -33.377714444002379 ] ], [ [ 151.512466137348014, -33.377894779609335 ], [ 151.512464601921124, -33.377984947410766 ], [ 151.512572074564417, -33.377986235565345 ], [ 151.512466137348014, -33.377894779609335 ] ], [ [ 151.51313459051525, -33.325955326130682 ], [ 151.513241999276147, -33.325956611940761 ], [ 151.513243530873581, -33.325866443351018 ], [ 151.513136122223244, -33.32586515754533 ], [ 151.51313459051525, -33.325955326130682 ] ], [ [ 151.513462942282757, -33.325598508880162 ], [ 151.513249657195047, -33.325505768978324 ], [ 151.513137653924389, -33.325774988958592 ], [ 151.513243530873581, -33.325866443351018 ], [ 151.513462942282757, -33.325598508880162 ] ], [ [ 151.512341783464677, -33.372572300831031 ], [ 151.512449249445183, -33.372573588908338 ], [ 151.512450784572707, -33.372483421028846 ], [ 151.512341783464677, -33.372572300831031 ] ], [ [ 151.512257334829286, -33.377531531845605 ], [ 151.512364806904742, -33.377532820164255 ], [ 151.512258870443617, -33.377441364046085 ], [ 151.512257334829286, -33.377531531845605 ] ], [ [ 151.512145255544169, -33.377800746811097 ], [ 151.512252727945281, -33.377802035235909 ], [ 151.512254263580104, -33.377711867440532 ], [ 151.512146791289808, -33.377710579020096 ], [ 151.512145255544169, -33.377800746811097 ] ], [ [ 151.512142184032285, -33.377981082388999 ], [ 151.512249656655058, -33.377982370822586 ], [ 151.512143719791624, -33.377890914600734 ], [ 151.512142184032285, -33.377981082388999 ] ], [ [ 151.513034840785622, -33.325503197309189 ], [ 151.513140717306243, -33.32559465178101 ], [ 151.513143780660783, -33.325414314597921 ], [ 151.513036372570014, -33.325413028721336 ], [ 151.513034840785622, -33.325503197309189 ] ], [ [ 151.512056212976631, -33.376717444763123 ], [ 151.512163684040985, -33.37671873322828 ], [ 151.512165219704571, -33.376628565420781 ], [ 151.512056212976631, -33.376717444763123 ] ], [ [ 151.512045462364028, -33.377348619346435 ], [ 151.511936454590767, -33.377437498545284 ], [ 151.512151398485827, -33.377440075638816 ], [ 151.512152934204153, -33.377349907842309 ], [ 151.512045462364028, -33.377348619346435 ] ], [ [ 151.512040854856053, -33.377619122718656 ], [ 151.512148327028655, -33.37762041122771 ], [ 151.512149862760651, -33.377530243433945 ], [ 151.512042390698866, -33.377528954929289 ], [ 151.512040854856053, -33.377619122718656 ] ], [ [ 151.511726168715285, -33.370851381052589 ], [ 151.511833632549582, -33.370852669604425 ], [ 151.511942631942361, -33.370763790179616 ], [ 151.511835168212002, -33.370762501725153 ], [ 151.511726168715285, -33.370851381052589 ] ], [ [ 151.512050095679569, -33.370765078541112 ], [ 151.512051631113536, -33.370674910651665 ], [ 151.511944167487144, -33.370673622294575 ], [ 151.511942631942361, -33.370763790179616 ], [ 151.512050095679569, -33.370765078541112 ] ], [ [ 151.511735335931604, -33.376623411019686 ], [ 151.511738408124955, -33.376443075435674 ], [ 151.511630937420449, -33.376441786611672 ], [ 151.511735335931604, -33.376623411019686 ] ], [ [ 151.512367404186648, -33.326848008332234 ], [ 151.512474814005287, -33.326849294835938 ], [ 151.512476346444799, -33.326759126290618 ], [ 151.512367404186648, -33.326848008332234 ] ], [ [ 151.5125837561597, -33.326760412697105 ], [ 151.51258528848183, -33.326670244146023 ], [ 151.51247787887749, -33.326668957743934 ], [ 151.512476346444799, -33.326759126290618 ], [ 151.5125837561597, -33.326760412697105 ] ], [ [ 151.511620240771805, -33.370759924537268 ], [ 151.511727704488493, -33.370761213177708 ], [ 151.511729240254851, -33.370671045301428 ], [ 151.51162177664898, -33.370669756665393 ], [ 151.511620240771805, -33.370759924537268 ] ], [ [ 151.511511176012078, -33.377161839927496 ], [ 151.51161864759635, -33.377163128879623 ], [ 151.511620183848322, -33.377072961100943 ], [ 151.511512712374866, -33.377071672153214 ], [ 151.511511176012078, -33.377161839927496 ] ], [ [ 151.512373534345954, -33.326487334160269 ], [ 151.51248094372238, -33.326488620646415 ], [ 151.512482476134579, -33.32639845209561 ], [ 151.512375066868714, -33.326397165613841 ], [ 151.512373534345954, -33.326487334160269 ] ], [ [ 151.511508169057095, -33.371029139398068 ], [ 151.511615633099325, -33.371030428144657 ], [ 151.511617168996992, -33.370940260276896 ], [ 151.511508169057095, -33.371029139398068 ] ], [ [ 151.512235470876789, -33.328289418133728 ], [ 151.512342882457517, -33.328290704800423 ], [ 151.512344415116786, -33.328200536281464 ], [ 151.512235470876789, -33.328289418133728 ] ], [ [ 151.511371517456098, -33.372741039617843 ], [ 151.511373053705341, -33.372650871784991 ], [ 151.511265587682402, -33.372649582773406 ], [ 151.511264051322371, -33.37273975060188 ], [ 151.511371517456098, -33.372741039617843 ] ], [ [ 151.512039043176571, -33.32720482236158 ], [ 151.512147986215439, -33.32711594063462 ], [ 151.512149519007068, -33.32702577210658 ], [ 151.512042108987799, -33.32702448531564 ], [ 151.512039043176571, -33.32720482236158 ] ], [ [ 151.511055265360909, -33.372376501003984 ], [ 151.511059875003184, -33.372105997524308 ], [ 151.510735942137956, -33.372192297267539 ], [ 151.510732868371434, -33.372372632892919 ], [ 151.510625402721985, -33.372371343336596 ], [ 151.510623865717662, -33.372461511142831 ], [ 151.510622328706489, -33.372551678947701 ], [ 151.510731331477928, -33.372462800703552 ], [ 151.510838797245071, -33.372464090171285 ], [ 151.511055265360909, -33.372376501003984 ] ], [ [ 151.510835723659085, -33.372644425797219 ], [ 151.511156585195465, -33.372738461492922 ], [ 151.511055265360909, -33.372376501003984 ], [ 151.510835723659085, -33.372644425797219 ] ], [ [ 151.511155048717796, -33.372828629315627 ], [ 151.511047582486952, -33.372827340109282 ], [ 151.511046045891646, -33.372917507926218 ], [ 151.511153512233278, -33.372918797136947 ], [ 151.511155048717796, -33.372828629315627 ] ], [ [ 151.511779758972324, -33.329817134777997 ], [ 151.511672345546117, -33.329815847572554 ], [ 151.511670812100562, -33.329906016040475 ], [ 151.511778225637357, -33.329907303250309 ], [ 151.511779758972324, -33.329817134777997 ] ], [ [ 151.510740552736365, -33.371921793819155 ], [ 151.510848017838697, -33.371923083260526 ], [ 151.510957019578711, -33.371834204781244 ], [ 151.510742089588831, -33.371831626000258 ], [ 151.510740552736365, -33.371921793819155 ] ], [ [ 151.511066215636077, -33.32755391090425 ], [ 151.511173626257204, -33.327555198556986 ], [ 151.511175160077983, -33.327465030075302 ], [ 151.511067749567417, -33.327463742426957 ], [ 151.511066215636077, -33.32755391090425 ] ], [ [ 151.510299931134313, -33.372547809694431 ], [ 151.510407396984874, -33.372549099538517 ], [ 151.510408934217622, -33.372458931742429 ], [ 151.510301468477877, -33.372457641902749 ], [ 151.510299931134313, -33.372547809694431 ] ], [ [ 151.510183240420588, -33.37308752645226 ], [ 151.51029070692914, -33.373088816415688 ], [ 151.510292244313774, -33.37299864863224 ], [ 151.510184777916038, -33.372997358673217 ], [ 151.510183240420588, -33.37308752645226 ] ], [ [ 151.510289169537629, -33.37317898419775 ], [ 151.510396636163819, -33.373180274072581 ], [ 151.510398173444486, -33.373090106286128 ], [ 151.51029070692914, -33.373088816415688 ], [ 151.510289169537629, -33.37317898419775 ] ], [ [ 151.510748586582167, -33.327279541992581 ], [ 151.510855996851149, -33.327280829910627 ], [ 151.510857530983117, -33.327190661437989 ], [ 151.510750120824696, -33.327189373524334 ], [ 151.510748586582167, -33.327279541992581 ] ], [ [ 151.510740915267093, -33.327730384313227 ], [ 151.510848326088848, -33.327731672253222 ], [ 151.510849860254979, -33.327641503787447 ], [ 151.510742449543756, -33.327640215851837 ], [ 151.510740915267093, -33.327730384313227 ] ], [ [ 151.507852919557678, -33.333287300128823 ], [ 151.508178246557549, -33.333110835177472 ], [ 151.508402303113485, -33.332572406021782 ], [ 151.508075441267351, -33.332839039921076 ], [ 151.507852919557678, -33.333287300128823 ] ], [ [ 151.508617136418337, -33.332574986182657 ], [ 151.50873069958476, -33.332215602883096 ], [ 151.508403840081456, -33.332482237726843 ], [ 151.508402303113485, -33.332572406021782 ], [ 151.508617136418337, -33.332574986182657 ] ], [ [ 151.509056020834237, -33.332039135441796 ], [ 151.509385948524312, -33.331592162066059 ], [ 151.509708195027372, -33.331596029516255 ], [ 151.509387484421779, -33.331501993716458 ], [ 151.50873069958476, -33.332215602883096 ], [ 151.509056020834237, -33.332039135441796 ] ], [ [ 151.509609993474726, -33.331053730288033 ], [ 151.509826358584462, -33.330966139881497 ], [ 151.509938379201543, -33.330696923574578 ], [ 151.509611529109975, -33.330963561921408 ], [ 151.509609993474726, -33.331053730288033 ] ], [ [ 151.510048863948555, -33.330517875528557 ], [ 151.509941449747089, -33.330516586802574 ], [ 151.509938379201543, -33.330696923574578 ], [ 151.510048863948555, -33.330517875528557 ] ], [ [ 151.510050399100493, -33.330427707136096 ], [ 151.510157813198219, -33.330428995764848 ], [ 151.510378780626723, -33.330070899107575 ], [ 151.510271366957596, -33.330069610682074 ], [ 151.510050399100493, -33.330427707136096 ] ], [ [ 151.510487728978148, -33.329982019023333 ], [ 151.510489263646775, -33.329891850605087 ], [ 151.510381850191976, -33.329890562281207 ], [ 151.510378780626723, -33.330070899107575 ], [ 151.510487728978148, -33.329982019023333 ] ], [ [ 151.510816107022009, -33.32962520971715 ], [ 151.5108207099303, -33.329354704402235 ], [ 151.510713297118428, -33.329353416383213 ], [ 151.510489263646775, -33.329891850605087 ], [ 151.510816107022009, -33.32962520971715 ] ], [ [ 151.510627366834882, -33.328089770094621 ], [ 151.510734778092029, -33.32809105814502 ], [ 151.510736312396034, -33.328000889689115 ], [ 151.510628901249447, -33.327999601643121 ], [ 151.510627366834882, -33.328089770094621 ] ], [ [ 151.510427890390417, -33.327185509226389 ], [ 151.510424821235205, -33.327365846135166 ], [ 151.510535300528346, -33.327186797418534 ], [ 151.510427890390417, -33.327185509226389 ] ], [ [ 151.510536834985146, -33.327096628957683 ], [ 151.510644245019336, -33.327097917052605 ], [ 151.510645779358725, -33.327007748586006 ], [ 151.510647313691322, -33.326917580118042 ], [ 151.510539903878225, -33.326916292031889 ], [ 151.510538369435096, -33.327006460495475 ], [ 151.510536834985146, -33.327096628957683 ] ], [ [ 151.510374176227543, -33.330341404336828 ], [ 151.51048159023523, -33.330342692682656 ], [ 151.510483124931199, -33.330252524269881 ], [ 151.510375711034129, -33.330251235928436 ], [ 151.510374176227543, -33.330341404336828 ] ], [ [ 151.509989039706056, -33.327721366133993 ], [ 151.510096450479978, -33.327722654723807 ], [ 151.510097985420032, -33.327632486288771 ], [ 151.509990574756671, -33.327631197703354 ], [ 151.509989039706056, -33.327721366133993 ] ], [ [ 151.510101055279563, -33.327452149414583 ], [ 151.509993644837323, -33.327450860837949 ], [ 151.510097985420032, -33.327632486288771 ], [ 151.510101055279563, -33.327452149414583 ] ], [ [ 151.510315876184592, -33.327454726289353 ], [ 151.510420217451127, -33.327636351488039 ], [ 151.510423286647352, -33.327456014587497 ], [ 151.510315876184592, -33.327454726289353 ] ], [ [ 151.510312806767274, -33.327635063181106 ], [ 151.510311272048369, -33.327725231624932 ], [ 151.510418682842783, -33.327726519936242 ], [ 151.510420217451127, -33.327636351488039 ], [ 151.510312806767274, -33.327635063181106 ] ], [ [ 151.509878558596171, -33.327900414299741 ], [ 151.509877023414532, -33.327990582721853 ], [ 151.509984434513285, -33.327991871417673 ], [ 151.509985969584392, -33.327901702991156 ], [ 151.509878558596171, -33.327900414299741 ] ], [ [ 151.510094915533131, -33.327812823157458 ], [ 151.51009031065152, -33.328083328450205 ], [ 151.510308202590011, -33.327905568508442 ], [ 151.510309737322615, -33.327815400067372 ], [ 151.510202326424462, -33.327814111658832 ], [ 151.510094915533131, -33.327812823157458 ] ], [ [ 151.510081100703758, -33.328624338998594 ], [ 151.510188512590133, -33.328625627539495 ], [ 151.510190047487953, -33.328535459113787 ], [ 151.510082635712138, -33.328534170577285 ], [ 151.510081100703758, -33.328624338998594 ] ], [ [ 151.509853994869303, -33.329343108888956 ], [ 151.50996140762652, -33.329344397650651 ], [ 151.510176233161474, -33.329346974895564 ], [ 151.509962942800172, -33.329254229244746 ], [ 151.509853994869303, -33.329343108888956 ] ], [ [ 151.509603850865261, -33.331414403740858 ], [ 151.509820216886965, -33.33132681337495 ], [ 151.509932238028426, -33.331057597102088 ], [ 151.50960538652788, -33.331324235379725 ], [ 151.509603850865261, -33.331414403740858 ] ], [ [ 151.510041188086291, -33.33096871747022 ], [ 151.5100442584517, -33.330788380697662 ], [ 151.509935308628656, -33.330877260341083 ], [ 151.509932238028426, -33.331057597102088 ], [ 151.510041188086291, -33.33096871747022 ] ], [ [ 151.509765006404933, -33.32825979917817 ], [ 151.509872417828547, -33.328261087980003 ], [ 151.509873953030706, -33.328170919561998 ], [ 151.509766541717653, -33.328169630764563 ], [ 151.509765006404933, -33.32825979917817 ] ], [ [ 151.509651453226638, -33.328619183906675 ], [ 151.509758865085672, -33.328620472818905 ], [ 151.509760400425733, -33.328530304410776 ], [ 151.509761935758974, -33.328440136001284 ], [ 151.509654524121089, -33.328438847097843 ], [ 151.50965298867726, -33.328529015502937 ], [ 151.509651453226638, -33.328619183906675 ] ], [ [ 151.509557777806606, -33.33411945393641 ], [ 151.509665196410879, -33.334120743116657 ], [ 151.509666732168085, -33.334030574792337 ], [ 151.509559313674401, -33.334029285616481 ], [ 151.509557777806606, -33.33411945393641 ] ], [ [ 151.509412057850852, -33.330059299935911 ], [ 151.509519471465268, -33.330060589104114 ], [ 151.509521007135874, -33.329970420726752 ], [ 151.509413593632047, -33.32996913156294 ], [ 151.509412057850852, -33.330059299935911 ] ], [ [ 151.509628420646578, -33.329971709797725 ], [ 151.509629956199774, -33.329881541414593 ], [ 151.509522542799658, -33.329880252348026 ], [ 151.509521007135874, -33.329970420726752 ], [ 151.509628420646578, -33.329971709797725 ] ], [ [ 151.509432022472794, -33.32888711098029 ], [ 151.509539434649838, -33.328888400091365 ], [ 151.509540970231541, -33.32879823169614 ], [ 151.509433558165057, -33.328796942589463 ], [ 151.509432022472794, -33.32888711098029 ] ], [ [ 151.509318467022837, -33.329246495308332 ], [ 151.509425879635302, -33.329247784529819 ], [ 151.509427415354935, -33.329157616144492 ], [ 151.50932000285303, -33.329156326927396 ], [ 151.509318467022837, -33.329246495308332 ] ], [ [ 151.509336896533824, -33.32816447464652 ], [ 151.509444307819535, -33.328165763815285 ], [ 151.509445843457115, -33.32807559541348 ], [ 151.509338432281965, -33.328074306249114 ], [ 151.509336896533824, -33.32816447464652 ] ], [ [ 151.509246379324367, -33.327171332986204 ], [ 151.509353789387092, -33.327172622199456 ], [ 151.50935532506, -33.327082453786929 ], [ 151.509247915107807, -33.327081164578068 ], [ 151.509246379324367, -33.327171332986204 ] ], [ [ 151.509016198797582, -33.328070438199049 ], [ 151.509123609952212, -33.328071727641891 ], [ 151.509125145914595, -33.327981559251896 ], [ 151.509017734870554, -33.327980269813445 ], [ 151.509016198797582, -33.328070438199049 ] ], [ [ 151.508815202909346, -33.327256343594101 ], [ 151.508924149177204, -33.327167464789497 ], [ 151.508816739141849, -33.327166175204944 ], [ 151.508815202909346, -33.327256343594101 ] ], [ [ 151.508672454991313, -33.329328926383027 ], [ 151.508779867673269, -33.329330216165928 ], [ 151.508781404063143, -33.329240047808355 ], [ 151.508673991491719, -33.329238758029859 ], [ 151.508672454991313, -33.329328926383027 ] ], [ [ 151.508555822506452, -33.329868646571164 ], [ 151.508663235845006, -33.329869936473273 ], [ 151.508664772386481, -33.32977976812834 ], [ 151.508557359158488, -33.329778478230629 ], [ 151.508555822506452, -33.329868646571164 ] ], [ [ 151.508661699296653, -33.329960104816834 ], [ 151.508769112752617, -33.329961394630494 ], [ 151.508770649190382, -33.329871226282542 ], [ 151.508663235845006, -33.329869936473273 ], [ 151.508661699296653, -33.329960104816834 ] ], [ [ 151.508640186901516, -33.331222461482518 ], [ 151.508641723545651, -33.331132293158177 ], [ 151.508534308659051, -33.331131003194507 ], [ 151.508532771904385, -33.33122117151445 ], [ 151.508640186901516, -33.331222461482518 ] ], [ [ 151.50833638518921, -33.330136571475428 ], [ 151.508443798845775, -33.330137861576411 ], [ 151.508445335628949, -33.330047693244389 ], [ 151.508446872405273, -33.329957524910988 ], [ 151.508339458969857, -33.329956234818795 ], [ 151.508337922082944, -33.330046403147804 ], [ 151.50833638518921, -33.330136571475428 ] ], [ [ 151.50844226205578, -33.330228029907062 ], [ 151.508549675829784, -33.330229319919589 ], [ 151.5085481391435, -33.330319488253274 ], [ 151.508655553034885, -33.330320778177374 ], [ 151.508658626179454, -33.33014044149985 ], [ 151.508551212509218, -33.330139151584547 ], [ 151.508443798845775, -33.330137861576411 ], [ 151.50844226205578, -33.330228029907062 ] ], [ [ 151.508465313187287, -33.328875504803065 ], [ 151.508572725302741, -33.328876794749661 ], [ 151.508574261879545, -33.328786626393992 ], [ 151.508466849874623, -33.328785336451801 ], [ 151.508465313187287, -33.328875504803065 ] ], [ [ 151.508480679752864, -33.327973821228682 ], [ 151.508588090762714, -33.327975111131288 ], [ 151.508589627271078, -33.327884942761898 ], [ 151.508482216371789, -33.327883652863704 ], [ 151.508480679752864, -33.327973821228682 ] ], [ [ 151.508353290643839, -33.329144719795977 ], [ 151.508460703084154, -33.329146009848586 ], [ 151.508462239792038, -33.329055841501443 ], [ 151.508354827462284, -33.329054551453233 ], [ 151.508353290643839, -33.329144719795977 ] ], [ [ 151.508164594525681, -33.327609277548433 ], [ 151.508163057595596, -33.327699445904351 ], [ 151.508270468253272, -33.327700736072259 ], [ 151.508272005072769, -33.327610567711936 ], [ 151.508164594525681, -33.327609277548433 ] ], [ [ 151.508027979043135, -33.329321185736127 ], [ 151.508135391684021, -33.32932247607603 ], [ 151.508136928737315, -33.329232307744832 ], [ 151.50802951620696, -33.329231017409327 ], [ 151.508027979043135, -33.329321185736127 ] ], [ [ 151.508043350373441, -33.328419502406348 ], [ 151.508150761908695, -33.328420792702261 ], [ 151.508152298893521, -33.328330624357342 ], [ 151.508044887468799, -33.328329334065813 ], [ 151.508043350373441, -33.328419502406348 ] ], [ [ 151.507946699142821, -33.327787033635794 ], [ 151.50805410989733, -33.327788323993765 ], [ 151.508055646944797, -33.32769815564361 ], [ 151.507948236300848, -33.327696865290044 ], [ 151.507946699142821, -33.327787033635794 ] ], [ [ 151.507883669769654, -33.331483934628807 ], [ 151.507991085057455, -33.3314852251671 ], [ 151.507992622385586, -33.331395056873276 ], [ 151.507885207208346, -33.33139376633936 ], [ 151.507883669769654, -33.331483934628807 ] ], [ [ 151.507776254488704, -33.331482643997646 ], [ 151.507670376874444, -33.331391184993009 ], [ 151.507561423947323, -33.331480062456812 ], [ 151.507776254488704, -33.331482643997646 ] ], [ [ 151.507624466920362, -33.32778316200492 ], [ 151.507622929423803, -33.327873330336097 ], [ 151.507730340268324, -33.327874620976949 ], [ 151.507731877654322, -33.327784452641374 ], [ 151.507624466920362, -33.32778316200492 ] ], [ [ 151.507728802875505, -33.327964789311153 ], [ 151.507836213837464, -33.327966079863579 ], [ 151.507837751119723, -33.327875911524984 ], [ 151.507730340268324, -33.327874620976949 ], [ 151.507728802875505, -33.327964789311153 ] ], [ [ 151.507674989812955, -33.331120680142881 ], [ 151.507673452173634, -33.331210848427638 ], [ 151.507780867116026, -33.331212139138444 ], [ 151.507782404644757, -33.331121970849281 ], [ 151.507674989812955, -33.331120680142881 ] ], [ [ 151.507627541892901, -33.327602825338438 ], [ 151.507734952405769, -33.327604115966096 ], [ 151.507736489771219, -33.3275139476264 ], [ 151.507629079368883, -33.327512657003147 ], [ 151.507627541892901, -33.327602825338438 ] ], [ [ 151.507593715688529, -33.329586528367514 ], [ 151.507701128633784, -33.329587819091948 ], [ 151.507702666149839, -33.329497650782479 ], [ 151.507704203659046, -33.329407482471609 ], [ 151.507596790934969, -33.329406191755972 ], [ 151.507595253315174, -33.329496360062436 ], [ 151.507593715688529, -33.329586528367514 ] ], [ [ 151.507391192409045, -33.328862600231425 ], [ 151.50749860445606, -33.328863891106337 ], [ 151.507500142138497, -33.328773722794658 ], [ 151.507392730202042, -33.328772431924143 ], [ 151.507391192409045, -33.328862600231425 ] ], [ [ 151.507335827300381, -33.332108658378139 ], [ 151.507443243327998, -33.332109949411461 ], [ 151.507444781256964, -33.332019781149242 ], [ 151.507337365339907, -33.332018490120326 ], [ 151.507335827300381, -33.332108658378139 ] ], [ [ 151.507306848203058, -33.327508784576402 ], [ 151.506983078959507, -33.327595079623094 ], [ 151.506875668494587, -33.327593788345638 ], [ 151.506874130237833, -33.327683956648769 ], [ 151.507088951395644, -33.327686539119654 ], [ 151.507196361984825, -33.327687830215844 ], [ 151.507305310395395, -33.327598952898505 ], [ 151.507306848203058, -33.327508784576402 ] ], [ [ 151.507521668973425, -33.327511366287055 ], [ 151.507523206553145, -33.32742119795477 ], [ 151.507306848203058, -33.327508784576402 ], [ 151.507521668973425, -33.327511366287055 ] ], [ [ 151.507513980972163, -33.327962207927811 ], [ 151.507515518586132, -33.327872039602411 ], [ 151.507408107755282, -33.327870748775894 ], [ 151.507406570030753, -33.32796091709691 ], [ 151.507405032299403, -33.328051085416533 ], [ 151.507513980972163, -33.327962207927811 ] ], [ [ 151.507286856169145, -33.328680972656564 ], [ 151.507394267988161, -33.328682263615512 ], [ 151.507395805767459, -33.328592095305495 ], [ 151.507288394058975, -33.328590804350945 ], [ 151.507286856169145, -33.328680972656564 ] ], [ [ 151.507217644036956, -33.332738544987372 ], [ 151.507325060831818, -33.332739836144341 ], [ 151.50732659891932, -33.332649667896149 ], [ 151.507219182235019, -33.332648376743585 ], [ 151.507217644036956, -33.332738544987372 ] ], [ [ 151.507120995265666, -33.33210607603295 ], [ 151.507119456998112, -33.332196244280581 ], [ 151.507226873122619, -33.332197535504001 ], [ 151.507228411279613, -33.332107367251965 ], [ 151.507120995265666, -33.33210607603295 ] ], [ [ 151.507022809383528, -33.331563775232837 ], [ 151.507021271046511, -33.331653943484305 ], [ 151.507128686500664, -33.331655234774153 ], [ 151.507130224727121, -33.331565066518287 ], [ 151.507022809383528, -33.331563775232837 ] ], [ [ 151.507237640077591, -33.331566357710891 ], [ 151.507239178186609, -33.331476189449241 ], [ 151.507133301159485, -33.331384730002398 ], [ 151.507025886037042, -33.331383438725751 ], [ 151.507130224727121, -33.331565066518287 ], [ 151.507237640077591, -33.331566357710891 ] ], [ [ 151.507193286114131, -33.327868166844389 ], [ 151.507300696931281, -33.327869457856558 ], [ 151.507302234759493, -33.327779289538583 ], [ 151.507194824052903, -33.327777998530806 ], [ 151.507193286114131, -33.327868166844389 ] ], [ [ 151.506869515426473, -33.327954461549886 ], [ 151.506976926333635, -33.327955752844943 ], [ 151.506978464500378, -33.327865584541541 ], [ 151.506871053703776, -33.327864293250876 ], [ 151.506869515426473, -33.327954461549886 ] ], [ [ 151.506832594716116, -33.33011850031378 ], [ 151.506940008276814, -33.330119791714488 ], [ 151.506941546607948, -33.330029623444062 ], [ 151.506834133157838, -33.330028332047746 ], [ 151.506832594716116, -33.33011850031378 ] ], [ [ 151.506771334750539, -33.32741216037379 ], [ 151.506878744987517, -33.327413451735275 ], [ 151.506880283223722, -33.327323283428022 ], [ 151.506772873097333, -33.327321992070935 ], [ 151.506771334750539, -33.32741216037379 ] ], [ [ 151.506611612895313, -33.330476590249006 ], [ 151.506719026884582, -33.330477881853 ], [ 151.506720565464263, -33.330387713596863 ], [ 151.506613151585583, -33.330386421997289 ], [ 151.506611612895313, -33.330476590249006 ] ], [ [ 151.506633153935468, -33.329214234599775 ], [ 151.506740566376806, -33.329215526142143 ], [ 151.506742104860592, -33.329125357866772 ], [ 151.506634692529815, -33.329124066328802 ], [ 151.506633153935468, -33.329214234599775 ] ], [ [ 151.506266284816377, -33.331825238292929 ], [ 151.506375239457952, -33.331736362019171 ], [ 151.506160408431242, -33.331733778038014 ], [ 151.506158869195872, -33.331823946251518 ], [ 151.506266284816377, -33.331825238292929 ] ], [ [ 151.50637370044376, -33.331826530241493 ], [ 151.506588531719075, -33.331829113860081 ], [ 151.506699024725066, -33.33165006905768 ], [ 151.506484193878379, -33.331647485642392 ], [ 151.506375239457952, -33.331736362019171 ], [ 151.50637370044376, -33.331826530241493 ] ], [ [ 151.506364466214563, -33.332367539546524 ], [ 151.506471882512272, -33.33236883142866 ], [ 151.506473421457031, -33.33227866321019 ], [ 151.506366005269911, -33.332277371332452 ], [ 151.506364466214563, -33.332367539546524 ] ], [ [ 151.506580837651001, -33.33227995499508 ], [ 151.50658237647832, -33.332189786770826 ], [ 151.506583915298791, -33.3320996185452 ], [ 151.506585454112383, -33.332009450318196 ], [ 151.506478038250151, -33.332008158546522 ], [ 151.50647649932597, -33.33209832676912 ], [ 151.50636754431838, -33.332187203117016 ], [ 151.506473421457031, -33.33227866321019 ], [ 151.506580837651001, -33.33227995499508 ] ], [ [ 151.506444488004405, -33.327678790593033 ], [ 151.506551898552488, -33.327680082246211 ], [ 151.506553437140894, -33.327589913956295 ], [ 151.506446026703372, -33.327588622307516 ], [ 151.506444488004405, -33.327678790593033 ] ], [ [ 151.506293988013937, -33.330202210160316 ], [ 151.506401401650947, -33.330203502029612 ], [ 151.50640294054179, -33.33011333378257 ], [ 151.50629552701534, -33.330112041917673 ], [ 151.506293988013937, -33.330202210160316 ] ], [ [ 151.506168104505235, -33.331282936949869 ], [ 151.506275519462292, -33.331284228964854 ], [ 151.506277058545948, -33.33119406073871 ], [ 151.506169643699479, -33.33119276872813 ], [ 151.506168104505235, -33.331282936949869 ] ], [ [ 151.506155790704554, -33.332004282674419 ], [ 151.506263206546237, -33.332005574724633 ], [ 151.506264745684746, -33.331915406509459 ], [ 151.506157329953624, -33.33191411446365 ], [ 151.506155790704554, -33.332004282674419 ] ], [ [ 151.506011767577633, -33.327853959583706 ], [ 151.506119178319409, -33.327855251617009 ], [ 151.506120717363757, -33.327765083347458 ], [ 151.506013306732541, -33.32776379131856 ], [ 151.506011767577633, -33.327853959583706 ] ], [ [ 151.506117639268211, -33.327945419885189 ], [ 151.506225050127398, -33.327946711830059 ], [ 151.506226589068064, -33.327856543557481 ], [ 151.506119178319409, -33.327855251617009 ], [ 151.506117639268211, -33.327945419885189 ] ], [ [ 151.506007150071781, -33.328124464370923 ], [ 151.506114561145239, -33.328125756417435 ], [ 151.506116100210136, -33.328035588151998 ], [ 151.506008689247238, -33.328034296109905 ], [ 151.506007150071781, -33.328124464370923 ] ], [ [ 151.505948656324392, -33.331550857271971 ], [ 151.505839701502794, -33.331639733168288 ], [ 151.505945577431902, -33.331731193685485 ], [ 151.506054532267228, -33.3316423176977 ], [ 151.505948656324392, -33.331550857271971 ] ], [ [ 151.505934801092252, -33.332362371089523 ], [ 151.505933261587728, -33.332452539284596 ], [ 151.506040677968628, -33.332453831542523 ], [ 151.506042217362562, -33.332363663343045 ], [ 151.506045296129855, -33.332183326939948 ], [ 151.505937880080722, -33.332182034695236 ], [ 151.505934801092252, -33.332362371089523 ] ], [ [ 151.505780012525889, -33.328843225967709 ], [ 151.505887424470131, -33.328844518235123 ], [ 151.505888963810975, -33.328754349989481 ], [ 151.505781551977321, -33.328753057726466 ], [ 151.505780012525889, -33.328843225967709 ] ], [ [ 151.505624870765757, -33.331637148267504 ], [ 151.505732286130865, -33.331638440764316 ], [ 151.505733825794835, -33.331548272565684 ], [ 151.505626410540316, -33.331546980073277 ], [ 151.505624870765757, -33.331637148267504 ] ], [ [ 151.505730746460017, -33.331728608961583 ], [ 151.505729206782348, -33.331818777157473 ], [ 151.505836622375426, -33.331820069570249 ], [ 151.505838161942535, -33.331729901369954 ], [ 151.505730746460017, -33.331728608961583 ] ], [ [ 151.505726127406405, -33.331999113545116 ], [ 151.505727667097801, -33.331908945351984 ], [ 151.505620251400956, -33.331907652841949 ], [ 151.505618711598999, -33.33199782103069 ], [ 151.505726127406405, -33.331999113545116 ] ], [ [ 151.505549791555239, -33.329742323402996 ], [ 151.505657204591415, -33.329743615900135 ], [ 151.505658744221989, -33.329653447677039 ], [ 151.505551331296346, -33.329652155184313 ], [ 151.505549791555239, -33.329742323402996 ] ], [ [ 151.505313405311625, -33.331002092924081 ], [ 151.505420819882119, -33.331003385668573 ], [ 151.505422359829794, -33.330913217473537 ], [ 151.505314945369918, -33.330911924733449 ], [ 151.505313405311625, -33.331002092924081 ] ], [ [ 151.505307245009931, -33.331362765672857 ], [ 151.505414660022723, -33.331364058434978 ], [ 151.505416199997853, -33.331273890245441 ], [ 151.50530878509565, -33.331272597487725 ], [ 151.505307245009931, -33.331362765672857 ] ], [ [ 151.505187508186793, -33.332082818214261 ], [ 151.50518596792881, -33.332172986382616 ], [ 151.505293383929938, -33.33217427927724 ], [ 151.505294924077361, -33.332084111104471 ], [ 151.505187508186793, -33.332082818214261 ] ], [ [ 151.504876044492534, -33.331447761862094 ], [ 151.505198289800887, -33.331451640997251 ], [ 151.505199830004017, -33.331361472817896 ], [ 151.50487758502743, -33.331357593695962 ], [ 151.504876044492534, -33.331447761862094 ] ], [ [ 151.505095495611812, -33.331179843516075 ], [ 151.505097035904981, -33.331089675336997 ], [ 151.504989621244505, -33.331088382309574 ], [ 151.504988080840775, -33.331178550484246 ], [ 151.505095495611812, -33.331179843516075 ] ], [ [ 151.505086253708924, -33.331720852561631 ], [ 151.504980378719296, -33.331629391336939 ], [ 151.504975757364065, -33.331899895832066 ], [ 151.505084713367751, -33.331811020731081 ], [ 151.505086253708924, -33.331720852561631 ] ], [ [ 151.504662755077334, -33.331355007150449 ], [ 151.504770170048943, -33.331356300469629 ], [ 151.50477171068755, -33.331266132306524 ], [ 151.504664295826473, -33.331264838991778 ], [ 151.504662755077334, -33.331355007150449 ] ], [ [ 151.472726593386483, -33.406722328163887 ], [ 151.473045955887301, -33.406906630052568 ], [ 151.475411095903212, -33.406935720922505 ], [ 151.4772874818714, -33.404163025251712 ], [ 151.477628866281009, -33.403084991743263 ], [ 151.478288026874992, -33.402281411251622 ], [ 151.478725888773454, -33.401835854786178 ], [ 151.481874768796359, -33.400070720608525 ], [ 151.482979527815843, -33.398370711321647 ], [ 151.483663663477131, -33.396124438067908 ], [ 151.483808741846644, -33.393961759011461 ], [ 151.485106455984152, -33.393526682878168 ], [ 151.485218639792691, -33.393257495908635 ], [ 151.484364980612497, -33.392886328713367 ], [ 151.484807457753334, -33.392170248592379 ], [ 151.48416409097473, -33.392072204673781 ], [ 151.483634478219699, -33.391614805530558 ], [ 151.482000887864785, -33.386634624848547 ], [ 151.480183114133808, -33.386071260468903 ], [ 151.479528808833663, -33.386604358096044 ], [ 151.479407196552103, -33.387414537727956 ], [ 151.478631254455649, -33.388757809176418 ], [ 151.478727742378339, -33.389390290682655 ], [ 151.478286802663831, -33.390016182206438 ], [ 151.477747802009503, -33.390099756180774 ], [ 151.477197792460458, -33.390814490873574 ], [ 151.477727365693028, -33.391271916462784 ], [ 151.477825421087744, -33.391814232155568 ], [ 151.477281691181247, -33.392168302185112 ], [ 151.476836007209045, -33.393064685921473 ], [ 151.476704918871462, -33.394415857627052 ], [ 151.476262364291046, -33.395131906388677 ], [ 151.476134410745118, -33.39630274466284 ], [ 151.475690266854969, -33.397108956771092 ], [ 151.476112373850839, -33.397565068899155 ], [ 151.475970244296093, -33.399547400224392 ], [ 151.474564899882154, -33.399981054800946 ], [ 151.473929372004079, -33.399432127143456 ], [ 151.471000100071706, -33.400929208655015 ], [ 151.471616671286824, -33.40256014002518 ], [ 151.47149021993269, -33.403640804347326 ], [ 151.471705224320004, -33.403643453302301 ], [ 151.471697329091029, -33.404094281952169 ], [ 151.470072142501152, -33.404795730601869 ], [ 151.470171742588406, -33.405247884639223 ], [ 151.470595437929092, -33.405613849613076 ], [ 151.470263440365471, -33.406150866792267 ], [ 151.469721170671335, -33.406414733858384 ], [ 151.469060318263701, -33.407308430737409 ], [ 151.467115696938919, -33.407825526085425 ], [ 151.466997100730737, -33.408455355819342 ], [ 151.469360694290287, -33.408574728744505 ], [ 151.469795470847316, -33.408309537601475 ], [ 151.469804958404609, -33.407768544066471 ], [ 151.472726593386483, -33.406722328163887 ] ], [ [ 151.460280002026337, -33.417390648000406 ], [ 151.460825550351927, -33.416946495280456 ], [ 151.461358369073764, -33.417223660802556 ], [ 151.461176736601743, -33.415327525784789 ], [ 151.460419350140285, -33.415588681346165 ], [ 151.459442148738162, -33.416117656566882 ], [ 151.459214373262114, -33.416836305636309 ], [ 151.459527372273357, -33.417381302361278 ], [ 151.460280002026337, -33.417390648000406 ] ] ] } }
]
}
