site_id,fold,y_true,probability,prediction
site_03548,1,0,5.13159251071454e-07,0
site_13215,1,0,5.172762915647529e-07,0
site_06406,1,0,1.4470947509346135e-10,0
site_07462,1,0,1.065880385060747e-08,0
site_16599,1,0,1.1585316304068973e-10,0
site_13622,1,0,8.827785346764606e-07,0
site_02073,1,0,2.0217983574228852e-10,0
site_04029,1,0,5.570857527777099e-11,0
site_06836,1,0,1.158541648185976e-10,0
site_18494,1,0,2.2785615681684552e-09,0
site_14315,1,0,2.816896773234792e-09,0
site_01157,1,0,8.104275473330893e-08,0
site_20368,1,0,7.745578031332417e-07,0
site_15216,1,0,3.062066497988843e-07,0
site_11102,1,0,1.6693152594802013e-09,0
site_14200,1,0,5.883265626600877e-07,0
site_18527,1,0,5.131637837235985e-07,0
site_02879,1,0,5.54057713569993e-07,0
site_18197,1,0,5.883265626600877e-07,0
site_12607,1,0,2.6061096698433182e-11,0
site_20823,1,0,5.883265626600877e-07,0
site_14787,1,0,8.871889127618368e-10,0
site_00823,1,0,3.4188215448862363e-07,0
site_00930,1,0,2.837802167319215e-09,0
site_03885,1,0,5.883213661136059e-07,0
site_01711,1,0,7.745510564844438e-07,0
site_14172,1,0,5.034425059446121e-07,0
site_09005,1,0,5.883213661136059e-07,0
site_20969,1,0,5.231304746317711e-07,0
site_09735,1,0,2.970454574527182e-07,0
site_19023,1,0,7.745578031332417e-07,0
site_17449,1,0,2.095035314460108e-09,0
site_11413,1,0,7.758317635569148e-08,0
site_02987,1,0,3.5891715301988477e-07,0
site_12377,1,1,0.9999991147803717,1
site_10461,1,0,4.201793592091787e-07,0
site_00039,1,1,0.9999999926190086,1
site_04983,1,0,1.158541648185976e-10,0
site_01046,1,0,5.883248222955841e-07,0
site_16719,1,0,2.026121006252551e-06,0
site_17467,1,0,5.889387491251297e-07,0
site_08115,1,0,9.097164503088027e-09,0
site_12024,1,0,2.0217983574228852e-10,0
site_00044,1,1,0.9999988202494172,1
site_01131,1,1,0.9999999702877163,1
site_15654,1,0,2.0217983574228852e-10,0
site_08116,1,0,5.131637837235985e-07,0
site_14996,1,0,9.454490771543824e-11,0
site_02595,1,0,2.6061012202775483e-11,0
site_12818,1,0,4.959781221744206e-07,0
site_01412,1,0,3.4879266433485215e-07,0
site_16187,1,1,0.9999999934423436,1
site_03286,1,0,2.095035314460108e-09,0
site_09514,1,1,0.9999999945823717,1
site_04272,1,0,5.131637837235985e-07,0
site_08069,1,0,5.252344727348403e-07,0
site_14885,1,0,5.131637837235985e-07,0
site_11306,1,0,5.131637837235985e-07,0
site_01052,1,0,1.1585316304068973e-10,0
site_06274,1,0,1.4470947509346135e-10,0
site_00274,1,0,5.172762915647529e-07,0
site_12233,1,0,9.201048842781338e-08,0
site_07900,1,0,3.2964619924318847e-07,0
site_18878,1,0,8.883248720193892e-11,0
site_20420,1,0,2.4913033782872574e-08,0
site_19461,1,0,2.934542346607694e-07,0
site_03103,1,1,0.9999999998064699,1
site_10164,1,0,2.2674415214938674e-09,0
site_10864,1,0,1.7900602339845405e-07,0
site_10297,1,0,3.746631800396998e-07,0
site_20786,1,0,5.889353267004741e-07,0
site_01762,1,0,5.034425059446121e-07,0
site_15748,1,0,2.0217983574228852e-10,0
site_17833,1,0,8.871889127618368e-10,0
site_09913,1,0,1.1202302322338726e-06,0
site_01781,1,0,5.889353267004741e-07,0
site_14203,1,0,3.4268507385653896e-09,0
site_04951,1,0,5.937156978153128e-09,0
site_00768,1,0,3.487936534183956e-07,0
site_00420,1,1,0.9999860760344345,1
site_09373,1,0,5.231304746317711e-07,0
site_00531,1,0,7.745578031332417e-07,0
site_00664,1,0,2.0564898776532747e-06,0
site_06914,1,0,5.131637837235985e-07,0
site_06358,1,0,2.2674415214938674e-09,0
site_17529,1,0,5.90533003223029e-11,0
site_01700,1,0,4.850996775759826e-11,0
site_20922,1,0,1.158541648185976e-10,0
site_00167,1,0,2.026121006252551e-06,0
site_14564,1,0,3.4188215448862363e-07,0
site_02865,1,0,3.4188215448862363e-07,0
site_14323,1,0,1.0632132072434443e-09,0
site_17075,1,1,0.9999999975683067,1
site_02616,1,0,3.589202565617839e-07,0
site_13445,1,0,5.883213661136059e-07,0
site_04621,1,0,5.883265626600877e-07,0
site_14139,1,0,1.4470947509346135e-10,0
site_00146,1,0,2.972271316941407e-09,0
site_17861,1,0,5.883265626600877e-07,0
site_01886,1,0,5.570826712441745e-11,0
site_11357,1,0,5.883265626600877e-07,0
site_04481,1,0,1.1202302322338726e-06,0
site_01408,1,0,3.4268507385653896e-09,0
site_21448,1,0,1.4557870434050508e-10,0
site_10115,1,0,1.7900602339845405e-07,0
site_04139,1,0,1.158541648185976e-10,0
site_10202,1,0,2.056507660006701e-06,0
site_07939,1,0,4.201793592091787e-07,0
site_08668,1,0,1.158541648185976e-10,0
site_12826,1,0,6.013377467264306e-10,0
site_02679,1,0,2.0217983574228852e-10,0
site_15056,1,0,1.6632095029820839e-09,0
site_14629,1,0,2.7568942046181525e-08,0
site_11570,1,0,1.0704135497875745e-07,0
site_10136,1,0,5.13159251071454e-07,0
site_01983,1,1,0.9999999216658929,1
site_21194,1,1,0.9999999435838401,1
site_02697,1,0,1.158541648185976e-10,0
site_10808,1,0,5.252344727348403e-07,0
site_00896,1,0,3.334724430583253e-11,0
site_19949,1,0,5.131637837235985e-07,0
site_00080,1,1,0.9999999710962124,1
site_10525,1,0,5.034425059446121e-07,0
site_14698,1,0,2.0261385260085696e-06,0
site_14070,1,0,5.889404191989141e-07,0
site_00835,1,0,3.5891797469689995e-07,0
site_14764,1,0,1.4470947509346135e-10,0
site_15303,1,0,8.537494336738151e-07,0
site_05986,1,0,5.034425059446121e-07,0
site_07472,1,0,3.4188215448862363e-07,0
site_03727,1,0,6.682581128933067e-07,0
site_01279,1,1,0.9999999849363423,1
site_06653,1,0,5.889404191989141e-07,0
site_15184,1,0,1.1202302322338726e-06,0
site_16900,1,0,1.1585316304068973e-10,0
site_04247,1,0,1.158541648185976e-10,0
site_14229,1,0,2.7568942046181525e-08,0
site_14298,1,0,1.6632095029820839e-09,0
site_16070,1,0,5.203072110715898e-07,0
site_12812,1,0,3.7165413924545247e-07,0
site_21216,1,0,4.959738335096152e-07,0
site_21408,1,1,0.9999999993974484,1
site_17796,1,0,2.7068860301840885e-09,0
site_13901,1,0,5.034425059446121e-07,0
site_18149,1,0,2.379093219538433e-06,0
site_10778,1,0,1.1202302322338726e-06,0
site_03531,1,0,5.883213661136059e-07,0
site_05441,1,0,5.131637837235985e-07,0
site_18359,1,0,1.1202302322338726e-06,0
site_18512,1,0,2.0217983574228852e-10,0
site_13571,1,0,4.2017564786572244e-07,0
site_16784,1,1,0.0011250626420712358,0
site_01092,1,1,0.9999999963452837,1
site_12064,1,0,3.062066497988843e-07,0
site_21011,1,1,0.9999999783614646,1
site_18624,1,0,3.2415231549810824e-07,0
site_15858,1,0,7.511594710808294e-07,0
site_04526,1,0,1.158541648185976e-10,0
site_07822,1,0,5.131637837235985e-07,0
site_09788,1,0,5.203072110715898e-07,0
site_03990,1,0,3.7165413924545247e-07,0
site_06385,1,0,1.1202203375159636e-06,0
site_13431,1,0,5.883265626600877e-07,0
site_02815,1,0,2.056501828322581e-06,0
site_08193,1,0,5.68479043753754e-07,0
site_08929,1,0,3.746631800396998e-07,0
site_00942,1,0,6.013377467264306e-10,0
site_07415,1,0,1.4470947509346135e-10,0
site_13665,1,0,8.871832723837508e-10,0
site_01565,1,0,3.4188118500419694e-07,0
site_05268,1,0,1.2220426404447924e-10,0
site_13157,1,0,3.690895223150266e-07,0
site_14664,1,0,5.252344727348403e-07,0
site_00933,1,0,9.624379602449243e-09,0
site_09039,1,0,2.816896773234792e-09,0
site_13517,1,0,5.883265626600877e-07,0
site_20915,1,0,5.883265626600877e-07,0
site_20147,1,0,1.5140003199685082e-08,0
site_05622,1,0,5.889404191989141e-07,0
site_20552,1,1,0.9999999146814524,1
site_11991,1,1,0.9999883416501948,1
site_05903,1,0,2.70686212089935e-09,0
site_19932,1,1,0.9999996747462229,1
site_11956,1,0,8.369186326574264e-07,0
site_09868,1,0,1.5546600008870174e-05,0
site_12006,1,1,0.9999999980356471,1
site_00901,1,1,0.9999962101535591,1
site_08805,1,0,1.065880385060747e-08,0
site_01560,1,0,2.6061012202775483e-11,0
site_04707,1,0,3.487936534183956e-07,0
site_16235,1,0,4.1779054444203705e-09,0
site_10445,1,0,1.4470947509346135e-10,0
site_14531,1,0,5.203072110715898e-07,0
site_10581,1,0,8.369186326574264e-07,0
site_19012,1,0,2.0261385260085696e-06,0
site_11143,1,0,3.9948358404695263e-07,0
site_09718,1,0,2.0217983574228852e-10,0
site_11481,1,0,1.158541648185976e-10,0
site_01028,1,0,3.680440446006325e-08,0
site_12185,1,0,5.131637837235985e-07,0
site_19520,1,1,0.9999999999542082,1
site_08319,1,0,5.131637837235985e-07,0
site_02233,1,0,5.102215668987032e-08,0
site_07387,1,0,1.4470947509346135e-10,0
site_17124,1,1,0.9999996726559065,1
site_14747,1,0,1.4470947509346135e-10,0
site_19144,1,0,5.203072110715898e-07,0
site_16428,1,1,0.9999989687171147,1
site_04303,1,0,5.883265626600877e-07,0
site_16623,1,0,2.0217983574228852e-10,0
site_14445,1,0,9.455021430699885e-11,0
site_04572,1,0,1.158541648185976e-10,0
site_09331,1,1,0.9999999998289191,1
site_01869,1,0,3.612097219748118e-07,0
site_01764,1,0,4.177917803379746e-09,0
site_02356,1,0,8.702956553378697e-09,0
site_04133,1,0,5.034425059446121e-07,0
site_01240,1,1,0.9999962576266135,1
site_10703,1,0,2.2253901815735728e-06,0
site_03770,1,0,3.589202565617839e-07,0
site_14889,1,0,5.131637837235985e-07,0
site_10402,1,0,2.0217804993556397e-10,0
site_05423,1,0,3.4188215448862363e-07,0
site_07300,1,0,5.131637837235985e-07,0
site_05992,1,0,6.682581128933067e-07,0
site_10151,1,0,4.807838246685953e-09,0
site_02404,1,0,3.2121176349721647e-09,0
site_01299,1,0,1.158541648185976e-10,0
site_16819,1,0,1.455799631540414e-10,0
site_15370,1,0,5.203072110715898e-07,0
site_12459,1,0,5.454595433485543e-07,0
site_13352,1,0,8.130121400968782e-07,0
site_17606,1,0,4.959781221744206e-07,0
site_09404,1,0,3.945310890871477e-09,0
site_18371,1,0,5.67373027716332e-07,0
site_04160,1,0,3.2964619924318847e-07,0
site_10127,1,0,6.712998063337477e-05,0
site_12085,1,0,5.889404191989141e-07,0
site_21108,1,1,0.0008174557272311904,0
site_19256,1,0,3.680440446006325e-08,0
site_07783,1,0,8.104332660858463e-08,0
site_17153,1,0,2.7568942046181525e-08,0
site_13889,1,0,1.447090470193308e-10,0
site_08211,1,0,8.871889127618368e-10,0
site_03645,1,0,3.690895223150266e-07,0
site_09314,1,0,4.4496086782162456e-07,0
site_15515,1,0,3.487936534183956e-07,0
site_02283,1,0,3.655439414892252e-07,0
site_04937,1,0,3.4188215448862363e-07,0
site_19253,1,0,5.766461474899713e-09,0
site_17078,1,0,4.223609584884019e-08,0
site_01013,1,0,5.889366749628963e-07,0
site_03741,1,0,3.4879063744003073e-07,0
site_02643,1,0,5.68479043753754e-07,0
site_17030,1,1,0.9999998894239701,1
site_11215,1,0,8.883248720193892e-11,0
site_01885,1,0,3.4879063744003073e-07,0
site_20198,1,1,0.9999999998208629,1
site_09578,1,0,2.0261385260085696e-06,0
site_21227,1,1,0.9999999519840531,1
site_10163,1,0,5.570857527777099e-11,0
site_16501,1,0,4.223609584884019e-08,0
site_20370,1,0,5.937156978153128e-09,0
site_20183,1,0,4.201781162509115e-07,0
site_00722,1,0,5.889366749628963e-07,0
site_16282,1,0,3.487936534183956e-07,0
site_10494,1,1,0.9999999873343336,1
site_01666,1,0,8.82770737309097e-07,0
site_12400,1,0,1.5200200874619635e-05,0
site_07434,1,0,5.131637837235985e-07,0
site_19186,1,0,3.1610690738562746e-09,0
site_19277,1,0,1.4470947509346135e-10,0
site_18989,1,0,2.379093219538433e-06,0
site_19583,1,0,3.418791982731699e-07,0
site_03066,1,0,5.203072110715898e-07,0
site_07935,1,0,5.883265626600877e-07,0
site_11092,1,0,1.4470947509346135e-10,0
site_04458,1,0,1.2220426404447924e-10,0
site_06799,1,0,1.158541648185976e-10,0
site_04955,1,0,1.158541648185976e-10,0
site_16712,1,0,5.454595433485543e-07,0
site_03736,1,0,5.131604258581519e-07,0
site_03571,1,0,5.034425059446121e-07,0
site_03345,1,0,6.778588023301987e-09,0
site_12201,1,0,5.454595433485543e-07,0
site_19701,1,0,5.172808605820264e-07,0
site_04180,1,0,3.2964619924318847e-07,0
site_07845,1,0,1.158541648185976e-10,0
site_15337,1,0,4.201793592091787e-07,0
site_12813,1,0,3.690895223150266e-07,0
site_11314,1,0,5.454595433485543e-07,0
site_08058,1,0,1.4470947509346135e-10,0
site_03442,1,0,3.7464944900536745e-10,0
site_08521,1,0,8.369186326574264e-07,0
site_05859,1,0,5.203072110715898e-07,0
site_00442,1,0,8.130169162573868e-07,0
site_12220,1,0,8.871889127618368e-10,0
site_11194,1,0,5.883265626600877e-07,0
site_10618,1,1,0.9999999999586131,1
site_10701,1,0,1.158541648185976e-10,0
site_13143,1,0,1.1826543207644573e-10,0
site_01205,1,1,0.9999999999225724,1
site_01853,1,0,5.889387491251297e-07,0
site_16403,1,0,3.062066497988843e-07,0
site_18637,1,0,1.4470947509346135e-10,0
site_04223,1,0,8.871889127618368e-10,0
site_17745,1,0,2.6061012202775483e-11,0
site_16619,1,1,0.9999999584337194,1
site_15817,1,0,3.487936534183956e-07,0
site_04703,1,0,5.203072110715898e-07,0
site_10992,1,0,1.7631284455931122e-07,0
site_10428,1,0,5.131637837235985e-07,0
site_13213,1,0,5.13159251071454e-07,0
site_04764,1,0,5.570857527777099e-11,0
site_00363,1,0,8.871863969355033e-10,0
site_12960,1,0,4.201793592091787e-07,0
site_05220,1,0,5.203072110715898e-07,0
site_02150,1,0,2.0217983574228852e-10,0
site_16597,1,0,6.013325470267025e-10,0
site_02983,1,0,8.369113428261034e-07,0
site_03422,1,0,3.487936534183956e-07,0
site_09679,1,0,5.883265626600877e-07,0
site_03559,1,0,2.0217983574228852e-10,0
site_21314,1,1,0.9999991142693287,1
site_07082,1,0,5.131637837235985e-07,0
site_03787,1,0,4.1657539669344636e-07,0
site_19889,1,0,5.883265626600877e-07,0
site_13869,1,0,2.0217983574228852e-10,0
site_09517,1,0,2.5083769024431832e-05,0
site_15208,1,0,5.203072110715898e-07,0
site_05027,1,0,1.4470947509346135e-10,0
site_07487,1,0,1.1202302322338726e-06,0
site_08340,1,0,5.68479043753754e-07,0
site_01856,1,0,5.454595433485543e-07,0
site_09100,1,0,9.401768831712746e-11,0
site_18115,1,0,1.1202285189456636e-06,0
site_07274,1,0,1.4470947509346135e-10,0
site_03469,1,1,0.99999996391938,1
site_05236,1,0,9.401768831712746e-11,0
site_14171,1,0,3.487936534183956e-07,0
site_05202,1,0,1.6632095029820839e-09,0
site_05386,1,0,5.131637837235985e-07,0
site_13433,1,0,1.1202302322338726e-06,0
site_21247,1,0,5.172762915647529e-07,0
site_02848,1,0,2.816896773234792e-09,0
site_13697,1,0,5.68479043753754e-07,0
site_09375,1,0,1.1202302322338726e-06,0
site_17576,1,0,3.7179438599999333e-07,0
site_00188,1,1,0.9999949684696494,1
site_06421,1,0,1.158541648185976e-10,0
site_13224,1,0,9.401685788109828e-11,0
site_19413,1,0,1.4470947509346135e-10,0
site_19585,1,0,5.883213661136059e-07,0
site_16669,1,1,0.9999999521511663,1
site_08669,1,0,3.589202565617839e-07,0
site_00689,1,0,8.82775923276479e-07,0
site_08985,1,0,7.927472834519494e-07,0
site_06677,1,0,4.921384234086383e-07,0
site_12267,1,1,0.9999999834021112,1
site_00104,1,1,0.99999999976499,1
site_16785,1,1,0.9999982908923838,1
site_18478,1,0,8.369186326574264e-07,0
site_04081,1,0,5.67373027716332e-07,0
site_09024,1,0,3.487936534183956e-07,0
site_09489,1,0,2.095035314460108e-09,0
site_15945,1,0,8.2147924612767e-09,0
site_03723,1,0,5.203072110715898e-07,0
site_16531,1,0,3.062066497988843e-07,0
site_06402,1,0,5.131637837235985e-07,0
site_17203,1,0,5.889404191989141e-07,0
site_15092,1,0,1.6044146586913396e-09,0
site_04487,1,0,3.746631800396998e-07,0
site_08132,1,0,4.959781221744206e-07,0
site_10844,1,1,0.9999999999228455,1
site_09014,1,0,1.447081969088556e-10,0
site_01469,1,0,1.257694506090048e-08,0
site_09933,1,0,5.883265626600877e-07,0
site_11561,1,1,0.9999999862901243,1
site_13242,1,0,5.889353267004741e-07,0
site_12655,1,0,2.0261385260085696e-06,0
site_11196,1,0,5.131637837235985e-07,0
site_20005,1,0,1.1213347708039867e-08,0
site_13283,1,0,7.112023562305967e-07,0
site_00632,1,0,5.13159251071454e-07,0
site_16499,1,0,4.223609584884019e-08,0
site_15883,1,0,1.158541648185976e-10,0
site_00180,1,0,9.413956491611727e-09,0
site_06263,1,0,1.1202285189456636e-06,0
site_20329,1,0,1.447081969088556e-10,0
site_19309,1,0,7.111960743526693e-07,0
site_11716,1,0,1.0546591417900137e-07,0
site_21359,1,1,0.9999999999193221,1
site_02014,1,0,5.889404191989141e-07,0
site_06113,1,0,1.447081969088556e-10,0
site_11758,1,0,3.062066497988843e-07,0
site_20559,1,0,8.408097069193365e-09,0
site_21355,1,1,0.9999999967487461,1
site_03397,1,1,0.999999999935161,1
site_02845,1,1,0.9999999997701399,1
site_04430,1,0,3.487936534183956e-07,0
site_15844,1,0,5.203072110715898e-07,0
site_12974,1,0,2.6061012202775483e-11,0
site_04021,1,0,6.682581128933067e-07,0
site_00359,1,0,5.13159251071454e-07,0
site_19667,1,1,0.999999998797674,1
site_14726,1,0,5.252344727348403e-07,0
site_00898,1,1,0.9999999774999212,1
site_15482,1,0,5.883213661136059e-07,0
site_06404,1,0,1.4470947509346135e-10,0
site_00465,1,1,0.9999999999523128,1
site_18677,1,0,5.883265626600877e-07,0
site_12886,1,1,0.9999999801550739,1
site_20568,1,0,7.511594710808294e-07,0
site_19406,1,0,4.807838246685953e-09,0
site_08530,1,0,5.172808605820264e-07,0
site_14515,1,0,5.131637837235985e-07,0
site_17168,1,1,0.9999989331025533,1
site_17068,1,0,5.13159251071454e-07,0
site_09557,1,0,9.401768831712746e-11,0
site_13831,1,0,5.889404191989141e-07,0
site_00089,1,0,3.4879063744003073e-07,0
site_06897,1,0,5.570857527777099e-11,0
site_12926,1,0,5.883265626600877e-07,0
site_05833,1,0,4.959738335096152e-07,0
site_19002,1,0,1.1202302322338726e-06,0
site_18619,1,0,7.745510564844438e-07,0
site_04966,1,0,1.4470947509346135e-10,0
site_06542,1,0,5.131637837235985e-07,0
site_15340,1,0,5.252344727348403e-07,0
site_02771,1,1,0.9999999980503191,1
site_00984,1,0,5.68474128182317e-07,0
site_12861,1,0,3.4879063744003073e-07,0
site_18823,1,0,5.252344727348403e-07,0
site_12687,1,0,5.889404191989141e-07,0
site_20002,1,1,0.9999996722575832,1
site_07444,1,0,5.131637837235985e-07,0
site_01667,1,0,5.889353267004741e-07,0
site_21412,1,1,0.9999999983189605,1
site_12126,1,1,0.9999969756104661,1
site_12533,1,0,3.2964619924318847e-07,0
site_20479,1,1,0.9999999261708413,1
site_11766,1,0,5.131637837235985e-07,0
site_08012,1,0,3.7464944900536745e-10,0
site_17062,1,0,2.026129181305574e-06,0
site_18073,1,0,5.883265626600877e-07,0
site_15079,1,0,1.158541648185976e-10,0
site_06434,1,0,5.131637837235985e-07,0
site_06537,1,0,1.4470947509346135e-10,0
site_12271,1,0,1.0704135497875745e-07,0
site_09911,1,0,5.131637837235985e-07,0
site_03850,1,0,4.201793592091787e-07,0
site_01880,1,0,3.4187998094482996e-07,0
site_12977,1,0,3.5891715301988477e-07,0
site_09280,1,0,7.745578031332417e-07,0
site_16749,1,0,5.203072110715898e-07,0
site_08443,1,0,3.062066497988843e-07,0
site_00553,1,1,0.9999997161224965,1
site_14207,1,0,3.7464944900536745e-10,0
site_16534,1,0,5.172793303820162e-07,0
site_09529,1,0,6.309944252523876e-11,0
site_10354,1,0,5.883265626600877e-07,0
site_20027,1,0,7.745578031332417e-07,0
site_12683,1,0,8.104332660858463e-08,0
site_19294,1,0,5.883265626600877e-07,0
site_10675,1,0,1.1202302322338726e-06,0
site_07788,1,0,2.3486339830401856e-09,0
site_02302,1,1,0.9999999925701921,1
site_07499,1,0,5.131637837235985e-07,0
site_15690,1,0,3.4268410209492395e-09,0
site_01558,1,0,2.6061012202775483e-11,0
site_19039,1,0,5.131622657025577e-07,0
site_05950,1,0,2.0261385260085696e-06,0
site_07244,1,0,5.131637837235985e-07,0
site_12593,1,0,1.1202302322338726e-06,0
site_01639,1,0,3.296441034904566e-07,0
site_06993,1,0,5.203072110715898e-07,0
site_06991,1,0,5.034425059446121e-07,0
site_08092,1,0,5.889404191989141e-07,0
site_17090,1,0,3.7165413924545247e-07,0
site_02903,1,0,3.062066497988843e-07,0
site_13659,1,0,5.454587091183092e-07,0
site_03553,1,0,4.959781221744206e-07,0
site_18164,1,0,6.013377467264306e-10,0
site_02838,1,1,0.9999999985777674,1
site_00311,1,0,5.13159251071454e-07,0
site_01030,1,0,4.470471491365266e-07,0
site_19730,1,1,0.9999999998208629,1
site_18271,1,0,1.455799631540414e-10,0
site_06842,1,0,1.4470947509346135e-10,0
site_04531,1,0,2.0217983574228852e-10,0
site_06153,1,0,5.883265626600877e-07,0
site_00789,1,0,1.1826465821121201e-10,0
site_15620,1,0,7.511583699906204e-07,0
site_12404,1,0,4.201793592091787e-07,0
site_15121,1,0,9.401768831712746e-11,0
site_06577,1,0,5.034425059446121e-07,0
site_12410,1,0,5.889404191989141e-07,0
site_04114,1,0,7.745578031332417e-07,0
site_08852,1,0,1.1202302322338726e-06,0
site_20505,1,0,1.455799631540414e-10,0
site_04891,1,0,5.131637837235985e-07,0
site_16563,1,0,1.4470947509346135e-10,0
site_03082,1,0,5.131622657025577e-07,0
site_18039,1,0,5.889387491251297e-07,0
site_10660,1,0,2.0217983574228852e-10,0
site_00786,1,0,2.0217923766149707e-10,0
site_07403,1,0,5.203072110715898e-07,0
site_03206,1,0,5.13159251071454e-07,0
site_15316,1,0,7.112023562305967e-07,0
site_12621,1,1,0.9999999999556881,1
site_07976,1,0,2.379093219538433e-06,0
site_19789,1,0,0.9999926282519404,1
site_10921,1,0,1.1202302322338726e-06,0
site_19334,1,0,5.883265626600877e-07,0
site_07202,1,0,6.013377467264306e-10,0
site_16969,1,0,2.8369545211534116e-09,0
site_09141,1,0,8.827785346764606e-07,0
site_09615,1,1,0.9999999992937285,1
site_20133,1,1,0.9999999976884979,1
site_07130,1,0,5.131637837235985e-07,0
site_16251,1,0,1.3843749656622018e-06,0
site_02725,1,0,7.872856883517759e-09,0
site_09327,1,0,2.91405567239998e-06,0
site_08992,1,0,1.1202302322338726e-06,0
site_11224,1,0,5.67373027716332e-07,0
site_11860,1,1,0.9999998717376479,1
site_16444,1,0,5.131637837235985e-07,0
site_08180,1,0,3.487936534183956e-07,0
site_12681,1,0,4.201793592091787e-07,0
site_16307,1,1,0.9999991934792963,1
site_10512,1,0,2.379072647836397e-06,0
site_18946,1,0,5.252344727348403e-07,0
site_17347,1,0,1.158541648185976e-10,0
site_11849,1,1,0.9999999999264835,1
site_08224,1,0,8.104332660858463e-08,0
site_00815,1,0,1.604403635499568e-09,0
site_04220,1,0,5.889404191989141e-07,0
site_16341,1,0,1.6632095029820839e-09,0
site_14597,1,0,2.3486339830401856e-09,0
site_16810,1,0,1.158541648185976e-10,0
site_14498,1,0,1.6044146586913396e-09,0
site_16506,1,0,5.540626074713981e-07,0
site_00458,1,0,7.363845751870446e-11,0
site_13155,1,0,3.690895223150266e-07,0
site_16262,1,0,8.871889127618368e-10,0
site_00072,1,0,3.9265969734197466e-07,0
site_11714,1,1,0.9999999996346371,1
site_02734,1,0,8.369186326574264e-07,0
site_20389,1,0,8.871889127618368e-10,0
site_19258,1,0,3.4188215448862363e-07,0
site_08391,1,0,3.487936534183956e-07,0
site_00445,1,0,5.034425059446121e-07,0
site_16855,1,0,2.344263053867502e-08,0
site_19018,1,0,5.252344727348403e-07,0
site_00998,1,0,1.1103572040433965e-08,0
site_19699,1,0,5.131637837235985e-07,0
site_13612,1,0,1.455799631540414e-10,0
site_20648,1,0,1.065880385060747e-08,0
site_18238,1,0,4.850996775759826e-11,0
site_01252,1,1,0.9999994178096939,1
site_17852,1,0,4.8510038866292244e-11,0
site_12889,1,1,0.9999999737254965,1
site_20189,1,0,5.13159251071454e-07,0
site_15615,1,0,7.927472834519494e-07,0
site_13909,1,0,6.013377467264306e-10,0
site_19937,1,1,0.9999997112084112,1
site_18369,1,0,9.401768831712746e-11,0
site_13122,1,1,0.9999999994370299,1
site_15868,1,0,1.158541648185976e-10,0
site_15913,1,0,5.131637837235985e-07,0
site_08492,1,0,5.131637837235985e-07,0
site_07263,1,0,5.540626074713981e-07,0
site_17220,1,0,8.225683890423332e-09,0
site_05991,1,0,1.158541648185976e-10,0
site_20122,1,0,4.1778809008189604e-09,0
site_11786,1,0,5.454595433485543e-07,0
site_03903,1,0,8.883248720193892e-11,0
site_09227,1,0,2.0261385260085696e-06,0
site_12652,1,0,1.6632095029820839e-09,0
site_17539,1,0,1.2220426404447924e-10,0
site_00649,1,0,2.6061012202775483e-11,0
site_06065,1,0,1.4470947509346135e-10,0
site_17922,1,0,5.203072110715898e-07,0
site_02963,1,0,5.034425059446121e-07,0
site_05402,1,0,3.589202565617839e-07,0
site_11310,1,0,5.131637837235985e-07,0
site_21082,1,0,9.455021430699885e-11,0
site_19850,1,0,5.883213661136059e-07,0
site_04052,1,0,3.690895223150266e-07,0
site_21497,1,0,1.1202203375159636e-06,0
site_06143,1,0,5.131637837235985e-07,0
site_11409,1,0,0.0002644000312466972,0
site_12318,1,0,1.4470947509346135e-10,0
site_16072,1,0,2.816896773234792e-09,0
site_09662,1,0,1.158541648185976e-10,0
site_06316,1,0,8.871812413392923e-10,0
site_18561,1,0,3.4188215448862363e-07,0
site_09348,1,0,3.4188215448862363e-07,0
site_07275,1,0,5.889404191989141e-07,0
site_02309,1,0,5.889404191989141e-07,0
site_10972,1,0,2.707802881772612e-06,0
site_06992,1,0,4.177917803379746e-09,0
site_02989,1,1,0.9999999970155324,1
site_16667,1,1,0.9999999817233564,1
site_00992,1,0,3.3860327798818855e-05,0
site_08885,1,0,1.1202269184146113e-06,0
site_15953,1,0,5.172808605820264e-07,0
site_16606,1,0,4.167473730516974e-09,0
site_12847,1,0,2.0217983574228852e-10,0
site_00176,1,0,7.363845751870446e-11,0
site_18877,1,0,5.252344727348403e-07,0
site_20365,1,0,2.3486339830401856e-09,0
site_09263,1,0,2.0217923766149707e-10,0
site_03863,1,0,1.15734592088488e-07,0
site_11148,1,1,0.9999999987177608,1
site_03484,1,0,3.487936534183956e-07,0
site_01278,1,1,0.9999962576266135,1
site_14593,1,0,1.4470947509346135e-10,0
site_13429,1,0,1.6632095029820839e-09,0
site_11651,1,0,1.4470947509346135e-10,0
site_01870,1,0,8.643866627450389e-10,0
site_03029,1,0,1.1202269184146113e-06,0
site_01673,1,0,9.815486565785877e-11,0
site_08057,1,0,2.7568942046181525e-08,0
site_19218,1,0,1.4942203836734074e-10,0
site_03154,1,1,0.9999999778410527,1
site_14835,1,0,2.379093219538433e-06,0
site_11622,1,0,1.4470947509346135e-10,0
site_06072,1,0,5.203072110715898e-07,0
site_11664,1,0,6.682581128933067e-07,0
site_17048,1,0,3.4188215448862363e-07,0
site_14545,1,0,5.883265626600877e-07,0
site_15500,1,0,1.065880385060747e-08,0
site_04204,1,0,3.487936534183956e-07,0
site_03276,1,1,0.9999995977903237,1
site_14794,1,0,4.201793592091787e-07,0
site_16338,1,0,2.0217983574228852e-10,0
site_19885,1,0,5.131637837235985e-07,0
site_16155,1,0,9.455021430699885e-11,0
site_08984,1,0,5.131637837235985e-07,0
site_15406,1,0,5.570857527777099e-11,0
site_03656,1,0,3.690895223150266e-07,0
site_06068,1,0,2.816896773234792e-09,0
site_06814,1,0,5.68479043753754e-07,0
site_04549,1,0,6.682581128933067e-07,0
site_02219,1,0,9.201091278987154e-08,0
site_18334,1,0,1.0632132072434443e-09,0
site_05068,1,0,2.0261385260085696e-06,0
site_10550,1,0,1.15734592088488e-07,0
site_09756,1,0,5.131622657025577e-07,0
site_00335,1,0,1.406419449840471e-06,0
site_10651,1,0,2.2674415214938674e-09,0
site_13903,1,0,7.938474291438973e-10,0
site_12523,1,1,0.9999999998848239,1
site_18417,1,0,5.131637837235985e-07,0
site_04472,1,0,5.131637837235985e-07,0
site_12183,1,0,5.231304746317711e-07,0
site_18642,1,0,5.883265626600877e-07,0
site_05853,1,0,5.883265626600877e-07,0
site_18786,1,0,5.252344727348403e-07,0
site_08537,1,0,1.4470947509346135e-10,0
site_17541,1,0,2.056507660006701e-06,0
site_04269,1,0,1.1202302322338726e-06,0
site_20298,1,0,5.252344727348403e-07,0
site_12037,1,0,3.4188215448862363e-07,0
site_01743,1,0,1.1202203375159636e-06,0
site_10547,1,0,5.889404191989141e-07,0
site_07740,1,0,1.158541648185976e-10,0
site_11472,1,0,5.034425059446121e-07,0
site_18472,1,0,1.0744329863086434e-06,0
site_16371,1,0,4.167473730516974e-09,0
site_16551,1,1,0.9999999265097334,1
site_10510,1,0,3.4879063744003073e-07,0
site_00300,1,1,0.9999999963461967,1
site_05215,1,0,8.130192217567875e-07,0
site_03014,1,0,1.158541648185976e-10,0
site_07865,1,0,5.534827696950385e-07,0
site_03800,1,0,2.816896773234792e-09,0
site_20662,1,0,7.927402813080291e-07,0
site_02505,1,0,3.4188215448862363e-07,0
site_06082,1,0,8.104332660858463e-08,0
site_21100,1,0,1.4470852819266594e-10,0
site_14671,1,0,2.095035314460108e-09,0
site_14052,1,0,3.690895223150266e-07,0
site_07377,1,0,5.131637837235985e-07,0
site_05418,1,0,5.034425059446121e-07,0
site_00169,1,0,5.570839465863734e-11,0
site_16543,1,1,0.9999999871496229,1
site_07920,1,0,2.0217983574228852e-10,0
site_08027,1,0,8.104332660858463e-08,0
site_21395,1,1,0.9999999649007961,1
site_16644,1,0,5.937156978153128e-09,0
site_04667,1,0,7.938474291438973e-10,0
site_21193,1,1,0.9999999999264835,1
site_04369,1,0,7.112023562305967e-07,0
site_08961,1,0,8.871889127618368e-10,0
site_21357,1,0,1.962821326718243e-09,0
site_11469,1,0,2.0261385260085696e-06,0
site_06976,1,0,1.065880385060747e-08,0
site_05343,1,0,5.570857527777099e-11,0
site_09201,1,0,2.0217983574228852e-10,0
site_14169,1,0,3.4188215448862363e-07,0
site_18005,1,0,4.8510038866292244e-11,0
site_09473,1,0,5.883265626600877e-07,0
site_12364,1,0,2.915350320282198e-09,0
site_10207,1,0,5.889404191989141e-07,0
site_20062,1,1,0.9999999817128226,1
site_17680,1,0,4.8510038866292244e-11,0
site_13376,1,0,1.065880385060747e-08,0
site_18054,1,0,2.7068860301840885e-09,0
site_19941,1,1,0.9999999103882615,1
site_03297,1,0,3.062066497988843e-07,0
site_12947,1,0,5.203072110715898e-07,0
site_13922,1,0,5.131637837235985e-07,0
site_08095,1,0,4.201793592091787e-07,0
site_06932,1,0,1.455799631540414e-10,0
site_01721,1,0,2.6061096698433182e-11,0
site_20591,1,0,5.889404191989141e-07,0
site_17399,1,0,3.589202565617839e-07,0
site_14021,1,0,8.104332660858463e-08,0
site_08495,1,0,5.883265626600877e-07,0
site_08214,1,0,6.593428797069063e-11,0
site_10939,1,0,4.921384234086383e-07,0
site_09593,1,0,1.6044146586913396e-09,0
site_10146,1,0,4.921384234086383e-07,0
site_09372,1,0,1.065880385060747e-08,0
site_16213,1,0,5.252344727348403e-07,0
site_09780,1,0,5.131637837235985e-07,0
site_08548,1,0,5.883265626600877e-07,0
site_10518,1,0,5.13159251071454e-07,0
site_14419,1,0,7.112023562305967e-07,0
site_17916,1,0,5.883265626600877e-07,0
site_01183,1,0,3.4188215448862363e-07,0
site_06006,1,0,2.2253901815735728e-06,0
site_10705,1,0,7.511594710808294e-07,0
site_18804,1,0,5.540626074713981e-07,0
site_20121,1,0,1.447081969088556e-10,0
site_16129,1,0,5.883265626600877e-07,0
site_00309,1,1,0.99999993846025,1
site_12782,1,0,3.487936534183956e-07,0
site_07524,1,0,1.4470947509346135e-10,0
site_07676,1,0,9.097164503088027e-09,0
site_19793,1,1,0.9999999999041103,1
site_14360,1,0,5.889404191989141e-07,0
site_21016,1,0,8.511431418142082e-09,0
site_02794,1,0,1.158541648185976e-10,0
site_07451,1,0,5.131637837235985e-07,0
site_15539,1,0,2.0217983574228852e-10,0
site_02422,1,1,0.9999990693107608,1
site_06805,1,0,3.487936534183956e-07,0
site_03363,1,0,5.889404191989141e-07,0
site_04931,1,0,5.67373027716332e-07,0
site_09394,1,0,5.570857527777099e-11,0
site_08549,1,0,1.065880385060747e-08,0
site_19014,1,0,3.487936534183956e-07,0
site_06050,1,0,2.0217804993556397e-10,0
site_01758,1,0,5.203038064634537e-07,0
site_09837,1,0,1.6044146586913396e-09,0
site_13850,1,0,3.062066497988843e-07,0
site_10807,1,0,9.401768831712746e-11,0
site_11863,1,1,0.9999993104048414,1
site_08486,1,0,3.4268507385653896e-09,0
site_11901,1,0,1.158541648185976e-10,0
site_05663,1,0,5.131637837235985e-07,0
site_13512,1,0,7.927472834519494e-07,0
site_03864,1,0,8.104332660858463e-08,0
site_17615,1,0,5.883213661136059e-07,0
site_14399,1,0,5.454595433485543e-07,0
site_20007,1,0,1.5140003199685082e-08,0
site_21397,1,1,0.9999999998734563,1
site_07858,1,0,2.0261385260085696e-06,0
site_00293,1,0,1.132861594301181e-06,0
site_01754,1,0,3.4879063744003073e-07,0
site_07405,1,0,5.454595433485543e-07,0
site_15450,1,0,1.1202302322338726e-06,0
site_15317,1,0,1.1202302322338726e-06,0
site_05121,1,0,5.252344727348403e-07,0
site_19640,1,0,1.455799631540414e-10,0
site_10424,1,0,4.807838246685953e-09,0
site_10077,1,0,4.166364451641291e-08,0
site_09853,1,1,0.9999999995277815,1
site_03026,1,0,2.379093219538433e-06,0
site_20964,1,0,8.630716738994613e-09,0
site_10966,1,0,8.655274487191857e-08,0
site_07269,1,0,1.6044146586913396e-09,0
site_20246,1,0,5.131637837235985e-07,0
site_14374,1,0,1.4470947509346135e-10,0
site_02106,1,1,0.9999999070559693,1
site_15666,1,0,3.7165413924545247e-07,0
site_10062,1,0,9.455021430699885e-11,0
site_02388,1,0,3.589202565617839e-07,0
site_15365,1,0,7.927472834519494e-07,0
site_01047,1,0,3.487914359341968e-07,0
site_06888,1,0,8.892983170193006e-10,0
site_10190,1,0,5.889404191989141e-07,0
site_06049,1,0,5.034380591581305e-07,0
site_09634,1,0,1.5546600008870174e-05,0
site_21002,1,0,5.68474128182317e-07,0
site_16783,1,0,5.13159251071454e-07,0
site_00023,1,0,1.5348662869722732e-08,0
site_20713,1,0,5.131637837235985e-07,0
site_15757,1,0,1.1202302322338726e-06,0
site_00795,1,0,3.062040020652996e-07,0
site_06634,1,0,1.065880385060747e-08,0
site_05740,1,0,5.203072110715898e-07,0
site_09041,1,0,5.203072110715898e-07,0
site_08545,1,0,5.034425059446121e-07,0
site_00195,1,1,0.9999999999556881,1
site_09442,1,0,1.4470947509346135e-10,0
site_21190,1,1,0.9999999983189605,1
site_20845,1,1,0.9999999979712741,1
site_01738,1,0,5.570826712441745e-11,0
site_15879,1,0,7.511594710808294e-07,0
site_09624,1,0,2.707802881772612e-06,0
site_09794,1,0,5.131637837235985e-07,0
site_06938,1,0,8.2147924612767e-09,0
site_11183,1,0,4.959781221744206e-07,0
site_19255,1,0,1.4871375902050416e-08,0
site_04652,1,0,9.454490771543824e-11,0
site_04212,1,0,4.1657539669344636e-07,0
site_20391,1,0,7.511583699906204e-07,0
site_13098,1,0,3.062040020652996e-07,0
site_02334,1,0,2.2908817405006472e-07,0
site_00946,1,0,2.7068860301840885e-09,0
site_16036,1,0,2.0564898776532747e-06,0
site_14155,1,0,3.589202565617839e-07,0
site_14596,1,0,1.4470947509346135e-10,0
site_12283,1,0,1.1202302322338726e-06,0
site_15307,1,0,8.369186326574264e-07,0
site_02481,1,1,0.9999999991180233,1
site_13651,1,0,5.570857527777099e-11,0
site_07972,1,0,2.056507660006701e-06,0
site_16105,1,0,2.379072647836397e-06,0
site_07044,1,0,1.065880385060747e-08,0
site_17652,1,0,1.158541648185976e-10,0
site_01818,1,0,2.6061096698433182e-11,0
site_16271,1,0,3.062066497988843e-07,0
site_10692,1,0,8.537494336738151e-07,0
site_13331,1,0,5.172762915647529e-07,0
site_14043,1,0,5.67373027716332e-07,0
site_11308,1,0,5.131637837235985e-07,0
site_00571,1,0,1.4470947509346135e-10,0
site_03492,1,0,5.131637837235985e-07,0
site_02629,1,0,3.487936534183956e-07,0
site_12550,1,0,5.883265626600877e-07,0
site_18441,1,0,5.131637837235985e-07,0
site_03572,1,0,5.570857527777099e-11,0
site_19675,1,0,8.511431418142082e-09,0
site_05550,1,0,1.158541648185976e-10,0
site_12503,1,1,0.9999999997489133,1
site_15974,1,1,0.9999999905512064,1
site_15869,1,0,2.816896773234792e-09,0
site_02389,1,0,1.158541648185976e-10,0
site_07294,1,0,1.4470947509346135e-10,0
site_11452,1,0,5.131637837235985e-07,0
site_17730,1,0,1.1585316304068973e-10,0
site_11662,1,0,1.158541648185976e-10,0
site_11531,1,0,1.0897113394578316e-09,0
site_05130,1,0,5.131637837235985e-07,0
site_15280,1,0,5.454595433485543e-07,0
site_00876,1,0,4.8078246129650555e-09,0
site_07092,1,0,2.056507660006701e-06,0
site_07699,1,0,9.455021430699885e-11,0
site_03402,1,1,0.9999999962946817,1
site_05016,1,0,7.938474291438973e-10,0
site_18303,1,0,1.6632095029820839e-09,0
site_11287,1,1,0.9999999997982763,1
site_16979,1,0,3.7464944900536745e-10,0
site_19704,1,0,5.67373027716332e-07,0
site_04148,1,0,3.062066497988843e-07,0
site_03215,1,1,0.999999600608202,1
site_14805,1,0,1.4470947509346135e-10,0
site_17009,1,0,5.252336694369658e-07,0
site_08129,1,0,2.056507660006701e-06,0
site_14993,1,0,7.511594710808294e-07,0
site_01629,1,0,2.6061012202775483e-11,0
site_03271,1,1,0.9999999999586131,1
site_11548,1,1,0.9999999999351115,1
site_03749,1,0,5.883213661136059e-07,0
site_07680,1,0,1.0632132072434443e-09,0
site_16863,1,1,0.9999997341314525,1
site_04500,1,0,1.065880385060747e-08,0
site_18284,1,0,7.511594710808294e-07,0
site_01607,1,0,3.6908633084069646e-07,0
site_04454,1,0,2.2253901815735728e-06,0
site_17574,1,0,5.90533003223029e-11,0
site_01465,1,0,2.577701137147933e-09,0
site_19691,1,0,1.4942203836734074e-10,0
site_16009,1,0,6.013377467264306e-10,0
site_11463,1,0,5.454595433485543e-07,0
site_01940,1,0,5.9371295954841e-09,0
site_07847,1,0,5.889404191989141e-07,0
site_01665,1,0,3.2964334883058987e-07,0
site_08328,1,0,2.2785615681684552e-09,0
site_15226,1,0,8.104332660858463e-08,0
site_10735,1,1,0.9999999967487461,1
site_08678,1,0,5.883265626600877e-07,0
site_19708,1,0,5.034425059446121e-07,0
site_03766,1,0,3.487936534183956e-07,0
site_16484,1,0,5.034380591581305e-07,0
site_06197,1,0,3.0620578148041547e-07,0
site_02033,1,0,1.6044146586913396e-09,0
site_14929,1,0,3.690895223150266e-07,0
site_08168,1,0,5.172808605820264e-07,0
site_13793,1,0,7.511546036405663e-07,0
site_14092,1,0,8.104332660858463e-08,0
site_14202,1,0,5.203072110715898e-07,0
site_11821,1,0,3.589202565617839e-07,0
site_12897,1,0,8.871889127618368e-10,0
site_02026,1,0,5.131637837235985e-07,0
site_18724,1,0,4.921384234086383e-07,0
site_02687,1,0,5.889404191989141e-07,0
site_19944,1,0,7.511594710808294e-07,0
site_19880,1,0,5.131637837235985e-07,0
site_14285,1,0,1.158541648185976e-10,0
site_02653,1,0,1.1585316304068973e-10,0
site_06505,1,0,5.131637837235985e-07,0
site_10408,1,0,1.554669035201807e-05,0
site_10165,1,0,2.2674415214938674e-09,0
site_14530,1,0,8.130192217567875e-07,0
site_10699,1,0,1.1826543207644573e-10,0
site_03779,1,0,1.1202302322338726e-06,0
site_13492,1,0,6.682581128933067e-07,0
site_20291,1,0,1.158541648185976e-10,0
site_20390,1,0,9.401768831712746e-11,0
site_09884,1,0,5.889395558980313e-07,0
site_00636,1,0,5.883213661136059e-07,0
site_11779,1,0,1.065880385060747e-08,0
site_14525,1,0,1.158541648185976e-10,0
site_03364,1,0,3.589202565617839e-07,0
site_11034,1,0,4.1657539669344636e-07,0
site_10605,1,1,0.9999948450001176,1
site_06044,1,1,0.8780668887433295,1
site_07139,1,0,8.892983170193006e-10,0
site_06944,1,0,4.201793592091787e-07,0
site_00597,1,0,5.883213661136059e-07,0
site_04332,1,0,5.131637837235985e-07,0
site_10754,1,1,0.9999999978414278,1
site_07885,1,0,5.131637837235985e-07,0
site_16260,1,0,5.231304746317711e-07,0
site_04538,1,0,3.4188215448862363e-07,0
site_14332,1,0,1.0632132072434443e-09,0
site_07186,1,0,5.131637837235985e-07,0
site_17832,1,0,3.062066497988843e-07,0
site_09899,1,0,5.883265626600877e-07,0
site_15588,1,0,3.7464944900536745e-10,0
site_06428,1,0,2.0217983574228852e-10,0
site_20533,1,0,5.131604258581519e-07,0
site_07318,1,0,1.4470947509346135e-10,0
site_03108,1,0,5.131637837235985e-07,0
site_06696,1,0,7.511594710808294e-07,0
site_00695,1,0,1.1202302322338726e-06,0
site_08933,1,0,2.2908817405006472e-07,0
site_18153,1,0,3.589202565617839e-07,0
site_16177,1,0,5.172762915647529e-07,0
site_09922,1,0,4.201793592091787e-07,0
site_13500,1,0,3.690895223150266e-07,0
site_02656,1,1,0.9999999955850523,1
site_04945,1,0,5.131637837235985e-07,0
site_05837,1,0,8.82772758254708e-07,0
site_15131,1,0,5.252344727348403e-07,0
site_08151,1,0,5.034425059446121e-07,0
site_15333,1,0,5.5708493617064785e-11,0
site_01893,1,0,2.0217851278643337e-10,0
site_09763,1,0,4.201793592091787e-07,0
site_02086,1,0,5.889404191989141e-07,0
site_09680,1,0,5.131637837235985e-07,0
site_16765,1,0,2.0217983574228852e-10,0
site_03181,1,0,1.158541648185976e-10,0
site_03244,1,0,5.889404191989141e-07,0
site_13489,1,0,2.2674415214938674e-09,0
site_18050,1,0,5.883265626600877e-07,0
site_05074,1,0,5.131637837235985e-07,0
site_14511,1,0,5.203072110715898e-07,0
site_11090,1,0,3.589202565617839e-07,0
site_16924,1,0,1.1202302322338726e-06,0
site_08597,1,0,1.1202302322338726e-06,0
site_16686,1,0,8.130192217567875e-07,0
site_16757,1,0,7.927472834519494e-07,0
site_17046,1,0,5.883265626600877e-07,0
site_20372,1,0,5.454595433485543e-07,0
site_11884,1,0,2.915350320282198e-09,0
site_17086,1,0,1.158541648185976e-10,0
site_02423,1,0,3.550164885236571e-09,0
site_09637,1,0,1.0632062501493693e-09,0
site_18505,1,0,7.938474291438973e-10,0
site_18808,1,0,6.013377467264306e-10,0
site_05008,1,0,8.369186326574264e-07,0
site_13839,1,0,1.4470947509346135e-10,0
site_13657,1,0,1.158541648185976e-10,0
site_05855,1,0,8.104332660858463e-08,0
site_14510,1,0,1.4470947509346135e-10,0
site_07126,1,0,1.4470947509346135e-10,0
site_15361,1,0,1.1202302322338726e-06,0
site_06996,1,0,5.131637837235985e-07,0
site_17219,1,1,0.999999025801859,1
site_06678,1,0,8.369186326574264e-07,0
site_16552,1,0,0.0003849718916558648,0
site_01387,1,0,3.609622356505713e-07,0
site_01251,1,1,0.9999999842846021,1
site_02540,1,1,0.9999999969905444,1
site_09219,1,0,6.013377467264306e-10,0
site_01652,1,0,0.9999926282519404,1
site_02984,1,0,1.1573359134462798e-07,0
site_19825,1,0,2.0217983574228852e-10,0
site_18486,1,0,5.883265626600877e-07,0
site_17404,1,0,3.7165413924545247e-07,0
site_03814,1,0,1.1202203375159636e-06,0
site_12875,1,1,0.9999999998004558,1
site_10105,1,0,1.0546591417900137e-07,0
site_19116,1,1,0.9999999983955086,1
site_00219,1,0,9.413956491611727e-09,0
site_00977,1,0,2.0217983574228852e-10,0
site_05811,1,0,2.6061096698433182e-11,0
site_08034,1,0,5.203072110715898e-07,0
site_11954,1,0,2.0261385260085696e-06,0
site_13180,1,0,5.889404191989141e-07,0
site_04564,1,0,5.131637837235985e-07,0
site_06892,1,0,5.889404191989141e-07,0
site_16511,1,0,5.231304746317711e-07,0
site_20534,1,0,5.034380591581305e-07,0
site_02275,1,0,1.6044146586913396e-09,0
site_09324,1,1,0.999999999747375,1
site_08066,1,0,1.4470947509346135e-10,0
site_05620,1,0,7.511594710808294e-07,0
site_09485,1,0,8.104332660858463e-08,0
site_17617,1,0,1.2220318464308532e-10,0
site_16580,1,0,3.4188215448862363e-07,0
site_17280,1,0,2.8369545211534116e-09,0
site_15906,1,0,1.3199473430901026e-08,0
site_14384,1,0,5.131637837235985e-07,0
site_06218,1,0,5.883265626600877e-07,0
site_20615,1,0,7.851303119292789e-05,0
site_15555,1,0,2.2908671760307406e-07,0
site_17330,1,0,2.837802167319215e-09,0
site_12924,1,0,5.570857527777099e-11,0
site_07261,1,0,7.927472834519494e-07,0
site_14098,1,0,7.927472834519494e-07,0
site_20057,1,1,0.9999999998916926,1
site_08488,1,0,1.4470947509346135e-10,0
site_17894,1,0,6.013360414962173e-10,0
site_01026,1,0,2.9663885526186274e-05,0
site_06555,1,0,1.065880385060747e-08,0
site_14978,1,0,1.4470947509346135e-10,0
site_09476,1,0,2.0217983574228852e-10,0
site_12973,1,0,2.6061012202775483e-11,0
site_20444,1,0,5.034425059446121e-07,0
site_07772,1,0,1.065880385060747e-08,0
site_05491,1,0,2.2674415214938674e-09,0
site_04486,1,0,5.034425059446121e-07,0
site_19639,1,0,1.158541648185976e-10,0
site_01736,1,0,5.68474128182317e-07,0
site_20819,1,0,2.0217983574228852e-10,0
site_17066,1,0,4.807796368828742e-09,0
site_04113,1,0,8.537494336738151e-07,0
site_02833,1,1,0.9999999998064699,1
site_19608,1,0,1.1213347708039867e-08,0
site_14504,1,0,1.065880385060747e-08,0
site_02923,1,0,5.454595433485543e-07,0
site_12618,1,0,4.807796368828742e-09,0
site_01793,1,0,3.6908633084069646e-07,0
site_05734,1,0,5.889404191989141e-07,0
site_21369,1,1,0.9999999849363423,1
site_13938,1,0,5.131637837235985e-07,0
site_12073,1,0,5.889404191989141e-07,0
site_12491,1,0,5.172762915647529e-07,0
site_13858,1,0,3.062066497988843e-07,0
site_03209,1,1,0.9999999841930427,1
site_03851,1,0,1.4470947509346135e-10,0
site_01372,1,0,2.2253901815735728e-06,0
site_04663,1,0,3.6096535687620966e-07,0
site_11311,1,0,4.807838246685953e-09,0
site_15423,1,0,5.131637837235985e-07,0
site_01889,1,0,3.690871757982278e-07,0
site_17537,1,0,5.606511450291214e-08,0
site_13335,1,0,5.231258539462915e-07,0
site_09277,1,0,5.570857527777099e-11,0
site_15025,1,0,3.2964619924318847e-07,0
site_16831,1,0,3.589202565617839e-07,0
site_02469,1,1,0.9999352648193771,1
site_19133,1,0,7.745578031332417e-07,0
site_01600,1,0,1.1202229020593261e-06,0
site_00438,1,0,2.379072647836397e-06,0
site_20228,1,0,8.104332660858463e-08,0
site_15766,1,0,7.073214530367441e-10,0
site_13495,1,0,3.487936534183956e-07,0
site_16695,1,0,1.158541648185976e-10,0
site_14267,1,0,3.4188215448862363e-07,0
site_04954,1,0,2.0261385260085696e-06,0
site_11776,1,0,1.4942203836734074e-10,0
site_03607,1,1,0.9999999997336113,1
site_02559,1,0,5.889404191989141e-07,0
site_04105,1,0,5.883265626600877e-07,0
site_12612,1,0,2.915350320282198e-09,0
site_19629,1,0,5.131637837235985e-07,0
site_04700,1,0,6.013377467264306e-10,0
site_10044,1,0,2.0217983574228852e-10,0
site_10580,1,0,3.487936534183956e-07,0
site_19785,1,0,7.927402813080291e-07,0
site_12594,1,0,7.511594710808294e-07,0
site_19974,1,0,3.4879266433485215e-07,0
site_20532,1,0,2.8168884403966483e-09,0
site_14608,1,0,3.062066497988843e-07,0
site_09942,1,0,3.487936534183956e-07,0
site_14344,1,0,8.369186326574264e-07,0
site_15362,1,0,2.0261385260085696e-06,0
site_15414,1,0,6.013377467264306e-10,0
site_05380,1,0,5.889404191989141e-07,0
site_13899,1,0,7.511572967696496e-07,0
site_09414,1,0,2.707802881772612e-06,0
site_13099,1,0,6.68252210331211e-07,0
site_17509,1,0,5.889404191989141e-07,0
site_11404,1,1,0.9999936318902587,1
site_08232,1,0,3.4188215448862363e-07,0
site_16339,1,0,8.871889127618368e-10,0
site_09025,1,0,5.883265626600877e-07,0
site_11479,1,0,5.203072110715898e-07,0
site_20881,1,0,3.062066497988843e-07,0
site_06075,1,0,6.858064089922071e-11,0
site_16419,1,0,5.4545597415729e-07,0
site_06572,1,0,1.6044146586913396e-09,0
site_12255,1,1,0.9999999801843171,1
site_20868,1,0,2.095035314460108e-09,0
site_00816,1,0,1.604403635499568e-09,0
site_11440,1,0,5.454547254358974e-07,0
site_06206,1,0,9.401768831712746e-11,0
site_14861,1,0,1.1202302322338726e-06,0
site_10591,1,1,0.9999998222058967,1
site_07745,1,0,1.158541648185976e-10,0
site_19884,1,0,2.379093219538433e-06,0
site_00584,1,0,5.883213661136059e-07,0
site_06645,1,0,8.369186326574264e-07,0
site_16653,1,0,1.1585363048940926e-10,0
site_10457,1,0,1.158541648185976e-10,0
site_07445,1,0,5.034425059446121e-07,0
site_06451,1,0,5.034392116899023e-07,0
site_03956,1,0,1.1202285189456636e-06,0
site_11117,1,1,0.9999999998064699,1
site_03124,1,0,9.455021430699885e-11,0
site_05839,1,0,1.1826525120023703e-10,0
site_15439,1,0,5.252344727348403e-07,0
site_01453,1,0,5.889353267004741e-07,0
site_19352,1,0,2.095035314460108e-09,0
site_12729,1,0,6.858064089922071e-11,0
site_09990,1,1,0.9999999999328191,1
site_20956,1,1,0.9999991707607956,1
site_03296,1,0,1.158541648185976e-10,0
site_06201,1,0,5.131637837235985e-07,0
site_15106,1,0,2.0217983574228852e-10,0
site_01268,1,0,1.1585342826600603e-10,0
site_16581,1,0,3.487936534183956e-07,0
site_12080,1,0,3.487936534183956e-07,0
site_20412,1,1,0.9999999666776878,1
site_00974,1,0,1.158541648185976e-10,0
site_18261,1,0,2.7068860301840885e-09,0
site_18926,1,0,3.062066497988843e-07,0
site_12012,1,0,8.592471977190668e-09,0
site_09255,1,0,1.1202203375159636e-06,0
site_16352,1,0,1.158541648185976e-10,0
site_18623,1,0,5.905297366752056e-11,0
site_04924,1,0,8.827785346764606e-07,0
site_12335,1,0,5.203072110715898e-07,0
site_06325,1,0,1.1202229020593261e-06,0
site_19839,1,0,2.0217983574228852e-10,0
site_08087,1,0,3.589202565617839e-07,0
site_02552,1,1,0.9999991694477853,1
site_13131,1,0,5.889353267004741e-07,0
site_02769,1,1,0.9999999997051767,1
site_07929,1,0,3.487936534183956e-07,0
site_01555,1,0,2.6061012202775483e-11,0
site_06096,1,0,2.2674415214938674e-09,0
site_16758,1,0,2.0217983574228852e-10,0
site_04801,1,0,8.537494336738151e-07,0
site_03947,1,0,5.454547254358974e-07,0
site_09163,1,0,5.203026153233061e-07,0
site_04613,1,0,5.68479043753754e-07,0
site_04112,1,0,2.2674415214938674e-09,0
site_06933,1,0,5.252344727348403e-07,0
site_08003,1,0,8.2147924612767e-09,0
site_05149,1,0,8.827785346764606e-07,0
site_04264,1,0,3.4188215448862363e-07,0
site_11729,1,1,0.9999999999583251,1
site_10590,1,0,1.0244133424341581e-08,0
site_10468,1,0,9.455021430699885e-11,0
site_12157,1,0,5.131637837235985e-07,0
site_01127,1,1,0.9999999158334789,1
site_08470,1,0,5.889404191989141e-07,0
site_16789,1,1,0.9999999830845515,1
site_06693,1,0,5.034425059446121e-07,0
site_14560,1,0,2.0261385260085696e-06,0
site_18148,1,0,2.0217983574228852e-10,0
site_07551,1,0,2.0217983574228852e-10,0
site_05155,1,0,2.0217983574228852e-10,0
site_09393,1,0,1.158541648185976e-10,0
site_00752,1,0,5.889353267004741e-07,0
site_10586,1,0,7.745578031332417e-07,0
site_16116,1,1,0.9999999967487461,1
site_19722,1,0,3.418791982731699e-07,0
site_02136,1,0,7.745578031332417e-07,0
site_05597,1,1,0.9999999653157351,1
site_01055,1,1,0.999999999927579,1
site_07888,1,0,8.104332660858463e-08,0
site_19726,1,1,0.9999999831113754,1
site_05321,1,0,5.131637837235985e-07,0
site_12125,1,1,0.9999999998971174,1
site_08730,1,0,2.0217983574228852e-10,0
site_12028,1,0,1.4470947509346135e-10,0
site_11136,1,1,0.9999999996932007,1
site_06330,1,0,6.013377467264306e-10,0
site_07034,1,0,1.065880385060747e-08,0
site_04022,1,0,8.871889127618368e-10,0
site_04354,1,0,5.570857527777099e-11,0
site_15222,1,0,5.131637837235985e-07,0
site_02446,1,0,1.158541648185976e-10,0
site_09291,1,0,5.454595433485543e-07,0
site_15950,1,0,1.158541648185976e-10,0
site_15608,1,0,1.158541648185976e-10,0
site_11418,1,1,0.9999999816492845,1
site_18652,1,0,2.379093219538433e-06,0
site_04827,1,0,1.065880385060747e-08,0
site_05626,1,0,2.2253901815735728e-06,0
site_09446,1,0,1.1202302322338726e-06,0
site_17440,1,0,4.8510038866292244e-11,0
site_07183,1,0,9.401768831712746e-11,0
site_10511,1,0,3.062040020652996e-07,0
site_17948,1,0,2.0217983574228852e-10,0
site_07077,1,0,4.201793592091787e-07,0
site_07870,1,0,1.158541648185976e-10,0
site_04786,1,0,3.589202565617839e-07,0
site_10629,1,1,0.9999999997220377,1
site_05020,1,0,5.034425059446121e-07,0
site_18893,1,0,5.131637837235985e-07,0
site_16594,1,0,5.17277475776676e-07,0
site_01669,1,0,2.6061012202775483e-11,0
site_18590,1,0,5.131637837235985e-07,0
site_00784,1,0,1.1585399499316466e-10,0
site_00873,1,0,1.1202269184146113e-06,0
site_01772,1,0,3.6554626547948724e-07,0
site_14864,1,0,5.889404191989141e-07,0
site_12075,1,0,1.158541648185976e-10,0
site_21040,1,0,4.1657539669344636e-07,0
site_08962,1,0,1.4470947509346135e-10,0
site_20557,1,0,2.0926740020417652e-08,0
site_07954,1,0,1.065880385060747e-08,0
site_00317,1,0,1.663194812245501e-09,0
site_16704,1,0,7.745578031332417e-07,0
site_05361,1,0,9.455021430699885e-11,0
site_00988,1,1,0.9999999980503191,1
site_18541,1,0,2.0217952652664102e-10,0
site_07569,1,0,1.065880385060747e-08,0
site_07710,1,0,8.827785346764606e-07,0
site_11992,1,1,0.9999999980503191,1
site_17684,1,0,3.690895223150266e-07,0
site_07450,1,0,7.938474291438973e-10,0
site_08523,1,0,2.3486339830401856e-09,0
site_01144,1,0,2.0217983574228852e-10,0
site_04099,1,0,1.158541648185976e-10,0
site_18379,1,0,5.67373027716332e-07,0
site_07392,1,0,1.4470947509346135e-10,0
site_05528,1,0,1.6632095029820839e-09,0
site_19504,1,0,5.131637837235985e-07,0
site_17249,1,0,5.889404191989141e-07,0
site_15436,1,0,5.883265626600877e-07,0
site_18758,1,0,2.0217983574228852e-10,0
site_16603,1,1,0.9999998837165511,1
site_13338,1,0,8.104275473330893e-08,0
site_03069,1,0,3.589202565617839e-07,0
site_02289,1,0,3.2121176349721647e-09,0
site_09932,1,0,5.252344727348403e-07,0
site_02149,1,0,2.0217983574228852e-10,0
site_05985,1,0,5.034425059446121e-07,0
site_20335,1,1,0.9999999957996009,1
site_16295,1,0,3.2964619924318847e-07,0
site_21413,1,1,0.9999999994400963,1
site_16228,1,0,3.487936534183956e-07,0
site_06246,1,0,8.130121400968782e-07,0
site_21299,1,1,0.9999958149097323,1
site_05172,1,0,5.203072110715898e-07,0
site_19126,1,0,7.745578031332417e-07,0
site_07232,1,0,5.67373027716332e-07,0
site_16958,1,0,8.871812413392923e-10,0
site_17775,1,0,4.8510038866292244e-11,0
site_01455,1,0,3.4879063744003073e-07,0
site_19717,1,0,1.1585383628771231e-10,0
site_08814,1,0,7.745578031332417e-07,0
site_05145,1,0,3.2964619924318847e-07,0
site_13374,1,0,5.131637837235985e-07,0
site_08911,1,0,3.589202565617839e-07,0
site_17782,1,0,3.062066497988843e-07,0
site_06329,1,0,3.6908898128342113e-07,0
site_13383,1,0,8.537494336738151e-07,0
site_21454,1,0,3.062040020652996e-07,0
site_09410,1,1,0.9999999997129694,1
site_09540,1,0,1.4470947509346135e-10,0
site_08363,1,0,1.158541648185976e-10,0
site_01430,1,0,2.112069958355222e-09,0
site_11721,1,0,7.359331917257381e-05,0
site_08812,1,0,2.2674415214938674e-09,0
site_18474,1,0,3.062066497988843e-07,0
site_03928,1,0,3.690895223150266e-07,0
site_16308,1,0,6.670754887396572e-09,0
site_16742,1,1,0.9999999817254593,1
site_09374,1,0,5.131637837235985e-07,0
site_20951,1,1,0.9999999983971655,1
site_10490,1,1,0.9999999999114033,1
site_05079,1,0,4.921384234086383e-07,0
site_12695,1,0,5.131637837235985e-07,0
site_14153,1,0,5.889404191989141e-07,0
site_09224,1,0,1.455799631540414e-10,0
site_03134,1,0,3.7165413924545247e-07,0
site_05580,1,0,1.1202302322338726e-06,0
site_06865,1,0,8.104332660858463e-08,0
site_09166,1,0,1.447081969088556e-10,0
site_07519,1,0,5.883265626600877e-07,0
site_13678,1,0,1.065872863766795e-08,0
site_04840,1,0,2.0217983574228852e-10,0
site_20679,1,0,8.45141481284931e-09,0
site_01541,1,0,3.062040020652996e-07,0
site_00194,1,1,0.9999999992776647,1
site_04886,1,0,5.67373027716332e-07,0
site_20563,1,0,2.0926740020417652e-08,0
site_01331,1,1,0.9999999842846021,1
site_07789,1,0,2.7568942046181525e-08,0
site_08445,1,0,3.487936534183956e-07,0
site_09265,1,0,5.252344727348403e-07,0
site_17622,1,0,8.073855896547977e-10,0
site_00053,1,0,2.108345422994673e-08,0
site_01005,1,0,3.487936534183956e-07,0
site_00791,1,0,9.454939674195034e-11,0
site_04696,1,0,2.0217983574228852e-10,0
site_03972,1,0,5.889404191989141e-07,0
site_14878,1,0,5.131637837235985e-07,0
site_15190,1,0,5.203072110715898e-07,0
site_10094,1,0,5.203072110715898e-07,0
site_02249,1,0,3.062066497988843e-07,0
site_04675,1,0,5.883265626600877e-07,0
site_03602,1,0,5.231258539462915e-07,0
site_18019,1,0,5.937156978153128e-09,0
site_18792,1,0,5.034425059446121e-07,0
site_21337,1,1,0.9999999423282195,1
site_07427,1,0,5.131637837235985e-07,0
site_13065,1,0,5.68479043753754e-07,0
site_16630,1,0,5.203072110715898e-07,0
site_19047,1,1,0.9999999979302614,1
site_17217,1,1,0.9999999999586131,1
site_09144,1,0,5.937156978153128e-09,0
site_15779,1,0,5.131637837235985e-07,0
site_18662,1,0,4.201793592091787e-07,0
site_05337,1,0,1.4470947509346135e-10,0
site_08489,1,0,9.401768831712746e-11,0
site_16527,1,0,1.4470947509346135e-10,0
site_05894,1,1,0.9999999957391477,1
site_04906,1,0,1.4470947509346135e-10,0
site_01211,1,0,4.223609584884019e-08,0
site_18248,1,0,5.454595433485543e-07,0
site_19737,1,1,0.9999999844848697,1
site_04364,1,0,1.1826543207644573e-10,0
site_14781,1,0,3.487936534183956e-07,0
site_05713,1,0,8.369186326574264e-07,0
site_06593,1,0,3.4268507385653896e-09,0
site_20630,1,0,2.379093219538433e-06,0
site_10238,1,0,4.285585052895069e-09,0
site_01053,1,0,8.871812413392923e-10,0
site_04462,1,0,7.745578031332417e-07,0
site_15720,1,0,5.034425059446121e-07,0
site_20941,1,0,5.203026153233061e-07,0
site_18982,1,0,2.5824632126625202e-08,0
site_06200,1,0,1.0632132072434443e-09,0
site_17864,1,0,1.158541648185976e-10,0
site_13556,1,0,8.537418927131975e-07,0
site_15560,1,0,5.034425059446121e-07,0
site_04994,1,0,1.1202302322338726e-06,0
site_10932,1,0,1.4470947509346135e-10,0
site_00152,1,0,2.700185246039685e-07,0
site_07922,1,0,8.871889127618368e-10,0
site_12097,1,0,5.889404191989141e-07,0
site_00552,1,1,0.9999999996151094,1
site_13321,1,0,1.6632095029820839e-09,0
site_01474,1,0,3.487936534183956e-07,0
site_08432,1,0,8.2147924612767e-09,0
site_05548,1,0,1.1202302322338726e-06,0
site_03079,1,0,5.889404191989141e-07,0
site_20236,1,0,2.0217983574228852e-10,0
site_08451,1,0,5.883265626600877e-07,0
site_11745,1,0,1.0632132072434443e-09,0
site_01442,1,0,3.062066497988843e-07,0
site_04949,1,0,5.131637837235985e-07,0
site_19526,1,1,0.9999999660128476,1
site_16820,1,0,1.4470947509346135e-10,0
site_08175,1,0,5.67373027716332e-07,0
site_15510,1,0,5.883265626600877e-07,0
site_03910,1,0,3.487936534183956e-07,0
site_10762,1,0,2.915350320282198e-09,0
site_00814,1,0,3.4879063744003073e-07,0
site_08601,1,0,7.938474291438973e-10,0
site_16473,1,0,7.511594710808294e-07,0
site_02074,1,0,3.589202565617839e-07,0
site_01920,1,0,2.3254765792914691e-07,0
site_08791,1,0,5.231304746317711e-07,0
site_16340,1,0,5.203072110715898e-07,0
site_02165,1,0,2.6061012202775483e-11,0
site_21161,1,1,0.9999999990911337,1
site_11674,1,0,9.454490771543824e-11,0
site_09869,1,0,2.4122589368196513e-05,0
site_12821,1,0,5.252344727348403e-07,0
site_19491,1,0,1.4942203836734074e-10,0
site_18300,1,0,5.454595433485543e-07,0
site_00850,1,0,1.455799631540414e-10,0
site_14163,1,0,5.937156978153128e-09,0
site_14711,1,0,5.883265626600877e-07,0
site_02297,1,1,0.9999999983486847,1
site_09821,1,0,2.8033872786914222e-09,0
site_20514,1,0,3.062066497988843e-07,0
site_07247,1,0,5.883265626600877e-07,0
site_09944,1,0,1.6632095029820839e-09,0
site_21260,1,0,2.1891324015300275e-08,0
site_01036,1,0,3.062066497988843e-07,0
site_12856,1,0,2.915350320282198e-09,0
site_04824,1,0,1.1202302322338726e-06,0
site_08899,1,0,4.959781221744206e-07,0
site_07038,1,0,5.131637837235985e-07,0
site_01126,1,1,0.9999999983184624,1
site_08305,1,0,5.570857527777099e-11,0
site_10643,1,0,2.0217983574228852e-10,0
site_20704,1,0,5.454595433485543e-07,0
site_11179,1,0,5.883265626600877e-07,0
site_12420,1,0,8.104332660858463e-08,0
site_16019,1,0,8.871889127618368e-10,0
site_12239,1,0,2.915350320282198e-09,0
site_15926,1,0,3.062066497988843e-07,0
site_21173,1,0,3.062066497988843e-07,0
site_06904,1,0,8.871889127618368e-10,0
site_21284,1,0,3.680440446006325e-08,0
site_17521,1,0,5.889353267004741e-07,0
site_01235,1,0,1.1585316304068973e-10,0
site_17626,1,0,4.560269389433628e-07,0
site_17691,1,0,5.883265626600877e-07,0
site_14719,1,0,8.871889127618368e-10,0
site_18180,1,0,5.883265626600877e-07,0
site_07917,1,0,2.7068860301840885e-09,0
site_11675,1,0,4.201793592091787e-07,0
site_11258,1,1,0.999999830094686,1
site_03027,1,0,1.158541648185976e-10,0
site_14363,1,0,3.690895223150266e-07,0
site_08000,1,0,8.104332660858463e-08,0
site_12279,1,0,9.097164503088027e-09,0
site_13362,1,0,4.058133745116379e-10,0
site_21438,1,0,5.54057713569993e-07,0
site_00373,1,0,3.926583144476144e-07,0
site_02549,1,1,0.9999999374179446,1
site_19010,1,0,8.827785346764606e-07,0
site_04900,1,0,3.7464944900536745e-10,0
site_05272,1,0,5.883265626600877e-07,0
site_13021,1,0,1.065880385060747e-08,0
site_04219,1,0,5.889404191989141e-07,0
site_17294,1,0,3.487936534183956e-07,0
site_07023,1,0,5.131637837235985e-07,0
site_04106,1,0,3.062066497988843e-07,0
site_05132,1,0,8.130192217567875e-07,0
site_01747,1,0,1.1585316304068973e-10,0
site_03319,1,0,3.0620578148041547e-07,0
site_11157,1,0,1.447090470193308e-10,0
site_06366,1,0,7.511594710808294e-07,0
site_10805,1,0,5.883265626600877e-07,0
site_08555,1,0,1.4470947509346135e-10,0
site_03804,1,0,4.921352031216772e-07,0
site_10122,1,0,1.136389961627726e-06,0
site_07795,1,0,5.889404191989141e-07,0
site_18770,1,1,0.9999999980873309,1
site_08996,1,0,1.1202302322338726e-06,0
site_18418,1,0,5.454595433485543e-07,0
site_15501,1,0,5.131637837235985e-07,0
site_20259,1,0,7.745510564844438e-07,0
site_02950,1,1,0.9999956394188134,1
site_07203,1,0,9.53951029572393e-10,0
site_19132,1,0,3.487936534183956e-07,0
site_01366,1,1,0.9999999823554725,1
site_16201,1,0,5.034425059446121e-07,0
site_12575,1,0,2.0217983574228852e-10,0
site_08330,1,0,5.883265626600877e-07,0
site_12509,1,0,2.970454574527182e-07,0
site_13297,1,0,2.2674415214938674e-09,0
site_05763,1,1,0.9999999977081009,1
site_20768,1,0,1.1202302322338726e-06,0
site_02448,1,0,1.1202302322338726e-06,0
site_16960,1,0,2.026121006252551e-06,0
site_17738,1,0,5.570826712441745e-11,0
site_15354,1,0,5.883265626600877e-07,0
site_18096,1,0,9.454490771543824e-11,0
site_08994,1,0,3.2964619924318847e-07,0
site_10324,1,0,5.570857527777099e-11,0
site_17277,1,1,0.9999996620192394,1
site_18391,1,0,5.684774317027953e-07,0
site_19288,1,0,5.883265626600877e-07,0
site_16621,1,1,0.9999996726559065,1
site_03168,1,0,5.883265626600877e-07,0
site_14059,1,0,5.883265626600877e-07,0
site_06338,1,0,2.7568942046181525e-08,0
site_07857,1,0,3.6096535687620966e-07,0
site_18094,1,0,7.511594710808294e-07,0
site_07164,1,0,1.1202302322338726e-06,0
site_00661,1,0,1.4470852819266594e-10,0
site_10668,1,0,8.827785346764606e-07,0
site_20435,1,0,2.0217983574228852e-10,0
site_09650,1,0,4.807838246685953e-09,0
site_02695,1,0,2.095035314460108e-09,0
site_05738,1,0,1.158541648185976e-10,0
site_19267,1,0,2.0217983574228852e-10,0
site_04468,1,0,3.4188215448862363e-07,0
site_02665,1,1,0.9999959778407242,1
site_20644,1,0,3.487936534183956e-07,0
site_09592,1,0,1.0094107333671008e-09,0
site_04751,1,0,5.131637837235985e-07,0
site_06350,1,0,1.158541648185976e-10,0
site_18393,1,0,5.905297366752056e-11,0
site_09691,1,0,7.745578031332417e-07,0
site_12046,1,0,5.231304746317711e-07,0
site_16435,1,0,4.223609584884019e-08,0
site_17128,1,1,0.999999340965475,1
site_13339,1,0,1.065872863766795e-08,0
site_09132,1,0,5.203072110715898e-07,0
site_21354,1,1,0.999999996131965,1
site_19155,1,0,1.6632095029820839e-09,0
site_16722,1,0,1.1585316304068973e-10,0
site_20680,1,0,1.1213347708039867e-08,0
site_19896,1,0,7.745578031332417e-07,0
site_13085,1,0,5.889404191989141e-07,0
site_04283,1,0,3.589202565617839e-07,0
site_08212,1,0,3.487936534183956e-07,0
site_14348,1,0,3.746631800396998e-07,0
site_10006,1,0,5.25229833465262e-07,0
site_15019,1,0,1.4470947509346135e-10,0
site_20251,1,0,7.927460710181308e-07,0
site_21025,1,0,5.883265626600877e-07,0
site_14495,1,0,7.745578031332417e-07,0
site_17771,1,0,5.726451279130377e-07,0
site_02120,1,1,0.9999999993488429,1
site_02864,1,0,3.4188215448862363e-07,0
site_09727,1,1,0.9999999999296101,1
site_02633,1,0,1.1826543207644573e-10,0
site_15306,1,0,5.172808605820264e-07,0
site_00030,1,1,0.9999991933416429,1
site_07457,1,0,1.4470947509346135e-10,0
site_11329,1,0,5.034425059446121e-07,0
site_21494,1,0,3.7466211759727146e-07,0
site_19664,1,1,0.9999999707334237,1
site_01413,1,0,3.4879266433485215e-07,0
site_21068,1,1,0.9999999434426042,1
site_10061,1,0,5.889404191989141e-07,0
site_07036,1,0,5.203072110715898e-07,0
site_07266,1,0,4.807838246685953e-09,0
site_10998,1,0,3.9948358404695263e-07,0
site_00013,1,1,0.9999999519394654,1
site_17494,1,0,3.487936534183956e-07,0
site_02704,1,0,5.231258539462915e-07,0
site_17406,1,0,5.883265626600877e-07,0
site_01256,1,0,2.0710489815790668e-08,0
site_10595,1,0,3.112339822283125e-07,0
site_13775,1,0,1.4470852819266594e-10,0
site_01216,1,0,8.511431418142082e-09,0
site_04493,1,0,1.4470947509346135e-10,0
site_00830,1,0,8.369162593859088e-07,0
site_09356,1,0,9.097164503088027e-09,0
site_13550,1,0,5.5708493617064785e-11,0
site_02409,1,1,0.9999996880846964,1
site_17994,1,0,5.540626074713981e-07,0
site_19968,1,0,5.203072110715898e-07,0
site_05024,1,0,2.095035314460108e-09,0
site_03232,1,0,5.252344727348403e-07,0
site_15123,1,0,5.034425059446121e-07,0
site_05178,1,0,2.0217983574228852e-10,0
site_07217,1,0,1.1826543207644573e-10,0
site_08348,1,0,1.15734592088488e-07,0
site_18896,1,0,3.487936534183956e-07,0
site_02767,1,0,3.4879063744003073e-07,0
site_02114,1,1,0.9999999996308284,1
site_00559,1,0,5.883213661136059e-07,0
site_07938,1,0,2.2785615681684552e-09,0
site_18511,1,0,5.883265626600877e-07,0
site_18395,1,0,4.850996775759826e-11,0
site_12903,1,0,5.883265626600877e-07,0
site_05805,1,0,1.1202302322338726e-06,0
site_15148,1,0,7.745578031332417e-07,0
site_19955,1,0,5.454595433485543e-07,0
site_03731,1,0,2.0217983574228852e-10,0
site_01106,1,1,0.9999963604997858,1
site_20308,1,0,1.2220426404447924e-10,0
site_16992,1,0,1.158541648185976e-10,0
site_05381,1,0,3.062066497988843e-07,0
site_02433,1,0,8.883248720193892e-11,0
site_05127,1,0,5.883265626600877e-07,0
site_07290,1,0,6.039501224636693e-07,0
site_03218,1,1,0.9999999990960771,1
site_06618,1,0,5.131637837235985e-07,0
site_19303,1,0,1.065880385060747e-08,0
site_13097,1,0,1.1202203375159636e-06,0
site_09542,1,0,7.745578031332417e-07,0
site_05448,1,0,5.883265626600877e-07,0
site_14390,1,0,5.034425059446121e-07,0
site_17519,1,0,1.1585316304068973e-10,0
site_13962,1,0,3.7165413924545247e-07,0
site_05222,1,0,5.889404191989141e-07,0
site_11824,1,0,5.534827696950385e-07,0
site_19978,1,0,8.537418927131975e-07,0
site_10752,1,1,0.999999998606647,1
site_19087,1,0,1.4942203836734074e-10,0
site_13144,1,0,1.4470947509346135e-10,0
site_14988,1,0,9.401768831712746e-11,0
site_04735,1,0,1.0632132072434443e-09,0
site_14634,1,0,1.065880385060747e-08,0
site_06742,1,0,1.158541648185976e-10,0
site_09228,1,0,8.871889127618368e-10,0
site_19187,1,0,5.766461474899713e-09,0
site_20799,1,0,1.31820464808092e-08,0
site_01591,1,0,7.05394042896808e-10,0
site_09953,1,0,5.131637837235985e-07,0
site_11006,1,1,0.999999998620452,1
site_12998,1,1,0.9999999998886511,1
site_09383,1,0,5.540626074713981e-07,0
site_01992,1,1,0.9999999999064768,1
site_16355,1,0,3.589202565617839e-07,0
site_11221,1,0,4.201793592091787e-07,0
site_11809,1,0,6.013377467264306e-10,0
site_12096,1,0,5.889404191989141e-07,0
site_09865,1,0,1.5546600008870174e-05,0
site_15660,1,0,8.104332660858463e-08,0
site_17426,1,0,5.034380591581305e-07,0
site_15589,1,0,3.487936534183956e-07,0
site_13610,1,0,3.487936534183956e-07,0
site_14158,1,0,8.871889127618368e-10,0
site_10951,1,0,5.203072110715898e-07,0
site_11155,1,0,6.039472433700541e-07,0
site_09617,1,0,2.970454574527182e-07,0
site_01476,1,0,5.889387491251297e-07,0
site_02420,1,1,0.9999999996967832,1
site_13312,1,0,5.131637837235985e-07,0
site_18814,1,0,1.158541648185976e-10,0
site_01435,1,0,2.577701137147933e-09,0
site_19788,1,0,5.13159251071454e-07,0
site_09806,1,0,4.201793592091787e-07,0
site_18657,1,0,2.0217983574228852e-10,0
site_21250,1,1,0.9999999989808588,1
site_12870,1,1,0.9999999959051629,1
site_09249,1,1,0.9999999978414278,1
site_04798,1,0,5.883265626600877e-07,0
site_08146,1,0,7.938474291438973e-10,0
site_13396,1,0,3.589202565617839e-07,0
site_04570,1,0,7.511594710808294e-07,0
site_16185,1,1,0.9999999965510387,1
site_00551,1,1,0.9999999999313203,1
site_04065,1,0,7.927420961451845e-07,0
site_11254,1,1,0.9999999732458098,1
site_10527,1,0,5.034425059446121e-07,0
site_04192,1,0,1.4470947509346135e-10,0
site_11060,1,0,5.131637837235985e-07,0
site_14420,1,0,8.2147924612767e-09,0
site_03184,1,0,5.570857527777099e-11,0
site_10787,1,0,8.871889127618368e-10,0
site_03331,1,0,1.447081969088556e-10,0
site_10245,1,1,0.9999999649175569,1
site_05298,1,0,5.454595433485543e-07,0
site_18117,1,0,5.454595433485543e-07,0
site_00711,1,0,3.4268211069733273e-09,0
site_17393,1,0,5.454595433485543e-07,0
site_21330,1,0,2.494851620000734e-08,0
site_21484,1,0,5.203026153233061e-07,0
site_04982,1,0,5.131637837235985e-07,0
site_20363,1,0,5.883265626600877e-07,0
site_04962,1,0,2.3486339830401856e-09,0
site_12110,1,0,2.6218749438404205e-07,0
site_14936,1,0,5.252344727348403e-07,0
site_05579,1,0,5.883265626600877e-07,0
site_21542,1,0,3.062066497988843e-07,0
site_17391,1,0,4.8510038866292244e-11,0
site_05725,1,0,3.487936534183956e-07,0
site_02381,1,0,2.3486339830401856e-09,0
site_15622,1,0,6.858054036992985e-11,0
site_19620,1,0,1.1202302322338726e-06,0
site_14765,1,0,8.2147924612767e-09,0
site_08179,1,0,6.013377467264306e-10,0
site_19987,1,1,0.9999999999469111,1
site_13789,1,0,8.214753300475639e-09,0
site_03137,1,0,1.158541648185976e-10,0
site_02453,1,0,3.487936534183956e-07,0
site_07809,1,0,5.883265626600877e-07,0
site_19700,1,0,1.1202302322338726e-06,0
site_00131,1,0,8.82770737309097e-07,0
site_08055,1,0,2.379093219538433e-06,0
site_15905,1,0,2.446497995215162e-08,0
site_09987,1,1,0.999999998354266,1
site_06169,1,0,3.487936534183956e-07,0
site_10425,1,0,9.454490771543824e-11,0
site_13861,1,0,5.570857527777099e-11,0
site_18610,1,0,4.807838246685953e-09,0
site_00083,1,1,0.9999999998208629,1
site_19919,1,1,0.999999999935161,1
site_16899,1,0,2.0217804993556397e-10,0
site_06600,1,0,5.131629988867245e-07,0
site_13942,1,0,8.369186326574264e-07,0
site_14871,1,0,8.871889127618368e-10,0
site_08871,1,0,1.5231171333308467e-09,0
site_01423,1,0,5.203026153233061e-07,0
site_15784,1,0,5.172808605820264e-07,0
site_17559,1,0,5.883265626600877e-07,0
site_03862,1,0,5.889404191989141e-07,0
site_03754,1,0,1.1585316304068973e-10,0
site_14612,1,0,5.034425059446121e-07,0
site_10496,1,1,0.9999999962946817,1
site_12328,1,0,2.095035314460108e-09,0
site_10640,1,0,2.9153569944608595e-09,0
site_14519,1,0,7.745578031332417e-07,0
site_18536,1,0,4.959781221744206e-07,0
site_00772,1,0,5.883213661136059e-07,0
site_17299,1,0,1.1826543207644573e-10,0
site_01212,1,0,0.0003849718916558648,0
site_01845,1,0,7.745510564844438e-07,0
site_14186,1,0,5.034425059446121e-07,0
site_06456,1,0,5.034392116899023e-07,0
site_08971,1,0,5.883265626600877e-07,0
site_04089,1,0,5.889404191989141e-07,0
site_19905,1,0,3.2964619924318847e-07,0
site_05194,1,0,2.0217983574228852e-10,0
site_11853,1,1,0.9999999714322995,1
site_01076,1,0,3.487936534183956e-07,0
site_02251,1,0,5.889404191989141e-07,0
site_13886,1,0,2.3486270353994216e-09,0
site_11649,1,0,8.104332660858463e-08,0
site_11457,1,0,2.7068860301840885e-09,0
site_05638,1,0,1.158541648185976e-10,0
site_21061,1,1,0.999999995235314,1
site_14183,1,0,1.065880385060747e-08,0
site_07194,1,0,1.1202302322338726e-06,0
site_01313,1,0,1.1585316304068973e-10,0
site_05320,1,0,3.062066497988843e-07,0
site_05706,1,0,1.1585316304068973e-10,0
site_16246,1,1,0.9999999778086139,1
site_00226,1,1,0.9999999537734167,1
site_19103,1,0,3.062066497988843e-07,0
site_10757,1,0,9.09710030972316e-09,0
site_17900,1,0,1.2220426404447924e-10,0
site_03401,1,1,0.9999999998409179,1
site_13334,1,0,2.0217804993556397e-10,0
site_10288,1,0,1.158541648185976e-10,0
site_06046,1,0,3.4879063744003073e-07,0
site_04612,1,0,8.827785346764606e-07,0
site_17688,1,0,1.15734592088488e-07,0
site_07739,1,0,5.203072110715898e-07,0
site_16120,1,1,0.9999998775753728,1
site_12632,1,1,0.9999993357181246,1
site_09500,1,0,1.7900602339845405e-07,0
site_13274,1,0,3.487936534183956e-07,0
site_13240,1,0,2.2253709389182664e-06,0
site_10310,1,0,9.454490771543824e-11,0
site_09051,1,0,1.1826543207644573e-10,0
site_02619,1,0,5.131637837235985e-07,0
site_17223,1,0,3.631005150649433e-10,0
site_12765,1,0,1.3199473430901026e-08,0
site_02127,1,0,3.690895223150266e-07,0
site_03318,1,0,5.684774317027953e-07,0
site_07455,1,0,1.4470947509346135e-10,0
site_01292,1,0,1.1103572040433965e-08,0
site_00839,1,0,1.1585342826600603e-10,0
site_19466,1,0,1.8388529078476384e-08,0
site_11982,1,0,5.030000645148027e-07,0
site_04240,1,0,3.487936534183956e-07,0
site_03632,1,0,5.534827696950385e-07,0
site_12032,1,0,6.682581128933067e-07,0
site_13009,1,0,4.4495795623886586e-07,0
site_19003,1,0,5.131637837235985e-07,0
site_08402,1,0,5.889404191989141e-07,0
site_06525,1,0,3.7464834073144836e-10,0
site_14421,1,0,1.1202302322338726e-06,0
site_04033,1,0,3.6096535687620966e-07,0
site_07936,1,0,5.883265626600877e-07,0
site_16186,1,0,2.3619286827815076e-06,0
site_13879,1,0,1.0658772320134843e-08,0
site_12499,1,1,0.9999999999064768,1
site_16326,1,0,1.065880385060747e-08,0
site_13613,1,0,8.871889127618368e-10,0
site_12784,1,0,8.104332660858463e-08,0
site_03954,1,0,8.871863969355033e-10,0
site_01626,1,0,8.64381167334174e-10,0
site_11195,1,0,2.2674415214938674e-09,0
site_11693,1,0,6.309927904826528e-11,0
site_20759,1,0,8.871889127618368e-10,0
site_11876,1,1,0.9997245483758663,1
site_04873,1,0,5.131637837235985e-07,0
site_12200,1,0,5.203072110715898e-07,0
site_15853,1,0,1.158541648185976e-10,0
site_07260,1,0,4.201793592091787e-07,0
site_20869,1,0,2.379093219538433e-06,0
site_14027,1,0,5.883265626600877e-07,0
site_03482,1,0,2.056507660006701e-06,0
site_04428,1,0,3.062066497988843e-07,0
site_20481,1,1,0.9999999582622221,1
site_20128,1,1,0.999999999890774,1
site_05029,1,0,5.203072110715898e-07,0
site_13572,1,0,2.2785414421724626e-09,0
site_16040,1,0,3.7254754842307385e-09,0
site_02600,1,1,0.9999999689625602,1
site_07476,1,0,3.725501772916167e-09,0
site_01320,1,1,0.9999999841939071,1
site_03725,1,0,8.871889127618368e-10,0
site_13101,1,0,1.2220318464308532e-10,0
site_03705,1,0,5.889404191989141e-07,0
site_10753,1,1,0.9999999927333685,1
site_11784,1,0,8.104332660858463e-08,0
site_00192,1,1,0.9999999426254214,1
site_05708,1,0,7.511528840102508e-07,0
site_00496,1,0,5.570839465863734e-11,0
site_08147,1,0,5.889404191989141e-07,0
site_17586,1,0,2.6926210527847185e-07,0
site_18713,1,0,1.4470947509346135e-10,0
site_02170,1,1,0.9999998894239701,1
site_12036,1,0,5.131637837235985e-07,0
site_19795,1,1,0.9999999998848239,1
site_19951,1,0,1.158541648185976e-10,0
site_04249,1,0,1.1826543207644573e-10,0
site_03261,1,0,5.889353267004741e-07,0
site_08844,1,0,1.065880385060747e-08,0
site_21548,1,0,1.15734592088488e-07,0
site_17762,1,0,3.062066497988843e-07,0
site_15947,1,0,5.454595433485543e-07,0
site_18215,1,0,3.7464944900536745e-10,0
site_21257,1,1,0.9999999979129899,1
site_06019,1,0,1.158541648185976e-10,0
site_20188,1,0,5.172762915647529e-07,0
site_17981,1,0,3.062066497988843e-07,0
site_07264,1,0,1.158541648185976e-10,0
site_03529,1,0,5.13159251071454e-07,0
site_15285,1,0,5.540626074713981e-07,0
site_12877,1,1,0.999999999921876,1
site_02612,1,1,0.9999999093563221,1
site_02755,1,0,5.034425059446121e-07,0
site_18746,1,0,1.4470947509346135e-10,0
site_10281,1,0,5.203072110715898e-07,0
site_07101,1,0,2.3486339830401856e-09,0
site_17328,1,1,0.9999999817254593,1
site_01515,1,0,5.454547254358974e-07,0
site_16503,1,1,0.9999999254471843,1
site_18868,1,0,1.4470947509346135e-10,0
site_05871,1,0,7.745578031332417e-07,0
site_13422,1,0,5.534827696950385e-07,0
site_14554,1,0,5.454595433485543e-07,0
site_05302,1,0,7.112023562305967e-07,0
site_15071,1,0,5.131637837235985e-07,0
site_03151,1,1,0.9999795079886343,1
site_05581,1,0,7.745578031332417e-07,0
site_00398,1,0,5.172762915647529e-07,0
site_20891,1,0,3.5891715301988477e-07,0
site_12990,1,1,0.9999999999003084,1
site_16378,1,0,1.1103572040433965e-08,0
site_19549,1,0,5.540626074713981e-07,0
site_19001,1,0,1.065880385060747e-08,0
site_01377,1,0,3.690884756779632e-07,0
site_10642,1,0,5.673713493357161e-07,0
site_14058,1,0,1.158541648185976e-10,0
site_14391,1,0,8.871889127618368e-10,0
site_14415,1,0,8.2147924612767e-09,0
site_07361,1,0,5.131637837235985e-07,0
site_20556,1,0,2.818631972700894e-08,0
site_19990,1,1,0.9999999406090341,1
site_03246,1,0,3.487936534183956e-07,0
site_04278,1,0,8.827785346764606e-07,0
site_19886,1,0,2.0217983574228852e-10,0
site_19231,1,0,5.252344727348403e-07,0
site_12268,1,0,1.0704135497875745e-07,0
site_13799,1,0,3.487936534183956e-07,0
site_13025,1,0,1.4470947509346135e-10,0
site_16791,1,1,0.999999702238826,1
site_20055,1,1,0.9999999706020908,1
site_04049,1,0,5.889404191989141e-07,0
site_10556,1,0,7.927472834519494e-07,0
site_05474,1,0,1.4470947509346135e-10,0
site_15657,1,0,2.095035314460108e-09,0
site_03653,1,0,8.871889127618368e-10,0
site_17100,1,0,1.158541648185976e-10,0
site_17218,1,1,0.9999991933416429,1
site_08159,1,0,1.6044146586913396e-09,0
site_02471,1,1,0.9999999905512064,1
site_17314,1,0,7.511528840102508e-07,0
site_13172,1,0,4.1657539669344636e-07,0
site_14435,1,0,7.745578031332417e-07,0
site_06314,1,0,6.013325470267025e-10,0
site_20001,1,0,8.408097069193365e-09,0
site_13757,1,0,5.889404191989141e-07,0
site_01472,1,0,1.4470947509346135e-10,0
site_18526,1,0,5.131637837235985e-07,0
site_08546,1,0,1.158541648185976e-10,0
site_10220,1,0,5.034425059446121e-07,0
site_21249,1,1,0.9999999700164584,1
site_10098,1,0,7.872856883517759e-09,0
site_19923,1,1,0.9999999997589739,1
site_17707,1,0,8.871889127618368e-10,0
site_13010,1,0,2.0217804993556397e-10,0
site_03732,1,0,7.745578031332417e-07,0
site_03143,1,0,5.454547254358974e-07,0
site_16517,1,0,7.112023562305967e-07,0
site_10210,1,0,5.203072110715898e-07,0
site_16737,1,1,0.999999965200364,1
site_10627,1,1,0.9999999902351856,1
site_13104,1,0,5.13159251071454e-07,0
site_04056,1,0,5.172808605820264e-07,0
site_06466,1,0,5.252344727348403e-07,0
site_06124,1,0,5.889353267004741e-07,0
site_20739,1,0,2.3619286827815076e-06,0
site_15916,1,0,2.0261385260085696e-06,0
site_01357,1,1,0.9999999987655752,1
site_12516,1,0,1.7900602339845405e-07,0
site_20117,1,0,8.369113428261034e-07,0
site_15841,1,0,8.104332660858463e-08,0
site_13604,1,0,5.131637837235985e-07,0
site_20542,1,1,0.9999999981909156,1
site_02206,1,0,1.455799631540414e-10,0
site_07700,1,0,1.1826543207644573e-10,0
site_09080,1,0,5.034380591581305e-07,0
site_16590,1,0,3.487936534183956e-07,0
site_01024,1,1,0.9999999959969734,1
site_10252,1,1,0.9999999957367098,1
site_15695,1,0,3.5284395826929463e-07,0
site_05126,1,0,1.4470947509346135e-10,0
site_15223,1,0,5.172808605820264e-07,0
site_19682,1,0,5.540626074713981e-07,0
site_09781,1,0,2.2674415214938674e-09,0
site_19070,1,0,2.2785615681684552e-09,0
site_03502,1,0,2.0261385260085696e-06,0
site_21302,1,1,0.9999999696674544,1
site_01621,1,0,2.0217804993556397e-10,0
site_10368,1,1,0.9999999955358472,1
site_04625,1,0,6.682581128933067e-07,0
site_11133,1,0,2.970454574527182e-07,0
site_08207,1,0,5.883265626600877e-07,0
site_09318,1,0,2.4598690793651667e-09,0
site_01734,1,0,3.4879063744003073e-07,0
site_16143,1,0,1.4470947509346135e-10,0
site_08711,1,0,4.807838246685953e-09,0
site_16598,1,0,7.745510564844438e-07,0
site_19237,1,0,8.369174058569018e-07,0
site_10709,1,0,3.6554626547948724e-07,0
site_20059,1,1,0.9999643927038242,1
site_16965,1,1,0.9999999794576919,1
site_04396,1,0,5.131637837235985e-07,0
site_18901,1,0,2.267434814033591e-09,0
site_16879,1,0,2.379093219538433e-06,0
site_09172,1,0,3.487936534183956e-07,0
site_15002,1,0,4.921384234086383e-07,0
site_12483,1,0,2.6061058496638395e-11,0
site_04637,1,0,5.883265626600877e-07,0
site_11967,1,0,1.158541648185976e-10,0
site_04838,1,0,8.871889127618368e-10,0
site_00702,1,0,2.0217923766149707e-10,0
site_09281,1,0,5.454595433485543e-07,0
site_02778,1,1,0.9999999405355162,1
site_03057,1,0,5.883265626600877e-07,0
site_02539,1,0,1.3199473430901026e-08,0
site_01225,1,0,1.4470947509346135e-10,0
site_17936,1,0,5.889404191989141e-07,0
site_17952,1,0,1.4942180983994e-10,0
site_21405,1,1,0.9999999986515706,1
site_01540,1,0,3.062040020652996e-07,0
site_20791,1,1,0.9999998313569598,1
site_15611,1,0,5.203072110715898e-07,0
site_01604,1,0,2.026121006252551e-06,0
site_21088,1,0,3.4188215448862363e-07,0
site_10904,1,0,2.0217983574228852e-10,0
site_21532,1,0,2.0261385260085696e-06,0
site_07051,1,0,5.131637837235985e-07,0
site_16452,1,0,5.883265626600877e-07,0
site_13371,1,0,5.454595433485543e-07,0
site_15078,1,0,7.511594710808294e-07,0
site_11769,1,0,3.062066497988843e-07,0
site_09162,1,0,8.82770737309097e-07,0
site_14601,1,0,5.454595433485543e-07,0
site_13219,1,0,5.203026153233061e-07,0
site_14316,1,0,8.883248720193892e-11,0
site_15524,1,0,1.1202302322338726e-06,0
site_20986,1,0,2.379093219538433e-06,0
site_21425,1,1,0.999999986821603,1
site_00587,1,0,1.065872863766795e-08,0
site_20945,1,0,1.447081969088556e-10,0
site_18990,1,0,9.401768831712746e-11,0
site_00723,1,0,2.37907809428928e-06,0
site_00547,1,1,0.9999999945814673,1
site_10691,1,0,5.131637837235985e-07,0
site_12132,1,0,1.0704135497875745e-07,0
site_05867,1,0,5.570857527777099e-11,0
site_03112,1,0,4.1657539669344636e-07,0
site_00480,1,0,8.104275473330893e-08,0
site_15297,1,0,2.0217983574228852e-10,0
site_19595,1,1,0.9999999405355162,1
site_08323,1,0,4.921384234086383e-07,0
site_18805,1,0,4.807838246685953e-09,0
site_10520,1,0,2.915350320282198e-09,0
site_10385,1,1,0.9999999979302614,1
site_12259,1,1,0.9999999969088078,1
site_19994,1,1,0.9999999978268272,1
site_04919,1,0,3.589202565617839e-07,0
site_09832,1,0,8.130192217567875e-07,0
site_15221,1,0,5.454595433485543e-07,0
site_16405,1,0,5.883265626600877e-07,0
site_09902,1,0,5.889404191989141e-07,0
site_08972,1,0,8.2147924612767e-09,0
site_06300,1,0,9.254457704399303e-10,0
site_16865,1,0,1.4502790709391242e-05,0
site_10377,1,1,0.999999695258847,1
site_06520,1,0,5.889404191989141e-07,0
site_03517,1,0,5.131637837235985e-07,0
site_10962,1,0,8.871889127618368e-10,0
site_17625,1,0,5.90533003223029e-11,0
site_09148,1,0,5.889404191989141e-07,0
site_11820,1,0,5.889404191989141e-07,0
site_13580,1,0,3.7165092559518516e-07,0
site_03456,1,0,1.065872863766795e-08,0
site_00997,1,0,5.102215668987032e-08,0
site_08671,1,0,2.379093219538433e-06,0
site_12355,1,0,5.454595433485543e-07,0
site_02805,1,0,3.2964619924318847e-07,0
site_17188,1,0,2.095035314460108e-09,0
site_00960,1,0,2.3810582015531253e-10,0
site_17919,1,0,3.4268507385653896e-09,0
site_04584,1,0,2.2674415214938674e-09,0
site_04162,1,0,9.455021430699885e-11,0
site_20974,1,0,5.883265626600877e-07,0
site_03312,1,0,1.158541648185976e-10,0
site_19385,1,1,0.9999999710959098,1
site_11491,1,0,1.4470947509346135e-10,0
site_19004,1,0,1.4470947509346135e-10,0
site_01349,1,0,6.013325470267025e-10,0
site_05437,1,0,3.062066497988843e-07,0
site_20525,1,0,5.131637837235985e-07,0
site_08595,1,0,3.487936534183956e-07,0
site_04769,1,0,5.883265626600877e-07,0
site_03929,1,0,1.065880385060747e-08,0
site_19305,1,0,1.447090470193308e-10,0
site_08111,1,0,1.4470947509346135e-10,0
site_16482,1,0,5.883213661136059e-07,0
site_15069,1,0,1.4470947509346135e-10,0
site_19234,1,0,1.158541648185976e-10,0
site_16982,1,0,3.589202565617839e-07,0
site_04318,1,0,4.201793592091787e-07,0
site_10125,1,0,2.5083769024431832e-05,0
site_15792,1,0,3.487936534183956e-07,0
site_02204,1,0,5.889404191989141e-07,0
site_08596,1,0,5.034425059446121e-07,0
site_05228,1,0,8.104332660858463e-08,0
site_17169,1,1,0.9999989525775659,1
site_09028,1,0,1.6632095029820839e-09,0
site_15557,1,0,3.062040020652996e-07,0
site_04409,1,0,1.6632095029820839e-09,0
site_16948,1,0,4.807838246685953e-09,0
site_03661,1,0,4.201793592091787e-07,0
site_11864,1,1,0.9999998717376479,1
site_02250,1,0,3.487936534183956e-07,0
site_12927,1,0,2.0261385260085696e-06,0
site_01004,1,0,3.487936534183956e-07,0
site_13952,1,0,5.889404191989141e-07,0
site_01847,1,0,7.927402813080291e-07,0
site_11720,1,0,1.0546591417900137e-07,0
site_20850,1,1,0.9999999308822497,1
site_01286,1,1,0.9999998894239701,1
site_11835,1,0,6.716701246355388e-07,0
site_06559,1,0,8.104332660858463e-08,0
site_19657,1,1,0.0008403023671771486,0
site_00691,1,0,2.2908671760307406e-07,0
site_16796,1,0,4.223609584884019e-08,0
site_18777,1,0,3.4268507385653896e-09,0
site_08009,1,0,9.401768831712746e-11,0
site_11810,1,0,3.062066497988843e-07,0
site_14946,1,0,5.131637837235985e-07,0
site_00413,1,0,2.562371091674524e-07,0
site_16107,1,0,3.418791982731699e-07,0
site_19189,1,0,5.203072110715898e-07,0
site_16675,1,1,0.9999998921918732,1
site_02525,1,0,1.1826487214654167e-10,0
site_20176,1,0,8.827785346764606e-07,0
site_06454,1,0,5.4545597415729e-07,0
site_16195,1,0,5.883265626600877e-07,0
site_15252,1,0,2.2908817405006472e-07,0
site_19656,1,0,8.82770737309097e-07,0
site_15347,1,0,5.203072110715898e-07,0
site_06477,1,0,4.1657539669344636e-07,0
site_17493,1,0,8.827785346764606e-07,0
site_21527,1,0,3.690884756779632e-07,0
site_03507,1,0,1.1202302322338726e-06,0
site_15946,1,0,1.158541648185976e-10,0
site_04384,1,0,3.7464944900536745e-10,0
site_03219,1,1,0.9999990287183805,1
site_06980,1,0,5.883265626600877e-07,0
site_09274,1,0,1.0632132072434443e-09,0
site_09748,1,0,6.955936313876205e-05,0
site_06931,1,0,1.065880385060747e-08,0
site_08170,1,0,9.401768831712746e-11,0
site_13887,1,0,1.0658772320134843e-08,0
site_07744,1,0,5.203072110715898e-07,0
site_12207,1,0,5.889404191989141e-07,0
site_06395,1,0,1.447090470193308e-10,0
site_15455,1,0,8.369186326574264e-07,0
site_19348,1,0,7.745578031332417e-07,0
site_20816,1,0,5.131637837235985e-07,0
site_02922,1,0,7.927472834519494e-07,0
site_18776,1,0,5.034425059446121e-07,0
site_21218,1,0,2.0217804993556397e-10,0
site_01444,1,0,5.889387491251297e-07,0
site_12228,1,0,5.203072110715898e-07,0
site_11244,1,0,5.991203903113301e-10,0
site_06647,1,0,5.883265626600877e-07,0
site_10505,1,0,5.883213661136059e-07,0
site_01813,1,0,7.511594710808294e-07,0
site_14994,1,0,2.0217983574228852e-10,0
site_18313,1,0,5.203072110715898e-07,0
site_19557,1,0,1.4470947509346135e-10,0
site_11294,1,0,5.454579297915122e-07,0
site_12512,1,1,0.9999999997489133,1
site_11227,1,0,9.454490771543824e-11,0
site_07438,1,0,5.131637837235985e-07,0
site_01156,1,0,5.889353267004741e-07,0
site_12929,1,0,5.889404191989141e-07,0
site_03618,1,0,1.604403635499568e-09,0
site_03614,1,0,8.871812413392923e-10,0
site_12954,1,0,5.131637837235985e-07,0
site_16279,1,0,5.034425059446121e-07,0
site_19452,1,1,0.9999999998534803,1
site_07163,1,0,1.065880385060747e-08,0
site_13596,1,0,1.065880385060747e-08,0
site_17085,1,0,8.369186326574264e-07,0
site_08870,1,0,6.593428797069063e-11,0
site_03984,1,0,4.201793592091787e-07,0
site_17553,1,0,3.7165413924545247e-07,0
site_16513,1,0,1.455799631540414e-10,0
site_05364,1,0,1.4470947509346135e-10,0
site_04585,1,0,5.454595433485543e-07,0
site_01799,1,0,2.0217804993556397e-10,0
site_07599,1,0,5.534827696950385e-07,0
site_08387,1,0,3.7165413924545247e-07,0
site_19220,1,0,2.379093219538433e-06,0
site_09001,1,0,3.671209175300803e-08,0
site_00595,1,1,0.9999515898986254,1
site_07796,1,0,1.4470947509346135e-10,0
site_07420,1,0,5.131637837235985e-07,0
site_15215,1,0,1.158541648185976e-10,0
site_02696,1,0,5.889404191989141e-07,0
site_19136,1,0,6.682581128933067e-07,0
site_17091,1,0,8.883248720193892e-11,0
site_12070,1,0,5.454595433485543e-07,0
site_15392,1,0,2.0217983574228852e-10,0
site_10065,1,0,9.53951029572393e-10,0
site_07512,1,0,5.034425059446121e-07,0
site_14251,1,0,5.034425059446121e-07,0
site_11993,1,1,0.9999999955002203,1
site_01987,1,1,0.9999999996289171,1
site_20694,1,0,5.534827696950385e-07,0
site_11163,1,0,5.131637837235985e-07,0
site_04590,1,0,5.131637837235985e-07,0
site_00372,1,0,4.662637379963701e-07,0
site_05118,1,0,1.4470947509346135e-10,0
site_00893,1,0,3.6908633084069646e-07,0
site_08307,1,0,8.2147924612767e-09,0
site_14533,1,0,7.745578031332417e-07,0
site_17555,1,0,7.745578031332417e-07,0
site_20321,1,0,3.7165359445449266e-07,0
site_20110,1,0,1.158541648185976e-10,0
site_08946,1,0,8.537453915845726e-07,0
site_01865,1,0,6.858064089922071e-11,0
site_19148,1,0,5.034425059446121e-07,0
site_03458,1,0,5.25229833465262e-07,0
site_08123,1,0,4.201793592091787e-07,0
site_03369,1,0,3.690895223150266e-07,0
site_19631,1,0,7.927472834519494e-07,0
site_11695,1,0,8.667591044561994e-10,0
site_19247,1,1,0.9999999998953699,1
site_18510,1,0,8.104332660858463e-08,0
site_01102,1,0,8.511431418142082e-09,0
site_10001,1,0,3.4879063744003073e-07,0
site_12058,1,0,4.201793592091787e-07,0
site_09066,1,0,7.511594710808294e-07,0
site_03150,1,0,1.1202203375159636e-06,0
site_16333,1,0,5.131637837235985e-07,0
site_03785,1,0,3.4188215448862363e-07,0
site_15753,1,0,5.172808605820264e-07,0
site_19241,1,0,5.13159251071454e-07,0
site_11323,1,0,2.0261385260085696e-06,0
site_17751,1,0,4.8510038866292244e-11,0
site_13364,1,0,3.0784553454507284e-07,0
site_05533,1,0,5.203072110715898e-07,0
site_02762,1,0,5.889353267004741e-07,0
site_00425,1,1,0.9999998681554733,1
site_17474,1,0,7.745510564844438e-07,0
site_09422,1,0,2.915350320282198e-09,0
site_10847,1,1,0.9999999983185992,1
site_18879,1,0,7.927472834519494e-07,0
site_05091,1,0,1.4470947509346135e-10,0
site_20431,1,0,5.883265626600877e-07,0
site_10298,1,0,5.131637837235985e-07,0
site_01324,1,1,0.9999988457141592,1
site_09977,1,0,1.0704135497875745e-07,0
site_03846,1,0,6.013377467264306e-10,0
site_09526,1,0,1.065880385060747e-08,0
site_19833,1,0,5.883265626600877e-07,0
site_03074,1,0,2.0217983574228852e-10,0
site_18645,1,0,5.131637837235985e-07,0
site_05447,1,0,4.201793592091787e-07,0
site_15700,1,0,2.095035314460108e-09,0
site_14592,1,0,2.7568942046181525e-08,0
site_10816,1,0,1.1202302322338726e-06,0
site_19418,1,0,1.065880385060747e-08,0
site_04770,1,0,5.883265626600877e-07,0
site_12324,1,0,5.883265626600877e-07,0
site_05471,1,0,8.104332660858463e-08,0
site_12451,1,0,1.158541648185976e-10,0
site_09785,1,0,5.034425059446121e-07,0
site_13591,1,0,2.986542456446033e-07,0
site_03415,1,0,2.0217983574228852e-10,0
site_14113,1,0,5.203072110715898e-07,0
site_09926,1,0,2.0217983574228852e-10,0
site_02509,1,0,5.889404191989141e-07,0
site_03093,1,0,5.534778809151958e-07,0
site_19019,1,0,4.201793592091787e-07,0
site_13125,1,0,9.777777405199188e-10,0
site_20034,1,0,5.883265626600877e-07,0
site_13057,1,0,5.883265626600877e-07,0
site_21243,1,0,9.097137592198138e-09,0
site_05757,1,1,0.9999999963227888,1
site_18351,1,0,5.203072110715898e-07,0
site_01420,1,0,8.871812413392923e-10,0
site_02168,1,1,0.9999999811889929,1
site_03437,1,0,2.379093219538433e-06,0
site_10828,1,0,8.369186326574264e-07,0
site_07109,1,0,2.7568942046181525e-08,0
site_12486,1,0,2.6061058496638395e-11,0
site_02621,1,0,5.889404191989141e-07,0
site_08081,1,0,7.938474291438973e-10,0
site_07682,1,0,5.131637837235985e-07,0
site_02111,1,0,2.0710489815790668e-08,0
site_07200,1,0,8.871889127618368e-10,0
site_08271,1,0,1.4470947509346135e-10,0
site_21014,1,1,0.999999955539048,1
site_17603,1,0,5.203072110715898e-07,0
site_07336,1,0,1.4470947509346135e-10,0
site_01078,1,0,3.7165413924545247e-07,0
site_05085,1,0,3.4188215448862363e-07,0
site_06916,1,0,5.131637837235985e-07,0
site_06730,1,0,3.589202565617839e-07,0
site_15272,1,0,3.062066497988843e-07,0
site_21485,1,0,1.1585316304068973e-10,0
site_06755,1,0,5.131637837235985e-07,0
site_00540,1,0,7.363845751870446e-11,0
site_21449,1,0,2.0217804993556397e-10,0
site_00122,1,0,0.00016457690402859877,0
site_10093,1,0,1.158541648185976e-10,0
site_13046,1,0,5.231304746317711e-07,0
site_20711,1,0,3.690895223150266e-07,0
site_12972,1,0,2.2908752441849078e-07,0
site_11564,1,1,0.9999999845230558,1
site_07538,1,0,5.883265626600877e-07,0
site_13045,1,0,3.690895223150266e-07,0
site_14980,1,0,4.201793592091787e-07,0
site_03329,1,0,5.13159251071454e-07,0
site_14181,1,0,1.065880385060747e-08,0
site_07948,1,0,4.201793592091787e-07,0
site_06480,1,0,5.131637837235985e-07,0
site_15749,1,0,1.158541648185976e-10,0
site_09068,1,0,1.158541648185976e-10,0
site_03420,1,0,5.889404191989141e-07,0
site_16278,1,0,8.369186326574264e-07,0
site_01475,1,0,3.5891973043683894e-07,0
site_01232,1,0,1.1585342826600603e-10,0
site_04604,1,0,5.889404191989141e-07,0
site_14824,1,0,5.131637837235985e-07,0
site_04907,1,0,5.67373027716332e-07,0
site_04470,1,0,1.4470947509346135e-10,0
site_10443,1,0,5.131637837235985e-07,0
site_04436,1,0,2.7568942046181525e-08,0
site_08053,1,0,8.2147924612767e-09,0
site_19781,1,0,3.0620578148041547e-07,0
site_15682,1,0,5.131637837235985e-07,0
site_04084,1,0,1.065880385060747e-08,0
site_03281,1,1,0.9999999861553728,1
site_06262,1,0,1.6632045829382487e-09,0
site_14751,1,0,5.131637837235985e-07,0
site_12069,1,0,5.203072110715898e-07,0
site_07797,1,0,1.158541648185976e-10,0
site_18582,1,0,8.537494336738151e-07,0
site_12925,1,0,7.745578031332417e-07,0
site_10551,1,0,5.889404191989141e-07,0
site_16012,1,0,3.487936534183956e-07,0
site_07906,1,0,5.570857527777099e-11,0
site_16645,1,0,3.487936534183956e-07,0
site_18013,1,0,4.1657539669344636e-07,0
site_20112,1,0,9.454994618832e-11,0
site_05607,1,0,5.203026153233061e-07,0
site_04457,1,0,2.0217983574228852e-10,0
site_06459,1,0,1.4470852819266594e-10,0
site_15711,1,0,4.201793592091787e-07,0
site_09466,1,0,1.158541648185976e-10,0
site_13380,1,0,7.511594710808294e-07,0
site_15528,1,0,7.938474291438973e-10,0
site_07358,1,0,5.131637837235985e-07,0
site_15872,1,0,8.883248720193892e-11,0
site_14913,1,0,1.4470947509346135e-10,0
site_05315,1,0,1.065880385060747e-08,0
site_18047,1,0,2.3486339830401856e-09,0
site_07112,1,0,5.131637837235985e-07,0
site_05500,1,0,5.252344727348403e-07,0
site_14190,1,0,9.097164503088027e-09,0
site_08588,1,0,6.013377467264306e-10,0
site_11184,1,0,7.745578031332417e-07,0
site_05523,1,0,8.104332660858463e-08,0
site_04053,1,0,9.254457704399303e-10,0
site_17423,1,0,8.130121400968782e-07,0
site_05030,1,0,2.095035314460108e-09,0
site_21550,1,0,5.570857527777099e-11,0
site_19901,1,0,5.131637837235985e-07,0
site_21305,1,1,0.9999999989555406,1
site_01056,1,1,0.9999999982850556,1
site_09187,1,0,1.158541648185976e-10,0
site_18543,1,0,5.883248222955841e-07,0
site_16024,1,0,3.487936534183956e-07,0
site_20699,1,0,7.938474291438973e-10,0
site_18339,1,0,5.131637837235985e-07,0
site_08182,1,0,5.889404191989141e-07,0
site_08499,1,0,4.959781221744206e-07,0
site_00262,1,1,0.9999978564934521,1
site_08553,1,0,5.454595433485543e-07,0
site_16839,1,0,2.0950171989258642e-09,0
site_07273,1,0,1.15734592088488e-07,0
site_07338,1,0,6.858064089922071e-11,0
site_10079,1,0,4.166364451641291e-08,0
site_07150,1,0,5.203072110715898e-07,0
site_12700,1,0,5.889404191989141e-07,0
site_11961,1,0,5.889404191989141e-07,0
site_20278,1,0,1.1213347708039867e-08,0
site_17824,1,0,3.2964619924318847e-07,0
site_05532,1,0,1.158541648185976e-10,0
site_11708,1,0,8.702956553378697e-09,0
site_03895,1,0,2.0217983574228852e-10,0
site_12647,1,0,5.0064083338368394e-06,0
site_17151,1,0,2.0217983574228852e-10,0
site_03898,1,0,1.158541648185976e-10,0
site_04634,1,0,1.2220426404447924e-10,0
site_04296,1,0,1.158541648185976e-10,0
site_13530,1,0,5.534827696950385e-07,0
site_06538,1,0,5.231304746317711e-07,0
site_12419,1,0,2.816896773234792e-09,0
site_11113,1,1,0.999999998354266,1
site_06268,1,0,5.883265626600877e-07,0
site_14513,1,0,1.4470947509346135e-10,0
site_07214,1,0,5.034425059446121e-07,0
site_18556,1,0,8.369186326574264e-07,0
site_01704,1,0,5.13159251071454e-07,0
site_00404,1,0,3.0620578148041547e-07,0
site_06073,1,0,8.871889127618368e-10,0
site_15592,1,0,2.0217983574228852e-10,0
site_13225,1,0,1.065872863766795e-08,0
site_00248,1,0,1.447090470193308e-10,0
site_19927,1,1,0.9999999998064699,1
site_16665,1,1,0.9999999832578953,1
site_03658,1,0,4.1657539669344636e-07,0
site_05389,1,0,4.1657539669344636e-07,0
site_07800,1,0,3.4188215448862363e-07,0
site_19877,1,0,2.3576621158701654e-07,0
site_12895,1,0,3.487936534183956e-07,0
site_04355,1,0,3.690895223150266e-07,0
site_09190,1,0,5.883265626600877e-07,0
site_19037,1,0,1.158541648185976e-10,0
site_18999,1,0,2.2674415214938674e-09,0
site_00240,1,0,5.13159251071454e-07,0
site_09222,1,0,7.927472834519494e-07,0
site_08335,1,0,3.062066497988843e-07,0
site_11881,1,0,1.136389961627726e-06,0
site_09012,1,0,1.447081969088556e-10,0
site_14019,1,0,1.065880385060747e-08,0
site_01964,1,0,5.131637837235985e-07,0
site_08388,1,0,2.0217983574228852e-10,0
site_11756,1,0,5.889404191989141e-07,0
site_14099,1,0,1.1202302322338726e-06,0
site_16567,1,0,9.455021430699885e-11,0
site_21185,1,0,2.379072647836397e-06,0
site_20025,1,0,5.883265626600877e-07,0
site_11226,1,0,2.7568942046181525e-08,0
site_04072,1,0,1.0658772320134843e-08,0
site_10314,1,0,8.827785346764606e-07,0
site_16328,1,0,3.487936534183956e-07,0
site_00626,1,0,4.16571717182913e-07,0
site_11104,1,0,2.446497995215162e-08,0
site_13233,1,0,4.807796368828742e-09,0
site_07718,1,0,2.056507660006701e-06,0
site_03943,1,0,4.807796368828742e-09,0
site_14361,1,0,2.095035314460108e-09,0
site_00067,1,0,2.5934598935572705e-06,0
site_20159,1,0,8.827785346764606e-07,0
site_12839,1,0,7.511594710808294e-07,0
site_21062,1,1,0.9999999969905444,1
site_18858,1,0,7.745578031332417e-07,0
site_07568,1,0,5.131637837235985e-07,0
site_08472,1,0,5.203072110715898e-07,0
site_08719,1,0,5.172808605820264e-07,0
site_03899,1,0,3.4188215448862363e-07,0
site_18253,1,0,1.4470947509346135e-10,0
site_07481,1,0,5.68479043753754e-07,0
site_15537,1,0,1.4470947509346135e-10,0
site_13630,1,0,3.6096535687620966e-07,0
site_18886,1,0,5.203072110715898e-07,0
site_00834,1,0,3.062047030649637e-07,0
site_10170,1,0,2.0261385260085696e-06,0
site_07640,1,0,5.883265626600877e-07,0
site_21186,1,0,5.889353267004741e-07,0
site_16216,1,0,7.745578031332417e-07,0
site_01321,1,1,0.9999999070559693,1
site_14855,1,0,1.4470947509346135e-10,0
site_07582,1,0,2.3486339830401856e-09,0
site_10991,1,0,6.4284632490321495e-06,0
site_09849,1,1,0.999999999920719,1
site_14371,1,0,1.4470947509346135e-10,0
site_01520,1,0,5.004742331394893e-07,0
site_17630,1,0,1.2418374675143616e-10,0
site_12559,1,0,2.0217983574228852e-10,0
site_20567,1,0,7.511594710808294e-07,0
site_13276,1,0,5.570857527777099e-11,0
site_07645,1,0,3.487936534183956e-07,0
site_16533,1,0,8.369162593859088e-07,0
site_13490,1,0,5.131637837235985e-07,0
site_15903,1,0,3.655439414892252e-07,0
site_21084,1,0,5.883265626600877e-07,0
site_09620,1,0,3.9948358404695263e-07,0
site_15737,1,0,1.158541648185976e-10,0
site_05844,1,0,3.487936534183956e-07,0
site_09844,1,0,1.0704135497875745e-07,0
site_14520,1,0,2.0261385260085696e-06,0
site_18671,1,0,5.883265626600877e-07,0
site_20103,1,0,5.131637837235985e-07,0
site_21530,1,0,3.7165413924545247e-07,0
site_01400,1,1,0.9999998454442002,1
site_07627,1,0,1.4470947509346135e-10,0
site_17788,1,0,5.203072110715898e-07,0
site_14912,1,0,5.034425059446121e-07,0
site_12561,1,0,1.158541648185976e-10,0
site_20901,1,1,0.9999999702877163,1
site_01559,1,0,2.2908671760307406e-07,0
site_14566,1,0,5.883265626600877e-07,0
site_06840,1,0,5.131637837235985e-07,0
site_16399,1,0,5.131637837235985e-07,0
site_12775,1,0,5.131637837235985e-07,0
site_02900,1,0,8.859048700058499e-08,0
site_04326,1,0,1.4942203836734074e-10,0
site_16318,1,0,1.1103572040433965e-08,0
site_05520,1,0,1.4470947509346135e-10,0
site_08501,1,0,1.2220426404447924e-10,0
site_01015,1,0,6.013325470267025e-10,0
site_11868,1,0,8.702956553378697e-09,0
site_06954,1,0,3.690895223150266e-07,0
site_11278,1,1,0.9999999995442761,1
site_12169,1,0,8.883248720193892e-11,0
site_04582,1,0,5.454595433485543e-07,0
site_18199,1,0,5.883265626600877e-07,0
site_17823,1,0,2.0565046454703997e-06,0
site_16389,1,0,1.4470947509346135e-10,0
site_12843,1,0,1.158541648185976e-10,0
site_03051,1,1,0.9999999909332541,1
site_20048,1,0,5.889353267004741e-07,0
site_12327,1,0,8.871889127618368e-10,0
site_16688,1,0,1.065880385060747e-08,0
site_16489,1,1,0.9999999791732699,1
site_11926,1,0,5.131637837235985e-07,0
site_14334,1,0,5.131637837235985e-07,0
site_20963,1,0,8.630716738994613e-09,0
site_04381,1,0,8.883248720193892e-11,0
site_00610,1,0,5.131637837235985e-07,0
site_12539,1,0,3.487936534183956e-07,0
site_14452,1,0,5.68479043753754e-07,0
site_02821,1,0,3.418791982731699e-07,0
site_12044,1,0,1.0632132072434443e-09,0
site_13496,1,0,2.3486339830401856e-09,0
site_00115,1,0,2.9153569944608595e-09,0
site_11885,1,0,5.570826712441745e-11,0
site_03829,1,0,3.487936534183956e-07,0
site_14317,1,0,5.131637837235985e-07,0
site_03265,1,0,5.034380591581305e-07,0
site_07526,1,0,6.039501224636693e-07,0
site_07642,1,0,5.883265626600877e-07,0
site_01918,1,0,3.07845985802581e-07,0
site_13259,1,0,4.201793592091787e-07,0
site_15631,1,0,5.131637837235985e-07,0
site_19856,1,1,0.9999999995257631,1
site_01753,1,0,1.1202203375159636e-06,0
site_19660,1,1,0.9999999998534803,1
site_17860,1,0,5.203072110715898e-07,0
site_05617,1,0,1.158541648185976e-10,0
site_10841,1,0,6.013806704186027e-09,0
site_02262,1,0,1.158541648185976e-10,0
site_20544,1,1,0.9999999967814919,1
site_13318,1,0,5.034425059446121e-07,0
site_20324,1,0,8.10429402663399e-08,0
site_09907,1,0,3.487936534183956e-07,0
site_19250,1,1,0.9999999990268587,1
site_13014,1,0,6.309927904826528e-11,0
site_02904,1,0,5.889404191989141e-07,0
site_00936,1,0,3.4188215448862363e-07,0
site_09879,1,0,3.4187998094482996e-07,0
site_08019,1,0,3.7165413924545247e-07,0
site_05256,1,0,7.938474291438973e-10,0
site_01302,1,0,2.056501828322581e-06,0
site_21303,1,1,0.999999998629773,1
site_05240,1,0,1.4470947509346135e-10,0
site_07012,1,0,3.6554626547948724e-07,0
site_13443,1,0,4.2017564786572244e-07,0
site_06441,1,0,8.660856361462005e-10,0
site_19080,1,0,5.883265626600877e-07,0
site_18603,1,0,5.034425059446121e-07,0
site_13222,1,0,4.921340764683477e-07,0
site_03504,1,0,8.871889127618368e-10,0
site_11451,1,0,5.131637837235985e-07,0
site_16700,1,0,1.4470947509346135e-10,0
site_17042,1,0,8.104332660858463e-08,0
site_09604,1,0,6.858064089922071e-11,0
site_15964,1,0,4.807838246685953e-09,0
site_17113,1,0,7.111960743526693e-07,0
site_08981,1,0,4.921384234086383e-07,0
site_08282,1,0,1.6632095029820839e-09,0
site_21203,1,1,0.9999999845419172,1
site_08241,1,0,2.095035314460108e-09,0
site_04680,1,0,2.0217983574228852e-10,0
site_18956,1,0,1.158541648185976e-10,0
site_12576,1,0,6.013377467264306e-10,0
site_13394,1,0,1.158541648185976e-10,0
site_08195,1,0,6.013377467264306e-10,0
site_02397,1,0,2.6218795203500933e-07,0
site_21437,1,0,5.534778809151958e-07,0
site_04974,1,0,8.369186326574264e-07,0
site_00073,1,0,7.363858832746318e-11,0
site_11380,1,0,1.15734592088488e-07,0
site_02875,1,0,3.4879063744003073e-07,0
site_17212,1,0,1.4557870434050508e-10,0
site_18565,1,0,4.201793592091787e-07,0
site_21342,1,0,1.455799631540414e-10,0
site_14135,1,0,8.104332660858463e-08,0
site_09501,1,0,2.970454574527182e-07,0
site_06455,1,0,5.889366749628963e-07,0
site_12436,1,0,3.062066497988843e-07,0
site_20096,1,0,5.131637837235985e-07,0
site_01271,1,0,5.883213661136059e-07,0
site_06906,1,0,3.487936534183956e-07,0
site_11208,1,0,8.369186326574264e-07,0
site_01486,1,0,2.0217804993556397e-10,0
site_11399,1,0,2.66298245689117e-10,0
site_04282,1,0,3.4188215448862363e-07,0
site_03894,1,0,3.589202565617839e-07,0
site_04661,1,0,1.4470947509346135e-10,0
site_17776,1,0,5.172808605820264e-07,0
site_04281,1,0,1.15734592088488e-07,0
site_03172,1,0,5.252344727348403e-07,0
site_17888,1,0,5.889353267004741e-07,0
site_02039,1,0,2.986542456446033e-07,0
site_07062,1,0,5.131637837235985e-07,0
site_16717,1,0,8.82770737309097e-07,0
site_17149,1,0,2.0261385260085696e-06,0
site_10254,1,0,0.0006216328480325057,0
site_10720,1,1,0.9999999999296101,1
site_00558,1,0,8.537418927131975e-07,0
site_06397,1,0,3.690895223150266e-07,0
site_09409,1,0,2.707802881772612e-06,0
site_14581,1,0,2.095035314460108e-09,0
site_18604,1,0,5.131637837235985e-07,0
site_01967,1,0,2.0261385260085696e-06,0
site_16113,1,1,0.9999999758389851,1
site_16660,1,0,5.203026153233061e-07,0
site_07738,1,0,6.039501224636693e-07,0
site_06173,1,0,3.4879063744003073e-07,0
site_06830,1,0,8.537494336738151e-07,0
site_05886,1,1,0.9999999984954133,1
site_05697,1,1,0.9999999998064699,1
site_14197,1,0,5.131637837235985e-07,0
site_00145,1,0,9.413956491611727e-09,0
site_01554,1,0,2.6061012202775483e-11,0
site_17470,1,0,5.13159251071454e-07,0
site_06531,1,0,5.131622657025577e-07,0
site_16907,1,1,0.9999991933416429,1
site_15670,1,0,1.4470947509346135e-10,0
site_15412,1,0,5.203072110715898e-07,0
site_06867,1,0,5.131637837235985e-07,0
site_10681,1,0,5.203072110715898e-07,0
site_15004,1,0,5.252344727348403e-07,0
site_00014,1,0,2.259391156676232e-08,0
site_05864,1,0,3.062066497988843e-07,0
site_20114,1,0,8.883190593003023e-11,0
site_10379,1,1,0.9999999965636335,1
site_13586,1,0,3.4188165333905215e-07,0
site_06568,1,0,3.062066497988843e-07,0
site_13746,1,0,3.4188215448862363e-07,0
site_12789,1,0,2.7568942046181525e-08,0
site_00509,1,1,0.9999999999225724,1
site_16945,1,0,8.871889127618368e-10,0
site_11393,1,0,2.6061012202775483e-11,0
site_15404,1,0,1.6044146586913396e-09,0
site_15157,1,0,5.203072110715898e-07,0
site_15239,1,0,5.131637837235985e-07,0
site_01498,1,0,9.026294258713146e-06,0
site_15393,1,0,5.937156978153128e-09,0
site_02121,1,0,8.871889127618368e-10,0
site_09783,1,0,5.883265626600877e-07,0
site_04968,1,0,1.158541648185976e-10,0
site_17794,1,0,3.4268507385653896e-09,0
site_14322,1,0,4.177917803379746e-09,0
site_04765,1,0,4.807838246685953e-09,0
site_03526,1,0,2.0950171989258642e-09,0
site_11096,1,0,2.2253901815735728e-06,0
site_13535,1,0,1.158541648185976e-10,0
site_19831,1,0,4.807838246685953e-09,0
site_05396,1,0,1.1202302322338726e-06,0
site_10244,1,1,0.9999999973064722,1
site_08067,1,0,4.201793592091787e-07,0
site_17205,1,0,7.927472834519494e-07,0
site_07390,1,0,4.1657539669344636e-07,0
site_06890,1,0,5.889404191989141e-07,0
site_18068,1,0,1.6632095029820839e-09,0
site_16253,1,1,0.9999934348758576,1
site_16062,1,0,3.487936534183956e-07,0
site_17835,1,0,7.938474291438973e-10,0
site_09848,1,1,0.9999999996180227,1
site_11617,1,0,1.4470947509346135e-10,0
site_09684,1,0,8.369186326574264e-07,0
site_05696,1,1,0.9999999959969734,1
site_18924,1,0,5.883265626600877e-07,0
site_02740,1,0,5.889404191989141e-07,0
site_06431,1,0,1.4470947509346135e-10,0
site_19710,1,0,1.2220426404447924e-10,0
site_08806,1,0,5.131637837235985e-07,0
site_17989,1,0,1.065880385060747e-08,0
site_21148,1,0,2.2785414421724626e-09,0
site_12295,1,0,2.0261385260085696e-06,0
site_03708,1,0,5.889404191989141e-07,0
site_21163,1,0,1.94760142648191e-06,0
site_04380,1,0,1.4470947509346135e-10,0
site_13176,1,0,5.131637837235985e-07,0
site_05131,1,0,5.454595433485543e-07,0
site_12112,1,0,2.915350320282198e-09,0
site_03793,1,0,1.4470947509346135e-10,0
site_08542,1,0,7.745578031332417e-07,0
site_17485,1,0,2.0298635132467486e-10,0
site_12020,1,0,4.1657539669344636e-07,0
site_21521,1,0,5.131637837235985e-07,0
site_04530,1,0,3.062066497988843e-07,0
site_04999,1,0,5.883265626600877e-07,0
site_15154,1,0,5.131637837235985e-07,0
site_20802,1,1,0.9999997330341044,1
site_14734,1,0,8.827785346764606e-07,0
site_16042,1,1,0.9999978911913285,1
site_20822,1,0,5.889404191989141e-07,0
site_17172,1,1,0.9999999947275722,1
site_08049,1,0,5.131637837235985e-07,0
site_11389,1,0,2.6061012202775483e-11,0
site_12855,1,0,2.6061012202775483e-11,0
site_00633,1,0,5.13159251071454e-07,0
site_04607,1,0,1.158541648185976e-10,0
site_20940,1,0,2.756881062206593e-08,0
site_00521,1,0,5.883213661136059e-07,0
site_07673,1,0,5.883265626600877e-07,0
site_03624,1,0,5.570857527777099e-11,0
site_15699,1,0,5.004742331394893e-07,0
site_10780,1,0,2.0217983574228852e-10,0
site_05183,1,0,1.158541648185976e-10,0
site_03127,1,0,5.889404191989141e-07,0
site_00346,1,1,0.9999999966494062,1
site_20118,1,0,5.203026153233061e-07,0
site_15367,1,0,2.0217983574228852e-10,0
site_10698,1,0,1.1202302322338726e-06,0
site_18048,1,0,1.158541648185976e-10,0
site_19405,1,0,5.131637837235985e-07,0
site_03540,1,1,0.9999999998886511,1
site_17034,1,0,6.013377467264306e-10,0
site_20653,1,0,4.177917803379746e-09,0
site_19979,1,0,2.0217804993556397e-10,0
site_11200,1,0,1.1202302322338726e-06,0
site_01969,1,0,5.889404191989141e-07,0
site_18672,1,0,5.131637837235985e-07,0
site_14688,1,0,1.4470947509346135e-10,0
site_07675,1,0,8.104332660858463e-08,0
site_18262,1,0,2.7568942046181525e-08,0
site_10644,1,0,1.158541648185976e-10,0
site_05305,1,0,7.511594710808294e-07,0
site_21169,1,0,1.455799631540414e-10,0
site_17681,1,0,4.8510038866292244e-11,0
site_18338,1,0,5.203072110715898e-07,0
site_17975,1,0,5.889404191989141e-07,0
site_14584,1,0,2.0217983574228852e-10,0
site_15141,1,0,2.056507660006701e-06,0
site_13050,1,0,1.158541648185976e-10,0
site_03875,1,0,5.889353267004741e-07,0
site_20524,1,0,1.1202302322338726e-06,0
site_00935,1,1,0.9999999188906886,1
site_15249,1,0,5.454595433485543e-07,0
site_01668,1,0,3.655439414892252e-07,0
site_20081,1,0,8.104332660858463e-08,0
site_10362,1,1,0.9999999975860252,1
site_20353,1,0,2.0926740020417652e-08,0
site_20753,1,0,5.203072110715898e-07,0
site_17095,1,0,6.013377467264306e-10,0
site_18689,1,0,5.25232919006778e-07,0
site_12961,1,0,4.201793592091787e-07,0
site_07226,1,0,5.131637837235985e-07,0
site_14284,1,0,5.172808605820264e-07,0
site_17387,1,0,4.8510038866292244e-11,0
site_08813,1,0,5.252344727348403e-07,0
site_16300,1,0,7.511528840102508e-07,0
site_06673,1,0,3.062066497988843e-07,0
site_05715,1,0,3.062066497988843e-07,0
site_03145,1,0,5.68474128182317e-07,0
site_01290,1,0,4.285818508079902e-08,0
site_18563,1,0,5.889404191989141e-07,0
site_11989,1,0,2.915350320282198e-09,0
site_09079,1,1,0.9999999985896129,1
site_04386,1,0,2.0217983574228852e-10,0
site_04925,1,0,8.2147924612767e-09,0
site_14269,1,0,1.1202302322338726e-06,0
site_18131,1,0,1.1202302322338726e-06,0
site_06190,1,0,5.454547254358974e-07,0
site_14085,1,0,5.131637837235985e-07,0
site_02406,1,1,0.9999991137711188,1
site_20747,1,0,2.818631972700894e-08,0
site_15835,1,0,7.073214530367441e-10,0
site_19642,1,0,6.013377467264306e-10,0
site_01207,1,1,0.9999999969905444,1
site_07975,1,0,9.097164503088027e-09,0
site_06770,1,0,4.201793592091787e-07,0
site_17809,1,0,8.871812413392923e-10,0
site_12675,1,0,5.889404191989141e-07,0
site_20960,1,1,0.9999988996189995,1
site_09481,1,0,1.158541648185976e-10,0
site_06131,1,0,2.0217804993556397e-10,0
site_09498,1,0,5.889404191989141e-07,0
site_13918,1,0,8.104332660858463e-08,0
site_03872,1,0,4.201781162509115e-07,0
site_09415,1,1,0.9999999997474041,1
site_07833,1,0,5.034425059446121e-07,0
site_03974,1,0,5.203072110715898e-07,0
site_17987,1,0,5.203072110715898e-07,0
site_08105,1,0,1.1202302322338726e-06,0
site_14266,1,0,5.889404191989141e-07,0
site_15206,1,0,1.158541648185976e-10,0
site_15597,1,0,7.745578031332417e-07,0
site_00374,1,0,7.363845751870446e-11,0
site_10810,1,0,1.1826543207644573e-10,0
site_03777,1,0,1.4470947509346135e-10,0
site_15694,1,0,2.2908671760307406e-07,0
site_07452,1,0,5.034425059446121e-07,0
site_06208,1,0,5.883265626600877e-07,0
site_18319,1,0,1.158541648185976e-10,0
site_08639,1,0,2.0217983574228852e-10,0
site_11827,1,0,9.455021430699885e-11,0
site_15533,1,0,1.1202302322338726e-06,0
site_08036,1,0,2.7568942046181525e-08,0
site_02881,1,0,3.062040020652996e-07,0
site_13818,1,0,2.2674415214938674e-09,0
site_15129,1,0,5.203072110715898e-07,0
site_06711,1,0,1.4470947509346135e-10,0
site_09251,1,0,1.447081969088556e-10,0
site_13727,1,0,5.131637837235985e-07,0
site_03812,1,0,1.447081969088556e-10,0
site_13191,1,0,1.4470947509346135e-10,0
site_20398,1,0,5.13159251071454e-07,0
site_12553,1,0,5.131637837235985e-07,0
site_10134,1,0,5.883213661136059e-07,0
site_16989,1,0,3.487936534183956e-07,0
site_19568,1,0,5.203072110715898e-07,0
site_03916,1,0,9.097164503088027e-09,0
site_07731,1,0,1.4470947509346135e-10,0
site_07557,1,0,4.201793592091787e-07,0
site_01664,1,0,5.13159251071454e-07,0
site_11681,1,0,3.655439414892252e-07,0
site_19645,1,0,3.2964619924318847e-07,0
site_13564,1,0,1.447081969088556e-10,0
site_19624,1,0,2.7068860301840885e-09,0
site_16976,1,1,0.9999999255960141,1
site_14263,1,0,7.745578031332417e-07,0
site_11257,1,1,0.9999999990960771,1
site_03365,1,0,5.889404191989141e-07,0
site_15320,1,0,2.379093219538433e-06,0
site_16620,1,1,0.9999999275739785,1
site_12452,1,0,3.487936534183956e-07,0
site_02632,1,0,4.177917803379746e-09,0
site_01011,1,0,2.0217923766149707e-10,0
site_17841,1,0,2.0217983574228852e-10,0
site_17743,1,0,2.6061012202775483e-11,0
site_12415,1,0,8.871889127618368e-10,0
site_07882,1,0,1.1202302322338726e-06,0
site_16291,1,0,6.013377467264306e-10,0
site_07257,1,0,1.065880385060747e-08,0
site_02997,1,1,0.9999999963681043,1
site_05306,1,0,5.203072110715898e-07,0
site_21399,1,1,0.9999999999385105,1
site_03889,1,0,1.1585342826600603e-10,0
site_10557,1,0,5.454595433485543e-07,0
site_19570,1,0,1.4470947509346135e-10,0
site_15294,1,0,3.062066497988843e-07,0
site_19329,1,0,5.131637837235985e-07,0
site_12654,1,0,2.2253901815735728e-06,0
site_04392,1,0,1.4470947509346135e-10,0
site_18489,1,0,5.034425059446121e-07,0
site_20119,1,0,3.7464613981529513e-10,0
site_11927,1,0,5.131637837235985e-07,0
site_12421,1,0,3.7464944900536745e-10,0
site_14935,1,0,1.0632132072434443e-09,0
site_14184,1,0,5.034425059446121e-07,0
site_09164,1,0,8.104275473330893e-08,0
site_14859,1,0,5.131637837235985e-07,0
site_17098,1,0,1.158541648185976e-10,0
site_07806,1,0,5.131637837235985e-07,0
site_10669,1,0,7.511594710808294e-07,0
site_02561,1,0,5.889404191989141e-07,0
site_04593,1,0,1.158541648185976e-10,0
site_16840,1,0,3.4879063744003073e-07,0
site_19488,1,0,5.203072110715898e-07,0
site_05509,1,0,3.487936534183956e-07,0
site_20870,1,0,5.203072110715898e-07,0
site_03997,1,0,7.745578031332417e-07,0
site_13764,1,0,3.690895223150266e-07,0
site_18741,1,0,8.827785346764606e-07,0
site_13033,1,0,5.131637837235985e-07,0
site_11535,1,0,9.15996547903374e-07,0
site_17866,1,0,3.062066497988843e-07,0
site_11619,1,0,5.131637837235985e-07,0
site_02281,1,0,5.030018679310788e-07,0
site_15134,1,0,3.4188215448862363e-07,0
site_04319,1,0,5.034425059446121e-07,0
site_19706,1,0,2.056507660006701e-06,0
site_06556,1,0,1.4470947509346135e-10,0
site_00817,1,0,2.6061012202775483e-11,0
site_20708,1,0,3.487936534183956e-07,0
site_11209,1,0,5.883265626600877e-07,0
site_11583,1,1,0.9999997883401854,1
site_05632,1,0,5.889404191989141e-07,0
site_07572,1,0,5.203072110715898e-07,0
site_04587,1,0,5.172808605820264e-07,0
site_00326,1,0,1.158541648185976e-10,0
site_11668,1,0,1.158541648185976e-10,0
site_05718,1,0,5.570857527777099e-11,0
site_21452,1,0,4.807796368828742e-09,0
site_08386,1,0,2.2785615681684552e-09,0
site_16431,1,1,0.9999999832578953,1
site_20519,1,0,1.158541648185976e-10,0
site_10181,1,0,2.0217983574228852e-10,0
site_10278,1,0,1.4470925377349694e-10,0
site_17476,1,0,2.6061012202775483e-11,0
site_21455,1,0,3.4268211069733273e-09,0
site_20068,1,1,0.9999999982456595,1
site_05200,1,0,9.097164503088027e-09,0
site_12917,1,0,8.827785346764606e-07,0
site_00466,1,1,0.999999999921876,1
site_18591,1,0,7.112023562305967e-07,0
site_06512,1,0,5.570857527777099e-11,0
site_19803,1,1,0.9999999857775763,1
site_02880,1,0,2.379072647836397e-06,0
site_10872,1,1,0.9999999996641842,1
site_14231,1,0,1.4470947509346135e-10,0
site_20767,1,0,3.487936534183956e-07,0
site_13798,1,0,5.131622657025577e-07,0
site_11780,1,0,1.4470947509346135e-10,0
site_08493,1,0,5.231304746317711e-07,0
site_10250,1,1,0.9999999967487461,1
site_14105,1,0,9.097164503088027e-09,0
site_06660,1,0,5.889404191989141e-07,0
site_14137,1,0,5.252344727348403e-07,0
site_18235,1,0,1.0134241522325616e-10,0
site_12852,1,0,2.6061058496638395e-11,0
site_10639,1,0,1.447081969088556e-10,0
site_11747,1,0,2.0217983574228852e-10,0
site_18260,1,0,4.201793592091787e-07,0
site_18506,1,0,5.034425059446121e-07,0
site_05997,1,0,5.131637837235985e-07,0
site_19867,1,1,0.9999999565602186,1
site_02933,1,0,1.1202203375159636e-06,0
site_12414,1,0,5.889404191989141e-07,0
site_03138,1,0,5.883248222955841e-07,0
site_01283,1,0,7.008165938743163e-10,0
site_06889,1,0,2.2908817405006472e-07,0
site_19101,1,0,1.1202302322338726e-06,0
site_01784,1,0,9.09710030972316e-09,0
site_03598,1,0,8.871812413392923e-10,0
site_03796,1,0,5.131637837235985e-07,0
site_00608,1,0,2.6061096698433182e-11,0
site_00568,1,0,5.131637837235985e-07,0
site_14219,1,0,1.065880385060747e-08,0
site_08655,1,0,2.379093219538433e-06,0
site_01697,1,0,5.883213661136059e-07,0
site_08907,1,0,1.065880385060747e-08,0
site_09729,1,1,0.9999999995277271,1
site_21274,1,1,0.9999999585445457,1
site_05233,1,0,5.131637837235985e-07,0
site_19817,1,0,7.938474291438973e-10,0
site_12552,1,0,1.158541648185976e-10,0
site_02831,1,1,0.9999999999101938,1
site_04091,1,0,3.589202565617839e-07,0
site_05275,1,0,5.231304746317711e-07,0
site_07775,1,0,5.67373027716332e-07,0
site_06087,1,0,5.889404191989141e-07,0
site_21549,1,0,3.690895223150266e-07,0
site_04414,1,0,5.570857527777099e-11,0
site_14281,1,0,5.034425059446121e-07,0
site_14090,1,0,4.921384234086383e-07,0
site_20145,1,1,0.9999969141824171,1
site_09417,1,0,2.91405567239998e-06,0
site_18342,1,0,7.745578031332417e-07,0
site_17885,1,0,2.026121006252551e-06,0
site_00165,1,0,7.927402813080291e-07,0
site_01473,1,0,5.034425059446121e-07,0
site_20584,1,0,9.455021430699885e-11,0
site_09635,1,0,2.915350320282198e-09,0
site_03068,1,0,6.013377467264306e-10,0
site_18899,1,0,2.0217983574228852e-10,0
site_14730,1,0,5.252344727348403e-07,0
site_13244,1,0,8.89292207061476e-10,0
site_14473,1,0,1.1202302322338726e-06,0
site_06518,1,0,1.455799631540414e-10,0
site_20565,1,0,5.131637837235985e-07,0
site_11203,1,0,5.454595433485543e-07,0
site_21318,1,0,5.889353267004741e-07,0
site_15703,1,0,5.883265626600877e-07,0
site_20988,1,0,1.6632095029820839e-09,0
site_16470,1,0,7.927472834519494e-07,0
site_05370,1,0,2.2674415214938674e-09,0
site_10695,1,0,3.4188215448862363e-07,0
site_06490,1,0,1.4470947509346135e-10,0
site_07609,1,0,1.4470947509346135e-10,0
site_01915,1,0,2.927362807379629e-07,0
site_00756,1,0,4.2017564786572244e-07,0
site_03488,1,0,1.065880385060747e-08,0
site_20026,1,0,5.131637837235985e-07,0
site_20195,1,1,0.9999999649582546,1
site_02002,1,0,9.254444138704126e-10,0
site_01954,1,0,5.5708493617064785e-11,0
site_20066,1,1,0.9999999961198358,1
site_15027,1,0,5.203072110715898e-07,0
site_15542,1,0,5.131637837235985e-07,0
site_19957,1,0,5.034425059446121e-07,0
site_12236,1,0,2.6061012202775483e-11,0
site_01938,1,0,3.4188118500419694e-07,0
site_20137,1,1,0.9999999963010917,1
site_04795,1,0,1.158541648185976e-10,0
site_20729,1,0,5.889353267004741e-07,0
site_08860,1,0,5.034425059446121e-07,0
site_13885,1,0,6.682561360785922e-07,0
site_06364,1,0,5.570857527777099e-11,0
site_08853,1,0,1.0632132072434443e-09,0
site_14012,1,0,7.511594710808294e-07,0
site_06669,1,0,5.883265626600877e-07,0
site_18110,1,0,1.158541648185976e-10,0
site_18908,1,0,1.1585316304068973e-10,0
site_16770,1,0,8.827785346764606e-07,0
site_11283,1,1,0.9999998681533103,1
site_05537,1,1,0.999999368985454,1
site_20561,1,0,8.408097069193365e-09,0
site_05304,1,0,2.0217983574228852e-10,0
site_13107,1,1,0.999926413403176,1
site_01248,1,0,4.285818508079902e-08,0
site_12165,1,0,5.68479043753754e-07,0
site_02609,1,1,0.9999999939756887,1
site_17728,1,0,6.682537401753756e-07,0
site_05648,1,1,0.9999999983955086,1
site_00730,1,0,5.883227129704755e-07,0
site_05034,1,0,5.883265626600877e-07,0
site_13788,1,0,4.807807375427725e-09,0
site_13843,1,0,5.883265626600877e-07,0
site_07179,1,0,1.065880385060747e-08,0
site_11647,1,0,1.158541648185976e-10,0
site_17475,1,0,5.13159251071454e-07,0
site_01822,1,0,3.3853760792649277e-09,0
site_07310,1,0,5.883265626600877e-07,0
site_11938,1,0,1.4470947509346135e-10,0
site_20638,1,0,2.3486339830401856e-09,0
site_07695,1,0,1.6632095029820839e-09,0
site_09337,1,0,1.5546600008870174e-05,0
site_14223,1,0,9.097164503088027e-09,0
site_16311,1,1,0.9999999870026013,1
site_09159,1,0,9.25440651313907e-10,0
site_07254,1,0,9.097164503088027e-09,0
site_03457,1,0,3.418791982731699e-07,0
site_16868,1,0,2.816896773234792e-09,0
site_10868,1,1,0.9999999997129694,1
site_02745,1,0,3.589202565617839e-07,0
site_02477,1,1,0.9999999817254593,1
site_03807,1,0,8.82770737309097e-07,0
site_05116,1,0,5.034425059446121e-07,0
site_17336,1,0,1.8173447318588716e-08,0
site_08264,1,0,3.7063494082280656e-10,0
site_05065,1,0,2.0217983574228852e-10,0
site_11891,1,0,2.2674415214938674e-09,0
site_18890,1,0,8.104332660858463e-08,0
site_07341,1,0,3.4188215448862363e-07,0
site_19223,1,0,8.827785346764606e-07,0
site_04340,1,0,5.570857527777099e-11,0
site_01573,1,0,3.4879063744003073e-07,0
site_15385,1,0,5.131637837235985e-07,0
site_11022,1,0,5.131622657025577e-07,0
site_09299,1,0,3.062066497988843e-07,0
site_06354,1,0,2.0261385260085696e-06,0
site_05160,1,0,8.2147924612767e-09,0
site_00921,1,0,3.062040020652996e-07,0
site_18943,1,0,1.1202302322338726e-06,0
site_11637,1,0,5.131637837235985e-07,0
site_04807,1,0,3.062066497988843e-07,0
site_08292,1,0,3.487936534183956e-07,0
site_04034,1,0,5.889404191989141e-07,0
site_03182,1,0,5.252344727348403e-07,0
site_10009,1,0,5.889366749628963e-07,0
site_15562,1,0,1.1202302322338726e-06,0
site_12068,1,0,2.0217983574228852e-10,0
site_09818,1,0,5.937156978153128e-09,0
site_21070,1,0,8.511431418142082e-09,0
site_17238,1,0,5.203072110715898e-07,0
site_11263,1,1,0.9999999969817217,1
site_15678,1,0,3.487936534183956e-07,0
site_19134,1,0,5.883265626600877e-07,0
site_08334,1,0,3.062066497988843e-07,0
site_07086,1,0,5.172808605820264e-07,0
site_12344,1,0,8.871889127618368e-10,0
site_07586,1,0,4.177917803379746e-09,0
site_18123,1,0,5.883265626600877e-07,0
site_01253,1,0,3.680440446006325e-08,0
site_09161,1,0,1.1826438746582407e-10,0
site_00397,1,0,1.1202203375159636e-06,0
site_01895,1,0,3.0620578148041547e-07,0
site_10326,1,0,3.062066497988843e-07,0
site_14940,1,0,7.927472834519494e-07,0
site_19230,1,0,4.201793592091787e-07,0
site_18765,1,0,7.511528840102508e-07,0
site_07863,1,0,5.883265626600877e-07,0
site_08619,1,0,5.889404191989141e-07,0
site_17458,1,0,3.487936534183956e-07,0
site_03742,1,0,5.034380591581305e-07,0
site_08631,1,0,5.203072110715898e-07,0
site_17955,1,0,5.889387491251297e-07,0
site_14009,1,0,1.158541648185976e-10,0
site_21131,1,0,5.68479043753754e-07,0
site_18529,1,0,6.682581128933067e-07,0
site_14783,1,0,6.013377467264306e-10,0
site_06017,1,0,5.172808605820264e-07,0
site_20631,1,0,8.827785346764606e-07,0
site_09343,1,0,5.203056719191535e-07,0
site_09360,1,0,5.883265626600877e-07,0
site_12735,1,0,4.2017564786572244e-07,0
site_11177,1,0,5.034425059446121e-07,0
site_01866,1,0,6.858064089922071e-11,0
site_14490,1,0,1.4470947509346135e-10,0
site_17968,1,0,1.1585383628771231e-10,0
site_12900,1,0,8.104332660858463e-08,0
site_07297,1,0,5.034425059446121e-07,0
site_07601,1,0,7.938474291438973e-10,0
site_14314,1,0,1.4470947509346135e-10,0
site_12858,1,0,8.871812413392923e-10,0
site_02020,1,0,7.927472834519494e-07,0
site_18567,1,0,5.131637837235985e-07,0
site_02496,1,0,5.889404191989141e-07,0
site_20221,1,0,2.0217983574228852e-10,0
site_11571,1,0,1.0704135497875745e-07,0
site_15008,1,0,3.589202565617839e-07,0
site_15073,1,0,5.172808605820264e-07,0
site_04295,1,0,5.131637837235985e-07,0
site_06917,1,0,5.034425059446121e-07,0
site_15137,1,0,2.056507660006701e-06,0
site_03257,1,0,1.447090470193308e-10,0
site_15327,1,0,9.53951029572393e-10,0
site_07033,1,0,5.131637837235985e-07,0
site_06881,1,0,2.816896773234792e-09,0
site_15920,1,0,5.534827696950385e-07,0
site_20099,1,0,5.883265626600877e-07,0
site_09660,1,0,1.065880385060747e-08,0
site_13908,1,0,5.034425059446121e-07,0
site_02386,1,0,1.15734592088488e-07,0
site_17750,1,0,4.8510038866292244e-11,0
site_12624,1,0,6.778588023301987e-09,0
site_13913,1,0,1.6044146586913396e-09,0
site_19934,1,0,1.1213347708039867e-08,0
site_14925,1,0,1.158541648185976e-10,0
site_03629,1,0,1.1202302322338726e-06,0
site_20906,1,0,8.45141481284931e-09,0
site_19924,1,1,0.9999999999041103,1
site_07907,1,0,6.013377467264306e-10,0
site_06059,1,0,1.4470947509346135e-10,0
site_06543,1,0,5.034425059446121e-07,0
site_13375,1,0,5.131637837235985e-07,0
site_19192,1,0,3.487936534183956e-07,0
site_19262,1,0,5.937156978153128e-09,0
site_18337,1,0,2.7568942046181525e-08,0
site_06471,1,0,1.4470947509346135e-10,0
site_07156,1,0,9.097164503088027e-09,0
site_09603,1,0,1.6044146586913396e-09,0
site_00596,1,0,2.0217804993556397e-10,0
site_10015,1,0,2.0217983574228852e-10,0
site_06360,1,0,8.827785346764606e-07,0
site_08855,1,0,4.177917803379746e-09,0
site_08457,1,0,1.1202302322338726e-06,0
site_06149,1,0,5.172808605820264e-07,0
site_17263,1,0,2.0217804993556397e-10,0
site_18214,1,0,5.883265626600877e-07,0
site_16698,1,0,5.883265626600877e-07,0
site_03738,1,0,3.418791982731699e-07,0
site_15893,1,0,5.540626074713981e-07,0
site_19073,1,0,8.883248720193892e-11,0
site_04557,1,0,5.883265626600877e-07,0
site_16461,1,0,2.0217983574228852e-10,0
site_19295,1,0,5.131637837235985e-07,0
site_03002,1,0,8.608933092819642e-08,0
site_10308,1,0,1.6632095029820839e-09,0
site_01002,1,0,3.487936534183956e-07,0
site_11749,1,0,5.131637837235985e-07,0
site_03577,1,0,3.487936534183956e-07,0
site_03912,1,0,3.062066497988843e-07,0
site_09618,1,1,0.9999999999583251,1
site_04975,1,0,5.131637837235985e-07,0
site_11680,1,0,6.858054036992985e-11,0
site_09532,1,0,8.537494336738151e-07,0
site_17446,1,0,5.883265626600877e-07,0
site_01776,1,0,5.13159251071454e-07,0
site_16414,1,0,5.889404191989141e-07,0
site_10530,1,0,1.4470947509346135e-10,0
site_08296,1,0,3.487936534183956e-07,0
site_10938,1,0,1.1202302322338726e-06,0
site_02882,1,0,3.418791982731699e-07,0
site_01980,1,0,2.6061096698433182e-11,0
site_15011,1,0,3.690895223150266e-07,0
site_16751,1,0,1.4470947509346135e-10,0
site_19239,1,0,1.1202229020593261e-06,0
site_11971,1,0,5.203072110715898e-07,0
site_13823,1,0,1.1202302322338726e-06,0
site_21041,1,0,5.203072110715898e-07,0
site_03130,1,0,1.158541648185976e-10,0
site_21127,1,0,7.112023562305967e-07,0
site_08723,1,0,2.3486339830401856e-09,0
site_19086,1,0,3.589202565617839e-07,0
site_20181,1,0,5.172800694484647e-07,0
site_03440,1,0,7.745578031332417e-07,0
site_02021,1,0,1.4470947509346135e-10,0
site_13414,1,0,1.158541648185976e-10,0
site_18651,1,0,1.1202302322338726e-06,0
site_06792,1,0,2.7068860301840885e-09,0
site_02594,1,0,4.781702412786907e-09,0
site_09547,1,0,4.921384234086383e-07,0
site_16733,1,0,4.223609584884019e-08,0
site_03314,1,0,5.889404191989141e-07,0
site_08732,1,0,8.369186326574264e-07,0
site_17673,1,0,3.062040020652996e-07,0
site_07669,1,0,5.034425059446121e-07,0
site_17784,1,0,1.455799631540414e-10,0
site_09059,1,0,1.4470947509346135e-10,0
site_00426,1,1,0.9999999962946817,1
site_15826,1,0,7.511594710808294e-07,0
site_19680,1,0,5.454595433485543e-07,0
site_18568,1,0,2.7068860301840885e-09,0
site_05858,1,0,1.4470947509346135e-10,0
site_21417,1,0,3.7179117113702905e-07,0
site_16505,1,0,5.131637837235985e-07,0
site_02932,1,0,5.570826712441745e-11,0
site_11677,1,0,3.4188215448862363e-07,0
site_18522,1,0,5.131637837235985e-07,0
site_13162,1,0,3.4188215448862363e-07,0
site_07376,1,0,1.4470947509346135e-10,0
site_09909,1,0,2.7068860301840885e-09,0
site_17722,1,0,3.589202565617839e-07,0
site_09946,1,0,9.880132885906629e-08,0
site_19501,1,0,1.6632095029820839e-09,0
site_02087,1,0,1.1202302322338726e-06,0
site_10777,1,0,5.203072110715898e-07,0
site_11536,1,0,3.5284395826929463e-07,0
site_18975,1,0,7.511528840102508e-07,0
site_07250,1,0,1.4470947509346135e-10,0
site_13471,1,0,1.1585316304068973e-10,0
site_11746,1,0,4.1657539669344636e-07,0
site_18457,1,0,2.0217983574228852e-10,0
site_15035,1,0,5.883265626600877e-07,0
site_09541,1,0,7.112023562305967e-07,0
site_14373,1,0,7.511594710808294e-07,0
site_20470,1,0,8.214734494294782e-09,0
site_20423,1,0,8.408097069193365e-09,0
site_17274,1,0,2.837802167319215e-09,0
site_12287,1,0,8.871889127618368e-10,0
site_12692,1,0,5.540626074713981e-07,0
site_05504,1,0,2.7068860301840885e-09,0
site_09321,1,1,0.9999999997288687,1
site_11563,1,1,0.9999999845407235,1
site_14998,1,0,8.827785346764606e-07,0
site_19670,1,1,0.9999999649175569,1
site_18137,1,0,2.0217983574228852e-10,0
site_19798,1,1,0.9999999406076288,1
site_20913,1,0,2.0217983574228852e-10,0
site_01439,1,0,2.816896773234792e-09,0
site_18427,1,0,4.201793592091787e-07,0
site_10561,1,0,5.883265626600877e-07,0
site_15783,1,0,7.927472834519494e-07,0
site_05893,1,1,0.9999999957391477,1
site_04051,1,0,3.7464944900536745e-10,0
site_04217,1,0,1.158541648185976e-10,0
site_11978,1,0,3.655439414892252e-07,0
site_00919,1,0,7.511572967696496e-07,0
site_20780,1,0,3.062047030649637e-07,0
site_18815,1,0,1.4470947509346135e-10,0
site_19590,1,1,0.9999999999238043,1
site_00729,1,0,5.883248222955841e-07,0
site_16003,1,0,5.883265626600877e-07,0
site_06136,1,0,3.062066497988843e-07,0
site_09908,1,0,1.4470947509346135e-10,0
site_05443,1,0,9.455021430699885e-11,0
site_08125,1,0,5.889404191989141e-07,0
site_10263,1,0,2.756874750829869e-08,0
site_20019,1,0,5.883265626600877e-07,0
site_02291,1,0,0.0004375226903002057,0
site_05142,1,0,8.130192217567875e-07,0
site_06553,1,0,8.827785346764606e-07,0
site_07672,1,0,5.034425059446121e-07,0
site_01804,1,0,5.131604258581519e-07,0
site_10823,1,0,5.131637837235985e-07,0
site_04792,1,0,5.131637837235985e-07,0
site_18276,1,0,1.158541648185976e-10,0
site_01436,1,0,2.8147981166630386e-09,0
site_19383,1,1,0.999999930698182,1
site_21347,1,1,0.9999999970703579,1
site_15934,1,0,5.172808605820264e-07,0
site_07078,1,0,2.0217983574228852e-10,0
site_17791,1,0,5.889404191989141e-07,0
site_05391,1,0,8.537494336738151e-07,0
site_10756,1,0,8.883170256556618e-11,0
site_17584,1,0,7.702785875899279e-11,0
site_00914,1,0,1.065880385060747e-08,0
site_17337,1,1,0.9999999778086139,1
site_20672,1,1,0.9999999999041103,1
site_14290,1,0,2.0217983574228852e-10,0
site_11770,1,0,2.0217983574228852e-10,0
site_11575,1,0,1.00987899137974e-07,0
site_00350,1,1,0.9999970578755898,1
site_09786,1,0,4.201793592091787e-07,0
site_04304,1,0,1.158541648185976e-10,0
site_01900,1,0,3.690895223150266e-07,0
site_01824,1,0,2.987013409382802e-10,0
site_03044,1,1,0.9999998603810267,1
site_18774,1,0,7.927472834519494e-07,0
site_06852,1,0,4.201793592091787e-07,0
site_04076,1,0,5.937156978153128e-09,0
site_10782,1,0,3.7464944900536745e-10,0
site_02892,1,1,0.9999995925340871,1
site_07671,1,0,5.131637837235985e-07,0
site_01390,1,0,1.831138242741974e-09,0
site_14720,1,0,3.7165413924545247e-07,0
site_16823,1,0,1.158541648185976e-10,0
site_00727,1,0,2.056507660006701e-06,0
site_06500,1,0,1.065880385060747e-08,0
site_15718,1,0,3.487936534183956e-07,0
site_02144,1,0,3.487936534183956e-07,0
site_07006,1,0,1.1826543207644573e-10,0
site_11761,1,0,5.203072110715898e-07,0
site_03557,1,0,2.0217983574228852e-10,0
site_06536,1,0,5.131637837235985e-07,0
site_03786,1,0,3.487936534183956e-07,0
site_12189,1,0,5.131637837235985e-07,0
site_00069,1,0,2.915350320282198e-09,0
site_03603,1,0,1.4557870434050508e-10,0
site_18846,1,0,7.745578031332417e-07,0
site_19589,1,1,0.9999999999556881,1
site_07683,1,0,5.252344727348403e-07,0
site_20858,1,1,0.9999996722198665,1
site_03834,1,0,1.455799631540414e-10,0
site_05137,1,0,5.131637837235985e-07,0
site_03394,1,0,2.0217804993556397e-10,0
site_00223,1,1,0.9999945612660716,1
site_14413,1,0,1.4470947509346135e-10,0
site_15438,1,0,1.1826543207644573e-10,0
site_07421,1,0,2.2785615681684552e-09,0
site_02501,1,0,3.690895223150266e-07,0
site_06544,1,0,2.0217983574228852e-10,0
site_10912,1,0,5.203072110715898e-07,0
site_15088,1,0,3.4188215448862363e-07,0
site_11016,1,0,2.0950171989258642e-09,0
site_16766,1,0,3.062066497988843e-07,0
site_17747,1,0,4.850996775759826e-11,0
site_12065,1,0,5.883265626600877e-07,0
site_17525,1,0,4.8510038866292244e-11,0
site_09538,1,0,2.3486339830401856e-09,0
site_09362,1,0,1.1202302322338726e-06,0
site_20095,1,0,5.172808605820264e-07,0
site_04045,1,0,1.158541648185976e-10,0
site_03809,1,0,5.203026153233061e-07,0
site_19409,1,0,5.883265626600877e-07,0
site_17736,1,0,5.68474128182317e-07,0
site_12180,1,0,5.172808605820264e-07,0
site_10184,1,0,1.4470947509346135e-10,0
site_01672,1,0,6.858054036992985e-11,0
site_21282,1,1,0.9999999979474876,1
site_19802,1,1,0.9999999787181797,1
site_12560,1,0,6.013377467264306e-10,0
site_04287,1,0,3.589202565617839e-07,0
site_15257,1,0,5.131637837235985e-07,0
site_06506,1,0,1.4470947509346135e-10,0
site_20050,1,0,8.871812413392923e-10,0
site_11477,1,0,8.871889127618368e-10,0
site_18092,1,0,3.4268507385653896e-09,0
site_17755,1,0,3.690895223150266e-07,0
site_15014,1,0,3.6554626547948724e-07,0
site_18400,1,0,1.158541648185976e-10,0
site_09268,1,0,5.131637837235985e-07,0
site_12754,1,1,0.99999999976499,1
site_14697,1,0,2.095035314460108e-09,0
site_04810,1,0,5.883265626600877e-07,0
site_21018,1,0,1.31820464808092e-08,0
site_20501,1,0,3.2964619924318847e-07,0
site_01912,1,0,1.6044146586913396e-09,0
site_12885,1,1,0.9999991223551548,1
site_02940,1,1,0.999999999921876,1
site_16274,1,0,5.131637837235985e-07,0
site_12396,1,1,0.9999999999296101,1
site_14672,1,0,7.745578031332417e-07,0
site_10950,1,0,8.537494336738151e-07,0
site_04720,1,0,5.883265626600877e-07,0
site_13360,1,0,1.604403635499568e-09,0
site_17322,1,1,0.9999991144935209,1
site_05599,1,1,0.99999993846025,1
site_09728,1,0,3.112339822283125e-07,0
site_00630,1,0,5.034380591581305e-07,0
site_12225,1,0,5.889404191989141e-07,0
site_19961,1,0,5.252344727348403e-07,0
site_04496,1,0,8.827785346764606e-07,0
site_12587,1,0,2.379093219538433e-06,0
site_15971,1,0,8.89292207061476e-10,0
site_01344,1,0,5.203026153233061e-07,0
site_06376,1,0,5.684774317027953e-07,0
site_21020,1,0,1.31820464808092e-08,0
site_09752,1,0,2.9153569944608595e-09,0
site_01411,1,0,8.827771845482725e-07,0
site_01917,1,0,3.0732514074011964e-07,0
site_08563,1,0,6.013377467264306e-10,0
site_00706,1,0,8.130121400968782e-07,0
site_08570,1,0,5.883265626600877e-07,0
site_18407,1,0,9.097164503088027e-09,0
site_20127,1,1,0.999999999875469,1
site_16215,1,0,5.454595433485543e-07,0
site_14938,1,0,5.131637837235985e-07,0
site_15117,1,0,5.203072110715898e-07,0
site_19149,1,0,1.158541648185976e-10,0
site_13271,1,0,9.455021430699885e-11,0
site_01681,1,0,2.756889988199635e-08,0
site_13201,1,0,1.1202302322338726e-06,0
site_09904,1,0,6.013377467264306e-10,0
site_12677,1,0,3.7165413924545247e-07,0
site_13956,1,0,3.690895223150266e-07,0
site_14977,1,0,2.816896773234792e-09,0
site_00694,1,0,5.203072110715898e-07,0
site_10849,1,1,0.9999999999583251,1
site_02288,1,0,4.3652875620720993e-07,0
site_14259,1,0,5.203072110715898e-07,0
site_08989,1,0,7.745578031332417e-07,0
site_09524,1,0,1.447090470193308e-10,0
site_01325,1,1,0.9999999070559693,1
site_08756,1,0,3.746631800396998e-07,0
site_06180,1,0,5.889353267004741e-07,0
site_15833,1,0,2.6061012202775483e-11,0
site_09152,1,0,8.643866627450389e-10,0
site_11397,1,1,0.9999999997336113,1
site_01950,1,0,3.6096433327705195e-07,0
site_10554,1,0,5.252344727348403e-07,0
site_05604,1,1,0.9999999957996009,1
site_04781,1,0,4.921384234086383e-07,0
site_16243,1,1,0.9999851634489844,1
site_11460,1,0,4.201793592091787e-07,0
site_16850,1,0,4.167473730516974e-09,0
site_08974,1,0,2.0217983574228852e-10,0
site_09854,1,1,0.9999999969482485,1
site_05609,1,0,6.039458607437114e-07,0
site_17659,1,0,7.745578031332417e-07,0
site_13351,1,0,4.2017564786572244e-07,0
site_15417,1,0,7.511594710808294e-07,0
site_01059,1,1,0.9999999967487461,1
site_18842,1,0,1.0516756801403421e-07,0
site_18635,1,0,3.487936534183956e-07,0
site_14255,1,0,3.589202565617839e-07,0
site_17187,1,0,3.062066497988843e-07,0
site_02093,1,0,1.6044146586913396e-09,0
site_08539,1,0,5.131637837235985e-07,0
site_04277,1,0,5.883265626600877e-07,0
site_05502,1,0,8.871889127618368e-10,0
site_15013,1,0,2.6061096698433182e-11,0
site_08153,1,0,1.1202302322338726e-06,0
site_17985,1,0,1.1202302322338726e-06,0
site_16124,1,0,1.6632095029820839e-09,0
site_18100,1,0,8.883248720193892e-11,0
site_21195,1,1,0.9999999787181797,1
site_09591,1,0,9.53951029572393e-10,0
site_10773,1,0,1.065880385060747e-08,0
site_12794,1,0,2.0261385260085696e-06,0
site_10515,1,0,1.4557870434050508e-10,0
site_10113,1,0,6.4284632490321495e-06,0
site_14532,1,0,1.158541648185976e-10,0
site_15118,1,0,7.938474291438973e-10,0
site_03166,1,0,2.3486339830401856e-09,0
site_00932,1,0,0.0004375226903002057,0
site_16944,1,0,5.570857527777099e-11,0
site_14934,1,0,2.2674415214938674e-09,0
site_14147,1,0,1.1202302322338726e-06,0
site_13268,1,0,3.4188215448862363e-07,0
site_05108,1,0,1.1202302322338726e-06,0
site_00947,2,0,1.1003598220771718e-08,0
site_07063,2,0,7.09285254435171e-09,0
site_00909,2,0,1.1003598220771718e-08,0
site_11606,2,0,7.09285254435171e-09,0
site_12768,2,1,0.9999996612858794,1
site_19599,2,1,0.9999999744836088,1
site_01586,2,0,1.139631587849416e-09,0
site_09668,2,0,1.1003598220771718e-08,0
site_11553,2,1,0.9999999861672364,1
site_16327,2,0,1.1003598220771718e-08,0
site_13557,2,0,3.736689962353608e-09,0
site_13873,2,0,2.0931109582202054e-08,0
site_07138,2,0,1.1003598220771718e-08,0
site_01142,2,1,0.9999999803947918,1
site_04284,2,0,1.1003598220771718e-08,0
site_14540,2,0,1.1003598220771718e-08,0
site_07256,2,0,7.09285254435171e-09,0
site_11565,2,0,5.409200606669774e-08,0
site_00417,2,0,1.948603099863585e-09,0
site_05949,2,0,2.841978891436133e-08,0
site_08717,2,0,1.1003598220771718e-08,0
site_12437,2,0,7.726699152523102e-09,0
site_12172,2,0,7.09285254435171e-09,0
site_04664,2,0,1.1003598220771718e-08,0
site_16557,2,0,5.7018332334098377e-08,0
site_03969,2,0,8.07585881325777e-09,0
site_00410,2,0,1.871170129906357e-08,0
site_20469,2,0,7.09285254435171e-09,0
site_03405,2,1,0.9999999777141568,1
site_06309,2,0,8.094377474457324e-09,0
site_01502,2,0,1.3090179148317071e-08,0
site_20155,2,0,1.1003598220771718e-08,0
site_03682,2,0,2.841978891436133e-08,0
site_03424,2,0,1.3426688782514602e-06,0
site_01200,2,0,8.88641278695844e-09,0
site_16413,2,0,2.841978891436133e-08,0
site_03229,2,0,7.09285254435171e-09,0
site_14032,2,0,7.09285254435171e-09,0
site_00808,2,0,6.771587120824883e-09,0
site_18348,2,0,1.1003598220771718e-08,0
site_04576,2,0,7.09285254435171e-09,0
site_05336,2,0,7.726699152523102e-09,0
site_03135,2,0,7.09285254435171e-09,0
site_15474,2,0,3.736689962353608e-09,0
site_00655,2,0,7.09285254435171e-09,0
site_19977,2,0,1.1003598220771718e-08,0
site_00446,2,0,7.09285254435171e-09,0
site_13080,2,0,2.310138932567462e-06,0
site_09411,2,1,0.9999999996077003,1
site_20489,2,1,0.9999999747436079,1
site_18150,2,0,2.841978891436133e-08,0
site_08827,2,0,7.09285254435171e-09,0
site_09639,2,0,1.1003598220771718e-08,0
site_02659,2,1,0.9999999931374346,1
site_02063,2,0,1.1003598220771718e-08,0
site_15997,2,0,2.0931109582202054e-08,0
site_15679,2,0,1.3090186126622184e-08,0
site_15343,2,0,7.09285254435171e-09,0
site_18910,2,1,0.9999999931374346,1
site_11851,2,1,0.9999785306863074,1
site_14944,2,0,2.841978891436133e-08,0
site_11551,2,1,0.9999985224923834,1
site_18627,2,0,2.4719110330193856e-07,0
site_19602,2,0,5.2199364549491515e-08,0
site_06619,2,0,1.1003598220771718e-08,0
site_03448,2,0,2.841978891436133e-08,0
site_14453,2,0,1.1003598220771718e-08,0
site_17939,2,0,7.09285254435171e-09,0
site_14527,2,0,2.841978891436133e-08,0
site_00202,2,0,1.1003598220771718e-08,0
site_01973,2,0,6.0993173628820145e-09,0
site_02793,2,0,2.4719110330193856e-07,0
site_18496,2,0,7.09285254435171e-09,0
site_05248,2,0,2.063553848882011e-07,0
site_15059,2,0,1.3426685753951859e-06,0
site_15109,2,0,2.841978891436133e-08,0
site_03407,2,1,0.9999999929572232,1
site_08194,2,0,8.094377474457324e-09,0
site_10464,2,0,7.09285254435171e-09,0
site_15473,2,0,2.841978891436133e-08,0
site_00155,2,1,0.9999999929572232,1
site_17292,2,0,1.1003598220771718e-08,0
site_17321,2,1,0.9999999709265635,1
site_16926,2,0,7.09285254435171e-09,0
site_20161,2,0,2.841978891436133e-08,0
site_17413,2,0,2.841978891436133e-08,0
site_11909,2,0,7.09285254435171e-09,0
site_06383,2,0,1.078860613476111e-08,0
site_11214,2,0,1.1003598220771718e-08,0
site_18532,2,0,1.1003598220771718e-08,0
site_09460,2,0,1.1003598220771718e-08,0
site_21162,2,1,0.9999999855950941,1
site_21003,2,1,0.9999999782276381,1
site_07558,2,0,7.09285254435171e-09,0
site_04964,2,0,7.09285254435171e-09,0
site_00870,2,0,1.1918575555538952e-08,0
site_01598,2,0,3.736689962353608e-09,0
site_14652,2,0,3.426629949824612e-08,0
site_09292,2,0,1.1003598220771718e-08,0
site_16020,2,0,1.3090186126622184e-08,0
site_15776,2,0,1.1003598220771718e-08,0
site_13679,2,0,1.1003598220771718e-08,0
site_12089,2,0,8.886417524258013e-09,0
site_08187,2,0,1.078860613476111e-08,0
site_08041,2,0,3.7366927972235975e-09,0
site_09983,2,0,1.8813061004795259e-06,0
site_01909,2,0,3.426629949824612e-08,0
site_08712,2,0,8.07585881325777e-09,0
site_03195,2,0,1.1918575555538952e-08,0
site_01122,2,0,3.736689962353608e-09,0
site_16332,2,0,1.1003598220771718e-08,0
site_20039,2,0,1.342667859627019e-06,0
site_20046,2,0,1.1003598220771718e-08,0
site_00228,2,1,0.9999998500217376,1
site_16705,2,0,7.09285254435171e-09,0
site_10480,2,1,0.9999999417170683,1
site_08344,2,0,1.1003598220771718e-08,0
site_12248,2,1,0.9999999847865928,1
site_04569,2,0,1.1003598220771718e-08,0
site_21089,2,0,2.0931109582202054e-08,0
site_17757,2,0,1.3090186126622184e-08,0
site_10914,2,0,7.872964375812395e-06,0
site_11861,2,1,0.9999947876628045,1
site_11625,2,0,3.999247907756427e-09,0
site_08718,2,0,2.4719110330193856e-07,0
site_09992,2,0,5.488539400876194e-08,0
site_20464,2,0,1.1003598220771718e-08,0
site_04448,2,0,1.1003598220771718e-08,0
site_06989,2,0,7.09285254435171e-09,0
site_10466,2,0,1.1003598220771718e-08,0
site_00806,2,0,3.426629949824612e-08,0
site_21219,2,0,8.07585450806252e-09,0
site_06005,2,0,3.999247907756427e-09,0
site_03932,2,0,1.1003598220771718e-08,0
site_02827,2,1,0.9999999685863071,1
site_12657,2,0,1.1003598220771718e-08,0
site_14551,2,0,1.1003598220771718e-08,0
site_01529,2,0,6.335193611033417e-08,0
site_20832,2,0,7.726695033462916e-09,0
site_16199,2,0,2.841978891436133e-08,0
site_08254,2,0,6.771587120824883e-09,0
site_05392,2,0,2.0931109582202054e-08,0
site_01925,2,0,1.8813061004795259e-06,0
site_12394,2,0,1.6974228249475127e-06,0
site_06188,2,0,1.1003598220771718e-08,0
site_19431,2,0,1.2522404545741387e-08,0
site_07957,2,0,7.09285254435171e-09,0
site_01073,2,0,3.730411032067057e-09,0
site_03637,2,0,1.1003598220771718e-08,0
site_04323,2,0,1.1003598220771718e-08,0
site_04689,2,0,7.09285254435171e-09,0
site_12007,2,1,0.999999868126222,1
site_15452,2,0,1.1003598220771718e-08,0
site_05644,2,1,0.9999997684633416,1
site_18106,2,0,7.09285254435171e-09,0
site_16234,2,0,3.736689962353608e-09,0
site_13777,2,0,1.1003598220771718e-08,0
site_19098,2,0,1.1003598220771718e-08,0
site_02846,2,1,0.9999952863098022,1
site_11828,2,0,1.3090179148317071e-08,0
site_19651,2,0,2.841978891436133e-08,0
site_11550,2,1,0.9999999949033007,1
site_06539,2,0,7.09285254435171e-09,0
site_08358,2,0,1.1918575555538952e-08,0
site_15174,2,0,6.0993173628820145e-09,0
site_03521,2,0,7.09285254435171e-09,0
site_09725,2,1,0.9999998295703372,1
site_02167,2,1,0.999999965556493,1
site_03994,2,0,7.726695033462916e-09,0
site_08284,2,0,8.886417524258013e-09,0
site_14329,2,0,7.09285254435171e-09,0
site_05197,2,0,7.09285254435171e-09,0
site_07311,2,0,7.09285254435171e-09,0
site_10825,2,0,1.1003598220771718e-08,0
site_06548,2,0,1.1003598220771718e-08,0
site_04001,2,0,1.871170129906357e-08,0
site_02930,2,0,2.841978891436133e-08,0
site_14228,2,0,1.1003598220771718e-08,0
site_11735,2,0,3.5465753080231276e-09,0
site_14455,2,0,8.094377474457324e-09,0
site_18223,2,0,2.841978891436133e-08,0
site_03944,2,0,1.871170129906357e-08,0
site_09333,2,1,0.9999999980908407,1
site_08696,2,0,7.09285254435171e-09,0
site_11946,2,0,1.1003598220771718e-08,0
site_07349,2,0,7.09285254435171e-09,0
site_04413,2,0,1.3426688782514602e-06,0
site_09178,2,0,1.078860613476111e-08,0
site_17462,2,0,1.4707736772523279e-05,0
site_06210,2,0,7.09285254435171e-09,0
site_05766,2,0,1.342667859627019e-06,0
site_03911,2,0,1.4707747930502386e-05,0
site_11728,2,1,0.9999999962308121,1
site_11072,2,0,1.1003598220771718e-08,0
site_05092,2,0,7.09285254435171e-09,0
site_00652,2,0,7.09285254435171e-09,0
site_08800,2,0,1.1003598220771718e-08,0
site_16730,2,0,1.871319098405178e-08,0
site_04317,2,0,1.1003598220771718e-08,0
site_00452,2,0,2.0931109582202054e-08,0
site_17544,2,0,8.07585881325777e-09,0
site_16425,2,0,7.09285254435171e-09,0
site_20548,2,1,0.9999998727442023,1
site_11098,2,0,2.034038295764612e-08,0
site_01082,2,0,3.730411032067057e-09,0
site_16491,2,0,2.0217390249378287e-06,0
site_12909,2,0,7.09285254435171e-09,0
site_06335,2,0,7.09285254435171e-09,0
site_07792,2,0,7.09285254435171e-09,0
site_02819,2,0,3.736689962353608e-09,0
site_08121,2,0,7.09285254435171e-09,0
site_13632,2,0,2.841978891436133e-08,0
site_15218,2,0,7.09285254435171e-09,0
site_00966,2,1,0.9999999181544337,1
site_01350,2,0,7.09285254435171e-09,0
site_02822,2,0,1.1003598220771718e-08,0
site_16878,2,0,2.841978891436133e-08,0
site_01280,2,1,0.9999999895180013,1
site_19045,2,0,1.1003598220771718e-08,0
site_03434,2,0,7.09285254435171e-09,0
site_21093,2,0,3.736689962353608e-09,0
site_08748,2,0,7.09285254435171e-09,0
site_13345,2,0,2.841978891436133e-08,0
site_08526,2,0,2.0931109582202054e-08,0
site_08829,2,0,1.1003598220771718e-08,0
site_14820,2,0,7.09285254435171e-09,0
site_00890,2,0,3.736689962353608e-09,0
site_03841,2,0,1.1003598220771718e-08,0
site_07763,2,0,7.09285254435171e-09,0
site_13293,2,0,7.09285254435171e-09,0
site_05385,2,0,2.310138932567462e-06,0
site_04520,2,0,3.736691954363237e-09,0
site_20857,2,1,2.159878179291505e-05,0
site_11174,2,0,2.841978891436133e-08,0
site_07205,2,0,1.078860613476111e-08,0
site_17663,2,0,7.09285254435171e-09,0
site_04802,2,0,1.1003598220771718e-08,0
site_20851,2,1,0.9999999210088613,1
site_06640,2,0,1.1003598220771718e-08,0
site_00857,2,0,2.841978891436133e-08,0
site_20516,2,0,1.119589166529774e-08,0
site_15781,2,0,8.886417524258013e-09,0
site_16130,2,0,8.886417524258013e-09,0
site_09733,2,1,0.9999999998909106,1
site_03711,2,0,1.5566565044322107e-08,0
site_12405,2,0,1.1003598220771718e-08,0
site_13091,2,0,1.139631587849416e-09,0
site_00517,2,1,0.999999798063827,1
site_15512,2,0,3.7366927972235975e-09,0
site_05874,2,0,7.09285254435171e-09,0
site_12272,2,1,0.9999999943139093,1
site_21328,2,1,0.9999999929572232,1
site_19290,2,0,1.1003598220771718e-08,0
site_20980,2,0,7.726699152523102e-09,0
site_11559,2,0,5.409200606669774e-08,0
site_15880,2,0,1.3090189079287008e-08,0
site_02728,2,1,0.9999999223724647,1
site_07113,2,0,2.841978891436133e-08,0
site_20219,2,0,1.8495824351762457e-06,0
site_18170,2,0,1.1003598220771718e-08,0
site_16975,2,1,0.9999999321256435,1
site_00621,2,0,1.1918575555538952e-08,0
site_17410,2,0,8.886417524258013e-09,0
site_15942,2,0,2.841978891436133e-08,0
site_08775,2,0,7.09285254435171e-09,0
site_12214,2,0,8.07585881325777e-09,0
site_17645,2,0,1.1003598220771718e-08,0
site_13475,2,0,1.6132887722367417e-07,0
site_12238,2,0,3.5465753080231276e-09,0
site_04547,2,0,2.0931109582202054e-08,0
site_20670,2,1,0.9999999895180013,1
site_21071,2,0,4.999132223012626e-07,0
site_14547,2,0,2.841978891436133e-08,0
site_18748,2,0,1.1003598220771718e-08,0
site_07947,2,0,7.09285254435171e-09,0
site_17276,2,0,1.7135020493163196e-08,0
site_08802,2,0,1.2522407370335557e-08,0
site_11803,2,0,1.3090189079287008e-08,0
site_07735,2,0,1.1003598220771718e-08,0
site_03784,2,0,7.09285254435171e-09,0
site_14654,2,0,2.841978891436133e-08,0
site_16362,2,0,1.1003598220771718e-08,0
site_09076,2,0,3.5683896921984745e-06,0
site_13673,2,0,7.09285254435171e-09,0
site_20415,2,0,3.7868637898269886e-09,0
site_21129,2,0,2.841978891436133e-08,0
site_18626,2,0,1.1003598220771718e-08,0
site_10144,2,0,7.09285254435171e-09,0
site_01795,2,0,1.1918575555538952e-08,0
site_18057,2,0,1.1003598220771718e-08,0
site_12750,2,1,0.9999999929572232,1
site_07373,2,0,1.3090189079287008e-08,0
site_04953,2,0,3.999247907756427e-09,0
site_16335,2,0,1.1003598220771718e-08,0
site_12467,2,0,2.310138932567462e-06,0
site_11913,2,0,7.09285254435171e-09,0
site_10794,2,0,7.09285254435171e-09,0
site_12967,2,0,1.078860613476111e-08,0
site_03217,2,1,0.9999999681331254,1
site_10152,2,0,7.726699152523102e-09,0
site_09963,2,0,7.09285254435171e-09,0
site_13882,2,0,1.1003598220771718e-08,0
site_19147,2,0,7.09285254435171e-09,0
site_00995,2,0,2.9828868665136354e-08,0
site_11035,2,0,1.1003598220771718e-08,0
site_04466,2,0,7.726699152523102e-09,0
site_02260,2,0,3.999244873697035e-09,0
site_00879,2,0,7.09285254435171e-09,0
site_04552,2,0,7.09285254435171e-09,0
site_10481,2,0,2.834179182754871e-05,0
site_18140,2,0,1.1003598220771718e-08,0
site_09988,2,1,0.9999999947576341,1
site_15731,2,0,1.3090189079287008e-08,0
site_10522,2,0,7.09285254435171e-09,0
site_12478,2,0,7.09285254435171e-09,0
site_04940,2,0,1.3426688782514602e-06,0
site_14307,2,0,3.736691954363237e-09,0
site_12430,2,0,7.09285254435171e-09,0
site_16913,2,1,0.9999995610482001,1
site_03308,2,0,1.3090179148317071e-08,0
site_18757,2,0,7.09285254435171e-09,0
site_04360,2,0,1.1003598220771718e-08,0
site_05203,2,0,3.7366927972235975e-09,0
site_18571,2,0,1.1003598220771718e-08,0
site_11489,2,0,1.0755019678501588e-08,0
site_18017,2,0,8.07585450806252e-09,0
site_07830,2,0,7.09285254435171e-09,0
site_13460,2,0,1.1003598220771718e-08,0
site_04734,2,0,1.1003598220771718e-08,0
site_19032,2,0,7.09285254435171e-09,0
site_07944,2,0,2.0931109582202054e-08,0
site_14167,2,0,1.1918575555538952e-08,0
site_21467,2,0,1.1003598220771718e-08,0
site_05005,2,0,1.871170129906357e-08,0
site_14862,2,0,1.3426688782514602e-06,0
site_15495,2,0,1.0755019678501588e-08,0
site_20931,2,0,1.3090179148317071e-08,0
site_12530,2,0,1.1003598220771718e-08,0
site_18558,2,0,3.426629949824612e-08,0
site_14716,2,0,1.1003598220771718e-08,0
site_15632,2,0,2.841978891436133e-08,0
site_05043,2,0,1.1003598220771718e-08,0
site_06275,2,0,7.09285254435171e-09,0
site_00142,2,0,2.606902777395595e-07,0
site_11718,2,0,6.62907769621898e-06,0
site_10853,2,0,2.3620953487296798e-06,0
site_21055,2,0,1.342667859627019e-06,0
site_01378,2,0,1.3090179148317071e-08,0
site_14427,2,0,7.09285254435171e-09,0
site_21098,2,0,1.1918575555538952e-08,0
site_00670,2,0,1.3090179148317071e-08,0
site_04064,2,0,1.1003598220771718e-08,0
site_01379,2,0,1.078860613476111e-08,0
site_09077,2,1,0.9999999971600404,1
site_17152,2,0,1.1003598220771718e-08,0
site_08808,2,0,7.09285254435171e-09,0
site_06409,2,0,1.1003598220771718e-08,0
site_00922,2,0,3.736689962353608e-09,0
site_16592,2,0,2.841978891436133e-08,0
site_19842,2,0,1.1003598220771718e-08,0
site_01134,2,1,0.999999764672378,1
site_10117,2,0,1.4719618809895289e-05,0
site_10968,2,0,1.0959096362929126e-07,0
site_00148,2,0,1.0886571871830642e-08,0
site_04790,2,0,1.2522404545741387e-08,0
site_03820,2,0,2.0931109582202054e-08,0
site_02479,2,1,0.9999998930030544,1
site_09690,2,0,1.1003598220771718e-08,0
site_07383,2,0,7.09285254435171e-09,0
site_05218,2,0,6.771587120824883e-09,0
site_15627,2,0,8.094377474457324e-09,0
site_08854,2,0,7.09285254435171e-09,0
site_20889,2,0,8.88641278695844e-09,0
site_18281,2,0,1.1003598220771718e-08,0
site_05883,2,0,1.1918575555538952e-08,0
site_14060,2,0,1.1003598220771718e-08,0
site_17567,2,0,2.841978891436133e-08,0
site_02187,2,0,8.88641278695844e-09,0
site_09807,2,0,2.841978891436133e-08,0
site_17484,2,0,7.080676134864926e-10,0
site_03919,2,0,7.09285254435171e-09,0
site_13737,2,0,5.30396616743151e-05,0
site_05287,2,0,1.119589166529774e-08,0
site_07295,2,0,1.1003598220771718e-08,0
site_05827,2,1,0.9999999895180013,1
site_14173,2,0,7.09285254435171e-09,0
site_01464,2,0,7.338051857936629e-08,0
site_15235,2,0,1.1003598220771718e-08,0
site_01249,2,1,0.9999999350795592,1
site_21428,2,1,0.9999997249845979,1
site_16160,2,0,1.3426685753951859e-06,0
site_03652,2,0,2.063553848882011e-07,0
site_08968,2,0,1.078860613476111e-08,0
site_13815,2,0,1.1003598220771718e-08,0
site_11791,2,0,7.09285254435171e-09,0
site_12876,2,1,0.9999999931374346,1
site_12492,2,0,7.09285254435171e-09,0
site_15570,2,0,3.999247907756427e-09,0
site_20421,2,0,9.858269108201012e-08,0
site_09090,2,0,7.09285254435171e-09,0
site_03778,2,0,1.1003598220771718e-08,0
site_08764,2,0,2.841978891436133e-08,0
site_18900,2,0,1.1003598220771718e-08,0
site_20664,2,0,3.736689962353608e-09,0
site_06714,2,0,7.09285254435171e-09,0
site_11652,2,0,1.3426688782514602e-06,0
site_03098,2,1,0.9999999931374346,1
site_04365,2,0,7.09285254435171e-09,0
site_01961,2,0,8.07585450806252e-09,0
site_12240,2,0,6.957518680077915e-08,0
site_11454,2,0,7.09285254435171e-09,0
site_08701,2,0,7.09285254435171e-09,0
site_01338,2,0,7.726695033462916e-09,0
site_00021,2,0,4.694985115833477e-09,0
site_03897,2,0,1.1918575555538952e-08,0
site_08964,2,0,7.09285254435171e-09,0
site_17556,2,0,1.1003598220771718e-08,0
site_15470,2,0,1.1003598220771718e-08,0
site_19333,2,0,1.871170129906357e-08,0
site_01680,2,0,1.139631587849416e-09,0
site_08836,2,0,1.1003598220771718e-08,0
site_10409,2,0,7.09285254435171e-09,0
site_05212,2,0,1.3090189079287008e-08,0
site_10492,2,1,0.999999856147296,1
site_03514,2,0,3.736689962353608e-09,0
site_06470,2,0,7.09285254435171e-09,0
site_13087,2,0,8.07585450806252e-09,0
site_10441,2,0,7.09285254435171e-09,0
site_09558,2,0,7.09285254435171e-09,0
site_21273,2,1,0.9999999895180013,1
site_11002,2,0,3.5683896921984745e-06,0
site_00541,2,0,3.0233736206923473e-07,0
site_13754,2,0,1.5566565044322107e-08,0
site_20428,2,0,9.858269108201012e-08,0
site_13223,2,0,7.09285254435171e-09,0
site_19386,2,1,0.9999998245330138,1
site_19374,2,0,7.09285254435171e-09,0
site_00042,2,1,0.9999999997527933,1
site_16147,2,0,2.841978891436133e-08,0
site_16478,2,0,1.871170129906357e-08,0
site_00005,2,0,1.376870376442297e-08,0
site_11908,2,0,7.09285254435171e-09,0
site_17211,2,0,1.1003598220771718e-08,0
site_08864,2,0,1.3426688782514602e-06,0
site_16057,2,0,1.1003598220771718e-08,0
site_20541,2,1,0.9999999950286387,1
site_09239,2,0,1.139631587849416e-09,0
site_10535,2,0,1.1003598220771718e-08,0
site_15603,2,0,2.0931109582202054e-08,0
site_03869,2,0,3.736689962353608e-09,0
site_09137,2,0,1.1003598220771718e-08,0
site_14305,2,0,2.841978891436133e-08,0
site_04561,2,0,1.3090186126622184e-08,0
site_00276,2,0,7.09285254435171e-09,0
site_04394,2,0,1.1003598220771718e-08,0
site_02800,2,0,7.09285254435171e-09,0
site_18640,2,0,7.09285254435171e-09,0
site_12639,2,1,0.9999999996299445,1
site_11101,2,1,0.0021010771712010414,0
site_20033,2,0,1.1003598220771718e-08,0
site_06773,2,0,1.1003598220771718e-08,0
site_15405,2,0,1.930727384628508e-07,0
site_13984,2,0,1.1003598220771718e-08,0
site_07832,2,0,7.09285254435171e-09,0
site_19150,2,0,2.841978891436133e-08,0
site_20812,2,0,7.09285254435171e-09,0
site_20887,2,0,1.1003598220771718e-08,0
site_13072,2,0,7.09285254435171e-09,0
site_10413,2,0,7.09285254435171e-09,0
site_07581,2,0,7.09285254435171e-09,0
site_15107,2,0,1.1003598220771718e-08,0
site_09682,2,0,1.1003598220771718e-08,0
site_08898,2,0,6.7720824297347136e-09,0
site_03264,2,0,7.09285254435171e-09,0
site_14227,2,0,7.09285254435171e-09,0
site_03696,2,0,1.1918575555538952e-08,0
site_10091,2,0,1.3090189079287008e-08,0
site_03201,2,0,1.1003598220771718e-08,0
site_04673,2,0,1.1003598220771718e-08,0
site_01756,2,0,3.736689962353608e-09,0
site_11003,2,1,0.9996609117549317,1
site_08110,2,0,1.1003598220771718e-08,0
site_11540,2,0,6.0993173628820145e-09,0
site_19764,2,0,1.1003598220771718e-08,0
site_18406,2,0,1.1003598220771718e-08,0
site_13524,2,0,8.886417524258013e-09,0
site_14771,2,0,1.1003598220771718e-08,0
site_01103,2,0,1.6971578664633556e-09,0
site_11744,2,0,7.09285254435171e-09,0
site_01742,2,0,2.841978891436133e-08,0
site_04399,2,0,7.726699152523102e-09,0
site_09195,2,0,3.999247907756427e-09,0
site_05263,2,0,2.841978891436133e-08,0
site_12409,2,0,8.886417524258013e-09,0
site_13837,2,0,1.1918575555538952e-08,0
site_07692,2,0,1.1003598220771718e-08,0
site_07811,2,0,2.841978891436133e-08,0
site_04041,2,0,8.07585881325777e-09,0
site_10390,2,0,1.1003598220771718e-08,0
site_00561,2,0,1.1003598220771718e-08,0
site_20899,2,1,0.9999999974016622,1
site_01152,2,0,2.310138932567462e-06,0
site_02207,2,0,7.726699152523102e-09,0
site_03035,2,0,8.88641278695844e-09,0
site_16451,2,0,1.1003598220771718e-08,0
site_14083,2,0,1.1003598220771718e-08,0
site_14288,2,0,1.1003598220771718e-08,0
site_15772,2,0,3.7366927972235975e-09,0
site_16811,2,0,1.1003598220771718e-08,0
site_07204,2,0,6.0993173628820145e-09,0
site_18495,2,0,7.09285254435171e-09,0
site_11376,2,0,1.8765168104149583e-10,0
site_17227,2,0,2.9305412828247982e-08,0
site_19538,2,0,7.09285254435171e-09,0
site_01422,2,0,1.1003598220771718e-08,0
site_04599,2,0,8.07585881325777e-09,0
site_07908,2,0,1.119589166529774e-08,0
site_05670,2,0,2.841978891436133e-08,0
site_07325,2,0,1.1003598220771718e-08,0
site_18288,2,0,7.09285254435171e-09,0
site_09882,2,0,1.0845693171738919e-10,0
site_15604,2,0,1.1003598220771718e-08,0
site_13255,2,0,1.1003598220771718e-08,0
site_04348,2,0,2.0931109582202054e-08,0
site_11390,2,0,1.930727384628508e-07,0
site_10744,2,1,0.9999999948917764,1
site_08755,2,0,1.078860613476111e-08,0
site_18678,2,0,7.09285254435171e-09,0
site_20846,2,1,0.9999999637927797,1
site_05040,2,0,2.841978891436133e-08,0
site_02759,2,0,3.736689962353608e-09,0
site_02417,2,1,0.9999999976975458,1
site_12003,2,1,0.999999868126222,1
site_13497,2,0,3.7366927972235975e-09,0
site_15120,2,0,5.3039649711154145e-05,0
site_10341,2,0,2.841978891436133e-08,0
site_04066,2,0,1.1003598220771718e-08,0
site_20173,2,0,2.841978891436133e-08,0
site_07406,2,0,7.726699152523102e-09,0
site_12019,2,0,2.841978891436133e-08,0
site_18661,2,0,2.841978891436133e-08,0
site_09657,2,0,1.342667859627019e-06,0
site_15101,2,0,7.09285254435171e-09,0
site_01717,2,0,1.4624096878693414e-07,0
site_04367,2,0,5.3039649711154145e-05,0
site_03380,2,0,1.1003598220771718e-08,0
site_19857,2,1,0.9999999713943711,1
site_10803,2,0,7.09285254435171e-09,0
site_19947,2,0,7.09285254435171e-09,0
site_17770,2,0,6.625063706454568e-08,0
site_18467,2,0,2.841978891436133e-08,0
site_17400,2,0,3.7366927972235975e-09,0
site_14081,2,0,7.09285254435171e-09,0
site_12774,2,0,1.1003598220771718e-08,0
site_20074,2,0,3.7073014138672842e-06,0
site_21050,2,0,7.726695033462916e-09,0
site_11527,2,0,7.726695033462916e-09,0
site_07174,2,0,7.09285254435171e-09,0
site_08431,2,0,1.1003598220771718e-08,0
site_08448,2,0,7.726699152523102e-09,0
site_16709,2,0,1.342667859627019e-06,0
site_15645,2,0,1.1003598220771718e-08,0
site_11968,2,0,1.342667859627019e-06,0
site_18018,2,0,1.1003598220771718e-08,0
site_00065,2,0,0.0004307262285896379,0
site_21066,2,1,0.9999990988066415,1
site_15145,2,0,2.841978891436133e-08,0
site_05308,2,0,1.1003598220771718e-08,0
site_05456,2,0,8.094377474457324e-09,0
site_09183,2,0,1.1003598220771718e-08,0
site_02004,2,0,7.726695033462916e-09,0
site_10922,2,0,7.726699152523102e-09,0
site_00554,2,1,0.9999999931374346,1
site_17409,2,0,2.841978891436133e-08,0
site_18828,2,0,7.09285254435171e-09,0
site_17065,2,0,2.841978891436133e-08,0
site_09214,2,0,3.7366927972235975e-09,0
site_01654,2,1,0.0001796727425580631,0
site_15958,2,0,7.726695033462916e-09,0
site_11691,2,0,1.0845693171738919e-10,0
site_10890,2,0,6.957518680077915e-08,0
site_13340,2,0,7.09285254435171e-09,0
site_06161,2,0,1.1003598220771718e-08,0
site_18749,2,0,7.09285254435171e-09,0
site_19874,2,0,9.858269108201012e-08,0
site_14380,2,0,1.1003598220771718e-08,0
site_04961,2,0,7.09285254435171e-09,0
site_03612,2,1,0.9999992425039546,1
site_11818,2,0,1.1918575555538952e-08,0
site_16568,2,0,1.1003598220771718e-08,0
site_18033,2,0,7.87295840297598e-06,0
site_09509,2,1,0.9999999971600404,1
site_16782,2,0,2.841978891436133e-08,0
site_00751,2,0,2.841978891436133e-08,0
site_12472,2,0,1.1003598220771718e-08,0
site_17270,2,1,0.9999997937608732,1
site_09609,2,0,5.998810683648022e-09,0
site_06142,2,0,7.09285254435171e-09,0
site_05862,2,0,1.1003598220771718e-08,0
site_02872,2,0,7.09285254435171e-09,0
site_04055,2,0,2.841978891436133e-08,0
site_21333,2,1,0.9999999489976931,1
site_09753,2,0,7.09285254435171e-09,0
site_21080,2,0,7.872964375812395e-06,0
site_19556,2,0,3.7366927972235975e-09,0
site_03700,2,0,1.1918575555538952e-08,0
site_01049,2,0,3.736689962353608e-09,0
site_18046,2,0,3.999244873697035e-09,0
site_06442,2,0,1.139631587849416e-09,0
site_04969,2,0,2.0931109582202054e-08,0
site_09329,2,0,3.5683896921984745e-06,0
site_06706,2,0,7.09285254435171e-09,0
site_02279,2,0,1.139631587849416e-09,0
site_11349,2,0,1.1003598220771718e-08,0
site_18022,2,0,1.1003598220771718e-08,0
site_18172,2,0,1.1003598220771718e-08,0
site_17802,2,0,2.0931109582202054e-08,0
site_07018,2,0,7.09285254435171e-09,0
site_15214,2,0,8.07585881325777e-09,0
site_14327,2,0,1.1003598220771718e-08,0
site_19659,2,1,0.9999999854411314,1
site_07369,2,0,7.09285254435171e-09,0
site_16126,2,0,7.09285254435171e-09,0
site_04981,2,0,7.09285254435171e-09,0
site_10743,2,0,3.5683896921984745e-06,0
site_10348,2,0,7.09285254435171e-09,0
site_02001,2,0,3.736689962353608e-09,0
site_19092,2,0,1.1003598220771718e-08,0
site_09388,2,0,3.7366927972235975e-09,0
site_15075,2,0,1.3426688782514602e-06,0
site_15015,2,0,7.09285254435171e-09,0
site_11213,2,0,7.09285254435171e-09,0
site_02766,2,0,3.736689962353608e-09,0
site_12952,2,0,2.841978891436133e-08,0
site_01779,2,0,8.88641278695844e-09,0
site_13068,2,0,1.1003598220771718e-08,0
site_07823,2,0,2.841978891436133e-08,0
site_11790,2,0,7.09285254435171e-09,0
site_05843,2,0,2.4719110330193856e-07,0
site_09474,2,0,1.1003598220771718e-08,0
site_19863,2,1,0.999999998402521,1
site_06633,2,0,7.09285254435171e-09,0
site_18245,2,0,1.2522404545741387e-08,0
site_04270,2,0,8.07585881325777e-09,0
site_15856,2,0,1.078860613476111e-08,0
site_13992,2,0,2.841978891436133e-08,0
site_17434,2,0,7.080676134864926e-10,0
site_04208,2,0,7.09285254435171e-09,0
site_04093,2,0,7.09285254435171e-09,0
site_01740,2,0,7.726695033462916e-09,0
site_07600,2,0,1.1003598220771718e-08,0
site_00760,2,0,2.841978891436133e-08,0
site_08469,2,0,2.841978891436133e-08,0
site_18580,2,0,1.3090186126622184e-08,0
site_20661,2,0,3.736689962353608e-09,0
site_17723,2,0,1.1003598220771718e-08,0
site_03389,2,0,2.310138932567462e-06,0
site_14368,2,0,1.1003598220771718e-08,0
site_01095,2,1,0.9999999980967158,1
site_18085,2,0,5.3039649711154145e-05,0
site_02194,2,0,1.342667859627019e-06,0
site_20028,2,0,1.1003598220771718e-08,0
site_05243,2,0,7.09285254435171e-09,0
site_21027,2,0,1.3426688782514602e-06,0
site_04191,2,0,1.1003598220771718e-08,0
site_07083,2,0,7.726695033462916e-09,0
site_11757,2,0,3.999247907756427e-09,0
site_11093,2,0,1.1003598220771718e-08,0
site_02410,2,1,0.9999999929786696,1
site_01842,2,0,1.1003598220771718e-08,0
site_09628,2,1,0.9978564158141632,1
site_04616,2,0,2.0931109582202054e-08,0
site_01751,2,0,2.841978891436133e-08,0
site_14602,2,0,1.1003598220771718e-08,0
site_12569,2,0,1.3090189079287008e-08,0
site_10789,2,0,7.09285254435171e-09,0
site_00076,2,0,1.0886571871830642e-08,0
site_06763,2,0,7.09285254435171e-09,0
site_16366,2,1,0.9999992838080611,1
site_17843,2,0,2.841978891436133e-08,0
site_02591,2,0,2.4901387001798435e-07,0
site_05702,2,1,0.9999999718235338,1
site_14830,2,0,7.09285254435171e-09,0
site_15664,2,0,7.09285254435171e-09,0
site_17752,2,0,7.9294655158213e-10,0
site_11633,2,0,1.1003598220771718e-08,0
site_06379,2,0,7.09285254435171e-09,0
site_00749,2,0,7.09285254435171e-09,0
site_03443,2,0,1.1918575555538952e-08,0
site_14193,2,0,1.1003598220771718e-08,0
site_16950,2,0,1.1003598220771718e-08,0
site_16828,2,0,1.1003598220771718e-08,0
site_11587,2,0,7.09285254435171e-09,0
site_20409,2,1,0.9999961329106732,1
site_15854,2,0,1.1003598220771718e-08,0
site_11000,2,1,0.9999999971809883,1
site_20115,2,0,1.1003598220771718e-08,0
site_19438,2,0,7.09285254435171e-09,0
site_14952,2,0,5.30396616743151e-05,0
site_04010,2,0,1.1003598220771718e-08,0
site_20579,2,0,2.841978891436133e-08,0
site_05914,2,0,3.736689962353608e-09,0
site_16617,2,1,0.999999991395336,1
site_08598,2,0,7.09285254435171e-09,0
site_05672,2,0,7.09285254435171e-09,0
site_13447,2,0,2.841978891436133e-08,0
site_06965,2,0,7.09285254435171e-09,0
site_02008,2,0,2.841978891436133e-08,0
site_06847,2,0,7.09285254435171e-09,0
site_06546,2,0,1.1003598220771718e-08,0
site_01547,2,1,0.9999999159830764,1
site_13759,2,0,1.1003598220771718e-08,0
site_07276,2,0,3.736691954363237e-09,0
site_16853,2,0,4.667705946373865e-09,0
site_02174,2,1,0.9999995792045401,1
site_21268,2,0,3.736689962353608e-09,0
site_19419,2,0,7.09285254435171e-09,0
site_05211,2,0,3.7366927972235975e-09,0
site_17007,2,0,1.1003598220771718e-08,0
site_04395,2,0,8.886417524258013e-09,0
site_06780,2,0,1.1003598220771718e-08,0
site_05177,2,0,2.841978891436133e-08,0
site_10005,2,0,1.1003598220771718e-08,0
site_18323,2,0,1.1003598220771718e-08,0
site_13625,2,0,1.1003598220771718e-08,0
site_12859,2,0,1.1003598220771718e-08,0
site_07133,2,0,1.1003598220771718e-08,0
site_06497,2,0,7.09285254435171e-09,0
site_19807,2,1,0.9999998456413474,1
site_09776,2,0,7.726699152523102e-09,0
site_08740,2,0,7.09285254435171e-09,0
site_06585,2,0,7.09285254435171e-09,0
site_00628,2,0,1.3090179148317071e-08,0
site_21226,2,1,0.9999999969639113,1
site_06850,2,0,7.09285254435171e-09,0
site_02710,2,0,7.09285254435171e-09,0
site_05685,2,0,2.841978891436133e-08,0
site_13646,2,0,8.886417524258013e-09,0
site_05176,2,0,7.09285254435171e-09,0
site_03196,2,0,1.342667859627019e-06,0
site_08559,2,0,8.07585881325777e-09,0
site_02602,2,1,0.9999998437446735,1
site_09389,2,0,1.1003598220771718e-08,0
site_13533,2,0,1.871170129906357e-08,0
site_05678,2,0,1.1003598220771718e-08,0
site_06961,2,0,7.09285254435171e-09,0
site_16966,2,0,6.375285037266199e-07,0
site_10404,2,0,7.09285254435171e-09,0
site_00731,2,0,1.1918575555538952e-08,0
site_13462,2,0,7.09285254435171e-09,0
site_10010,2,0,2.035172137515099e-09,0
site_17450,2,0,1.1003598220771718e-08,0
site_08231,2,0,2.841978891436133e-08,0
site_09678,2,0,7.09285254435171e-09,0
site_11698,2,1,0.9999999973325264,1
site_15713,2,0,2.841978891436133e-08,0
site_05605,2,1,0.999999964403307,1
site_17520,2,0,2.841978891436133e-08,0
site_01305,2,0,8.07585450806252e-09,0
site_21512,2,0,2.063553848882011e-07,0
site_20345,2,0,3.7868637898269886e-09,0
site_19124,2,0,1.1003598220771718e-08,0
site_19694,2,0,1.1003598220771718e-08,0
site_03270,2,1,0.9999999562031413,1
site_20442,2,0,2.310138932567462e-06,0
site_21217,2,0,7.726695033462916e-09,0
site_02738,2,0,1.0755019678501588e-08,0
site_19407,2,0,7.09285254435171e-09,0
site_06722,2,0,8.886417524258013e-09,0
site_03949,2,0,7.09285254435171e-09,0
site_15006,2,0,6.12478492440807e-09,0
site_05964,2,1,0.9999999847865928,1
site_13008,2,0,2.0377606632970163e-07,0
site_14077,2,0,7.09285254435171e-09,0
site_09237,2,0,1.3166275678691947e-08,0
site_02426,2,0,3.592617075503763e-08,0
site_01186,2,0,7.09285254435171e-09,0
site_15399,2,0,1.1003598220771718e-08,0
site_09040,2,0,7.09285254435171e-09,0
site_14714,2,0,7.09285254435171e-09,0
site_15887,2,0,8.886417524258013e-09,0
site_01112,2,0,7.726695033462916e-09,0
site_21033,2,0,1.3426685753951859e-06,0
site_11353,2,0,1.1003598220771718e-08,0
site_00594,2,1,0.9999992954337206,1
site_05897,2,1,0.9999999977825487,1
site_03567,2,0,8.07585881325777e-09,0
site_06595,2,0,1.1003598220771718e-08,0
site_14661,2,0,7.09285254435171e-09,0
site_10277,2,0,8.88641278695844e-09,0
site_14517,2,0,7.09285254435171e-09,0
site_02060,2,0,8.07585450806252e-09,0
site_12330,2,0,8.07585881325777e-09,0
site_02277,2,0,2.4901387001798435e-07,0
site_18120,2,0,2.841978891436133e-08,0
site_05209,2,0,3.7366927972235975e-09,0
site_15529,2,0,8.886417524258013e-09,0
site_20287,2,0,3.206918630152984e-07,0
site_06848,2,0,7.09285254435171e-09,0
site_08218,2,0,7.09285254435171e-09,0
site_04393,2,0,1.1003598220771718e-08,0
site_05937,2,0,3.7366927972235975e-09,0
site_13626,2,0,3.999247907756427e-09,0
site_01574,2,0,1.1918575555538952e-08,0
site_12206,2,0,8.886417524258013e-09,0
site_15714,2,0,1.1003598220771718e-08,0
site_00383,2,1,0.9999999850588497,1
site_05885,2,1,0.9999992954337206,1
site_05593,2,0,1.7229626505672122e-07,0
site_10325,2,0,6.286706388703876e-08,0
site_20102,2,0,3.736691954363237e-09,0
site_03187,2,0,2.841978891436133e-08,0
site_00856,2,0,1.342667859627019e-06,0
site_11775,2,0,7.09285254435171e-09,0
site_16058,2,0,1.1003598220771718e-08,0
site_17040,2,0,7.09285254435171e-09,0
site_17006,2,0,7.726695033462916e-09,0
site_20212,2,1,0.9999990509083351,1
site_21046,2,0,2.841978891436133e-08,0
site_00097,2,0,1.948603099863585e-09,0
site_08720,2,0,1.1003598220771718e-08,0
site_17488,2,0,2.1460116233026897e-09,0
site_06733,2,0,7.09285254435171e-09,0
site_09892,2,0,2.841978891436133e-08,0
site_06616,2,0,7.09285254435171e-09,0
site_18994,2,0,3.999247005673298e-09,0
site_06745,2,0,1.342667859627019e-06,0
site_03617,2,0,1.1003598220771718e-08,0
site_07555,2,0,7.09285254435171e-09,0
site_05631,2,0,1.078860613476111e-08,0
site_12537,2,0,1.078860613476111e-08,0
site_20269,2,1,0.9999999993382014,1
site_15638,2,0,7.09285254435171e-09,0
site_12292,2,0,1.3090189079287008e-08,0
site_18634,2,0,1.1003598220771718e-08,0
site_18795,2,0,7.09285254435171e-09,0
site_21233,2,1,0.9999999947784723,1
site_15116,2,0,7.09285254435171e-09,0
site_02245,2,0,2.841978891436133e-08,0
site_05163,2,0,1.1003598220771718e-08,0
site_18538,2,0,8.88641278695844e-09,0
site_00096,2,0,3.0233736206923473e-07,0
site_13926,2,0,1.1003598220771718e-08,0
site_13505,2,0,7.09285254435171e-09,0
site_18903,2,0,7.09285254435171e-09,0
site_12931,2,0,1.5566565044322107e-08,0
site_10649,2,0,1.1003598220771718e-08,0
site_13701,2,0,1.930727384628508e-07,0
site_05546,2,0,1.1003598220771718e-08,0
site_10040,2,0,1.1003598220771718e-08,0
site_06567,2,0,1.1003598220771718e-08,0
site_04138,2,0,1.2522397870117457e-08,0
site_10733,2,1,0.9999999938189419,1
site_19097,2,0,1.3090179148317071e-08,0
site_20307,2,0,1.1003598220771718e-08,0
site_02166,2,1,0.9999998295703372,1
site_00687,2,0,7.09285254435171e-09,0
site_02066,2,0,8.094377474457324e-09,0
site_20280,2,1,0.9999998202147228,1
site_04646,2,0,1.1003598220771718e-08,0
site_04408,2,0,8.886417524258013e-09,0
site_17816,2,0,1.078860613476111e-08,0
site_10529,2,0,7.09285254435171e-09,0
site_11923,2,0,7.09285254435171e-09,0
site_16613,2,1,0.9999999865253315,1
site_01277,2,1,0.00015322025042100685,0
site_13638,2,0,1.1003598220771718e-08,0
site_18027,2,0,1.1003598220771718e-08,0
site_10924,2,0,2.841978891436133e-08,0
site_19301,2,0,1.1003598220771718e-08,0
site_08374,2,0,1.1003598220771718e-08,0
site_09134,2,0,1.3090189079287008e-08,0
site_02196,2,0,7.726695033462916e-09,0
site_19319,2,1,0.9999999652098334,1
site_17895,2,0,1.1003598220771718e-08,0
site_08794,2,0,7.09285254435171e-09,0
site_05038,2,0,7.09285254435171e-09,0
site_12761,2,1,0.9999998398268816,1
site_00524,2,0,6.0993173628820145e-09,0
site_05669,2,0,1.3426688782514602e-06,0
site_06913,2,0,1.1003598220771718e-08,0
site_14704,2,0,1.3090186126622184e-08,0
site_10835,2,0,9.840947427939137e-10,0
site_19298,2,0,2.0931109582202054e-08,0
site_06898,2,0,7.09285254435171e-09,0
site_15431,2,0,1.1003598220771718e-08,0
site_07678,2,0,7.09285254435171e-09,0
site_05291,2,0,1.3090189079287008e-08,0
site_13261,2,0,1.1003598220771718e-08,0
site_16224,2,0,1.3090189079287008e-08,0
site_01273,2,0,8.88641278695844e-09,0
site_11813,2,0,1.1003598220771718e-08,0
site_01561,2,0,7.726695033462916e-09,0
site_17341,2,0,2.841978891436133e-08,0
site_12986,2,1,0.9999999376897576,1
site_10636,2,0,7.09285254435171e-09,0
site_02048,2,1,0.9999999126709199,1
site_00376,2,0,1.948603099863585e-09,0
site_18735,2,0,2.841978891436133e-08,0
site_14218,2,0,7.09285254435171e-09,0
site_04174,2,0,1.1918575555538952e-08,0
site_20241,2,0,2.841978891436133e-08,0
site_19266,2,0,1.1003598220771718e-08,0
site_13699,2,0,5.404773556204763e-08,0
site_09188,2,0,7.09285254435171e-09,0
site_17286,2,0,2.841978891436133e-08,0
site_10971,2,0,3.5683896921984745e-06,0
site_15268,2,0,1.1003598220771718e-08,0
site_17583,2,0,7.9294655158213e-10,0
site_12577,2,0,8.886417524258013e-09,0
site_10719,2,1,0.999999994612631,1
site_16518,2,0,1.1003598220771718e-08,0
site_21366,2,0,1.078860613476111e-08,0
site_15897,2,0,1.1003598220771718e-08,0
site_06398,2,0,6.12478492440807e-09,0
site_20087,2,0,1.1003598220771718e-08,0
site_16109,2,0,1.1003598220771718e-08,0
site_12616,2,0,7.09285254435171e-09,0
site_09717,2,0,1.3090189079287008e-08,0
site_06818,2,0,7.726699152523102e-09,0
site_06004,2,0,8.07585881325777e-09,0
site_08007,2,0,7.09285254435171e-09,0
site_00222,2,0,1.295219927672253e-05,0
site_19997,2,1,0.9999997995215473,1
site_10253,2,1,0.9999999974016622,1
site_16946,2,0,1.1003598220771718e-08,0
site_09336,2,0,2.304216266035247e-07,0
site_13073,2,0,7.09285254435171e-09,0
site_00357,2,0,1.1003598220771718e-08,0
site_14594,2,0,1.1003598220771718e-08,0
site_10907,2,0,2.841978891436133e-08,0
site_11471,2,0,7.09285254435171e-09,0
site_13842,2,0,3.730413862173486e-09,0
site_13561,2,0,7.09285254435171e-09,0
site_12275,2,0,7.09285254435171e-09,0
site_00189,2,1,0.9999999854411314,1
site_00447,2,0,1.1003598220771718e-08,0
site_16634,2,0,1.3090189079287008e-08,0
site_09707,2,0,7.09285254435171e-09,0
site_02080,2,0,2.0931109582202054e-08,0
site_06374,2,0,1.4707736772523279e-05,0
site_14863,2,0,3.7366927972235975e-09,0
site_16191,2,1,0.9999999862594544,1
site_16383,2,1,0.9999999120125596,1
site_19996,2,1,0.9999999855950941,1
site_02674,2,0,8.07585881325777e-09,0
site_16666,2,1,0.9999999092707885,1
site_08360,2,0,8.886417524258013e-09,0
site_06853,2,0,1.1003598220771718e-08,0
site_15237,2,0,6.771587120824883e-09,0
site_16447,2,0,7.09285254435171e-09,0
site_01467,2,1,0.9999999661676011,1
site_02400,2,0,5.001280743501678e-06,0
site_12664,2,0,1.1003598220771718e-08,0
site_14700,2,0,1.3090189079287008e-08,0
site_03432,2,0,3.736691954363237e-09,0
site_15276,2,0,1.1003598220771718e-08,0
site_20376,2,0,1.1003598220771718e-08,0
site_11765,2,0,7.09285254435171e-09,0
site_16883,2,0,1.2522407370335557e-08,0
site_19085,2,0,7.726699152523102e-09,0
site_10130,2,0,7.09285254435171e-09,0
site_17772,2,0,2.0400423715919253e-06,0
site_19459,2,0,1.1397779699500494e-06,0
site_00970,2,0,1.3090179148317071e-08,0
site_20903,2,1,0.9999999970072972,1
site_07655,2,0,7.09285254435171e-09,0
site_04831,2,0,7.09285254435171e-09,0
site_01447,2,0,1.1003598220771718e-08,0
site_14512,2,0,7.09285254435171e-09,0
site_17455,2,0,8.07585881325777e-09,0
site_11588,2,0,7.09285254435171e-09,0
site_00479,2,0,7.09285254435171e-09,0
site_11869,2,0,2.128798670569931e-08,0
site_00948,2,0,2.841978891436133e-08,0
site_08581,2,0,1.1003598220771718e-08,0
site_19707,2,0,7.09285254435171e-09,0
site_21074,2,0,4.772110202521871e-09,0
site_16697,2,0,1.1003598220771718e-08,0
site_18620,2,0,1.1003598220771718e-08,0
site_15124,2,0,1.078860613476111e-08,0
site_10827,2,0,2.841978891436133e-08,0
site_21201,2,0,1.087732586246376e-06,0
site_11128,2,1,0.9999999997076672,1
site_08582,2,0,1.1003598220771718e-08,0
site_02355,2,0,2.128798670569931e-08,0
site_01380,2,0,1.078860613476111e-08,0
site_13624,2,0,3.7366927972235975e-09,0
site_20800,2,0,1.525430539005934e-08,0
site_17713,2,0,1.3426685753951859e-06,0
site_16746,2,0,1.1003598220771718e-08,0
site_18163,2,0,1.1003598220771718e-08,0
site_15885,2,0,1.3426685753951859e-06,0
site_13309,2,0,7.09285254435171e-09,0
site_02529,2,0,1.139631587849416e-09,0
site_12449,2,0,2.841978891436133e-08,0
site_12348,2,0,2.063553848882011e-07,0
site_04823,2,0,1.1003598220771718e-08,0
site_08106,2,0,2.841978891436133e-08,0
site_00950,2,0,7.726695033462916e-09,0
site_12797,2,0,1.1003598220771718e-08,0
site_13666,2,0,1.342667859627019e-06,0
site_20405,2,1,0.9999999931374346,1
site_02866,2,0,1.342667859627019e-06,0
site_13587,2,0,5.404773556204763e-08,0
site_04986,2,0,1.1003598220771718e-08,0
site_14819,2,0,1.1003598220771718e-08,0
site_06243,2,0,1.1003598220771718e-08,0
site_00928,2,0,0.000642972487033882,0
site_20407,2,1,0.9999999990913484,1
site_21515,2,0,8.07585450806252e-09,0
site_13975,2,0,5.3039649711154145e-05,0
site_18413,2,0,7.09285254435171e-09,0
site_17803,2,0,5.3039649711154145e-05,0
site_10230,2,1,0.9999999639163557,1
site_07235,2,0,7.09285254435171e-09,0
site_07659,2,0,7.09285254435171e-09,0
site_08075,2,0,3.7366927972235975e-09,0
site_04387,2,0,3.736691954363237e-09,0
site_08544,2,0,2.063553848882011e-07,0
site_21470,2,0,3.736689962353608e-09,0
site_01354,2,0,3.3744581571992012e-09,0
site_04760,2,0,7.09285254435171e-09,0
site_14417,2,0,7.09285254435171e-09,0
site_14563,2,0,1.1003598220771718e-08,0
site_02826,2,0,8.88641278695844e-09,0
site_12210,2,0,8.886417524258013e-09,0
site_04126,2,0,7.09285254435171e-09,0
site_03583,2,0,1.1918575555538952e-08,0
site_03832,2,0,1.3090189079287008e-08,0
site_03085,2,0,8.88641278695844e-09,0
site_10415,2,0,1.1003598220771718e-08,0
site_19845,2,0,8.07585450806252e-09,0
site_19162,2,0,3.736691954363237e-09,0
site_02198,2,0,1.3090179148317071e-08,0
site_16711,2,0,3.736689962353608e-09,0
site_06450,2,0,7.09285254435171e-09,0
site_12601,2,0,7.09285254435171e-09,0
site_09009,2,0,7.09285254435171e-09,0
site_04743,2,0,2.841978891436133e-08,0
site_15948,2,0,2.841978891436133e-08,0
site_02018,2,0,1.078860613476111e-08,0
site_11097,2,0,1.1003598220771718e-08,0
site_20016,2,0,1.1003598220771718e-08,0
site_05009,2,0,1.1003598220771718e-08,0
site_19496,2,0,7.09285254435171e-09,0
site_06775,2,0,7.09285254435171e-09,0
site_08594,2,0,1.1003598220771718e-08,0
site_10231,2,1,0.04705537626114871,0
site_20702,2,0,7.726699152523102e-09,0
site_20406,2,1,0.9999999838876654,1
site_09114,2,0,1.1003598220771718e-08,0
site_14906,2,0,7.09285254435171e-09,0
site_07617,2,0,7.09285254435171e-09,0
site_14715,2,0,1.1003598220771718e-08,0
site_15425,2,0,1.1003598220771718e-08,0
site_14477,2,0,3.730411032067057e-09,0
site_03090,2,0,7.726695033462916e-09,0
site_18502,2,0,1.1003598220771718e-08,0
site_12113,2,0,1.041147121451527e-07,0
site_17114,2,0,1.3090179148317071e-08,0
site_01300,2,0,3.736689962353608e-09,0
site_07504,2,0,7.09285254435171e-09,0
site_08869,2,0,3.8064094704967e-10,0
site_01227,2,0,8.09228653323446e-08,0
site_07842,2,0,7.09285254435171e-09,0
site_12320,2,0,8.07585881325777e-09,0
site_01522,2,0,1.684372743879801e-07,0
site_12558,2,0,6.7720824297347136e-09,0
site_00166,2,0,3.736689962353608e-09,0
site_14833,2,0,1.871170129906357e-08,0
site_17319,2,0,1.1003598220771718e-08,0
site_07856,2,0,1.078860613476111e-08,0
site_05238,2,0,1.871170129906357e-08,0
site_05128,2,0,1.1003598220771718e-08,0
site_05545,2,0,7.09285254435171e-09,0
site_18931,2,0,7.09285254435171e-09,0
site_08652,2,0,7.09285254435171e-09,0
site_14901,2,0,1.1003598220771718e-08,0
site_00931,2,0,1.7135020493163196e-08,0
site_17454,2,0,1.3426685753951859e-06,0
site_05721,2,0,7.09285254435171e-09,0
site_08670,2,0,3.730413862173486e-09,0
site_05806,2,0,2.73195564639267e-05,0
site_18078,2,0,1.1038414854045729e-09,0
site_14238,2,0,7.09285254435171e-09,0
site_09974,2,0,5.409200606669774e-08,0
site_20606,2,1,0.9999999981517464,1
site_06605,2,0,7.09285254435171e-09,0
site_11014,2,0,0.00018670412365627982,0
site_15518,2,0,1.3090189079287008e-08,0
site_13112,2,1,0.9999997153683895,1
site_20105,2,0,2.841978891436133e-08,0
site_17766,2,0,1.3426688782514602e-06,0
site_15998,2,0,7.09285254435171e-09,0
site_16106,2,0,1.871170129906357e-08,0
site_10818,2,0,1.1003598220771718e-08,0
site_18397,2,0,7.09285254435171e-09,0
site_17998,2,0,3.736691954363237e-09,0
site_19296,2,0,8.07585881325777e-09,0
site_03697,2,0,1.3090189079287008e-08,0
site_13662,2,0,7.09285254435171e-09,0
site_18482,2,0,1.1003598220771718e-08,0
site_07872,2,0,3.7366927972235975e-09,0
site_13526,2,0,3.736691954363237e-09,0
site_10374,2,1,0.9999947876628045,1
site_04619,2,0,1.2522404545741387e-08,0
site_18450,2,0,1.1003598220771718e-08,0
site_17137,2,0,2.0931109582202054e-08,0
site_19353,2,0,2.841978891436133e-08,0
site_01172,2,1,0.999999735034891,1
site_12277,2,0,7.09285254435171e-09,0
site_07839,2,0,7.09285254435171e-09,0
site_08604,2,0,1.1003598220771718e-08,0
site_12356,2,0,3.999244873697035e-09,0
site_00965,2,0,2.1227016822658866e-06,0
site_01932,2,0,7.09285254435171e-09,0
site_07860,2,0,1.1003598220771718e-08,0
site_09429,2,0,1.1003598220771718e-08,0
site_18381,2,0,7.09285254435171e-09,0
site_17511,2,0,3.736689962353608e-09,0
site_20667,2,0,2.841978891436133e-08,0
site_03996,2,0,1.1003598220771718e-08,0
site_05159,2,0,7.09285254435171e-09,0
site_17660,2,0,8.88641278695844e-09,0
site_20156,2,0,1.1003598220771718e-08,0
site_17060,2,0,1.1003598220771718e-08,0
site_01617,2,0,4.1318454785908997e-10,0
site_08157,2,0,7.09285254435171e-09,0
site_15746,2,0,2.841978891436133e-08,0
site_10106,2,0,6.62907769621898e-06,0
site_17173,2,0,4.667705946373865e-09,0
site_13285,2,0,7.09285254435171e-09,0
site_12532,2,0,7.09285254435171e-09,0
site_17820,2,0,1.139631587849416e-09,0
site_16915,2,0,5.7018332334098377e-08,0
site_13667,2,0,7.09285254435171e-09,0
site_05906,2,0,2.841978891436133e-08,0
site_16006,2,0,1.1003598220771718e-08,0
site_12195,2,0,1.1003598220771718e-08,0
site_06351,2,0,2.310138932567462e-06,0
site_07931,2,0,1.3090189079287008e-08,0
site_04014,2,0,2.841978891436133e-08,0
site_16448,2,0,7.09285254435171e-09,0
site_14482,2,0,7.09285254435171e-09,0
site_16601,2,1,0.9999994603444761,1
site_09146,2,0,3.999247907756427e-09,0
site_15549,2,0,1.2522397870117457e-08,0
site_05401,2,0,3.426629949824612e-08,0
site_15266,2,0,1.871170129906357e-08,0
site_03701,2,0,7.726699152523102e-09,0
site_14626,2,0,3.736691954363237e-09,0
site_09491,2,0,5.891380291774314e-10,0
site_08706,2,0,1.1003598220771718e-08,0
site_13507,2,0,8.886417524258013e-09,0
site_14264,2,0,1.1918575555538952e-08,0
site_02947,2,1,0.9999999980967158,1
site_17287,2,0,2.841978891436133e-08,0
site_21051,2,0,1.342667859627019e-06,0
site_02425,2,0,2.678161947440041e-05,0
site_14331,2,0,1.1003598220771718e-08,0
site_11826,2,0,1.1003598220771718e-08,0
site_15921,2,0,7.09285254435171e-09,0
site_06521,2,0,2.841978891436133e-08,0
site_00681,2,0,1.078860613476111e-08,0
site_05983,2,0,1.1003598220771718e-08,0
site_00302,2,1,0.999999948794281,1
site_01899,2,0,3.999244873697035e-09,0
site_01550,2,0,9.332916665356057e-05,0
site_00129,2,1,0.9999999931374346,1
site_18964,2,0,1.1003598220771718e-08,0
site_10576,2,0,1.1003598220771718e-08,0
site_00534,2,0,2.841978891436133e-08,0
site_06231,2,0,3.736689962353608e-09,0
site_02235,2,1,0.9999947876628045,1
site_15648,2,0,1.1003598220771718e-08,0
site_20531,2,0,1.1003598220771718e-08,0
site_05628,2,0,1.078860613476111e-08,0
site_14369,2,0,1.1003598220771718e-08,0
site_00543,2,0,1.1918575555538952e-08,0
site_20528,2,0,1.1003598220771718e-08,0
site_05482,2,0,7.726699152523102e-09,0
site_16764,2,0,1.1003598220771718e-08,0
site_19684,2,0,2.841978891436133e-08,0
site_18305,2,0,1.3090186126622184e-08,0
site_18697,2,0,7.9294655158213e-10,0
site_18800,2,0,1.1003598220771718e-08,0
site_07952,2,0,7.09285254435171e-09,0
site_16210,2,0,8.886417524258013e-09,0
site_14657,2,0,1.1003598220771718e-08,0
site_04425,2,0,1.1003598220771718e-08,0
site_13923,2,0,1.1003598220771718e-08,0
site_01752,2,0,1.1003598220771718e-08,0
site_03519,2,0,1.1003598220771718e-08,0
site_14908,2,0,8.886417524258013e-09,0
site_07008,2,0,1.1003598220771718e-08,0
site_16144,2,0,1.1003598220771718e-08,0
site_06526,2,0,1.1003598220771718e-08,0
site_10242,2,1,0.9999998832647582,1
site_04142,2,0,1.1918575555538952e-08,0
site_08380,2,0,7.09285254435171e-09,0
site_07060,2,0,7.09285254435171e-09,0
site_08020,2,0,2.841978891436133e-08,0
site_15647,2,0,3.7366927972235975e-09,0
site_09198,2,0,7.09285254435171e-09,0
site_20834,2,0,1.1003598220771718e-08,0
site_14630,2,0,1.1003598220771718e-08,0
site_04854,2,0,7.09285254435171e-09,0
site_01165,2,1,0.9999999977478415,1
site_13813,2,0,7.09285254435171e-09,0
site_12722,2,0,1.1003598220771718e-08,0
site_09914,2,0,1.1003598220771718e-08,0
site_00235,2,1,0.9999997169553909,1
site_12958,2,0,1.1003598220771718e-08,0
site_15286,2,0,2.0931109582202054e-08,0
site_04189,2,0,7.09285254435171e-09,0
site_03707,2,0,2.841978891436133e-08,0
site_14867,2,0,8.07585881325777e-09,0
site_14376,2,0,1.1003598220771718e-08,0
site_02430,2,0,1.2522397870117457e-08,0
site_00414,2,0,1.948603099863585e-09,0
site_11975,2,0,1.342667859627019e-06,0
site_08253,2,0,8.094377474457324e-09,0
site_07565,2,0,7.09285254435171e-09,0
site_20738,2,1,0.9999999629088554,1
site_16418,2,0,2.841978891436133e-08,0
site_04978,2,0,3.7366927972235975e-09,0
site_12480,2,0,1.1003598220771718e-08,0
site_09640,2,0,2.841978891436133e-08,0
site_05311,2,0,1.1003598220771718e-08,0
site_12854,2,0,1.139631587849416e-09,0
site_04586,2,0,2.841978891436133e-08,0
site_04168,2,0,1.1003598220771718e-08,0
site_14162,2,0,7.726699152523102e-09,0
site_19734,2,1,0.9999999390696189,1
site_05496,2,0,2.1643592848206727e-08,0
site_19416,2,0,1.1003598220771718e-08,0
site_11846,2,1,0.9999999973325264,1
site_01563,2,0,1.1003598220771718e-08,0
site_05076,2,0,7.09285254435171e-09,0
site_04375,2,0,1.3090179148317071e-08,0
site_18700,2,0,1.2522404545741387e-08,0
site_02991,2,1,0.9999999931374346,1
site_13015,2,0,3.7366927972235975e-09,0
site_03498,2,0,2.841978891436133e-08,0
site_20217,2,0,2.427303119616511e-06,0
site_11513,2,0,1.3426688782514602e-06,0
site_01242,2,1,0.9999999895180013,1
site_00250,2,0,1.948603099863585e-09,0
site_14071,2,0,2.841978891436133e-08,0
site_09809,2,0,1.0755019678501588e-08,0
site_20022,2,0,7.09285254435171e-09,0
site_07181,2,0,1.1003598220771718e-08,0
site_09765,2,0,8.094377474457324e-09,0
site_21258,2,1,0.9999997497546043,1
site_04442,2,0,7.09285254435171e-09,0
site_05627,2,0,1.3090189079287008e-08,0
site_03499,2,0,1.3090186126622184e-08,0
site_18930,2,0,7.09285254435171e-09,0
site_13573,2,0,1.1003598220771718e-08,0
site_01008,2,0,1.3090179148317071e-08,0
site_13202,2,0,2.063553848882011e-07,0
site_06160,2,0,8.094377474457324e-09,0
site_12942,2,0,1.1003598220771718e-08,0
site_05884,2,0,7.708635397056454e-05,0
site_00444,2,0,7.09285254435171e-09,0
site_14468,2,0,7.09285254435171e-09,0
site_10118,2,1,0.9999999947576463,1
site_19666,2,1,0.9999999565853642,1
site_01195,2,0,2.841978891436133e-08,0
site_08460,2,0,8.094377474457324e-09,0
site_00304,2,1,0.9999998720584843,1
site_09958,2,0,1.1003598220771718e-08,0
site_03493,2,0,1.3426688782514602e-06,0
site_10713,2,0,1.4719618809895289e-05,0
site_08857,2,0,1.1003598220771718e-08,0
site_15304,2,0,2.063553848882011e-07,0
site_07869,2,0,3.999247907756427e-09,0
site_20158,2,0,6.7720824297347136e-09,0
site_00055,2,1,0.9999996647133443,1
site_19464,2,1,0.9999998559769318,1
site_20446,2,0,7.09285254435171e-09,0
site_07578,2,0,7.09285254435171e-09,0
site_18267,2,0,1.1003598220771718e-08,0
site_10400,2,0,7.09285254435171e-09,0
site_20905,2,0,1.583827753282616e-05,0
site_09088,2,0,7.09285254435171e-09,0
site_02646,2,0,1.3090179148317071e-08,0
site_15802,2,0,1.3090189079287008e-08,0
site_05933,2,0,1.0755019678501588e-08,0
site_19228,2,0,8.886417524258013e-09,0
site_17190,2,0,7.726699152523102e-09,0
site_14799,2,0,7.09285254435171e-09,0
site_10361,2,1,0.9999999888657597,1
site_12307,2,0,7.09285254435171e-09,0
site_06983,2,0,7.09285254435171e-09,0
site_17210,2,0,7.09285254435171e-09,0
site_05422,2,0,1.1918575555538952e-08,0
site_06426,2,0,1.8765168104149583e-10,0
site_10689,2,0,7.09285254435171e-09,0
site_03452,2,0,8.88641278695844e-09,0
site_06623,2,0,1.1003598220771718e-08,0
site_08767,2,0,2.841978891436133e-08,0
site_13928,2,0,7.09285254435171e-09,0
site_10671,2,0,1.1003598220771718e-08,0
site_01334,2,0,7.09285254435171e-09,0
site_13037,2,0,6.771587120824883e-09,0
site_10670,2,0,1.1003598220771718e-08,0
site_10916,2,0,1.078860613476111e-08,0
site_06365,2,0,1.1003598220771718e-08,0
site_02261,2,0,7.09285254435171e-09,0
site_11916,2,0,1.1003598220771718e-08,0
site_16545,2,1,0.9999998336110961,1
site_14785,2,0,7.09285254435171e-09,0
site_21072,2,0,1.3994883919508646e-08,0
site_16083,2,0,7.09285254435171e-09,0
site_09507,2,1,0.9999999971600404,1
site_07049,2,0,7.09285254435171e-09,0
site_07342,2,0,1.1003598220771718e-08,0
site_10674,2,0,1.1003598220771718e-08,0
site_16779,2,0,8.88641278695844e-09,0
site_19770,2,0,3.426629949824612e-08,0
site_19468,2,0,6.12478492440807e-09,0
site_13324,2,0,4.99821639792131e-09,0
site_13182,2,0,1.2522404545741387e-08,0
site_20539,2,0,7.09285254435171e-09,0
site_04856,2,0,1.1003598220771718e-08,0
site_15845,2,0,1.1003598220771718e-08,0
site_08614,2,0,1.1003598220771718e-08,0
site_14414,2,0,7.09285254435171e-09,0
site_09305,2,0,6.771587120824883e-09,0
site_13027,2,0,2.310138932567462e-06,0
site_01113,2,0,3.736689962353608e-09,0
site_16990,2,0,1.1003598220771718e-08,0
site_14154,2,0,7.09285254435171e-09,0
site_12256,2,1,0.9999999929683079,1
site_14128,2,0,7.09285254435171e-09,0
site_04298,2,0,3.736689962353608e-09,0
site_11150,2,0,8.094377474457324e-09,0
site_07836,2,0,7.09285254435171e-09,0
site_03989,2,0,3.999247005673298e-09,0
site_16641,2,0,7.726699152523102e-09,0
site_00218,2,0,2.6574787920581745e-07,0
site_18121,2,0,7.09285254435171e-09,0
site_14550,2,0,7.09285254435171e-09,0
site_12702,2,0,1.1918575555538952e-08,0
site_09534,2,0,1.1003598220771718e-08,0
site_13989,2,0,1.1003598220771718e-08,0
site_09661,2,0,7.726699152523102e-09,0
site_20948,2,1,0.9999999987138444,1
site_14175,2,0,1.1003598220771718e-08,0
site_08910,2,0,1.0755019678501588e-08,0
site_19799,2,1,0.9999999980967158,1
site_00917,2,0,7.09285254435171e-09,0
site_02320,2,0,8.07585881325777e-09,0
site_10131,2,0,1.1003598220771718e-08,0
site_16365,2,0,2.841978891436133e-08,0
site_01802,2,0,2.841978891436133e-08,0
site_07810,2,0,1.1003598220771718e-08,0
site_19749,2,0,2.841978891436133e-08,0
site_02079,2,0,8.88641278695844e-09,0
site_16446,2,0,7.09285254435171e-09,0
site_10338,2,0,1.1003598220771718e-08,0
site_04417,2,0,8.886417524258013e-09,0
site_15194,2,0,2.841978891436133e-08,0
site_12117,2,0,6.957518680077915e-08,0
site_20942,2,0,1.342667859627019e-06,0
site_18859,2,0,7.09285254435171e-09,0
site_06698,2,0,7.09285254435171e-09,0
site_13696,2,0,1.3090179148317071e-08,0
site_04495,2,0,1.1003598220771718e-08,0
site_10008,2,0,1.119589166529774e-08,0
site_08955,2,0,1.1003598220771718e-08,0
site_14208,2,0,1.342667859627019e-06,0
site_07840,2,0,7.09285254435171e-09,0
site_08771,2,0,7.09285254435171e-09,0
site_18146,2,0,3.7366927972235975e-09,0
site_11615,2,0,7.09285254435171e-09,0
site_12778,2,0,2.841978891436133e-08,0
site_17057,2,0,1.4707736772523279e-05,0
site_11247,2,1,0.9999999854411314,1
site_16021,2,0,8.886417524258013e-09,0
site_16179,2,0,1.0080455480979155e-06,0
site_06583,2,0,1.3090186126622184e-08,0
site_14460,2,0,1.1003598220771718e-08,0
site_19575,2,0,7.09285254435171e-09,0
site_17466,2,0,5.3039649711154145e-05,0
site_09131,2,0,1.871170129906357e-08,0
site_10687,2,0,7.09285254435171e-09,0
site_08104,2,0,8.886417524258013e-09,0
site_05519,2,0,1.871170129906357e-08,0
site_18912,2,0,6.294345244380403e-06,0
site_15888,2,0,7.09285254435171e-09,0
site_04740,2,0,2.841978891436133e-08,0
site_07242,2,0,7.09285254435171e-09,0
site_16905,2,1,0.9999997093532146,1
site_02657,2,1,0.9999999931374346,1
site_16002,2,0,7.09285254435171e-09,0
site_15459,2,0,2.841978891436133e-08,0
site_20123,2,0,1.1003598220771718e-08,0
site_06055,2,0,3.736689962353608e-09,0
site_08268,2,0,7.09285254435171e-09,0
site_11781,2,0,1.1003598220771718e-08,0
site_15847,2,0,7.09285254435171e-09,0
site_09254,2,0,7.09285254435171e-09,0
site_00616,2,0,1.3090179148317071e-08,0
site_15150,2,0,1.1003598220771718e-08,0
site_06759,2,0,7.09285254435171e-09,0
site_06077,2,0,1.4707747930502386e-05,0
site_18229,2,0,1.1003598220771718e-08,0
site_01999,2,0,1.1003598220771718e-08,0
site_01646,2,0,1.078860613476111e-08,0
site_16487,2,1,0.9999998687551029,1
site_05446,2,0,1.1003598220771718e-08,0
site_12589,2,0,8.886417524258013e-09,0
site_12203,2,0,7.09285254435171e-09,0
site_02176,2,1,0.9445267345647109,1
site_12791,2,0,7.09285254435171e-09,0
site_17453,2,0,3.7366927972235975e-09,0
site_10896,2,0,1.1003598220771718e-08,0
site_20927,2,0,3.736691954363237e-09,0
site_15293,2,0,1.1003598220771718e-08,0
site_04800,2,0,3.7366927972235975e-09,0
site_13715,2,0,7.09285254435171e-09,0
site_02137,2,0,1.3090179148317071e-08,0
site_12010,2,0,2.128798670569931e-08,0
site_18069,2,0,7.09285254435171e-09,0
site_04880,2,0,1.1003598220771718e-08,0
site_20688,2,0,9.858269108201012e-08,0
site_01806,2,0,7.87295840297598e-06,0
site_10037,2,0,7.872964375812395e-06,0
site_07826,2,0,7.09285254435171e-09,0
site_11024,2,0,1.1003598220771718e-08,0
site_16848,2,1,0.9999965726429236,1
site_20996,2,0,3.736689962353608e-09,0
site_18787,2,0,7.09285254435171e-09,0
site_05918,2,0,6.12478492440807e-09,0
site_16927,2,0,1.3090189079287008e-08,0
site_13089,2,0,1.1323847193888538e-07,0
site_16908,2,1,0.9999999363889871,1
site_01094,2,1,0.9999999998359193,1
site_07010,2,0,1.1003598220771718e-08,0
site_07626,2,0,1.1003598220771718e-08,0
site_04079,2,0,2.841978891436133e-08,0
site_01265,2,0,8.07585450806252e-09,0
site_20071,2,0,2.594326822114006e-05,0
site_04103,2,0,7.09285254435171e-09,0
site_00348,2,1,0.9999999834295885,1
site_06561,2,0,7.09285254435171e-09,0
site_10358,2,0,1.1041027237308278e-06,0
site_06674,2,0,7.726695033462916e-09,0
site_08774,2,0,2.4719110330193856e-07,0
site_04343,2,0,1.1003598220771718e-08,0
site_05089,2,0,7.09285254435171e-09,0
site_14984,2,0,6.12478492440807e-09,0
site_20495,2,1,0.9999990509083351,1
site_02414,2,1,0.999999933057707,1
site_01132,2,0,2.5849802022656406e-09,0
site_00567,2,0,6.0993173628820145e-09,0
site_08367,2,0,1.1003598220771718e-08,0
site_04018,2,0,1.1003598220771718e-08,0
site_06437,2,0,7.09285254435171e-09,0
site_05344,2,0,7.09285254435171e-09,0
site_01569,2,0,1.1003598220771718e-08,0
site_03212,2,1,0.9999999850588146,1
site_11298,2,0,7.09285254435171e-09,0
site_13252,2,0,7.09285254435171e-09,0
site_07436,2,0,7.09285254435171e-09,0
site_02025,2,0,2.841978891436133e-08,0
site_00614,2,0,1.1003598220771718e-08,0
site_03274,2,1,0.9999999929572232,1
site_19184,2,1,0.9999997483457992,1
site_00542,2,0,1.948603099863585e-09,0
site_16237,2,0,2.73195564639267e-05,0
site_14632,2,0,2.841978891436133e-08,0
site_14461,2,0,1.1003598220771718e-08,0
site_16423,2,0,2.4719110330193856e-07,0
site_11696,2,0,2.035172137515099e-09,0
site_00717,2,0,1.1003598220771718e-08,0
site_11930,2,0,1.1003598220771718e-08,0
site_20108,2,0,8.07585450806252e-09,0
site_00431,2,1,0.999999998402521,1
site_15430,2,0,1.1003598220771718e-08,0
site_18753,2,0,7.09285254435171e-09,0
site_18217,2,0,1.1003598220771718e-08,0
site_16133,2,0,7.726699152523102e-09,0
site_18857,2,0,7.09285254435171e-09,0
site_05399,2,0,3.7366927972235975e-09,0
site_18628,2,0,2.841978891436133e-08,0
site_03780,2,0,7.09285254435171e-09,0
site_06513,2,0,3.999244873697035e-09,0
site_10267,2,0,7.09285254435171e-09,0
site_04577,2,0,7.09285254435171e-09,0
site_20695,2,0,1.1003598220771718e-08,0
site_18021,2,0,1.3090179148317071e-08,0
site_08608,2,0,7.09285254435171e-09,0
site_13559,2,0,1.1003598220771718e-08,0
site_02808,2,0,3.736689962353608e-09,0
site_07386,2,0,7.09285254435171e-09,0
site_19550,2,0,1.1003598220771718e-08,0
site_11193,2,0,7.09285254435171e-09,0
site_20656,2,0,8.07585450806252e-09,0
site_18041,2,0,1.1003598220771718e-08,0
site_02440,2,0,8.886417524258013e-09,0
site_10895,2,0,7.09285254435171e-09,0
site_09229,2,0,7.09285254435171e-09,0
site_04741,2,0,1.1003598220771718e-08,0
site_03374,2,0,1.5566556745873245e-08,0
site_02961,2,0,1.1003598220771718e-08,0
site_16838,2,0,3.736689962353608e-09,0
site_20943,2,0,8.88641278695844e-09,0
site_10657,2,0,7.09285254435171e-09,0
site_09127,2,0,1.1003598220771718e-08,0
site_03367,2,0,3.736691954363237e-09,0
site_11282,2,0,1.4719618809895289e-05,0
site_16762,2,0,3.7366927972235975e-09,0
site_16393,2,0,3.426629949824612e-08,0
site_16718,2,0,3.736689962353608e-09,0
site_11070,2,0,7.09285254435171e-09,0
site_02412,2,1,0.9999999793032377,1
site_15144,2,0,1.1003598220771718e-08,0
site_01006,2,0,1.1003598220771718e-08,0
site_16812,2,0,1.3090189079287008e-08,0
site_07542,2,0,2.4719110330193856e-07,0
site_19898,2,0,1.1003598220771718e-08,0
site_00656,2,0,1.1003598220771718e-08,0
site_15030,2,0,1.3090189079287008e-08,0
site_17407,2,0,7.09285254435171e-09,0
site_17481,2,0,2.49479593888166e-09,0
site_12114,2,0,1.074699396335928e-09,0
site_04063,2,0,1.3090179148317071e-08,0
site_05477,2,0,1.1003598220771718e-08,0
site_05355,2,0,7.09285254435171e-09,0
site_09546,2,0,7.09285254435171e-09,0
site_19775,2,0,7.09285254435171e-09,0
site_19554,2,0,6.12478492440807e-09,0
site_20595,2,0,1.1003598220771718e-08,0
site_03915,2,0,7.09285254435171e-09,0
site_15861,2,0,1.1003598220771718e-08,0
site_20629,2,0,5.2199364549491515e-08,0
site_19953,2,0,1.1003598220771718e-08,0
site_18389,2,0,1.1003598220771718e-08,0
site_02867,2,0,1.342667859627019e-06,0
site_08578,2,0,1.1003598220771718e-08,0
site_17623,2,0,7.080676134864926e-10,0
site_03958,2,0,1.1003598220771718e-08,0
site_06225,2,0,1.1003598220771718e-08,0
site_04589,2,0,1.5566565044322107e-08,0
site_15497,2,0,1.2522407370335557e-08,0
site_09206,2,0,7.09285254435171e-09,0
site_10081,2,0,1.1003598220771718e-08,0
site_01180,2,1,0.9999999604973366,1
site_03790,2,0,3.736689962353608e-09,0
site_08378,2,0,2.73195564639267e-05,0
site_07520,2,0,3.7366927972235975e-09,0
site_01190,2,0,1.078860613476111e-08,0
site_21295,2,0,1.1003598220771718e-08,0
site_12739,2,0,2.841978891436133e-08,0
site_19685,2,0,8.886417524258013e-09,0
site_15112,2,0,3.7366927972235975e-09,0
site_13753,2,0,3.736691954363237e-09,0
site_10463,2,0,1.1003598220771718e-08,0
site_00508,2,1,0.9999999931374346,1
site_15049,2,0,2.841978891436133e-08,0
site_13877,2,0,1.1003598220771718e-08,0
site_01260,2,0,6.12478492440807e-09,0
site_02761,2,0,2.310138932567462e-06,0
site_02027,2,0,1.1003598220771718e-08,0
site_06411,2,0,7.09285254435171e-09,0
site_03730,2,0,7.09285254435171e-09,0
site_20766,2,0,1.3426685753951859e-06,0
site_00002,2,0,2.5694812341375443e-08,0
site_11621,2,0,7.09285254435171e-09,0
site_15242,2,0,1.1003598220771718e-08,0
site_18542,2,0,1.1003598220771718e-08,0
site_19281,2,0,1.1003598220771718e-08,0
site_02978,2,0,1.3090179148317071e-08,0
site_15391,2,0,3.426629949824612e-08,0
site_19945,2,0,1.1003598220771718e-08,0
site_15993,2,0,1.1003598220771718e-08,0
site_20798,2,0,1.3981518842446466e-05,0
site_05995,2,0,7.726699152523102e-09,0
site_20625,2,0,9.858269108201012e-08,0
site_08905,2,0,1.3426688782514602e-06,0
site_09008,2,0,1.1003598220771718e-08,0
site_17054,2,0,8.07585450806252e-09,0
site_07506,2,0,7.09285254435171e-09,0
site_11374,2,0,9.840947427939137e-10,0
site_05077,2,0,1.1003598220771718e-08,0
site_20339,2,1,0.9999999950115142,1
site_15466,2,0,1.1003598220771718e-08,0
site_09803,2,0,7.09285254435171e-09,0
site_00640,2,0,1.1003598220771718e-08,0
site_03231,2,0,7.09285254435171e-09,0
site_07206,2,0,1.1003598220771718e-08,0
site_07848,2,0,8.094377474457324e-09,0
site_21265,2,0,1.3426688782514602e-06,0
site_10508,2,0,1.342667859627019e-06,0
site_12623,2,0,1.0303348871597838e-06,0
site_12099,2,0,7.726695033462916e-09,0
site_02874,2,0,1.342667859627019e-06,0
site_12746,2,0,1.0303348871597838e-06,0
site_12752,2,1,0.9999999892427435,1
site_20928,2,0,1.3090179148317071e-08,0
site_10523,2,0,7.09285254435171e-09,0
site_14237,2,0,7.09285254435171e-09,0
site_20286,2,0,2.427303119616511e-06,0
site_06837,2,0,1.1003598220771718e-08,0
site_18419,2,0,2.841978891436133e-08,0
site_16542,2,0,9.289749935583017e-05,0
site_11408,2,0,1.8495824351762457e-06,0
site_04649,2,0,7.09285254435171e-09,0
site_07514,2,0,7.09285254435171e-09,0
site_02181,2,1,0.9999999929572232,1
site_09598,2,0,7.09285254435171e-09,0
site_06175,2,0,7.09285254435171e-09,0
site_19909,2,0,1.1003598220771718e-08,0
site_09724,2,1,0.9999994994772557,1
site_19756,2,0,1.3090189079287008e-08,0
site_12528,2,0,2.063553848882011e-07,0
site_05851,2,0,2.797601398922273e-07,0
site_13751,2,0,1.1003598220771718e-08,0
site_03926,2,0,2.841978891436133e-08,0
site_11865,2,0,2.128798670569931e-08,0
site_18920,2,0,7.09285254435171e-09,0
site_07231,2,0,1.3426685753951859e-06,0
site_00123,2,1,0.9999999962510255,1
site_07066,2,0,1.1003598220771718e-08,0
site_16114,2,1,0.9999999653911645,1
site_18230,2,0,7.080676134864926e-10,0
site_19973,2,0,2.841978891436133e-08,0
site_16209,2,0,1.1003598220771718e-08,0
site_16798,2,0,2.1643592848206727e-08,0
site_11138,2,0,1.4574839407325268e-05,0
site_17696,2,0,8.07585881325777e-09,0
site_02560,2,0,1.078860613476111e-08,0
site_00419,2,0,2.841978891436133e-08,0
site_05021,2,0,1.3090189079287008e-08,0
site_12959,2,0,1.1003598220771718e-08,0
site_20627,2,1,0.9999998436319584,1
site_18108,2,0,1.078860613476111e-08,0
site_15609,2,0,8.886417524258013e-09,0
site_14275,2,0,2.841978891436133e-08,0
site_12940,2,0,1.871170129906357e-08,0
site_14366,2,0,1.1003598220771718e-08,0
site_02862,2,0,2.841978891436133e-08,0
site_05965,2,1,0.9999999979616983,1
site_01720,2,0,1.139631587849416e-09,0
site_11947,2,0,1.1918575555538952e-08,0
site_06032,2,0,1.1003598220771718e-08,0
site_00842,2,0,6.7720824297347136e-09,0
site_14129,2,0,1.1003598220771718e-08,0
site_03122,2,0,3.736691954363237e-09,0
site_03160,2,1,0.9999998917621769,1
site_05562,2,1,0.9999997497546043,1
site_19377,2,0,7.09285254435171e-09,0
site_09430,2,0,7.09285254435171e-09,0
site_02147,2,0,1.3090186126622184e-08,0
site_19598,2,1,0.9999999417170683,1
site_02303,2,1,0.9999999912666567,1
site_00538,2,0,1.948603099863585e-09,0
site_00519,2,0,2.0931109582202054e-08,0
site_07449,2,0,7.09285254435171e-09,0
site_14431,2,0,8.886417524258013e-09,0
site_05860,2,0,1.1003598220771718e-08,0
site_17692,2,0,1.1003598220771718e-08,0
site_08609,2,0,7.09285254435171e-09,0
site_09814,2,0,6.286706388703876e-08,0
site_04959,2,0,1.1003598220771718e-08,0
site_11286,2,1,0.9999999634472303,1
site_08427,2,0,7.09285254435171e-09,0
site_09887,2,0,1.871170129906357e-08,0
site_08888,2,0,2.4719110330193856e-07,0
site_05506,2,0,1.871170129906357e-08,0
site_10071,2,0,2.841978891436133e-08,0
site_01628,2,0,4.99821639792131e-09,0
site_10067,2,0,1.1003598220771718e-08,0
site_18024,2,0,1.1003598220771718e-08,0
site_10541,2,0,1.1003598220771718e-08,0
site_03203,2,0,1.1003598220771718e-08,0
site_05466,2,0,1.1003598220771718e-08,0
site_20842,2,0,7.09285254435171e-09,0
site_13522,2,0,7.726699152523102e-09,0
site_16801,2,1,0.9999999096840212,1
site_04544,2,0,8.886417524258013e-09,0
site_06221,2,0,1.8765168104149583e-10,0
site_05671,2,0,7.09285254435171e-09,0
site_09770,2,0,6.12478492440807e-09,0
site_16616,2,1,0.9999999544635937,1
site_01854,2,0,3.736689962353608e-09,0
site_00405,2,0,8.88641278695844e-09,0
site_19311,2,0,1.1003598220771718e-08,0
site_09371,2,0,1.1003598220771718e-08,0
site_09545,2,0,7.09285254435171e-09,0
site_17052,2,0,1.1003598220771718e-08,0
site_04847,2,0,7.09285254435171e-09,0
site_03144,2,0,1.1918575555538952e-08,0
site_05383,2,0,3.7366927972235975e-09,0
site_20089,2,0,1.1003598220771718e-08,0
site_08922,2,0,1.3090189079287008e-08,0
site_04374,2,0,1.3090179148317071e-08,0
site_17609,2,0,1.1003598220771718e-08,0
site_06440,2,0,8.094377474457324e-09,0
site_12245,2,1,0.9999997980678818,1
site_08941,2,0,7.09285254435171e-09,0
site_01494,2,1,0.999999997516394,1
site_02192,2,0,8.88641278695844e-09,0
site_00026,2,1,0.9999999360836552,1
site_02237,2,1,0.9999999849383114,1
site_18552,2,0,7.09285254435171e-09,0
site_18986,2,0,1.1003598220771718e-08,0
site_10052,2,0,3.426629949824612e-08,0
site_09058,2,0,6.12478492440807e-09,0
site_14339,2,0,1.1003598220771718e-08,0
site_20322,2,0,3.736689962353608e-09,0
site_16870,2,0,1.1003598220771718e-08,0
site_10648,2,0,7.09285254435171e-09,0
site_14604,2,0,1.1003598220771718e-08,0
site_14800,2,0,1.1003598220771718e-08,0
site_03149,2,0,7.09285254435171e-09,0
site_18856,2,0,3.736691954363237e-09,0
site_09038,2,0,1.1003598220771718e-08,0
site_17236,2,0,1.1003598220771718e-08,0
site_00088,2,0,2.4719110330193856e-07,0
site_08738,2,0,2.4719110330193856e-07,0
site_14005,2,0,1.1003598220771718e-08,0
site_15990,2,0,7.09285254435171e-09,0
site_18252,2,0,7.09285254435171e-09,0
site_15462,2,0,1.1003598220771718e-08,0
site_13186,2,0,3.736691954363237e-09,0
site_11573,2,1,0.9999999855563007,1
site_07486,2,0,8.886417524258013e-09,0
site_02818,2,0,7.726695033462916e-09,0
site_03857,2,0,1.1003598220771718e-08,0
site_19119,2,0,1.583827753282616e-05,0
site_08761,2,0,1.1003598220771718e-08,0
site_14650,2,0,2.841978891436133e-08,0
site_20170,2,0,2.841978891436133e-08,0
site_20162,2,0,1.1003598220771718e-08,0
site_00389,2,1,0.9999961329106732,1
site_09562,2,0,7.09285254435171e-09,0
site_07323,2,0,7.09285254435171e-09,0
site_06347,2,0,1.1003598220771718e-08,0
site_07123,2,0,1.1003598220771718e-08,0
site_12760,2,1,0.9999997708114942,1
site_11525,2,0,1.1003598220771718e-08,0
site_17370,2,0,1.1003598220771718e-08,0
site_18174,2,0,1.342667859627019e-06,0
site_05709,2,0,3.736689962353608e-09,0
site_00994,2,1,0.9999998947456479,1
site_16930,2,0,7.09285254435171e-09,0
site_19855,2,1,0.9999999931374346,1
site_09705,2,0,1.1003598220771718e-08,0
site_00672,2,0,1.1003598220771718e-08,0
site_14827,2,0,7.09285254435171e-09,0
site_14552,2,0,1.1003598220771718e-08,0
site_04421,2,0,7.09285254435171e-09,0
site_18883,2,0,3.7366927972235975e-09,0
site_18897,2,0,1.342667859627019e-06,0
site_16889,2,0,8.07585450806252e-09,0
site_09544,2,0,7.726699152523102e-09,0
site_11330,2,0,7.09285254435171e-09,0
site_13420,2,0,1.1003598220771718e-08,0
site_12546,2,0,3.7366927972235975e-09,0
site_09792,2,0,1.1003598220771718e-08,0
site_09626,2,0,3.5683896921984745e-06,0
site_14790,2,0,7.09285254435171e-09,0
site_21037,2,0,7.09285254435171e-09,0
site_01910,2,0,1.3090179148317071e-08,0
site_08184,2,0,1.1918575555538952e-08,0
site_00230,2,1,0.9999999931374346,1
site_19604,2,1,0.999999988546919,1
site_17668,2,0,3.736689962353608e-09,0
site_07988,2,0,1.1501302445535666e-07,0
site_07494,2,0,7.09285254435171e-09,0
site_03159,2,1,0.9999975333373601,1
site_15677,2,0,2.841978891436133e-08,0
site_14351,2,0,8.886417524258013e-09,0
site_01763,2,0,7.09285254435171e-09,0
site_08216,2,0,7.09285254435171e-09,0
site_17633,2,0,1.1003598220771718e-08,0
site_02373,2,0,3.736691954363237e-09,0
site_06088,2,0,2.841978891436133e-08,0
site_08736,2,0,7.09285254435171e-09,0
site_06214,2,0,1.1003598220771718e-08,0
site_08533,2,0,2.841978891436133e-08,0
site_15503,2,0,2.841978891436133e-08,0
site_08234,2,0,8.886417524258013e-09,0
site_13232,2,0,2.841978891436133e-08,0
site_10022,2,0,7.09285254435171e-09,0
site_10727,2,1,0.9999999159933068,1
site_19308,2,0,7.09285254435171e-09,0
site_12578,2,0,1.1918575555538952e-08,0
site_06439,2,0,5.3039649711154145e-05,0
site_18193,2,0,2.841978891436133e-08,0
site_07435,2,0,1.1003598220771718e-08,0
site_09694,2,0,1.1003598220771718e-08,0
site_02347,2,1,0.9999997467440642,1
site_11172,2,0,7.09285254435171e-09,0
site_20319,2,0,6.12478492440807e-09,0
site_11316,2,0,8.07585881325777e-09,0
site_20736,2,1,0.9999999980967158,1
site_08183,2,0,1.1003598220771718e-08,0
site_09790,2,0,7.09285254435171e-09,0
site_02184,2,0,1.1918575555538952e-08,0
site_13076,2,0,7.09285254435171e-09,0
site_11922,2,0,7.09285254435171e-09,0
site_14778,2,0,7.09285254435171e-09,0
site_03403,2,1,0.9999999990312514,1
site_13783,2,0,7.09285254435171e-09,0
site_17924,2,0,1.1003598220771718e-08,0
site_05489,2,0,7.726699152523102e-09,0
site_10954,2,0,3.7366927972235975e-09,0
site_16893,2,0,3.736689962353608e-09,0
site_05235,2,0,7.09285254435171e-09,0
site_10072,2,0,1.3090189079287008e-08,0
site_05007,2,0,8.886417524258013e-09,0
site_07282,2,0,1.1003598220771718e-08,0
site_17264,2,0,6.7720824297347136e-09,0
site_09575,2,0,7.09285254435171e-09,0
site_11354,2,0,1.1003598220771718e-08,0
site_07873,2,0,1.3090189079287008e-08,0
site_03735,2,0,7.09285254435171e-09,0
site_21228,2,1,0.9999999660254903,1
site_10333,2,0,7.09285254435171e-09,0
site_09019,2,0,7.09285254435171e-09,0
site_14405,2,0,6.286706388703876e-08,0
site_07238,2,0,1.1003598220771718e-08,0
site_10317,2,0,1.1003598220771718e-08,0
site_10982,2,1,0.9999999997499147,1
site_15315,2,0,1.1003598220771718e-08,0
site_14890,2,0,2.4719110330193856e-07,0
site_12693,2,0,1.1003598220771718e-08,0
site_15212,2,0,3.736691954363237e-09,0
site_17818,2,0,8.094377474457324e-09,0
site_00264,2,1,0.9999998780244437,1
site_20063,2,1,0.9999998224372804,1
site_10029,2,0,1.1918575555538952e-08,0
site_07963,2,0,1.2522407370335557e-08,0
site_18317,2,0,7.080676134864926e-10,0
site_05889,2,1,0.9999999931374346,1
site_18686,2,0,2.0931109582202054e-08,0
site_03589,2,0,7.09285254435171e-09,0
site_14735,2,0,7.09285254435171e-09,0
site_07157,2,0,7.09285254435171e-09,0
site_04401,2,0,2.841978891436133e-08,0
site_14727,2,0,7.09285254435171e-09,0
site_11054,2,0,7.872964375812395e-06,0
site_14151,2,0,8.07585881325777e-09,0
site_19758,2,0,1.871170129906357e-08,0
site_09539,2,0,1.1003598220771718e-08,0
site_21079,2,0,1.1003598220771718e-08,0
site_04615,2,0,7.09285254435171e-09,0
site_14409,2,0,7.09285254435171e-09,0
site_08913,2,0,7.09285254435171e-09,0
site_07802,2,0,2.841978891436133e-08,0
site_17718,2,0,7.09285254435171e-09,0
site_04020,2,0,3.736689962353608e-09,0
site_11630,2,0,7.09285254435171e-09,0
site_14754,2,0,1.1003598220771718e-08,0
site_15138,2,0,7.09285254435171e-09,0
site_12144,2,1,0.9999995792045401,1
site_06026,2,0,8.094377474457324e-09,0
site_19930,2,1,0.9999999801432007,1
site_13118,2,1,0.999999798063827,1
site_00916,2,0,1.1003598220771718e-08,0
site_00353,2,1,0.9999999929572232,1
site_20875,2,0,3.736691954363237e-09,0
site_09927,2,0,7.09285254435171e-09,0
site_09232,2,0,7.726699152523102e-09,0
site_01035,2,0,3.736689962353608e-09,0
site_16033,2,0,2.841978891436133e-08,0
site_08496,2,0,7.09285254435171e-09,0
site_03522,2,0,1.1003598220771718e-08,0
site_00555,2,1,0.999999913839153,1
site_19175,2,0,1.1003598220771718e-08,0
site_03486,2,0,7.726699152523102e-09,0
site_15972,2,0,1.930727384628508e-07,0
site_04756,2,0,7.09285254435171e-09,0
site_06761,2,0,2.841978891436133e-08,0
site_08550,2,0,7.09285254435171e-09,0
site_05378,2,0,3.7366927972235975e-09,0
site_08072,2,0,7.09285254435171e-09,0
site_02035,2,0,2.0377606632970163e-07,0
site_13343,2,0,1.1003598220771718e-08,0
site_11126,2,0,2.3620953487296798e-06,0
site_11302,2,0,7.09285254435171e-09,0
site_15309,2,0,2.841978891436133e-08,0
site_16582,2,0,2.841978891436133e-08,0
site_17345,2,0,1.3090189079287008e-08,0
site_08304,2,0,1.3090189079287008e-08,0
site_13794,2,0,7.09285254435171e-09,0
site_04697,2,0,1.1003598220771718e-08,0
site_00525,2,0,6.0993173628820145e-09,0
site_16894,2,0,2.841978891436133e-08,0
site_14541,2,0,1.1003598220771718e-08,0
site_08162,2,0,7.09285254435171e-09,0
site_00797,2,0,7.09285254435171e-09,0
site_19481,2,0,1.1003598220771718e-08,0
site_07327,2,0,7.09285254435171e-09,0
site_14893,2,0,1.1003598220771718e-08,0
site_11252,2,0,3.5683896921984745e-06,0
site_03121,2,0,7.726699152523102e-09,0
site_11095,2,0,8.094377474457324e-09,0
site_02949,2,1,0.9999999947167553,1
site_19205,2,0,6.7720824297347136e-09,0
site_10899,2,0,1.1003598220771718e-08,0
site_08088,2,0,2.310138932567462e-06,0
site_12572,2,0,2.73195564639267e-05,0
site_20164,2,0,3.426629949824612e-08,0
site_14957,2,0,7.09285254435171e-09,0
site_06114,2,0,7.09285254435171e-09,0
site_18299,2,0,1.1003598220771718e-08,0
site_00759,2,0,7.09285254435171e-09,0
site_08564,2,0,1.1003598220771718e-08,0
site_00377,2,0,1.948603099863585e-09,0
site_12088,2,0,7.872962599975383e-06,0
site_14718,2,0,1.3090186126622184e-08,0
site_01572,2,0,1.342667859627019e-06,0
site_15896,2,0,1.3090179148317071e-08,0
site_15402,2,0,2.841978891436133e-08,0
site_19245,2,1,0.999999791007108,1
site_14367,2,0,1.1003598220771718e-08,0
site_07192,2,0,1.1003598220771718e-08,0
site_15251,2,0,1.6132887722367417e-07,0
site_01108,2,0,1.1003598220771718e-08,0
site_16515,2,0,3.7366927972235975e-09,0
site_16775,2,0,2.841978891436133e-08,0
site_20508,2,0,1.1003598220771718e-08,0
site_19727,2,1,0.9999999854411314,1
site_07479,2,0,8.07585881325777e-09,0
site_18162,2,0,7.09285254435171e-09,0
site_01181,2,0,1.3090186126622184e-08,0
site_09478,2,0,1.1003598220771718e-08,0
site_11816,2,0,2.841978891436133e-08,0
site_16055,2,0,1.1003598220771718e-08,0
site_19783,2,0,1.4707736772523279e-05,0
site_16874,2,0,1.1003598220771718e-08,0
site_08675,2,0,1.1003598220771718e-08,0
site_04766,2,0,8.07585881325777e-09,0
site_19273,2,0,7.09285254435171e-09,0
site_11634,2,0,2.73195564639267e-05,0
site_08785,2,0,7.09285254435171e-09,0
site_18416,2,0,7.09285254435171e-09,0
site_01705,2,0,8.094377474457324e-09,0
site_02551,2,1,0.9999998224372804,1
site_20020,2,0,1.1003598220771718e-08,0
site_20954,2,1,0.9999999990312514,1
site_19079,2,0,1.3426688782514602e-06,0
site_05484,2,0,1.1003598220771718e-08,0
site_00780,2,0,7.09285254435171e-09,0
site_16818,2,0,1.2522407370335557e-08,0
site_07782,2,0,7.09285254435171e-09,0
site_17921,2,0,1.1003598220771718e-08,0
site_07531,2,0,7.09285254435171e-09,0
site_10569,2,0,7.09285254435171e-09,0
site_07548,2,0,7.09285254435171e-09,0
site_17783,2,0,2.841978891436133e-08,0
site_01125,2,1,0.9999997093532146,1
site_09156,2,0,3.5683896921984745e-06,0
site_06272,2,0,7.09285254435171e-09,0
site_02285,2,0,1.139631587849416e-09,0
site_15453,2,0,1.2522407370335557e-08,0
site_09133,2,0,2.841978891436133e-08,0
site_18573,2,0,1.1003598220771718e-08,0
site_19066,2,0,1.1003598220771718e-08,0
site_08054,2,0,6.12478492440807e-09,0
site_17986,2,0,7.09285254435171e-09,0
site_20163,2,0,1.1003598220771718e-08,0
site_01546,2,1,0.9999997249790756,1
site_18690,2,0,1.1003598220771718e-08,0
site_02902,2,0,8.094377474457324e-09,0
site_19440,2,0,2.73195564639267e-05,0
site_06331,2,0,1.342667859627019e-06,0
site_16768,2,0,1.3426685753951859e-06,0
site_01685,2,0,1.1918575555538952e-08,0
site_01975,2,0,1.930727384628508e-07,0
site_12380,2,0,1.8813061004795259e-06,0
site_10201,2,0,1.1003598220771718e-08,0
site_00386,2,1,0.9999999970263445,1
site_14006,2,0,1.1003598220771718e-08,0
site_07015,2,0,8.094377474457324e-09,0
site_04573,2,0,7.09285254435171e-09,0
site_18504,2,0,2.310138932567462e-06,0
site_05630,2,0,3.7366927972235975e-09,0
site_12389,2,1,0.9999999978129688,1
site_04672,2,0,1.1003598220771718e-08,0
site_00602,2,0,1.1003598220771718e-08,0
site_02358,2,1,0.9999996681955694,1
site_20229,2,0,3.7366927972235975e-09,0
site_01656,2,0,5.6191818584906365e-08,0
site_17298,2,0,2.841978891436133e-08,0
site_13466,2,0,7.09285254435171e-09,0
site_10540,2,0,7.09285254435171e-09,0
site_15318,2,0,2.063553848882011e-07,0
site_10666,2,0,8.094377474457324e-09,0
site_04025,2,0,1.1918575555538952e-08,0
site_01531,2,0,1.2522397870117457e-08,0
site_04186,2,0,7.09285254435171e-09,0
site_19260,2,0,7.09285254435171e-09,0
site_07458,2,0,1.1003598220771718e-08,0
site_05931,2,0,1.1003598220771718e-08,0
site_11560,2,0,5.409200606669774e-08,0
site_05081,2,0,1.1003598220771718e-08,0
site_12076,2,0,2.841978891436133e-08,0
site_10920,2,0,7.09285254435171e-09,0
site_12426,2,0,3.7366927972235975e-09,0
site_21379,2,1,0.9999999929572232,1
site_19327,2,0,7.09285254435171e-09,0
site_05655,2,0,1.1003598220771718e-08,0
site_19099,2,0,1.1003598220771718e-08,0
site_09010,2,0,1.1003598220771718e-08,0
site_04151,2,0,1.3426688782514602e-06,0
site_08452,2,0,3.7366927972235975e-09,0
site_15371,2,0,1.1003598220771718e-08,0
site_05345,2,0,7.09285254435171e-09,0
site_17905,2,0,1.1003598220771718e-08,0
site_06452,2,0,1.1918575555538952e-08,0
site_10182,2,0,5.30396616743151e-05,0
site_01852,2,0,1.078860613476111e-08,0
site_17724,2,0,1.1918575555538952e-08,0
site_11158,2,0,7.09285254435171e-09,0
site_17579,2,0,8.886417524258013e-09,0
site_05457,2,0,1.3426688782514602e-06,0
site_16112,2,1,0.999999995728931,1
site_19164,2,0,1.1003598220771718e-08,0
site_11327,2,0,7.09285254435171e-09,0
site_13510,2,0,8.886417524258013e-09,0
site_18014,2,0,3.999247005673298e-09,0
site_16792,2,0,1.871319098405178e-08,0
site_10737,2,1,0.9999999929572232,1
site_08203,2,0,1.3426688782514602e-06,0
site_10519,2,0,8.88641278695844e-09,0
site_11293,2,0,1.1003598220771718e-08,0
site_18872,2,0,2.841978891436133e-08,0
site_15908,2,0,5.062063951042586e-07,0
site_14013,2,0,1.078860613476111e-08,0
site_00809,2,0,2.0931109582202054e-08,0
site_01432,2,0,1.2003711202809835e-08,0
site_12300,2,0,1.1003598220771718e-08,0
site_18476,2,0,2.841978891436133e-08,0
site_02159,2,0,6.844293482621666e-08,0
site_03132,2,0,1.3090179148317071e-08,0
site_01427,2,0,2.6467334450374783e-09,0
site_10112,2,0,9.251594592080979e-07,0
site_03798,2,0,1.1003598220771718e-08,0
site_14960,2,0,7.09285254435171e-09,0
site_05522,2,0,7.09285254435171e-09,0
site_18075,2,0,1.1003598220771718e-08,0
site_09165,2,0,7.09285254435171e-09,0
site_14571,2,0,7.09285254435171e-09,0
site_07412,2,0,1.1003598220771718e-08,0
site_17846,2,0,3.7366927972235975e-09,0
site_03266,2,0,1.1003598220771718e-08,0
site_10393,2,0,1.1003598220771718e-08,0
site_05666,2,0,1.3426688782514602e-06,0
site_14382,2,0,1.1003598220771718e-08,0
site_06666,2,0,1.3090179148317071e-08,0
site_17742,2,0,1.139631587849416e-09,0
site_04350,2,0,1.1003598220771718e-08,0
site_16524,2,0,1.1003598220771718e-08,0
site_04930,2,0,2.063553848882011e-07,0
site_08667,2,0,8.09228653323446e-08,0
site_19424,2,0,7.09285254435171e-09,0
site_11845,2,1,0.9999998605584371,1
site_06688,2,0,7.09285254435171e-09,0
site_15850,2,0,1.1003598220771718e-08,0
site_08262,2,0,7.872964375812395e-06,0
site_16701,2,0,1.871170129906357e-08,0
site_20443,2,0,7.09285254435171e-09,0
site_19671,2,1,0.9999998759143239,1
site_15207,2,0,8.886417524258013e-09,0
site_01121,2,0,1.1003598220771718e-08,0
site_03773,2,0,7.726699152523102e-09,0
site_12730,2,0,1.930727384628508e-07,0
site_09242,2,0,3.5683896921984745e-06,0
site_08979,2,0,7.09285254435171e-09,0
site_15326,2,0,1.1003598220771718e-08,0
site_18654,2,0,2.841978891436133e-08,0
site_08713,2,0,1.871170129906357e-08,0
site_17812,2,0,8.094377474457324e-09,0
site_05421,2,0,1.1003598220771718e-08,0
site_05875,2,0,7.09285254435171e-09,0
site_18090,2,0,1.3090186126622184e-08,0
site_19881,2,0,1.1003598220771718e-08,0
site_05564,2,1,0.9999999912666567,1
site_18475,2,0,1.078860613476111e-08,0
site_15017,2,0,2.0931109582202054e-08,0
site_14458,2,0,2.4719110330193856e-07,0
site_15162,2,0,1.1003598220771718e-08,0
site_02542,2,1,0.9999999991352451,1
site_06659,2,0,2.841978891436133e-08,0
site_04885,2,0,8.886417524258013e-09,0
site_05390,2,0,1.1003598220771718e-08,0
site_00186,2,1,0.9999997920230554,1
site_05059,2,0,1.078860613476111e-08,0
site_05071,2,0,1.3426688782514602e-06,0
site_21307,2,1,0.9999823558355669,1
site_06253,2,0,1.1003598220771718e-08,0
site_12538,2,0,3.7366927972235975e-09,0
site_07418,2,0,7.09285254435171e-09,0
site_20577,2,0,7.09285254435171e-09,0
site_06784,2,0,7.09285254435171e-09,0
site_03303,2,0,7.726699152523102e-09,0
site_14295,2,0,1.1003598220771718e-08,0
site_00103,2,1,0.9999999628419758,1
site_06084,2,0,1.1003598220771718e-08,0
site_21490,2,0,2.310138932567462e-06,0
site_02520,2,0,1.1003598220771718e-08,0
site_11873,2,1,0.9999874982225957,1
site_18200,2,0,1.871170129906357e-08,0
site_18980,2,1,0.9999999840370406,1
site_09669,2,0,1.1003598220771718e-08,0
site_20939,2,0,1.1003598220771718e-08,0
site_01014,2,0,7.726695033462916e-09,0
site_18607,2,0,7.09285254435171e-09,0
site_01884,2,0,8.88641278695844e-09,0
site_16716,2,0,1.342667859627019e-06,0
site_05699,2,1,0.9999999981303163,1
site_20626,2,0,9.858269108201012e-08,0
site_16479,2,0,1.2522397870117457e-08,0
site_17308,2,0,1.342667859627019e-06,0
site_14958,2,0,3.736691954363237e-09,0
site_18173,2,0,1.1003598220771718e-08,0
site_14028,2,0,7.09285254435171e-09,0
site_03063,2,0,1.1003598220771718e-08,0
site_03706,2,0,8.07585881325777e-09,0
site_11485,2,0,7.09285254435171e-09,0
site_10075,2,0,8.094377474457324e-09,0
site_06386,2,0,2.0931109582202054e-08,0
site_12264,2,1,0.9999999862183664,1
site_17972,2,0,1.871170129906357e-08,0
site_16963,2,0,6.453698370125491e-07,0
site_06048,2,0,1.342667859627019e-06,0
site_18080,2,0,3.109544351720141e-09,0
site_03086,2,0,7.09285254435171e-09,0
site_17194,2,0,7.09285254435171e-09,0
site_09550,2,0,7.09285254435171e-09,0
site_17403,2,0,1.1003598220771718e-08,0
site_10439,2,0,1.1003598220771718e-08,0
site_14283,2,0,7.09285254435171e-09,0
site_13750,2,0,1.5566565044322107e-08,0
site_15600,2,0,1.1003598220771718e-08,0
site_14937,2,0,1.1003598220771718e-08,0
site_18498,2,0,1.1003598220771718e-08,0
site_16721,2,0,1.1003598220771718e-08,0
site_17184,2,0,1.1003598220771718e-08,0
site_11969,2,0,7.09285254435171e-09,0
site_06731,2,0,8.094377474457324e-09,0
site_16873,2,0,3.7366927972235975e-09,0
site_14699,2,0,2.841978891436133e-08,0
site_17111,2,0,2.841978891436133e-08,0
site_03487,2,0,7.726699152523102e-09,0
site_21400,2,1,0.9999986231044304,1
site_19765,2,0,1.1003598220771718e-08,0
site_04640,2,0,1.078860613476111e-08,0
site_06716,2,0,7.09285254435171e-09,0
site_19702,2,0,1.1003598220771718e-08,0
site_04311,2,0,2.841978891436133e-08,0
site_10173,2,0,3.7366927972235975e-09,0
site_02936,2,0,1.1003598220771718e-08,0
site_03642,2,0,2.841978891436133e-08,0
site_06981,2,0,7.09285254435171e-09,0
site_14014,2,0,1.648331865222869e-07,0
site_13508,2,0,1.3090189079287008e-08,0
site_14658,2,0,7.09285254435171e-09,0
site_14639,2,0,7.09285254435171e-09,0
site_17361,2,0,7.09285254435171e-09,0
site_02317,2,0,3.736691954363237e-09,0
site_08342,2,0,1.2522407370335557e-08,0
site_16453,2,0,1.1003598220771718e-08,0
site_08832,2,0,7.09285254435171e-09,0
site_11771,2,0,1.1003598220771718e-08,0
site_18136,2,0,7.09285254435171e-09,0
site_15491,2,0,1.1003598220771718e-08,0
site_04973,2,0,3.730413862173486e-09,0
site_04449,2,0,1.1003598220771718e-08,0
site_02752,2,0,8.07585450806252e-09,0
site_17021,2,1,0.9999998922943178,1
site_05831,2,0,8.094377474457324e-09,0
site_17323,2,0,0.023231191523352627,0
site_18551,2,0,1.3090186126622184e-08,0
site_01796,2,0,1.1918575555538952e-08,0
site_02599,2,0,1.0080455480979155e-06,0
site_17545,2,0,2.841978891436133e-08,0
site_00057,2,1,0.9999999210088613,1
site_13971,2,0,7.09285254435171e-09,0
site_08845,2,0,2.841978891436133e-08,0
site_16546,2,1,0.9999999132524275,1
site_15044,2,0,7.09285254435171e-09,0
site_14450,2,0,8.88641278695844e-09,0
site_07146,2,0,3.736691954363237e-09,0
site_10910,2,0,3.7366927972235975e-09,0
site_13549,2,0,9.772157579204205e-08,0
site_00190,2,1,0.9999999714471869,1
site_18036,2,0,1.119589166529774e-08,0
site_09791,2,0,1.1003598220771718e-08,0
site_09301,2,0,7.09285254435171e-09,0
site_18761,2,0,7.09285254435171e-09,0
site_15873,2,0,1.1003598220771718e-08,0
site_07816,2,0,1.4624104674720903e-07,0
site_18287,2,0,1.1003598220771718e-08,0
site_19860,2,1,0.9999999990312514,1
site_21091,2,0,1.1003598220771718e-08,0
site_16876,2,0,2.4719110330193856e-07,0
site_16017,2,0,6.771587120824883e-09,0
site_06908,2,0,7.09285254435171e-09,0
site_02618,2,0,8.886417524258013e-09,0
site_18458,2,0,1.1003598220771718e-08,0
site_21353,2,0,6.054256934695908e-05,0
site_19193,2,0,1.1003598220771718e-08,0
site_14254,2,0,1.1918575555538952e-08,0
site_14728,2,0,1.1003598220771718e-08,0
site_17806,2,0,6.7720824297347136e-09,0
site_12022,2,0,1.1003598220771718e-08,0
site_20718,2,0,2.841978891436133e-08,0
site_01194,2,0,3.736689962353608e-09,0
site_09928,2,0,1.1003598220771718e-08,0
site_13168,2,0,7.726699152523102e-09,0
site_13852,2,0,1.078860613476111e-08,0
site_11959,2,0,7.09285254435171e-09,0
site_20600,2,0,3.736689962353608e-09,0
site_11265,2,0,2.3620953487296798e-06,0
site_19058,2,0,7.09285254435171e-09,0
site_13778,2,0,1.1003598220771718e-08,0
site_12363,2,0,3.5465753080231276e-09,0
site_17482,2,0,7.080676134864926e-10,0
site_19049,2,1,0.9999999929572232,1
site_08662,2,0,7.09285254435171e-09,0
site_04797,2,0,2.841978891436133e-08,0
site_09954,2,0,1.1003598220771718e-08,0
site_15115,2,0,3.999247907756427e-09,0
site_02537,2,0,1.0080455480979155e-06,0
site_05912,2,0,7.09285254435171e-09,0
site_04777,2,0,1.1003598220771718e-08,0
site_17192,2,0,1.1003598220771718e-08,0
site_11538,2,0,2.797601398922273e-07,0
site_18633,2,0,1.871170129906357e-08,0
site_04632,2,0,7.09285254435171e-09,0
site_04258,2,0,1.1003598220771718e-08,0
site_08016,2,0,7.09285254435171e-09,0
site_21017,2,0,2.3388040038970487e-09,0
site_02749,2,0,1.078860613476111e-08,0
site_08412,2,0,1.1003598220771718e-08,0
site_09488,2,0,1.1003598220771718e-08,0
site_18629,2,0,1.3090186126622184e-08,0
site_01362,2,0,2.2646075954503115e-08,0
site_14750,2,0,7.09285254435171e-09,0
site_13315,2,0,2.841978891436133e-08,0
site_17342,2,0,1.1003598220771718e-08,0
site_02502,2,0,2.063553848882011e-07,0
site_20795,2,1,0.9999999357008701,1
site_09063,2,0,8.094377474457324e-09,0
site_06603,2,0,7.09285254435171e-09,0
site_10936,2,0,7.09285254435171e-09,0
site_10108,2,0,6.994681333517962e-09,0
site_21191,2,1,0.9999999977478415,1
site_19336,2,0,7.09285254435171e-09,0
site_14870,2,0,1.1003598220771718e-08,0
site_05826,2,1,0.9999999895180013,1
site_16250,2,1,0.9999998917621769,1
site_04129,2,0,7.09285254435171e-09,0
site_16028,2,0,7.09285254435171e-09,0
site_15954,2,0,1.3090186126622184e-08,0
site_06735,2,0,1.1918575555538952e-08,0
site_17191,2,0,7.09285254435171e-09,0
site_01363,2,1,0.9999999882933147,1
site_08707,2,0,1.1003598220771718e-08,0
site_05241,2,0,7.09285254435171e-09,0
site_07625,2,0,7.09285254435171e-09,0
site_08709,2,0,1.1918575555538952e-08,0
site_01678,2,0,2.624423562334353e-07,0
site_07145,2,0,3.736691954363237e-09,0
site_12094,2,0,8.88641278695844e-09,0
site_16455,2,0,1.1003598220771718e-08,0
site_10155,2,0,7.09285254435171e-09,0
site_15559,2,0,1.1003598220771718e-08,0
site_11903,2,0,7.09285254435171e-09,0
site_06244,2,0,1.1003598220771718e-08,0
site_14585,2,0,1.1003598220771718e-08,0
site_12474,2,0,8.07585450806252e-09,0
site_01226,2,0,2.841978891436133e-08,0
site_02463,2,0,1.139631587849416e-09,0
site_06227,2,0,7.726699152523102e-09,0
site_15752,2,0,3.999244873697035e-09,0
site_11169,2,0,7.09285254435171e-09,0
site_03665,2,0,7.09285254435171e-09,0
site_02436,2,0,1.1918575555538952e-08,0
site_18895,2,0,1.1003598220771718e-08,0
site_20209,2,0,2.594326822114006e-05,0
site_20336,2,1,0.9999999715179996,1
site_06828,2,0,3.736689962353608e-09,0
site_05770,2,0,6.7720824297347136e-09,0
site_13465,2,0,1.1003598220771718e-08,0
site_18830,2,0,2.841978891436133e-08,0
site_09423,2,0,3.5465753080231276e-09,0
site_10089,2,0,7.09285254435171e-09,0
site_01636,2,0,7.09285254435171e-09,0
site_05056,2,0,3.999247907756427e-09,0
site_10568,2,0,1.1003598220771718e-08,0
site_05980,2,0,8.88641278695844e-09,0
site_18974,2,0,1.1003598220771718e-08,0
site_20769,2,0,7.726695033462916e-09,0
site_18254,2,0,7.09285254435171e-09,0
site_01941,2,0,1.1003598220771718e-08,0
site_13498,2,0,8.886417524258013e-09,0
site_13770,2,0,3.736689962353608e-09,0
site_00137,2,0,6.286706388703876e-08,0
site_19969,2,0,1.1003598220771718e-08,0
site_09272,2,0,1.3090179148317071e-08,0
site_15553,2,0,2.797601398922273e-07,0
site_02405,2,0,2.3036654604618445e-07,0
site_20294,2,0,1.1003598220771718e-08,0
site_00064,2,1,0.9999999159830764,1
site_16744,2,1,0.9999449536168181,1
site_11406,2,1,0.9999999714078295,1
site_09432,2,0,7.09285254435171e-09,0
site_19965,2,0,7.09285254435171e-09,0
site_07591,2,0,3.7366927972235975e-09,0
site_19943,2,0,1.1003598220771718e-08,0
site_19933,2,1,0.9999990509083351,1
site_13709,2,0,7.09285254435171e-09,0
site_16493,2,0,3.592617075503763e-08,0
site_21327,2,1,0.9999999931374346,1
site_16420,2,0,3.999244873697035e-09,0
site_12281,2,0,1.1003598220771718e-08,0
site_06777,2,0,7.09285254435171e-09,0
site_07073,2,0,1.1003598220771718e-08,0
site_10928,2,0,7.09285254435171e-09,0
site_04568,2,0,2.841978891436133e-08,0
site_11763,2,0,1.3090189079287008e-08,0
site_17245,2,0,1.1003598220771718e-08,0
site_00470,2,1,0.9999999929572232,1
site_20253,2,0,2.841978891436133e-08,0
site_09858,2,0,3.5683896921984745e-06,0
site_13235,2,0,2.841978891436133e-08,0
site_12519,2,0,9.90847216304929e-09,0
site_19030,2,0,7.09285254435171e-09,0
site_10438,2,0,1.3090189079287008e-08,0
site_20006,2,0,0.9924047613629792,1
site_09200,2,0,7.726699152523102e-09,0
site_07320,2,0,7.09285254435171e-09,0
site_10266,2,0,1.1003598220771718e-08,0
site_19545,2,0,2.841978891436133e-08,0
site_04309,2,0,3.736689962353608e-09,0
site_01575,2,0,8.88641278695844e-09,0
site_05051,2,0,1.1003598220771718e-08,0
site_04754,2,0,1.1003598220771718e-08,0
site_15961,2,0,2.310138932567462e-06,0
site_06144,2,0,7.09285254435171e-09,0
site_03036,2,0,8.07585450806252e-09,0
site_01151,2,0,1.1003598220771718e-08,0
site_16032,2,0,1.342667859627019e-06,0
site_13177,2,0,1.1003598220771718e-08,0
site_18588,2,0,7.09285254435171e-09,0
site_06838,2,0,7.726695033462916e-09,0
site_12021,2,0,1.1003598220771718e-08,0
site_18665,2,0,1.1003598220771718e-08,0
site_00573,2,0,1.1003598220771718e-08,0
site_04328,2,0,1.1003598220771718e-08,0
site_01901,2,0,7.09285254435171e-09,0
site_17230,2,1,0.9999999736302383,1
site_13808,2,0,6.286706388703876e-08,0
site_11362,2,0,1.1003598220771718e-08,0
site_10969,2,0,5.203199373269896e-08,0
site_20581,2,0,1.1003598220771718e-08,0
site_11387,2,0,1.9268648860269778e-07,0
site_20639,2,0,2.841978891436133e-08,0
site_00794,2,0,1.3090179148317071e-08,0
site_14378,2,0,7.09285254435171e-09,0
site_09523,2,0,7.09285254435171e-09,0
site_09710,2,0,9.840947427939137e-10,0
site_03289,2,0,1.1003598220771718e-08,0
site_15407,2,0,8.094377474457324e-09,0
site_03747,2,0,1.1003598220771718e-08,0
site_01505,2,0,3.999244873697035e-09,0
site_15531,2,0,3.7366927972235975e-09,0
site_09910,2,0,7.09285254435171e-09,0
site_11343,2,0,7.09285254435171e-09,0
site_07079,2,0,7.09285254435171e-09,0
site_13937,2,0,7.09285254435171e-09,0
site_06307,2,0,2.841978891436133e-08,0
site_16382,2,1,0.9999999120125596,1
site_17814,2,0,1.1918575555538952e-08,0
site_11055,2,0,1.3090189079287008e-08,0
site_21283,2,0,2.0983883956466805e-08,0
site_01403,2,1,0.9999991361984103,1
site_10755,2,0,7.09285254435171e-09,0
site_12830,2,0,7.09285254435171e-09,0
site_19673,2,1,0.999999973285655,1
site_16573,2,0,1.1003598220771718e-08,0
site_19536,2,1,0.9999994622105598,1
site_06579,2,0,1.3090186126622184e-08,0
site_09053,2,0,1.1003598220771718e-08,0
site_16595,2,0,2.841978891436133e-08,0
site_06832,2,0,1.1918575555538952e-08,0
site_21059,2,1,0.9999999974016622,1
site_20194,2,1,0.9999997169553909,1
site_14356,2,0,8.094377474457324e-09,0
site_05915,2,0,2.841978891436133e-08,0
site_19458,2,1,0.999999993076818,1
site_06419,2,0,2.841978891436133e-08,0
site_11403,2,1,0.9999999980967158,1
site_00360,2,0,1.1003598220771718e-08,0
site_15759,2,0,7.09285254435171e-09,0
site_16866,2,0,7.09285254435171e-09,0
site_02603,2,1,0.9999998618867325,1
site_07131,2,0,1.1003598220771718e-08,0
site_13644,2,0,1.1003598220771718e-08,0
site_02102,2,0,6.335193611033417e-08,0
site_08716,2,0,7.09285254435171e-09,0
site_08958,2,0,7.726699152523102e-09,0
site_08381,2,0,7.09285254435171e-09,0
site_13983,2,0,7.09285254435171e-09,0
site_01616,2,0,5.206610929670832e-10,0
site_18863,2,0,1.1003598220771718e-08,0
site_19739,2,1,0.9999999980526986,1
site_04237,2,0,1.1003598220771718e-08,0
site_16309,2,1,0.9999999859673496,1
site_09925,2,0,1.1003598220771718e-08,0
site_01511,2,0,7.09285254435171e-09,0
site_06921,2,0,7.09285254435171e-09,0
site_07861,2,0,7.09285254435171e-09,0
site_20506,2,0,8.07585881325777e-09,0
site_16906,2,0,6.453698370125491e-07,0
site_05570,2,0,1.1003598220771718e-08,0
site_04373,2,0,1.1003598220771718e-08,0
site_20144,2,1,0.9999999682907975,1
site_11223,2,0,1.1003598220771718e-08,0
site_18822,2,0,3.736691954363237e-09,0
site_03975,2,0,8.07585881325777e-09,0
site_08167,2,0,7.09285254435171e-09,0
site_12941,2,0,8.886417524258013e-09,0
site_00739,2,0,2.841978891436133e-08,0
site_10076,2,0,9.840947427939137e-10,0
site_15387,2,0,1.1003598220771718e-08,0
site_05314,2,0,8.886417524258013e-09,0
site_07227,2,0,7.726699152523102e-09,0
site_13485,2,0,7.09285254435171e-09,0
site_02153,2,0,7.09285254435171e-09,0
site_07305,2,0,1.1003598220771718e-08,0
site_10630,2,1,0.9999999406439857,1
site_02557,2,0,1.078860613476111e-08,0
site_19161,2,0,7.09285254435171e-09,0
site_06523,2,0,1.1003598220771718e-08,0
site_06823,2,0,1.1003598220771718e-08,0
site_02785,2,1,0.9999999862183664,1
site_12053,2,0,1.1003598220771718e-08,0
site_19655,2,0,7.09285254435171e-09,0
site_12179,2,0,1.1003598220771718e-08,0
site_13534,2,0,7.09285254435171e-09,0
site_01343,2,0,1.1003598220771718e-08,0
site_16929,2,0,2.841978891436133e-08,0
site_08312,2,0,1.1003598220771718e-08,0
site_18968,2,0,1.1003598220771718e-08,0
site_03355,2,0,7.726699152523102e-09,0
site_03950,2,0,1.1003598220771718e-08,0
site_00658,2,0,1.3090179148317071e-08,0
site_17396,2,0,7.726699152523102e-09,0
site_10208,2,0,8.094377474457324e-09,0
site_18866,2,0,1.1003598220771718e-08,0
site_10579,2,0,1.871170129906357e-08,0
site_16073,2,0,2.0931109582202054e-08,0
site_18979,2,1,0.999999970207089,1
site_09129,2,0,2.841978891436133e-08,0
site_14731,2,0,3.736691954363237e-09,0
site_17613,2,0,6.771587120824883e-09,0
site_07828,2,0,2.841978891436133e-08,0
site_00441,2,0,1.1003598220771718e-08,0
site_01109,2,0,2.841978891436133e-08,0
site_15451,2,0,3.730413862173486e-09,0
site_12762,2,1,0.9999998556255902,1
site_07228,2,0,7.09285254435171e-09,0
site_18810,2,0,7.09285254435171e-09,0
site_18051,2,0,3.736689962353608e-09,0
site_09355,2,0,7.09285254435171e-09,0
site_02579,2,0,1.342667859627019e-06,0
site_14538,2,0,1.1918575555538952e-08,0
site_20098,2,0,1.1003598220771718e-08,0
site_03158,2,1,0.9999999980967158,1
site_20186,2,0,1.1003598220771718e-08,0
site_06807,2,0,8.07585881325777e-09,0
site_12596,2,0,7.09285254435171e-09,0
site_19445,2,0,1.1003598220771718e-08,0
site_05908,2,0,7.09285254435171e-09,0
site_08270,2,0,7.09285254435171e-09,0
site_12029,2,0,7.09285254435171e-09,0
site_11998,2,1,0.9999999834295885,1
site_07706,2,0,1.8765168104149583e-10,0
site_12759,2,1,0.9999999714471869,1
site_12435,2,0,5.30396616743151e-05,0
site_07925,2,0,1.1003598220771718e-08,0
site_16523,2,0,7.09285254435171e-09,0
site_13994,2,0,1.1003598220771718e-08,0
site_08032,2,0,1.1003598220771718e-08,0
site_05296,2,0,3.7366927972235975e-09,0
site_11482,2,0,7.09285254435171e-09,0
site_04239,2,0,2.841978891436133e-08,0
site_04899,2,0,7.09285254435171e-09,0
site_16579,2,0,1.1003598220771718e-08,0
site_15943,2,0,1.1003598220771718e-08,0
site_19606,2,1,0.9999994818014658,1
site_04054,2,0,1.342667859627019e-06,0
site_07998,2,0,7.09285254435171e-09,0
site_14615,2,0,2.310138932567462e-06,0
site_10537,2,0,7.872964375812395e-06,0
site_01086,2,0,1.342667859627019e-06,0
site_13192,2,0,1.1003598220771718e-08,0
site_09981,2,0,1.515971591570534e-06,0
site_05039,2,0,1.1003598220771718e-08,0
site_10824,2,0,2.841978891436133e-08,0
site_05358,2,0,1.1003598220771718e-08,0
site_20129,2,1,0.9999999979269016,1
site_10724,2,1,0.999999922932049,1
site_12728,2,0,6.777446332037912e-09,0
site_16391,2,0,1.1003598220771718e-08,0
site_11579,2,0,3.5683896921984745e-06,0
site_11348,2,0,7.09285254435171e-09,0
site_08524,2,0,1.1003598220771718e-08,0
site_05384,2,0,3.7366927972235975e-09,0
site_20654,2,0,5.3039649711154145e-05,0
site_01897,2,0,7.726695033462916e-09,0
site_16023,2,0,2.841978891436133e-08,0
site_20060,2,1,0.9999892326682235,1
site_02116,2,1,0.9999999926643028,1
site_02677,2,0,1.1918575555538952e-08,0
site_01173,2,1,0.9999997223636434,1
site_01091,2,1,0.9999999854411314,1
site_19679,2,0,1.1003598220771718e-08,0
site_13575,2,0,7.09285254435171e-09,0
site_20371,2,0,2.841978891436133e-08,0
site_12910,2,0,7.09285254435171e-09,0
site_21479,2,0,3.426629949824612e-08,0
site_06681,2,0,1.1003598220771718e-08,0
site_09714,2,0,8.094377474457324e-09,0
site_09302,2,0,7.726699152523102e-09,0
site_08859,2,0,1.1003598220771718e-08,0
site_03225,2,0,7.09285254435171e-09,0
site_14337,2,0,7.872964375812395e-06,0
site_02330,2,0,1.1918575555538952e-08,0
site_07322,2,0,7.09285254435171e-09,0
site_20320,2,0,1.1003598220771718e-08,0
site_03337,2,1,0.9999999850588497,1
site_18282,2,0,2.841978891436133e-08,0
site_08793,2,0,7.09285254435171e-09,0
site_20987,2,0,8.88641278695844e-09,0
site_21523,2,0,1.078860613476111e-08,0
site_16283,2,0,1.3426688782514602e-06,0
site_00975,2,0,3.999244873697035e-09,0
site_11805,2,0,8.07585881325777e-09,0
site_00179,2,1,0.9999998474255691,1
site_07328,2,0,7.09285254435171e-09,0
site_06205,2,0,7.09285254435171e-09,0
site_15973,2,1,0.9999999517261317,1
site_08035,2,0,1.1003598220771718e-08,0
site_02990,2,1,0.9927684327196832,1
site_15966,2,0,1.3090179148317071e-08,0
site_16642,2,0,3.7366927972235975e-09,0
site_20623,2,0,2.594326822114006e-05,0
site_09552,2,0,1.1003598220771718e-08,0
site_11600,2,0,7.09285254435171e-09,0
site_14948,2,0,8.886417524258013e-09,0
site_02328,2,0,3.736691954363237e-09,0
site_04653,2,0,7.09285254435171e-09,0
site_00611,2,0,1.1003598220771718e-08,0
site_00753,2,0,3.999244873697035e-09,0
site_11436,2,0,6.957518680077915e-08,0
site_16507,2,0,7.09285254435171e-09,0
site_05785,2,0,7.09285254435171e-09,0
site_07723,2,0,7.09285254435171e-09,0
site_14933,2,0,7.09285254435171e-09,0
site_06148,2,0,1.1003598220771718e-08,0
site_02824,2,0,1.1003598220771718e-08,0
site_17942,2,0,8.07585450806252e-09,0
site_17587,2,0,1.948603099863585e-09,0
site_15233,2,0,3.999247907756427e-09,0
site_16275,2,0,1.1003598220771718e-08,0
site_13266,2,0,1.1918575555538952e-08,0
site_19387,2,0,9.872301443170584e-06,0
site_20305,2,0,7.09285254435171e-09,0
site_20360,2,0,2.594326822114006e-05,0
site_08025,2,0,8.886417524258013e-09,0
site_19420,2,0,7.09285254435171e-09,0
site_13365,2,0,2.4901387001798435e-07,0
site_09759,2,0,7.09285254435171e-09,0
site_19076,2,0,7.09285254435171e-09,0
site_15732,2,0,7.09285254435171e-09,0
site_01021,2,1,0.9999999931374346,1
site_01878,2,0,2.841978891436133e-08,0
site_17641,2,0,1.948603099863585e-09,0
site_01548,2,0,1.4810113882065811e-05,0
site_20709,2,0,7.726699152523102e-09,0
site_06183,2,0,1.119589166529774e-08,0
site_07215,2,0,1.1918575555538952e-08,0
site_19141,2,0,1.1003598220771718e-08,0
site_08558,2,0,7.726699152523102e-09,0
site_13845,2,0,2.4719110330193856e-07,0
site_08873,2,0,2.295563312186844e-09,0
site_03562,2,0,8.886417524258013e-09,0
site_13284,2,0,8.07585881325777e-09,0
site_02247,2,0,1.078860613476111e-08,0
site_11156,2,0,7.09285254435171e-09,0
site_01484,2,0,1.078860613476111e-08,0
site_18915,2,0,8.886417524258013e-09,0
site_03720,2,0,1.1003598220771718e-08,0
site_10023,2,0,1.1003598220771718e-08,0
site_04007,2,0,7.09285254435171e-09,0
site_04075,2,0,1.342667859627019e-06,0
site_03022,2,0,8.88641278695844e-09,0
site_20199,2,1,0.999999999406793,1
site_07210,2,0,3.736691954363237e-09,0
site_07949,2,0,7.09285254435171e-09,0
site_03819,2,0,3.736689962353608e-09,0
site_00150,2,0,9.383804273913713e-05,0
site_00196,2,1,0.9999999709265635,1
site_14001,2,0,8.88641278695844e-09,0
site_07915,2,0,1.1003598220771718e-08,0
site_05375,2,0,8.094377474457324e-09,0
site_11339,2,0,2.841978891436133e-08,0
site_04721,2,0,2.841978891436133e-08,0
site_03951,2,0,2.063553848882011e-07,0
site_04911,2,0,1.3426688782514602e-06,0
site_20150,2,0,1.1003598220771718e-08,0
site_21155,2,1,0.9999999774173919,1
site_00686,2,0,1.1003598220771718e-08,0
site_04096,2,0,1.3090189079287008e-08,0
site_18138,2,0,2.841978891436133e-08,0
site_12749,2,1,0.9999999974016622,1
site_12985,2,1,0.9999999709265635,1
site_18366,2,0,7.09285254435171e-09,0
site_03716,2,0,1.1918575555538952e-08,0
site_03906,2,0,1.1918575555538952e-08,0
site_03953,2,0,7.09285254435171e-09,0
site_02548,2,1,0.9999999644222123,1
site_19897,2,0,2.841978891436133e-08,0
site_05125,2,0,7.09285254435171e-09,0
site_18007,2,0,7.09285254435171e-09,0
site_18328,2,0,2.841978891436133e-08,0
site_15102,2,0,7.09285254435171e-09,0
site_18540,2,0,7.09285254435171e-09,0
site_16559,2,1,0.9999999070475378,1
site_14882,2,0,1.1003598220771718e-08,0
site_20719,2,0,1.1003598220771718e-08,0
site_15234,2,0,3.730413862173486e-09,0
site_18042,2,0,8.88641278695844e-09,0
site_21387,2,1,0.9999997093532146,1
site_03290,2,0,7.09285254435171e-09,0
site_15435,2,0,7.09285254435171e-09,0
site_09261,2,0,7.09285254435171e-09,0
site_06192,2,0,7.09285254435171e-09,0
site_18064,2,0,7.09285254435171e-09,0
site_15244,2,0,7.09285254435171e-09,0
site_12285,2,0,7.09285254435171e-09,0
site_12352,2,0,7.09285254435171e-09,0
site_10474,2,1,0.999999994612631,1
site_19596,2,1,0.999999922932049,1
site_17883,2,0,2.841978891436133e-08,0
site_11073,2,0,2.841978891436133e-08,0
site_20981,2,0,1.1003598220771718e-08,0
site_15072,2,0,2.841978891436133e-08,0
site_06481,2,0,7.09285254435171e-09,0
site_20255,2,0,1.1003598220771718e-08,0
site_18764,2,0,1.1003598220771718e-08,0
site_05464,2,0,1.1003598220771718e-08,0
site_08825,2,0,7.09285254435171e-09,0
site_00019,2,1,0.999999932364359,1
site_12204,2,0,1.2522407370335557e-08,0
site_12015,2,0,2.128798670569931e-08,0
site_06977,2,0,7.09285254435171e-09,0
site_05107,2,0,2.4719110330193856e-07,0
site_18927,2,0,8.886417524258013e-09,0
site_04947,2,0,7.09285254435171e-09,0
site_06079,2,0,7.09285254435171e-09,0
site_05255,2,0,7.09285254435171e-09,0
site_19439,2,0,1.1003598220771718e-08,0
site_20658,2,0,1.342667859627019e-06,0
site_08739,2,0,3.7366927972235975e-09,0
site_03664,2,0,2.841978891436133e-08,0
site_02546,2,1,0.9999998988106269,1
site_20258,2,0,1.1003598220771718e-08,0
site_00848,2,0,8.07585450806252e-09,0
site_01393,2,1,0.999999890602244,1
site_09588,2,0,5.891380291774314e-10,0
site_07098,2,0,7.09285254435171e-09,0
site_12120,2,1,0.9999998033298441,1
site_05123,2,0,2.73195564639267e-05,0
site_19443,2,0,1.5566556745873245e-08,0
site_09762,2,0,7.09285254435171e-09,0
site_19893,2,0,1.1003598220771718e-08,0
site_14080,2,0,1.1003598220771718e-08,0
site_07921,2,0,2.841978891436133e-08,0
site_16530,2,0,1.1003598220771718e-08,0
site_10434,2,0,1.1003598220771718e-08,0
site_04724,2,0,1.1003598220771718e-08,0
site_06968,2,0,3.736689962353608e-09,0
site_09565,2,0,1.1003598220771718e-08,0
site_03530,2,0,7.09285254435171e-09,0
site_10667,2,0,3.7366927972235975e-09,0
site_13430,2,0,1.1003598220771718e-08,0
site_15789,2,0,1.1003598220771718e-08,0
site_13437,2,0,1.139631587849416e-09,0
site_02172,2,0,2.1643592848206727e-08,0
site_00827,2,0,7.726695033462916e-09,0
site_10063,2,0,1.078860613476111e-08,0
site_04858,2,0,1.078860613476111e-08,0
site_05073,2,0,7.09285254435171e-09,0
site_12199,2,0,6.12478492440807e-09,0
site_06829,2,0,1.342667859627019e-06,0
site_00429,2,1,0.9999999926643028,1
site_13725,2,0,1.5566565044322107e-08,0
site_12846,2,0,3.736689962353608e-09,0
site_15800,2,0,1.1003598220771718e-08,0
site_08364,2,0,2.0931109582202054e-08,0
site_10715,2,0,4.214724110311527e-05,0
site_14848,2,0,2.797601398922273e-07,0
site_04820,2,0,1.1003598220771718e-08,0
site_09627,2,0,3.5683896921984745e-06,0
site_10567,2,0,3.7366927972235975e-09,0
site_13109,2,1,0.9999992838080611,1
site_04540,2,0,7.726699152523102e-09,0
site_07577,2,0,7.09285254435171e-09,0
site_07028,2,0,1.3090179148317071e-08,0
site_19229,2,0,2.841978891436133e-08,0
site_12329,2,0,1.1003598220771718e-08,0
site_15488,2,0,1.1003598220771718e-08,0
site_11789,2,0,7.09285254435171e-09,0
site_09871,2,0,1.4454578577295263e-07,0
site_19728,2,1,0.9999999974016622,1
site_11427,2,1,0.999999994612631,1
site_01213,2,0,2.2646075954503115e-08,0
site_16319,2,0,2.79929794289526e-06,0
site_03441,2,0,8.88641278695844e-09,0
site_12510,2,0,4.214724110311527e-05,0
site_16065,2,0,1.1003598220771718e-08,0
site_12788,2,0,1.1003598220771718e-08,0
site_14572,2,0,1.1003598220771718e-08,0
site_03718,2,0,1.1003598220771718e-08,0
site_20932,2,0,1.3090179148317071e-08,0
site_04532,2,0,8.09228653323446e-08,0
site_05842,2,0,8.07585450806252e-09,0
site_03992,2,0,1.1003598220771718e-08,0
site_09398,2,0,7.726699152523102e-09,0
site_01124,2,0,7.726695033462916e-09,0
site_04574,2,0,1.1003598220771718e-08,0
site_05716,2,0,2.841978891436133e-08,0
site_04104,2,0,7.09285254435171e-09,0
site_19525,2,1,0.9999999834295885,1
site_00989,2,1,0.9999999895180013,1
site_01066,2,0,1.7893261234354463e-07,0
site_01722,2,0,1.5484756643647973e-07,0
site_03853,2,0,8.07585881325777e-09,0
site_07854,2,0,8.886417524258013e-09,0
site_17186,2,0,2.841978891436133e-08,0
site_20594,2,0,1.3090179148317071e-08,0
site_16706,2,0,1.3090186126622184e-08,0
site_14809,2,0,7.09285254435171e-09,0
site_02534,2,0,2.1019145872053384e-07,0
site_01713,2,0,7.080676134864926e-10,0
site_14123,2,0,1.1003598220771718e-08,0
site_02589,2,0,1.1003598220771718e-08,0
site_13425,2,0,7.726699152523102e-09,0
site_13672,2,0,1.1003598220771718e-08,0
site_08048,2,0,1.1501302445535666e-07,0
site_19125,2,0,1.1003598220771718e-08,0
site_10571,2,0,7.09285254435171e-09,0
site_02183,2,1,0.9999999850588146,1
site_04271,2,0,7.726699152523102e-09,0
site_15629,2,0,6.9815848720943895e-06,0
site_04339,2,0,1.1918575555538952e-08,0
site_09113,2,0,8.07585881325777e-09,0
site_14439,2,0,7.872962599975383e-06,0
site_06041,2,1,0.9999997093532146,1
site_10926,2,0,7.09285254435171e-09,0
site_17858,2,0,1.3426685753951859e-06,0
site_09050,2,0,2.0931109582202054e-08,0
site_10273,2,0,1.1003598220771718e-08,0
site_02625,2,0,2.0931109582202054e-08,0
site_21259,2,1,0.9999999785127873,1
site_09193,2,0,1.1003598220771718e-08,0
site_20414,2,0,1.1397779699500494e-06,0
site_08263,2,0,1.1003598220771718e-08,0
site_01902,2,0,1.1003598220771718e-08,0
site_18202,2,0,6.771587120824883e-09,0
site_12921,2,0,3.7366927972235975e-09,0
site_17563,2,0,1.1003598220771718e-08,0
site_10714,2,1,0.9999999992610633,1
site_06929,2,0,7.09285254435171e-09,0
site_18673,2,0,7.09285254435171e-09,0
site_06029,2,0,1.139631587849416e-09,0
site_10560,2,0,7.09285254435171e-09,0
site_04929,2,0,7.09285254435171e-09,0
site_16092,2,0,3.736691954363237e-09,0
site_16860,2,1,0.9999996929931908,1
site_08028,2,0,8.886417524258013e-09,0
site_07762,2,0,1.1003598220771718e-08,0
site_20090,2,0,1.1003598220771718e-08,0
site_08762,2,0,1.1003598220771718e-08,0
site_09412,2,0,3.5683896921984745e-06,0
site_08202,2,0,1.1918575555538952e-08,0
site_11040,2,0,1.1003598220771718e-08,0
site_10012,2,0,2.7045552793275266e-09,0
site_15224,2,0,2.841978891436133e-08,0
site_11231,2,0,8.07585881325777e-09,0
site_07331,2,0,1.1003598220771718e-08,0
site_20572,2,0,7.09285254435171e-09,0
site_17215,2,0,1.1003598220771718e-08,0
site_01831,2,0,7.726695033462916e-09,0
site_04683,2,0,2.841978891436133e-08,0
site_12943,2,0,1.1918575555538952e-08,0
site_08645,2,0,7.09285254435171e-09,0
site_05920,2,0,7.09285254435171e-09,0
site_06412,2,0,7.09285254435171e-09,0
site_21124,2,0,4.772110202521871e-09,0
site_04274,2,0,8.07585881325777e-09,0
site_18160,2,0,7.080676134864926e-10,0
site_05428,2,0,7.09285254435171e-09,0
site_07385,2,0,1.1003598220771718e-08,0
site_17969,2,0,1.3090179148317071e-08,0
site_16108,2,0,2.063553848882011e-07,0
site_08221,2,0,1.1003598220771718e-08,0
site_02282,2,0,8.845684584974511e-08,0
site_18555,2,0,1.1003598220771718e-08,0
site_15363,2,0,2.841978891436133e-08,0
site_02348,2,1,0.9999999725268166,1
site_13707,2,0,7.09285254435171e-09,0
site_01148,2,0,8.88641278695844e-09,0
site_11080,2,0,7.09285254435171e-09,0
site_18187,2,0,1.2522397870117457e-08,0
site_06827,2,0,8.094377474457324e-09,0
site_10058,2,0,6.12478492440807e-09,0
site_06355,2,0,1.3426688782514602e-06,0
site_13576,2,0,7.09285254435171e-09,0
site_15646,2,0,1.1003598220771718e-08,0
site_16694,2,0,1.3090189079287008e-08,0
site_00082,2,1,0.9999999987070332,1
site_06808,2,0,1.8765168104149583e-10,0
site_14999,2,0,1.1003598220771718e-08,0
site_12955,2,0,6.12478492440807e-09,0
site_11507,2,0,1.1003598220771718e-08,0
site_11010,2,1,0.999999999690893,1
site_06328,2,0,1.078860613476111e-08,0
site_21085,2,0,1.1003598220771718e-08,0
site_18844,2,0,6.12478492440807e-09,0
site_12186,2,0,7.09285254435171e-09,0
site_00451,2,0,1.3090179148317071e-08,0
site_20311,2,0,1.1003598220771718e-08,0
site_19166,2,0,1.1003598220771718e-08,0
site_19056,2,0,2.841978891436133e-08,0
site_11495,2,0,1.1003598220771718e-08,0
site_18562,2,0,7.726695033462916e-09,0
site_15192,2,0,8.886417524258013e-09,0
site_19493,2,0,1.1003598220771718e-08,0
site_11591,2,0,3.999244873697035e-09,0
site_18663,2,0,7.09285254435171e-09,0
site_00033,2,0,2.3010051152870945e-09,0
site_16731,2,1,0.9999997427861309,1
site_01873,2,0,1.8053722697768816e-09,0
site_08033,2,0,8.094377474457324e-09,0
site_02010,2,0,1.1003598220771718e-08,0
site_03426,2,0,1.3090189079287008e-08,0
site_08751,2,0,1.1003598220771718e-08,0
site_06035,2,0,1.1003598220771718e-08,0
site_09947,2,0,9.840947427939137e-10,0
site_15708,2,0,1.1003598220771718e-08,0
site_20178,2,0,3.730411032067057e-09,0
site_18521,2,0,2.4719110330193856e-07,0
site_04778,2,0,7.09285254435171e-09,0
site_04379,2,0,1.1003598220771718e-08,0
site_13635,2,0,2.0931109582202054e-08,0
site_09160,2,0,7.09285254435171e-09,0
site_02688,2,0,1.0755019678501588e-08,0
site_00824,2,0,8.07585450806252e-09,0
site_11236,2,0,9.840947427939137e-10,0
site_19062,2,0,1.4707744613024575e-05,0
site_10848,2,0,1.9550384276267163e-05,0
site_12511,2,0,4.214724110311527e-05,0
site_10623,2,1,0.9999999971268618,1
site_08625,2,0,1.1003598220771718e-08,0
site_19724,2,0,1.1003598220771718e-08,0
site_19224,2,0,3.736691954363237e-09,0
site_00485,2,0,1.1003598220771718e-08,0
site_10760,2,0,8.094377474457324e-09,0
site_09364,2,0,1.1003598220771718e-08,0
site_21230,2,1,0.9999999565853642,1
site_10997,2,0,8.085661526617292e-05,0
site_19048,2,1,0.9999999931374346,1
site_04875,2,0,1.1003598220771718e-08,0
site_03713,2,0,1.1918575555538952e-08,0
site_13743,2,0,7.09285254435171e-09,0
site_09002,2,0,3.4693611108095074e-08,0
site_08780,2,0,7.09285254435171e-09,0
site_20482,2,1,0.9999999865040281,1
site_00234,2,1,0.9999999701456919,1
site_12517,2,0,9.90847216304929e-09,0
site_12571,2,0,8.07585881325777e-09,0
site_20843,2,0,9.289749935583017e-05,0
site_04784,2,0,1.3090186126622184e-08,0
site_14189,2,0,1.1003598220771718e-08,0
site_12017,2,0,2.128798670569931e-08,0
site_06278,2,0,7.09285254435171e-09,0
site_00125,2,1,0.9999999892427435,1
site_17375,2,0,7.09285254435171e-09,0
site_16618,2,0,8.100005746312509e-09,0
site_00967,2,0,2.1643592848206727e-08,0
site_11333,2,0,2.4719110330193856e-07,0
site_19518,2,0,8.146581303380691e-05,0
site_04438,2,0,6.12478492440807e-09,0
site_19899,2,0,2.841978891436133e-08,0
site_01801,2,0,8.07585450806252e-09,0
site_00560,2,0,1.3090179148317071e-08,0
site_21415,2,1,0.9999997093532146,1
site_03554,2,0,6.771587120824883e-09,0
site_16417,2,0,7.09285254435171e-09,0
site_19715,2,0,1.342667859627019e-06,0
site_00056,2,1,0.9999998252913499,1
site_02061,2,0,3.736689962353608e-09,0
site_09795,2,0,1.1003598220771718e-08,0
site_19617,2,0,7.09285254435171e-09,0
site_19982,2,0,2.841978891436133e-08,0
site_06472,2,0,7.09285254435171e-09,0
site_01840,2,0,1.1918575555538952e-08,0
site_21525,2,0,1.871170129906357e-08,0
site_14732,2,0,3.426629949824612e-08,0
site_15590,2,0,1.871170129906357e-08,0
site_13476,2,0,1.1501296314256193e-07,0
site_00254,2,0,1.948603099863585e-09,0
site_18166,2,0,3.736691954363237e-09,0
site_17146,2,0,3.736691954363237e-09,0
site_06550,2,0,7.09285254435171e-09,0
site_04006,2,0,6.771587120824883e-09,0
site_18298,2,0,1.1003598220771718e-08,0
site_12371,2,1,0.9999999565251224,1
site_03327,2,0,7.09285254435171e-09,0
site_01879,2,0,1.1918575555538952e-08,0
site_10741,2,1,0.9999999854411314,1
site_02193,2,0,8.07585450806252e-09,0
site_12674,2,0,1.1003598220771718e-08,0
site_01613,2,0,0.00019262965708855928,0
site_00486,2,0,3.999244873697035e-09,0
site_20721,2,0,7.09285254435171e-09,0
site_06116,2,0,1.1003598220771718e-08,0
site_17531,2,0,7.9294655158213e-10,0
site_12208,2,0,6.7720824297347136e-09,0
site_21529,2,0,8.88641278695844e-09,0
site_03775,2,0,8.094377474457324e-09,0
site_09666,2,0,3.7366927972235975e-09,0
site_07411,2,0,8.094377474457324e-09,0
site_06740,2,0,8.886417524258013e-09,0
site_20698,2,0,1.3090189079287008e-08,0
site_00878,2,0,1.1003598220771718e-08,0
site_07604,2,0,7.09285254435171e-09,0
site_06122,2,0,1.1918575555538952e-08,0
site_16014,2,0,1.1003598220771718e-08,0
site_01948,2,0,2.841978891436133e-08,0
site_18566,2,0,7.09285254435171e-09,0
site_08062,2,0,7.09285254435171e-09,0
site_16433,2,1,0.9999998826398551,1
site_05654,2,0,1.1003598220771718e-08,0
site_18755,2,0,1.1003598220771718e-08,0
site_07155,2,0,6.7720824297347136e-09,0
site_18433,2,0,8.07585881325777e-09,0
site_14451,2,0,1.1003598220771718e-08,0
site_10262,2,0,2.841978891436133e-08,0
site_11528,2,0,1.342667859627019e-06,0
site_05606,2,0,2.6329053704612264e-09,0
site_05019,2,0,8.886417524258013e-09,0
site_07413,2,0,7.09285254435171e-09,0
site_06236,2,0,7.09285254435171e-09,0
site_13066,2,0,1.1003598220771718e-08,0
site_21469,2,0,1.871170129906357e-08,0
site_08880,2,0,1.1003598220771718e-08,0
site_19015,2,0,1.3426688782514602e-06,0
site_18332,2,0,1.1003598220771718e-08,0
site_19972,2,0,2.841978891436133e-08,0
site_18836,2,0,3.999244873697035e-09,0
site_10224,2,0,3.7366927972235975e-09,0
site_08355,2,0,8.07585881325777e-09,0
site_13094,2,0,1.139631587849416e-09,0
site_03157,2,1,0.9999999981303207,1
site_05439,2,0,3.999247907756427e-09,0
site_11290,2,0,3.5465753080231276e-09,0
site_15814,2,0,8.886417524258013e-09,0
site_06942,2,0,6.7720824297347136e-09,0
site_21360,2,1,0.9999999949965486,1
site_10487,2,0,1.8495824351762457e-06,0
site_07737,2,0,7.09285254435171e-09,0
site_13765,2,0,8.88641278695844e-09,0
site_08466,2,0,7.09285254435171e-09,0
site_05501,2,0,8.09228653323446e-08,0
site_05705,2,0,1.4707736772523279e-05,0
site_03123,2,0,8.07585881325777e-09,0
site_12388,2,1,0.9999999962308121,1
site_06134,2,0,2.841978891436133e-08,0
site_20041,2,0,1.1003598220771718e-08,0
site_09956,2,0,1.1003598220771718e-08,0
site_17369,2,0,1.1003598220771718e-08,0
site_02675,2,0,8.886417524258013e-09,0
site_01601,2,0,2.841978891436133e-08,0
site_07610,2,0,7.09285254435171e-09,0
site_15656,2,0,1.4707747930502386e-05,0
site_00646,2,0,7.09285254435171e-09,0
site_16118,2,1,0.9999997497546043,1
site_08684,2,0,1.1003598220771718e-08,0
site_05461,2,0,2.841978891436133e-08,0
site_03734,2,0,1.1003598220771718e-08,0
site_00884,2,0,8.07585450806252e-09,0
site_21179,2,0,8.88641278695844e-09,0
site_05010,2,0,8.886417524258013e-09,0
site_17518,2,0,1.1003598220771718e-08,0
site_07631,2,0,7.09285254435171e-09,0
site_16541,2,0,2.841978891436133e-08,0
site_00081,2,1,0.9999999977805674,1
site_08373,2,0,1.1003598220771718e-08,0
site_17744,2,0,1.139631587849416e-09,0
site_07552,2,0,7.09285254435171e-09,0
site_21122,2,0,4.772110202521871e-09,0
site_19485,2,0,1.3426688782514602e-06,0
site_10612,2,1,0.999999922932049,1
site_04130,2,0,7.09285254435171e-09,0
site_19159,2,0,7.09285254435171e-09,0
site_07251,2,0,7.09285254435171e-09,0
site_09267,2,0,1.1003598220771718e-08,0
site_10360,2,1,0.9999999995090267,1
site_18440,2,0,2.0931109582202054e-08,0
site_17799,2,0,2.841978891436133e-08,0
site_05349,2,0,1.1003598220771718e-08,0
site_20715,2,0,1.1003598220771718e-08,0
site_13802,2,0,3.426629949824612e-08,0
site_00764,2,0,7.09285254435171e-09,0
site_18615,2,0,2.841978891436133e-08,0
site_11222,2,0,1.1003598220771718e-08,0
site_01490,2,1,0.9999999847865928,1
site_00108,2,1,0.9999997249845979,1
site_21513,2,0,1.1003598220771718e-08,0
site_21510,2,0,1.1003598220771718e-08,0
site_19341,2,0,1.1003598220771718e-08,0
site_18404,2,0,1.3090186126622184e-08,0
site_09093,2,0,1.1003598220771718e-08,0
site_02264,2,0,7.726699152523102e-09,0
site_18675,2,0,7.09285254435171e-09,0
site_01945,2,0,1.119589166529774e-08,0
site_07459,2,0,1.1003598220771718e-08,0
site_02907,2,0,1.3090186126622184e-08,0
site_01698,2,0,1.1003598220771718e-08,0
site_08325,2,0,7.09285254435171e-09,0
site_15521,2,0,1.2522407370335557e-08,0
site_05046,2,0,1.1003598220771718e-08,0
site_09572,2,0,1.1003598220771718e-08,0
site_12976,2,0,4.99821639792131e-09,0
site_19284,2,0,7.09285254435171e-09,0
site_13275,2,0,8.886417524258013e-09,0
site_09151,2,0,2.0082975103727093e-08,0
site_12650,2,0,1.4736561141886163e-10,0
site_10831,2,0,1.6883212648714294e-09,0
site_20343,2,1,0.9999999855773436,1
site_18255,2,0,1.1003598220771718e-08,0
site_01199,2,0,1.1003598220771718e-08,0
site_04477,2,0,1.3426688782514602e-06,0
site_07927,2,0,8.886417524258013e-09,0
site_02212,2,0,2.841978891436133e-08,0
site_15881,2,0,7.09285254435171e-09,0
site_19123,2,0,1.1003598220771718e-08,0
site_10533,2,0,2.73195564639267e-05,0
site_00209,2,0,1.948603099863585e-09,0
site_03199,2,0,1.1918575555538952e-08,0
site_10716,2,1,0.9999961329106732,1
site_14243,2,0,1.3090189079287008e-08,0
site_03055,2,1,0.9999997014989378,1
site_21134,2,0,3.736691954363237e-09,0
site_06076,2,0,3.7366927972235975e-09,0
site_12888,2,1,0.999999995728931,1
site_15345,2,0,3.7366927972235975e-09,0
site_01863,2,0,2.310138932567462e-06,0
site_19117,2,1,0.999999998401309,1
site_03516,2,0,3.426629949824612e-08,0
site_15153,2,0,1.3426688782514602e-06,0
site_12743,2,1,0.9999999900041278,1
site_04299,2,0,1.1003598220771718e-08,0
site_17911,2,0,1.1003598220771718e-08,0
site_01545,2,0,3.736689962353608e-09,0
site_06332,2,0,8.094377474457324e-09,0
site_14617,2,0,1.1003598220771718e-08,0
site_00379,2,1,0.9999999689020743,1
site_16664,2,1,0.9999999132524275,1
site_05460,2,0,1.3090189079287008e-08,0
site_12946,2,0,5.3039649711154145e-05,0
site_17261,2,0,1.1003598220771718e-08,0
site_11801,2,0,1.1003598220771718e-08,0
site_11345,2,0,7.09285254435171e-09,0
site_16263,2,0,8.886417524258013e-09,0
site_15674,2,0,1.1003598220771718e-08,0
site_01192,2,0,2.841978891436133e-08,0
site_14107,2,0,1.1003598220771718e-08,0
site_06533,2,0,7.09285254435171e-09,0
site_20267,2,1,0.9999999929572232,1
site_00112,2,0,1.1003598220771718e-08,0
site_14522,2,0,7.09285254435171e-09,0
site_11921,2,0,7.09285254435171e-09,0
site_07080,2,0,1.1003598220771718e-08,0
site_09426,2,0,7.09285254435171e-09,0
site_07095,2,0,7.09285254435171e-09,0
site_06189,2,0,1.1003598220771718e-08,0
site_14968,2,0,1.1003598220771718e-08,0
site_02413,2,1,0.9999995610482001,1
site_03118,2,0,1.1003598220771718e-08,0
site_02246,2,0,1.1003598220771718e-08,0
site_17155,2,0,2.0931109582202054e-08,0
site_01533,2,0,1.3090179148317071e-08,0
site_03746,2,0,7.09285254435171e-09,0
site_16884,2,0,8.07585881325777e-09,0
site_07852,2,0,7.726699152523102e-09,0
site_14286,2,0,3.736689962353608e-09,0
site_09450,2,0,1.1003598220771718e-08,0
site_19917,2,0,0.531475595969135,1
site_09211,2,0,1.1003598220771718e-08,0
site_17638,2,0,7.9294655158213e-10,0
site_19069,2,0,1.1003598220771718e-08,0
site_06125,2,0,7.09285254435171e-09,0
site_19513,2,0,2.73195564639267e-05,0
site_09180,2,0,7.09285254435171e-09,0
site_18343,2,0,2.841978891436133e-08,0
site_20439,2,0,1.1003598220771718e-08,0
site_11285,2,1,0.9999999779693483,1
site_08529,2,0,3.7366927972235975e-09,0
site_12591,2,0,7.726699152523102e-09,0
site_07743,2,0,7.726699152523102e-09,0
site_19935,2,1,0.9999999586777927,1
site_00038,2,1,0.9999999565853642,1
site_17577,2,0,4.421051148580221e-08,0
site_13544,2,0,1.2522397870117457e-08,0
site_13761,2,0,1.078860613476111e-08,0
site_21367,2,0,2.841978891436133e-08,0
site_18702,2,0,1.1003598220771718e-08,0
site_08185,2,0,1.078860613476111e-08,0
site_17116,2,0,6.12478492440807e-09,0
site_20673,2,1,0.9999999997180666,1
site_14655,2,0,5.3039649711154145e-05,0
site_09841,2,0,2.3346995905954004e-08,0
site_10345,2,0,1.1003598220771718e-08,0
site_03043,2,1,0.9999999931374346,1
site_16145,2,0,2.0931109582202054e-08,0
site_08131,2,0,1.1003598220771718e-08,0
site_11154,2,0,2.841978891436133e-08,0
site_08462,2,0,1.1918575555538952e-08,0
site_21060,2,1,0.9999999779693483,1
site_05299,2,0,1.1003598220771718e-08,0
site_09210,2,0,7.09285254435171e-09,0
site_06741,2,0,1.3426685753951859e-06,0
site_07190,2,0,7.09285254435171e-09,0
site_16151,2,0,8.886417524258013e-09,0
site_02839,2,1,0.9999997849305636,1
site_14252,2,0,7.726699152523102e-09,0
site_00406,2,0,1.1918575555538952e-08,0
site_07353,2,0,2.73195564639267e-05,0
site_14133,2,0,1.1003598220771718e-08,0
site_12304,2,0,1.1003598220771718e-08,0
site_10080,2,0,8.886417524258013e-09,0
site_17093,2,0,8.07585881325777e-09,0
site_01568,2,0,1.1003598220771718e-08,0
site_02301,2,1,0.9999999660254903,1
site_19779,2,0,1.1003598220771718e-08,0
site_05188,2,0,7.09285254435171e-09,0
site_11131,2,1,0.999999999743518,1
site_03744,2,0,1.1003598220771718e-08,0
site_13020,2,0,7.09285254435171e-09,0
site_09994,2,0,1.041147121451527e-07,0
site_06788,2,0,1.1003598220771718e-08,0
site_15018,2,0,7.09285254435171e-09,0
site_03505,2,0,3.736691954363237e-09,0
site_00831,2,0,7.726695033462916e-09,0
site_05013,2,0,8.07585881325777e-09,0
site_07116,2,0,7.09285254435171e-09,0
site_14126,2,0,7.09285254435171e-09,0
site_14779,2,0,1.1003598220771718e-08,0
site_05777,2,0,1.1003598220771718e-08,0
site_20637,2,0,7.09285254435171e-09,0
site_08079,2,0,3.7366927972235975e-09,0
site_17350,2,0,1.3090189079287008e-08,0
site_09611,2,0,2.9305412828247982e-08,0
site_13597,2,0,7.09285254435171e-09,0
site_07262,2,0,2.841978891436133e-08,0
site_03795,2,0,3.736689962353608e-09,0
site_21264,2,1,0.9999999981207082,1
site_00744,2,0,7.09285254435171e-09,0
site_10399,2,0,2.841978891436133e-08,0
site_09149,2,0,1.5879281908996155e-09,0
site_21237,2,1,0.9999999987579591,1
site_10987,2,1,0.9999997027347614,1
site_16152,2,0,1.1003598220771718e-08,0
site_21320,2,0,8.88641278695844e-09,0
site_08438,2,0,7.09285254435171e-09,0
site_10751,2,0,3.5683896921984745e-06,0
site_14668,2,0,2.4719110330193856e-07,0
site_04988,2,0,7.09285254435171e-09,0
site_12965,2,0,1.078860613476111e-08,0
site_07958,2,0,1.078860613476111e-08,0
site_10386,2,1,0.9999999565251224,1
site_14293,2,0,1.1003598220771718e-08,0
site_21087,2,0,3.736691954363237e-09,0
site_02374,2,0,7.09285254435171e-09,0
site_03099,2,1,0.9999999980603966,1
site_09667,2,0,7.09285254435171e-09,0
site_08983,2,0,1.1003598220771718e-08,0
site_06266,2,0,7.09285254435171e-09,0
site_02721,2,1,0.9999998927534726,1
site_04716,2,0,1.1003598220771718e-08,0
site_14851,2,0,2.841978891436133e-08,0
site_03489,2,0,8.09228653323446e-08,0
site_17729,2,0,1.1003598220771718e-08,0
site_13747,2,0,1.1003598220771718e-08,0
site_07897,2,0,1.1003598220771718e-08,0
site_00307,2,1,0.9999999789304335,1
site_12978,2,0,7.09285254435171e-09,0
site_01810,2,0,2.310138932567462e-06,0
site_00243,2,0,1.1003598220771718e-08,0
site_19404,2,0,6.771587120824883e-09,0
site_19331,2,0,2.841978891436133e-08,0
site_13238,2,0,3.736689962353608e-09,0
site_17513,2,0,8.88641278695844e-09,0
site_05729,2,0,7.09285254435171e-09,0
site_09250,2,1,0.9999999780065623,1
site_17686,2,0,7.726699152523102e-09,0
site_06323,2,0,1.1918575555538952e-08,0
site_02804,2,0,2.4719110330193856e-07,0
site_03316,2,0,3.999244873697035e-09,0
site_15042,2,0,1.1003598220771718e-08,0
site_11829,2,0,1.648331865222869e-07,0
site_08464,2,0,1.1918575555538952e-08,0
site_21286,2,0,3.458290747952411e-06,0
site_06930,2,0,1.1003598220771718e-08,0
site_15729,2,0,2.0931109582202054e-08,0
site_01562,2,0,8.07585450806252e-09,0
site_12638,2,1,0.9999999992683315,1
site_09275,2,0,7.87295840297598e-06,0
site_18718,2,0,1.1003598220771718e-08,0
site_12476,2,0,7.09285254435171e-09,0
site_19484,2,0,7.09285254435171e-09,0
site_13675,2,0,7.09285254435171e-09,0
site_10257,2,0,3.5465753080231276e-09,0
site_08782,2,0,7.09285254435171e-09,0
site_20755,2,0,7.09285254435171e-09,0
site_09998,2,0,1.042642081518124e-07,0
site_20515,2,0,2.841978891436133e-08,0
site_12103,2,0,7.09285254435171e-09,0
site_03129,2,0,1.1918575555538952e-08,0
site_16569,2,0,7.09285254435171e-09,0
site_16995,2,0,1.0755019678501588e-08,0
site_11584,2,0,9.97563467544629e-08,0
site_21319,2,0,1.1918575555538952e-08,0
site_20377,2,0,3.730413020729423e-09,0
site_07765,2,0,7.09285254435171e-09,0
site_04829,2,0,1.1003598220771718e-08,0
site_13828,2,0,3.999247907756427e-09,0
site_07461,2,0,7.09285254435171e-09,0
site_01288,2,1,0.9999994517015349,1
site_11139,2,1,0.9999999992610633,1
site_14132,2,0,7.09285254435171e-09,0
site_03473,2,1,0.9999999854411314,1
site_14022,2,0,1.1003598220771718e-08,0
site_04205,2,0,3.999247907756427e-09,0
site_20250,2,0,1.1003598220771718e-08,0
site_05266,2,0,7.09285254435171e-09,0
site_15458,2,0,1.1003598220771718e-08,0
site_15420,2,0,1.1003598220771718e-08,0
site_20190,2,0,1.1003598220771718e-08,0
site_16276,2,0,8.886417524258013e-09,0
site_04894,2,0,7.09285254435171e-09,0
site_11858,2,1,0.9999947876628045,1
site_20758,2,0,1.3426688782514602e-06,0
site_17110,2,0,3.736689962353608e-09,0
site_09934,2,0,2.841978891436133e-08,0
site_15808,2,0,2.841978891436133e-08,0
site_15642,2,0,1.1003598220771718e-08,0
site_16827,2,0,7.09285254435171e-09,0
site_04342,2,0,2.841978891436133e-08,0
site_07670,2,0,1.1003598220771718e-08,0
site_14410,2,0,7.09285254435171e-09,0
site_06021,2,0,7.872962599975383e-06,0
site_14774,2,0,8.886417524258013e-09,0
site_15487,2,0,1.1003598220771718e-08,0
site_00328,2,0,8.094377474457324e-09,0
site_03193,2,0,7.726695033462916e-09,0
site_14614,2,0,1.3426688782514602e-06,0
site_10988,2,0,2.128798670569931e-08,0
site_05303,2,0,1.1003598220771718e-08,0
site_00510,2,1,0.9999999931374346,1
site_14432,2,0,1.1003598220771718e-08,0
site_14047,2,0,1.1003598220771718e-08,0
site_18367,2,0,1.1003598220771718e-08,0
site_18196,2,0,7.09285254435171e-09,0
site_04912,2,0,7.09285254435171e-09,0
site_04213,2,0,7.09285254435171e-09,0
site_03339,2,1,0.9999999980967158,1
site_07026,2,0,7.09285254435171e-09,0
site_14869,2,0,1.1003598220771718e-08,0
site_16349,2,0,1.1003598220771718e-08,0
site_11416,2,1,0.9999999862183664,1
site_10039,2,0,7.09285254435171e-09,0
site_03592,2,0,1.1918575555538952e-08,0
site_09740,2,1,0.9999999971670837,1
site_16401,2,0,3.7366927972235975e-09,0
site_00054,2,1,0.999999779458675,1
site_01714,2,0,5.404773556204763e-08,0
site_19214,2,0,7.09285254435171e-09,0
site_18491,2,0,7.09285254435171e-09,0
site_09386,2,0,1.1003598220771718e-08,0
site_17700,2,0,3.1879753556956965e-07,0
site_05325,2,0,7.09285254435171e-09,0
site_18515,2,0,2.841978891436133e-08,0
site_04718,2,0,3.736691954363237e-09,0
site_11888,2,0,1.1003598220771718e-08,0
site_00312,2,0,7.09285254435171e-09,0
site_15730,2,0,1.4707747930502386e-05,0
site_20821,2,0,2.310138932567462e-06,0
site_04407,2,0,1.3426688782514602e-06,0
site_13388,2,0,1.1003598220771718e-08,0
site_07774,2,0,7.09285254435171e-09,0
site_15513,2,0,2.841978891436133e-08,0
site_10880,2,1,0.9999999984868231,1
site_04876,2,0,1.1003598220771718e-08,0
site_06589,2,0,1.342667859627019e-06,0
site_01952,2,0,8.094377474457324e-09,0
site_20203,2,1,0.9999999744836088,1
site_03017,2,0,3.736689962353608e-09,0
site_14345,2,0,1.1003598220771718e-08,0
site_09484,2,0,3.999247907756427e-09,0
site_15388,2,0,1.871170129906357e-08,0
site_15624,2,0,2.1245239952936935e-07,0
site_15909,2,0,0.0008425075883623722,0
site_19753,2,0,7.09285254435171e-09,0
site_10884,2,1,0.9999992425191648,1
site_02975,2,0,1.3090179148317071e-08,0
site_01653,2,1,0.00015322025042100685,0
site_15390,2,0,1.1003598220771718e-08,0
site_00952,2,0,1.078860613476111e-08,0
site_18788,2,0,7.09285254435171e-09,0
site_10620,2,1,0.9999999159830764,1
site_10109,2,1,0.9999999432991781,1
site_13092,2,0,9.772157579204205e-08,0
site_15471,2,0,1.3090186126622184e-08,0
site_15432,2,0,3.7366927972235975e-09,0
site_05398,2,0,1.1003598220771718e-08,0
site_20049,2,0,1.1003598220771718e-08,0
site_03503,2,0,1.1918575555538952e-08,0
site_02191,2,0,7.726695033462916e-09,0
site_17934,2,0,1.1003598220771718e-08,0
site_07003,2,0,2.73195564639267e-05,0
site_02986,2,0,2.841978891436133e-08,0
site_20722,2,0,7.09285254435171e-09,0
site_14479,2,0,7.09285254435171e-09,0
site_15940,2,0,1.1003598220771718e-08,0
site_10378,2,1,0.999999922932049,1
site_11467,2,0,1.3426688782514602e-06,0
site_11518,2,0,8.094377474457324e-09,0
site_15843,2,0,7.872964375812395e-06,0
site_09631,2,0,8.63009155764798e-06,0
site_20154,2,0,7.09285254435171e-09,0
site_18010,2,0,7.09285254435171e-09,0
site_21287,2,1,0.999999998193198,1
site_00296,2,0,3.5208615429567294e-07,0
site_01696,2,0,2.841978891436133e-08,0
site_12175,2,0,7.09285254435171e-09,0
site_08948,2,0,1.1003598220771718e-08,0
site_16997,2,0,7.726699152523102e-09,0
site_12554,2,0,1.1003598220771718e-08,0
site_02985,2,0,7.726695033462916e-09,0
site_18885,2,0,1.1003598220771718e-08,0
site_19075,2,0,7.09285254435171e-09,0
site_09632,2,0,3.5465753080231276e-09,0
site_19174,2,0,1.1003598220771718e-08,0
site_00351,2,1,0.9999999996591642,1
site_12213,2,0,3.736691954363237e-09,0
site_10933,2,0,1.1003598220771718e-08,0
site_19215,2,0,1.3090189079287008e-08,0
site_13302,2,0,7.09285254435171e-09,0
site_10050,2,0,2.841978891436133e-08,0
site_00678,2,0,1.1003598220771718e-08,0
site_03639,2,0,1.3426688782514602e-06,0
site_03940,2,0,1.342667859627019e-06,0
site_12234,2,0,6.0993173628820145e-09,0
site_18390,2,0,7.09285254435171e-09,0
site_08560,2,0,1.1918575555538952e-08,0
site_16994,2,0,2.0931109582202054e-08,0
site_21022,2,0,9.858269108201012e-08,0
site_01080,2,0,3.736689962353608e-09,0
site_20187,2,0,3.426629949824612e-08,0
site_10133,2,0,3.736689962353608e-09,0
site_13393,2,0,1.3090189079287008e-08,0
site_21267,2,0,8.88641278695844e-09,0
site_17441,2,0,2.1460116233026897e-09,0
site_13282,2,0,3.7366927972235975e-09,0
site_04159,2,0,2.310138932567462e-06,0
site_17699,2,0,7.31895491416089e-08,0
site_20310,2,0,2.841978891436133e-08,0
site_07278,2,0,1.3426685753951859e-06,0
site_12260,3,1,0.9999999815266091,1
site_08314,3,0,7.81906394885083e-07,0
site_09358,3,0,1.1779701114840648e-06,0
site_11428,3,0,7.162907142248483e-06,0
site_14035,3,0,1.305635346896232e-07,0
site_16856,3,0,2.8405592388111865e-08,0
site_14506,3,0,1.305635346896232e-07,0
site_08839,3,0,4.475665354466672e-09,0
site_19177,3,0,1.3117569679389607e-07,0
site_21371,3,1,0.9999999982778824,1
site_04073,3,0,1.3507118983894919e-08,0
site_13138,3,0,4.472556107725285e-09,0
site_11639,3,0,1.5779559752007168e-07,0
site_11027,3,0,1.5783909927954662e-09,0
site_03382,3,0,4.255744736119237e-07,0
site_20076,3,0,7.431576812675739e-06,0
site_19095,3,0,4.475665354466672e-09,0
site_07884,3,0,1.1779701114840648e-06,0
site_03628,3,0,1.305635346896232e-07,0
site_14969,3,0,1.5779559752007168e-07,0
site_11058,3,0,4.2557463799735234e-07,0
site_03764,3,0,3.580681899759899e-07,0
site_16045,3,0,8.241220880252302e-06,0
site_01539,3,0,3.580680927360879e-07,0
site_07874,3,0,1.6967764058067096e-09,0
site_08318,3,0,7.81906394885083e-07,0
site_20859,3,1,0.9999999988182511,1
site_10347,3,0,1.362943036709074e-08,0
site_17651,3,0,3.580681899759899e-07,0
site_13599,3,0,1.5779559752007168e-07,0
site_12221,3,0,1.1779701114840648e-06,0
site_00295,3,0,1.6005897366384334e-10,0
site_07428,3,0,1.3117574746277014e-07,0
site_20416,3,0,1.3053336353904693e-05,0
site_18965,3,0,1.3117574746277014e-07,0
site_11455,3,0,1.305635346896232e-07,0
site_14057,3,0,3.003299089483836e-06,0
site_01140,3,1,0.9999999931410839,1
site_02340,3,0,1.5041880076371868e-10,0
site_02869,3,0,4.711238184776707e-07,0
site_16082,3,0,4.475665354466672e-09,0
site_09312,3,0,1.7473075218534615e-10,0
site_11011,3,1,0.9999999975532716,1
site_02175,3,0,6.958345443431143e-09,0
site_17517,3,0,3.580680927360879e-07,0
site_17804,3,0,7.819060928605714e-07,0
site_03356,3,0,1.305635346896232e-07,0
site_19246,3,1,0.9999999958663486,1
site_04933,3,0,8.79926817901269e-06,0
site_10319,3,0,1.305635346896232e-07,0
site_01500,3,0,1.5041880076371868e-10,0
site_02270,3,0,1.2805001412408457e-07,0
site_13724,3,0,1.2805001412408457e-07,0
site_10685,3,0,4.472556107725285e-09,0
site_16830,3,0,4.2557463799735234e-07,0
site_17914,3,0,1.305635346896232e-07,0
site_18957,3,0,4.472556107725285e-09,0
site_17917,3,0,1.305635346896232e-07,0
site_10717,3,0,8.22752849023375e-06,0
site_03641,3,0,4.2557463799735234e-07,0
site_11660,3,0,3.580681899759899e-07,0
site_04869,3,0,1.305635346896232e-07,0
site_05000,3,0,1.2805001412408457e-07,0
site_15135,3,0,1.2805001412408457e-07,0
site_10271,3,0,1.328991227079247e-07,0
site_08481,3,0,1.305635346896232e-07,0
site_03893,3,0,7.81906394885083e-07,0
site_06880,3,0,1.305635346896232e-07,0
site_00663,3,0,1.328991227079247e-07,0
site_14018,3,0,1.3117574746277014e-07,0
site_08384,3,0,4.472556107725285e-09,0
site_15110,3,0,4.475665354466672e-09,0
site_10731,3,1,0.9999999652622681,1
site_20191,3,0,4.472556107725285e-09,0
site_10180,3,0,1.305635346896232e-07,0
site_07924,3,0,1.4371609531196914e-08,0
site_19286,3,0,8.894323597808445e-08,0
site_06690,3,0,1.3117574746277014e-07,0
site_11063,3,0,1.2805001412408457e-07,0
site_03384,3,0,1.3117569679389607e-07,0
site_00892,3,0,2.7721837307801993e-09,0
site_10114,3,0,1.2879247174346725e-06,0
site_01361,3,0,8.50625876856161e-08,0
site_06264,3,0,1.3056348425722676e-07,0
site_04385,3,0,1.3893681470555055e-07,0
site_04504,3,0,1.305635346896232e-07,0
site_11701,3,1,0.9999999946985003,1
site_08610,3,0,4.472556107725285e-09,0
site_06609,3,0,1.5779559752007168e-07,0
site_16142,3,0,1.5779559752007168e-07,0
site_01946,3,0,4.409466784488961e-09,0
site_21308,3,1,0.9999999991218453,1
site_06269,3,0,1.3289933651119445e-07,0
site_06628,3,0,8.79926817901269e-06,0
site_06495,3,0,1.5168923921011968e-08,0
site_05854,3,0,1.3117574746277014e-07,0
site_19610,3,0,1.3117574746277014e-07,0
site_00342,3,1,0.9999999986511703,1
site_04345,3,0,4.2557463799735234e-07,0
site_06062,3,0,1.5330942021610836e-07,0
site_14383,3,0,1.3117574746277014e-07,0
site_06767,3,0,1.3289933651119445e-07,0
site_17332,3,1,0.9999999514978951,1
site_02203,3,0,4.2557463799735234e-07,0
site_19146,3,0,2.772184801584089e-09,0
site_09870,3,0,1.9947237678035508e-05,0
site_00705,3,0,1.3893676103883204e-07,0
site_10989,3,0,1.1182918107102768e-05,0
site_06334,3,0,2.1033486350371943e-08,0
site_04852,3,0,8.894323597808445e-08,0
site_04498,3,0,1.3289933651119445e-07,0
site_12610,3,0,7.195465604662894e-10,0
site_07176,3,0,1.3117574746277014e-07,0
site_00407,3,0,1.3507118983894919e-08,0
site_03059,3,0,1.328991227079247e-07,0
site_01908,3,0,4.475665354466672e-09,0
site_05625,3,0,7.81906394885083e-07,0
site_20218,3,1,0.9999999436426713,1
site_01218,3,0,2.4149262718736743e-06,0
site_13708,3,0,1.305635346896232e-07,0
site_09097,3,0,4.2557463799735234e-07,0
site_13451,3,0,1.3582205181349417e-09,0
site_03836,3,0,1.305635346896232e-07,0
site_13844,3,0,4.2557463799735234e-07,0
site_10799,3,0,1.3117574746277014e-07,0
site_00527,3,0,1.305635346896232e-07,0
site_06774,3,0,2.772184801584089e-09,0
site_12922,3,0,3.580681899759899e-07,0
site_18712,3,0,1.5779559752007168e-07,0
site_17415,3,0,1.5168923921011968e-08,0
site_05836,3,0,4.409466784488961e-09,0
site_04524,3,0,3.003299089483836e-06,0
site_21239,3,0,4.2557463799735234e-07,0
site_10392,3,0,8.89432016222382e-08,0
site_17398,3,0,1.5330942021610836e-07,0
site_10905,3,0,1.2805001412408457e-07,0
site_04310,3,0,4.2557463799735234e-07,0
site_18216,3,0,1.305635346896232e-07,0
site_20382,3,0,4.472556107725285e-09,0
site_04047,3,0,3.580681899759899e-07,0
site_15618,3,0,1.3893681470555055e-07,0
site_08389,3,0,2.9676188055079717e-09,0
site_02841,3,0,1.2879247174346725e-06,0
site_19191,3,0,1.3893681470555055e-07,0
site_02744,3,0,1.305635346896232e-07,0
site_19391,3,1,0.9999999837336948,1
site_02787,3,1,0.9999999997989222,1
site_07864,3,0,1.3893681470555055e-07,0
site_01063,3,0,1.3558532305857925e-06,0
site_05055,3,0,3.580681899759899e-07,0
site_02641,3,0,3.580681899759899e-07,0
site_19852,3,0,1.3056348425722676e-07,0
site_13677,3,0,1.3056348425722676e-07,0
site_04941,3,0,2.1033486350371943e-08,0
site_19942,3,0,1.305635346896232e-07,0
site_10524,3,0,1.3056348425722676e-07,0
site_11281,3,0,6.23499003611283e-06,0
site_01136,3,1,0.9999999871778121,1
site_09673,3,0,4.2557463799735234e-07,0
site_19848,3,0,4.472556107725285e-09,0
site_16629,3,0,1.2805001412408457e-07,0
site_04679,3,0,1.3117574746277014e-07,0
site_01710,3,0,1.2804996466257828e-07,0
site_15454,3,0,1.3117574746277014e-07,0
site_13348,3,0,4.4265619056449144e-09,0
site_11289,3,0,3.750854649747383e-09,0
site_10203,3,0,1.3117574746277014e-07,0
site_06940,3,0,4.472556107725285e-09,0
site_10624,3,1,0.9999999936942343,1
site_07319,3,0,1.3117574746277014e-07,0
site_00024,3,1,0.9999985492205004,1
site_13905,3,0,1.4371609531196914e-08,0
site_17121,3,1,0.9999998651773618,1
site_01312,3,0,4.4756636256642274e-09,0
site_15525,3,0,1.3117574746277014e-07,0
site_07943,3,0,1.328991227079247e-07,0
site_17996,3,0,8.894323597808445e-08,0
site_02974,3,0,3.580681899759899e-07,0
site_10038,3,0,1.5779559752007168e-07,0
site_13792,3,0,4.4756636256642274e-09,0
site_16464,3,0,1.305635346896232e-07,0
site_14429,3,0,1.2805001412408457e-07,0
site_12597,3,0,1.305635346896232e-07,0
site_13745,3,0,3.5632157615600395e-06,0
site_01342,3,0,1.3893676103883204e-07,0
site_17949,3,0,1.5779559752007168e-07,0
site_01238,3,0,7.819060928605714e-07,0
site_06995,3,0,1.5779559752007168e-07,0
site_14708,3,0,1.3117574746277014e-07,0
site_09808,3,0,4.409468487721732e-09,0
site_05377,3,0,7.81906394885083e-07,0
site_01744,3,0,4.255744736119237e-07,0
site_02097,3,0,1.5041884161269372e-10,0
site_18643,3,0,1.5330942021610836e-07,0
site_02908,3,0,3.580681899759899e-07,0
site_16678,3,1,0.9999999703878166,1
site_12038,3,0,1.1779701114840648e-06,0
site_01630,3,0,1.5041880076371868e-10,0
site_12306,3,0,1.305635346896232e-07,0
site_20031,3,0,4.475665354466672e-09,0
site_05835,3,0,1.3056348425722676e-07,0
site_06290,3,0,3.580681899759899e-07,0
site_03235,3,0,1.5779559752007168e-07,0
site_17472,3,0,8.371123552950629e-07,0
site_11264,3,1,0.9998770074022805,1
site_03056,3,1,0.9999999967691044,1
site_04514,3,0,3.87055109135e-06,0
site_21457,3,0,1.4371603979916494e-08,0
site_03861,3,0,3.580681899759899e-07,0
site_18500,3,0,4.2557463799735234e-07,0
site_10599,3,0,0.00015877542831909593,0
site_17311,3,0,1.3893676103883204e-07,0
site_20222,3,0,7.81906394885083e-07,0
site_20232,3,0,4.2557463799735234e-07,0
site_07397,3,0,1.305635346896232e-07,0
site_18955,3,0,1.3582205181349417e-09,0
site_08315,3,0,2.1033486350371943e-08,0
site_16935,3,0,4.472556107725285e-09,0
site_14143,3,0,1.476299563790857e-09,0
site_19658,3,1,0.9999999860633688,1
site_03013,3,0,4.2557463799735234e-07,0
site_00972,3,0,1.1779701114840648e-06,0
site_07650,3,0,2.9676188055079717e-09,0
site_21471,3,0,4.4756636256642274e-09,0
site_09726,3,1,0.9999998617295842,1
site_01971,3,0,3.580681899759899e-07,0
site_03100,3,1,0.9999999987568617,1
site_05252,3,0,1.305635346896232e-07,0
site_06285,3,0,1.305635346896232e-07,0
site_16025,3,0,3.580681899759899e-07,0
site_02631,3,0,3.580681899759899e-07,0
site_02411,3,0,8.58448288316155e-09,0
site_07370,3,0,1.5779559752007168e-07,0
site_06194,3,0,7.819060928605714e-07,0
site_15422,3,0,1.3893681470555055e-07,0
site_14244,3,0,1.2810637196361215e-07,0
site_14388,3,0,1.5330942021610836e-07,0
site_11673,3,0,1.305635346896232e-07,0
site_08471,3,0,1.4371609531196914e-08,0
site_10915,3,0,1.3117574746277014e-07,0
site_12241,3,0,1.751089281534523e-07,0
site_09472,3,0,1.362943036709074e-08,0
site_05613,3,0,1.822303762182605e-09,0
site_15258,3,0,1.3117574746277014e-07,0
site_12937,3,0,1.3893681470555055e-07,0
site_19823,3,0,2.772184801584089e-09,0
site_19926,3,1,0.9999999986511703,1
site_17117,3,0,4.255744736119237e-07,0
site_13246,3,0,2.9579982053434503e-06,0
site_05566,3,1,0.9999999328562582,1
site_17445,3,0,4.2557463799735234e-07,0
site_17144,3,0,1.2805001412408457e-07,0
site_02522,3,0,4.472556107725285e-09,0
site_06586,3,0,1.5779559752007168e-07,0
site_01155,3,0,3.580680927360879e-07,0
site_21253,3,1,0.9999999986511703,1
site_08809,3,0,1.476299563790857e-09,0
site_11907,3,0,2.1033486350371943e-08,0
site_14725,3,0,4.475665354466672e-09,0
site_01386,3,0,1.3056348425722676e-07,0
site_09306,3,0,1.2805001412408457e-07,0
site_06695,3,0,1.5779559752007168e-07,0
site_08370,3,0,3.87055109135e-06,0
site_07539,3,0,7.81906394885083e-07,0
site_16649,3,0,1.305635346896232e-07,0
site_19546,3,0,1.5779559752007168e-07,0
site_12290,3,0,1.1777743194617986e-06,0
site_13501,3,0,1.328991227079247e-07,0
site_01364,3,1,0.9999997070385273,1
site_09659,3,0,1.3117574746277014e-07,0
site_03880,3,0,4.079922327562342e-06,0
site_16388,3,0,1.3117574746277014e-07,0
site_10234,3,0,2.6002516901217078e-08,0
site_15710,3,0,4.2557463799735234e-07,0
site_18221,3,0,1.3893681470555055e-07,0
site_00484,3,0,1.3893676103883204e-07,0
site_16564,3,0,3.580681899759899e-07,0
site_16953,3,0,7.819060928605714e-07,0
site_12707,3,0,1.5779559752007168e-07,0
site_03681,3,0,1.3056348425722676e-07,0
site_11132,3,1,0.9999993406330758,1
site_20587,3,0,1.305635346896232e-07,0
site_09072,3,0,1.995590091291667e-10,0
site_14685,3,0,1.5779559752007168e-07,0
site_06597,3,0,1.3117574746277014e-07,0
site_20990,3,0,4.2557463799735234e-07,0
site_17767,3,0,4.475665354466672e-09,0
site_02644,3,0,1.3056348425722676e-07,0
site_05674,3,0,3.5632157615600395e-06,0
site_06267,3,0,1.3117574746277014e-07,0
site_04471,3,0,2.9676188055079717e-09,0
site_18181,3,0,1.328991227079247e-07,0
site_05973,3,0,1.3893676103883204e-07,0
site_10502,3,0,8.89432016222382e-08,0
site_13658,3,0,4.575482186245647e-06,0
site_09325,3,1,0.9999999968697677,1
site_04391,3,0,2.1033486350371943e-08,0
site_08562,3,0,1.5779559752007168e-07,0
site_09197,3,0,2.4015269493806905e-06,0
site_00415,3,0,1.1137284009354421e-06,0
site_15798,3,0,3.580681899759899e-07,0
site_03500,3,0,3.580681899759899e-07,0
site_15384,3,0,1.305635346896232e-07,0
site_15229,3,0,1.5779559752007168e-07,0
site_06797,3,0,1.3117574746277014e-07,0
site_14931,3,0,1.57218461938211e-06,0
site_09951,3,0,7.81906394885083e-07,0
site_16962,3,1,0.9999999986512285,1
site_15193,3,0,1.3117574746277014e-07,0
site_09196,3,0,1.5168923921011968e-08,0
site_21364,3,0,8.79926817901269e-06,0
site_17827,3,0,7.81906394885083e-07,0
site_18611,3,0,4.2557463799735234e-07,0
site_08434,3,0,1.3893681470555055e-07,0
site_05865,3,0,1.5168923921011968e-08,0
site_03358,3,0,1.328991227079247e-07,0
site_02678,3,0,2.373526464209832e-06,0
site_10852,3,0,4.6685623991640264e-05,0
site_15723,3,0,1.305635346896232e-07,0
site_11166,3,0,1.3117574746277014e-07,0
site_18006,3,0,5.7042598938387793e-11,0
site_02229,3,1,0.9999999980509835,1
site_00979,3,0,7.819060928605714e-07,0
site_14979,3,0,8.371126786439131e-07,0
site_20985,3,0,1.2805001412408457e-07,0
site_13920,3,0,4.472556107725285e-09,0
site_06242,3,0,2.4015262972038857e-06,0
site_12129,3,1,0.9999999213369031,1
site_17596,3,0,3.580681899759899e-07,0
site_05227,3,0,1.3117574746277014e-07,0
site_18405,3,0,1.3117574746277014e-07,0
site_21351,3,1,0.9999999584391319,1
site_18730,3,0,9.263147832071106e-10,0
site_01903,3,0,1.1779701114840648e-06,0
site_19862,3,1,0.9999999986511703,1
site_21493,3,0,1.4762989935448486e-09,0
site_09057,3,0,1.2805001412408457e-07,0
site_08022,3,0,4.2557463799735234e-07,0
site_16408,3,0,1.305635346896232e-07,0
site_08976,3,0,1.5779559752007168e-07,0
site_15209,3,0,1.305635346896232e-07,0
site_13196,3,0,1.4127202894993966e-07,0
site_04292,3,0,1.5779559752007168e-07,0
site_06532,3,0,4.4265619056449144e-09,0
site_04090,3,0,3.580681899759899e-07,0
site_00585,3,0,1.2804996466257828e-07,0
site_09563,3,0,1.305635346896232e-07,0
site_17504,3,0,1.328991227079247e-07,0
site_10197,3,0,1.3289933651119445e-07,0
site_06530,3,0,4.472556107725285e-09,0
site_18443,3,0,1.2805001412408457e-07,0
site_00421,3,1,0.9999999986512285,1
site_10083,3,0,1.305635346896232e-07,0
site_05372,3,0,1.3117574746277014e-07,0
site_11895,3,0,1.1779701114840648e-06,0
site_19201,3,0,8.371126786439131e-07,0
site_04662,3,0,4.472556107725285e-09,0
site_19510,3,0,1.3056348425722676e-07,0
site_03760,3,0,3.003299089483836e-06,0
site_13762,3,0,1.3117574746277014e-07,0
site_15204,3,0,1.5330942021610836e-07,0
site_06252,3,0,2.9676179995970575e-09,0
site_00337,3,1,0.9999928163352889,1
site_13605,3,0,1.2805001412408457e-07,0
site_18839,3,1,0.8978915867174332,1
site_15929,3,0,1.305635346896232e-07,0
site_11627,3,0,4.4265619056449144e-09,0
site_01231,3,0,3.580680927360879e-07,0
site_01896,3,0,1.3056348425722676e-07,0
site_09288,3,0,1.305635346896232e-07,0
site_15704,3,0,1.4371609531196914e-08,0
site_01916,3,0,3.1383748301046673e-06,0
site_14488,3,0,2.1033486350371943e-08,0
site_20983,3,0,1.3893681470555055e-07,0
site_11623,3,0,1.3507118983894919e-08,0
site_21133,3,0,3.580681899759899e-07,0
site_10788,3,0,2.9676188055079717e-09,0
site_08965,3,0,1.5779559752007168e-07,0
site_03945,3,0,1.5779559752007168e-07,0
site_15248,3,0,1.3117574746277014e-07,0
site_16640,3,0,3.580681899759899e-07,0
site_15862,3,0,4.475665354466672e-09,0
site_10265,3,0,1.2275512387812965e-06,0
site_11526,3,0,3.580681899759899e-07,0
site_06979,3,0,1.5779559752007168e-07,0
site_12254,3,1,0.9999999938091784,1
site_17241,3,0,1.2143885010898206e-08,0
site_10658,3,0,1.305635346896232e-07,0
site_07554,3,0,1.3117574746277014e-07,0
site_00126,3,1,0.9999999986511703,1
site_20748,3,0,2.764917447283342e-07,0
site_18996,3,0,3.580681899759899e-07,0
site_10734,3,0,1.2879247174346725e-06,0
site_02354,3,0,1.1182918107102768e-05,0
site_10414,3,0,1.305635346896232e-07,0
site_10815,3,0,1.3117574746277014e-07,0
site_17984,3,0,1.5779559752007168e-07,0
site_13945,3,0,1.5779559752007168e-07,0
site_08225,3,0,1.328991227079247e-07,0
site_13214,3,0,4.4756636256642274e-09,0
site_03412,3,0,2.9579982053434503e-06,0
site_06399,3,0,7.81906394885083e-07,0
site_14168,3,0,3.580681899759899e-07,0
site_10350,3,0,1.2805001412408457e-07,0
site_13891,3,0,1.5779559752007168e-07,0
site_17616,3,0,7.819060928605714e-07,0
site_14693,3,0,4.2557463799735234e-07,0
site_00955,3,0,2.9676179995970575e-09,0
site_20017,3,0,1.5779559752007168e-07,0
site_01176,3,1,0.9999999944659479,1
site_08366,3,0,3.580681899759899e-07,0
site_01478,3,0,4.255744736119237e-07,0
site_00017,3,1,0.9999999904345064,1
site_03211,3,1,0.9999999987774106,1
site_19539,3,0,1.305635346896232e-07,0
site_12604,3,0,3.580681899759899e-07,0
site_09693,3,0,4.2557463799735234e-07,0
site_02028,3,0,1.4127202894993966e-07,0
site_14011,3,0,1.2805001412408457e-07,0
site_20599,3,0,1.3117569679389607e-07,0
site_02336,3,0,3.633811816286621e-08,0
site_00889,3,0,2.4015262972038857e-06,0
site_04480,3,0,2.4015269493806905e-06,0
site_21154,3,1,0.9999999968832536,1
site_08024,3,0,2.4015269493806905e-06,0
site_11870,3,0,2.6002516901217078e-08,0
site_06709,3,0,1.3507118983894919e-08,0
site_05033,3,0,1.305635346896232e-07,0
site_21187,3,0,4.4756636256642274e-09,0
site_09745,3,0,3.596236383286919e-05,0
site_20079,3,0,2.772184801584089e-09,0
site_13108,3,1,0.9999927826513039,1
site_09675,3,0,4.2557463799735234e-07,0
site_19088,3,0,1.2810637196361215e-07,0
site_09283,3,0,1.3289933651119445e-07,0
site_15981,3,0,1.6103305298311777e-06,0
site_10592,3,0,6.23499003611283e-06,0
site_17496,3,0,1.5779559752007168e-07,0
site_16858,3,0,1.5296803613527747e-09,0
site_01233,3,0,3.4621601594437846e-10,0
site_10322,3,0,2.9676188055079717e-09,0
site_03073,3,0,3.580681899759899e-07,0
site_20621,3,0,1.0092054975508557e-05,0
site_05387,3,0,1.3893681470555055e-07,0
site_18692,3,0,1.3056348425722676e-07,0
site_07624,3,0,1.3117574746277014e-07,0
site_03016,3,0,7.81906394885083e-07,0
site_19447,3,0,1.3117569679389607e-07,0
site_05978,3,0,2.4015262972038857e-06,0
site_15359,3,0,1.5779559752007168e-07,0
site_20971,3,0,4.472556107725285e-09,0
site_04314,3,0,1.5330942021610836e-07,0
site_08811,3,0,8.894323597808445e-08,0
site_01415,3,0,2.4015262972038857e-06,0
site_01236,3,0,1.4371603979916494e-08,0
site_00844,3,0,1.3117569679389607e-07,0
site_06656,3,0,1.3893681470555055e-07,0
site_00170,3,0,1.6005897366384334e-10,0
site_19321,3,1,0.999999479873425,1
site_01184,3,0,1.362943036709074e-08,0
site_07712,3,0,1.305635346896232e-07,0
site_14991,3,0,1.5779559752007168e-07,0
site_07515,3,0,1.3117574746277014e-07,0
site_11667,3,0,3.580681899759899e-07,0
site_19714,3,0,1.4127202894993966e-07,0
site_10418,3,0,1.362943036709074e-08,0
site_11566,3,0,2.2464545027371018e-09,0
site_05643,3,1,0.9999999988459061,1
site_19677,3,1,0.9999999927644638,1
site_09456,3,0,1.5779559752007168e-07,0
site_02015,3,0,1.0005284828635577e-06,0
site_06119,3,0,1.3056348425722676e-07,0
site_12556,3,0,1.227551712943605e-06,0
site_05225,3,0,1.2805001412408457e-07,0
site_09751,3,0,1.6727688124015373e-06,0
site_12162,3,0,1.305635346896232e-07,0
site_18454,3,0,1.3117574746277014e-07,0
site_01291,3,0,1.7945152178188496e-09,0
site_08098,3,0,2.772184801584089e-09,0
site_19738,3,1,0.9999999132860014,1
site_10702,3,0,1.5779559752007168e-07,0
site_18693,3,0,1.4762989935448486e-09,0
site_11612,3,0,8.371126786439131e-07,0
site_00897,3,1,0.999999984716011,1
site_07307,3,0,1.305635346896232e-07,0
site_12441,3,0,7.81906394885083e-07,0
site_18182,3,0,1.2805001412408457e-07,0
site_03427,3,0,1.2805001412408457e-07,0
site_15650,3,0,3.580681899759899e-07,0
site_20276,3,0,3.2887722331629227e-07,0
site_04759,3,0,4.475665354466672e-09,0
site_08476,3,0,1.305635346896232e-07,0
site_04752,3,0,4.2557463799735234e-07,0
site_10680,3,0,1.305635346896232e-07,0
site_00657,3,0,1.516891806175521e-08,0
site_06321,3,0,2.7721837307801993e-09,0
site_09535,3,0,1.305635346896232e-07,0
site_15661,3,0,2.1033486350371943e-08,0
site_19299,3,0,1.5330942021610836e-07,0
site_12964,3,0,1.305635346896232e-07,0
site_09020,3,0,1.3056348425722676e-07,0
site_05017,3,0,1.5779559752007168e-07,0
site_10609,3,1,0.9999999659920376,1
site_07690,3,0,1.3893681470555055e-07,0
site_10000,3,0,4.255744736119237e-07,0
site_19693,3,0,1.5779559752007168e-07,0
site_07877,3,0,1.305635346896232e-07,0
site_16225,3,0,4.475665354466672e-09,0
site_00603,3,0,4.255744736119237e-07,0
site_10329,3,0,1.305635346896232e-07,0
site_10528,3,0,1.5779559752007168e-07,0
site_20314,3,0,9.263147832071106e-10,0
site_06478,3,0,1.3117574746277014e-07,0
site_07064,3,0,1.5779559752007168e-07,0
site_18266,3,0,1.3740745427431017e-06,0
site_13373,3,0,2.1033486350371943e-08,0
site_03304,3,0,3.580681899759899e-07,0
site_01883,3,0,3.580680927360879e-07,0
site_18155,3,0,5.7042598938387793e-11,0
site_14394,3,0,1.3117574746277014e-07,0
site_02726,3,1,0.9999999991484567,1
site_14813,3,0,1.305635346896232e-07,0
site_21531,3,0,1.412719743812049e-07,0
site_09520,3,0,8.30900369669843e-06,0
site_11270,3,1,0.9999999998970084,1
site_15877,3,0,1.4371609531196914e-08,0
site_11486,3,0,1.3117574746277014e-07,0
site_19022,3,0,1.3893681470555055e-07,0
site_16310,3,1,0.9999998922675103,1
site_01745,3,0,4.255744736119237e-07,0
site_12723,3,0,4.2557463799735234e-07,0
site_08429,3,0,1.3117574746277014e-07,0
site_14524,3,0,4.2557463799735234e-07,0
site_11437,3,0,8.880863505064113e-08,0
site_18773,3,0,1.305635346896232e-07,0
site_06152,3,0,4.2557463799735234e-07,0
site_14539,3,0,2.9676188055079717e-09,0
site_13514,3,0,1.305635346896232e-07,0
site_06924,3,0,1.3117574746277014e-07,0
site_14165,3,0,4.575483428795799e-06,0
site_19958,3,0,1.5330942021610836e-07,0
site_14472,3,0,1.3117574746277014e-07,0
site_14665,3,0,1.2805001412408457e-07,0
site_12301,3,0,1.328991227079247e-07,0
site_00937,3,0,1.328991227079247e-07,0
site_18382,3,0,1.1779701114840648e-06,0
site_01448,3,0,1.2804996466257828e-07,0
site_16683,3,0,4.2557463799735234e-07,0
site_03292,3,0,1.305635346896232e-07,0
site_14152,3,0,5.0237394892033754e-06,0
site_11274,3,0,1.036190111998189e-05,0
site_01215,3,1,0.9999999941511826,1
site_11219,3,0,1.305635346896232e-07,0
site_15081,3,0,1.3117574746277014e-07,0
site_19046,3,1,0.9999999813981587,1
site_10145,3,0,1.3056348425722676e-07,0
site_05139,3,0,1.305635346896232e-07,0
site_14278,3,0,1.3117574746277014e-07,0
site_01203,3,1,0.9999999987568617,1
site_14406,3,0,1.6967764058067096e-09,0
site_19907,3,0,3.462161099656677e-10,0
site_12368,3,0,4.472556107725285e-09,0
site_12971,3,0,1.5041880076371868e-10,0
site_00283,3,0,4.255744736119237e-07,0
site_19891,3,0,4.475665354466672e-09,0
site_06955,3,0,2.772184801584089e-09,0
site_14663,3,0,2.1033486350371943e-08,0
site_05686,3,0,1.3289933651119445e-07,0
site_06435,3,0,1.305635346896232e-07,0
site_19044,3,0,1.2804996466257828e-07,0
site_00982,3,0,7.819060928605714e-07,0
site_09970,3,0,6.694037154276592e-10,0
site_03395,3,0,1.5779559752007168e-07,0
site_07471,3,0,4.475665354466672e-09,0
site_07355,3,0,1.3507118983894919e-08,0
site_20351,3,0,2.5164106058302496e-05,0
site_03649,3,0,3.580681899759899e-07,0
site_16880,3,0,1.4371609531196914e-08,0
site_14389,3,0,1.305635346896232e-07,0
site_15189,3,0,1.305635346896232e-07,0
site_17051,3,0,1.2805001412408457e-07,0
site_16608,3,0,0.9999049821786513,1
site_02926,3,0,1.3117569679389607e-07,0
site_06193,3,0,1.5779559752007168e-07,0
site_20325,3,0,1.2804996466257828e-07,0
site_03370,3,0,1.5779559752007168e-07,0
site_20724,3,0,4.8661454934927434e-09,0
site_03092,3,0,1.3117569679389607e-07,0
site_12383,3,1,0.9999999998970084,1
site_14340,3,0,9.263147832071106e-10,0
site_01175,3,1,0.999999979427131,1
site_05876,3,0,7.81906394885083e-07,0
site_02563,3,0,7.81906394885083e-07,0
site_10248,3,1,0.9999999724992975,1
site_13148,3,0,4.472556107725285e-09,0
site_20652,3,0,1.3117574746277014e-07,0
site_17016,3,0,1.3629425102489737e-08,0
site_07243,3,0,2.1033486350371943e-08,0
site_14666,3,0,1.4127202894993966e-07,0
site_16728,3,0,2.261981331395487e-07,0
site_00529,3,0,4.409468487721732e-09,0
site_05781,3,0,1.2973810257062767e-07,0
site_04341,3,0,4.2557463799735234e-07,0
site_18341,3,0,4.2557463799735234e-07,0
site_09294,3,0,1.305635346896232e-07,0
site_10283,3,0,4.475665354466672e-09,0
site_13999,3,0,1.214388032011454e-08,0
site_18278,3,0,1.5779559752007168e-07,0
site_17206,3,0,3.580681899759899e-07,0
site_02478,3,1,0.9999999943690543,1
site_03797,3,0,1.305635346896232e-07,0
site_05541,3,0,4.472556107725285e-09,0
site_17974,3,0,1.3893681470555055e-07,0
site_09418,3,0,2.7492348741237803e-06,0
site_01306,3,0,3.0032982738857323e-06,0
site_10183,3,0,1.3893681470555055e-07,0
site_02890,3,1,0.9999999982778824,1
site_08943,3,0,1.3117569679389607e-07,0
site_05752,3,1,0.9999999858612476,1
site_03045,3,1,0.9999999986511703,1
site_02369,3,0,3.580681899759899e-07,0
site_12679,3,0,1.3893681470555055e-07,0
site_17721,3,0,3.580681899759899e-07,0
site_16178,3,1,0.9999994229680033,1
site_06461,3,0,1.2275512387812965e-06,0
site_12170,3,0,1.5779559752007168e-07,0
site_13801,3,0,1.305635346896232e-07,0
site_09975,3,1,0.9999999237478383,1
site_08083,3,0,4.475665354466672e-09,0
site_01657,3,0,2.1674737785525502e-10,0
site_14865,3,0,1.1779701114840648e-06,0
site_20873,3,0,1.3117574746277014e-07,0
site_17578,3,0,7.101831509582722e-08,0
site_11739,3,0,9.263147832071106e-10,0
site_09703,3,0,2.9196425029249567e-10,0
site_18192,3,0,4.2557463799735234e-07,0
site_04402,3,0,7.81906394885083e-07,0
site_11300,3,0,1.3582205181349417e-09,0
site_00368,3,0,1.4127202894993966e-07,0
site_02676,3,0,2.9676188055079717e-09,0
site_05450,3,0,1.3117574746277014e-07,0
site_15493,3,0,1.2805001412408457e-07,0
site_08294,3,0,3.580681899759899e-07,0
site_03909,3,0,1.5779559752007168e-07,0
site_19269,3,0,1.2805001412408457e-07,0
site_02957,3,0,4.475665354466672e-09,0
site_18976,3,0,4.255744736119237e-07,0
site_05966,3,1,0.9999999986511703,1
site_09674,3,0,1.5779559752007168e-07,0
site_19952,3,0,1.305635346896232e-07,0
site_18998,3,0,1.305635346896232e-07,0
site_07170,3,0,1.5779559752007168e-07,0
site_19836,3,0,1.3507118983894919e-08,0
site_06515,3,0,3.580681899759899e-07,0
site_20085,3,0,1.5779559752007168e-07,0
site_03330,3,0,1.3117569679389607e-07,0
site_14961,3,0,1.5779559752007168e-07,0
site_08103,3,0,1.305635346896232e-07,0
site_19025,3,0,1.2805001412408457e-07,0
site_02299,3,1,0.9999999958596901,1
site_07184,3,0,1.3289933651119445e-07,0
site_01771,3,0,1.5041884161269372e-10,0
site_02238,3,1,0.9999999978139955,1
site_02081,3,0,1.3117574746277014e-07,0
site_18949,3,0,1.5330942021610836e-07,0
site_05822,3,1,0.9999999974191196,1
site_12667,3,0,4.472556107725285e-09,0
site_11205,3,0,7.81906394885083e-07,0
site_04088,3,0,3.580681899759899e-07,0
site_07296,3,0,1.305635346896232e-07,0
site_19122,3,0,7.81906394885083e-07,0
site_18403,3,0,4.472556107725285e-09,0
site_08642,3,0,1.5168923921011968e-08,0
site_15959,3,0,1.3893681470555055e-07,0
site_08011,3,0,2.1033486350371943e-08,0
site_08108,3,0,1.2973810257062767e-07,0
site_11974,3,0,4.255744736119237e-07,0
site_16140,3,0,4.2557463799735234e-07,0
site_05329,3,0,1.3507118983894919e-08,0
site_16610,3,0,4.9368160551758295e-08,0
site_10945,3,0,1.3117574746277014e-07,0
site_20597,3,0,1.1779696564734535e-06,0
site_16261,3,0,4.2557463799735234e-07,0
site_04537,3,0,4.079923435535319e-06,0
site_08674,3,0,1.3893681470555055e-07,0
site_17200,3,0,4.079923435535319e-06,0
site_19774,3,0,1.305635346896232e-07,0
site_13986,3,0,1.3117569679389607e-07,0
site_11925,3,0,1.5779559752007168e-07,0
site_15060,3,0,1.2810637196361215e-07,0
site_15446,3,0,1.3289933651119445e-07,0
site_10232,3,1,0.9999940968174547,1
site_16267,3,0,4.2557463799735234e-07,0
site_02906,3,0,3.580681899759899e-07,0
site_17490,3,0,4.471151901253454e-10,0
site_20174,3,0,1.0844678854831457e-06,0
site_13539,3,0,1.3117574746277014e-07,0
site_21103,3,0,3.580680927360879e-07,0
site_06107,3,0,1.3598058450296775e-07,0
site_13654,3,0,4.079923435535319e-06,0
site_11422,3,0,3.3678105790906585e-06,0
site_01118,3,0,2.4015262972038857e-06,0
site_14502,3,0,1.5779559752007168e-07,0
site_13960,3,0,1.1779701114840648e-06,0
site_11379,3,0,1.4902937655313537e-10,0
site_21120,3,1,0.9999999895494335,1
site_04452,3,0,1.305635346896232e-07,0
site_11204,3,0,4.472556107725285e-09,0
site_03429,3,0,1.1779699763722728e-06,0
site_18251,3,0,1.3117574746277014e-07,0
site_11985,3,0,1.995589320460792e-10,0
site_06902,3,0,8.371126786439131e-07,0
site_11173,3,0,1.5330942021610836e-07,0
site_02535,3,1,0.9999999369671699,1
site_16047,3,0,8.226263078875376e-06,0
site_08881,3,0,1.5783909927954662e-09,0
site_20745,3,0,1.0092054975508557e-05,0
site_05959,3,1,0.9999732060012118,1
site_20558,3,1,0.9999999935272921,1
site_04658,3,0,4.472556107725285e-09,0
site_18732,3,0,1.305635346896232e-07,0
site_02367,3,0,1.2805001412408457e-07,0
site_02138,3,0,4.2557463799735234e-07,0
site_11088,3,0,4.475665354466672e-09,0
site_20397,3,0,4.472556107725285e-09,0
site_08237,3,0,1.067670713898971e-06,0
site_05465,3,0,3.580681899759899e-07,0
site_15863,3,0,1.3117574746277014e-07,0
site_03971,3,0,3.580681899759899e-07,0
site_00006,3,0,5.08959682609217e-08,0
site_04987,3,0,1.3117574746277014e-07,0
site_20249,3,0,1.3117574746277014e-07,0
site_20075,3,1,0.9999999875023312,1
site_01677,3,0,2.7519500772414075e-06,0
site_16427,3,0,0.9999875292143128,1
site_21391,3,1,0.9999999706487179,1
site_01516,3,0,2.7721837307801993e-09,0
site_01149,3,0,4.2557463799735234e-07,0
site_20461,3,0,1.3056348425722676e-07,0
site_19494,3,0,1.4371609531196914e-08,0
site_14549,3,0,1.3117574746277014e-07,0
site_10209,3,0,1.2805001412408457e-07,0
site_00733,3,0,7.195465604662894e-10,0
site_04841,3,0,1.305635346896232e-07,0
site_07039,3,0,1.5779559752007168e-07,0
site_13336,3,0,1.3056348425722676e-07,0
site_00206,3,0,4.4756636256642274e-09,0
site_17774,3,0,2.6989128244464767e-10,0
site_07193,3,0,1.3507118983894919e-08,0
site_19206,3,0,4.2557463799735234e-07,0
site_08993,3,0,3.580681899759899e-07,0
site_07904,3,0,5.0237394892033754e-06,0
site_07380,3,0,4.472556107725285e-09,0
site_00098,3,0,1.3636727258504904e-08,0
site_00697,3,0,1.3117574746277014e-07,0
site_13016,3,0,1.3117574746277014e-07,0
site_03253,3,0,1.3117574746277014e-07,0
site_15298,3,0,1.1779701114840648e-06,0
site_09168,3,0,1.3056348425722676e-07,0
site_17703,3,0,5.7042598938387793e-11,0
site_13835,3,0,1.305635346896232e-07,0
site_12772,3,0,2.9676179995970575e-09,0
site_05899,3,0,2.7721837307801993e-09,0
site_15689,3,0,1.4371603979916494e-08,0
site_16808,3,0,1.1779701114840648e-06,0
site_14443,3,0,1.3117574746277014e-07,0
site_21291,3,0,1.3629425102489737e-08,0
site_17879,3,0,1.2804996466257828e-07,0
site_03428,3,0,3.003299089483836e-06,0
site_10206,3,0,2.1613470425679382e-07,0
site_01234,3,0,1.3056348425722676e-07,0
site_14741,3,0,1.305635346896232e-07,0
site_17542,3,0,3.580681899759899e-07,0
site_10437,3,0,1.1779701114840648e-06,0
site_03752,3,0,1.3056348425722676e-07,0
site_02130,3,0,1.1779701114840648e-06,0
site_02013,3,0,1.3056348425722676e-07,0
site_15217,3,0,1.3893681470555055e-07,0
site_07721,3,0,1.3117574746277014e-07,0
site_04463,3,0,3.580681899759899e-07,0
site_10357,3,0,1.2805001412408457e-07,0
site_10739,3,0,2.7492348741237803e-06,0
site_14164,3,0,4.079923435535319e-06,0
site_16204,3,0,1.3893681470555055e-07,0
site_21336,3,0,4.815781971404409e-08,0
site_06765,3,0,1.3117574746277014e-07,0
site_17175,3,0,1.4544709385002203e-09,0
site_19392,3,0,4.634162518455823e-07,0
site_14209,3,0,1.5168923921011968e-08,0
site_00408,3,0,4.2557463799735234e-07,0
site_09495,3,0,2.144632929148719e-09,0
site_08552,3,0,1.5779559752007168e-07,0
site_16508,3,0,1.305635346896232e-07,0
site_01933,3,0,4.255744736119237e-07,0
site_08482,3,0,1.3117574746277014e-07,0
site_13469,3,0,1.3056348425722676e-07,0
site_19216,3,0,1.2805001412408457e-07,0
site_15572,3,0,4.2557463799735234e-07,0
site_15024,3,0,1.3289933651119445e-07,0
site_20910,3,1,0.9999999932260224,1
site_04405,3,0,4.475665354466672e-09,0
site_06089,3,0,1.2805001412408457e-07,0
site_01209,3,0,2.2332705554023135e-10,0
site_00685,3,0,1.3893676103883204e-07,0
site_18587,3,0,1.4127202894993966e-07,0
site_02483,3,1,0.9999999996637585,1
site_18818,3,0,1.4127202894993966e-07,0
site_01150,3,0,3.5632157615600395e-06,0
site_01792,3,0,3.580680927360879e-07,0
site_20205,3,1,0.999999993527825,1
site_12218,3,0,5.0237394892033754e-06,0
site_16602,3,1,0.999998772971478,1
site_01434,3,0,2.158944978422581e-07,0
site_15478,3,0,1.7512449425966963e-10,0
site_08142,3,0,2.9676188055079717e-09,0
site_17072,3,1,0.9999997915497721,1
site_02868,3,0,1.0844678854831457e-06,0
site_14523,3,0,1.476299563790857e-09,0
site_01318,3,0,1.0666974419029324e-10,0
site_08251,3,0,1.305635346896232e-07,0
site_14710,3,0,3.580681899759899e-07,0
site_05508,3,0,3.580681899759899e-07,0
site_00391,3,1,0.9999999988787174,1
site_00182,3,0,1.3636727258504904e-08,0
site_09897,3,0,2.1033486350371943e-08,0
site_00492,3,0,1.1779701114840648e-06,0
site_20866,3,0,1.2805001412408457e-07,0
site_16502,3,1,0.9999999667405031,1
site_15085,3,0,1.3893681470555055e-07,0
site_20497,3,0,2.5164106058302496e-05,0
site_05629,3,0,4.2557463799735234e-07,0
site_10370,3,0,2.6002516901217078e-08,0
site_20196,3,1,0.9999999986511703,1
site_16161,3,0,1.305635346896232e-07,0
site_06617,3,0,1.5779559752007168e-07,0
site_05099,3,0,1.3893681470555055e-07,0
site_12159,3,0,4.472556107725285e-09,0
site_01449,3,0,1.1777738645268153e-06,0
site_17869,3,0,1.3893681470555055e-07,0
site_18375,3,0,4.472556107725285e-09,0
site_20192,3,0,3.580680927360879e-07,0
site_00233,3,1,0.9999999986511703,1
site_10318,3,0,1.305635346896232e-07,0
site_20607,3,1,0.9999999986511703,1
site_08927,3,0,3.580681899759899e-07,0
site_13218,3,0,4.4756636256642274e-09,0
site_08744,3,0,2.1033486350371943e-08,0
site_20838,3,0,2.7721837307801993e-09,0
site_16207,3,0,1.1779701114840648e-06,0
site_07914,3,0,3.580681899759899e-07,0
site_06251,3,0,1.3056348425722676e-07,0
site_17909,3,0,4.472556107725285e-09,0
site_01409,3,0,4.475665354466672e-09,0
site_18785,3,0,1.3893681470555055e-07,0
site_21329,3,1,0.9999999994521438,1
site_09812,3,0,1.3598058450296775e-07,0
site_21255,3,1,0.9999999986511703,1
site_07362,3,0,1.3117574746277014e-07,0
site_18752,3,0,1.5330942021610836e-07,0
site_02352,3,1,0.999999977358801,1
site_17468,3,0,1.3893676103883204e-07,0
site_10539,3,0,1.5168923921011968e-08,0
site_20166,3,0,2.1033486350371943e-08,0
site_05052,3,0,4.2557463799735234e-07,0
site_07995,3,0,1.305635346896232e-07,0
site_21499,3,0,7.819060928605714e-07,0
site_11433,3,0,3.460549389164491e-06,0
site_11840,3,0,1.0519434181741315e-05,0
site_12712,3,0,3.580681899759899e-07,0
site_20589,3,0,1.328991227079247e-07,0
site_12582,3,0,3.580681899759899e-07,0
site_10683,3,0,1.3117574746277014e-07,0
site_15799,3,0,4.475665354466672e-09,0
site_09022,3,0,3.580681899759899e-07,0
site_16102,3,0,1.3056348425722676e-07,0
site_16909,3,1,0.999999864821422,1
site_10454,3,0,1.3893681470555055e-07,0
site_07441,3,0,7.81906394885083e-07,0
site_15540,3,0,9.263147832071106e-10,0
site_00290,3,0,1.6005897366384334e-10,0
site_04235,3,0,8.894323597808445e-08,0
site_03556,3,0,4.475665354466672e-09,0
site_14679,3,0,1.3117574746277014e-07,0
site_00676,3,0,1.5779559752007168e-07,0
site_05151,3,0,1.305635346896232e-07,0
site_16172,3,0,4.255744736119237e-07,0
site_05679,3,0,4.2557463799735234e-07,0
site_12742,3,1,0.9999998177387429,1
site_08455,3,0,1.5779559752007168e-07,0
site_16788,3,1,0.9999998962764399,1
site_11280,3,1,0.9999999970763283,1
site_17344,3,0,3.580681899759899e-07,0
site_16657,3,0,4.4756636256642274e-09,0
site_06529,3,0,1.3056348425722676e-07,0
site_21338,3,0,4.954582822590073e-06,0
site_05560,3,0,1.8476415626064647e-09,0
site_16342,3,0,4.4265619056449144e-09,0
site_11657,3,0,1.305635346896232e-07,0
site_10451,3,0,1.2805001412408457e-07,0
site_02870,3,0,1.2275512387812965e-06,0
site_04460,3,0,1.1779699763722728e-06,0
site_06163,3,0,3.580681899759899e-07,0
site_01687,3,0,4.255744736119237e-07,0
site_01988,3,1,0.9999999998717555,1
site_01431,3,1,0.9999999913159566,1
site_07423,3,0,1.3117574746277014e-07,0
site_01129,3,1,0.9999999987774106,1
site_20716,3,0,2.4015269493806905e-06,0
site_08351,3,0,3.580681899759899e-07,0
site_13894,3,0,1.3893676103883204e-07,0
site_05764,3,0,1.3056348425722676e-07,0
site_18295,3,0,1.3117574746277014e-07,0
site_02195,3,0,3.003299089483836e-06,0
site_14837,3,0,1.305635346896232e-07,0
site_19354,3,0,1.3117574746277014e-07,0
site_01797,3,0,4.472556107725285e-09,0
site_17497,3,0,1.2805001412408457e-07,0
site_17001,3,0,2.4015269493806905e-06,0
site_04511,3,0,1.5779559752007168e-07,0
site_18130,3,0,4.2557463799735234e-07,0
site_06028,3,0,1.858074866988424e-09,0
site_02152,3,0,1.3117574746277014e-07,0
site_21325,3,1,0.9999999946095934,1
site_05601,3,1,0.9999999966341584,1
site_08502,3,0,3.580681899759899e-07,0
site_01077,3,0,1.305635346896232e-07,0
site_06042,3,1,0.9999999982863328,1
site_12506,3,0,6.23499003611283e-06,0
site_21192,3,1,0.9999999966341584,1
site_20536,3,0,4.255744736119237e-07,0
site_01994,3,0,2.1033486350371943e-08,0
site_02580,3,0,1.3117574746277014e-07,0
site_04731,3,0,1.305635346896232e-07,0
site_17868,3,0,4.475665354466672e-09,0
site_08810,3,0,4.2557463799735234e-07,0
site_00539,3,0,1.6005897366384334e-10,0
site_13216,3,0,1.2804996466257828e-07,0
site_20611,3,1,0.9999996970441097,1
site_07464,3,0,1.305635346896232e-07,0
site_16364,3,0,2.7721837307801993e-09,0
site_01443,3,0,4.575482186245647e-06,0
site_17600,3,0,3.580681899759899e-07,0
site_03007,3,0,1.328991227079247e-07,0
site_20202,3,1,0.9999999992667656,1
site_12544,3,0,1.305635346896232e-07,0
site_17452,3,0,1.3117574746277014e-07,0
site_06988,3,0,4.4265619056449144e-09,0
site_07301,3,0,1.3117574746277014e-07,0
site_20056,3,1,0.9999999986511703,1
site_17491,3,0,4.471151901253454e-10,0
site_07564,3,0,1.5330942021610836e-07,0
site_01081,3,0,3.580680927360879e-07,0
site_18743,3,0,4.472556107725285e-09,0
site_16139,3,0,7.81906394885083e-07,0
site_19864,3,1,0.9999999764270001,1
site_16849,3,1,0.9999999835468054,1
site_08478,3,0,1.5779559752007168e-07,0
site_13038,3,0,1.1779701114840648e-06,0
site_14884,3,0,7.81906394885083e-07,0
site_09811,3,0,1.2805001412408457e-07,0
site_00750,3,0,3.0032982738857323e-06,0
site_06747,3,0,1.067670713898971e-06,0
site_17251,3,0,1.067670713898971e-06,0
site_18311,3,0,4.2557463799735234e-07,0
site_08565,3,0,3.580681899759899e-07,0
site_07596,3,0,1.305635346896232e-07,0
site_18524,3,0,1.305635346896232e-07,0
site_20184,3,0,1.3056348425722676e-07,0
site_21135,3,0,1.4371609531196914e-08,0
site_08689,3,0,4.472556107725285e-09,0
site_04040,3,0,4.711240004573056e-07,0
site_03418,3,0,1.4371609531196914e-08,0
site_10013,3,0,1.3219830433265365e-10,0
site_15707,3,0,1.3117574746277014e-07,0
site_06038,3,1,0.9999245783843944,1
site_06772,3,0,1.3117574746277014e-07,0
site_04518,3,0,1.2805001412408457e-07,0
site_16901,3,0,1.1779696564734535e-06,0
site_01110,3,0,3.580681899759899e-07,0
site_01947,3,0,3.580680927360879e-07,0
site_18176,3,0,1.5330942021610836e-07,0
site_16301,3,0,2.7721837307801993e-09,0
site_08820,3,0,2.1033486350371943e-08,0
site_05438,3,0,3.580681899759899e-07,0
site_10857,3,1,0.9999996548023432,1
site_20369,3,0,4.475665354466672e-09,0
site_04225,3,0,1.305635346896232e-07,0
site_10156,3,0,1.305635346896232e-07,0
site_06734,3,0,4.472556107725285e-09,0
site_04320,3,0,1.305635346896232e-07,0
site_17199,3,0,3.580681899759899e-07,0
site_01608,3,0,2.1033486350371943e-08,0
site_14589,3,0,8.79926817901269e-06,0
site_19463,3,0,1.7043975301698768e-08,0
site_14816,3,0,1.3289933651119445e-07,0
site_06207,3,0,1.5779559752007168e-07,0
site_02894,3,0,8.226263078875376e-06,0
site_17607,3,0,1.5783909927954662e-09,0
site_20676,3,1,0.9999999938048867,1
site_17650,3,0,3.580681899759899e-07,0
site_03993,3,0,7.81906394885083e-07,0
site_09309,3,0,1.3893681470555055e-07,0
site_01385,3,0,3.580680927360879e-07,0
site_10563,3,0,1.305635346896232e-07,0
site_20757,3,0,7.81906394885083e-07,0
site_05807,3,0,1.5330942021610836e-07,0
site_11823,3,0,1.3117574746277014e-07,0
site_11636,3,0,4.475665354466672e-09,0
site_16562,3,0,1.305635346896232e-07,0
site_08143,3,0,1.305635346896232e-07,0
site_17693,3,0,4.409468487721732e-09,0
site_20396,3,0,1.3056348425722676e-07,0
site_08100,3,0,1.3117574746277014e-07,0
site_02558,3,0,3.580681899759899e-07,0
site_08038,3,0,1.305635346896232e-07,0
site_11772,3,0,1.2805001412408457e-07,0
site_16978,3,1,0.9999995150255105,1
site_09031,3,0,4.2557463799735234e-07,0
site_03251,3,0,4.711240004573056e-07,0
site_08260,3,0,1.362943036709074e-08,0
site_15481,3,0,2.9676179995970575e-09,0
site_08787,3,0,1.3117574746277014e-07,0
site_14404,3,0,3.580681899759899e-07,0
site_08365,3,0,1.305635346896232e-07,0
site_06779,3,0,2.1033486350371943e-08,0
site_00762,3,0,1.3117569679389607e-07,0
site_07791,3,0,4.472556107725285e-09,0
site_07084,3,0,1.3507118983894919e-08,0
site_10427,3,0,7.81906394885083e-07,0
site_08807,3,0,4.475665354466672e-09,0
site_18772,3,0,1.5779559752007168e-07,0
site_06010,3,0,4.472556107725285e-09,0
site_12780,3,0,4.475665354466672e-09,0
site_18806,3,0,1.305635346896232e-07,0
site_08295,3,0,3.003299089483836e-06,0
site_00624,3,0,1.5779559752007168e-07,0
site_16528,3,0,7.81906394885083e-07,0
site_14330,3,0,1.305635346896232e-07,0
site_02569,3,0,1.1779699763722728e-06,0
site_15440,3,0,1.2805001412408457e-07,0
site_20936,3,0,3.4621601594437846e-10,0
site_21491,3,0,1.412719743812049e-07,0
site_16241,3,0,1.3117569679389607e-07,0
site_10976,3,1,0.9999999998326967,1
site_08080,3,0,1.362943036709074e-08,0
site_18210,3,0,1.305635346896232e-07,0
site_04330,3,0,1.3117574746277014e-07,0
site_00193,3,1,0.9999999986511703,1
site_12808,3,0,1.328991227079247e-07,0
site_20513,3,0,4.475665354466672e-09,0
site_07716,3,0,1.3117574746277014e-07,0
site_07616,3,0,1.3117574746277014e-07,0
site_02526,3,0,1.696775945016191e-09,0
site_15605,3,0,1.5330942021610836e-07,0
site_17912,3,0,1.328991227079247e-07,0
site_18424,3,0,1.305635346896232e-07,0
site_06081,3,0,2.1033486350371943e-08,0
site_06622,3,0,4.472556107725285e-09,0
site_02273,3,0,1.305635346896232e-07,0
site_05881,3,0,1.5779559752007168e-07,0
site_04657,3,0,4.2557463799735234e-07,0
site_17112,3,0,1.2804996466257828e-07,0
site_06462,3,0,2.1033486350371943e-08,0
site_03028,3,0,5.0237381249222966e-06,0
site_02883,3,1,0.9999999982863328,1
site_15702,3,0,4.2557463799735234e-07,0
site_04123,3,0,1.3056348425722676e-07,0
site_11504,3,0,1.3117574746277014e-07,0
site_14110,3,0,4.711240004573056e-07,0
site_00034,3,0,2.8171359322045128e-09,0
site_06999,3,0,1.3289933651119445e-07,0
site_05832,3,0,2.9676179995970575e-09,0
site_08510,3,0,4.475665354466672e-09,0
site_21043,3,0,3.580681899759899e-07,0
site_05954,3,0,1.3056348425722676e-07,0
site_09257,3,0,1.5779559752007168e-07,0
site_12456,3,0,3.580681899759899e-07,0
site_11506,3,0,1.3893681470555055e-07,0
site_07239,3,0,2.1033486350371943e-08,0
site_13968,3,0,2.4015269493806905e-06,0
site_06517,3,0,4.2557463799735234e-07,0
site_10613,3,1,0.999999996904249,1
site_15364,3,0,1.4127202894993966e-07,0
site_15201,3,0,7.81906394885083e-07,0
site_01846,3,0,3.580680927360879e-07,0
site_12776,3,0,1.305635346896232e-07,0
site_21034,3,0,3.580681899759899e-07,0
site_18426,3,0,1.305635346896232e-07,0
site_15816,3,0,3.580681899759899e-07,0
site_14354,3,0,2.9676188055079717e-09,0
site_10381,3,1,0.9999999582178527,1
site_05735,3,0,1.2061932227517157e-06,0
site_06483,3,0,4.472556107725285e-09,0
site_08969,3,0,1.305635346896232e-07,0
site_12433,3,0,1.3117574746277014e-07,0
site_04146,3,0,1.5779559752007168e-07,0
site_05217,3,0,1.305635346896232e-07,0
site_01419,3,0,2.4015262972038857e-06,0
site_10888,3,0,1.5330942021610836e-07,0
site_13400,3,0,1.305635346896232e-07,0
site_06800,3,0,4.2557463799735234e-07,0
site_08940,3,0,1.2804996466257828e-07,0
site_03771,3,0,2.4015269493806905e-06,0
site_09778,3,0,1.305635346896232e-07,0
site_09560,3,0,1.305635346896232e-07,0
site_08473,3,0,1.305635346896232e-07,0
site_19300,3,0,1.305635346896232e-07,0
site_15580,3,0,3.580681899759899e-07,0
site_17385,3,1,0.9999995948326356,1
site_02812,3,0,1.305635346896232e-07,0
site_00943,3,0,4.475665354466672e-09,0
site_06327,3,0,9.263147832071106e-10,0
site_08587,3,0,4.2557463799735234e-07,0
site_19105,3,0,7.819060928605714e-07,0
site_02092,3,0,9.678772670139915e-10,0
site_02946,3,1,0.9999999854267998,1
site_17025,3,1,0.9999999920029378,1
site_07662,3,0,1.5779559752007168e-07,0
site_01119,3,0,4.255744736119237e-07,0
site_14680,3,0,1.305635346896232e-07,0
site_00530,3,0,1.305635346896232e-07,0
site_10688,3,0,1.305635346896232e-07,0
site_10143,3,0,1.3117569679389607e-07,0
site_00807,3,0,1.2061932227517157e-06,0
site_14975,3,0,1.1779701114840648e-06,0
site_01398,3,1,0.9999999821062356,1
site_00428,3,1,0.9999999986511703,1
site_08918,3,0,1.3893681470555055e-07,0
site_09676,3,0,1.3893681470555055e-07,0
site_20148,3,0,1.7717780350639329e-09,0
site_16174,3,0,4.255744736119237e-07,0
site_14516,3,0,1.5779559752007168e-07,0
site_16290,3,0,7.81906394885083e-07,0
site_03886,3,0,1.1779696564734535e-06,0
site_05527,3,0,1.3740745427431017e-06,0
site_17598,3,0,1.1779699763722728e-06,0
site_14894,3,0,1.3289933651119445e-07,0
site_20992,3,0,1.2804996466257828e-07,0
site_07001,3,0,1.5779559752007168e-07,0
site_09594,3,0,2.2648737111663265e-10,0
site_07135,3,0,1.1779701114840648e-06,0
site_06949,3,0,7.195467558723113e-10,0
site_19328,3,0,7.81906394885083e-07,0
site_16361,3,0,1.3893676103883204e-07,0
site_07005,3,0,1.5779559752007168e-07,0
site_13961,3,0,3.580681899759899e-07,0
site_18242,3,0,1.227551712943605e-06,0
site_05098,3,0,1.305635346896232e-07,0
site_03285,3,0,4.2557463799735234e-07,0
site_07687,3,0,3.580681899759899e-07,0
site_13930,3,0,1.0005284828635577e-06,0
site_14613,3,0,3.580681899759899e-07,0
site_04209,3,0,1.3117574746277014e-07,0
site_03436,3,0,1.3289933651119445e-07,0
site_08158,3,0,1.2973810257062767e-07,0
site_02199,3,0,1.3740745427431017e-06,0
site_10416,3,0,1.328991227079247e-07,0
site_06238,3,0,3.580680927360879e-07,0
site_05677,3,0,1.328991227079247e-07,0
site_08209,3,0,1.305635346896232e-07,0
site_12934,3,0,3.580681899759899e-07,0
site_16256,3,1,0.9999999981019079,1
site_04908,3,0,1.3117574746277014e-07,0
site_21432,3,0,1.3056348425722676e-07,0
site_06887,3,0,1.3117574746277014e-07,0
site_01296,3,0,1.305635346896232e-07,0
site_04822,3,0,1.3893681470555055e-07,0
site_16004,3,0,2.1033486350371943e-08,0
site_03165,3,0,1.5783909927954662e-09,0
site_20527,3,0,1.362943036709074e-08,0
site_21012,3,0,6.559797999449729e-06,0
site_13299,3,0,3.580681899759899e-07,0
site_09278,3,0,1.3117574746277014e-07,0
site_10240,3,0,3.433423112118508e-10,0
site_02798,3,0,3.580681899759899e-07,0
site_13130,3,0,1.3056348425722676e-07,0
site_00894,3,0,1.5330942021610836e-07,0
site_00642,3,0,3.580680927360879e-07,0
site_21182,3,0,3.0032982738857323e-06,0
site_12340,3,0,1.227551712943605e-06,0
site_00178,3,0,4.081034770591477e-09,0
site_08044,3,0,1.4371609531196914e-08,0
site_10352,3,0,4.2557463799735234e-07,0
site_09477,3,0,1.305635346896232e-07,0
site_18327,3,0,1.3117574746277014e-07,0
site_05896,3,1,0.9999825188648391,1
site_15269,3,0,1.476299563790857e-09,0
site_04156,3,0,4.409468487721732e-09,0
site_21323,3,1,0.9999998595941206,1
site_08505,3,0,2.4015269493806905e-06,0
site_04131,3,0,1.3056348425722676e-07,0
site_01018,3,0,1.2275512387812965e-06,0
site_13540,3,0,1.305635346896232e-07,0
site_04642,3,0,1.3117574746277014e-07,0
site_13081,3,0,1.1779701114840648e-06,0
site_19981,3,0,3.580680927360879e-07,0
site_08746,3,0,1.3289933651119445e-07,0
site_13584,3,0,1.3893676103883204e-07,0
site_11053,3,0,1.2805001412408457e-07,0
site_05083,3,0,7.81906394885083e-07,0
site_13051,3,0,1.227551712943605e-06,0
site_09428,3,0,1.3117569679389607e-07,0
site_11059,3,0,1.3507118983894919e-08,0
site_14643,3,0,4.475665354466672e-09,0
site_20529,3,0,1.3629425102489737e-08,0
site_09920,3,0,1.362943036709074e-08,0
site_11706,3,0,3.357737763486271e-05,0
site_20342,3,1,0.9999999885086689,1
site_08230,3,0,1.1777743194617986e-06,0
site_00906,3,0,8.89432016222382e-08,0
site_00738,3,0,1.1779699763722728e-06,0
site_07728,3,0,1.305635346896232e-07,0
site_17635,3,0,1.362943036709074e-08,0
site_13165,3,0,1.3117574746277014e-07,0
site_18598,3,0,1.3117574746277014e-07,0
site_11502,3,0,1.3117574746277014e-07,0
site_10626,3,1,0.9999732060012118,1
site_20609,3,1,0.9999999858612476,1
site_11426,3,1,0.9999999938091784,1
site_14648,3,0,2.772184801584089e-09,0
site_05075,3,0,8.894323597808445e-08,0
site_19072,3,0,4.472556107725285e-09,0
site_15978,3,0,7.774581951552493e-06,0
site_10981,3,0,6.23499003611283e-06,0
site_19263,3,0,4.475665354466672e-09,0
site_15063,3,0,1.3117574746277014e-07,0
site_18577,3,0,1.3117574746277014e-07,0
site_00349,3,1,0.9999999986511703,1
site_13031,3,0,1.3117574746277014e-07,0
site_13553,3,0,1.2804996466257828e-07,0
site_16903,3,0,1.1779696564734535e-06,0
site_10137,3,0,1.3117569679389607e-07,0
site_10177,3,0,4.472556107725285e-09,0
site_01953,3,0,2.9676179995970575e-09,0
site_19999,3,1,0.9999999940915063,1
site_16322,3,0,1.5168923921011968e-08,0
site_15824,3,0,4.475665354466672e-09,0
site_08551,3,0,1.5330942021610836e-07,0
site_18793,3,0,1.2805001412408457e-07,0
site_17178,3,1,0.999999978547436,1
site_19861,3,1,0.9999999986511703,1
site_19476,3,0,1.305635346896232e-07,0
site_02648,3,0,4.255744736119237e-07,0
site_14246,3,0,7.81906394885083e-07,0
site_16972,3,0,6.694037154276592e-10,0
site_02968,3,0,1.5779559752007168e-07,0
site_02709,3,0,3.4621601594437846e-10,0
site_08921,3,0,1.305635346896232e-07,0
site_15760,3,0,2.4015262972038857e-06,0
site_01295,3,0,1.3833809529897498e-06,0
site_02499,3,0,2.4015269493806905e-06,0
site_10401,3,0,4.4756636256642274e-09,0
site_04321,3,0,1.305635346896232e-07,0
site_17711,3,0,1.305635346896232e-07,0
site_07067,3,0,1.3117574746277014e-07,0
site_09625,3,0,2.7492348741237803e-06,0
site_16066,3,0,7.81906394885083e-07,0
site_13217,3,0,7.819060928605714e-07,0
site_04984,3,0,8.894323597808445e-08,0
site_03710,3,0,1.227551712943605e-06,0
site_20379,3,0,1.1779701114840648e-06,0
site_07037,3,0,1.5330942021610836e-07,0
site_08750,3,0,1.328991227079247e-07,0
site_13277,3,0,4.2557463799735234e-07,0
site_17595,3,0,3.580681899759899e-07,0
site_13642,3,0,1.5779559752007168e-07,0
site_04872,3,0,4.2557463799735234e-07,0
site_10342,3,0,1.2805001412408457e-07,0
site_00563,3,0,1.3056348425722676e-07,0
site_14577,3,0,1.5779559752007168e-07,0
site_02472,3,0,1.0698864180869727e-09,0
site_01437,3,1,0.999999986149444,1
site_13740,3,0,1.305635346896232e-07,0
site_02507,3,0,3.580681899759899e-07,0
site_09036,3,0,1.3289933651119445e-07,0
site_13641,3,0,1.305635346896232e-07,0
site_14959,3,0,4.475665354466672e-09,0
site_06570,3,0,1.305635346896232e-07,0
site_06145,3,0,1.305635346896232e-07,0
site_00159,3,1,0.9999999986511703,1
site_02222,3,0,2.3359212889319133e-07,0
site_04207,3,0,1.3117574746277014e-07,0
site_02661,3,1,0.9999999969748155,1
site_00912,3,0,1.305635346896232e-07,0
site_06667,3,0,3.580681899759899e-07,0
site_05294,3,0,1.1779701114840648e-06,0
site_13023,3,0,1.328991227079247e-07,0
site_13648,3,0,2.4015269493806905e-06,0
site_15834,3,0,7.195465604662894e-10,0
site_15855,3,0,1.305635346896232e-07,0
site_21151,3,0,1.2275512387812965e-06,0
site_01578,3,0,2.4080564947649517e-05,0
site_09522,3,0,1.5779559752007168e-07,0
site_09425,3,0,1.1779696564734535e-06,0
site_03185,3,0,4.475665354466672e-09,0
site_07091,3,0,2.9676188055079717e-09,0
site_17033,3,1,0.9999992341066033,1
site_16220,3,0,3.580681899759899e-07,0
site_19081,3,0,4.472556107725285e-09,0
site_20080,3,0,1.3893681470555055e-07,0
site_06337,3,0,1.5779559752007168e-07,0
site_05936,3,0,1.3117574746277014e-07,0
site_14486,3,0,2.1033486350371943e-08,0
site_04109,3,0,4.2557463799735234e-07,0
site_06123,3,0,1.3893676103883204e-07,0
site_05100,3,0,1.328991227079247e-07,0
site_18790,3,0,2.1033486350371943e-08,0
site_04259,3,0,1.3893681470555055e-07,0
site_07983,3,0,8.371126786439131e-07,0
site_19763,3,0,1.3117574746277014e-07,0
site_19043,3,0,1.3056348425722676e-07,0
site_15675,3,0,4.2557463799735234e-07,0
site_21473,3,0,4.4756636256642274e-09,0
site_04719,3,0,4.2557463799735234e-07,0
site_20674,3,1,0.9999996970441097,1
site_06176,3,0,1.5330942021610836e-07,0
site_05935,3,0,1.305635346896232e-07,0
site_14257,3,0,8.894323597808445e-08,0
site_21468,3,0,1.1779696564734535e-06,0
site_16392,3,0,1.3893681470555055e-07,0
site_18636,3,0,1.3289933651119445e-07,0
site_16380,3,1,0.9999999993081756,1
site_07345,3,0,1.227551712943605e-06,0
site_16432,3,1,0.9999994154628364,1
site_06229,3,0,4.475665354466672e-09,0
site_14941,3,0,4.2557463799735234e-07,0
site_01017,3,0,7.819060928605714e-07,0
site_07827,3,0,2.1033486350371943e-08,0
site_18820,3,0,1.305635346896232e-07,0
site_12680,3,0,1.3582205181349417e-09,0
site_04545,3,0,4.2557463799735234e-07,0
site_16748,3,0,4.475665354466672e-09,0
site_16227,3,0,1.3117574746277014e-07,0
site_10900,3,0,1.2810637196361215e-07,0
site_00345,3,1,0.9999999986511703,1
site_09967,3,0,2.884825785916179e-07,0
site_11358,3,0,1.2805001412408457e-07,0
site_00766,3,0,4.711238184776707e-07,0
site_20723,3,0,3.580680927360879e-07,0
site_18470,3,0,2.3298346200860763e-06,0
site_18945,3,0,7.81906394885083e-07,0
site_04799,3,0,1.305635346896232e-07,0
site_11120,3,1,0.99999945088476,1
site_14260,3,0,2.9676188055079717e-09,0
site_03579,3,0,3.003299089483836e-06,0
site_21489,3,0,2.4015262972038857e-06,0
site_08422,3,0,1.3117574746277014e-07,0
site_19200,3,0,1.305635346896232e-07,0
site_21198,3,1,0.9999999992667656,1
site_16655,3,0,1.2804996466257828e-07,0
site_13790,3,0,1.3056348425722676e-07,0
site_18363,3,0,1.305635346896232e-07,0
site_18329,3,0,9.263147832071106e-10,0
site_10432,3,0,7.81906394885083e-07,0
site_13987,3,0,1.3117569679389607e-07,0
site_06953,3,0,2.4015269493806905e-06,0
site_11251,3,1,0.9999999998374534,1
site_13504,3,0,3.580681899759899e-07,0
site_17863,3,0,4.2557463799735234e-07,0
site_05449,3,0,4.2557463799735234e-07,0
site_20011,3,0,1.5330942021610836e-07,0
site_21278,3,1,0.9999999987568617,1
site_17671,3,0,1.2804996466257828e-07,0
site_09217,3,0,1.305635346896232e-07,0
site_17506,3,0,3.580681899759899e-07,0
site_17094,3,0,1.1779701114840648e-06,0
site_14973,3,0,1.3289933651119445e-07,0
site_06760,3,0,9.263147832071106e-10,0
site_07360,3,0,2.1033486350371943e-08,0
site_07559,3,0,2.1033486350371943e-08,0
site_09298,3,0,3.003299089483836e-06,0
site_04836,3,0,4.2557463799735234e-07,0
site_07285,3,0,1.5779559752007168e-07,0
site_01179,3,1,0.9999999974368814,1
site_08467,3,0,1.067670713898971e-06,0
site_12997,3,1,0.9999999987568617,1
site_08280,3,0,4.475665354466672e-09,0
site_09139,3,0,1.2805001412408457e-07,0
site_18365,3,0,1.5330942021610836e-07,0
site_18736,3,0,7.81906394885083e-07,0
site_00742,3,0,3.580680927360879e-07,0
site_13289,3,0,2.1033486350371943e-08,0
site_09747,3,0,9.486693707763915e-06,0
site_00631,3,0,1.3629425102489737e-08,0
site_17995,3,0,4.475665354466672e-09,0
site_18928,3,0,4.472556107725285e-09,0
site_07371,3,0,4.472556107725285e-09,0
site_05517,3,0,4.475665354466672e-09,0
site_12892,3,0,1.5783909927954662e-09,0
site_07495,3,0,4.475665354466672e-09,0
site_06845,3,0,1.305635346896232e-07,0
site_05135,3,0,3.580681899759899e-07,0
site_21183,3,0,4.079922327562342e-06,0
site_09282,3,0,2.4015269493806905e-06,0
site_15045,3,0,1.305635346896232e-07,0
site_02393,3,0,7.195467558723113e-10,0
site_14548,3,0,2.772184801584089e-09,0
site_03350,3,0,4.2557463799735234e-07,0
site_09243,3,0,2.7492348741237803e-06,0
site_12331,3,0,1.3893681470555055e-07,0
site_17828,3,0,1.3117574746277014e-07,0
site_07849,3,0,2.9676188055079717e-09,0
site_17045,3,0,2.772184801584089e-09,0
site_05026,3,0,1.3289933651119445e-07,0
site_09616,3,1,0.9999999963700519,1
site_02624,3,0,1.2805001412408457e-07,0
site_05134,3,0,7.81906394885083e-07,0
site_17134,3,0,4.2557463799735234e-07,0
site_16288,3,0,1.305635346896232e-07,0
site_17927,3,0,2.9196425029249567e-10,0
site_02465,3,0,1.5041880076371868e-10,0
site_10116,3,0,6.23499003611283e-06,0
site_06118,3,0,4.255744736119237e-07,0
site_12619,3,0,0.9999927826513039,1
site_01001,3,0,4.475665354466672e-09,0
site_15522,3,0,1.3117574746277014e-07,0
site_02666,3,0,6.825519602009864e-09,0
site_08949,3,0,1.5779559752007168e-07,0
site_18655,3,0,4.2557463799735234e-07,0
site_17486,3,0,9.419121674562602e-11,0
site_14849,3,0,4.472556107725285e-09,0
site_09128,3,0,1.305635346896232e-07,0
site_16793,3,0,1.5564576723213151e-07,0
site_04611,3,0,3.580681899759899e-07,0
site_17640,3,0,4.471151901253454e-10,0
site_18501,3,0,1.3893681470555055e-07,0
site_02300,3,1,0.9999999030402428,1
site_15688,3,0,4.409468487721732e-09,0
site_11429,3,0,7.031475279165846e-06,0
site_17839,3,0,1.305635346896232e-07,0
site_20551,3,1,0.999999485041723,1
site_07216,3,0,1.305635346896232e-07,0
site_04685,3,0,1.3507118983894919e-08,0
site_06978,3,0,1.3582205181349417e-09,0
site_17789,3,0,1.227551712943605e-06,0
site_04315,3,0,1.3117574746277014e-07,0
site_02050,3,0,3.3683286377069744e-06,0
site_16881,3,0,7.81906394885083e-07,0
site_06195,3,0,4.472556107725285e-09,0
site_05895,3,1,0.9999999966341584,1
site_06967,3,0,1.305635346896232e-07,0
site_20107,3,0,1.5168923921011968e-08,0
site_21348,3,1,0.9999999986511703,1
site_18889,3,0,1.3117574746277014e-07,0
site_12013,3,0,3.433423112118508e-10,0
site_17951,3,0,3.580680927360879e-07,0
site_11067,3,0,1.362943036709074e-08,0
site_16214,3,0,4.475665354466672e-09,0
site_06037,3,0,1.3056348425722676e-07,0
site_02321,3,0,3.580681899759899e-07,0
site_20292,3,0,1.5779559752007168e-07,0
site_06373,3,0,3.580680927360879e-07,0
site_02635,3,0,3.580681899759899e-07,0
site_09851,3,0,1.2879247174346725e-06,0
site_00352,3,1,0.9999999988787174,1
site_11291,3,0,3.750854649747383e-09,0
site_17022,3,1,0.9999998806895585,1
site_09092,3,0,1.4371603979916494e-08,0
site_05547,3,0,1.2810637196361215e-07,0
site_12817,3,0,1.305635346896232e-07,0
site_00644,3,0,2.9676179995970575e-09,0
site_07309,3,0,1.3117574746277014e-07,0
site_12429,3,0,7.81906394885083e-07,0
site_16064,3,0,1.2061932227517157e-06,0
site_05138,3,0,1.1779701114840648e-06,0
site_09453,3,0,1.305635346896232e-07,0
site_19033,3,0,3.580681899759899e-07,0
site_17562,3,0,1.3893676103883204e-07,0
site_13883,3,0,1.5330942021610836e-07,0
site_01335,3,0,4.711240004573056e-07,0
site_21421,3,0,0.9999926409814779,1
site_20997,3,0,1.2061928951883784e-06,0
site_17395,3,0,1.3117574746277014e-07,0
site_04218,3,0,1.2805001412408457e-07,0
site_03755,3,0,1.2804996466257828e-07,0
site_02835,3,1,0.9999999764270001,1
site_19451,3,1,0.9999999986686634,1
site_08592,3,0,4.4265619056449144e-09,0
site_05639,3,0,1.2973810257062767e-07,0
site_16280,3,0,8.79926817901269e-06,0
site_08915,3,0,1.2805001412408457e-07,0
site_21383,3,0,1.0005282111521023e-06,0
site_05577,3,0,1.305635346896232e-07,0
site_08826,3,0,1.3117569679389607e-07,0
site_07804,3,0,1.2810637196361215e-07,0
site_10212,3,0,4.475665354466672e-09,0
site_09385,3,0,2.772184801584089e-09,0
site_12351,3,0,1.305635346896232e-07,0
site_00953,3,0,1.3740740119839856e-06,0
site_10421,3,0,7.81906394885083e-07,0
site_19040,3,0,1.3289928517655476e-07,0
site_02993,3,1,0.9999999301268343,1
site_11743,3,0,1.5779559752007168e-07,0
site_19963,3,0,1.5779559752007168e-07,0
site_13863,3,0,1.3893681470555055e-07,0
site_08198,3,0,3.580681899759899e-07,0
site_07937,3,0,1.3117574746277014e-07,0
site_07894,3,0,1.305635346896232e-07,0
site_18612,3,0,1.3117574746277014e-07,0
site_16049,3,0,4.932649851876137e-09,0
site_17444,3,0,1.3117574746277014e-07,0
site_08777,3,0,1.5779559752007168e-07,0
site_14379,3,0,1.305635346896232e-07,0
site_01440,3,0,1.5779559752007168e-07,0
site_02492,3,0,1.0038486787958276e-05,0
site_09647,3,0,1.2804996466257828e-07,0
site_11069,3,0,4.2557463799735234e-07,0
site_20254,3,0,1.2804996466257828e-07,0
site_18664,3,0,1.5779559752007168e-07,0
site_17978,3,0,4.711240004573056e-07,0
site_12365,3,0,3.9535164740083324e-05,0
site_04548,3,0,1.5779559752007168e-07,0
site_10268,3,0,4.4756636256642274e-09,0
site_08887,3,0,7.819060928605714e-07,0
site_14932,3,0,2.5875734931031977e-06,0
site_16476,3,0,4.255744736119237e-07,0
site_11802,3,0,3.580681899759899e-07,0
site_10570,3,0,1.305635346896232e-07,0
site_03802,3,0,1.5779559752007168e-07,0
site_10672,3,0,1.3117574746277014e-07,0
site_00347,3,1,0.9999999603902114,1
site_20012,3,0,1.5779559752007168e-07,0
site_03047,3,1,0.9999999854267998,1
site_20040,3,0,1.1779696564734535e-06,0
site_11555,3,1,0.9999989601880904,1
site_05585,3,0,8.371126786439131e-07,0
site_08797,3,0,1.3117574746277014e-07,0
site_02596,3,1,0.9999462764419511,1
site_04874,3,0,2.772184801584089e-09,0
site_09606,3,0,1.5168923921011968e-08,0
site_11793,3,0,1.305635346896232e-07,0
site_15804,3,0,1.1777743194617986e-06,0
site_07161,3,0,1.3507118983894919e-08,0
site_04092,3,0,2.1033486350371943e-08,0
site_17028,3,1,0.9999999963779991,1
site_19393,3,1,0.9999999877148199,1
site_08894,3,0,4.2557463799735234e-07,0
site_01974,3,0,9.962080139608962e-07,0
site_12002,3,1,0.9999999886076311,1
site_18112,3,0,2.1033486350371943e-08,0
site_16441,3,1,0.999999999551191,1
site_15313,3,0,1.3507118983894919e-08,0
site_16315,3,1,0.9999999957941073,1
site_20994,3,0,4.079922327562342e-06,0
site_06896,3,0,2.9676188055079717e-09,0
site_08520,3,0,1.362943036709074e-08,0
site_10706,3,0,1.0919778376966093e-10,0
site_19115,3,1,0.9999999986511703,1
site_13439,3,0,5.866230117679269e-09,0
site_17247,3,0,2.772184801584089e-09,0
site_12868,3,1,0.9999999987774106,1
site_17748,3,0,2.9196417100428785e-10,0
site_15884,3,0,3.580681899759899e-07,0
site_17893,3,0,1.5779559752007168e-07,0
site_08112,3,0,1.2805001412408457e-07,0
site_09199,3,0,1.2805001412408457e-07,0
site_13525,3,0,2.373526464209832e-06,0
site_16437,3,0,1.3025831841558229e-08,0
site_03106,3,0,1.1779701114840648e-06,0
site_06584,3,0,4.2557463799735234e-07,0
site_20933,3,0,3.580681899759899e-07,0
site_21544,3,0,1.5330942021610836e-07,0
site_10138,3,0,1.3117569679389607e-07,0
site_16075,3,0,4.2557463799735234e-07,0
site_18257,3,0,1.4127202894993966e-07,0
site_10898,3,0,1.2805001412408457e-07,0
site_18576,3,0,1.305635346896232e-07,0
site_00278,3,0,1.2804996466257828e-07,0
site_06891,3,0,1.0005284828635577e-06,0
site_04230,3,0,4.475665354466672e-09,0
site_11297,3,0,1.305635346896232e-07,0
site_19914,3,0,1.3117569679389607e-07,0
site_06935,3,0,1.3117574746277014e-07,0
site_12853,3,0,1.5041880076371868e-10,0
site_05397,3,0,1.305635346896232e-07,0
site_21430,3,0,0.9999377506266907,1
site_14224,3,0,4.472556107725285e-09,0
site_11598,3,0,4.2557463799735234e-07,0
site_15084,3,0,1.3289933651119445e-07,0
site_01750,3,0,2.4015262972038857e-06,0
site_14148,3,0,4.2557463799735234e-07,0
site_12796,3,0,1.305635346896232e-07,0
site_20727,3,0,1.412719743812049e-07,0
site_10622,3,1,0.999999976428018,1
site_09989,3,0,2.7492348741237803e-06,0
site_20549,3,1,0.9999999987083106,1
site_19390,3,1,0.9999999993338402,1
site_20378,3,0,1.3117574746277014e-07,0
site_07024,3,0,1.3117574746277014e-07,0
site_06527,3,0,1.5330942021610836e-07,0
site_06057,3,0,7.819060928605714e-07,0
site_06776,3,0,9.263147832071106e-10,0
site_11577,3,1,0.9999999982778824,1
site_01905,3,0,3.580681899759899e-07,0
site_14568,3,0,1.2805001412408457e-07,0
site_14318,3,0,4.4265619056449144e-09,0
site_09817,3,0,4.475665354466672e-09,0
site_03177,3,0,1.3893681470555055e-07,0
site_02860,3,0,1.1779701114840648e-06,0
site_16268,3,0,4.2557463799735234e-07,0
site_14091,3,0,4.472556107725285e-09,0
site_12145,3,0,3.458116184900281e-05,0
site_19394,3,0,1.0942229027199758e-06,0
site_17850,3,0,3.0228253870491555e-09,0
site_15329,3,0,3.592580009353526e-06,0
site_15228,3,0,1.5779559752007168e-07,0
site_02407,3,1,0.9999991447735586,1
site_09046,3,0,1.3117574746277014e-07,0
site_11210,3,0,1.5779559752007168e-07,0
site_18104,3,0,1.305635346896232e-07,0
site_08917,3,0,1.305635346896232e-07,0
site_06699,3,0,1.3117574746277014e-07,0
site_01637,3,0,4.4756636256642274e-09,0
site_16886,3,0,3.580681899759899e-07,0
site_09208,3,0,1.3117574746277014e-07,0
site_05552,3,0,1.3117574746277014e-07,0
site_07829,3,0,4.4265619056449144e-09,0
site_03756,3,0,4.472556107725285e-09,0
site_15595,3,0,1.1779701114840648e-06,0
site_01022,3,1,0.9999999987774106,1
site_20143,3,0,1.7448579767897925e-05,0
site_02627,3,0,4.2557463799735234e-07,0
site_11228,3,0,1.2805001412408457e-07,0
site_20301,3,0,1.305635346896232e-07,0
site_13272,3,0,1.2805001412408457e-07,0
site_21478,3,0,4.4756636256642274e-09,0
site_12649,3,0,1.8555134663652907e-05,0
site_11085,3,0,1.305635346896232e-07,0
site_18059,3,0,4.2557463799735234e-07,0
site_05102,3,0,8.894323597808445e-08,0
site_17597,3,0,1.305635346896232e-07,0
site_15332,3,0,2.9676179995970575e-09,0
site_10292,3,0,4.475665354466672e-09,0
site_12416,3,0,1.305635346896232e-07,0
site_19102,3,0,7.81906394885083e-07,0
site_19528,3,1,0.9999999799188748,1
site_06650,3,0,7.195467558723113e-10,0
site_08967,3,0,1.5779559752007168e-07,0
site_09633,3,0,3.750854649747383e-09,0
site_17990,3,0,9.263147832071106e-10,0
site_15377,3,0,1.305635346896232e-07,0
site_17551,3,0,1.476299563790857e-09,0
site_06184,3,0,1.1779696564734535e-06,0
site_20896,3,1,0.9999999986511703,1
site_11420,3,0,3.229860730585621e-09,0
site_18308,3,0,2.4015269493806905e-06,0
site_13616,3,0,2.4015269493806905e-06,0
site_04980,3,0,1.2805001412408457e-07,0
site_12227,3,0,1.2805001412408457e-07,0
site_02614,3,1,0.9999999826447482,1
site_04665,3,0,5.0237394892033754e-06,0
site_09457,3,0,4.472556107725285e-09,0
site_08519,3,0,3.580681899759899e-07,0
site_00497,3,0,4.879785755337366e-07,0
site_10148,3,0,1.305635346896232e-07,0
site_04190,3,0,1.3117569679389607e-07,0
site_16038,3,0,1.3056348425722676e-07,0
site_15575,3,0,1.305635346896232e-07,0
site_04140,3,0,2.772184801584089e-09,0
site_20084,3,0,1.2805001412408457e-07,0
site_20304,3,0,2.772184801584089e-09,0
site_03753,3,0,3.580680927360879e-07,0
site_06228,3,0,4.475665354466672e-09,0
site_05348,3,0,1.3117574746277014e-07,0
site_17658,3,0,3.580681899759899e-07,0
site_08015,3,0,1.3117574746277014e-07,0
site_02765,3,0,1.3507118983894919e-08,0
site_00962,3,0,1.1906464092899111e-08,0
site_00305,3,1,0.9999999992047592,1
site_10606,3,0,3.4004497647112208e-09,0
site_12105,3,0,1.2061928951883784e-06,0
site_21076,3,0,1.2805001412408457e-07,0
site_02541,3,1,0.9999999994521438,1
site_03888,3,0,1.3056348425722676e-07,0
site_15231,3,0,1.305635346896232e-07,0
site_02059,3,0,1.2804996466257828e-07,0
site_18431,3,0,1.2805001412408457e-07,0
site_01163,3,1,0.9999999875120936,1
site_09651,3,0,4.2557463799735234e-07,0
site_04814,3,0,4.2557463799735234e-07,0
site_06067,3,0,1.305635346896232e-07,0
site_15736,3,0,1.305635346896232e-07,0
site_03611,3,1,0.9999999974385478,1
site_05815,3,1,0.9999999986511703,1
site_20072,3,1,0.9999981994320797,1
site_16967,3,0,2.261981331395487e-07,0
site_01401,3,1,0.9999999223198563,1
site_08484,3,0,1.3117574746277014e-07,0
site_06416,3,0,1.2805001412408457e-07,0
site_12815,3,0,1.1779701114840648e-06,0
site_11795,3,0,1.305635346896232e-07,0
site_13723,3,0,4.2557463799735234e-07,0
site_06414,3,0,1.2805001412408457e-07,0
site_04879,3,0,1.3117574746277014e-07,0
site_12617,3,0,3.87055109135e-06,0
site_18747,3,0,1.3582205181349417e-09,0
site_13404,3,0,3.580681899759899e-07,0
site_02031,3,0,9.263147832071106e-10,0
site_05493,3,0,7.81906394885083e-07,0
site_11948,3,0,2.4015269493806905e-06,0
site_09258,3,0,1.5330942021610836e-07,0
site_19966,3,0,1.2805001412408457e-07,0
site_01612,3,0,9.799795176683077e-11,0
site_04420,3,0,3.580681899759899e-07,0
site_11797,3,0,7.81906394885083e-07,0
site_07410,3,0,4.2557463799735234e-07,0
site_08368,3,0,1.305635346896232e-07,0
site_02689,3,0,1.5779559752007168e-07,0
site_15213,3,0,1.305635346896232e-07,0
site_15573,3,0,1.3893681470555055e-07,0
site_15635,3,0,4.2557463799735234e-07,0
site_05683,3,0,1.3893681470555055e-07,0
site_14895,3,0,1.5779559752007168e-07,0
site_12468,3,0,1.1779701114840648e-06,0
site_15900,3,0,1.2973806733788816e-07,0
site_05840,3,0,1.3893681470555055e-07,0
site_15132,3,0,1.2805001412408457e-07,0
site_11319,3,0,4.2557463799735234e-07,0
site_17697,3,0,1.538416470611688e-07,0
site_07456,3,0,1.305635346896232e-07,0
site_12338,3,0,1.305635346896232e-07,0
site_08293,3,0,5.0237394892033754e-06,0
site_00310,3,1,0.9999999975216949,1
site_04473,3,0,1.1777743194617986e-06,0
site_07348,3,0,3.580681899759899e-07,0
site_09630,3,0,3.750854649747383e-09,0
site_14690,3,0,1.3289933651119445e-07,0
site_00601,3,0,2.373525819637033e-06,0
site_08405,3,0,1.3740745427431017e-06,0
site_04361,3,0,1.305635346896232e-07,0
site_17522,3,0,6.06565783327943e-07,0
site_12696,3,0,1.3117574746277014e-07,0
site_15028,3,0,1.305635346896232e-07,0
site_08513,3,0,1.3117574746277014e-07,0
site_19274,3,0,4.475665354466672e-09,0
site_04293,3,0,1.5330942021610836e-07,0
site_15649,3,0,1.1779699763722728e-06,0
site_06663,3,0,2.9676188055079717e-09,0
site_18647,3,0,1.3117574746277014e-07,0
site_08934,3,0,5.417684142712543e-10,0
site_11512,3,0,2.9676188055079717e-09,0
site_20538,3,0,1.3893676103883204e-07,0
site_11109,3,1,0.9999999998110123,1
site_09054,3,0,4.475665354466672e-09,0
site_03438,3,0,4.475665354466672e-09,0
site_12891,3,0,1.3582205181349417e-09,0
site_08726,3,0,1.5779559752007168e-07,0
site_10300,3,0,1.5779559752007168e-07,0
site_08135,3,0,4.2557463799735234e-07,0
site_19432,3,0,1.305635346896232e-07,0
site_01979,3,0,1.5041884161269372e-10,0
site_12767,3,1,0.999966175477818,1
site_14359,3,0,2.4015269493806905e-06,0
site_07447,3,0,1.3289933651119445e-07,0
site_16134,3,0,1.2805001412408457e-07,0
site_04835,3,0,1.2805001412408457e-07,0
site_01328,3,1,0.9999999982269872,1
site_18077,3,0,1.3893681470555055e-07,0
site_15396,3,0,2.772184801584089e-09,0
site_11931,3,0,1.5779559752007168e-07,0
site_07281,3,0,2.4015269493806905e-06,0
site_10291,3,0,1.4127202894993966e-07,0
site_11628,3,0,1.5779559752007168e-07,0
site_10211,3,0,1.3117574746277014e-07,0
site_12980,3,0,1.3056348425722676e-07,0
site_18325,3,0,1.305635346896232e-07,0
site_08507,3,0,4.472556107725285e-09,0
site_04773,3,0,1.3117574746277014e-07,0
site_08415,3,0,3.580681899759899e-07,0
site_11192,3,0,1.3117574746277014e-07,0
site_19120,3,0,1.3893681470555055e-07,0
site_20220,3,0,1.2805001412408457e-07,0
site_14791,3,0,1.3117574746277014e-07,0
site_04809,3,0,1.3117574746277014e-07,0
site_11271,3,1,0.999999999681044,1
site_06499,3,0,1.57218461938211e-06,0
site_10775,3,0,1.328991227079247e-07,0
site_02597,3,0,1.9669877293275557e-07,0
site_06443,3,0,1.5330942021610836e-07,0
site_19519,3,1,0.9999999986512285,1
site_11958,3,0,3.580681899759899e-07,0
site_07500,3,0,1.3117574746277014e-07,0
site_01304,3,0,3.580680927360879e-07,0
site_00472,3,1,0.9999999986511703,1
site_11890,3,0,1.3507118983894919e-08,0
site_02421,3,1,0.9999999779491249,1
site_02717,3,1,0.9999999986511703,1
site_10275,3,0,4.8661454934927434e-09,0
site_17310,3,0,4.475665354466672e-09,0
site_01944,3,0,1.3117569679389607e-07,0
site_05614,3,0,1.696775945016191e-09,0
site_20560,3,1,0.9999999933601253,1
site_01414,3,0,4.255744736119237e-07,0
site_01224,3,0,1.227551712943605e-06,0
site_19915,3,0,1.3056348425722676e-07,0
site_06167,3,0,1.305635346896232e-07,0
site_13796,3,0,1.3056348425722676e-07,0
site_02538,3,0,6.367429792802884e-08,0
site_08799,3,0,1.3893681470555055e-07,0
site_19587,3,0,1.2804996466257828e-07,0
site_10814,3,0,1.305635346896232e-07,0
site_03287,3,0,1.3117574746277014e-07,0
site_08421,3,0,1.3893681470555055e-07,0
site_02942,3,1,0.9999999988459061,1
site_00618,3,0,3.580680927360879e-07,0
site_07620,3,0,2.1033486350371943e-08,0
site_14798,3,0,1.305635346896232e-07,0
site_20146,3,0,5.234698687216389e-07,0
site_01503,3,0,1.2804996466257828e-07,0
site_16221,3,0,1.5779559752007168e-07,0
site_08920,3,0,1.2805001412408457e-07,0
site_20635,3,0,7.81906394885083e-07,0
site_09117,3,0,3.580681899759899e-07,0
site_03207,3,0,3.87055109135e-06,0
site_10886,3,0,1.5330942021610836e-07,0
site_09361,3,0,1.305635346896232e-07,0
site_19605,3,0,1.4119297010283063e-07,0
site_02215,3,0,1.3893681470555055e-07,0
site_11952,3,0,4.2557463799735234e-07,0
site_15041,3,0,4.2557463799735234e-07,0
site_16180,3,1,0.9999999830086975,1
site_06737,3,0,1.305635346896232e-07,0
site_00237,3,0,1.3056348425722676e-07,0
site_02445,3,0,1.305635346896232e-07,0
site_06282,3,0,1.305635346896232e-07,0
site_20364,3,0,1.3117574746277014e-07,0
site_08889,3,0,1.328991227079247e-07,0
site_03669,3,0,4.255744736119237e-07,0
site_11830,3,0,1.2973806733788816e-07,0
site_04849,3,0,4.2557463799735234e-07,0
site_00712,3,0,1.281063224803367e-07,0
site_10101,3,0,3.433423112118508e-10,0
site_09655,3,0,1.305635346896232e-07,0
site_05316,3,0,1.3117574746277014e-07,0
site_13230,3,0,1.3117569679389607e-07,0
site_00715,3,0,1.5330942021610836e-07,0
site_13322,3,0,1.5041880076371868e-10,0
site_12643,3,0,2.2616334310786733e-07,0
site_15640,3,0,4.475665354466672e-09,0
site_14692,3,0,1.305635346896232e-07,0
site_07895,3,0,1.3893681470555055e-07,0
site_17479,3,0,5.7042598938387793e-11,0
site_15275,3,0,1.305635346896232e-07,0
site_14967,3,0,4.409468487721732e-09,0
site_10598,3,0,4.730657224005377e-05,0
site_13287,3,0,1.1779701114840648e-06,0
site_13173,3,0,4.472556107725285e-09,0
site_17811,3,0,2.9676179995970575e-09,0
site_10747,3,1,0.999999998963019,1
site_18207,3,0,1.3289933651119445e-07,0
site_04896,3,0,1.305635346896232e-07,0
site_08693,3,0,3.87055109135e-06,0
site_20313,3,0,3.580681899759899e-07,0
site_13198,3,0,4.475665354466672e-09,0
site_19537,3,0,2.764917447283342e-07,0
site_02571,3,0,3.580681899759899e-07,0
site_06862,3,0,4.472556107725285e-09,0
site_07317,3,0,2.1033486350371943e-08,0
site_05144,3,0,4.475665354466672e-09,0
site_01214,3,0,9.103146611212714e-07,0
site_00732,3,0,7.195465604662894e-10,0
site_07013,3,0,2.9676188055079717e-09,0
site_16296,3,0,4.475665354466672e-09,0
site_05175,3,0,4.2557463799735234e-07,0
site_17701,3,0,4.348729001579651e-06,0
site_00512,3,1,0.9999999986511703,1
site_11847,3,1,0.9999999852080206,1
site_16046,3,1,0.999999973629706,1
site_11307,3,0,4.472556107725285e-09,0
site_14565,3,0,1.2810637196361215e-07,0
site_06137,3,0,1.305635346896232e-07,0
site_07928,3,0,1.1779701114840648e-06,0
site_02146,3,0,3.580681899759899e-07,0
site_11663,3,0,1.305635346896232e-07,0
site_03037,3,0,1.2804996466257828e-07,0
site_10894,3,0,1.5779559752007168e-07,0
site_17933,3,0,1.3117574746277014e-07,0
site_06247,3,0,1.2804996466257828e-07,0
site_05684,3,0,4.472556107725285e-09,0
site_05168,3,0,4.2557463799735234e-07,0
site_01924,3,1,0.9999501678965564,1
site_12662,3,0,1.2805001412408457e-07,0
site_13106,3,1,0.9999129791776545,1
site_15653,3,0,1.3117574746277014e-07,0
site_18871,3,0,1.3117574746277014e-07,0
site_16402,3,0,1.305635346896232e-07,0
site_16998,3,0,1.5779559752007168e-07,0
site_19238,3,0,1.3117569679389607e-07,0
site_11973,3,0,3.580680927360879e-07,0
site_17171,3,1,0.9999999139823584,1
site_03126,3,0,1.1779699763722728e-06,0
site_13179,3,0,1.2805001412408457e-07,0
site_18212,3,0,1.5779559752007168e-07,0
site_00981,3,0,1.1779696564734535e-06,0
site_12407,3,0,1.305635346896232e-07,0
site_02135,3,0,1.2810637196361215e-07,0
site_03189,3,0,7.81906394885083e-07,0
site_18307,3,0,2.9676188055079717e-09,0
site_13036,3,0,3.580681899759899e-07,0
site_15305,3,0,1.5330942021610836e-07,0
site_18097,3,0,5.0237394892033754e-06,0
site_05909,3,0,1.3056348425722676e-07,0
site_06394,3,0,3.87055109135e-06,0
site_05623,3,0,3.87055109135e-06,0
site_13227,3,0,1.3117569679389607e-07,0
site_11549,3,1,0.9999999996824218,1
site_14160,3,0,1.4371609531196914e-08,0
site_00801,3,0,1.5330942021610836e-07,0
site_03627,3,0,4.2557463799735234e-07,0
site_02519,3,0,1.305635346896232e-07,0
site_06130,3,0,1.5779559752007168e-07,0
site_05887,3,1,0.9999999987568617,1
site_15068,3,0,1.3117574746277014e-07,0
site_12608,3,0,7.195465604662894e-10,0
site_03537,3,1,0.9999999986511703,1
site_04618,3,0,1.305635346896232e-07,0
site_04491,3,0,1.3117574746277014e-07,0
site_14235,3,0,1.5783909927954662e-09,0
site_16390,3,0,3.580681899759899e-07,0
site_20467,3,0,1.5779559752007168e-07,0
site_02980,3,0,3.580680927360879e-07,0
site_07004,3,0,1.3893681470555055e-07,0
site_15143,3,0,1.305635346896232e-07,0
site_18631,3,0,3.003299089483836e-06,0
site_06655,3,0,1.3289933651119445e-07,0
site_08640,3,0,1.2805001412408457e-07,0
site_12005,3,1,0.9999999973048828,1
site_02011,3,0,7.819060928605714e-07,0
site_15225,3,0,1.5783909927954662e-09,0
site_15851,3,0,1.3117574746277014e-07,0
site_03125,3,0,1.362943036709074e-08,0
site_20775,3,0,1.305635346896232e-07,0
site_06637,3,0,1.3117574746277014e-07,0
site_18888,3,0,1.3117574746277014e-07,0
site_07222,3,0,1.5330942021610836e-07,0
site_20772,3,0,1.305635346896232e-07,0
site_21137,3,0,1.3893681470555055e-07,0
site_00157,3,1,0.9999999986511703,1
site_04638,3,0,4.475665354466672e-09,0
site_00565,3,0,1.3598054757496906e-07,0
site_07165,3,0,1.3117574746277014e-07,0
site_10214,3,0,1.3117574746277014e-07,0
site_07801,3,0,4.475665354466672e-09,0
site_02884,3,1,0.9999999987568617,1
site_03934,3,0,1.305635346896232e-07,0
site_20140,3,0,2.5164106058302496e-05,0
site_14986,3,0,1.1779701114840648e-06,0
site_15788,3,0,7.81906394885083e-07,0
site_04837,3,0,7.81906394885083e-07,0
site_05310,3,0,8.371126786439131e-07,0
site_15080,3,0,1.305635346896232e-07,0
site_20139,3,1,0.9999998850200206,1
site_08223,3,0,1.5779559752007168e-07,0
site_03479,3,0,1.572184192427421e-06,0
site_13209,3,0,1.5041880076371868e-10,0
site_05322,3,0,1.2805001412408457e-07,0
site_16287,3,0,1.2061932227517157e-06,0
site_11423,3,0,3.3678105790906585e-06,0
site_17295,3,0,1.5779559752007168e-07,0
site_12116,3,0,6.561628312177948e-08,0
site_10147,3,0,2.9676188055079717e-09,0
site_05848,3,0,7.81906394885083e-07,0
site_00908,3,0,1.5330942021610836e-07,0
site_12936,3,0,3.580681899759899e-07,0
site_19312,3,1,0.9999999699104385,1
site_13206,3,0,1.5041880076371868e-10,0
site_10258,3,0,1.664961813913483e-06,0
site_08733,3,0,1.5779559752007168e-07,0
site_03827,3,0,2.772184801584089e-09,0
site_14274,3,0,4.472556107725285e-09,0
site_09462,3,0,2.772184801584089e-09,0
site_11977,3,0,1.696775945016191e-09,0
site_19787,3,0,1.4371603979916494e-08,0
site_11836,3,0,8.685958058864435e-08,0
site_17842,3,0,1.2805001412408457e-07,0
site_09234,3,0,2.9676188055079717e-09,0
site_09107,3,0,3.580681899759899e-07,0
site_15566,3,0,1.305635346896232e-07,0
site_13382,3,0,1.305635346896232e-07,0
site_15637,3,0,4.409468487721732e-09,0
site_20643,3,0,4.2557463799735234e-07,0
site_01072,3,0,1.2143885010898206e-08,0
site_21152,3,1,0.9999999974385478,1
site_02622,3,0,4.472556107725285e-09,0
site_14500,3,0,1.3117574746277014e-07,0
site_12087,3,0,2.4015269493806905e-06,0
site_19532,3,1,0.99999925863,1
site_15944,3,0,4.2557463799735234e-07,0
site_18649,3,0,1.3117574746277014e-07,0
site_18070,3,0,3.580681899759899e-07,0
site_13347,3,0,1.2804996466257828e-07,0
site_05955,3,0,1.4762989935448486e-09,0
site_07940,3,0,1.305635346896232e-07,0
site_19131,3,0,3.580681899759899e-07,0
site_06782,3,0,1.5779559752007168e-07,0
site_18594,3,0,8.894323597808445e-08,0
site_00267,3,1,0.9999999612921552,1
site_12082,3,0,1.1779701114840648e-06,0
site_01982,3,1,0.9999999552162322,1
site_10388,3,0,4.255744736119237e-07,0
site_10813,3,0,1.3289933651119445e-07,0
site_10583,3,0,4.2557463799735234e-07,0
site_01044,3,0,2.772184801584089e-09,0
site_13822,3,0,1.305635346896232e-07,0
site_13281,3,0,2.4015269493806905e-06,0
site_08952,3,0,4.409468487721732e-09,0
site_00289,3,0,7.061701369462091e-07,0
site_12682,3,0,3.580681899759899e-07,0
site_12198,3,0,1.5779559752007168e-07,0
site_15373,3,0,4.2557463799735234e-07,0
site_17928,3,0,5.7042598938387793e-11,0
site_03848,3,0,1.305635346896232e-07,0
site_16625,3,0,4.2557463799735234e-07,0
site_10704,3,0,1.305635346896232e-07,0
site_10382,3,1,0.9999999994529343,1
site_00268,3,1,0.9999999100762945,1
site_18763,3,0,1.3056348425722676e-07,0
site_09695,3,0,1.2805001412408457e-07,0
site_15831,3,0,1.696775945016191e-09,0
site_20784,3,0,4.472556107725285e-09,0
site_02338,3,0,1.2500097489645298e-08,0
site_09516,3,0,3.750854649747383e-09,0
site_17123,3,1,0.9999999977549443,1
site_07819,3,0,1.328991227079247e-07,0
site_06276,3,0,1.305635346896232e-07,0
site_08468,3,0,4.2557463799735234e-07,0
site_13366,3,0,7.195467558723113e-10,0
site_11115,3,0,7.074555612914088e-06,0
site_13870,3,0,1.305635346896232e-07,0
site_07180,3,0,1.5779559752007168e-07,0
site_13326,3,0,1.5041880076371868e-10,0
site_21013,3,0,1.0092054975508557e-05,0
site_20546,3,1,0.9999999986511703,1
site_02586,3,0,1.3056348425722676e-07,0
site_06283,3,0,2.772184801584089e-09,0
site_11425,3,0,3.3678105790906585e-06,0
site_10559,3,0,1.305635346896232e-07,0
site_20893,3,0,1.1777738645268153e-06,0
site_09354,3,0,1.3740745427431017e-06,0
site_02077,3,0,8.79926817901269e-06,0
site_08842,3,0,1.5330942021610836e-07,0
site_15545,3,0,1.2805001412408457e-07,0
site_15074,3,0,1.3117574746277014e-07,0
site_16424,3,0,1.0844675909764646e-06,0
site_04729,3,0,1.5330942021610836e-07,0
site_06725,3,0,1.1779701114840648e-06,0
site_07950,3,0,1.3507118983894919e-08,0
site_03008,3,0,1.305635346896232e-07,0
site_21436,3,0,1.0844675909764646e-06,0
site_20917,3,0,1.305635346896232e-07,0
site_02432,3,0,3.580681899759899e-07,0
site_11730,3,0,6.23499003611283e-06,0
site_14177,3,0,1.328991227079247e-07,0
site_07453,3,0,4.472556107725285e-09,0
site_17354,3,0,1.1779701114840648e-06,0
site_09506,3,0,7.226892046485179e-06,0
site_20418,3,1,0.9999999891497752,1
site_05782,3,0,1.2973810257062767e-07,0
site_18209,3,0,1.5779559752007168e-07,0
site_15563,3,0,1.305635346896232e-07,0
site_04334,3,0,4.2557463799735234e-07,0
site_16011,3,0,1.1779701114840648e-06,0
site_18280,3,0,7.81906394885083e-07,0
site_19378,3,0,1.5779559752007168e-07,0
site_20225,3,0,1.305635346896232e-07,0
site_00231,3,1,0.9999999988787174,1
site_09978,3,1,0.9999999213369031,1
site_03838,3,0,2.4015269493806905e-06,0
site_15790,3,0,1.305635346896232e-07,0
site_07529,3,0,1.3117574746277014e-07,0
site_13077,3,0,1.3893681470555055e-07,0
site_12793,3,0,1.3893681470555055e-07,0
site_09167,3,0,1.3056348425722676e-07,0
site_07465,3,0,1.305635346896232e-07,0
site_18669,3,0,1.3117574746277014e-07,0
site_19600,3,1,0.9999996489294094,1
site_01622,3,0,1.2275512387812965e-06,0
site_00704,3,0,1.3117569679389607e-07,0
site_11867,3,0,2.6002516901217078e-08,0
site_06810,3,0,1.2061932227517157e-06,0
site_16560,3,1,0.9999999951782996,1
site_19021,3,0,1.305635346896232e-07,0
site_07648,3,0,1.305635346896232e-07,0
site_03575,3,0,4.2557463799735234e-07,0
site_20480,3,1,0.999999994290323,1
site_00716,3,0,1.3893676103883204e-07,0
site_10697,3,0,1.4371609531196914e-08,0
site_17167,3,1,0.9999999986512285,1
site_14029,3,0,1.3893681470555055e-07,0
site_07075,3,0,7.195467558723113e-10,0
site_18744,3,0,3.580681899759899e-07,0
site_00787,3,0,2.4015262972038857e-06,0
site_07058,3,0,1.3117574746277014e-07,0
site_13269,3,0,1.305635346896232e-07,0
site_04725,3,0,1.3117574746277014e-07,0
site_02916,3,0,3.580681899759899e-07,0
site_08637,3,0,4.475665354466672e-09,0
site_11475,3,0,1.305635346896232e-07,0
site_20197,3,1,0.9999999973919655,1
site_13150,3,0,1.1779699763722728e-06,0
site_08621,3,0,1.3117574746277014e-07,0
site_20498,3,1,0.9999999194471112,1
site_04492,3,0,1.3117574746277014e-07,0
site_13566,3,0,1.3117569679389607e-07,0
site_20720,3,0,1.3056348425722676e-07,0
site_05184,3,0,1.1779701114840648e-06,0
site_17614,3,0,8.89432016222382e-08,0
site_14836,3,0,4.409468487721732e-09,0
site_18813,3,0,8.371126786439131e-07,0
site_20472,3,1,0.9795442505754883,1
site_10846,3,1,0.9999999998609823,1
site_09846,3,0,5.9637717412935615e-09,0
site_00741,3,0,3.580680927360879e-07,0
site_04418,3,0,1.476299563790857e-09,0
site_02223,3,0,2.0413254985448384e-07,0
site_05454,3,0,1.3598058450296775e-07,0
site_07268,3,0,4.2557463799735234e-07,0
site_00862,3,0,8.583162560609327e-09,0
site_09479,3,0,1.3893681470555055e-07,0
site_14582,3,0,1.2805001412408457e-07,0
site_17259,3,0,1.3056348425722676e-07,0
site_15911,3,0,3.6178060058995513e-09,0
site_15178,3,0,1.3582205181349417e-09,0
site_10255,3,1,0.9975126609635718,1
site_02435,3,0,1.0844678854831457e-06,0
site_18632,3,0,1.0844678854831457e-06,0
site_00344,3,1,0.9999999986511703,1
site_05271,3,0,1.305635346896232e-07,0
site_01274,3,0,4.4756636256642274e-09,0
site_18516,3,0,1.305635346896232e-07,0
site_13379,3,0,3.580681899759899e-07,0
site_06150,3,0,1.305635346896232e-07,0
site_12595,3,0,1.362943036709074e-08,0
site_20214,3,0,2.224530185545735e-09,0
site_06203,3,0,1.3117574746277014e-07,0
site_14142,3,0,1.2805001412408457e-07,0
site_17356,3,0,3.580681899759899e-07,0
site_04167,3,0,3.580681899759899e-07,0
site_15278,3,0,1.2805001412408457e-07,0
site_13619,3,0,1.305635346896232e-07,0
site_01820,3,0,1.3912354527293436e-07,0
site_02955,3,0,2.4015269493806905e-06,0
site_12755,3,1,0.9999999986511703,1
site_01345,3,0,3.580680927360879e-07,0
site_16044,3,1,0.9999997337423755,1
site_16304,3,0,4.4756636256642274e-09,0
site_15626,3,0,2.9676179995970575e-09,0
site_19064,3,0,1.305635346896232e-07,0
site_08583,3,0,8.371126786439131e-07,0
site_12757,3,1,0.9999999986511703,1
site_00199,3,0,1.3056348425722676e-07,0
site_17715,3,0,7.81906394885083e-07,0
site_08847,3,0,4.472556107725285e-09,0
site_05879,3,0,9.678772670139915e-10,0
site_20029,3,0,7.81906394885083e-07,0
site_02915,3,0,4.2557463799735234e-07,0
site_10711,3,0,4.241384868263407e-09,0
site_05395,3,0,1.3117574746277014e-07,0
site_09581,3,0,4.2557463799735234e-07,0
site_16607,3,0,2.261981331395487e-07,0
site_21524,3,0,1.3056348425722676e-07,0
site_07696,3,0,4.475665354466672e-09,0
site_17929,3,0,1.0844678854831457e-06,0
site_14921,3,0,4.866147373125558e-09,0
site_01309,3,0,1.3893676103883204e-07,0
site_09739,3,1,0.9999999972174112,1
site_03968,3,0,1.4371609531196914e-08,0
site_02536,3,1,0.9999999974342748,1
site_18044,3,0,4.255744736119237e-07,0
site_02891,3,1,0.9999999987774106,1
site_16822,3,0,4.2557463799735234e-07,0
site_05031,3,0,1.1779701114840648e-06,0
site_18948,3,0,1.305635346896232e-07,0
site_08591,3,0,1.5779559752007168e-07,0
site_11445,3,0,1.305635346896232e-07,0
site_04928,3,0,1.305635346896232e-07,0
site_06485,3,0,1.3117574746277014e-07,0
site_13286,3,0,3.580681899759899e-07,0
site_20424,3,0,1.7448579767897925e-05,0
site_00516,3,1,0.9999999854267998,1
site_03120,3,0,2.373526464209832e-06,0
site_14141,3,0,1.5779559752007168e-07,0
site_18490,3,0,1.5779559752007168e-07,0
site_07175,3,0,1.305635346896232e-07,0
site_06430,3,0,4.475665354466672e-09,0
site_20862,3,0,3.580681899759899e-07,0
site_09876,3,0,4.255744736119237e-07,0
site_00191,3,1,0.9999999986511703,1
site_13760,3,0,3.580681899759899e-07,0
site_07880,3,0,4.472556107725285e-09,0
site_18159,3,0,5.70425834474315e-11,0
site_02825,3,0,1.3056348425722676e-07,0
site_19522,3,1,0.9999999854267998,1
site_18116,3,0,3.580680927360879e-07,0
site_06578,3,0,4.2557463799735234e-07,0
site_08173,3,0,2.772184801584089e-09,0
site_11893,3,0,1.5779559752007168e-07,0
site_21099,3,0,1.0676704239538577e-06,0
site_09599,3,0,1.2805001412408457e-07,0
site_20825,3,0,4.475665354466672e-09,0
site_18203,3,0,1.3117574746277014e-07,0
site_15612,3,0,1.3893681470555055e-07,0
site_03791,3,0,4.475665354466672e-09,0
site_10060,3,0,4.2557463799735234e-07,0
site_15270,3,0,8.79926817901269e-06,0
site_20257,3,0,4.4756636256642274e-09,0
site_19264,3,0,1.5330942021610836e-07,0
site_05171,3,0,2.772184801584089e-09,0
site_15369,3,0,1.0844678854831457e-06,0
site_08919,3,0,1.3893681470555055e-07,0
site_09123,3,0,1.3582205181349417e-09,0
site_15199,3,0,1.5779559752007168e-07,0
site_04266,3,0,1.5779559752007168e-07,0
site_17931,3,0,4.2557463799735234e-07,0
site_21386,3,0,1.3893676103883204e-07,0
site_03761,3,0,7.81906394885083e-07,0
site_15211,3,0,1.3117574746277014e-07,0
site_00679,3,0,1.3056348425722676e-07,0
site_21511,3,0,1.5330942021610836e-07,0
site_04124,3,0,1.1779696564734535e-06,0
site_06970,3,0,1.3117574746277014e-07,0
site_19065,3,0,3.580681899759899e-07,0
site_20065,3,1,0.999999990849665,1
site_04571,3,0,1.305635346896232e-07,0
site_14744,3,0,1.5779559752007168e-07,0
site_07866,3,0,8.371126786439131e-07,0
site_11005,3,0,7.226892046485179e-06,0
site_20820,3,0,1.227551712943605e-06,0
site_05543,3,0,1.5779559752007168e-07,0
site_20792,3,1,0.9999999945400264,1
site_14116,3,0,2.4015269493806905e-06,0
site_00714,3,0,1.2804996466257828e-07,0
site_12564,3,0,1.3289933651119445e-07,0
site_06516,3,0,4.2557463799735234e-07,0
site_00239,3,0,1.3056348425722676e-07,0
site_12996,3,1,0.9999999544071242,1
site_19663,3,1,0.9999999854267998,1
site_15551,3,0,7.329710790147558e-10,0
site_18973,3,0,1.3056348425722676e-07,0
site_00225,3,1,0.9999999893466184,1
site_12981,3,0,1.3117569679389607e-07,0
site_00838,3,0,4.8661454934927434e-09,0
site_18399,3,0,1.2805001412408457e-07,0
site_12439,3,0,4.2557463799735234e-07,0
site_04670,3,0,4.475665354466672e-09,0
site_17979,3,0,1.3893681470555055e-07,0
site_00607,3,0,7.195465604662894e-10,0
site_01065,3,0,1.282058781247855e-09,0
site_03671,3,0,1.328991227079247e-07,0
site_03109,3,0,1.3893681470555055e-07,0
site_15915,3,0,1.3117574746277014e-07,0
site_08939,3,0,1.3056348425722676e-07,0
site_03011,3,0,1.3117574746277014e-07,0
site_18681,3,0,1.3117574746277014e-07,0
site_07583,3,0,4.866147373125558e-09,0
site_02500,3,0,1.3893681470555055e-07,0
site_00078,3,0,2.8998739772925344e-07,0
site_02741,3,0,1.1779699763722728e-06,0
site_10448,3,0,4.2557463799735234e-07,0
site_12659,3,0,3.580681899759899e-07,0
site_20153,3,0,1.5330942021610836e-07,0
site_07229,3,0,1.3117574746277014e-07,0
site_15043,3,0,4.472556107725285e-09,0
site_20865,3,0,1.3117574746277014e-07,0
site_08534,3,0,1.3507118983894919e-08,0
site_01633,3,0,7.972966108202009e-09,0
site_17157,3,0,3.580680927360879e-07,0
site_03188,3,0,3.003299089483836e-06,0
site_14904,3,0,1.305635346896232e-07,0
site_02970,3,0,9.263147832071106e-10,0
site_03239,3,0,3.580681899759899e-07,0
site_14396,3,0,1.5779559752007168e-07,0
site_16468,3,0,1.2805001412408457e-07,0
site_21374,3,1,0.9999999975216949,1
site_02705,3,0,4.409466784488961e-09,0
site_00748,3,0,1.0005282111521023e-06,0
site_17335,3,1,0.9999999486469542,1
site_21316,3,0,4.2557463799735234e-07,0
site_07901,3,0,1.305635346896232e-07,0
site_18285,3,0,4.2557463799735234e-07,0
site_18726,3,0,1.227551712943605e-06,0
site_10073,3,0,4.2557463799735234e-07,0
site_12202,3,0,3.580681899759899e-07,0
site_01828,3,0,2.4015262972038857e-06,0
site_12444,3,0,1.5779559752007168e-07,0
site_15328,3,0,9.678772670139915e-10,0
site_02886,3,1,0.9999999988787174,1
site_20169,3,0,1.305635346896232e-07,0
site_21381,3,1,0.9999999816607233,1
site_16443,3,1,0.9999999989886366,1
site_04337,3,0,2.4015269493806905e-06,0
site_01404,3,0,7.481566675417809e-06,0
site_20776,3,0,1.305635346896232e-07,0
site_05633,3,0,3.580681899759899e-07,0
site_05097,3,0,4.711240004573056e-07,0
site_18279,3,0,1.2805001412408457e-07,0
site_17737,3,0,1.1779696564734535e-06,0
site_18226,3,0,1.2805001412408457e-07,0
site_01201,3,0,1.3056348425722676e-07,0
site_05602,3,1,0.9999999857538386,1
site_06280,3,0,1.3117574746277014e-07,0
site_00213,3,0,1.6005897366384334e-10,0
site_05857,3,0,1.3117574746277014e-07,0
site_17162,3,0,1.3056348425722676e-07,0
site_21126,3,0,8.894323597808445e-08,0
site_16051,3,1,0.9999999992995534,1
site_00629,3,0,1.2804996466257828e-07,0
site_12156,3,0,4.475665354466672e-09,0
site_04415,3,0,4.472556107725285e-09,0
site_07107,3,0,1.5779559752007168e-07,0
site_21170,3,0,1.1779701114840648e-06,0
site_01876,3,0,1.1779696564734535e-06,0
site_08768,3,0,4.079923435535319e-06,0
site_17886,3,0,1.1779696564734535e-06,0
site_01100,3,0,2.4149262718736743e-06,0
site_11255,3,1,0.9999999986511703,1
site_08734,3,0,1.5779559752007168e-07,0
site_13346,3,0,1.3117569679389607e-07,0
site_14570,3,0,1.328991227079247e-07,0
site_13795,3,0,1.3117569679389607e-07,0
site_13568,3,0,1.3056348425722676e-07,0
site_14886,3,0,1.305635346896232e-07,0
site_01775,3,0,4.4756636256642274e-09,0
site_08414,3,0,4.2557463799735234e-07,0
site_01370,3,0,1.305635346896232e-07,0
site_14088,3,0,4.472556107725285e-09,0
site_06141,3,0,8.79926817901269e-06,0
site_15641,3,0,1.3117574746277014e-07,0
site_05289,3,0,1.305635346896232e-07,0
site_09203,3,0,1.362943036709074e-08,0
site_00127,3,1,0.9999999986511703,1
site_14839,3,0,1.3117574746277014e-07,0
site_06900,3,0,1.3117574746277014e-07,0
site_13545,3,0,7.81906394885083e-07,0
site_17374,3,0,1.3056348425722676e-07,0
site_06172,3,0,2.373525819637033e-06,0
site_17665,3,0,1.3056348425722676e-07,0
site_04245,3,0,1.5779559752007168e-07,0
site_05662,3,0,1.5779559752007168e-07,0
site_02610,3,0,3.433423112118508e-10,0
site_08406,3,0,1.305635346896232e-07,0
site_17103,3,0,1.1779699763722728e-06,0
site_07905,3,0,1.305635346896232e-07,0
site_00282,3,0,1.281063224803367e-07,0
site_15747,3,0,1.362943036709074e-08,0
site_12557,3,0,1.2805001412408457e-07,0
site_03767,3,0,3.580681899759899e-07,0
site_07485,3,0,3.580681899759899e-07,0
site_21077,3,0,1.2805001412408457e-07,0
site_07198,3,0,1.1779701114840648e-06,0
site_12645,3,0,2.566173215585229e-07,0
site_05976,3,0,1.3893676103883204e-07,0
site_01760,3,0,1.1779696564734535e-06,0
site_15300,3,0,1.2805001412408457e-07,0
site_03565,3,0,1.4127202894993966e-07,0
site_20861,3,0,2.772184801584089e-09,0
site_04147,3,0,1.5779559752007168e-07,0
site_08722,3,0,1.1779701114840648e-06,0
site_03332,3,1,0.9999999983085575,1
site_02224,3,0,1.5041880076371868e-10,0
site_16354,3,0,1.3117574746277014e-07,0
site_10097,3,0,1.375424856622674e-07,0
site_07756,3,0,4.2557463799735234e-07,0
site_15984,3,0,4.866147373125558e-09,0
site_14509,3,0,1.3117574746277014e-07,0
site_06987,3,0,1.3582205181349417e-09,0
site_19340,3,0,1.2805001412408457e-07,0
site_08331,3,0,4.472556107725285e-09,0
site_10839,3,0,1.7942431150519828e-06,0
site_20663,3,0,3.580680927360879e-07,0
site_00214,3,0,5.197148603522765e-07,0
site_19242,3,0,1.5779559752007168e-07,0
site_12884,3,1,0.999999944196416,1
site_13368,3,0,1.2810637196361215e-07,0
site_03675,3,0,1.3056348425722676e-07,0
site_12434,3,0,4.2557463799735234e-07,0
site_01976,3,0,7.195467558723113e-10,0
site_08474,3,0,1.305635346896232e-07,0
site_18297,3,0,1.305635346896232e-07,0
site_00572,3,0,1.3582205181349417e-09,0
site_20100,3,0,1.5783909927954662e-09,0
site_16635,3,0,1.1779701114840648e-06,0
site_07302,3,0,1.5779559752007168e-07,0
site_16439,3,1,0.999999999663306,1
site_02658,3,1,0.9999999854267998,1
site_01208,3,0,2.5339912198120555e-10,0
site_04443,3,0,1.3507118983894919e-08,0
site_05049,3,0,1.305635346896232e-07,0
site_06694,3,0,1.3117574746277014e-07,0
site_07629,3,0,4.472556107725285e-09,0
site_13483,3,0,1.328991227079247e-07,0
site_05636,3,0,1.305635346896232e-07,0
site_04253,3,0,1.3117574746277014e-07,0
site_20730,3,1,0.999999968273846,1
site_12370,3,0,1.5779559752007168e-07,0
site_14074,3,0,3.003299089483836e-06,0
site_19750,3,0,1.2805001412408457e-07,0
site_18622,3,0,1.5384160528267504e-07,0
site_18769,3,1,0.9999999891441328,1
site_20447,3,0,7.81906394885083e-07,0
site_16583,3,0,1.4127202894993966e-07,0
site_02576,3,0,3.580681899759899e-07,0
site_08664,3,0,1.5779559752007168e-07,0
site_14733,3,0,1.4127202894993966e-07,0
site_06552,3,0,1.305635346896232e-07,0
site_18412,3,0,1.3289933651119445e-07,0
site_20965,3,0,1.139061281831891e-05,0
site_07606,3,0,1.3117574746277014e-07,0
site_17209,3,0,1.5779559752007168e-07,0
site_16761,3,0,1.3117574746277014e-07,0
site_21031,3,0,3.580681899759899e-07,0
site_17532,3,0,3.0228253870491555e-09,0
site_14258,3,0,2.4015269493806905e-06,0
site_20383,3,0,7.81906394885083e-07,0
site_00124,3,1,0.9999999986511703,1
site_01882,3,0,1.1779696564734535e-06,0
site_10002,3,0,1.3117569679389607e-07,0
site_19838,3,0,1.3507118983894919e-08,0
site_16815,3,0,4.475665354466672e-09,0
site_11980,3,0,7.195465604662894e-10,0
site_02863,3,0,1.305635346896232e-07,0
site_04439,3,0,1.305635346896232e-07,0
site_06223,3,0,1.1779701114840648e-06,0
site_17141,3,0,4.2557463799735234e-07,0
site_17957,3,0,1.3117569679389607e-07,0
site_17327,3,0,8.58448288316155e-09,0
site_00662,3,0,1.3117569679389607e-07,0
site_00247,3,0,1.412719743812049e-07,0
site_08169,3,0,1.3117574746277014e-07,0
site_10353,3,0,4.2557463799735234e-07,0
site_12694,3,0,1.2805001412408457e-07,0
site_17424,3,0,1.3740740119839856e-06,0
site_02115,3,1,0.9999999988459061,1
site_05015,3,0,4.472556107725285e-09,0
site_08118,3,0,1.305635346896232e-07,0
site_07304,3,0,1.305635346896232e-07,0
site_00606,3,0,9.67877004169295e-10,0
site_18012,3,0,1.1777743194617986e-06,0
site_00381,3,1,0.9999999854267998,1
site_03302,3,0,3.003299089483836e-06,0
site_08094,3,0,4.472556107725285e-09,0
site_08822,3,0,4.472556107725285e-09,0
site_09332,3,1,0.9999999921558204,1
site_07426,3,0,1.305635346896232e-07,0
site_14138,3,0,2.1033486350371943e-08,0
site_14569,3,0,1.3117574746277014e-07,0
site_15086,3,0,1.227551712943605e-06,0
site_19422,3,0,1.3507118983894919e-08,0
site_12719,3,0,1.2805001412408457e-07,0
site_13411,3,0,3.580681899759899e-07,0
site_21380,3,1,0.9999999993761339,1
site_17004,3,0,1.305635346896232e-07,0
site_08441,3,0,1.5779559752007168e-07,0
site_11401,3,1,0.9999999993508333,1
site_11837,3,0,1.0008788454085033e-06,0
site_00066,3,0,9.67877004169295e-10,0
site_01701,3,0,2.9676179995970575e-09,0
site_20453,3,0,4.2557463799735234e-07,0
site_14586,3,0,1.5330942021610836e-07,0
site_04744,3,0,1.2805001412408457e-07,0
site_05367,3,0,1.3289933651119445e-07,0
site_20168,3,0,1.3893681470555055e-07,0
site_12600,3,0,1.5330942021610836e-07,0
site_05318,3,0,1.3893681470555055e-07,0
site_16826,3,0,3.580681899759899e-07,0
site_13034,3,0,2.772184801584089e-09,0
site_13356,3,0,1.4371603979916494e-08,0
site_00144,3,0,1.6013519185263148e-09,0
site_09804,3,0,1.3289933651119445e-07,0
site_13260,3,0,4.472556107725285e-09,0
site_02517,3,0,3.580681899759899e-07,0
site_16802,3,0,2.6226294463441233e-07,0
site_01397,3,1,0.999999977358801,1
site_06648,3,0,1.3117574746277014e-07,0
site_17925,3,0,3.904967545285702e-06,0
site_08498,3,0,3.580681899759899e-07,0
site_18125,3,0,1.3117574746277014e-07,0
site_13149,3,0,1.305635346896232e-07,0
site_05555,3,0,1.4371609531196914e-08,0
site_09499,3,0,2.5569342752962345e-06,0
site_03095,3,1,0.9999999926803653,1
site_21343,3,0,4.255744736119237e-07,0
site_11500,3,0,4.472556107725285e-09,0
site_14294,3,0,1.305635346896232e-07,0
site_19560,3,0,1.3507118983894919e-08,0
site_02543,3,1,0.9998235492193301,1
site_02777,3,1,0.9999999942210311,1
site_03905,3,0,4.2557463799735234e-07,0
site_21487,3,0,1.2804996466257828e-07,0
site_14320,3,0,1.305635346896232e-07,0
site_16663,3,1,0.9999997635290632,1
site_14387,3,0,1.3893681470555055e-07,0
site_21224,3,1,0.9999999987774106,1
site_01789,3,0,7.819060928605714e-07,0
site_18026,3,0,2.1033486350371943e-08,0
site_07089,3,0,2.772184801584089e-09,0
site_00395,3,1,0.9999999986511703,1
site_15155,3,0,1.305635346896232e-07,0
site_14729,3,0,1.5779559752007168e-07,0
site_08661,3,0,4.866147373125558e-09,0
site_20911,3,1,0.9999999993622359,1
site_21535,3,0,2.9676188055079717e-09,0
site_19562,3,0,2.1033486350371943e-08,0
site_04565,3,0,4.2557463799735234e-07,0
site_21026,3,0,4.2557463799735234e-07,0
site_15989,3,0,1.2810637196361215e-07,0
site_03601,3,0,1.2804996466257828e-07,0
site_19579,3,0,4.255744736119237e-07,0
site_15374,3,0,4.475665354466672e-09,0
site_00324,3,0,4.4756636256642274e-09,0
site_09760,3,0,2.9676179995970575e-09,0
site_01459,3,0,5.4580175789862e-11,0
site_08516,3,0,3.580681899759899e-07,0
site_06371,3,0,1.5041884161269372e-10,0
site_18829,3,0,4.2557463799735234e-07,0
site_16805,3,1,0.999999922643453,1
site_17489,3,0,5.7042598938387793e-11,0
site_03046,3,1,0.9999999986511703,1
site_05173,3,0,3.580681899759899e-07,0
site_19801,3,1,0.9999999994521438,1
site_10663,3,0,1.5168923921011968e-08,0
site_06794,3,0,4.2557463799735234e-07,0
site_03305,3,0,1.227551712943605e-06,0
site_20651,3,0,1.1779701114840648e-06,0
site_08819,3,0,2.1033486350371943e-08,0
site_14926,3,0,7.81906394885083e-07,0
site_12178,3,0,1.305635346896232e-07,0
site_16952,3,0,7.819060928605714e-07,0
site_03102,3,1,0.9999999986511703,1
site_02142,3,0,4.475665354466672e-09,0
site_10269,3,0,4.472556107725285e-09,0
site_04845,3,0,1.1779701114840648e-06,0
site_06610,3,0,1.3289928517655476e-07,0
site_19173,3,0,1.3117569679389607e-07,0
site_05942,3,0,2.373526464209832e-06,0
site_10099,3,1,0.9999999918973742,1
site_13029,3,0,1.5779559752007168e-07,0
site_16121,3,1,0.9999999993900557,1
site_18539,3,0,4.2557463799735234e-07,0
site_07530,3,0,1.3893681470555055e-07,0
site_08784,3,0,1.5779559752007168e-07,0
site_05953,3,0,7.819060928605714e-07,0
site_13523,3,0,4.2557463799735234e-07,0
site_15187,3,0,1.305635346896232e-07,0
site_09434,3,0,1.5330942021610836e-07,0
site_13733,3,0,2.4015269493806905e-06,0
site_09921,3,0,4.472556107725285e-09,0
site_07042,3,0,1.5330942021610836e-07,0
site_05575,3,0,7.81906394885083e-07,0
site_02690,3,0,4.2557463799735234e-07,0
site_16809,3,0,4.2557463799735234e-07,0
site_00871,3,0,1.4371603979916494e-08,0
site_01887,3,0,4.255744736119237e-07,0
site_01032,3,1,0.9999999775650296,1
site_19672,3,1,0.9999999920449397,1
site_01457,3,0,2.1882045634038816e-05,0
site_15734,3,0,4.475665354466672e-09,0
site_18917,3,0,4.472556107725285e-09,0
site_10817,3,0,1.5783909927954662e-09,0
site_21167,3,1,0.9999999991105633,1
site_15968,3,0,1.2804996466257828e-07,0
site_03020,3,0,3.580681899759899e-07,0
site_15346,3,0,1.2805001412408457e-07,0
site_03447,3,0,1.2804996466257828e-07,0
site_03409,3,1,0.9999999742506989,1
site_05969,3,1,0.9999382876604029,1
site_08973,3,0,4.475665354466672e-09,0
site_20309,3,0,1.305635346896232e-07,0
site_03152,3,1,0.9999999982782974,1
site_02941,3,1,0.9999999986511703,1
site_09056,3,0,4.475665354466672e-09,0
site_20395,3,0,4.4756636256642274e-09,0
site_12585,3,0,1.067670713898971e-06,0
site_03453,3,0,4.255744736119237e-07,0
site_03262,3,0,1.3289928517655476e-07,0
site_14470,3,0,4.2557463799735234e-07,0
site_08930,3,0,5.7042598938387793e-11,0
site_07623,3,0,1.5779559752007168e-07,0
site_16200,3,0,4.2557463799735234e-07,0
site_07087,3,0,1.305635346896232e-07,0
site_05093,3,0,2.1033486350371943e-08,0
site_13194,3,0,1.5779559752007168e-07,0
site_11476,3,0,1.3117574746277014e-07,0
site_02467,3,0,1.5041880076371868e-10,0
site_01294,3,1,0.9999999995598379,1
site_02605,3,0,8.22752849023375e-06,0
site_16035,3,0,1.1779696564734535e-06,0
site_10384,3,1,0.9999999845717269,1
site_05703,3,1,0.9999999848956884,1
site_14214,3,0,3.935956598115205e-09,0
site_06318,3,0,2.4015262972038857e-06,0
site_05925,3,0,1.5330942021610836e-07,0
site_10237,3,0,2.6002516901217078e-08,0
site_09284,3,0,4.2557463799735234e-07,0
site_07031,3,0,1.328991227079247e-07,0
site_04050,3,0,1.1779701114840648e-06,0
site_01289,3,0,1.257710976254582e-06,0
site_15662,3,0,4.2557463799735234e-07,0
site_00303,3,1,0.9999999839058749,1
site_06793,3,0,1.5330942021610836e-07,0
site_16074,3,0,4.2557463799735234e-07,0
site_14905,3,0,1.5779559752007168e-07,0
site_02628,3,0,3.580681899759899e-07,0
site_05653,3,0,1.3582205181349417e-09,0
site_07148,3,0,4.2557463799735234e-07,0
site_07182,3,0,4.472556107725285e-09,0
site_02024,3,0,4.2557463799735234e-07,0
site_17394,3,0,1.1779701114840648e-06,0
site_08649,3,0,4.472556107725285e-09,0
site_08757,3,0,1.5779559752007168e-07,0
site_19986,3,1,0.9999999986686634,1
site_09307,3,0,1.305635346896232e-07,0
site_03042,3,1,0.9999999988787174,1
site_01841,3,0,1.3117569679389607e-07,0
site_08281,3,0,1.227551712943605e-06,0
site_05267,3,0,1.3117574746277014e-07,0
site_14907,3,0,1.2805001412408457e-07,0
site_09308,3,0,1.328991227079247e-07,0
site_13511,3,0,1.305635346896232e-07,0
site_21275,3,1,0.9999999986511703,1
site_04285,3,0,2.4015269493806905e-06,0
site_02064,3,0,7.819060928605714e-07,0
site_20920,3,0,1.2805001412408457e-07,0
site_08998,3,0,1.5330942021610836e-07,0
site_15988,3,0,2.772184801584089e-09,0
site_05028,3,0,8.894323597808445e-08,0
site_15894,3,0,4.2557463799735234e-07,0
site_14343,3,0,1.305635346896232e-07,0
site_10673,3,0,4.2557463799735234e-07,0
site_09049,3,0,4.472556107725285e-09,0
site_07147,3,0,1.305635346896232e-07,0
site_01314,3,1,0.9999999774628764,1
site_12374,3,1,0.9999999988787174,1
site_01266,3,0,3.580680927360879e-07,0
site_06281,3,0,1.305635346896232e-07,0
site_17870,3,0,1.2805001412408457e-07,0
site_02655,3,0,1.412719743812049e-07,0
site_11732,3,1,0.9999993986980799,1
site_04400,3,0,1.3117574746277014e-07,0
site_15558,3,0,1.3289933651119445e-07,0
site_09656,3,0,1.305635346896232e-07,0
site_00139,3,0,1.6005897366384334e-10,0
site_01114,3,0,4.475665354466672e-09,0
site_20840,3,0,1.3056348425722676e-07,0
site_05828,3,1,0.9999999986511703,1
site_03751,3,0,1.3056348425722676e-07,0
site_13119,3,1,0.9999999871713109,1
site_11165,3,0,4.472556107725285e-09,0
site_13407,3,0,4.472556107725285e-09,0
site_12001,3,1,0.9999999388146588,1
site_18178,3,0,1.2805001412408457e-07,0
site_10919,3,0,3.003299089483836e-06,0
site_09142,3,0,4.475665354466672e-09,0
site_18301,3,0,1.5330942021610836e-07,0
site_19251,3,1,0.9999999974053786,1
site_09543,3,0,1.2805001412408457e-07,0
site_09862,3,1,0.9999999993222752,1
site_02012,3,0,1.2804996466257828e-07,0
site_18848,3,0,4.866147373125558e-09,0
site_04357,3,0,3.580681899759899e-07,0
site_09221,3,0,2.9676188055079717e-09,0
site_15939,3,0,1.305635346896232e-07,0
site_10513,3,0,4.255744736119237e-07,0
site_19007,3,0,1.5330942021610836e-07,0
site_02735,3,0,3.580681899759899e-07,0
site_04336,3,0,4.2557463799735234e-07,0
site_04199,3,0,3.580681899759899e-07,0
site_10876,3,0,3.460549389164491e-06,0
site_14416,3,0,1.305635346896232e-07,0
site_18008,3,0,7.81906394885083e-07,0
site_00769,3,0,3.580680927360879e-07,0
site_04878,3,0,1.3893681470555055e-07,0
site_17460,3,0,7.81906394885083e-07,0
site_17853,3,0,4.2557463799735234e-07,0
site_00084,3,1,0.9999999969908369,1
site_04821,3,0,1.305635346896232e-07,0
site_20854,3,0,3.245001691851234e-06,0
site_08615,3,0,4.2557463799735234e-07,0
site_06069,3,0,1.305635346896232e-07,0
site_04767,3,0,3.87055109135e-06,0
site_01644,3,0,2.4015262972038857e-06,0
site_17739,3,0,1.9848347681401994e-07,0
site_02365,3,0,3.580681899759899e-07,0
site_14230,3,0,1.5779559752007168e-07,0
site_19248,3,1,0.9999999986511703,1
site_00837,3,0,4.255744736119237e-07,0
site_13542,3,0,1.4127202894993966e-07,0
site_06155,3,0,4.866147373125558e-09,0
site_00158,3,1,0.9999999986511703,1
site_08572,3,0,1.227551712943605e-06,0
site_00183,3,1,0.9999999781406135,1
site_17348,3,0,1.3117574746277014e-07,0
site_18385,3,0,2.4015269493806905e-06,0
site_08490,3,0,1.3117574746277014e-07,0
site_04353,3,0,2.9676188055079717e-09,0
site_12827,3,0,1.305635346896232e-07,0
site_21180,3,0,2.772184801584089e-09,0
site_06170,3,0,1.5041880076371868e-10,0
site_06874,3,0,8.79926817901269e-06,0
site_18528,3,0,1.5779559752007168e-07,0
site_03421,3,0,3.580681899759899e-07,0
site_07759,3,0,2.772184801584089e-09,0
site_16436,3,1,0.9999999164036387,1
site_17642,3,0,4.471151901253454e-10,0
site_14947,3,0,7.81906394885083e-07,0
site_05742,3,0,1.305635346896232e-07,0
site_08139,3,0,3.580681899759899e-07,0
site_20706,3,0,4.2557463799735234e-07,0
site_16648,3,0,1.0844678854831457e-06,0
site_13929,3,0,1.2805001412408457e-07,0
site_09943,3,0,4.2557463799735234e-07,0
site_00369,3,0,4.255744736119237e-07,0
site_15509,3,0,3.580681899759899e-07,0
site_14474,3,0,4.2557463799735234e-07,0
site_00474,3,1,0.9999999986511703,1
site_14877,3,0,1.3117574746277014e-07,0
site_10909,3,0,1.3117574746277014e-07,0
site_04550,3,0,1.5779559752007168e-07,0
site_20681,3,0,1.3414111569719303e-05,0
site_15156,3,0,1.305635346896232e-07,0
site_08951,3,0,1.3117574746277014e-07,0
site_03561,3,0,2.9676188055079717e-09,0
site_03955,3,0,4.711238184776707e-07,0
site_16266,3,0,1.1779701114840648e-06,0
site_05591,3,0,4.2557463799735234e-07,0
site_12807,3,0,1.3117574746277014e-07,0
site_12970,3,0,1.5041880076371868e-10,0
site_18907,3,0,1.214388032011454e-08,0
site_15416,3,0,1.2805001412408457e-07,0
site_14270,3,0,4.2557463799735234e-07,0
site_08311,3,0,4.475665354466672e-09,0
site_14466,3,0,4.475665354466672e-09,0
site_11328,3,0,8.79926817901269e-06,0
site_18929,3,0,1.5779559752007168e-07,0
site_20358,3,0,2.764917447283342e-07,0
site_19796,3,1,0.9999999987774106,1
site_18959,3,0,1.305635346896232e-07,0
site_18585,3,0,1.3117574746277014e-07,0
site_08977,3,0,7.81906394885083e-07,0
site_11118,3,1,0.9999999148365425,1
site_00040,3,1,0.9999999986511703,1
site_18605,3,0,4.475665354466672e-09,0
site_17624,3,0,1.2651089001716598e-07,0
site_02364,3,0,1.1779699763722728e-06,0
site_18997,3,0,1.2805001412408457e-07,0
site_14475,3,0,1.328991227079247e-07,0
site_15000,3,0,1.3117574746277014e-07,0
site_21420,3,0,3.580680927360879e-07,0
site_03034,3,0,1.2804996466257828e-07,0
site_19716,3,0,1.3056348425722676e-07,0
site_04136,3,0,1.3893681470555055e-07,0
site_15928,3,0,1.476299563790857e-09,0
site_12716,3,0,4.475665354466672e-09,0
site_15411,3,0,4.472556107725285e-09,0
site_09436,3,0,5.0237394892033754e-06,0
site_07726,3,0,1.5779559752007168e-07,0
site_05193,3,0,2.1033486350371943e-08,0
site_00140,3,0,1.6005897366384334e-10,0
site_19586,3,0,4.4756636256642274e-09,0
site_09207,3,0,1.5330942021610836e-07,0
site_18898,3,0,1.328991227079247e-07,0
site_08487,3,0,4.475665354466672e-09,0
site_02888,3,1,0.9999999986511703,1
site_17495,3,0,4.2557463799735234e-07,0
site_12174,3,0,1.5330942021610836e-07,0
site_15352,3,0,1.1779701114840648e-06,0
site_00737,3,0,2.772184801584089e-09,0
site_16230,3,0,1.3117574746277014e-07,0
site_18728,3,0,1.3289933651119445e-07,0
site_19259,3,0,4.2557463799735234e-07,0
site_10940,3,0,3.87055109135e-06,0
site_10861,3,0,3.458116184900281e-05,0
site_07681,3,0,1.305635346896232e-07,0
site_07549,3,0,1.5779559752007168e-07,0
site_14518,3,0,7.81906394885083e-07,0
site_07298,3,0,1.2805001412408457e-07,0
site_12792,3,0,4.4265619056449144e-09,0
site_08156,3,0,7.81906394885083e-07,0
site_05798,3,0,3.003299089483836e-06,0
site_04671,3,0,4.2557463799735234e-07,0
site_08424,3,0,3.332091084459933e-09,0
site_06639,3,0,1.305635346896232e-07,0
site_04648,3,0,1.305635346896232e-07,0
site_06117,3,0,1.3117569679389607e-07,0
site_12708,3,0,2.4015269493806905e-06,0
site_18222,3,0,1.3507118983894919e-08,0
site_16205,3,0,1.5779559752007168e-07,0
site_05224,3,0,1.3893681470555055e-07,0
site_16343,3,0,4.2557463799735234e-07,0
site_06601,3,0,4.255744736119237e-07,0
site_19465,3,0,5.6990520101246645e-09,0
site_16238,3,0,4.255744736119237e-07,0
site_17118,3,1,0.8978915867174332,1
site_12720,3,0,1.305635346896232e-07,0
site_16488,3,1,0.9999999874819901,1
site_10395,3,0,1.3893676103883204e-07,0
site_17610,3,0,1.2275512387812965e-06,0
site_15325,3,0,1.3289933651119445e-07,0
site_00063,3,1,0.9999999986511703,1
site_12376,3,1,0.9999999988787174,1
site_21276,3,1,0.9999999994550453,1
site_00721,3,0,1.1779696564734535e-06,0
site_06870,3,0,1.5779559752007168e-07,0
site_13245,3,0,2.9666598650075724e-06,0
site_01316,3,1,0.9999999718217097,1
site_07234,3,0,4.472556107725285e-09,0
site_19446,3,0,1.3117569679389607e-07,0
site_17977,3,0,1.5330942021610836e-07,0
site_09999,3,0,3.750854649747383e-09,0
site_13397,3,0,3.580681899759899e-07,0
site_04862,3,0,4.472556107725285e-09,0
site_04077,3,0,4.2557463799735234e-07,0
site_02272,3,0,4.475665354466672e-09,0
site_07169,3,0,1.305635346896232e-07,0
site_12890,3,1,0.9999730538897605,1
site_03631,3,0,2.4015269493806905e-06,0
site_09873,3,0,1.1779696564734535e-06,0
site_16763,3,0,1.227551712943605e-06,0
site_15160,3,0,1.3893681470555055e-07,0
site_07103,3,0,1.5330942021610836e-07,0
site_17325,3,0,3.0484713236175652e-09,0
site_07501,3,0,1.3117574746277014e-07,0
site_21522,3,0,2.4015269493806905e-06,0
site_17174,3,1,0.9999999141638551,1
site_19868,3,0,2.2191055984628538e-07,0
site_10873,3,1,0.9999999995618285,1
site_16981,3,0,4.2557463799735234e-07,0
site_06418,3,0,2.1033486350371943e-08,0
site_04397,3,0,8.79926817901269e-06,0
site_15871,3,0,4.711240004573056e-07,0
site_00320,3,0,1.3056348425722676e-07,0
site_04116,3,0,1.1779701114840648e-06,0
site_21519,3,0,2.4015262972038857e-06,0
site_21378,3,1,0.9999999989778867,1
site_07025,3,0,1.5779559752007168e-07,0
site_12084,3,0,2.9676188055079717e-09,0
site_00990,3,1,0.9999999986511703,1
site_05250,3,0,1.3117574746277014e-07,0
site_16101,3,0,4.472556107725285e-09,0
site_15323,3,0,4.475665354466672e-09,0
site_03874,3,0,1.3056348425722676e-07,0
site_21119,3,0,5.642480829807892e-07,0
site_14962,3,0,4.2557463799735234e-07,0
site_19217,3,0,1.3893681470555055e-07,0
site_08651,3,0,1.305635346896232e-07,0
site_10239,3,0,3.433423112118508e-10,0
site_12790,3,0,1.305635346896232e-07,0
site_04927,3,0,1.2061932227517157e-06,0
site_03535,3,1,0.9999999986511703,1
site_18545,3,0,4.4756636256642274e-09,0
site_02164,3,0,5.866230117679269e-09,0
site_17601,3,0,4.2557463799735234e-07,0
site_18870,3,0,1.3893681470555055e-07,0
site_08031,3,0,1.227551712943605e-06,0
site_20573,3,0,1.3117574746277014e-07,0
site_05368,3,0,1.305635346896232e-07,0
site_19751,3,0,7.81906394885083e-07,0
site_16095,3,0,1.305635346896232e-07,0
site_03882,3,0,1.3056348425722676e-07,0
site_16842,3,0,1.3893676103883204e-07,0
site_17316,3,0,4.4756636256642274e-09,0
site_06375,3,0,1.3056348425722676e-07,0
site_00210,3,0,1.6005897366384334e-10,0
site_15755,3,0,1.1779701114840648e-06,0
site_05346,3,0,1.2805001412408457e-07,0
site_11216,3,0,1.3117574746277014e-07,0
site_13313,3,0,1.3117574746277014e-07,0
site_08599,3,0,4.475665354466672e-09,0
site_05479,3,0,1.1779701114840648e-06,0
site_14170,3,0,3.462161099656677e-10,0
site_08585,3,0,1.305635346896232e-07,0
site_15284,3,0,7.81906394885083e-07,0
site_11182,3,0,1.3507118983894919e-08,0
site_10652,3,0,2.1033486350371943e-08,0
site_21384,3,0,1.3056348425722676e-07,0
site_16336,3,0,4.475665354466672e-09,0
site_02418,3,1,0.9999999997641924,1
site_18932,3,0,1.3117574746277014e-07,0
site_20101,3,0,1.305635346896232e-07,0
site_10908,3,0,2.1033486350371943e-08,0
site_10446,3,0,4.472556107725285e-09,0
site_07979,3,0,1.305635346896232e-07,0
site_01317,3,1,0.9999998931161423,1
site_09825,3,0,7.81906394885083e-07,0
site_15636,3,0,4.472556107725285e-09,0
site_11351,3,0,4.472556107725285e-09,0
site_17878,3,0,4.4756636256642274e-09,0
site_10355,3,0,1.2805001412408457e-07,0
site_10200,3,0,1.305635346896232e-07,0
site_18437,3,0,1.3117574746277014e-07,0
site_07711,3,0,1.5779559752007168e-07,0
site_12804,3,0,7.81906394885083e-07,0
site_12763,3,0,1.5217751605612614e-05,0
site_17877,3,0,1.3893676103883204e-07,0
site_09793,3,0,1.5779559752007168e-07,0
site_01582,3,0,2.412987663209927e-11,0
site_17127,3,0,2.0132875630797114e-09,0
site_08197,3,0,4.475665354466672e-09,0
site_14636,3,0,1.2805001412408457e-07,0
site_02316,3,0,1.328991227079247e-07,0
site_13752,3,0,2.4015269493806905e-06,0
site_03213,3,1,0.9999999986511703,1
site_04608,3,0,4.2557463799735234e-07,0
site_16626,3,0,1.3893681470555055e-07,0
site_13491,3,0,2.1033486350371943e-08,0
site_05150,3,0,7.329712780664511e-10,0
site_01611,3,0,1.4726046429839285e-05,0
site_11487,3,0,1.5779559752007168e-07,0
site_16931,3,0,3.580681899759899e-07,0
site_14079,3,0,1.3117574746277014e-07,0
site_01204,3,1,0.9999999986511703,1
site_02125,3,0,3.580681899759899e-07,0
site_02322,3,0,1.3893681470555055e-07,0
site_05124,3,0,1.5779559752007168e-07,0
site_01492,3,0,3.7127457087304323e-06,0
site_20243,3,0,1.305635346896232e-07,0
site_08321,3,0,4.472556107725285e-09,0
site_12205,3,0,1.3893681470555055e-07,0
site_15219,3,0,1.1779699763722728e-06,0
site_17225,3,0,1.1906464092899111e-08,0
site_03684,3,0,1.3056348425722676e-07,0
site_13947,3,0,1.5330942021610836e-07,0
site_17388,3,0,5.7042598938387793e-11,0
site_13620,3,0,1.3893681470555055e-07,0
site_10157,3,0,1.305635346896232e-07,0
site_07955,3,0,1.3507118983894919e-08,0
site_12261,3,0,5.9637717412935615e-09,0
site_21206,3,0,1.305635346896232e-07,0
site_08329,3,0,2.1033486350371943e-08,0
site_17786,3,0,4.2557463799735234e-07,0
site_20097,3,0,1.4371609531196914e-08,0
site_21334,3,1,0.9999804599535732,1
site_04200,3,0,7.81906394885083e-07,0
site_13698,3,0,1.858074866988424e-09,0
site_08005,3,0,1.5783909927954662e-09,0
site_11004,3,0,7.226892046485179e-06,0
site_03887,3,0,4.255744736119237e-07,0
site_14806,3,0,1.5330942021610836e-07,0
site_02521,3,0,1.3117574746277014e-07,0
site_20458,3,0,1.305635346896232e-07,0
site_15353,3,0,4.2557463799735234e-07,0
site_21078,3,0,1.476299563790857e-09,0
site_00418,3,0,1.6005897366384334e-10,0
site_00703,3,0,1.3056348425722676e-07,0
site_16643,3,0,3.580681899759899e-07,0
site_03399,3,1,0.9999999854267998,1
site_19020,3,0,1.5779559752007168e-07,0
site_00913,3,0,1.3893681470555055e-07,0
site_14321,3,0,1.305635346896232e-07,0
site_10126,3,0,1.5905330134409306e-05,0
site_09447,3,0,1.2805001412408457e-07,0
site_02438,3,0,3.580681899759899e-07,0
site_05473,3,0,1.3289933651119445e-07,0
site_21293,3,0,1.3117569679389607e-07,0
site_18227,3,0,1.5779559752007168e-07,0
site_04730,3,0,1.1779699763722728e-06,0
site_21229,3,1,0.9999999808128998,1
site_07753,3,0,1.2805001412408457e-07,0
site_13071,3,0,1.3117574746277014e-07,0
site_13436,3,0,4.040854612874293e-07,0
site_05273,3,0,1.3582205181349417e-09,0
site_00675,3,0,1.3056348425722676e-07,0
site_13044,3,0,3.580681899759899e-07,0
site_10034,3,0,1.305635346896232e-07,0
site_20966,3,0,5.6990520101246645e-09,0
site_09110,3,0,4.475665354466672e-09,0
site_19871,3,1,0.9999977694862837,1
site_12541,3,0,2.4015269493806905e-06,0
site_20035,3,0,3.580681899759899e-07,0
site_16350,3,0,3.580681899759899e-07,0
site_17636,3,0,2.4015269493806905e-06,0
site_06370,3,0,2.772184801584089e-09,0
site_16164,3,0,1.305635346896232e-07,0
site_18401,3,0,1.3507118983894919e-08,0
site_05960,3,1,0.9999999986511703,1
site_05747,3,0,1.5041880076371868e-10,0
site_19000,3,0,1.305635346896232e-07,0
site_16089,3,0,8.371126786439131e-07,0
site_05847,3,0,1.3117574746277014e-07,0
site_04031,3,0,1.2805001412408457e-07,0
site_06013,3,0,4.472556107725285e-09,0
site_01580,3,0,6.309133195201232e-11,0
site_14850,3,0,1.3117574746277014e-07,0
site_20357,3,0,2.764917447283342e-07,0
site_20642,3,0,7.81906394885083e-07,0
site_14625,3,0,4.475665354466672e-09,0
site_16897,3,0,4.4756636256642274e-09,0
site_01402,3,0,1.3558532305857925e-06,0
site_00504,3,0,1.4833572518518334e-05,0
site_14676,3,0,3.935956598115205e-09,0
site_03515,3,0,3.580681899759899e-07,0
site_06947,3,0,4.475665354466672e-09,0
site_20036,3,0,3.5632157615600395e-06,0
site_14840,3,0,1.2805001412408457e-07,0
site_15672,3,0,1.305635346896232e-07,0
site_15065,3,0,1.3893681470555055e-07,0
site_03584,3,0,1.3893681470555055e-07,0
site_17558,3,0,1.305635346896232e-07,0
site_07653,3,0,1.5330942021610836e-07,0
site_20744,3,1,0.9999999816878408,1
site_06816,3,0,1.3117574746277014e-07,0
site_07597,3,0,9.678772670139915e-10,0
site_01042,3,0,4.2557463799735234e-07,0
site_15676,3,0,1.305635346896232e-07,0
site_01230,3,0,4.255744736119237e-07,0
site_03060,3,0,7.81906394885083e-07,0
site_09370,3,0,4.475665354466672e-09,0
site_05012,3,0,1.305635346896232e-07,0
site_10430,3,0,1.3893681470555055e-07,0
site_01817,3,0,7.195467558723113e-10,0
site_14740,3,0,1.3893681470555055e-07,0
site_02662,3,1,0.9999999592071941,1
site_02366,3,0,7.81906394885083e-07,0
site_09929,3,0,7.81906394885083e-07,0
site_10119,3,1,0.9999999998326967,1
site_00800,3,0,1.3056348425722676e-07,0
site_17571,3,0,1.3289928517655476e-07,0
site_09564,3,0,1.3893681470555055e-07,0
site_16837,3,0,1.3056348425722676e-07,0
site_08710,3,0,3.003299089483836e-06,0
site_05880,3,0,2.0413254985448384e-07,0
site_01862,3,0,7.81906394885083e-07,0
site_17594,3,0,1.2805001412408457e-07,0
site_17373,3,0,8.89432016222382e-08,0
site_05692,3,1,0.9999999974053786,1
site_17109,3,0,1.0844675909764646e-06,0
site_13840,3,0,3.580681899759899e-07,0
site_17709,3,0,1.2805001412408457e-07,0
site_12982,3,0,1.0504275570133092e-09,0
site_10302,3,0,4.2557463799735234e-07,0
site_16862,3,1,0.9999999791066707,1
site_14703,3,0,1.1777743194617986e-06,0
site_10216,3,0,1.4127202894993966e-07,0
site_09047,3,0,1.3117574746277014e-07,0
site_12779,3,0,4.475665354466672e-09,0
site_06166,3,0,4.2557463799735234e-07,0
site_01688,3,0,3.580680927360879e-07,0
site_19138,3,0,2.772184801584089e-09,0
site_17754,3,0,7.228872751431386e-08,0
site_17140,3,0,1.2805001412408457e-07,0
site_13528,3,0,1.3117574746277014e-07,0
site_03058,3,0,1.3117574746277014e-07,0
site_13484,3,0,8.894323597808445e-08,0
site_21044,3,0,3.580681899759899e-07,0
site_16759,3,0,1.2805001412408457e-07,0
site_21315,3,1,0.9999999220257622,1
site_14803,3,0,1.305635346896232e-07,0
site_05435,3,0,1.3893681470555055e-07,0
site_17538,3,0,4.321073054555905e-06,0
site_21363,3,0,1.3117569679389607e-07,0
site_17039,3,0,3.580681899759899e-07,0
site_11814,3,0,1.2805001412408457e-07,0
site_15133,3,0,1.1777743194617986e-06,0
site_10473,3,0,1.036190111998189e-05,0
site_06973,3,0,1.305635346896232e-07,0
site_13979,3,0,4.472556107725285e-09,0
site_18951,3,0,3.580681899759899e-07,0
site_05192,3,0,1.5779559752007168e-07,0
site_15681,3,0,1.305635346896232e-07,0
site_08317,3,0,1.5779559752007168e-07,0
site_20491,3,0,1.4119297010283063e-07,0
site_02806,3,0,4.711240004573056e-07,0
site_17082,3,1,0.9999999885305774,1
site_17471,3,0,3.580680927360879e-07,0
site_07971,3,0,1.2805001412408457e-07,0
site_13398,3,0,1.305635346896232e-07,0
site_06239,3,0,3.580680927360879e-07,0
site_03763,3,0,4.475665354466672e-09,0
site_14023,3,0,1.5783909927954662e-09,0
site_08356,3,0,1.305635346896232e-07,0
site_11149,3,0,1.2804996466257828e-07,0
site_09971,3,1,0.9999999994677093,1
site_17954,3,0,1.281063224803367e-07,0
site_20848,3,1,0.9999999973780798,1
site_14763,3,0,9.962080139608962e-07,0
site_19016,3,0,1.328991227079247e-07,0
site_01217,3,0,6.837808935296893e-06,0
site_10223,3,0,1.476299563790857e-09,0
site_14656,3,0,2.772184801584089e-09,0
site_12232,3,0,3.914767647909274e-09,0
site_06831,3,0,2.4015269493806905e-06,0
site_15114,3,0,4.2557463799735234e-07,0
site_12315,3,0,4.866147373125558e-09,0
site_03590,3,0,1.3056348425722676e-07,0
site_02652,3,0,2.9579982053434503e-06,0
site_17764,3,0,1.2805001412408457e-07,0
site_16175,3,0,1.1779696564734535e-06,0
site_03961,3,0,4.2557463799735234e-07,0
site_13738,3,0,1.4127202894993966e-07,0
site_16729,3,0,1.3960641369756804e-05,0
site_09935,3,0,1.1779699763722728e-06,0
site_15514,3,0,4.2557463799735234e-07,0
site_15163,3,0,1.4127202894993966e-07,0
site_12168,3,0,1.2805001412408457e-07,0
site_10236,3,1,0.9999999588606289,1
site_08618,3,0,1.5779559752007168e-07,0
site_12130,3,1,0.9999999998095617,1
site_07677,3,0,3.87055109135e-06,0
site_07694,3,0,1.3289933651119445e-07,0
site_05787,3,0,4.472556107725285e-09,0
site_16996,3,0,1.305635346896232e-07,0
site_05413,3,0,1.2973810257062767e-07,0
site_07837,3,0,1.5779559752007168e-07,0
site_02636,3,0,2.4015269493806905e-06,0
site_21427,3,1,0.9999825188648391,1
site_03758,3,0,1.696775945016191e-09,0
site_05112,3,0,1.2805001412408457e-07,0
site_19515,3,0,1.328991227079247e-07,0
site_03439,3,0,2.373526464209832e-06,0
site_11394,3,0,1.3990786282890514e-05,0
site_09712,3,0,2.4015269493806905e-06,0
site_12369,3,0,2.1033486350371943e-08,0
site_19401,3,0,1.305635346896232e-07,0
site_10482,3,1,0.9999999999388565,1
site_09822,3,0,5.960823505862272e-07,0
site_02434,3,0,1.305635346896232e-07,0
site_08803,3,0,1.3117574746277014e-07,0
site_16940,3,0,4.575483428795799e-06,0
site_03198,3,0,4.4756636256642274e-09,0
site_06703,3,0,1.3893681470555055e-07,0
site_18723,3,0,4.472556107725285e-09,0
site_08408,3,0,4.409468487721732e-09,0
site_03111,3,0,5.0237394892033754e-06,0
site_18891,3,0,1.5330942021610836e-07,0
site_12339,3,0,3.580681899759899e-07,0
site_09966,3,0,9.678772670139915e-10,0
site_06099,3,0,3.580681899759899e-07,0
site_11879,3,1,0.9999999995948401,1
site_02304,3,0,1.1779699763722728e-06,0
site_01003,3,0,1.3117574746277014e-07,0
site_19346,3,0,1.5783909927954662e-09,0
site_02668,3,0,1.1182918107102768e-05,0
site_16720,3,0,1.3893676103883204e-07,0
site_19506,3,0,3.580681899759899e-07,0
site_16605,3,0,1.5217751605612614e-05,0
site_21290,3,0,1.3629425102489737e-08,0
site_15741,3,0,3.462161099656677e-10,0
site_06250,3,0,4.4756636256642274e-09,0
site_04388,3,0,1.4127202894993966e-07,0
site_05201,3,0,4.475665354466672e-09,0
site_10845,3,1,0.9999999736297058,1
site_01229,3,0,3.580680927360879e-07,0
site_08354,3,0,3.580681899759899e-07,0
site_11794,3,0,7.81906394885083e-07,0
site_19718,3,0,1.5330942021610836e-07,0
site_07419,3,0,1.5330942021610836e-07,0
site_04861,3,0,1.4127202894993966e-07,0
site_16373,3,1,0.9999999989128223,1
site_00382,3,1,0.9999999986511703,1
site_18448,3,0,1.5779559752007168e-07,0
site_02110,3,1,0.9999999996047104,1
site_03625,3,0,2.4015269493806905e-06,0
site_08840,3,0,4.2557463799735234e-07,0
site_05476,3,0,1.305635346896232e-07,0
site_02828,3,1,0.9999999936939621,1
site_01577,3,1,0.9999999860239874,1
site_16008,3,0,1.305635346896232e-07,0
site_12418,3,0,1.3117574746277014e-07,0
site_01778,3,0,2.9676179995970575e-09,0
site_16222,3,0,3.580681899759899e-07,0
site_13640,3,0,4.472556107725285e-09,0
site_09648,3,0,8.79926817901269e-06,0
site_17044,3,0,3.580681899759899e-07,0
site_08008,3,0,4.4265619056449144e-09,0
site_05574,3,0,1.2805001412408457e-07,0
site_07218,3,0,1.067670713898971e-06,0
site_11774,3,0,5.0237394892033754e-06,0
site_19473,3,0,1.305635346896232e-07,0
site_20124,3,0,1.3117569679389607e-07,0
site_09766,3,0,1.305635346896232e-07,0
site_07289,3,0,1.2810637196361215e-07,0
site_09065,3,0,4.475665354466672e-09,0
site_06254,3,0,4.8661454934927434e-09,0
site_19566,3,0,1.3117574746277014e-07,0
site_13204,3,0,3.580681899759899e-07,0
site_21231,3,1,0.9999999831710827,1
site_15418,3,0,1.5779559752007168e-07,0
site_07993,3,0,1.305635346896232e-07,0
site_19027,3,0,1.5779559752007168e-07,0
site_16422,3,0,1.3893676103883204e-07,0
site_07992,3,0,4.4265619056449144e-09,0
site_02375,3,0,3.580681899759899e-07,0
site_09363,3,0,1.3507118983894919e-08,0
site_16212,3,0,1.5779559752007168e-07,0
site_12141,3,1,0.9999996117558907,1
site_00774,3,0,7.195465604662894e-10,0
site_17158,3,0,1.1779696564734535e-06,0
site_14485,3,0,1.305635346896232e-07,0
site_10476,3,0,6.825519602009864e-09,0
site_07693,3,0,1.3117574746277014e-07,0
site_08954,3,0,3.5632157615600395e-06,0
site_14899,3,0,1.3117574746277014e-07,0
site_05045,3,0,1.5783909927954662e-09,0
site_16171,3,0,1.3893676103883204e-07,0
site_21171,3,0,7.81906394885083e-07,0
site_17302,3,0,3.580681899759899e-07,0
site_12138,3,1,0.999723703905154,1
site_01623,3,0,2.4015262972038857e-06,0
site_10383,3,1,0.9999999953986443,1
site_16119,3,0,5.234995797440108e-08,0
site_20855,3,1,0.9999999892137726,1
site_01246,3,0,2.5339912198120555e-10,0
site_11534,3,0,4.062126705636336e-06,0
site_17252,3,0,4.475665354466672e-09,0
site_15882,3,0,1.5783909927954662e-09,0
site_08017,3,0,4.475665354466672e-09,0
site_12445,3,0,8.894323597808445e-08,0
site_13653,3,0,2.4015269493806905e-06,0
site_04938,3,0,4.475665354466672e-09,0
site_13024,3,0,1.3893681470555055e-07,0
site_00612,3,0,4.409468487721732e-09,0
site_19762,3,0,1.5779559752007168e-07,0
site_14956,3,0,1.3893681470555055e-07,0
site_02041,3,0,1.5041880076371868e-10,0
site_02981,3,0,3.580680927360879e-07,0
site_19185,3,1,0.9999995981646124,1
site_12953,3,0,4.475665354466672e-09,0
site_04913,3,0,1.5779559752007168e-07,0
site_02089,3,0,1.1777743194617986e-06,0
site_06657,3,0,3.462161099656677e-10,0
site_05526,3,0,4.475665354466672e-09,0
site_10435,3,0,2.9676188055079717e-09,0
site_11415,3,0,5.9637717412935615e-09,0
site_05158,3,0,1.3893681470555055e-07,0
site_21049,3,0,7.819060928605714e-07,0
site_13582,3,0,1.0844675909764646e-06,0
site_05618,3,0,1.5779559752007168e-07,0
site_01651,3,0,2.9676179995970575e-09,0
site_14507,3,0,8.79926817901269e-06,0
site_02189,3,0,3.580681899759899e-07,0
site_19359,3,0,3.580681899759899e-07,0
site_01593,3,0,1.9848347681401994e-07,0
site_07807,3,0,1.4371609531196914e-08,0
site_09405,3,0,1.2973810257062767e-07,0
site_01966,3,0,2.373526464209832e-06,0
site_19090,3,0,3.580681899759899e-07,0
site_16514,3,0,1.305635346896232e-07,0
site_19068,3,0,1.3289933651119445e-07,0
site_00411,3,0,2.4015262972038857e-06,0
site_10367,3,1,0.9999999933854906,1
site_18488,3,0,1.5783909927954662e-09,0
site_11819,3,0,4.2557463799735234e-07,0
site_03336,3,1,0.9999999854267998,1
site_00699,3,0,7.819060928605714e-07,0
site_02960,3,0,3.580681899759899e-07,0
site_08947,3,0,4.472556107725285e-09,0
site_16902,3,0,4.4756636256642274e-09,0
site_05538,3,0,1.5330942021610836e-07,0
site_20771,3,0,1.3117574746277014e-07,0
site_19211,3,0,1.305635346896232e-07,0
site_20961,3,0,2.1791076572094227e-06,0
site_06199,3,0,3.580680927360879e-07,0
site_11953,3,0,4.2557463799735234e-07,0
site_20092,3,0,4.2557463799735234e-07,0
site_14923,3,0,1.2805001412408457e-07,0
site_00448,3,0,1.305635346896232e-07,0
site_18144,3,0,4.472556107725285e-09,0
site_14831,3,0,1.305635346896232e-07,0
site_08752,3,0,2.772184801584089e-09,0
site_15535,3,0,1.3117574746277014e-07,0
site_11607,3,0,1.3117574746277014e-07,0
site_19633,3,0,2.1033486350371943e-08,0
site_00462,3,1,0.9999129791776545,1
site_10019,3,0,2.1033486350371943e-08,0
site_02813,3,0,1.3117569679389607e-07,0
site_04366,3,0,2.772184801584089e-09,0
site_09937,3,0,9.678772670139915e-10,0
site_18703,3,0,1.3893681470555055e-07,0
site_00217,3,0,6.400880235074907e-08,0
site_01679,3,0,2.9309553366119302e-06,0
site_11943,3,0,3.003299089483836e-06,0
site_07119,3,0,1.3117574746277014e-07,0
site_11338,3,0,1.305635346896232e-07,0
site_11028,3,0,1.3507118983894919e-08,0
site_21254,3,1,0.9999999987568617,1
site_06422,3,0,1.227551712943605e-06,0
site_00469,3,1,0.9999999986511703,1
site_15810,3,0,1.305635346896232e-07,0
site_07124,3,0,4.472556107725285e-09,0
site_21205,3,1,0.9999999552879846,1
site_05945,3,0,1.305635346896232e-07,0
site_20240,3,0,2.1033486350371943e-08,0
site_14289,3,0,1.3117574746277014e-07,0
site_16181,3,1,0.9999998873856977,1
site_13860,3,0,3.5632157615600395e-06,0
site_18286,3,0,1.3117574746277014e-07,0
site_16219,3,0,3.003299089483836e-06,0
site_05773,3,0,4.4756636256642274e-09,0
site_17913,3,0,2.1033486350371943e-08,0
site_17734,3,0,3.580680927360879e-07,0
site_16096,3,0,4.2557463799735234e-07,0
site_06157,3,0,7.329712780664511e-10,0
site_05919,3,0,1.305635346896232e-07,0
site_06284,3,0,3.580681899759899e-07,0
site_11121,3,1,0.9999968952834987,1
site_19388,3,1,0.999999985795468,1
site_00861,3,0,3.0484713236175652e-09,0
site_11062,3,0,1.3893681470555055e-07,0
site_09125,3,0,1.305635346896232e-07,0
site_02782,3,1,0.9999999910856744,1
site_14760,3,0,1.305635346896232e-07,0
site_05720,3,0,1.5779559752007168e-07,0
site_13207,3,0,1.5041880076371868e-10,0
site_06487,3,0,1.3582205181349417e-09,0
site_13308,3,0,1.3117574746277014e-07,0
site_21508,3,0,2.9676188055079717e-09,0
site_02620,3,0,2.4015269493806905e-06,0
site_03722,3,0,5.0237394892033754e-06,0
site_10980,3,0,6.23499003611283e-06,0
site_15456,3,0,2.772184801584089e-09,0
site_16345,3,0,1.2805001412408457e-07,0
site_18923,3,0,3.580681899759899e-07,0
site_06785,3,0,1.5779559752007168e-07,0
site_00454,3,0,1.2804996466257828e-07,0
site_07574,3,0,1.2805001412408457e-07,0
site_19207,3,0,1.305635346896232e-07,0
site_14603,3,0,4.475665354466672e-09,0
site_05967,3,1,0.9999999986512285,1
site_14438,3,0,1.3117574746277014e-07,0
site_01650,3,0,2.9676179995970575e-09,0
site_19690,3,0,1.3507118983894919e-08,0
site_07055,3,0,9.263147832071106e-10,0
site_18370,3,0,4.472556107725285e-09,0
site_07727,3,0,1.5779559752007168e-07,0
site_19865,3,1,0.9999999988787174,1
site_10142,3,0,7.819060928605714e-07,0
site_00964,3,0,1.8476415626064647e-09,0
site_08362,3,0,1.305635346896232e-07,0
site_21431,3,0,1.3117569679389607e-07,0
site_11456,3,0,1.3117574746277014e-07,0
site_13183,3,0,2.4015269493806905e-06,0
site_19740,3,1,0.99999999096917,1
site_05505,3,0,1.1779699763722728e-06,0
site_18016,3,0,1.1779699763722728e-06,0
site_00536,3,0,1.4371603979916494e-08,0
site_08654,3,0,4.472556107725285e-09,0
site_00900,3,1,0.9999999000385107,1
site_11170,3,0,1.476299563790857e-09,0
site_00619,3,0,2.4015262972038857e-06,0
site_15538,3,0,1.305635346896232e-07,0
site_19357,3,0,1.5330942021610836e-07,0
site_02555,3,1,0.999999509982551,1
site_09797,3,0,1.305635346896232e-07,0
site_21181,3,0,4.575482186245647e-06,0
site_04669,3,0,3.580681899759899e-07,0
site_20226,3,0,4.2557463799735234e-07,0
site_03879,3,0,7.819060928605714e-07,0
site_18699,3,0,2.1033486350371943e-08,0
site_14398,3,0,1.328991227079247e-07,0
site_04594,3,0,2.9676188055079717e-09,0
site_17687,3,0,4.2557463799735234e-07,0
site_16458,3,0,3.580681899759899e-07,0
site_06097,3,0,7.81906394885083e-07,0
site_20134,3,1,0.999999999481193,1
site_11432,3,1,0.9999999998374534,1
site_21139,3,0,3.580681899759899e-07,0
site_09997,3,0,1.9947237678035508e-05,0
site_05187,3,0,1.305635346896232e-07,0
site_12609,3,0,1.572184192427421e-06,0
site_00513,3,1,0.9999999987568617,1
site_12216,3,0,2.4015269493806905e-06,0
site_02746,3,0,7.81906394885083e-07,0
site_04559,3,0,1.305635346896232e-07,0
site_10856,3,1,0.9999999992667656,1
site_00581,3,0,2.4015262972038857e-06,0
site_07454,3,0,1.3117574746277014e-07,0
site_10495,3,1,0.9999999986511703,1
site_08347,3,0,3.580681899759899e-07,0
site_15793,3,0,3.580681899759899e-07,0
site_12586,3,0,1.3117574746277014e-07,0
site_12540,3,0,1.2805001412408457e-07,0
site_10767,3,0,1.3117574746277014e-07,0
site_00118,3,0,1.11888895305968e-06,0
site_15498,3,0,8.894323597808445e-08,0
site_07293,3,0,4.472556107725285e-09,0
site_01858,3,0,1.3893681470555055e-07,0
site_10028,3,0,1.5779559752007168e-07,0
site_05994,3,0,1.5330942021610836e-07,0
site_17819,3,0,1.5041880076371868e-10,0
site_05415,3,0,2.1033486350371943e-08,0
site_07110,3,0,1.3117574746277014e-07,0
site_01835,3,0,2.4015262972038857e-06,0
site_17429,3,1,0.999999611214852,1
site_18324,3,0,1.3117574746277014e-07,0
site_14038,3,0,1.305635346896232e-07,0
site_20274,3,1,0.9999998983364292,1
site_19637,3,0,7.81906394885083e-07,0
site_12758,3,1,0.9999999986511703,1
site_02764,3,0,1.3117569679389607e-07,0
site_15360,3,0,1.2805001412408457e-07,0
site_17231,3,0,1.1906464092899111e-08,0
site_12911,3,0,1.5779559752007168e-07,0
site_12634,3,1,0.9999999868757397,1
site_10742,3,1,0.9999999998110123,1
site_18845,3,0,4.475665354466672e-09,0
site_20761,4,0,1.1213224871316161e-06,0
site_16961,4,0,1.551877220380478e-06,0
site_07536,4,0,5.367231006879526e-07,0
site_21263,4,1,0.9999999956838981,1
site_14535,4,0,8.171481873470131e-07,0
site_02706,4,0,4.5659474412250485e-10,0
site_15768,4,1,0.9999999993944404,1
site_07096,4,0,9.956059411727666e-09,0
site_16777,4,0,5.367231006879526e-07,0
site_17923,4,0,5.367231006879526e-07,0
site_20293,4,0,8.852712688544333e-07,0
site_00433,4,1,0.999999999626414,1
site_17560,4,0,2.4433306403168586e-09,0
site_05103,4,0,2.2076694256041623e-09,0
site_10422,4,0,3.4963087587945015e-07,0
site_00920,4,0,8.395703870134471e-07,0
site_15912,4,0,6.806208142955985e-07,0
site_14815,4,0,1.001860171406748e-06,0
site_21446,4,0,9.495019996550343e-07,0
site_00085,4,1,0.9999999997964908,1
site_05929,4,0,1.0790598353835101e-06,0
site_10100,4,1,0.99999999958966,1
site_12625,4,0,4.32815226159383e-07,0
site_02133,4,0,4.7573334183034e-10,0
site_20634,4,0,2.3675401353222607e-06,0
site_09905,4,0,9.666113175069872e-10,0
site_08361,4,0,2.8988964413608294e-09,0
site_20535,4,0,9.956059411727666e-09,0
site_15009,4,0,2.4433306403168586e-09,0
site_04483,4,0,2.4433306403168586e-09,0
site_16821,4,0,5.344313257416124e-07,0
site_16372,4,1,0.9999999993715227,1
site_02909,4,0,2.4433306403168586e-09,0
site_16137,4,0,8.171481873470131e-07,0
site_01000,4,0,5.402653042022405e-07,0
site_20829,4,0,6.214749327784569e-07,0
site_10405,4,0,6.163021369868425e-10,0
site_09439,4,0,1.0790598353835101e-06,0
site_03259,4,0,7.257536598407684e-07,0
site_01171,4,1,0.9999999963889397,1
site_14972,4,0,5.344313257416124e-07,0
site_07942,4,0,6.806208142955985e-07,0
site_14469,4,0,5.344313257416124e-07,0
site_17035,4,0,8.395703870134471e-07,0
site_03018,4,0,9.956059411727666e-09,0
site_08644,4,0,6.806208142955985e-07,0
site_02544,4,1,0.9999999996179685,1
site_14144,4,0,8.395703870134471e-07,0
site_16670,4,0,1.985414659861389e-06,0
site_05817,4,1,0.9999999997188413,1
site_21006,4,1,0.9999999993586546,1
site_09528,4,0,6.643043856959988e-10,0
site_01424,4,0,5.591621658740038e-07,0
site_05280,4,0,2.4433306403168586e-09,0
site_06985,4,0,1.0790598353835101e-06,0
site_12809,4,0,3.4963087587945015e-07,0
site_08065,4,0,2.8988964413608294e-09,0
site_10748,4,0,4.648832730085102e-07,0
site_12119,4,1,0.9999998420629567,1
site_07835,4,0,9.935260813180943e-07,0
site_08603,4,0,3.4963087587945015e-07,0
site_13700,4,0,9.945405230813005e-10,0
site_10565,4,0,3.4963087587945015e-07,0
site_20408,4,1,0.999999999726273,1
site_15031,4,0,6.214749327784569e-07,0
site_07510,4,0,3.4963087587945015e-07,0
site_07550,4,0,6.806208142955985e-07,0
site_19389,4,0,2.2313700827777813e-06,0
site_19643,4,0,1.8933258972882845e-10,0
site_20684,4,0,5.203946314644776e-07,0
site_17993,4,0,5.344313257416124e-07,0
site_19725,4,1,0.9999999987105261,1
site_20052,4,1,0.9178769888343904,1
site_07379,4,0,9.679901964917455e-07,0
site_18268,4,0,5.606312173259244e-07,0
site_03638,4,0,4.7573334183034e-10,0
site_12526,4,0,6.99956415749912e-05,0
site_07172,4,0,1.001860171406748e-06,0
site_15527,4,0,5.344313257416124e-07,0
site_02242,4,1,0.999999999417434,1
site_11807,4,0,5.663595657559834e-07,0
site_21266,4,0,7.744984856404251e-07,0
site_14287,4,0,3.4963087587945015e-07,0
site_05488,4,0,4.6165959936545756e-10,0
site_05660,4,0,9.945405230813005e-10,0
site_02266,4,0,5.591621658740038e-07,0
site_13062,4,0,9.679901964917455e-07,0
site_13441,4,0,9.956059411727666e-09,0
site_14635,4,0,2.8988964413608294e-09,0
site_09672,4,0,2.6978211759360575e-07,0
site_08177,4,0,1.1442119408419494e-06,0
site_00147,4,0,3.468905563196434e-07,0
site_13047,4,0,3.4963087587945015e-07,0
site_14649,4,0,2.2076694256041623e-09,0
site_03508,4,0,4.6165959936545756e-10,0
site_14856,4,0,3.4963087587945015e-07,0
site_13395,4,0,5.367231006879526e-07,0
site_07665,4,0,2.8988964413608294e-09,0
site_18742,4,0,9.666113175069872e-10,0
site_08239,4,0,9.956059411727666e-09,0
site_06381,4,0,2.8988964413608294e-09,0
site_06348,4,0,8.171481873470131e-07,0
site_13253,4,0,2.2076694256041623e-09,0
site_11246,4,0,4.648832730085102e-07,0
site_02606,4,1,0.9999999996760283,1
site_00499,4,0,4.0593776697626285e-07,0
site_00887,4,0,2.2076694256041623e-09,0
site_19129,4,0,4.6165959936545756e-10,0
site_04038,4,0,6.053788913141108e-07,0
site_08217,4,0,9.679901964917455e-07,0
site_13067,4,0,5.734927766430627e-07,0
site_03398,4,1,0.9999999995115414,1
site_10891,4,0,1.3337146105342866e-07,0
site_18345,4,0,6.806208142955985e-07,0
site_02680,4,0,5.734927766430627e-07,0
site_14623,4,0,7.744984856404251e-07,0
site_08878,4,0,1.2069953660461177e-06,0
site_12133,4,1,0.9999999994295423,1
site_02572,4,0,7.144560143570119e-07,0
site_03133,4,0,9.956059411727666e-09,0
site_16463,4,0,6.932881444475667e-07,0
site_20073,4,1,0.9999999754103216,1
site_07030,4,0,7.943760358991446e-07,0
site_10074,4,0,4.5659474412250485e-10,0
site_13070,4,0,2.4433306403168586e-09,0
site_14811,4,0,9.192024607170885e-07,0
site_15368,4,0,4.6165959936545756e-10,0
site_17759,4,0,1.2069953660461177e-06,0
site_07573,4,0,2.2076694256041623e-09,0
site_02816,4,0,6.932881444475667e-07,0
site_07748,4,0,3.4963087587945015e-07,0
site_02329,4,0,1.8933258972882845e-10,0
site_16516,4,0,1.2069953660461177e-06,0
site_15334,4,0,1.2923328571062682e-09,0
site_03324,4,0,5.367231006879526e-07,0
site_15758,4,0,1.001860171406748e-06,0
site_09644,4,0,3.4963087587945015e-07,0
site_15975,4,0,4.348025782157399e-07,0
site_03089,4,0,5.591621658740038e-07,0
site_01147,4,0,2.0692924278822076e-10,0
site_04431,4,0,6.806208142955985e-07,0
site_15012,4,0,8.543358935547828e-10,0
site_04535,4,0,5.778729821439936e-07,0
site_18751,4,0,2.2076694256041623e-09,0
site_18705,4,0,5.344313257416124e-07,0
site_16117,4,0,2.0457274093928183e-06,0
site_20649,4,0,3.4963087587945015e-07,0
site_06361,4,0,1.0790598353835101e-06,0
site_18833,4,0,6.214749327784569e-07,0
site_20588,4,0,9.068608351406405e-07,0
site_13718,4,0,3.4963087587945015e-07,0
site_06345,4,0,3.4963087587945015e-07,0
site_06220,4,0,5.344313257416124e-07,0
site_15083,4,0,2.8988964413608294e-09,0
site_06120,4,0,5.344313340775146e-07,0
site_18462,4,0,9.192024607170885e-07,0
site_11752,4,0,2.8988964413608294e-09,0
site_13907,4,0,5.876953067474873e-07,0
site_20671,4,1,0.9999999996796172,1
site_03555,4,0,2.458541678493186e-07,0
site_09826,4,0,2.8988964413608294e-09,0
site_16149,4,0,9.935260813180943e-07,0
site_12342,4,0,8.122488211583567e-07,0
site_17698,4,0,1.3097888298741398e-09,0
site_12274,4,1,0.9999999994268023,1
site_05152,4,0,9.495019996550343e-07,0
site_12086,4,0,8.171481873470131e-07,0
site_15874,4,0,3.4963087587945015e-07,0
site_12379,4,1,0.9999999995579887,1
site_04154,4,0,1.592016639797024e-06,0
site_09440,4,0,1.2244104667455416e-06,0
site_04256,4,0,5.013891209996407e-10,0
site_03689,4,0,4.782231472635684e-10,0
site_06319,4,0,1.2923328571062682e-09,0
site_20507,4,0,6.806208142955985e-07,0
site_12574,4,0,5.778729821439936e-07,0
site_14739,4,0,1.592016639797024e-06,0
site_00340,4,1,0.9999999993934781,1
site_14873,4,0,1.3735354476005542e-09,0
site_12799,4,0,7.744984856404251e-07,0
site_13152,4,0,2.2528207922928315e-07,0
site_12412,4,0,5.344313257416124e-07,0
site_18658,4,0,6.806208142955985e-07,0
site_12074,4,0,2.3675401353222607e-06,0
site_18940,4,0,1.001860171406748e-06,0
site_00010,4,1,0.9999999917197465,1
site_19282,4,0,2.344084162620111e-07,0
site_19355,4,0,4.5659474412250485e-10,0
site_06204,4,0,5.06514619643943e-07,0
site_03032,4,0,2.458541678493186e-07,0
site_12402,4,0,3.7953151008219766e-09,0
site_05673,4,0,4.5659474412250485e-10,0
site_06644,4,0,6.806208142955985e-07,0
site_09124,4,0,3.4963087587945015e-07,0
site_05230,4,0,2.8988964413608294e-09,0
site_02647,4,0,1.2069953660461177e-06,0
site_21450,4,0,1.3097888298741398e-09,0
site_01543,4,0,2.2076694256041623e-09,0
site_00095,4,0,5.657290417703726e-09,0
site_00460,4,0,2.4433306403168586e-09,0
site_03539,4,1,0.999999999691279,1
site_10707,4,0,1.436175085324608e-09,0
site_12563,4,0,1.592016639797024e-06,0
site_18784,4,0,6.214749327784569e-07,0
site_09964,4,0,2.3675401353222607e-06,0
site_11768,4,0,3.981746882151315e-08,0
site_19160,4,0,5.344313257416124e-07,0
site_14125,4,0,3.4963087587945015e-07,0
site_01088,4,0,9.956059411727666e-09,0
site_07357,4,0,3.4963087587945015e-07,0
site_11342,4,0,3.4963087587945015e-07,0
site_13609,4,0,4.6165959936545756e-10,0
site_09787,4,0,9.679901964917455e-07,0
site_01812,4,0,5.344313257416124e-07,0
site_16168,4,0,5.367231006879526e-07,0
site_18696,4,0,1.835282652354106e-08,0
site_21361,4,1,0.9999999992678463,1
site_21458,4,0,1.2069953660461177e-06,0
site_14483,4,0,6.214749327784569e-07,0
site_05587,4,0,5.344313257416124e-07,0
site_15927,4,0,8.395703870134471e-07,0
site_19410,4,0,5.013891209996407e-10,0
site_19118,4,1,0.9999999996819846,1
site_15980,4,1,0.9999999994727982,1
site_12034,4,0,9.192024607170885e-07,0
site_00796,4,0,9.666113175069872e-10,0
site_01811,4,0,2.2528207922928315e-07,0
site_15376,4,0,9.288046558190964e-07,0
site_06879,4,0,2.4433306403168586e-09,0
site_17324,4,1,0.999999999596973,1
site_01837,4,0,3.634319558255551e-09,0
site_01819,4,0,7.10104153489101e-07,0
site_09390,4,0,5.663595657559834e-07,0
site_12403,4,0,2.8988964413608294e-09,0
site_03591,4,0,2.4433306403168586e-09,0
site_05426,4,0,5.438416915315726e-07,0
site_16088,4,0,2.8988964413608294e-09,0
site_10053,4,0,9.068608351406405e-07,0
site_18701,4,0,2.8988964413608294e-09,0
site_06771,4,0,3.981746882151315e-08,0
site_15210,4,0,2.4433306403168586e-09,0
site_13506,4,0,8.395703870134471e-07,0
site_12988,4,1,0.9999999992408191,1
site_00728,4,0,4.6165959936545756e-10,0
site_07212,4,0,7.144560143570119e-07,0
site_15935,4,0,8.969260261892e-07,0
site_11602,4,0,7.797806295971449e-07,0
site_19368,4,0,6.447809183398433e-07,0
site_14670,4,0,1.8933258972882845e-10,0
site_19553,4,0,5.367231006879526e-07,0
site_06943,4,0,4.5659474412250485e-10,0
site_12944,4,0,5.344313257416124e-07,0
site_03015,4,0,6.214749327784569e-07,0
site_14441,4,0,1.2244104667455416e-06,0
site_17899,4,0,1.0790598353835101e-06,0
site_07463,4,0,1.1213224871316161e-06,0
site_17526,4,0,4.2743762763069764e-10,0
site_18402,4,0,5.344313257416124e-07,0
site_08959,4,0,2.440126169886319e-10,0
site_14874,4,0,5.367231006879526e-07,0
site_00094,4,0,5.657290417703726e-09,0
site_06762,4,0,2.4433306403168586e-09,0
site_14900,4,0,5.344313257416124e-07,0
site_19362,4,0,1.592016639797024e-06,0
site_09339,4,0,1.001860171406748e-06,0
site_17533,4,0,1.3097888298741398e-09,0
site_03587,4,0,3.287622321829524e-07,0
site_16988,4,0,5.344313257416124e-07,0
site_10746,4,0,4.648832730085102e-07,0
site_21435,4,0,1.3097888298741398e-09,0
site_06086,4,0,5.438416915315726e-07,0
site_10763,4,0,6.053788913141108e-07,0
site_09034,4,0,6.932881444475667e-07,0
site_08401,4,0,7.144560143570119e-07,0
site_12756,4,1,0.999999998875448,1
site_03136,4,0,5.663595657559834e-07,0
site_19837,4,0,2.2076694256041623e-09,0
site_08540,4,0,2.4433306403168586e-09,0
site_08944,4,0,2.8988964413608294e-09,0
site_04257,4,0,6.214749327784569e-07,0
site_14705,4,0,2.0333877153147976e-06,0
site_14446,4,0,6.214749327784569e-07,0
site_14804,4,0,3.4963087587945015e-07,0
site_01829,4,0,8.395703870134471e-07,0
site_12736,4,0,5.734927766430627e-07,0
site_20394,4,0,2.8988964413608294e-09,0
site_05237,4,0,5.367231006879526e-07,0
site_08835,4,0,5.013891209996407e-10,0
site_07105,4,0,1.001860171406748e-06,0
site_12191,4,0,5.344313257416124e-07,0
site_03175,4,0,9.666113175069872e-10,0
site_03478,4,0,9.895712761829178e-07,0
site_14119,4,0,2.4433306403168586e-09,0
site_18559,4,0,2.2076694256041623e-09,0
site_21517,4,0,9.956059411727666e-09,0
site_10851,4,0,3.947210332987643e-06,0
site_11465,4,0,2.458541678493186e-07,0
site_20984,4,0,9.753706584577523e-10,0
site_03234,4,0,6.447809183398433e-07,0
site_20576,4,0,6.806208142955985e-07,0
site_02155,4,0,9.945405230813005e-10,0
site_07912,4,0,2.344084162620111e-07,0
site_08543,4,0,5.367231006879526e-07,0
site_09573,4,0,5.367231006879526e-07,0
site_13440,4,0,5.999582322405751e-07,0
site_18714,4,0,1.0790598353835101e-06,0
site_08575,4,0,6.053788913141108e-07,0
site_18349,4,0,6.806208142955985e-07,0
site_06752,4,0,9.956059411727666e-09,0
site_12995,4,1,0.9999999997964908,1
site_09930,4,0,3.4963087587945015e-07,0
site_03633,4,0,1.001860171406748e-06,0
site_03673,4,0,2.2076694256041623e-09,0
site_12247,4,1,0.9999999994064477,1
site_05254,4,0,5.344313257416124e-07,0
site_06407,4,0,9.192024607170885e-07,0
site_12689,4,0,6.214749460815923e-07,0
site_02577,4,0,2.344084162620111e-07,0
site_03884,4,0,3.581072842851852e-10,0
site_01174,4,0,1.985414659861389e-06,0
site_13713,4,0,1.3735354476005542e-09,0
site_18704,4,0,5.344313257416124e-07,0
site_15727,4,0,1.001860171406748e-06,0
site_02385,4,0,2.2076694256041623e-09,0
site_19618,4,0,6.214749327784569e-07,0
site_13554,4,0,6.214749327784569e-07,0
site_10959,4,0,1.592016639797024e-06,0
site_20024,4,0,1.9650065458434353e-06,0
site_06872,4,0,2.4433306403168586e-09,0
site_18188,4,0,8.171481873470131e-07,0
site_07121,4,0,3.4963087587945015e-07,0
site_16702,4,0,4.5659474412250485e-10,0
site_00851,4,0,4.6165959936545756e-10,0
site_01445,4,0,2.6978211759360575e-07,0
site_00251,4,0,2.625297740509881e-07,0
site_05802,4,0,6.214749327784569e-07,0
site_13170,4,0,4.5659474412250485e-10,0
site_00392,4,1,0.9999999995876396,1
site_20282,4,0,5.203946314644776e-07,0
site_07838,4,0,3.4963087587945015e-07,0
site_08274,4,0,2.4433306403168586e-09,0
site_13914,4,0,7.144560143570119e-07,0
site_17661,4,0,6.214749327784569e-07,0
site_12143,4,0,2.133914763878005e-06,0
site_21344,4,0,1.6067518424657453e-06,0
site_18384,4,0,5.734927766430627e-07,0
site_00011,4,1,0.9999999924670647,1
site_00708,4,0,9.753706584577523e-10,0
site_08823,4,0,3.4963087587945015e-07,0
site_10893,4,0,7.257536598407684e-07,0
site_00161,4,1,0.99999996784455,1
site_08117,4,0,2.4433306403168586e-09,0
site_08077,4,0,2.458541678493186e-07,0
site_18825,4,0,1.0790598353835101e-06,0
site_02044,4,1,0.999999999516334,1
site_13208,4,0,7.317854590228997e-07,0
site_08527,4,0,8.852712688544333e-07,0
site_10906,4,0,6.214749327784569e-07,0
site_16477,4,0,3.52512580301541e-10,0
site_11356,4,0,1.2069953660461177e-06,0
site_03496,4,0,6.053788913141108e-07,0
site_00208,4,0,3.959123777788109e-07,0
site_05086,4,0,2.8988964413608294e-09,0
site_15556,4,0,5.591621658740038e-07,0
site_10167,4,0,5.778729821439936e-07,0
site_05295,4,0,4.782231472635684e-10,0
site_08975,4,0,1.551877220380478e-06,0
site_13976,4,0,6.214749327784569e-07,0
site_02802,4,0,9.753706584577523e-10,0
site_20995,4,0,8.395703870134471e-07,0
site_05784,4,0,3.4963087587945015e-07,0
site_17646,4,0,2.6978211759360575e-07,0
site_20014,4,0,2.4433306403168586e-09,0
site_20230,4,0,9.192024607170885e-07,0
site_10732,4,1,0.9999999996845905,1
site_09623,4,1,0.999999999761571,1
site_13772,4,0,3.52512580301541e-10,0
site_04811,4,0,1.1213224871316161e-06,0
site_12836,4,0,6.053788913141108e-07,0
site_01441,4,0,9.666113175069872e-10,0
site_11945,4,0,9.679901964917455e-07,0
site_10149,4,0,9.192024607170885e-07,0
site_08698,4,0,2.4433306403168586e-09,0
site_17143,4,0,3.4963087587945015e-07,0
site_03228,4,0,2.8988964413608294e-09,0
site_03315,4,0,9.956059411727666e-09,0
site_10491,4,1,0.9999999992210122,1
site_13742,4,0,5.344313257416124e-07,0
site_01501,4,0,9.917586947352994e-09,0
site_03520,4,0,1.001860171406748e-06,0
site_08702,4,0,9.192024607170885e-07,0
site_10419,4,0,5.344313257416124e-07,0
site_01128,4,1,0.9999999994079538,1
site_11364,4,0,2.3675401353222607e-06,0
site_18509,4,0,9.935260813180943e-07,0
site_20818,4,0,3.634319558255551e-09,0
site_18517,4,0,1.592016639797024e-06,0
site_18449,4,0,9.192024607170885e-07,0
site_06702,4,0,1.0790598353835101e-06,0
site_18768,4,0,1.2923328571062682e-09,0
site_20657,4,0,2.458541678493186e-07,0
site_19581,4,0,2.458541678493186e-07,0
site_09323,4,1,0.9999999995270861,1
site_02293,4,0,1.985414659861389e-06,0
site_13263,4,0,5.367231006879526e-07,0
site_10193,4,0,2.005424461434378e-10,0
site_03792,4,0,5.06514619643943e-07,0
site_13040,4,0,5.367231006879526e-07,0
site_07467,4,0,2.2076694256041623e-09,0
site_01733,4,0,5.591621658740038e-07,0
site_12215,4,0,1.592016639797024e-06,0
site_14198,4,0,8.969260261892e-07,0
site_11672,4,0,3.981746882151315e-08,0
site_07964,4,0,4.5659474412250485e-10,0
site_08687,4,0,6.214749327784569e-07,0
site_18241,4,0,2.4433306403168586e-09,0
site_18001,4,0,1.3097888298741398e-09,0
site_11077,4,0,1.551877220380478e-06,0
site_02849,4,0,6.806208142955985e-07,0
site_04023,4,0,6.806208142955985e-07,0
site_16570,4,0,5.367231006879526e-07,0
site_04313,4,0,5.344313257416124e-07,0
site_20268,4,1,0.9999999996896589,1
site_14965,4,0,1.2244104667455416e-06,0
site_08966,4,0,6.214749327784569e-07,0
site_12551,4,0,5.314622520574823e-10,0
site_05944,4,0,2.4433306403168586e-09,0
site_19197,4,0,3.4963087587945015e-07,0
site_08393,4,0,7.257536598407684e-07,0
site_18438,4,0,6.643043856959988e-10,0
site_15878,4,0,9.935260813180943e-07,0
site_12098,4,0,2.2528207922928315e-07,0
site_11960,4,0,8.395703870134471e-07,0
site_07812,4,0,8.395703870134471e-07,0
site_17104,4,0,5.367231006879526e-07,0
site_17902,4,0,5.367231006879526e-07,0
site_01942,4,0,2.3584395454483237e-07,0
site_20410,4,1,0.9999999991264286,1
site_10572,4,0,3.287622321829524e-07,0
site_13316,4,0,9.665340148491818e-07,0
site_17145,4,0,6.053788913141108e-07,0
site_02585,4,0,9.753706584577523e-10,0
site_11750,4,0,3.4963087587945015e-07,0
site_05624,4,0,5.438416915315726e-07,0
site_13461,4,0,6.214749327784569e-07,0
site_19017,4,0,4.7573334183034e-10,0
site_00590,4,1,0.9999999972047402,1
site_01949,4,0,8.395703870134471e-07,0
site_17862,4,0,4.6165959936545756e-10,0
site_16348,4,0,2.2528207922928315e-07,0
site_16100,4,0,5.344313257416124e-07,0
site_17221,4,0,6.549676069757329e-07,0
site_16813,4,0,4.7573334183034e-10,0
site_19054,4,0,1.8933258972882845e-10,0
site_06641,4,0,6.806208142955985e-07,0
site_10871,4,0,4.5354610843998904e-07,0
site_20429,4,1,0.999999996000944,1
site_12357,4,0,6.214749327784569e-07,0
site_09741,4,0,4.648832730085102e-07,0
site_01275,4,0,5.734927766430627e-07,0
site_19074,4,0,5.367231006879526e-07,0
site_06287,4,0,2.2076694256041623e-09,0
site_19094,4,0,5.663595657559834e-07,0
site_07396,4,0,2.2076694256041623e-09,0
site_07959,4,0,3.4963087587945015e-07,0
site_18581,4,0,2.4433306403168586e-09,0
site_20452,4,0,5.438416915315726e-07,0
site_07533,4,0,6.806208142955985e-07,0
site_17214,4,0,5.367231006879526e-07,0
site_07284,4,0,2.4433306403168586e-09,0
site_11970,4,0,8.122488211583567e-07,0
site_10749,4,1,0.9999999997643578,1
site_06018,4,0,1.551877220380478e-06,0
site_04453,4,0,1.2244104667455416e-06,0
site_10686,4,0,6.806208467133407e-07,0
site_07132,4,0,5.367231006879526e-07,0
site_18167,4,0,8.395703870134471e-07,0
site_20009,4,0,6.214749327784569e-07,0
site_04475,4,0,1.2244104667455416e-06,0
site_15139,4,0,3.581072842851852e-10,0
site_11037,4,0,5.013891209996407e-10,0
site_10979,4,1,0.9999999996205924,1
site_11568,4,0,2.133914763878005e-06,0
site_11033,4,0,3.4963087587945015e-07,0
site_18055,4,0,2.2076694256041623e-09,0
site_15097,4,0,2.2076694256041623e-09,0
site_03178,4,0,6.932881444475667e-07,0
site_18782,4,0,7.943760358991446e-07,0
site_02051,4,0,1.8958443170413528e-06,0
site_13741,4,0,2.3584395454483237e-07,0
site_20967,4,1,0.9999999943575426,1
site_20989,4,0,9.665340148491818e-07,0
site_11332,4,0,5.013891209996407e-10,0
site_16398,4,0,6.214749460815923e-07,0
site_07330,4,0,1.001860171406748e-06,0
site_19243,4,0,1.2923328571062682e-09,0
site_14440,4,0,1.001860171406748e-06,0
site_12515,4,1,0.9999999997018636,1
site_14004,4,0,2.2076694256041623e-09,0
site_03815,4,0,1.551877220380478e-06,0
site_20132,4,1,0.9999999995832418,1
site_12164,4,0,7.144560143570119e-07,0
site_21236,4,1,0.9999999954817875,1
site_16486,4,1,0.999999611176347,1
site_12152,4,0,9.192024607170885e-07,0
site_01352,4,1,0.9999999993355786,1
site_01417,4,0,5.438416915315726e-07,0
site_01957,4,0,8.395703870134471e-07,0
site_18902,4,0,6.686997703923835e-07,0
site_07016,4,0,9.665340148491818e-07,0
site_00968,4,0,1.2244104667455416e-06,0
site_20937,4,0,5.367231006879526e-07,0
site_03169,4,0,1.0790598353835101e-06,0
site_12375,4,1,0.9999999997066205,1
site_17181,4,1,0.9999999995468714,1
site_07090,4,0,9.956059411727666e-09,0
site_13643,4,0,6.806208142955985e-07,0
site_01099,4,0,1.985414659861389e-06,0
site_17897,4,0,4.6165959936545756e-10,0
site_15271,4,0,2.2076694256041623e-09,0
site_16540,4,0,2.3675401353222607e-06,0
site_14808,4,0,6.806208142955985e-07,0
site_00778,4,0,1.4010234991921143e-05,0
site_15907,4,1,0.9999999995125399,1
site_18601,4,0,3.4963087587945015e-07,0
site_05120,4,0,5.908061971252722e-10,0
site_02140,4,0,5.606312173259244e-07,0
site_13782,4,0,1.001860171406748e-06,0
site_11103,4,0,1.2413794502085105e-07,0
site_12067,4,0,3.4963087587945015e-07,0
site_06270,4,0,3.4963087587945015e-07,0
site_09027,4,0,4.5659474412250485e-10,0
site_02188,4,0,3.4963087587945015e-07,0
site_02419,4,0,2.0457274093928183e-06,0
site_18442,4,0,6.643043856959988e-10,0
site_07851,4,0,1.2244104667455416e-06,0
site_21005,4,1,0.9999999994064477,1
site_07984,4,0,1.592016639797024e-06,0
site_15986,4,0,5.367231006879526e-07,0
site_15628,4,0,9.956059411727666e-09,0
site_02209,4,0,2.2076694256041623e-09,0
site_09820,4,0,1.8933258972882845e-10,0
site_16668,4,0,1.7639116150392948e-06,0
site_02685,4,0,9.068608351406405e-07,0
site_12252,4,1,0.9999999613016165,1
site_01724,4,0,6.128516920259937e-07,0
site_16384,4,0,6.214749327784569e-07,0
site_01105,4,1,0.9999999913615928,1
site_07432,4,0,6.806208142955985e-07,0
site_03435,4,0,7.943760358991446e-07,0
site_13427,4,0,2.4433306403168586e-09,0
site_08602,4,0,5.734927766430627e-07,0
site_08963,4,0,5.734927766430627e-07,0
site_19820,4,0,9.935260813180943e-07,0
site_17527,4,0,4.2743762763069764e-10,0
site_02083,4,0,8.395703870134471e-07,0
site_11048,4,0,2.395200419721706e-09,0
site_20628,4,0,5.203946314644776e-07,0
site_06956,4,0,5.663595657559834e-07,0
site_12663,4,0,9.192024607170885e-07,0
site_15502,4,0,6.806208142955985e-07,0
site_17501,4,0,3.4963087587945015e-07,0
site_07563,4,0,3.4963087587945015e-07,0
site_20953,4,1,0.9999999996317983,1
site_21141,4,0,2.2528207922928315e-07,0
site_13184,4,0,6.932881444475667e-07,0
site_08978,4,0,2.4433306403168586e-09,0
site_14611,4,0,1.2244104667455416e-06,0
site_02792,4,0,6.053788913141108e-07,0
site_16286,4,0,4.5659474412250485e-10,0
site_06362,4,0,6.806208467133407e-07,0
site_13079,4,0,2.3675401353222607e-06,0
site_19980,4,0,6.214749327784569e-07,0
site_04467,4,0,2.458541678493186e-07,0
site_00071,4,0,4.908797219378961e-07,0
site_09831,4,0,8.426332501277499e-07,0
site_16715,4,0,1.001860171406748e-06,0
site_12628,4,1,0.9999999572529812,1
site_00634,4,0,6.214749460815923e-07,0
site_11713,4,1,0.9999999993932385,1
site_03466,4,1,0.9999999997801041,1
site_14759,4,0,5.663595657559834e-07,0
site_11484,4,0,2.8988964413608294e-09,0
site_02305,4,0,8.395703870134471e-07,0
site_16985,4,0,1.2069953660461177e-06,0
site_08875,4,0,8.395703870134471e-07,0
site_03019,4,0,2.4433306403168586e-09,0
site_17910,4,0,5.344313257416124e-07,0
site_20601,4,0,2.344084162620111e-07,0
site_18503,4,0,2.4433306403168586e-09,0
site_06783,4,0,9.192024607170885e-07,0
site_01139,4,1,0.9999999858793027,1
site_21406,4,1,0.9999999986867887,1
site_18707,4,0,5.344313257416124e-07,0
site_16918,4,0,1.985414659861389e-06,0
site_06295,4,0,2.8988964413608294e-09,0
site_09692,4,0,5.344313257416124e-07,0
site_03826,4,0,9.945405230813005e-10,0
site_06643,4,0,8.969260261892e-07,0
site_09443,4,0,6.806208142955985e-07,0
site_11517,4,0,1.3735354476005542e-09,0
site_11887,4,0,3.4963087587945015e-07,0
site_00111,4,0,6.214749327784569e-07,0
site_05170,4,0,3.981746882151315e-08,0
site_06363,4,0,5.663595657559834e-07,0
site_04655,4,0,6.214749327784569e-07,0
site_03238,4,0,2.2076694256041623e-09,0
site_20445,4,0,4.7573334183034e-10,0
site_06676,4,0,1.1213224871316161e-06,0
site_14766,4,0,3.4963087587945015e-07,0
site_06022,4,0,6.447809183398433e-07,0
site_15400,4,0,9.73912666745641e-07,0
site_07635,4,0,1.1213224871316161e-06,0
site_06670,4,0,7.257536598407684e-07,0
site_17881,4,0,4.6165959936545756e-10,0
site_06380,4,0,2.4433306403168586e-09,0
site_05090,4,0,6.932881444475667e-07,0
site_18183,4,0,4.6165959936545756e-10,0
site_16747,4,0,5.344313257416124e-07,0
site_11110,4,1,0.999999999539654,1
site_02999,4,1,0.9999999992912971,1
site_16273,4,0,1.001860171406748e-06,0
site_19351,4,0,5.367231006879526e-07,0
site_07021,4,0,6.806208142955985e-07,0
site_14883,4,0,3.4963087587945015e-07,0
site_00682,4,0,7.257536598407684e-07,0
site_11877,4,1,0.9999999997515876,1
site_10603,4,1,0.9999999996179689,1
site_21028,4,0,2.8988964413608294e-09,0
site_20547,4,1,0.9999999981031347,1
site_13169,4,0,2.458541678493186e-07,0
site_20596,4,0,1.001860171406748e-06,0
site_02954,4,0,8.395703870134471e-07,0
site_17170,4,1,0.999999941261993,1
site_17959,4,0,5.344313257416124e-07,0
site_18991,4,0,2.4433306403168586e-09,0
site_01220,4,0,9.495019996550343e-07,0
site_10764,4,0,6.468284554164466e-10,0
site_18037,4,0,6.214749327784569e-07,0
site_01642,4,0,1.2069953660461177e-06,0
site_14529,4,0,2.8988964413608294e-09,0
site_02437,4,0,5.606312173259244e-07,0
site_05035,4,0,6.214749460815923e-07,0
site_16951,4,0,5.734927766430627e-07,0
site_18310,4,0,9.855397742678738e-08,0
site_12665,4,0,1.001860171406748e-06,0
site_15335,4,0,2.4433306403168586e-09,0
site_05723,4,0,2.4433306403168586e-09,0
site_17309,4,0,4.6165959936545756e-10,0
site_05779,4,0,2.4433306403168586e-09,0
site_15302,4,0,9.068608351406405e-07,0
site_02773,4,1,0.9999999985810482,1
site_16170,4,0,3.981746882151315e-08,0
site_20562,4,0,5.203946314644776e-07,0
site_07588,4,0,2.2076694256041623e-09,0
site_03190,4,0,7.744984856404251e-07,0
site_02651,4,0,9.917586947352994e-09,0
site_18710,4,0,5.367231006879526e-07,0
site_21140,4,0,1.592016639797024e-06,0
site_00684,4,0,5.367231006879526e-07,0
site_08890,4,0,6.214749327784569e-07,0
site_21480,4,0,9.956059411727666e-09,0
site_12128,4,1,0.9999999995896596,1
site_09421,4,0,3.9703436733993367e-05,0
site_11976,4,0,9.513208480368604e-10,0
site_02743,4,0,2.2076694256041623e-09,0
site_10431,4,0,7.943760358991446e-07,0
site_03533,4,1,0.9999999993355786,1
site_01757,4,0,9.192024607170885e-07,0
site_17389,4,0,5.265648035789125e-10,0
site_15937,4,0,1.2069953660461177e-06,0
site_03191,4,0,2.0692924278822076e-10,0
site_07713,4,0,2.4433306403168586e-09,0
site_10977,4,1,0.9999999990184032,1
site_16991,4,0,6.806208142955985e-07,0
site_08045,4,0,2.395200419721706e-09,0
site_02023,4,0,7.744984856404251e-07,0
site_13940,4,0,3.4963087587945015e-07,0
site_12326,4,0,6.806208142955985e-07,0
site_15100,4,0,6.214749460815923e-07,0
site_19096,4,0,1.2069953660461177e-06,0
site_03471,4,1,0.9999999996796172,1
site_10391,4,0,2.4433306403168586e-09,0
site_05451,4,0,5.367231006879526e-07,0
site_19916,4,0,2.0692924278822076e-10,0
site_19500,4,0,5.344313257416124e-07,0
site_02918,4,0,6.932881444475667e-07,0
site_00875,4,0,4.5659474412250485e-10,0
site_13906,4,0,1.3735354476005542e-09,0
site_11140,4,1,0.9999999951017353,1
site_06093,4,0,5.013891209996407e-10,0
site_21306,4,1,0.9999999997256415,1
site_19967,4,0,9.192024607170885e-07,0
site_18862,4,0,2.4433306403168586e-09,0
site_03454,4,0,7.144560143570119e-07,0
site_01635,4,0,6.806208142955985e-07,0
site_14659,4,0,2.4433306403168586e-09,0
site_03430,4,0,8.395703870134471e-07,0
site_03546,4,0,4.782231472635684e-10,0
site_19408,4,0,2.2076694256041623e-09,0
site_10506,4,0,1.2069953660461177e-06,0
site_13583,4,0,6.214749327784569e-07,0
site_18583,4,0,2.395200419721706e-09,0
site_02232,4,0,1.985414659861389e-06,0
site_00743,4,0,1.2244104667455416e-06,0
site_05732,4,0,7.943760358991446e-07,0
site_11008,4,0,1.1296934995758668e-06,0
site_16259,4,0,5.367231006879526e-07,0
site_14192,4,0,3.981746882151315e-08,0
site_16331,4,0,9.495019996550343e-07,0
site_12704,4,0,6.214749327784569e-07,0
site_15413,4,0,9.192024607170885e-07,0
site_16510,4,0,6.214749327784569e-07,0
site_09048,4,0,1.8933258972882845e-10,0
site_07265,4,0,3.634319558255551e-09,0
site_02964,4,0,4.6165959936545756e-10,0
site_19324,4,0,5.402653042022405e-07,0
site_20413,4,1,0.9999999991981787,1
site_00306,4,1,0.9999985536313861,1
site_06882,4,0,9.192024607170885e-07,0
site_13265,4,0,1.001860171406748e-06,0
site_18035,4,0,2.8988964413608294e-09,0
site_12317,4,0,9.753706584577523e-10,0
site_01660,4,0,2.4433306403168586e-09,0
site_19648,4,0,4.5659474412250485e-10,0
site_16285,4,0,4.565947154386368e-10,0
site_03162,4,0,3.4963087587945015e-07,0
site_04722,4,0,6.806208142955985e-07,0
site_16745,4,0,1.001860171406748e-06,0
site_12155,4,0,1.001860171406748e-06,0
site_14669,4,0,2.440126169886319e-10,0
site_14212,4,0,3.4963087587945015e-07,0
site_20070,4,1,0.9999999962587065,1
site_01327,4,0,1.985414659861389e-06,0
site_07401,4,0,6.214749327784569e-07,0
site_18020,4,0,5.591621658740038e-07,0
site_18801,4,0,8.395703870134471e-07,0
site_08171,4,0,3.4963087587945015e-07,0
site_19601,4,0,2.2313700827777813e-06,0
site_08026,4,0,9.956059411727666e-09,0
site_12461,4,0,6.447809183398433e-07,0
site_18727,4,0,6.806208142955985e-07,0
site_14557,4,0,6.806208142955985e-07,0
site_08302,4,0,1.6067518424657453e-06,0
site_00075,4,0,4.5282474639875496e-07,0
site_01972,4,0,4.782231472635684e-10,0
site_00135,4,0,1.551877220380478e-06,0
site_04046,4,0,6.214749327784569e-07,0
site_08627,4,0,9.956059411727666e-09,0
site_07989,4,0,4.782231472635684e-10,0
site_04252,4,0,2.4433306403168586e-09,0
site_13305,4,0,6.214749327784569e-07,0
site_08620,4,0,8.395703870134471e-07,0
site_16794,4,0,1.985414659861389e-06,0
site_09531,4,0,3.981746882151315e-08,0
site_06631,4,0,3.981746882151315e-08,0
site_14210,4,0,8.171481873470131e-07,0
site_04424,4,0,2.4433306403168586e-09,0
site_00872,4,0,5.438416915315726e-07,0
site_02829,4,1,0.999999999691279,1
site_02757,4,0,4.5659474412250485e-10,0
site_13132,4,0,9.28443434645934e-10,0
site_20106,4,0,5.663595657559834e-07,0
site_19433,4,0,2.4433306403168586e-09,0
site_04793,4,0,6.806208142955985e-07,0
site_03393,4,0,5.344313257416124e-07,0
site_13919,4,0,2.8988964413608294e-09,0
site_04702,4,0,6.214749327784569e-07,0
site_03192,4,0,5.344313257416124e-07,0
site_14772,4,0,5.344313257416124e-07,0
site_07106,4,0,3.4963087587945015e-07,0
site_14222,4,0,1.1213224871316161e-06,0
site_18993,4,0,6.447809183398433e-07,0
site_18434,4,0,5.367231006879526e-07,0
site_09508,4,0,1.1547565635990984e-06,0
site_01844,4,0,8.171481873470131e-07,0
site_13623,4,0,8.171481873470131e-07,0
site_18392,4,0,1.3097888298741398e-09,0
site_15507,4,0,1.001860171406748e-06,0
site_11108,4,1,0.9999999995906386,1
site_10929,4,0,2.8988964413608294e-09,0
site_06408,4,0,3.4963087587945015e-07,0
site_12111,4,0,2.3074639782109754e-07,0
site_14069,4,0,9.855397742678738e-08,0
site_02851,4,0,5.734927766430627e-07,0
site_13867,4,0,5.778729821439936e-07,0
site_16324,4,0,2.9178922579535188e-06,0
site_06045,4,0,2.2528207922928315e-07,0
site_20004,4,1,0.9999999952562879,1
site_12286,4,0,7.257536598407684e-07,0
site_01990,4,1,0.9999999992920927,1
site_11125,4,0,2.133914763878005e-06,0
site_16861,4,1,0.9999999994481104,1
site_02660,4,1,0.9999999990157904,1
site_12030,4,0,9.068608351406405e-07,0
site_13163,4,0,8.395703870134471e-07,0
site_05141,4,0,1.3735354476005542e-09,0
site_07560,4,0,3.4963087587945015e-07,0
site_15806,4,0,9.192024607170885e-07,0
site_04926,4,0,2.4433306403168586e-09,0
site_15348,4,0,4.6165959936545756e-10,0
site_19794,4,1,0.9999999996590225,1
site_19373,4,0,3.287622321829524e-07,0
site_13367,4,0,8.272350673731022e-07,0
site_05313,4,0,6.369253286109675e-07,0
site_06608,4,0,3.981746882151315e-08,0
site_02966,4,0,1.2244104667455416e-06,0
site_15530,4,0,8.852712688544333e-07,0
site_06576,4,0,1.2069953660461177e-06,0
site_01438,4,0,1.440515327553889e-07,0
site_06503,4,0,6.806208142955985e-07,0
site_01281,4,1,0.9999999996846045,1
site_20338,4,1,0.9999999997572804,1
site_12948,4,0,1.0790598353835101e-06,0
site_10863,4,0,2.133914763878005e-06,0
site_17505,4,0,1.592016639797024e-06,0
site_18919,4,0,1.2244104667455416e-06,0
site_12484,4,0,5.727248921431436e-07,0
site_03552,4,0,1.1496366884911132e-06,0
site_15448,4,0,2.2076694256041623e-09,0
site_12269,4,0,2.133914763878005e-06,0
site_03774,4,0,5.591621658740038e-07,0
site_04839,4,0,2.2076694256041623e-09,0
site_17731,4,0,1.2069953660461177e-06,0
site_11983,4,0,1.1117976670277692e-08,0
site_13113,4,1,0.9999999963464703,1
site_11086,4,0,7.797806295971449e-07,0
site_19503,4,0,6.214749327784569e-07,0
site_08850,4,0,9.495019996550343e-07,0
site_05088,4,0,2.8988964413608294e-09,0
site_12134,4,1,0.9999999995899047,1
site_07314,4,0,2.8988964413608294e-09,0
site_11146,4,1,0.9999999995272562,1
site_10883,4,1,0.9999622406606484,1
site_14353,4,0,2.2076694256041623e-09,0
site_20526,4,0,4.7573334183034e-10,0
site_15822,4,0,1.2069953660461177e-06,0
site_13221,4,0,9.956059411727666e-09,0
site_16247,4,1,0.9999999995125399,1
site_05707,4,0,6.053788913141108e-07,0
site_07945,4,0,1.0790598353835101e-06,0
site_19140,4,0,1.001860171406748e-06,0
site_05907,4,0,6.214749327784569e-07,0
site_12505,4,1,0.9999999994160376,1
site_17741,4,0,9.956059411727666e-09,0
site_14842,4,0,8.395703870134471e-07,0
site_19703,4,0,6.214749327784569e-07,0
site_03657,4,0,2.4433306403168586e-09,0
site_02929,4,0,9.956059411727666e-09,0
site_20585,4,0,3.52512580301541e-10,0
site_04118,4,0,1.592016639797024e-06,0
site_20790,4,1,0.9999999997034923,1
site_13719,4,0,2.8988964413608294e-09,0
site_01254,4,0,5.402653042022405e-07,0
site_06802,4,0,5.344313257416124e-07,0
site_10795,4,0,5.367231006879526e-07,0
site_06346,4,0,6.806208142955985e-07,0
site_21280,4,1,0.9999999995971811,1
site_02424,4,0,1.5331671591009943e-05,0
site_06063,4,0,1.1213224871316161e-06,0
site_15777,4,0,8.122488211583567e-07,0
site_00138,4,0,1.532025680761245e-08,0
site_19304,4,0,1.001860171406748e-06,0
site_09883,4,0,2.4433306403168586e-09,0
site_17611,4,0,1.592016639797024e-06,0
site_15565,4,0,7.797806295971449e-07,0
site_03964,4,0,1.2244104667455416e-06,0
site_09549,4,0,1.551877220380478e-06,0
site_19840,4,0,9.935260813180943e-07,0
site_15170,4,0,1.592016639797024e-06,0
site_03728,4,0,3.4963087587945015e-07,0
site_06393,4,0,1.0790598353835101e-06,0
site_17133,4,0,9.192024607170885e-07,0
site_01930,4,1,0.9999999994987192,1
site_03282,4,1,0.9999996922282529,1
site_14444,4,0,3.4963087587945015e-07,0
site_06273,4,0,3.4963087587945015e-07,0
site_17312,4,0,1.2069953660461177e-06,0
site_03070,4,0,8.171481873470131e-07,0
site_15876,4,0,2.4433306403168586e-09,0
site_04895,4,0,2.3675401353222607e-06,0
site_08721,4,0,5.908061971252722e-10,0
site_17278,4,0,1.7639116150392948e-06,0
site_13650,4,0,6.932881444475667e-07,0
site_16677,4,1,0.9999999992642261,1
site_20151,4,0,2.2076694256041623e-09,0
site_12803,4,0,1.2069953660461177e-06,0
site_04631,4,0,2.8988964413608294e-09,0
site_03006,4,0,2.8988964413608294e-09,0
site_21464,4,0,1.835282652354106e-08,0
site_16001,4,0,3.4963087587945015e-07,0
site_02319,4,0,4.5659474412250485e-10,0
site_04771,4,0,6.806208142955985e-07,0
site_01416,4,0,7.943760358991446e-07,0
site_16615,4,1,0.999999999058641,1
site_00829,4,0,2.9178922579535188e-06,0
site_18477,4,0,1.2069953660461177e-06,0
site_10397,4,0,3.4963087587945015e-07,0
site_14462,4,0,5.344313257416124e-07,0
site_12867,4,1,0.9999999996455797,1
site_13570,4,0,2.4433306403168586e-09,0
site_18554,4,0,3.7953151008219766e-09,0
site_07144,4,0,4.7573334183034e-10,0
site_03985,4,0,3.287622321829524e-07,0
site_14425,4,0,1.001860171406748e-06,0
site_03924,4,0,9.855397742678738e-08,0
site_04636,4,0,6.806208142955985e-07,0
site_07946,4,0,1.0790598353835101e-06,0
site_12385,4,1,0.9999999996186466,1
site_06479,4,0,9.192024607170885e-07,0
site_06401,4,0,2.2076694256041623e-09,0
site_08634,4,0,9.956059411727666e-09,0
site_14915,4,0,1.2349372113838308e-08,0
site_05204,4,0,6.214749327784569e-07,0
site_07497,4,0,2.8988964413608294e-09,0
site_16193,4,0,2.2076694256041623e-09,0
site_10020,4,0,2.2076694256041623e-09,0
site_11320,4,0,2.4433306403168586e-09,0
site_11470,4,0,2.4433306403168586e-09,0
site_10564,4,0,6.806208142955985e-07,0
site_20717,4,0,5.606312173259244e-07,0
site_19059,4,0,2.4433306403168586e-09,0
site_04650,4,0,5.314622520574823e-10,0
site_00380,4,1,0.9999999990891337,1
site_00782,4,0,1.592016639797024e-06,0
site_05429,4,0,1.0790598353835101e-06,0
site_14943,4,0,2.8988964413608294e-09,0
site_12588,4,0,5.314622520574823e-10,0
site_15312,4,0,5.367231006879526e-07,0
site_20835,4,0,2.4433306403168586e-09,0
site_14034,4,0,3.4963087587945015e-07,0
site_01943,4,0,5.344313257416124e-07,0
site_01093,4,1,0.9999999996664204,1
site_20436,4,0,9.192024607170885e-07,0
site_03831,4,0,1.9650065458434353e-06,0
site_18364,4,0,6.806208142955985e-07,0
site_18935,4,0,6.806208142955985e-07,0
site_19110,4,0,3.981746882151315e-08,0
site_01133,4,0,9.993574791774813e-07,0
site_21090,4,0,4.5659474412250485e-10,0
site_20586,4,0,1.2069953660461177e-06,0
site_03965,4,0,4.7573334183034e-10,0
site_10176,4,0,6.214749327784569e-07,0
site_02310,4,0,7.144560143570119e-07,0
site_17156,4,0,5.663595657559834e-07,0
site_10103,4,0,2.133914763878005e-06,0
site_11268,4,1,0.9999999689846842,1
site_16674,4,0,1.985414659861389e-06,0
site_10986,4,1,0.9999999995799727,1
site_01355,4,1,0.99999999951131,1
site_10820,4,0,2.4433306403168586e-09,0
site_00923,4,0,1.3735354476005542e-09,0
site_21419,4,0,2.2528207922928315e-07,0
site_02642,4,0,6.053788913141108e-07,0
site_11259,4,1,0.9999999996179689,1
site_02346,4,0,9.81731426111135e-08,0
site_09734,4,1,0.9999999996993789,1
site_06384,4,0,6.053788913141108e-07,0
site_13301,4,0,8.171481873470131e-07,0
site_07679,4,0,3.4963087587945015e-07,0
site_03325,4,0,3.4963087587945015e-07,0
site_02243,4,1,0.9999999993716036,1
site_07255,4,0,3.981746882151315e-08,0
site_13900,4,0,2.2076694256041623e-09,0
site_14042,4,0,6.053788913141108e-07,0
site_06668,4,0,5.781701030189942e-07,0
site_17081,4,1,0.9999999996250593,1
site_03867,4,0,5.663595657559834e-07,0
site_17018,4,0,8.122488211583567e-07,0
site_18124,4,0,5.367231006879526e-07,0
site_02255,4,0,2.2528207922928315e-07,0
site_08257,4,0,2.2528207922928315e-07,0
site_09185,4,0,6.806208142955985e-07,0
site_04002,4,0,6.806208142955985e-07,0
site_16942,4,0,5.591621658740038e-07,0
site_18843,4,0,1.592016639797024e-06,0
site_20916,4,0,1.9650065458434353e-06,0
site_08013,4,0,1.0790598353835101e-06,0
site_01353,4,1,0.9999999995360747,1
site_09120,4,0,8.122488211583567e-07,0
site_04710,4,0,6.214749327784569e-07,0
site_04936,4,0,6.214749327784569e-07,0
site_00270,4,1,0.9999999941451934,1
site_12350,4,0,7.144560143570119e-07,0
site_21174,4,0,1.592016639797024e-06,0
site_12915,4,0,2.3584395454483237e-07,0
site_19517,4,0,8.395703870134471e-07,0
site_13804,4,0,8.395703870134471e-07,0
site_12831,4,0,3.4963087587945015e-07,0
site_08590,4,0,6.214749327784569e-07,0
site_19931,4,0,2.2313700827777813e-06,0
site_10497,4,1,0.9999999994306918,1
site_01189,4,0,5.778729821439936e-07,0
site_13888,4,0,1.0790598353835101e-06,0
site_19956,4,0,2.4433306403168586e-09,0
site_03321,4,0,4.5659474412250485e-10,0
site_08407,4,0,4.5659474412250485e-10,0
site_21476,4,0,8.426332501277499e-07,0
site_19668,4,1,0.9999999993050088,1
site_05589,4,0,2.0333877153147976e-06,0
site_00046,4,0,1.411095933993584e-07,0
site_09379,4,0,5.367231006879526e-07,0
site_15962,4,0,5.06514619643943e-07,0
site_00432,4,1,0.9999999994174316,1
site_01534,4,0,6.447809183398433e-07,0
site_18186,4,0,2.4433306403168586e-09,0
site_11492,4,0,3.4963087587945015e-07,0
site_14335,4,0,5.344313257416124e-07,0
site_11464,4,0,7.144560143570119e-07,0
site_17343,4,0,4.6165959936545756e-10,0
site_19026,4,0,2.8988964413608294e-09,0
site_14045,4,0,1.0790598353835101e-06,0
site_06343,4,0,3.4963087587945015e-07,0
site_09686,4,0,4.6165959936545756e-10,0
site_13361,4,0,7.289272961492024e-10,0
site_11395,4,1,0.9999999985834525,1
site_18733,4,0,7.943760358991446e-07,0
site_00812,4,0,8.171481873470131e-07,0
site_12176,4,0,9.068608351406405e-07,0
site_10287,4,0,5.778729821439936e-07,0
site_01489,4,1,0.9999999983059706,1
site_20828,4,0,5.781701030189942e-07,0
site_07394,4,0,6.643043856959988e-10,0
site_04359,4,0,8.852712688544333e-07,0
site_03379,4,0,5.591621658740038e-07,0
site_02724,4,1,0.9999999316186226,1
site_15735,4,0,4.7573334183034e-10,0
site_12950,4,0,3.4963087587945015e-07,0
site_04275,4,0,6.447809183398433e-07,0
site_14010,4,0,1.0790598353835101e-06,0
site_08439,4,0,3.981746882151315e-08,0
site_17619,4,0,1.1881944449953455e-06,0
site_14860,4,0,6.214749460815923e-07,0
site_05714,4,0,5.344313257416124e-07,0
site_08538,4,0,3.4963087587945015e-07,0
site_05373,4,0,6.312101968679012e-10,0
site_03692,4,0,7.144560143570119e-07,0
site_17443,4,0,4.2743762763069764e-10,0
site_16825,4,0,1.8933258972882845e-10,0
site_10161,4,0,2.2076694256041623e-09,0
site_21426,4,1,0.999999999580995,1
site_08766,4,0,2.4433306403168586e-09,0
site_00203,4,0,5.344313257416124e-07,0
site_01187,4,0,5.344313257416124e-07,0
site_17304,4,0,2.4433306403168586e-09,0
site_10693,4,0,5.013891209996407e-10,0
site_03179,4,0,3.4963087587945015e-07,0
site_04300,4,0,6.214749460815923e-07,0
site_12706,4,0,2.4433306403168586e-09,0
site_09885,4,0,9.665340148491818e-07,0
site_13153,4,0,9.495019996550343e-07,0
site_03788,4,0,2.395200419721706e-09,0
site_17365,4,0,6.053788913141108e-07,0
site_11417,4,1,0.9999999988078918,1
site_19252,4,1,0.9999999994884254,1
site_21083,4,0,1.2923328571062682e-09,0
site_19176,4,0,9.935260813180943e-07,0
site_17908,4,0,2.2076694256041623e-09,0
site_10380,4,1,0.9999999995813591,1
site_19512,4,0,5.367231006879526e-07,0
site_15532,4,0,5.344313257416124e-07,0
site_03278,4,1,0.999999999134995,1
site_12711,4,0,8.395703870134471e-07,0
site_12083,4,0,2.2528207922928315e-07,0
site_11211,4,0,5.013891209996407e-10,0
site_14157,4,0,6.053788913141108e-07,0
site_04233,4,0,5.013891209996407e-10,0
site_00820,4,0,4.0029945698099427e-07,0
site_16136,4,0,1.0790598353835101e-06,0
site_01739,4,0,6.699635699879996e-07,0
site_18357,4,0,5.367231006879526e-07,0
site_09115,4,0,1.551877220380478e-06,0
site_03538,4,1,0.9999999997437268,1
site_13402,4,0,5.367231006879526e-07,0
site_05115,4,0,5.344313257416124e-07,0
site_15733,4,0,2.2076694256041623e-09,0
site_12640,4,1,0.9999999996205924,1
site_11237,4,0,1.1958233391258303e-08,0
site_19042,4,0,2.4433306403168586e-09,0
site_03960,4,0,8.171481873470131e-07,0
site_02036,4,0,9.917586947352994e-09,0
site_14812,4,0,6.806208142955985e-07,0
site_10555,4,0,2.4433306403168586e-09,0
site_00639,4,0,5.013891209996407e-10,0
site_10792,4,0,2.2076694256041623e-09,0
site_21416,4,0,6.053788913141108e-07,0
site_07382,4,0,3.4963087587945015e-07,0
site_11883,4,0,9.668612495164105e-07,0
site_10121,4,0,4.648832730085102e-07,0
site_04776,4,0,3.4963087587945015e-07,0
site_14633,4,0,2.877965799321546e-10,0
site_08518,4,0,9.956059411727666e-09,0
site_01815,4,0,1.1380948429716275e-09,0
site_20878,4,0,9.753706584577523e-10,0
site_06768,4,0,3.287622321829524e-07,0
site_15785,4,0,1.001860171406748e-06,0
site_18621,4,0,7.257536598407684e-07,0
site_10159,4,0,6.214749327784569e-07,0
site_20731,4,1,0.9999999992408191,1
site_09175,4,0,5.344313257416124e-07,0
site_00781,4,0,5.663595657559834e-07,0
site_06686,4,0,1.001860171406748e-06,0
site_21289,4,0,1.592016639797024e-06,0
site_04681,4,0,6.806208142955985e-07,0
site_03714,4,0,2.458541678493186e-07,0
site_15260,4,0,2.8988964413608294e-09,0
site_08724,4,0,1.3111837721775336e-09,0
site_03600,4,0,3.7953151008219766e-09,0
site_07579,4,0,3.4963087587945015e-07,0
site_19399,4,0,6.806208467133407e-07,0
site_11233,4,0,5.591621658740038e-07,0
site_12079,4,0,9.679901964917455e-07,0
site_19960,4,0,7.797806295971449e-07,0
site_16921,4,1,0.9999999995779756,1
site_11804,4,0,9.956059411727666e-09,0
site_12343,4,0,6.447809183398433e-07,0
site_11430,4,1,0.9999987932642587,1
site_04166,4,0,9.956059411727666e-09,0
site_09052,4,0,5.344313257416124e-07,0
site_14673,4,0,5.367231006879526e-07,0
site_06171,4,0,9.753706584577523e-10,0
site_21248,4,1,0.9999999997451523,1
site_03009,4,0,3.4963087587945015e-07,0
site_11586,4,0,2.3675401353222607e-06,0
site_02072,4,0,7.144560143570119e-07,0
site_00416,4,0,5.657290417703726e-09,0
site_02054,4,1,0.9999999994703406,1
site_02779,4,1,0.99999999951131,1
site_20796,4,1,0.9999998356074932,1
site_00045,4,0,1.5323916998710773e-07,0
site_14686,4,0,9.679901964917455e-07,0
site_06047,4,0,9.935260813180943e-07,0
site_19317,4,1,0.999999999334434,1
site_20224,4,0,2.4433306403168586e-09,0
site_06302,4,0,8.125476382712356e-10,0
site_09600,4,0,5.367231006879526e-07,0
site_08290,4,0,5.591621658740038e-07,0
site_07011,4,0,7.373900681596516e-10,0
site_17056,4,0,3.52512580301541e-10,0
site_02853,4,0,2.8988964413608294e-09,0
site_13628,4,0,3.4963087587945015e-07,0
site_10162,4,0,1.2069953660461177e-06,0
site_05932,4,0,5.908061971252722e-10,0
site_01606,4,0,6.053788913141108e-07,0
site_15630,4,0,5.344313257416124e-07,0
site_18811,4,0,7.797806295971449e-07,0
site_13390,4,0,6.053788913141108e-07,0
site_14505,4,0,3.4963087587945015e-07,0
site_12447,4,0,9.495019996550343e-07,0
site_19782,4,0,2.2076694256041623e-09,0
site_05600,4,1,0.9999999997172935,1
site_12473,4,0,7.144560143570119e-07,0
site_20503,4,0,1.2349372113838308e-08,0
site_04042,4,0,1.2069953660461177e-06,0
site_08385,4,0,2.4433306403168586e-09,0
site_12135,4,1,0.9999999994138371,1
site_11057,4,0,2.8988964413608294e-09,0
site_19592,4,1,0.9999999997572804,1
site_05753,4,1,0.9999999996518683,1
site_11722,4,0,2.133914763878005e-06,0
site_08635,4,0,2.4433306403168586e-09,0
site_10178,4,0,4.5659474412250485e-10,0
site_19558,4,0,3.4963087587945015e-07,0
site_03033,4,0,6.806208142955985e-07,0
site_02893,4,1,0.9999999992814543,1
site_02578,4,0,2.4433306403168586e-09,0
site_06445,4,0,9.956059411727666e-09,0
site_20550,4,1,0.9999999971233748,1
site_02294,4,1,0.9999999995878626,1
site_18168,4,0,6.214749327784569e-07,0
site_12055,4,0,5.344313257416124e-07,0
site_18954,4,0,6.214749327784569e-07,0
site_07153,4,0,1.1213224871316161e-06,0
site_10797,4,0,6.214749327784569e-07,0
site_06224,4,0,4.5659474412250485e-10,0
site_00175,4,0,5.657290417703726e-09,0
site_21322,4,1,0.9999733755941076,1
site_14426,4,0,1.1213224871316161e-06,0
site_16869,4,0,2.2076694256041623e-09,0
site_19063,4,0,2.9178922579535188e-06,0
site_10514,4,0,5.367231006879526e-07,0
site_13689,4,0,5.367231006879526e-07,0
site_16867,4,0,6.053788913141108e-07,0
site_03263,4,0,6.214749327784569e-07,0
site_03313,4,0,7.144560143570119e-07,0
site_18550,4,0,1.001860171406748e-06,0
site_12432,4,0,2.8988964413608294e-09,0
site_20564,4,0,5.203946314644776e-07,0
site_20633,4,0,3.4963087587945015e-07,0
site_21404,4,1,0.9999999745997865,1
site_17182,4,0,1.592016639797024e-06,0
site_15794,4,0,1.2069953660461177e-06,0
site_17160,4,0,3.4963087587945015e-07,0
site_17297,4,0,6.806208142955985e-07,0
site_19283,4,0,3.4963087587945015e-07,0
site_20474,4,1,0.9999999994520732,1
site_12709,4,0,3.4963087587945015e-07,0
site_10233,4,0,2.133914763878005e-06,0
site_08463,4,0,2.2076694256041623e-09,0
site_11447,4,0,6.214749327784569e-07,0
site_14424,4,0,6.214749327784569e-07,0
site_10153,4,0,1.001860171406748e-06,0
site_03445,4,0,9.956059411727666e-09,0
site_15825,4,0,5.344313257416124e-07,0
site_14903,4,0,1.0790598353835101e-06,0
site_14897,4,0,3.4963087587945015e-07,0
site_03745,4,0,2.3675401353222607e-06,0
site_20777,4,0,6.053788913141108e-07,0
site_02131,4,0,9.495019996550343e-07,0
site_06258,4,0,4.5659474412250485e-10,0
site_04170,4,0,9.956059411727666e-09,0
site_14985,4,0,6.214749327784569e-07,0
site_14916,4,0,6.214749327784569e-07,0
site_13871,4,0,6.643043856959988e-10,0
site_18789,4,0,1.3735354476005542e-09,0
site_12764,4,1,0.9999999996068458,1
site_11066,4,0,7.257536598407684e-07,0
site_02214,4,0,5.013891209996407e-10,0
site_10999,4,1,0.9999999997348128,1
site_07742,4,0,7.144560143570119e-07,0
site_14801,4,0,9.288046558190964e-07,0
site_14392,4,0,5.344313257416124e-07,0
site_04944,4,0,2.4433306403168586e-09,0
site_15464,4,0,1.2069953660461177e-06,0
site_18988,4,0,1.551877220380478e-06,0
site_12899,4,0,9.495019996550343e-07,0
site_02333,4,0,6.111615559963924e-10,0
site_08206,4,0,5.438416915315726e-07,0
site_13251,4,0,9.917586947352994e-09,0
site_08613,4,0,9.192024607170885e-07,0
site_06756,4,0,5.344313257416124e-07,0
site_04825,4,0,5.663595657559834e-07,0
site_09755,4,0,5.344313257416124e-07,0
site_09205,4,0,2.0692924278822076e-10,0
site_01986,4,0,2.133914763878005e-06,0
site_08071,4,0,1.001860171406748e-06,0
site_16754,4,0,9.068608351406405e-07,0
site_03982,4,0,3.4963087587945015e-07,0
site_07755,4,0,8.395703870134471e-07,0
site_02937,4,1,0.9999999963464703,1
site_02925,4,0,2.344084162620111e-07,0
site_05970,4,0,5.344313257416124e-07,0
site_08114,4,0,3.4963087587945015e-07,0
site_01347,4,0,6.214749327784569e-07,0
site_02934,4,0,3.634319558255551e-09,0
site_04003,4,0,9.495019996550343e-07,0
site_14282,4,0,9.068608351406405e-07,0
site_09828,4,0,6.214749327784569e-07,0
site_18185,4,0,9.753706584577523e-10,0
site_10070,4,0,2.2076694256041623e-09,0
site_09696,4,0,5.013891209996407e-10,0
site_18525,4,0,2.8988964413608294e-09,0
site_08901,4,0,7.943760358991446e-07,0
site_06261,4,0,8.171481873470131e-07,0
site_04668,4,0,2.2076694256041623e-09,0
site_13849,4,0,2.4433306403168586e-09,0
site_14909,4,0,5.367231006879526e-07,0
site_07527,4,0,6.806208142955985e-07,0
site_04567,4,0,2.3584395454483237e-07,0
site_06910,4,0,9.192024607170885e-07,0
site_05480,4,0,2.344084162620111e-07,0
site_19827,4,0,1.1213224871316161e-06,0
site_06558,4,0,1.001860171406748e-06,0
site_21296,4,0,5.344313257416124e-07,0
site_05290,4,0,5.344313257416124e-07,0
site_03702,4,0,7.257536598407684e-07,0
site_13824,4,0,1.2349372113838308e-08,0
site_20575,4,0,5.876953067474873e-07,0
site_11748,4,0,3.981746882151315e-08,0
site_07429,4,0,6.806208142955985e-07,0
site_18977,4,0,9.753706584577523e-10,0
site_07598,4,0,9.945405230813005e-10,0
site_20492,4,0,5.203946314644776e-07,0
site_14647,4,0,8.852712688544333e-07,0
site_12534,4,0,5.344313257416124e-07,0
site_07196,4,0,5.663595657559834e-07,0
site_05930,4,0,3.4963087587945015e-07,0
site_03719,4,0,6.806208142955985e-07,0
site_19356,4,0,5.734927766430627e-07,0
site_07045,4,0,3.4963087587945015e-07,0
site_21356,4,1,0.9999999992371817,1
site_01406,4,0,2.5816580745105476e-07,0
site_04742,4,0,3.4963087587945015e-07,0
site_16069,4,0,7.797806295971449e-07,0
site_17779,4,0,3.634319558255551e-09,0
site_01674,4,0,9.917586947352994e-09,0
site_15259,4,0,3.4963087587945015e-07,0
site_09444,4,0,6.214749327784569e-07,0
site_07941,4,0,2.8988964413608294e-09,0
site_17024,4,1,0.9999999997040203,1
site_13330,4,0,5.367231006879526e-07,0
site_08014,4,0,2.9178922579535188e-06,0
site_15709,4,0,3.4963087587945015e-07,0
site_04097,4,0,8.171481873470131e-07,0
site_20213,4,0,5.203946314644776e-07,0
site_06884,4,0,9.666113175069872e-10,0
site_10887,4,0,6.214749327784569e-07,0
site_15104,4,0,9.679901964917455e-07,0
site_19109,4,0,5.367231006879526e-07,0
site_09420,4,0,1.6937040803499567e-05,0
site_09697,4,0,5.344313340775146e-07,0
site_08126,4,0,3.4963087587945015e-07,0
site_16127,4,0,2.4433306403168586e-09,0
site_07166,4,0,1.0790598353835101e-06,0
site_19574,4,0,2.4433306403168586e-09,0
site_19310,4,0,6.806208142955985e-07,0
site_08778,4,0,3.52512580301541e-10,0
site_20350,4,0,5.203946314644776e-07,0
site_06209,4,0,1.2923328571062682e-09,0
site_10026,4,0,2.4433306403168586e-09,0
site_14066,4,0,1.8933258972882845e-10,0
site_13187,4,0,8.426332501277499e-07,0
site_05688,4,0,6.312101968679012e-10,0
site_07556,4,0,9.935260813180943e-07,0
site_15889,4,0,2.0692924278822076e-10,0
site_16460,4,0,1.2923328571062682e-09,0
site_18461,4,0,8.395703870134471e-07,0
site_10616,4,1,0.9999999994306918,1
site_15468,4,0,5.663595657559834e-07,0
site_01552,4,1,0.9999999980834928,1
site_00330,4,0,5.657290417703726e-09,0
site_10745,4,1,0.999999999573959,1
site_14233,4,0,2.8988964413608294e-09,0
site_03962,4,0,2.2076694256041623e-09,0
site_10956,4,0,1.001860171406748e-06,0
site_11679,4,0,5.510164790037485e-10,0
site_11616,4,0,6.214749327784569e-07,0
site_10396,4,0,3.4963087587945015e-07,0
site_07351,4,0,8.395703870134471e-07,0
site_12993,4,1,0.9999999990891337,1
site_00400,4,0,3.4963087587945015e-07,0
site_07158,4,0,1.2069953660461177e-06,0
site_05820,4,1,0.9999999997169504,1
site_18320,4,0,2.3584395454483237e-07,0
site_18376,4,0,2.8988964413608294e-09,0
site_02533,4,0,3.545667183563111e-05,0
site_05232,4,0,8.171481873470131e-07,0
site_20909,4,0,1.074348106514749e-06,0
site_18668,4,0,6.214749327784569e-07,0
site_13728,4,0,1.0790598353835101e-06,0
site_13614,4,0,3.4963087587945015e-07,0
site_06311,4,0,5.344313257416124e-07,0
site_15261,4,0,6.643043856959988e-10,0
site_12192,4,0,5.367231006879526e-07,0
site_20530,4,0,2.2076694256041623e-09,0
site_05515,4,0,2.8988964413608294e-09,0
site_09995,4,0,1.1117976670277692e-08,0
site_08316,4,0,1.9525955758772757e-10,0
site_13691,4,0,2.0692924278822076e-10,0
site_00969,4,0,8.395703870134471e-07,0
site_16914,4,0,1.985414659861389e-06,0
site_12602,4,0,9.192024607170885e-07,0
site_15717,4,0,9.068608351406405e-07,0
site_06420,4,0,1.592016639797024e-06,0
site_05687,4,0,5.876953067474873e-07,0
site_08653,4,0,9.192024607170885e-07,0
site_13385,4,0,1.0790598353835101e-06,0
site_04522,4,0,9.753706584577523e-10,0
site_16593,4,0,4.5659474412250485e-10,0
site_02730,4,1,0.999999999463522,1
site_18534,4,0,2.4433306403168586e-09,0
site_09070,4,0,3.583957194937096e-09,0
site_04865,4,0,9.956059411727666e-09,0
site_14156,4,0,7.257536598407684e-07,0
site_04267,4,0,5.013891209996407e-10,0
site_13732,4,0,6.932881444475667e-07,0
site_03455,4,0,5.367231006879526e-07,0
site_13064,4,0,3.4963087587945015e-07,0
site_02531,4,0,7.317854590228997e-07,0
site_11576,4,0,2.133914763878005e-06,0
site_11267,4,0,1.8958443170413528e-06,0
site_05727,4,0,1.592016639797024e-06,0
site_15279,4,0,5.344313340775146e-07,0
site_09646,4,0,7.797806295971449e-07,0
site_05234,4,0,6.214749327784569e-07,0
site_05351,4,0,5.367231006879526e-07,0
site_17142,4,0,2.458541678493186e-07,0
site_09085,4,0,2.8988964413608294e-09,0
site_20419,4,1,0.99999993655257,1
site_05796,4,0,1.592016639797024e-06,0
site_15807,4,0,2.2076694256041623e-09,0
site_20824,4,0,5.734927766430627e-07,0
site_16056,4,0,5.344313257416124e-07,0
site_15355,4,0,2.395200419721706e-09,0
site_09567,4,0,2.2076694256041623e-09,0
site_12226,4,0,5.314622520574823e-10,0
site_12724,4,0,2.2076694256041623e-09,0
site_14951,4,0,5.344313257416124e-07,0
site_02837,4,1,0.9999999996280649,1
site_08074,4,0,5.344313257416124e-07,0
site_19226,4,0,6.806208142955985e-07,0
site_14981,4,0,3.4963087587945015e-07,0
site_19483,4,0,5.367231006879526e-07,0
site_02022,4,0,9.956059411727666e-09,0
site_17546,4,0,9.665340148491818e-07,0
site_12347,4,0,5.438416915315726e-07,0
site_11592,4,0,6.643043856959988e-10,0
site_18256,4,0,9.192024607170885e-07,0
site_14776,4,0,2.4433306403168586e-09,0
site_13424,4,0,2.344084162620111e-07,0
site_18508,4,0,5.344313257416124e-07,0
site_08244,4,0,1.2923328571062682e-09,0
site_00855,4,0,7.744984856404251e-07,0
site_16497,4,0,1.985414659861389e-06,0
site_10140,4,0,1.6067518424657453e-06,0
site_21518,4,0,5.663595657559834e-07,0
site_11806,4,0,8.395703870134471e-07,0
site_09248,4,1,0.999999992006161,1
site_11944,4,0,1.8933258972882845e-10,0
site_02962,4,0,5.013891209996407e-10,0
site_14829,4,0,1.592016639797024e-06,0
site_21222,4,1,0.9999999986867887,1
site_12395,4,1,0.9999999995896596,1
site_14430,4,0,2.395200419721706e-09,0
site_16538,4,0,6.214749327784569e-07,0
site_02057,4,1,0.9999999996007847,1
site_06182,4,0,4.7573334183034e-10,0
site_14206,4,0,9.935260813180943e-07,0
site_12349,4,0,7.144560143570119e-07,0
site_02649,4,0,9.917586947352994e-09,0
site_02180,4,1,0.9999999996590225,1
site_11141,4,0,7.039563138749759e-07,0
site_17566,4,0,1.3735354476005542e-09,0
site_16317,4,1,0.9999999981819541,1
site_20949,4,1,0.9999999997081079,1
site_17667,4,0,5.344313257416124e-07,0
site_04490,4,0,2.344084162620111e-07,0
site_15765,4,0,9.917586947352994e-09,0
site_08333,4,0,9.192024607170885e-07,0
site_14876,4,0,6.806208142955985e-07,0
site_13012,4,0,7.797806295971449e-07,0
site_05157,4,0,2.2076694256041623e-09,0
site_07167,4,0,3.981746882151315e-08,0
site_10596,4,1,0.9999999995516649,1
site_19427,4,0,4.7573334183034e-10,0
site_20773,4,0,5.344313257416124e-07,0
site_16091,4,0,9.666113175069872e-10,0
site_01579,4,0,2.5967319788369647e-09,0
site_01369,4,0,5.402653042022405e-07,0
site_10771,4,0,2.8988964413608294e-09,0
site_18894,4,0,5.734927766430627e-07,0
site_13474,4,0,4.782231472635684e-10,0
site_13771,4,0,8.395703870134471e-07,0
site_13256,4,0,6.214749327784569e-07,0
site_13069,4,0,5.781701030189942e-07,0
site_01483,4,0,5.344313257416124e-07,0
site_16786,4,1,0.9999998278832986,1
site_08790,4,0,9.192024607170885e-07,0
site_09181,4,0,6.214749327784569e-07,0
site_16710,4,0,2.2076694256041623e-09,0
site_01590,4,0,5.999582322405751e-07,0
site_19813,4,0,2.4433306403168586e-09,0
site_05743,4,0,2.3584395454483237e-07,0
site_10961,4,0,1.2920027920517818e-08,0
site_20924,4,0,6.214749460815923e-07,0
site_15398,4,0,2.395200419721706e-09,0
site_13052,4,0,9.956059411727666e-09,0
site_16659,4,0,4.6165959936545756e-10,0
site_20570,4,0,2.4433306403168586e-09,0
site_02823,4,0,8.395703870134471e-07,0
site_01725,4,0,9.917586947352994e-09,0
site_05996,4,0,4.782231472635684e-10,0
site_13786,4,0,2.8988964413608294e-09,0
site_14442,4,0,7.257536598407684e-07,0
site_00792,4,0,8.395703870134471e-07,0
site_09502,4,1,0.9999999996939941,1
site_07970,4,0,2.2076694256041623e-09,0
site_16162,4,0,7.744984856404251e-07,0
site_20227,4,0,5.013891209996407e-10,0
site_10964,4,0,4.6165959936545756e-10,0
site_05845,4,0,7.797806295971449e-07,0
site_15047,4,0,9.935260813180943e-07,0
site_13668,4,0,9.192024607170885e-07,0
site_08227,4,0,2.8988964413608294e-09,0
site_02686,4,0,6.053788913141108e-07,0
site_17041,4,0,6.214749460815923e-07,0
site_14914,4,0,5.344313257416124e-07,0
site_11710,4,0,2.133914763878005e-06,0
site_14016,4,0,1.2923328571062682e-09,0
site_11443,4,0,3.981746882151315e-08,0
site_19170,4,0,9.192024607170885e-07,0
site_01605,4,0,2.344084162620111e-07,0
site_04774,4,0,3.4963087587945015e-07,0
site_07329,4,0,1.1636889737737497e-06,0
site_03852,4,0,7.257536598407684e-07,0
site_07417,4,0,6.686997703923835e-07,0
site_17101,4,0,1.3735354476005542e-09,0
site_13210,4,0,7.433571336600197e-07,0
site_03236,4,0,7.144560143570119e-07,0
site_15290,4,0,2.4433306403168586e-09,0
site_09555,4,0,3.4963087587945015e-07,0
site_08006,4,0,2.4433306403168586e-09,0
site_00863,4,0,9.815999509580397e-07,0
site_12622,4,1,0.9999999995115414,1
site_15250,4,0,5.591621658740038e-07,0
site_02843,4,0,2.133914763878005e-06,0
site_17364,4,0,6.214749327784569e-07,0
site_01158,4,0,9.495019996550343e-07,0
site_19920,4,1,0.9999999994057831,1
site_11638,4,0,3.4963087587945015e-07,0
site_09580,4,0,5.438416915315726e-07,0
site_10286,4,0,1.0790598353835101e-06,0
site_10055,4,0,6.806208142955985e-07,0
site_16080,4,0,7.144560143570119e-07,0
site_06820,4,0,6.447809183398433e-07,0
site_00745,4,0,4.565947154386368e-10,0
site_12153,4,0,1.1213224871316161e-06,0
site_05490,4,0,6.214749327784569e-07,0
site_11178,4,0,6.806208142955985e-07,0
site_02550,4,1,0.9999999991274067,1
site_03140,4,0,9.855397742678738e-08,0
site_13159,4,0,4.7573334183034e-10,0
site_18243,4,0,2.4433306403168586e-09,0
site_15382,4,0,8.171481873470131e-07,0
site_21004,4,1,0.9999999996542537,1
site_14300,4,0,6.214749327784569e-07,0
site_10955,4,0,5.344313340775146e-07,0
site_03357,4,0,2.3584395454483237e-07,0
site_07909,4,0,8.171481873470131e-07,0
site_14491,4,0,5.013891209996407e-10,0
site_08616,4,0,3.981746882151315e-08,0
site_05717,4,0,7.144560143570119e-07,0
site_06391,4,0,9.956059411727666e-09,0
site_10025,4,0,1.3735354476005542e-09,0
site_09295,4,0,1.8933258972882845e-10,0
site_21223,4,1,0.999999999626414,1
site_09342,4,0,8.395703870134471e-07,0
site_02711,4,0,8.969260261892e-07,0
site_03868,4,0,5.367231006879526e-07,0
site_16934,4,0,9.935260813180943e-07,0
site_21313,4,0,4.623366611370082e-07,0
site_17801,4,0,2.2076694256041623e-09,0
site_17874,4,0,3.4963087587945015e-07,0
site_12703,4,0,2.458541678493186e-07,0
site_00604,4,0,7.797806295971449e-07,0
site_19181,4,1,0.9999999997309088,1
site_21157,4,1,0.9999999996770363,1
site_09213,4,0,3.4963087587945015e-07,0
site_08622,4,0,1.0790598353835101e-06,0
site_02376,4,0,4.7573334183034e-10,0
site_08861,4,0,1.1442119408419494e-06,0
site_11071,4,0,6.214749327784569e-07,0
site_13895,4,0,2.8988964413608294e-09,0
site_19876,4,0,5.203946314644776e-07,0
site_03386,4,0,7.144560143570119e-07,0
site_15048,4,0,2.4433306403168586e-09,0
site_05400,4,0,6.806208142955985e-07,0
site_19344,4,0,1.2349372113838308e-08,0
site_13454,4,0,1.0790598353835101e-06,0
site_13779,4,0,1.001860171406748e-06,0
site_14580,4,0,2.2076694256041623e-09,0
site_18002,4,0,1.5263614748919271e-09,0
site_01111,4,0,6.214749327784569e-07,0
site_08400,4,0,4.5659474412250485e-10,0
site_19055,4,0,2.2076694256041623e-09,0
site_04932,4,0,6.214749327784569e-07,0
site_13005,4,1,0.9999920339926195,1
site_06133,4,0,2.4433306403168586e-09,0
site_12744,4,1,0.9999997983988063,1
site_11503,4,0,9.192024607170885e-07,0
site_02313,4,0,1.6067518424657453e-06,0
site_17064,4,0,8.426332501277499e-07,0
site_09906,4,0,1.592016639797024e-06,0
site_02141,4,0,2.458541678493186e-07,0
site_01517,4,0,5.367231006879526e-07,0
site_14788,4,0,6.214749327784569e-07,0
site_13369,4,0,2.2076694256041623e-09,0
site_16438,4,1,0.9999998306135829,1
site_09253,4,0,1.0790598353835101e-06,0
site_07532,4,0,3.4963087587945015e-07,0
site_10878,4,1,0.9999999997134119,1
site_08109,4,0,1.5153361407049042e-10,0
site_00549,4,1,0.999999999106642,1
site_16325,4,0,2.4433306403168586e-09,0
site_10562,4,0,6.214749327784569e-07,0
site_09835,4,0,6.806208467133407e-07,0
site_06920,4,0,3.4963087587945015e-07,0
site_14825,4,0,2.2076694256041623e-09,0
site_07188,4,0,3.981746882151315e-08,0
site_19622,4,0,2.4433306403168586e-09,0
site_05317,4,0,5.013891209996407e-10,0
site_07898,4,0,3.4963087587945015e-07,0
site_11315,4,0,3.4963087587945015e-07,0
site_05388,4,0,3.4963087587945015e-07,0
site_11856,4,0,2.133914763878005e-06,0
site_03566,4,0,9.753706584577523e-10,0
site_00825,4,0,5.344313257416124e-07,0
site_11411,4,0,2.133914763878005e-06,0
site_20665,4,0,4.5659474412250485e-10,0
site_16957,4,0,4.6165959936545756e-10,0
site_12049,4,0,3.981746882151315e-08,0
site_20265,4,1,0.9999999996542537,1
site_20499,4,0,5.203946314644776e-07,0
site_17956,4,0,9.495019996550343e-07,0
site_09850,4,0,2.133914763878005e-06,0
site_07236,4,0,1.2349372113838308e-08,0
site_01526,4,0,7.433571336600197e-07,0
site_11788,4,0,6.214749327784569e-07,0
site_10426,4,0,2.2076694256041623e-09,0
site_06712,4,0,5.876953067474873e-07,0
site_19381,4,1,0.9999999995115414,1
site_08536,4,0,2.4433306403168586e-09,0
site_02763,4,0,3.4963087587945015e-07,0
site_10449,4,0,1.3735354476005542e-09,0
site_03789,4,0,9.956059411727666e-09,0
site_13117,4,1,0.9999999993579636,1
site_15038,4,0,2.3675401353222607e-06,0
site_18834,4,0,2.2076694256041623e-09,0
site_10931,4,0,5.06514619643943e-07,0
site_19696,4,0,3.4963087587945015e-07,0
site_01241,4,1,0.9999999997479379,1
site_09400,4,0,7.10104153489101e-07,0
site_06715,4,0,3.4963087587945015e-07,0
site_06447,4,0,2.4433306403168586e-09,0
site_08382,4,0,1.551877220380478e-06,0
site_17339,4,0,4.2743762763069764e-10,0
site_19921,4,1,0.9999999994079538,1
site_17941,4,0,9.495019996550343e-07,0
site_03570,4,0,9.192024607170885e-07,0
site_17265,4,0,5.344313257416124e-07,0
site_08459,4,0,2.2528207922928315e-07,0
site_00853,4,0,4.5659474412250485e-10,0
site_18095,4,0,2.8988964413608294e-09,0
site_04554,4,0,2.4433306403168586e-09,0
site_17507,4,0,1.592016639797024e-06,0
site_15751,4,0,1.2923328571062682e-09,0
site_18000,4,0,6.053788913141108e-07,0
site_13337,4,0,3.4963087587945015e-07,0
site_00134,4,0,2.6978211759360575e-07,0
site_15614,4,0,6.686997703923835e-07,0
site_07187,4,0,1.001860171406748e-06,0
site_14073,4,0,6.806208142955985e-07,0
site_04398,4,0,9.753706584577523e-10,0
site_12048,4,0,3.981746882151315e-08,0
site_20064,4,1,0.9999999988826946,1
site_19929,4,1,0.9999999994748168,1
site_14276,4,0,2.4433306403168586e-09,0
site_10311,4,0,2.3584395454483237e-07,0
site_14025,4,0,2.2076694256041623e-09,0
site_19172,4,0,2.4433306403168586e-09,0
site_03952,4,0,9.753706584577523e-10,0
site_07630,4,0,2.4433306403168586e-09,0
site_15061,4,0,3.4963087587945015e-07,0
site_07821,4,0,2.4433306403168586e-09,0
site_18916,4,0,3.4963087587945015e-07,0
site_13558,4,0,6.214749460815923e-07,0
site_04749,4,0,1.1213224871316161e-06,0
site_02459,4,0,5.591621658740038e-07,0
site_03948,4,0,2.4433306403168586e-09,0
site_18971,4,0,6.214749327784569e-07,0
site_17353,4,0,5.438416915315726e-07,0
site_21019,4,0,1.074348106514749e-06,0
site_21393,4,1,0.9999999997230915,1
site_03523,4,0,4.6165959936545756e-10,0
site_09279,4,0,2.0333877153147976e-06,0
site_09060,4,0,9.956059411727666e-09,0
site_09715,4,0,1.6067518424657453e-06,0
site_14537,4,0,7.257536598407684e-07,0
site_11737,4,0,1.1117976670277692e-08,0
site_18985,4,0,5.663595657559834e-07,0
site_18141,4,0,6.214749327784569e-07,0
site_12332,4,0,5.367231006879526e-07,0
site_16520,4,0,2.4433306403168586e-09,0
site_02401,4,0,9.917586947352994e-09,0
site_09030,4,0,7.797806295971449e-07,0
site_17710,4,0,8.122488211583567e-07,0
site_17077,4,0,1.985414659861389e-06,0
site_03341,4,1,0.9999999995876405,1
site_17122,4,0,9.733628379871718e-07,0
site_08833,4,0,2.9178922579535188e-06,0
site_06092,4,0,5.013891209996407e-10,0
site_11272,4,0,1.8958443170413528e-06,0
site_20725,4,0,1.2069953660461177e-06,0
site_01330,4,1,0.9999999382704186,1
site_00700,4,0,1.3735354476005542e-09,0
site_20934,4,0,9.192024607170885e-07,0
site_16337,4,0,2.4433306403168586e-09,0
site_11235,4,0,5.26244805670666e-10,0
site_04755,4,0,5.367231006879526e-07,0
site_06604,4,0,1.0790598353835101e-06,0
site_20509,4,0,4.5659474412250485e-10,0
site_11811,4,0,2.2076694256041623e-09,0
site_04501,4,0,4.6165959936545756e-10,0
site_13408,4,0,4.5659474412250485e-10,0
site_19970,4,0,3.7953151008219766e-09,0
site_00327,4,0,5.344313257416124e-07,0
site_14303,4,0,3.4963087587945015e-07,0
site_04150,4,0,1.2069953660461177e-06,0
site_13970,4,0,5.344313257416124e-07,0
site_03064,4,0,2.2528207922928315e-07,0
site_09212,4,0,5.344313257416124e-07,0
site_17198,4,0,1.2244104667455416e-06,0
site_13669,4,0,2.4433306403168586e-09,0
site_09888,4,0,3.4963087587945015e-07,0
site_16480,4,0,2.2076694256041623e-09,0
site_01614,4,0,1.493818233903596e-08,0
site_07233,4,0,2.4433306403168586e-09,0
site_01872,4,0,9.81731426111135e-08,0
site_12984,4,1,0.9999999992601092,1
site_16132,4,0,3.4963087587945015e-07,0
site_02217,4,0,9.917586947352994e-09,0
site_04447,4,0,9.73912666745641e-07,0
site_18939,4,0,2.4433306403168586e-09,0
site_10761,4,0,1.1117976670277692e-08,0
site_20890,4,0,8.395703870134471e-07,0
site_16959,4,0,1.592016639797024e-06,0
site_03573,4,0,2.3675401353222607e-06,0
site_12296,4,0,6.806208142955985e-07,0
site_02917,4,0,7.744984856404251e-07,0
site_02387,4,0,7.797806295971449e-07,0
site_11635,4,0,3.981746882151315e-08,0
site_10246,4,1,0.9999999995680318,1
site_09454,4,0,9.068608351406405e-07,0
site_08528,4,0,5.367231006879526e-07,0
site_05913,4,0,2.4433306403168586e-09,0
site_20975,4,0,1.2069953660461177e-06,0
site_08278,4,0,3.4963087587945015e-07,0
site_12923,4,0,3.634319558255551e-09,0
site_08494,4,0,3.4963087587945015e-07,0
site_05425,4,0,2.2076694256041623e-09,0
site_04404,4,0,6.447809183398433e-07,0
site_14130,4,0,3.4963087587945015e-07,0
site_03096,4,1,0.9999999988283712,1
site_11176,4,0,5.367231006879526e-07,0
site_17226,4,0,1.985414659861389e-06,0
site_06962,4,0,1.1636889737737497e-06,0
site_13661,4,0,5.013891209996407e-10,0
site_10947,4,0,3.4963087587945015e-07,0
site_07657,4,0,2.4433306403168586e-09,0
site_16735,4,0,1.985414659861389e-06,0
site_02201,4,0,6.932881444475667e-07,0
site_14736,4,0,3.4963087587945015e-07,0
site_19365,4,0,2.2076694256041623e-09,0
site_07189,4,0,9.192024607170885e-07,0
site_20045,4,0,2.4433306403168586e-09,0
site_19429,4,0,2.3675401353222607e-06,0
site_02148,4,0,7.257536598407684e-07,0
site_00041,4,1,0.9999999997256415,1
site_13378,4,0,2.458541678493186e-07,0
site_12040,4,0,2.8988964413608294e-09,0
site_18456,4,0,6.806208142955985e-07,0
site_10791,4,0,6.214749327784569e-07,0
site_14752,4,0,5.367231006879526e-07,0
site_12263,4,1,0.9999999970572793,1
site_01525,4,0,4.7223060745445994e-08,0
site_07980,4,0,1.0790598353835101e-06,0
site_21067,4,0,1.074348106514749e-06,0
site_13115,4,1,0.9999999963464703,1
site_16415,4,0,5.344313257416124e-07,0
site_21368,4,1,0.9999999972047402,1
site_04738,4,0,3.581072842851852e-10,0
site_13314,4,0,9.935260813180943e-07,0
site_16974,4,0,1.985414659861389e-06,0
site_14879,4,0,3.4963087587945015e-07,0
site_08991,4,0,4.5659474412250485e-10,0
site_15594,4,0,5.606312173259244e-07,0
site_14745,4,0,1.001860171406748e-06,0
site_12656,4,0,9.665340148491818e-07,0
site_07505,4,0,6.806208142955985e-07,0
site_14810,4,0,2.2076694256041623e-09,0
site_16184,4,1,0.9999999995003788,1
site_01071,4,0,9.665340148491818e-07,0
site_20569,4,0,1.3735354476005542e-09,0
site_17773,4,0,1.835282652354106e-08,0
site_20401,4,0,1.001860171406748e-06,0
site_01466,4,0,1.566478707467739e-07,0
site_17727,4,0,1.592016639797024e-06,0
site_15429,4,0,6.214749327784569e-07,0
site_14976,4,0,5.876953067474873e-07,0
site_03828,4,0,2.2528207922928315e-07,0
site_15180,4,0,2.2076694256041623e-09,0
site_03534,4,1,0.9999999995115414,1
site_04358,4,0,2.458541678493186e-07,0
site_03634,4,0,3.4963087587945015e-07,0
site_21505,4,0,2.2076694256041623e-09,0
site_17887,4,0,7.744984856404251e-07,0
site_19902,4,0,5.013891209996407e-10,0
site_04747,4,0,3.4963087587945015e-07,0
site_14304,4,0,2.4433306403168586e-09,0
site_18572,4,0,6.806208142955985e-07,0
site_18087,4,0,4.6165959936545756e-10,0
site_19888,4,0,6.214749327784569e-07,0
site_03805,4,0,9.935260813180943e-07,0
site_00116,4,0,5.657290417703726e-09,0
site_20677,4,1,0.9999999993460105,1
site_07378,4,0,6.214749327784569e-07,0
site_21486,4,0,5.344313257416124e-07,0
site_08988,4,0,6.214749327784569e-07,0
site_06265,4,0,6.932881444475667e-07,0
site_01257,4,0,2.395200419721706e-09,0
site_00799,4,0,5.344313257416124e-07,0
site_12715,4,0,5.778729821439936e-07,0
site_15415,4,0,5.344313257416124e-07,0
site_13814,4,0,3.4963087587945015e-07,0
site_16450,4,0,2.2076694256041623e-09,0
site_07480,4,0,9.666113175069872e-10,0
site_13925,4,0,6.214749327784569e-07,0
site_16409,4,0,6.214749327784569e-07,0
site_10102,4,0,2.133914763878005e-06,0
site_00580,4,0,7.257536598407684e-07,0
site_05529,4,0,1.592016639797024e-06,0
site_16026,4,0,5.344313257416124e-07,0
site_15408,4,0,1.0790598353835101e-06,0
site_21514,4,0,4.5659474412250485e-10,0
site_03693,4,0,8.171481873470131e-07,0
site_09614,4,0,1.0550193000921891e-06,0
site_05838,4,0,1.592016639797024e-06,0
site_14844,4,0,5.344313257416124e-07,0
site_02714,4,1,0.9999999990498967,1
site_09553,4,0,2.4433306403168586e-09,0
site_16691,4,0,1.2069953660461177e-06,0
site_06341,4,0,3.287622321829524e-07,0
site_05374,4,0,7.10104153489101e-07,0
site_04783,4,0,2.4433306403168586e-09,0
site_03616,4,0,5.344313257416124e-07,0
site_00051,4,0,4.5282474639875496e-07,0
site_17000,4,0,7.257536598407684e-07,0
site_04539,4,0,7.257536598407684e-07,0
site_14292,4,0,3.287622321829524e-07,0
site_16987,4,0,9.665340148491818e-07,0
site_14970,4,0,9.288046558190964e-07,0
site_10371,4,1,0.9999999989438118,1
site_00093,4,0,5.657290417703726e-09,0
site_00826,4,0,6.053788913141108e-07,0
site_07751,4,0,5.367231006879526e-07,0
site_03250,4,0,5.344313257416124e-07,0
site_03817,4,0,5.367231006879526e-07,0
site_11842,4,0,9.799736201088655e-07,0
site_06476,4,0,2.2076694256041623e-09,0
site_00526,4,0,2.2076694256041623e-09,0
site_01269,4,0,8.171481873470131e-07,0
site_07651,4,0,9.945405230813005e-10,0
site_19183,4,1,0.9999999997572804,1
site_12545,4,0,2.4433306403168586e-09,0
site_10721,4,1,0.9999999995590936,1
site_18840,4,1,0.9999999987276278,1
site_03842,4,0,1.2069953660461177e-06,0
site_01850,4,0,5.344313257416124e-07,0
site_11262,4,0,2.133914763878005e-06,0
site_13121,4,1,0.9999999431315153,1
site_04100,4,0,5.314622520574823e-10,0
site_09247,4,1,0.9999999996451074,1
site_01219,4,0,5.402653042022405e-07,0
site_11580,4,0,4.5354610843998904e-07,0
site_02786,4,1,0.9999999993736679,1
site_18352,4,0,3.4963087587945015e-07,0
site_02128,4,0,5.591621658740038e-07,0
site_15077,4,0,9.192024607170885e-07,0
site_13470,4,0,4.5659474412250485e-10,0
site_03142,4,0,9.956059411727666e-09,0
site_10410,4,0,6.214749327784569e-07,0
site_16252,4,1,0.9999999994727982,1
site_15536,4,0,4.7573334183034e-10,0
site_04171,4,0,1.2069953660461177e-06,0
site_07372,4,0,2.2076694256041623e-09,0
site_04302,4,0,6.214749327784569e-07,0
site_04903,4,0,6.369253286109675e-07,0
site_09950,4,0,9.956059411727666e-09,0
site_15336,4,0,3.4963087587945015e-07,0
site_17305,4,0,9.753706584577523e-10,0
site_18190,4,0,5.876953067474873e-07,0
site_14046,4,0,4.5659474412250485e-10,0
site_10545,4,0,5.344313340775146e-07,0
site_10344,4,0,1.8933258972882845e-10,0
site_18032,4,0,1.2069953660461177e-06,0
site_15598,4,0,6.806208142955985e-07,0
site_19709,4,0,5.013891209996407e-10,0
site_18151,4,0,6.643043856959988e-10,0
site_08679,4,0,2.4433306403168586e-09,0
site_06168,4,0,9.753706584577523e-10,0
site_16891,4,0,4.5659474412250485e-10,0
site_03311,4,0,2.2076694256041623e-09,0
site_02468,4,0,8.499340465138453e-07,0
site_09551,4,0,1.0790598353835101e-06,0
site_05525,4,0,4.6165959936545756e-10,0
site_04989,4,0,1.0790598353835101e-06,0
site_08776,4,0,1.001860171406748e-06,0
site_04628,4,0,1.592016639797024e-06,0
site_06798,4,0,2.4433306403168586e-09,0
site_09629,4,0,3.9703436733993367e-05,0
site_13671,4,0,3.4963087587945015e-07,0
site_04846,4,0,1.1442119408419494e-06,0
site_06111,4,0,2.344084162620111e-07,0
site_17063,4,0,2.4433306403168586e-09,0
site_00221,4,0,3.056123651313079e-07,0
site_17643,4,0,4.4816372650632e-09,0
site_06095,4,0,2.2076694256041623e-09,0
site_03794,4,0,2.877965799321546e-10,0
site_01823,4,0,1.001860171406748e-06,0
site_05590,4,0,5.734927766430627e-07,0
site_02988,4,0,3.634319558255551e-09,0
site_06822,4,0,7.797806295971449e-07,0
site_13140,4,0,3.4963087587945015e-07,0
site_05444,4,0,3.981746882151315e-08,0
site_07059,4,0,3.4963087587945015e-07,0
site_20352,4,0,5.203946314644776e-07,0
site_18882,4,0,6.214749327784569e-07,0
site_16589,4,0,8.171481873470131e-07,0
site_04828,4,0,3.4963087587945015e-07,0
site_01755,4,0,1.2069953660461177e-06,0
site_06721,4,0,1.001860171406748e-06,0
site_03462,4,1,0.9999999941451934,1
site_00366,4,0,1.9650065458434353e-06,0
site_13041,4,0,4.7573334183034e-10,0
site_08685,4,0,6.806208142955985e-07,0
site_13317,4,0,5.344313257416124e-07,0
site_09916,4,0,2.2076694256041623e-09,0
site_21498,4,0,1.2069953660461177e-06,0
site_08695,4,0,3.4963087587945015e-07,0
site_13955,4,0,5.734927766430627e-07,0
site_05786,4,0,1.1213224871316161e-06,0
site_16973,4,0,1.985414659861389e-06,0
site_07733,4,0,3.4963087587945015e-07,0
site_04733,4,0,2.2076694256041623e-09,0
site_19291,4,0,2.4433306403168586e-09,0
site_12828,4,0,6.932881444475667e-07,0
site_11999,4,1,0.999999999570444,1
site_20962,4,0,1.074348106514749e-06,0
site_06753,4,0,7.257536598407684e-07,0
site_08163,4,0,2.6978211759360575e-07,0
site_16776,4,0,2.344084162620111e-07,0
site_02938,4,1,0.9999999974335516,1
site_13729,4,0,6.053788913141108e-07,0
site_10486,4,0,2.133914763878005e-06,0
site_03532,4,1,0.9999999964827366,1
site_20864,4,0,9.288046558190964e-07,0
site_08308,4,0,4.7573334183034e-10,0
site_10158,4,0,5.344313257416124e-07,0
site_17808,4,0,2.8988964413608294e-09,0
site_00940,4,0,1.1636889737737497e-06,0
site_02565,4,0,8.171481873470131e-07,0
site_11105,4,1,0.9999999997793387,1
site_18336,4,0,6.214749327784569e-07,0
site_02225,4,0,9.917586947352994e-09,0
site_14866,4,0,2.2076694256041623e-09,0
site_13634,4,0,2.395200419721706e-09,0
site_02924,4,0,6.369253286109675e-07,0
site_14225,4,0,2.4433306403168586e-09,0
site_06986,4,0,5.06514619643943e-07,0
site_02693,4,0,1.592016639797024e-06,0
site_06473,4,0,3.4963087587945015e-07,0
site_01351,4,1,0.9999999981959795,1
site_15197,4,0,1.0790598353835101e-06,0
site_01426,4,0,1.4435831388190341e-05,0
site_20972,4,0,3.287622321829524e-07,0
site_18250,4,0,5.876953067474873e-07,0
site_17483,4,0,4.2743762763069764e-10,0
site_11798,4,0,6.053788913141108e-07,0
site_05739,4,0,6.053788913141108e-07,0
site_17599,4,0,5.876953067474873e-07,0
site_05803,4,0,7.144560143570119e-07,0
site_05646,4,1,0.9999999996943512,1
site_16771,4,0,2.4433306403168586e-09,0
site_20805,4,0,5.203946314644776e-07,0
site_02117,4,1,0.9999999994585942,1
site_16955,4,0,2.2076694256041623e-09,0
site_11266,4,0,1.8958443170413528e-06,0
site_06984,4,0,1.0790598353835101e-06,0
site_10967,4,0,9.019413548688373e-06,0
site_14846,4,0,7.257536598407684e-07,0
site_05776,4,0,5.876953067474873e-07,0
site_02615,4,1,0.9999999994295423,1
site_04015,4,0,5.344313257416124e-07,0
site_16885,4,0,1.2069953660461177e-06,0
site_11872,4,1,0.9999999992792525,1
site_11859,4,1,0.9999999994295423,1
site_06230,4,0,4.6165959936545756e-10,0
site_07910,4,0,7.144560143570119e-07,0
site_12740,4,0,5.344313257416124e-07,0
site_18771,4,0,1.1442119408419494e-06,0
site_02029,4,0,6.214749327784569e-07,0
site_05916,4,0,6.369253286109675e-07,0
site_01504,4,0,2.9178922579535188e-06,0
site_05022,4,0,6.053788913141108e-07,0
site_01641,4,0,9.753706584577523e-10,0
site_02056,4,1,0.9999999991328885,1
site_17795,4,0,2.2076694256041623e-09,0
site_06054,4,0,6.214749327784569e-07,0
site_02524,4,0,6.214749327784569e-07,0
site_01033,4,1,0.9999999836339384,1
site_01707,4,0,4.6165959936545756e-10,0
site_10169,4,0,7.144560143570119e-07,0
site_20959,4,1,0.999999926601456,1
site_00388,4,1,0.99999999935355,1
site_00008,4,0,4.5282474639875496e-07,0
site_10249,4,1,0.999999999641979,1
site_20733,4,1,0.9999999997514404,1
site_13711,4,0,9.935260813180943e-07,0
site_17412,4,0,6.369253286109675e-07,0
site_11683,4,0,7.317854590228997e-07,0
site_02104,4,1,0.9999999995291746,1
site_06661,4,0,7.257536598407684e-07,0
site_13834,4,0,6.806208467133407e-07,0
site_20180,4,0,3.4963087587945015e-07,0
site_18625,4,0,5.367231006879526e-07,0
site_04280,4,0,6.053788913141108e-07,0
site_13082,4,0,7.257536598407684e-07,0
site_09561,4,0,9.855397742678738e-08,0
site_00099,4,0,2.771008034963932e-07,0
site_02003,4,0,7.144560143570119e-07,0
site_04630,4,0,2.4433306403168586e-09,0
site_02973,4,0,7.144560143570119e-07,0
site_17092,4,0,5.344313257416124e-07,0
site_16671,4,1,0.9999999994727988,1
site_11186,4,0,2.6978211759360575e-07,0
site_05946,4,0,3.4963087587945015e-07,0
site_01894,4,0,9.956059411727666e-09,0
site_00710,4,0,8.395703870134471e-07,0
site_01693,4,0,4.6165959936545756e-10,0
site_19222,4,0,9.665340148491818e-07,0
site_09903,4,0,6.369253286109675e-07,0
site_18602,4,0,2.4433306403168586e-09,0
site_00719,4,0,6.214749327784569e-07,0
site_01084,4,0,2.4433306403168586e-09,0
site_09359,4,0,5.06514619643943e-07,0
site_03083,4,0,2.344084162620111e-07,0
site_18086,4,0,2.6978211759360575e-07,0
site_01965,4,0,5.591621658740038e-07,0
site_03200,4,0,2.2076694256041623e-09,0
site_01193,4,0,4.6165959936545756e-10,0
site_01482,4,0,5.344313257416124e-07,0
site_00174,4,0,5.657290417703726e-09,0
site_00883,4,0,3.4963087587945015e-07,0
site_21443,4,0,5.734927766430627e-07,0
site_07956,4,0,3.4963087587945015e-07,0
site_20863,4,0,1.9650065458434353e-06,0
site_01191,4,0,8.171481873470131e-07,0
site_19543,4,0,1.2069953660461177e-06,0
site_13773,4,0,6.643043856959988e-10,0
site_10264,4,0,4.565947154386368e-10,0
site_08672,4,0,5.606312173259244e-07,0
site_05765,4,0,2.2076694256041623e-09,0
site_11309,4,0,6.643043856959988e-10,0
site_14675,4,0,7.257536598407684e-07,0
site_11347,4,0,2.4433306403168586e-09,0
site_07853,4,0,9.956059411727666e-09,0
site_00037,4,1,0.9999999995799722,1
site_18270,4,0,8.122488211583567e-07,0
site_01425,4,1,0.9999918501372814,1
site_09596,4,0,6.447809183398433e-07,0
site_17982,4,0,6.806208142955985e-07,0
site_06594,4,0,5.908061971252722e-10,0
site_09861,4,1,0.9999999997710667,1
site_19695,4,0,1.1636889737737497e-06,0
site_06581,4,0,1.2244104667455416e-06,0
site_19747,4,0,5.203946314644776e-07,0
site_16548,4,0,6.961979949841114e-07,0
site_21146,4,0,1.2244104667455416e-06,0
site_17291,4,0,2.395200419721706e-09,0
site_16938,4,0,2.458541678493186e-07,0
site_03606,4,1,0.9999999985258721,1
site_03220,4,1,0.9999997208701916,1
site_11910,4,0,1.001860171406748e-06,0
site_06691,4,0,9.935260813180943e-07,0
site_13022,4,0,2.4433306403168586e-09,0
site_13134,4,0,6.806208142955985e-07,0
site_03210,4,1,0.9999999994386761,1
site_14084,4,0,3.4963087587945015e-07,0
site_10017,4,0,9.956059411727666e-09,0
site_09769,4,0,4.6165959936545756e-10,0
site_14497,4,0,9.956059411727666e-09,0
site_17669,4,0,1.592016639797024e-06,0
site_02791,4,0,6.214749327784569e-07,0
site_11778,4,0,2.4433306403168586e-09,0
site_06151,4,0,3.7953151008219766e-09,0
site_18053,4,0,1.3735354476005542e-09,0
site_18892,4,0,5.344313257416124e-07,0
site_16780,4,0,7.797806295971449e-07,0
site_08970,4,0,3.4963087587945015e-07,0
site_16804,4,1,0.9999999993220849,1
site_01272,4,0,1.2069953660461177e-06,0
site_12280,4,0,3.4963087587945015e-07,0
site_17876,4,0,6.214749327784569e-07,0
site_09376,4,0,2.8988964413608294e-09,0
site_20252,4,0,6.214749327784569e-07,0
site_03610,4,1,0.9999999981642334,1
site_04389,4,0,8.395703870134471e-07,0
site_13579,4,0,1.001860171406748e-06,0
site_20692,4,0,3.4963087587945015e-07,0
site_13645,4,0,7.257536598407684e-07,0
site_00895,4,0,4.2743762763069764e-10,0
site_09378,4,0,6.053788913141108e-07,0
site_01592,4,0,9.917586947352994e-09,0
site_20273,4,1,0.9999999994840549,1
site_07730,4,0,1.001860171406748e-06,0
site_07104,4,0,1.001860171406748e-06,0
site_17569,4,0,1.2923328571062682e-09,0
site_16490,4,1,0.9999999996068463,1
site_07736,4,0,1.001860171406748e-06,0
site_12500,4,0,4.3429496239122425e-07,0
site_00062,4,1,0.9999999993902791,1
site_08256,4,0,2.2076694256041623e-09,0
site_19272,4,0,3.4963087587945015e-07,0
site_02739,4,0,7.744984856404251e-07,0
site_00459,4,0,4.265906152454216e-07,0
site_12710,4,0,6.214749327784569e-07,0
site_13453,4,0,1.001860171406748e-06,0
site_21245,4,0,8.395703870134471e-07,0
site_14631,4,0,1.0790598353835101e-06,0
site_12631,4,1,0.9999998254909985,1
site_05324,4,0,9.192024607170885e-07,0
site_03582,4,0,9.068608351406405e-07,0
site_14881,4,0,5.344313257416124e-07,0
site_05668,4,0,6.053788913141108e-07,0
site_09225,4,0,5.663595657559834e-07,0
site_12025,4,0,8.122488211583567e-07,0
site_11079,4,0,3.4963087587945015e-07,0
site_11962,4,0,7.144560143570119e-07,0
site_12949,4,0,9.73912666745641e-07,0
site_07333,4,0,5.344313257416124e-07,0
site_18734,4,0,2.2076694256041623e-09,0
site_03038,4,0,6.214749327784569e-07,0
site_00200,4,0,6.806208142955985e-07,0
site_09689,4,0,2.2076694256041623e-09,0
site_05352,4,0,6.806208142955985e-07,0
site_19948,4,0,5.344313340775146e-07,0
site_01695,4,0,7.257536598407684e-07,0
site_19358,4,0,2.8988964413608294e-09,0
site_17639,4,0,2.2705382363612014e-08,0
site_11434,4,0,6.289003180658171e-07,0
site_16005,4,0,2.2076694256041623e-09,0
site_20946,4,0,5.781701030189942e-07,0
site_00927,4,0,3.398421191446698e-09,0
site_11955,4,0,3.634319558255551e-09,0
site_06886,4,0,8.969260261892e-07,0
site_03724,4,0,3.4963087587945015e-07,0
site_09962,4,0,3.4963087587945015e-07,0
site_02482,4,1,0.9999999995832423,1
site_09384,4,0,1.0790598353835101e-06,0
site_09566,4,0,1.2069953660461177e-06,0
site_21197,4,1,0.9999999993616191,1
site_18040,4,0,6.214749327784569e-07,0
site_10313,4,0,2.2076694256041623e-09,0
site_12004,4,0,2.133914763878005e-06,0
site_08525,4,0,5.344313257416124e-07,0
site_16292,4,0,5.344313257416124e-07,0
site_13876,4,0,3.4963087587945015e-07,0
site_06952,4,0,9.495019996550343e-07,0
site_19906,4,0,6.214749327784569e-07,0
site_13164,4,0,4.6165959936545756e-10,0
site_19735,4,1,0.9999999996179685,1
site_04377,4,0,6.214749327784569e-07,0
site_02493,4,0,2.2528207922928315e-07,0
site_13884,4,0,2.4433306403168586e-09,0
site_10447,4,0,9.192024607170885e-07,0
site_06475,4,0,9.73912666745641e-07,0
site_13304,4,0,6.686997703923835e-07,0
site_00224,4,1,0.9999999316186226,1
site_16163,4,0,2.3675401353222607e-06,0
site_10299,4,0,3.4963087587945015e-07,0
site_17838,4,0,2.4433306403168586e-09,0
site_18175,4,0,5.438416915315726e-07,0
site_03978,4,0,3.634319558255551e-09,0
site_07430,4,0,3.4963087587945015e-07,0
site_08327,4,0,6.686997703923835e-07,0
site_01287,4,1,0.9999999876324287,1
site_04558,4,0,4.6165959936545756e-10,0
site_03396,4,1,0.9999999989001407,1
site_16904,4,0,2.2076694256041623e-09,0
site_08936,4,0,5.926217968602818e-10,0
site_11160,4,0,6.214749460815923e-07,0
site_09571,4,0,1.2069953660461177e-06,0
site_04187,4,0,2.4433306403168586e-09,0
site_12837,4,0,9.665340148491818e-07,0
site_14481,4,0,1.3735354476005542e-09,0
site_12288,4,0,2.4433306403168586e-09,0
site_09924,4,0,6.806208142955985e-07,0
site_05816,4,1,0.9999999996542537,1
site_19883,4,0,9.935260813180943e-07,0
site_16048,4,0,7.861267408709861e-05,0
site_09006,4,0,2.963478518141219e-10,0
site_20476,4,1,0.9999999997459266,1
site_05366,4,0,1.551877220380478e-06,0
site_11905,4,0,1.0790598353835101e-06,0
site_18507,4,0,9.753706584577523e-10,0
site_18650,4,0,1.0790598353835101e-06,0
site_07902,4,0,1.2069953660461177e-06,0
site_15607,4,0,2.8988964413608294e-09,0
site_04222,4,0,2.2528207922928315e-07,0
site_02645,4,0,4.5659474412250485e-10,0
site_20392,4,0,2.4433306403168586e-09,0
site_16421,4,0,2.2076694256041623e-09,0
site_11984,4,0,1.1117976670277692e-08,0
site_06746,4,0,9.855397742678738e-08,0
site_11386,4,0,1.2291506344180485e-06,0
site_14627,4,0,1.2923328571062682e-09,0
site_12026,4,0,2.344084162620111e-07,0
site_16767,4,0,9.192024607170885e-07,0
site_11480,4,0,9.753706584577523e-10,0
site_08753,4,0,5.344313257416124e-07,0
site_19342,4,0,2.4433306403168586e-09,0
site_00645,4,0,9.956059411727666e-09,0
site_18819,4,0,9.192024607170885e-07,0
site_08149,4,0,9.956059411727666e-09,0
site_01609,4,0,6.932881444475667e-07,0
site_11569,4,0,2.133914763878005e-06,0
site_20749,4,0,5.203946314644776e-07,0
site_02487,4,0,1.0628845312433715e-07,0
site_21057,4,1,0.9999999972047402,1
site_03648,4,0,6.699635699879996e-07,0
site_20617,4,0,5.203946314644776e-07,0
site_13803,4,0,3.581072842851852e-10,0
site_00450,4,0,4.6165959936545756e-10,0
site_04250,4,0,1.001860171406748e-06,0
site_08884,4,0,4.5659474412250485e-10,0
site_05434,4,0,6.806208142955985e-07,0
site_01927,4,1,0.9999999995481483,1
site_18322,4,0,8.395703870134471e-07,0
site_15247,4,0,8.426332501277499e-07,0
site_00313,4,0,3.4963087587945015e-07,0
site_04816,4,0,3.4963087587945015e-07,0
site_06101,4,0,6.214749327784569e-07,0
site_13980,4,0,5.344313340775146e-07,0
site_09847,4,1,0.999999999570444,1
site_06417,4,0,8.122488211583567e-07,0
site_00841,4,0,5.013891209996407e-10,0
site_17131,4,1,0.9999999968966793,1
site_08606,4,0,3.4963087587945015e-07,0
site_19478,4,0,2.4433306403168586e-09,0
site_05070,4,0,5.367231006879526e-07,0
site_10336,4,0,6.806208142955985e-07,0
site_16724,4,1,0.9999996659904614,1
site_03930,4,0,3.981746882151315e-08,0
site_20167,4,0,2.8988964413608294e-09,0
site_12393,4,1,0.999999999570444,1
site_03726,4,0,1.0790598353835101e-06,0
site_08821,4,0,3.4963087587945015e-07,0
site_06198,4,0,9.956059411727666e-09,0
site_15166,4,0,4.565947154386368e-10,0
site_14449,4,0,2.3584395454483237e-07,0
site_07350,4,0,3.4963087587945015e-07,0
site_19851,4,0,3.4963087587945015e-07,0
site_09471,4,0,1.0790598353835101e-06,0
site_18126,4,0,5.876953067474873e-07,0
site_02935,4,0,5.344313257416124e-07,0
site_16578,4,0,5.344313257416124e-07,0
site_06560,4,0,6.806208467133407e-07,0
site_17549,4,0,3.7953151008219766e-09,0
site_03856,4,0,3.4963087587945015e-07,0
site_05408,4,0,1.2069953660461177e-06,0
site_00983,4,0,5.344313257416124e-07,0
site_16984,4,0,6.806208142955985e-07,0
site_12863,4,1,0.9999991681391313,1
site_20404,4,1,0.999999999707778,1
site_19382,4,1,0.9999999993579365,1
site_07996,4,0,3.4963087587945015e-07,0
site_02084,4,0,3.981746882151315e-08,0
site_01694,4,0,5.344313257416124e-07,0
site_15587,4,0,1.2069953660461177e-06,0
site_07225,4,0,6.214749327784569e-07,0
site_18043,4,0,4.5659474412250485e-10,0
site_12325,4,0,5.344313257416124e-07,0
site_20355,4,0,5.203946314644776e-07,0
site_12932,4,0,5.367231006879526e-07,0
site_00845,4,0,3.4963087587945015e-07,0
site_16103,4,0,5.367231006879526e-07,0
site_00877,4,0,2.8988964413608294e-09,0
site_02109,4,0,1.985414659861389e-06,0
site_13406,4,0,5.344313257416124e-07,0
site_17469,4,0,7.144560143570119e-07,0
site_08300,4,0,7.144560143570119e-07,0
site_04654,4,0,9.753706584577523e-10,0
site_09805,4,0,5.367231006879526e-07,0
site_11935,4,0,5.344313257416124e-07,0
site_02601,4,1,0.9999999993436972,1
site_20175,4,0,6.214749327784569e-07,0
site_20323,4,0,5.344313257416124e-07,0
site_13943,4,0,8.171481873470131e-07,0
site_00323,4,0,6.806208142955985e-07,0
site_09402,4,0,8.125476382712356e-10,0
site_00133,4,0,7.797806295971449e-07,0
site_02637,4,0,6.447809183398433e-07,0
site_06277,4,0,6.214749327784569e-07,0
site_03309,4,0,6.699635699879996e-07,0
site_11941,4,0,2.2076694256041623e-09,0
site_18145,4,0,8.395703870134471e-07,0
site_02992,4,1,0.9999999994057831,1
site_21159,4,1,0.9999999993460105,1
site_17689,4,0,4.5659474412250485e-10,0
site_14494,4,0,4.565947154386368e-10,0
site_12424,4,0,5.367231006879526e-07,0
site_17464,4,0,8.171481873470131e-07,0
site_03241,4,0,7.144560143570119e-07,0
site_15273,4,0,2.4433306403168586e-09,0
site_21410,4,1,0.9999999997451523,1
site_11391,4,0,9.917586947352994e-09,0
site_12938,4,0,8.969260261892e-07,0
site_08856,4,0,2.2076694256041623e-09,0
site_13589,4,0,1.0965054679466754e-09,0
site_02512,4,0,7.257536598407684e-07,0
site_08900,4,0,2.4433306403168586e-09,0
site_00367,4,0,4.6165959936545756e-10,0
site_10662,4,0,5.876953067474873e-07,0
site_09290,4,0,6.643043856959988e-10,0
site_19816,4,0,2.8988964413608294e-09,0
site_02928,4,0,5.438416915315726e-07,0
site_17349,4,0,4.565947154386368e-10,0
site_07714,4,0,9.192024607170885e-07,0
site_17629,4,0,1.753183944814921e-08,0
site_12825,4,0,9.665340148491818e-07,0
site_12131,4,1,0.9999999993565691,1
site_05300,4,0,1.551877220380478e-06,0
site_07841,4,0,3.4963087587945015e-07,0
site_08164,4,0,2.8988964413608294e-09,0
site_02350,4,0,1.7639116150392948e-06,0
site_13236,4,0,9.73912666745641e-07,0
site_13410,4,0,9.753706584577523e-10,0
site_16196,4,0,5.734927766430627e-07,0
site_12056,4,0,2.2076694256041623e-09,0
site_04502,4,0,1.592016639797024e-06,0
site_08891,4,0,5.908061971252722e-10,0
site_05432,4,0,5.344313257416124e-07,0
site_10444,4,0,6.214749327784569e-07,0
site_16465,4,0,1.592016639797024e-06,0
site_17992,4,0,1.0790598353835101e-06,0
site_19236,4,0,2.440126169886319e-10,0
site_03423,4,0,9.753706584577523e-10,0
site_04135,4,0,3.4963087587945015e-07,0
site_04194,4,0,2.8988964413608294e-09,0
site_05900,4,0,1.2069953660461177e-06,0
site_08120,4,0,5.367231006879526e-07,0
site_21439,4,0,5.344313257416124e-07,0
site_15576,4,0,9.288046558190964e-07,0
site_08699,4,0,3.981746882151315e-08,0
site_04791,4,0,6.214749327784569e-07,0
site_18518,4,0,5.344313257416124e-07,0
site_03221,4,1,0.9999292704748004,1
site_06112,4,0,3.4963087587945015e-07,0
site_00575,4,0,6.806208142955985e-07,0
site_17010,4,0,6.053788913141108e-07,0
site_05196,4,0,1.2069953660461177e-06,0
site_17765,4,0,8.122488211583567e-07,0
site_20580,4,0,4.5659474412250485e-10,0
site_03615,4,0,5.344313257416124e-07,0
site_21107,4,0,6.214749327784569e-07,0
site_05206,4,0,6.214749327784569e-07,0
site_13893,4,0,1.001860171406748e-06,0
site_20417,4,0,1.074348106514749e-06,0
site_00535,4,0,5.591621658740038e-07,0
site_18483,4,0,8.171481873470131e-07,0
site_16442,4,1,0.9999999995987541,1
site_04645,4,0,1.001860171406748e-06,0
site_04067,4,0,2.4433306403168586e-09,0
site_12230,4,0,6.214749327784569e-07,0
site_07149,4,0,2.0333877153147976e-06,0
site_13212,4,0,6.806208142955985e-07,0
site_10107,4,0,2.133914763878005e-06,0
site_19626,4,0,2.8988964413608294e-09,0
site_07271,4,0,1.2797523251281728e-06,0
site_19611,4,0,2.4433306403168586e-09,0
site_15287,4,0,2.3675401353222607e-06,0
site_12448,4,0,7.257536598407684e-07,0
site_00709,4,0,2.4433306403168586e-09,0
site_06919,4,0,3.4963087587945015e-07,0
site_05463,4,0,2.2528207922928315e-07,0
site_07725,4,0,9.935260813180943e-07,0
site_20206,4,1,0.9999999883369927,1
site_07022,4,0,3.981746882151315e-08,0
site_12463,4,0,1.3735354476005542e-09,0
site_20478,4,1,0.9999999997572797,1
site_06257,4,0,6.214749327784569e-07,0
site_11064,4,0,9.666113175069872e-10,0
site_03283,4,0,5.734927766430627e-07,0
site_01340,4,0,7.797806295971449e-07,0
site_15791,4,0,6.214749327784569e-07,0
site_00859,4,0,1.2092712406194406e-05,0
site_11303,4,0,2.8988964413608294e-09,0
site_05701,4,1,0.9999999995360747,1
site_18721,4,0,1.0790598353835101e-06,0
site_19335,4,0,3.4963087587945015e-07,0
site_07470,4,0,5.344313257416124e-07,0
site_16284,4,0,5.344313257416124e-07,0
site_20919,4,0,2.6978211759360575e-07,0
site_08418,4,0,9.753706584577523e-10,0
site_04877,4,0,2.4433306403168586e-09,0
site_17785,4,0,5.344313257416124e-07,0
site_02920,4,0,5.876953067474873e-07,0
site_13726,4,0,2.2076694256041623e-09,0
site_06353,4,0,1.2069953660461177e-06,0
site_09467,4,0,6.214749327784569e-07,0
site_08882,4,0,2.0692924278822076e-10,0
site_14297,4,0,5.876953067474873e-07,0
site_00680,4,0,5.591621658740038e-07,0
site_08892,4,0,3.4963087587945015e-07,0
site_15797,4,0,6.214749327784569e-07,0
site_11831,4,0,9.784649122377965e-07,0
site_18208,4,0,8.426332501277499e-07,0
site_20700,4,0,9.666113175069872e-10,0
site_09961,4,0,5.367231006879526e-07,0
site_02078,4,0,2.2076694256041623e-09,0
site_08641,4,0,4.6165959936545756e-10,0
site_05469,4,0,5.438416915315726e-07,0
site_20839,4,0,8.395703870134471e-07,0
site_09505,4,1,0.9999999994152777,1
site_00599,4,0,2.2076694256041623e-09,0
site_17463,4,0,7.797806295971449e-07,0
site_20955,4,0,1.2661515543112931e-06,0
site_17514,4,0,9.495019996550343e-07,0
site_18312,4,0,1.0790598353835101e-06,0
site_16574,4,0,1.9650065458434353e-06,0
site_05414,4,0,5.592779397073886e-10,0
site_21008,4,1,0.9999999997083016,1
site_16604,4,1,0.9999998173903752,1
site_19847,4,0,1.2244104667455416e-06,0
site_10934,4,0,9.666113175069872e-10,0
site_14124,4,0,9.935260813180943e-07,0
site_20290,4,0,2.2076694256041623e-09,0
site_20003,4,0,5.203946314644776e-07,0
site_17735,4,0,4.6165959936545756e-10,0
site_15561,4,0,1.2069953660461177e-06,0
site_17947,4,0,4.5659474412250485e-10,0
site_15457,4,0,5.344313257416124e-07,0
site_01514,4,0,7.144560143570119e-07,0
site_21312,4,0,5.402653042022405e-07,0
site_12918,4,0,9.192024607170885e-07,0
site_15593,4,0,8.969260261892e-07,0
site_17855,4,0,6.214749327784569e-07,0
site_19456,4,1,0.9999999992254172,1
site_19114,4,1,0.9999999986867887,1
site_15663,4,0,8.395703870134471e-07,0
site_18824,4,0,3.4963087587945015e-07,0
site_07074,4,0,1.5153361407049042e-10,0
site_21232,4,1,0.9999999985715651,1
site_12243,4,0,2.344084162620111e-07,0
site_21326,4,1,0.9999999995139564,1
site_00100,4,0,2.5642156746390235e-07,0
site_08956,4,0,1.2244104667455416e-06,0
site_00803,4,0,7.797806295971449e-07,0
site_02503,4,0,7.257536598407684e-07,0
site_08191,4,0,2.458541678493186e-07,0
site_08504,4,0,1.6067518424657453e-06,0
site_08999,4,0,9.945405230813005e-10,0
site_16687,4,0,3.4963087587945015e-07,0
site_18023,4,0,7.797806295971449e-07,0
site_04476,4,0,9.956059411727666e-09,0
site_03670,4,0,6.214749327784569e-07,0
site_21221,4,1,0.9999999993012356,1
site_12384,4,1,0.9999999995857227,1
site_14769,4,0,6.806208142955985e-07,0
site_00331,4,0,5.657290417703726e-09,0
site_11052,4,0,1.001860171406748e-06,0
site_14928,4,0,1.001860171406748e-06,0
site_14393,4,0,5.876953067474873e-07,0
site_06629,4,0,1.592016639797024e-06,0
site_06098,4,0,7.144560143570119e-07,0
site_19233,4,0,8.171481873470131e-07,0
site_02399,4,0,1.002599160715463e-06,0
site_12626,4,1,0.999999813132901,1
site_16556,4,1,0.9999999995211393,1
site_19091,4,0,5.344313257416124e-07,0
site_07258,4,0,3.4963087587945015e-07,0
site_03284,4,0,5.367231006879526e-07,0
site_02295,4,0,2.133914763878005e-06,0
site_15020,4,0,3.4963087587945015e-07,0
site_10584,4,0,5.367231006879526e-07,0
site_16471,4,0,4.6165959936545756e-10,0
site_13399,4,0,2.2076694256041623e-09,0
site_03387,4,0,7.943760358991446e-07,0
site_17070,4,1,0.9999999873231779,1
site_07593,4,0,2.2076694256041623e-09,0
site_01418,4,0,6.369253286109675e-07,0
site_13160,4,0,4.5659474412250485e-10,0
site_02630,4,0,4.6165959936545756e-10,0
site_11844,4,0,9.799736201088655e-07,0
site_04172,4,0,2.2076694256041623e-09,0
site_11646,4,0,2.4433306403168586e-09,0
site_01261,4,0,9.753706584577523e-10,0
site_07790,4,0,6.806208142955985e-07,0
site_04144,4,0,9.935260813180943e-07,0
site_03293,4,0,1.2923328571062682e-09,0
site_17829,4,0,1.8623931428394887e-08,0
site_19571,4,0,2.877965799321546e-10,0
site_11261,4,0,2.133914763878005e-06,0
site_20616,4,1,0.9999998248624782,1
site_18574,4,0,1.1636889737737497e-06,0
site_01064,4,1,0.9999999994727982,1
site_11665,4,0,4.6165959936545756e-10,0
site_20082,4,0,1.2244104667455416e-06,0
site_03242,4,0,8.395703870134471e-07,0
site_14240,4,0,2.395200419721706e-09,0
site_04268,4,0,9.192024607170885e-07,0
site_20814,4,0,4.6165959936545756e-10,0
site_14397,4,0,5.06514619643943e-07,0
site_14007,4,0,8.171481873470131e-07,0
site_03849,4,0,3.4963087587945015e-07,0
site_15283,4,0,3.4963087587945015e-07,0
site_14097,4,0,3.4963087587945015e-07,0
site_14149,4,0,9.665340148491818e-07,0
site_11068,4,0,2.8988964413608294e-09,0
site_07493,4,0,2.4433306403168586e-09,0
site_18378,4,0,1.2244104667455416e-06,0
site_05288,4,0,3.4963087587945015e-07,0
site_16632,4,0,3.4963087587945015e-07,0
site_08417,4,0,7.797806295971449e-07,0
site_00255,4,0,5.657290417703726e-09,0
site_13652,4,0,7.144560143570119e-07,0
site_03076,4,0,1.9650065458434353e-06,0
site_04176,4,0,8.969260261892e-07,0
site_07892,4,0,1.001860171406748e-06,0
site_08394,4,0,2.2076694256041623e-09,0
site_00925,4,0,4.2743762763069764e-10,0
site_01765,4,0,2.014793319376446e-08,0
site_02703,4,0,9.665340148491818e-07,0
site_20381,4,0,6.806208142955985e-07,0
site_04528,4,0,5.734927766430627e-07,0
site_19719,4,0,5.344313257416124e-07,0
site_16248,4,0,6.549676069757329e-07,0
site_17516,4,0,6.053788913141108e-07,0
site_02716,4,1,0.9999999993586546,1
site_08925,4,0,7.797806295971449e-07,0
site_08042,4,0,5.367231006879526e-07,0
site_04410,4,0,2.0333877153147976e-06,0
site_00036,4,0,4.5282474639875496e-07,0
site_09779,4,0,9.288046558190964e-07,0
site_08350,4,0,6.447809183398433e-07,0
site_14291,4,0,3.4963087587945015e-07,0
site_11603,4,0,5.06514619643943e-07,0
site_03001,4,1,0.9999999995699949,1
site_09774,4,0,5.314622520574823e-10,0
site_01374,4,0,4.6165959936545756e-10,0
site_09597,4,0,4.6165959936545756e-10,0
site_03298,4,0,3.581072842851852e-10,0
site_12907,4,0,1.6067518424657453e-06,0
site_07141,4,0,1.001860171406748e-06,0
site_04125,4,0,2.4433306403168586e-09,0
site_14641,4,0,6.214749327784569e-07,0
site_16738,4,0,1.985414659861389e-06,0
site_12147,4,1,0.9999999970572828,1
site_14350,4,0,2.9178922579535188e-06,0
site_05417,4,0,5.344313257416124e-07,0
site_10638,4,0,5.781701030189942e-07,0
site_10806,4,0,2.4433306403168586e-09,0
site_06423,4,0,2.2076694256041623e-09,0
site_19435,4,0,2.344084162620111e-07,0
site_02750,4,0,9.956059411727666e-09,0
site_18933,4,0,2.4433306403168586e-09,0
site_17649,4,0,9.495019996550343e-07,0
site_09334,4,0,6.179348864597362e-09,0
site_06255,4,0,1.2069953660461177e-06,0
site_06014,4,0,5.367231006879526e-07,0
site_01774,4,0,9.935260813180943e-07,0
site_14854,4,0,1.0790598353835101e-06,0
site_11444,4,0,3.4963087587945015e-07,0
site_01463,4,1,0.99999999010718,1
site_09004,4,0,6.163021369868425e-10,0
site_11344,4,0,2.4433306403168586e-09,0
site_04232,4,0,5.314622520574823e-10,0
site_08063,4,0,3.981746882151315e-08,0
site_05503,4,0,2.2076694256041623e-09,0
site_14040,4,0,9.192024607170885e-07,0
site_11597,4,0,1.0790598353835101e-06,0
site_09504,4,1,0.9999999995154232,1
site_18906,4,0,2.2076694256041623e-09,0
site_06727,4,0,6.312101968679012e-10,0
site_18191,4,0,7.144560143570119e-07,0
site_19800,4,1,0.999999999334434,1
site_02186,4,0,6.214749327784569e-07,0
site_11453,4,0,1.1213224871316161e-06,0
site_00475,4,1,0.999999999691279,1
site_19257,4,0,2.4433306403168586e-09,0
site_06174,4,0,4.5659474412250485e-10,0
site_19678,4,1,0.9999999932993484,1
site_05319,4,0,2.8988964413608294e-09,0
site_10517,4,0,3.4963087587945015e-07,0
site_02132,4,0,2.9178922579535188e-06,0
site_06751,4,0,3.634319558255551e-09,0
site_12493,4,0,1.592016639797024e-06,0
site_03750,4,0,6.214749327784569e-07,0
site_14319,4,0,1.0790598353835101e-06,0
site_18447,4,0,9.192024607170885e-07,0
site_20781,4,0,4.7573334183034e-10,0
site_07270,4,0,7.317854590228997e-07,0
site_10607,4,0,2.0457274093928183e-06,0
site_11678,4,0,7.943760358991446e-07,0
site_07777,4,0,1.0790598353835101e-06,0
site_19498,4,0,1.3735354476005542e-09,0
site_15483,4,0,9.956059411727666e-09,0
site_20433,4,0,6.214749327784569e-07,0
site_12035,4,0,1.1213224871316161e-06,0
site_04693,4,0,5.438416915315726e-07,0
site_02362,4,1,0.9999999950974932,1
site_02337,4,0,5.973964472956715e-07,0
site_19398,4,0,1.001860171406748e-06,0
site_05898,4,1,0.9999999993266742,1
site_17097,4,0,1.0790598353835101e-06,0
site_06918,4,0,6.806208467133407e-07,0
site_17608,4,0,5.344313257416124e-07,0
site_03167,4,0,1.001860171406748e-06,0
site_06154,4,0,6.214749327784569e-07,0
site_16673,4,0,1.985414659861389e-06,0
site_17907,4,0,9.956059411727666e-09,0
site_00457,4,0,6.786496826672147e-08,0
site_13585,4,0,4.6165959936545756e-10,0
site_14106,4,0,6.214749327784569e-07,0
site_11384,4,0,4.5168462856941005e-07,0
site_01491,4,1,0.9999999997300391,1
site_17237,4,0,5.344313257416124e-07,0
site_00132,4,0,6.214749327784569e-07,0
site_12823,4,0,5.908061971252722e-10,0
site_18646,4,0,1.2069953660461177e-06,0
site_09874,4,0,2.2076694256041623e-09,0
site_15543,4,0,5.876953067474873e-07,0
site_07120,4,0,2.8988964413608294e-09,0
site_02378,4,0,6.369253286109675e-07,0
site_15610,4,0,2.4433306403168586e-09,0
site_00518,4,0,8.969260261892e-07,0
site_10018,4,0,9.935260813180943e-07,0
site_07286,4,0,2.4433306403168586e-09,0
site_07395,4,0,9.192024607170885e-07,0
site_17714,4,0,1.001860171406748e-06,0
site_15685,4,0,2.2076694256041623e-09,0
site_18586,4,0,2.4433306403168586e-09,0
site_12968,4,0,4.2705168463411945e-10,0
site_00593,4,1,0.9999999973866074,1
site_18056,4,0,3.634319558255551e-09,0
site_09320,4,0,2.0328934897298904e-09,0
site_20487,4,0,1.074348106514749e-06,0
site_06031,4,0,7.797806295971449e-07,0
site_17268,4,1,0.9999999983059706,1
site_20460,4,0,6.447809183398433e-07,0
site_11459,4,0,5.344313257416124e-07,0
site_17036,4,0,5.344313257416124e-07,0
site_19757,4,0,3.7953151008219766e-09,0
site_00365,4,0,4.5659474412250485e-10,0
site_00985,4,0,1.3735354476005542e-09,0
site_21551,4,0,9.855397742678738e-08,0
site_01322,4,0,5.402653042022405e-07,0
site_15771,4,0,1.2069953660461177e-06,0
site_19894,4,0,4.6165959936545756e-10,0
site_17568,4,0,1.2923328571062682e-09,0
site_14818,4,0,9.192024607170885e-07,0
site_03417,4,0,5.438416915315726e-07,0
site_07553,4,0,6.806208467133407e-07,0
site_18970,4,0,9.73912666745641e-07,0
site_16627,4,0,8.395703870134471e-07,0
site_06094,4,0,5.367231006879526e-07,0
site_04817,4,0,8.395703870134471e-07,0
site_13647,4,0,7.144560143570119e-07,0
site_05982,4,0,3.4963087587945015e-07,0
site_03564,4,0,6.806208142955985e-07,0
site_12392,4,0,2.133914763878005e-06,0
site_08392,4,0,2.2528207922928315e-07,0
site_13389,4,0,7.744984856404251e-07,0
site_02855,4,0,1.2069953660461177e-06,0
site_11045,4,0,9.73912666745641e-07,0
site_18676,4,0,3.4963087587945015e-07,0
site_15554,4,0,7.317854590228997e-07,0
site_15341,4,0,1.2244104667455416e-06,0
site_16895,4,0,2.3584395454483237e-07,0
site_17528,4,0,1.3097888298741398e-09,0
site_19100,4,0,2.8988964413608294e-09,0
site_04044,4,0,1.9650065458434353e-06,0
site_19786,4,0,5.367231006879526e-07,0
site_09482,4,0,9.956059411727666e-09,0
site_14385,4,0,1.001860171406748e-06,0
site_02604,4,1,0.9999997574806396,1
site_11666,4,0,2.8988964413608294e-09,0
site_20275,4,1,0.999999996835083,1
site_04992,4,0,2.2076694256041623e-09,0
site_19156,4,0,5.367231006879526e-07,0
site_04890,4,0,9.666113175069872e-10,0
site_15159,4,0,1.2244104667455416e-06,0
site_06519,4,0,2.2076694256041623e-09,0
site_05901,4,0,5.367231006879526e-07,0
site_07709,4,0,2.877965799321546e-10,0
site_20149,4,0,6.806208142955985e-07,0
site_19812,4,0,5.203946314644776e-07,0
site_15787,4,0,1.2069953660461177e-06,0
site_17420,4,0,6.214749327784569e-07,0
site_06102,4,0,1.0790598353835101e-06,0
site_00973,4,0,5.344313257416124e-07,0
site_07622,4,0,6.214749327784569e-07,0
site_16576,4,0,2.2076694256041623e-09,0
site_00171,4,0,5.058675453210071e-07,0
site_07047,4,0,6.214749327784569e-07,0
site_03644,4,0,6.806208142955985e-07,0
site_21175,4,0,6.214749327784569e-07,0
site_13611,4,0,9.956059411727666e-09,0
site_09919,4,0,9.679901964917455e-07,0
site_02455,4,0,5.734927766430627e-07,0
site_09083,4,0,9.192024607170885e-07,0
site_08883,4,0,2.877965799321546e-10,0
site_02122,4,0,5.734927766430627e-07,0
site_12359,4,0,9.81731426111135e-08,0
site_09711,4,0,9.495019996550343e-07,0
site_08134,4,0,6.447809183398433e-07,0
site_00018,4,0,4.023052258683253e-07,0
site_06260,4,0,5.734927766430627e-07,0
site_19989,4,1,0.9999999994748197,1
site_13694,4,0,1.3735354476005542e-09,0
site_05516,4,0,3.4963087587945015e-07,0
site_03908,4,0,6.053788913141108e-07,0
site_05284,4,0,1.9650065458434353e-06,0
site_19235,4,0,6.447809183398433e-07,0
site_03733,4,0,2.8988964413608294e-09,0
site_01625,4,0,2.415644561313488e-07,0
site_16153,4,0,2.2076694256041623e-09,0
site_16787,4,1,0.9999999471579734,1
site_10801,4,0,4.5659474412250485e-10,0
site_01016,4,0,7.144560143570119e-07,0
site_21456,4,0,6.053788913141108e-07,0
site_18961,4,0,9.73912666745641e-07,0
site_15108,4,0,8.395703870134471e-07,0
site_04556,4,0,5.344313257416124e-07,0
site_01285,4,0,1.985414659861389e-06,0
site_01892,4,0,6.932881444475667e-07,0
site_19036,4,0,8.395703870134471e-07,0
site_04761,4,0,1.592016639797024e-06,0
site_12882,4,1,0.9999999997230915,1
site_13193,4,0,2.4433306403168586e-09,0
site_13990,4,0,3.4963087587945015e-07,0
site_01682,4,0,1.2244104667455416e-06,0
site_11593,4,0,5.876953067474873e-07,0
site_07490,4,0,2.8988964413608294e-09,0
site_12142,4,0,2.133914763878005e-06,0
site_19976,4,0,2.440126169886319e-10,0
site_19089,4,0,8.852712688544333e-07,0
site_07118,4,0,2.8988964413608294e-09,0
site_15034,4,0,5.06514619643943e-07,0
site_18189,4,0,1.2923328571062682e-09,0
site_17346,4,0,8.426332501277499e-07,0
site_02240,4,1,0.999999999354273,1
site_10500,4,1,0.9860281237826645,1
site_00949,4,0,6.806208467133407e-07,0
site_04708,4,0,8.171481873470131e-07,0
site_00154,4,1,0.9999999996796172,1
site_12041,4,0,2.4433306403168586e-09,0
site_00515,4,1,0.9999999996455797,1
site_14036,4,0,6.214749327784569e-07,0
site_11230,4,0,6.806208142955985e-07,0
site_00436,4,1,0.9999999983532413,1
site_19692,4,0,9.068608351406405e-07,0
site_21095,4,0,2.2076694256041623e-09,0
site_16061,4,0,4.5659474412250485e-10,0
site_11857,4,1,0.9999999997133888,1
site_10484,4,0,2.133914763878005e-06,0
site_20328,4,0,3.4963087587945015e-07,0
site_07197,4,0,6.214749327784569e-07,0
site_00810,4,0,5.591621658740038e-07,0
site_02510,4,0,5.314622520574823e-10,0
site_11321,4,0,6.806208142955985e-07,0
site_06591,4,0,6.214749327784569e-07,0
site_10694,4,0,6.214749327784569e-07,0
site_08078,4,0,1.592016639797024e-06,0
site_08742,4,0,3.4963087587945015e-07,0
site_02324,4,0,2.4433306403168586e-09,0
site_00886,4,0,2.4433306403168586e-09,0
site_02720,4,1,0.9999999996957074,1
site_04787,4,0,1.0790598353835101e-06,0
site_00110,4,0,4.6165959936545756e-10,0
site_16586,4,0,6.214749327784569e-07,0
site_16084,4,0,1.0790598353835101e-06,0
site_04008,4,0,1.592016639797024e-06,0
site_00128,4,1,0.9999999996542537,1
site_07977,4,0,4.5659474412250485e-10,0
site_09842,4,1,0.9999999994727988,1
site_18987,4,0,9.935260813180943e-07,0
site_04419,4,0,6.053788913141108e-07,0
site_19652,4,0,1.2069953660461177e-06,0
site_02530,4,0,9.917586947352994e-09,0
site_11490,4,0,6.214749327784569e-07,0
site_12458,4,0,2.6978211759360575e-07,0
site_17548,4,0,9.666113175069872e-10,0
site_15925,4,0,8.171481873470131e-07,0
site_12118,4,0,6.932881444475667e-07,0
site_03146,4,0,5.06514619643943e-07,0
site_07199,4,0,1.2069953660461177e-06,0
site_08141,4,0,9.956059411727666e-09,0
site_01237,4,0,2.395200419721706e-09,0
site_08245,4,0,8.395703870134471e-07,0
site_07280,4,0,6.053788913141108e-07,0
site_20454,4,0,8.395703870134471e-07,0
site_20239,4,0,2.4433306403168586e-09,0
site_07152,4,0,7.744984856404251e-07,0
site_09026,4,0,6.214749327784569e-07,0
site_20762,4,0,6.643043856959988e-10,0
site_02360,4,1,0.9999999993050088,1
site_10582,4,0,3.4963087587945015e-07,0
site_10665,4,0,2.344084162620111e-07,0
site_09663,4,0,3.4963087587945015e-07,0
site_12282,4,0,5.344313257416124e-07,0
site_05326,4,0,3.4963087587945015e-07,0
site_03687,4,0,6.214749327784569e-07,0
site_02126,4,0,2.4433306403168586e-09,0
site_08222,4,0,3.981746882151315e-08,0
site_00332,4,0,6.0213050517705224e-09,0
site_17760,4,0,5.344313257416124e-07,0
site_12685,4,0,2.9178922579535188e-06,0
site_12253,4,0,1.8958443170413528e-06,0
site_06966,4,0,3.4963087587945015e-07,0
site_07686,4,0,1.1442119408419494e-06,0
site_09103,4,0,1.592016639797024e-06,0
site_10542,4,0,6.214749327784569e-07,0
site_00361,4,0,2.2076694256041623e-09,0
site_09894,4,0,2.4433306403168586e-09,0
site_08461,4,0,1.2069953660461177e-06,0
site_13167,4,0,2.4433306403168586e-09,0
site_10279,4,0,1.2069953660461177e-06,0
site_14249,4,0,2.4433306403168586e-09,0
site_10011,4,0,6.163021369868425e-10,0
site_18967,4,0,6.053788913141108e-07,0
site_20782,4,0,7.744984856404251e-07,0
site_16183,4,0,9.083460174220437e-07,0
site_13142,4,0,9.935260813180943e-07,0
site_13139,4,0,3.4963087587945015e-07,0
site_10343,4,0,1.2923328571062682e-09,0
site_11700,4,1,0.9999999996590225,1
site_11273,4,1,0.9999999995165023,1
site_00963,4,0,1.985414659861389e-06,0
site_07000,4,0,2.4433306403168586e-09,0
site_00811,4,0,6.214749327784569e-07,0
site_05731,4,0,2.9178922579535188e-06,0
site_07634,4,0,2.2076694256041623e-09,0
site_06066,4,0,5.344313257416124e-07,0
site_15668,4,0,9.495019996550343e-07,0
site_13935,4,0,1.1213224871316161e-06,0
site_05573,4,0,6.806208142955985e-07,0
site_18333,4,0,1.001860171406748e-06,0
site_00577,4,0,9.956059411727666e-09,0
site_17937,4,0,4.565947154386368e-10,0
site_19912,4,0,2.8988964413608294e-09,0
site_01348,4,0,7.144560143570119e-07,0
site_16622,4,0,5.344313257416124e-07,0
site_12354,4,0,7.943760358991446e-07,0
site_17837,4,0,6.643043856959988e-10,0
site_08700,4,0,6.214749327784569e-07,0
site_12745,4,0,2.425957807968619e-07,0
site_18560,4,0,3.981746882151315e-08,0
site_10718,4,1,0.9999999991887434,1
site_14775,4,0,2.2076694256041623e-09,0
site_01643,4,0,5.438416915315726e-07,0
site_19417,4,0,5.876953067474873e-07,0
site_03999,4,0,6.806208142955985e-07,0
site_02511,4,0,4.6165959936545756e-10,0
site_11812,4,0,8.122488211583567e-07,0
site_00735,4,0,9.917586947352994e-09,0
site_02143,4,0,5.344313340775146e-07,0
site_06998,4,0,2.4433306403168586e-09,0
site_15782,4,0,3.4963087587945015e-07,0
site_01785,4,0,7.144560143570119e-07,0
site_00339,4,1,0.9999999997543911,1
site_04948,4,0,5.367231006879526e-07,0
site_15256,4,0,8.426332501277499e-07,0
site_09406,4,0,8.858464037611475e-09,0
site_21506,4,0,9.935260813180943e-07,0
site_06683,4,0,3.4963087587945015e-07,0
site_14756,4,0,3.634319558255551e-09,0
site_19890,4,0,2.877965799321546e-10,0
site_19754,4,0,5.367231006879526e-07,0
site_03907,4,0,7.744984856404251e-07,0
site_10327,4,0,6.053788913141108e-07,0
site_02770,4,1,0.9999999985321542,1
site_05453,4,0,5.734927766430627e-07,0
site_02241,4,1,0.9999999996831963,1
site_07546,4,0,1.5741738626122531e-09,0
site_07291,4,0,9.192024607170885e-07,0
site_20930,4,0,2.395200419721706e-09,0
site_10676,4,0,6.214749327784569e-07,0
site_10637,4,0,2.963478518141219e-10,0
site_19038,4,0,5.344313257416124e-07,0
site_13982,4,0,5.344313257416124e-07,0
site_10796,4,0,2.4433306403168586e-09,0
site_08447,4,0,7.257536598407684e-07,0
site_06001,4,0,1.001860171406748e-06,0
site_18062,4,0,9.192024607170885e-07,0
site_02211,4,0,2.4433306403168586e-09,0
site_03865,4,0,6.806208142955985e-07,0
site_06292,4,0,1.2069953660461177e-06,0
site_10280,4,0,5.344313340775146e-07,0
site_17382,4,0,1.352617365323262e-06,0
site_17204,4,0,1.2244104667455416e-06,0
site_12291,4,0,6.447809183398433e-07,0
site_10141,4,0,2.8988964413608294e-09,0
site_15022,4,0,5.367231006879526e-07,0
site_06869,4,0,6.806208142955985e-07,0
site_08454,4,0,5.591621658740038e-07,0
site_12428,4,0,5.781701030189942e-07,0
site_08258,4,0,7.257536598407684e-07,0
site_08769,4,0,2.344084162620111e-07,0
site_12514,4,1,0.9999999996488933,1
site_21528,4,0,6.053788913141108e-07,0
site_18960,4,0,5.013891209996407e-10,0
site_01410,4,0,4.7573334183034e-10,0
site_03061,4,0,6.214749327784569e-07,0
site_09857,4,1,0.9999999997515874,1
site_16159,4,0,1.592016639797024e-06,0
site_18429,4,0,1.001860171406748e-06,0
site_05186,4,0,9.195256924395184e-10,0
site_17678,4,0,5.742295760689557e-07,0
site_20882,4,0,1.592016639797024e-06,0
site_13273,4,0,5.591621658740038e-07,0
site_08403,4,0,2.2076694256041623e-09,0
site_01399,4,1,0.9999999884799805,1
site_08659,4,0,6.806208142955985e-07,0
site_14480,4,0,2.8988964413608294e-09,0
site_13350,4,0,2.8988964413608294e-09,0
site_02889,4,1,0.9999999996943518,1
site_02415,4,1,0.9999999995896596,1
site_17023,4,0,1.0510775390051749e-06,0
site_14619,4,0,6.053788913141108e-07,0
site_09940,4,0,5.805340533883924e-10,0
site_15583,4,0,1.001860171406748e-06,0
site_08093,4,0,7.744984856404251e-07,0
site_05420,4,0,6.053788913141108e-07,0
site_12270,4,0,2.133914763878005e-06,0
site_14056,4,0,9.956059411727666e-09,0
site_08064,4,0,2.4433306403168586e-09,0
site_01045,4,0,7.744984856404251e-07,0
site_08600,4,0,1.2349372113838308e-08,0
site_15586,4,0,1.6067518424657453e-06,0
site_18641,4,0,3.4963087587945015e-07,0
site_04234,4,0,1.551877220380478e-06,0
site_05078,4,0,3.4963087587945015e-07,0
site_17763,4,0,2.440126169886319e-10,0
site_02667,4,1,0.9999999996335391,1
site_15601,4,0,6.214749327784569e-07,0
site_19769,4,0,2.4433306403168586e-09,0
site_03463,4,1,0.9999999995239055,1
site_19034,4,0,8.395703870134471e-07,0
site_03510,4,0,2.2528207922928315e-07,0
site_13702,4,0,6.128516920259937e-07,0
site_20735,4,1,0.9999999996896589,1
site_15227,4,0,9.068608351406405e-07,0
site_18618,4,0,8.122488211583567e-07,0
site_07048,4,0,1.001860171406748e-06,0
site_14609,4,0,2.8988964413608294e-09,0
site_13001,4,1,0.9999999997543911,1
site_03837,4,0,4.7573334183034e-10,0
site_20256,4,0,3.4963087587945015e-07,0
site_13880,4,0,2.4433306403168586e-09,0
site_19732,4,1,0.9999989296747901,1
site_10261,4,0,1.1213224871316161e-06,0
site_12866,4,1,0.9999999986867887,1
site_16703,4,0,4.565947154386368e-10,0
site_07283,4,0,2.8988964413608294e-09,0
site_08593,4,0,6.806208142955985e-07,0
site_03586,4,0,6.932881444475667e-07,0
site_15146,4,0,1.2069953660461177e-06,0
site_12734,4,0,1.1117976670277692e-08,0
site_09245,4,0,1.9622705930190984e-05,0
site_12273,4,1,0.9999999989438104,1
site_11346,4,0,1.0790598353835101e-06,0
site_10953,4,0,5.367231006879526e-07,0
site_04465,4,0,2.344084162620111e-07,0
site_19647,4,0,4.5659474412250485e-10,0
site_17988,4,0,3.4963087587945015e-07,0
site_19371,4,0,1.001860171406748e-06,0
site_01336,4,0,6.447809183398433e-07,0
site_04039,4,0,8.969260261892e-07,0
site_21038,4,0,8.395703870134471e-07,0
site_00059,4,1,0.9999999997070692,1
site_19911,4,0,2.2076694256041623e-09,0
site_15599,4,0,1.2244104667455416e-06,0
site_03541,4,1,0.9999999997034923,1
site_02226,4,0,5.973964472956715e-07,0
site_02753,4,0,1.6067518424657453e-06,0
site_15725,4,0,5.781701030189942e-07,0
site_06866,4,0,2.8988964413608294e-09,0
site_10897,4,0,3.4963087587945015e-07,0
site_11402,4,1,0.9999999993716036,1
site_01468,4,0,4.2198357805234836e-07,0
site_12387,4,0,1.8958443170413528e-06,0
site_18201,4,0,5.367231006879526e-07,0
site_21396,4,1,0.9999999996846045,1
site_03080,4,0,1.2923328571062682e-09,0
site_04016,4,0,8.122488211583567e-07,0
site_02944,4,1,0.9999999993465083,1
site_01849,4,0,3.7953151008219766e-09,0
site_00514,4,1,0.9999999995115414,1
site_20281,4,1,0.9999999954715026,1
site_02727,4,0,2.133914763878005e-06,0
site_16188,4,0,1.985414659861389e-06,0
site_05066,4,0,5.06514619643943e-07,0
site_16110,4,0,5.90564929386557e-10,0
site_21424,4,1,0.9999999992815303,1
site_07661,4,0,5.344313257416124e-07,0
site_04422,4,0,9.679901964917455e-07,0
site_21153,4,1,0.9999999997699631,1
site_10729,4,0,2.133914763878005e-06,0
site_09155,4,1,0.9999999997309827,1
site_05567,4,1,0.9999999493428967,1
site_11547,4,1,0.9999999995097357,1
site_12873,4,1,0.9999999997704927,1
site_14401,4,0,6.806208142955985e-07,0
site_07043,4,0,6.214749327784569e-07,0
site_06453,4,0,9.192024607170885e-07,0
site_06564,4,0,2.4433306403168586e-09,0
site_19822,4,0,2.2076694256041623e-09,0
site_15569,4,0,2.3584395454483237e-07,0
site_18233,4,0,4.2743762763069764e-10,0
site_08397,4,0,2.4433306403168586e-09,0
site_10088,4,0,2.8988964413608294e-09,0
site_08858,4,0,2.4433306403168586e-09,0
site_13872,4,0,5.781701030189942e-07,0
site_10064,4,0,9.945405230813005e-10,0
site_08390,4,0,6.447809183398433e-07,0
site_04923,4,0,9.192024607170885e-07,0
site_00318,4,0,3.4963087587945015e-07,0
site_14797,4,0,6.053788913141108e-07,0
site_19225,4,0,8.395703870134471e-07,0
site_19559,4,0,9.192024607170885e-07,0
site_09716,4,0,2.344084162620111e-07,0
site_21069,4,1,0.9999999688243039,1
site_11152,4,0,1.1117976670277692e-08,0
site_12197,4,0,9.495019996550343e-07,0
site_09619,4,0,9.52321449409972e-07,0
site_12481,4,0,6.214749327784569e-07,0
site_07820,4,0,1.1213224871316161e-06,0
site_01396,4,1,0.99999999953381,1
site_13412,4,0,6.806208142955985e-07,0
site_19403,4,0,2.4433306403168586e-09,0
site_15383,4,0,4.5659474412250485e-10,0
site_15924,4,0,5.367231006879526e-07,0
site_00244,4,0,2.2076694256041623e-09,0
site_11878,4,1,0.9999999995512519,1
site_04921,4,0,6.686997703923835e-07,0
site_17935,4,0,8.395703870134471e-07,0
site_07398,4,0,2.8988964413608294e-09,0
site_09135,4,0,4.565947154386368e-10,0
site_09931,4,0,5.367231006879526e-07,0
site_09322,4,1,0.9999999995294448,1
site_19636,4,0,5.367231006879526e-07,0
site_18876,4,0,2.395200419721706e-09,0
site_04684,4,0,3.4963087587945015e-07,0
site_14428,4,0,4.5659474412250485e-10,0
site_04993,4,0,5.734927766430627e-07,0
site_09304,4,0,1.0790598353835101e-06,0
site_08119,4,0,8.852712688544333e-07,0
site_04602,4,0,2.3675401353222607e-06,0
site_16236,4,0,5.013891209996407e-10,0
site_11516,4,0,1.0790598353835101e-06,0
site_02000,4,0,9.495019996550343e-07,0
site_00495,4,0,9.956059411727666e-09,0
site_00370,4,0,9.956059411727666e-09,0
site_15394,4,0,5.344313257416124e-07,0
site_13847,4,0,6.214749327784569e-07,0
site_06835,4,0,2.2076694256041623e-09,0
site_16864,4,1,0.9999999996550664,1
site_10655,4,0,4.6165959936545756e-10,0
site_14701,4,0,2.2076694256041623e-09,0
site_04503,4,0,2.458541678493186e-07,0
site_06883,4,0,1.592016639797024e-06,0
site_15716,4,0,1.2069953660461177e-06,0
site_15829,4,0,2.2076694256041623e-09,0
site_08571,4,0,7.943760358991446e-07,0
site_12081,4,0,6.214749327784569e-07,0
site_08815,4,0,2.3584395454483237e-07,0
site_13991,4,0,3.4963087587945015e-07,0
site_02395,4,0,9.917586947352994e-09,0
site_16358,4,0,2.2076694256041623e-09,0
site_10621,4,1,0.99999999983383,1
site_00667,4,0,6.214749327784569e-07,0
site_14989,4,0,5.367231006879526e-07,0
site_04939,4,0,2.458541678493186e-07,0
site_06573,4,0,9.917586947352994e-09,0
site_02392,4,0,5.727248921431436e-07,0
site_15895,4,0,5.344313257416124e-07,0
site_12477,4,0,3.287622321829524e-07,0
site_02456,4,0,9.753706584577523e-10,0
site_10722,4,0,0.0061288635631476145,0
site_05524,4,0,3.634319558255551e-09,0
site_12217,4,0,9.956059411727666e-09,0
site_00836,4,0,4.5659474412250485e-10,0
site_09645,4,0,2.8988964413608294e-09,0
site_17257,4,0,1.2244104667455416e-06,0
site_17301,4,0,8.395703870134471e-07,0
site_15445,4,0,1.0790598353835101e-06,0
site_04196,4,0,2.458541678493186e-07,0
site_03881,4,0,2.8988964413608294e-09,0
site_14562,4,0,6.214749327784569e-07,0
site_17315,4,0,5.344313257416124e-07,0
site_07571,4,0,9.73912666745641e-07,0
site_09773,4,0,5.591621658740038e-07,0
site_05634,4,0,1.454853558138869e-10,0
site_16525,4,0,6.053788913141108e-07,0
site_09209,4,0,2.4433306403168586e-09,0
site_01509,4,0,5.314622520574823e-10,0
site_03525,4,0,5.734927766430627e-07,0
site_00570,4,0,2.4433306403168586e-09,0
site_17366,4,0,7.797806295971449e-07,0
site_00698,4,0,6.053788913141108e-07,0
site_12820,4,0,5.908061971252722e-10,0
site_21111,4,1,0.9999999997346145,1
site_11301,4,0,5.908061971252722e-10,0
site_05136,4,0,9.753706584577523e-10,0
site_05424,4,0,4.565947154386368e-10,0
site_12801,4,0,5.591621658740038e-07,0
site_02971,4,0,2.8988964413608294e-09,0
site_19372,4,0,4.5659474412250485e-10,0
site_08456,4,0,4.6165959936545756e-10,0
site_04656,4,0,6.214749327784569e-07,0
site_11546,4,0,1.4026418237135604e-08,0
site_00358,4,0,6.214749460815923e-07,0
site_14974,4,0,2.8988964413608294e-09,0
site_09130,4,0,2.2076694256041623e-09,0
site_18953,4,0,6.806208142955985e-07,0
site_07633,4,0,9.956059411727666e-09,0
site_18600,4,0,8.969260261892e-07,0
site_19962,4,0,2.4433306403168586e-09,0
site_03381,4,0,2.458541678493186e-07,0
site_03147,4,0,5.367231006879526e-07,0
site_19628,4,0,3.4963087587945015e-07,0
site_09898,4,0,1.2069953660461177e-06,0
site_16509,4,0,2.8988964413608294e-09,0
site_14621,4,0,2.2076694256041623e-09,0
site_03757,4,0,1.2069953660461177e-06,0
site_01730,4,0,6.447809183398433e-07,0
site_12838,4,0,5.314622520574823e-10,0
site_07178,4,0,1.0790598353835101e-06,0
site_14256,4,0,5.438416915315726e-07,0
site_17849,4,0,4.270910453661742e-09,0
site_08144,4,0,2.0692924278822076e-10,0
site_19194,4,0,2.8988964413608294e-09,0
site_14888,4,0,2.877965799321546e-10,0
site_14777,4,0,5.344313257416124e-07,0
site_05114,4,0,5.344313257416124e-07,0
site_01535,4,0,6.447809183398433e-07,0
site_06237,4,0,8.122488211583567e-07,0
site_08190,4,0,5.734927766430627e-07,0
site_04990,4,0,1.001860171406748e-06,0
site_10465,4,0,5.367231006879526e-07,0
site_12605,4,0,6.214749327784569e-07,0
site_18249,4,0,5.314622520574823e-10,0
site_14245,4,0,5.663595657559834e-07,0
site_02568,4,0,3.634319558255551e-09,0
site_06958,4,0,3.4963087587945015e-07,0
site_14738,4,0,9.068608351406405e-07,0
site_03097,4,1,0.9999999995360747,1
site_13969,4,0,9.666113175069872e-10,0
site_11061,4,0,1.001860171406748e-06,0
site_15254,4,0,9.956059411727666e-09,0
site_20177,4,0,5.876953067474873e-07,0
site_07688,4,0,5.876953067474873e-07,0
site_06212,4,0,1.1442119408419494e-06,0
site_01388,4,0,7.144560143570119e-07,0
site_00177,4,0,2.0203159066328102e-05,0
site_19061,4,0,2.8988964413608294e-09,0
site_13768,4,0,8.395703870134471e-07,0
site_03054,4,0,1.9364734589443486e-05,0
site_10285,4,0,5.591621658740038e-07,0
site_14713,4,0,1.1636889737737497e-06,0
site_17654,4,0,6.053788913141108e-07,0
site_17108,4,0,6.699635699879996e-07,0
site_10611,4,1,0.999999999570444,1
site_15093,4,0,9.917586947352994e-09,0
site_10758,4,0,1.1213224871316161e-06,0
site_21398,4,1,0.9999999994057831,1
site_15099,4,0,9.068608351406405e-07,0
site_19523,4,1,0.9999999996882603,1
site_14338,4,0,4.5659474412250485e-10,0
site_14983,4,0,5.344313257416124e-07,0
site_10462,4,0,5.344313257416124e-07,0
site_08574,4,0,6.447809183398433e-07,0
site_00236,4,1,0.9999037555643779,1
site_12398,4,1,0.9999999995720577,1
site_00574,4,0,5.367231006879526e-07,0
site_19108,4,0,5.367231006879526e-07,0
site_14075,4,0,5.606312173259244e-07,0
site_18981,4,1,0.999999998891812,1
site_19887,4,0,1.592016639797024e-06,0
site_01079,4,0,8.122488211583567e-07,0
site_12297,4,0,3.4963087587945015e-07,0
site_05611,4,0,5.734927766430627e-07,0
site_01332,4,0,6.053788913141108e-07,0
site_10700,4,0,5.344313257416124e-07,0
site_18881,4,0,1.0790598353835101e-06,0
site_03139,4,0,6.699635699879996e-07,0
site_15036,4,0,9.192024607170885e-07,0
site_01748,4,0,9.855397742678738e-08,0
site_08798,4,0,5.606312173259244e-07,0
site_12223,4,0,6.932881444475667e-07,0
site_02958,4,0,7.144560143570119e-07,0
site_11838,4,0,1.1117976670277692e-08,0
site_14598,4,0,3.4963087587945015e-07,0
site_04884,4,0,5.344313257416124e-07,0
site_06312,4,0,4.6165959936545756e-10,0
site_18184,4,0,2.2076694256041623e-09,0
site_06925,4,0,9.192024607170885e-07,0
site_00316,4,0,6.214749327784569e-07,0
site_09189,4,0,4.6165959936545756e-10,0
site_15168,4,0,7.797806295971449e-07,0
site_05260,4,0,2.2076694256041623e-09,0
site_12106,4,0,8.543358935547828e-10,0
site_11899,4,0,4.7573334183034e-10,0
site_03913,4,0,5.606312173259244e-07,0
site_14950,4,0,5.663595657559834e-07,0
site_05462,4,0,6.214749327784569e-07,0
site_01588,4,0,9.079455503927023e-07,0
site_09270,4,0,3.4963087587945015e-07,0
site_15756,4,0,5.344313257416124e-07,0
site_00696,4,0,9.935260813180943e-07,0
site_02205,4,0,6.053788913141108e-07,0
site_18432,4,0,5.344313257416124e-07,0
site_16226,4,0,5.734927766430627e-07,0
site_06178,4,0,2.4433306403168586e-09,0
site_18595,4,0,5.344313257416124e-07,0
site_16522,4,0,6.214749327784569e-07,0
site_12504,4,1,0.9999999997348128,1
site_18231,4,0,4.2743762763069764e-10,0
site_17612,4,0,2.2076694256041623e-09,0
site_13288,4,0,3.4963087587945015e-07,0
site_16030,4,0,6.053788913141108e-07,0
site_12872,4,1,0.999998872927744,1
site_04808,4,0,6.806208142955985e-07,0
site_08320,4,0,2.4433306403168586e-09,0
site_01995,4,0,6.806208142955985e-07,0
site_17275,4,0,9.815999509580397e-07,0
site_01197,4,0,2.8988964413608294e-09,0
site_08130,4,0,4.6165959936545756e-10,0
site_18947,4,0,9.73912666745641e-07,0
site_18687,4,0,5.367231006879526e-07,0
site_08912,4,0,3.4963087587945015e-07,0
site_09642,4,0,3.981746882151315e-08,0
site_18648,4,0,2.8988964413608294e-09,0
site_07509,4,0,9.068608351406405e-07,0
site_03021,4,0,1.3735354476005542e-09,0
site_07770,4,0,1.001860171406748e-06,0
site_11942,4,0,5.344313257416124e-07,0
site_17523,4,0,9.917586947352994e-09,0
site_11099,4,0,7.589594097116677e-09,0
site_08831,4,0,4.5659474412250485e-10,0
site_09789,4,0,6.214749327784569e-07,0
site_04943,4,0,4.565947154386368e-10,0
site_12417,4,0,8.171481873470131e-07,0
site_04922,4,0,1.3735354476005542e-09,0
site_11727,4,0,2.133914763878005e-06,0
site_20608,4,1,0.999999999626414,1
site_03923,4,0,9.666113175069872e-10,0
site_17031,4,0,1.985414659861389e-06,0
site_05143,4,0,6.214749327784569e-07,0
site_19314,4,1,0.9999999996664204,1
site_10653,4,0,9.288046558190964e-07,0
site_19202,4,0,2.4433306403168586e-09,0
site_21285,4,0,5.402653042022405e-07,0
site_06249,4,0,5.344313257416124e-07,0
site_10593,4,1,0.999999999766594,1
site_18695,4,0,2.2076694256041623e-09,0
site_20841,4,0,8.852712688544333e-07,0
site_15232,4,0,9.665340148491818e-07,0
site_21321,4,0,6.214749327784569e-07,0
site_06672,4,0,2.4433306403168586e-09,0
site_08277,4,0,3.981746882151315e-08,0
site_03823,4,0,6.369253286109675e-07,0
site_03153,4,1,0.9999999983059706,1
site_02119,4,1,0.9999999996542537,1
site_06704,4,0,6.214749327784569e-07,0
site_13019,4,0,9.679901964917455e-07,0
site_16550,4,1,0.9999999994481104,1
site_03883,4,0,9.068608351406405e-07,0
site_12688,4,0,4.5659474412250485e-10,0
site_01759,4,0,6.214749327784569e-07,0
site_15930,4,0,1.2069953660461177e-06,0
site_04513,4,0,3.4963087587945015e-07,0
site_14030,4,0,2.2076694256041623e-09,0
site_20693,4,0,2.8988964413608294e-09,0
site_12783,4,0,6.214749327784569e-07,0
site_07886,4,0,1.001860171406748e-06,0
site_18797,4,0,1.2349372113838308e-08,0
site_18630,4,0,7.797806295971449e-07,0
site_20993,4,0,1.592016639797024e-06,0
site_13296,4,0,9.665340148491818e-07,0
site_03202,4,0,6.643043856959988e-10,0
site_21015,4,1,0.9999999688243039,1
site_09881,4,0,4.6165959936545756e-10,0
site_12011,4,1,0.99999999958966,1
site_15467,4,0,5.367231006879526e-07,0
site_18113,4,0,6.806208142955985e-07,0
site_18966,4,0,6.214749327784569e-07,0
site_18739,4,0,9.73912666745641e-07,0
site_01188,4,0,5.367231006879526e-07,0
site_03279,4,1,0.9999999986843013,1
site_17357,4,0,4.6165959936545756e-10,0
site_13372,4,0,3.981746882151315e-08,0
site_00440,4,0,2.2076694256041623e-09,0
site_06720,4,0,3.4963087587945015e-07,0
site_20244,4,0,9.192024607170885e-07,0
site_05278,4,0,2.2076694256041623e-09,0
site_06415,4,0,2.4433306403168586e-09,0
site_16357,4,0,2.4433306403168586e-09,0
site_15378,4,0,1.1636889737737497e-06,0
site_07279,4,0,9.956059411727666e-09,0
site_18780,4,0,6.214749327784569e-07,0
site_00434,4,1,0.9999999996170417,1
site_16115,4,1,0.9999999992950093,1
site_11581,4,1,0.9999999997776532,1
site_13848,4,0,5.734927766430627e-07,0
site_21477,4,0,4.6165959936545756e-10,0
site_12479,4,0,1.551877220380478e-06,0
site_08986,4,0,2.3675401353222607e-06,0
site_08727,4,0,2.8988964413608294e-09,0
site_18781,4,0,5.876953067474873e-07,0
site_04145,4,0,1.001860171406748e-06,0
site_02598,4,1,0.9999999985003709,1
site_02514,4,0,9.855397742678738e-08,0
site_04768,4,0,9.665340148491818e-07,0
site_02062,4,0,5.606312173259244e-07,0
site_07867,4,0,5.344313257416124e-07,0
site_13706,4,0,9.935260813180943e-07,0
site_02441,4,0,9.956059411727666e-09,0
site_07207,4,0,5.591621658740038e-07,0
site_09157,4,0,3.981746882151315e-08,0
site_15238,4,0,9.753706584577523e-10,0
site_20645,4,0,8.395703870134471e-07,0
site_10870,4,1,0.999999999539654,1
site_14653,4,0,4.565947154386368e-10,0
site_12518,4,0,3.947210332987643e-06,0
site_08677,4,0,8.852712688544333e-07,0
site_11385,4,0,5.894285702962688e-07,0
site_13791,4,0,8.852712688544333e-07,0
site_13529,4,0,3.4963087587945015e-07,0
site_11951,4,0,9.956059411727666e-09,0
site_20094,4,0,2.4433306403168586e-09,0
site_21164,4,0,5.402653042022405e-07,0
site_11914,4,0,2.8988964413608294e-09,0
site_03918,4,0,2.4433306403168586e-09,0
site_11474,4,0,3.4963087587945015e-07,0
site_01836,4,0,7.144560143570119e-07,0
site_05327,4,0,5.344313257416124e-07,0
site_02162,4,0,9.917586947352994e-09,0
site_19280,4,0,2.4433306403168586e-09,0
site_11190,4,0,1.1213224871316161e-06,0
site_21207,4,0,6.369253286109675e-07,0
site_12520,4,0,3.947210332987643e-06,0
site_08658,4,0,6.806208142955985e-07,0
site_02700,4,0,7.257536598407684e-07,0
site_04868,4,0,5.734927766430627e-07,0
site_21143,4,0,8.395703870134471e-07,0
site_20422,4,1,0.9999999940759232,1
site_00939,4,0,2.4433306403168586e-09,0
site_13819,4,0,1.9650065458434353e-06,0
site_03921,4,0,9.665340148491818e-07,0
site_10166,4,0,9.192024607170885e-07,0
site_16063,4,0,6.932881444475667e-07,0
site_18101,4,0,1.3735354476005542e-09,0
site_01365,4,1,0.9999999751901396,1
site_17176,4,0,1.985414659861389e-06,0
site_16426,4,1,0.9999999618102465,1
site_06598,4,0,6.214749460815923e-07,0
site_01315,4,1,0.999999995205753,1
site_01323,4,1,0.9999999996250593,1
site_13537,4,0,9.956059411727666e-09,0
site_16631,4,0,5.367231006879526e-07,0
site_11164,4,0,1.1213224871316161e-06,0
site_00818,4,1,0.9999999962055548,1
site_18380,4,0,1.592016639797024e-06,0
site_18942,4,0,5.367231006879526e-07,0
site_00767,4,0,5.344313257416124e-07,0
site_15499,4,0,1.8933258972882845e-10,0
site_02584,4,0,5.367231006879526e-07,0
site_20593,4,0,5.344313257416124e-07,0
site_20299,4,0,2.4433306403168586e-09,0
site_11256,4,1,0.9999999990167299,1
site_00956,4,1,0.9999999997033298,1
site_01919,4,0,7.10104153489101e-07,0
site_21123,4,0,5.402653042022405e-07,0
site_16656,4,0,2.877965799321546e-10,0
site_09583,4,0,5.734927766430627e-07,0
site_19853,4,1,0.9926994700117936,1
site_07761,4,0,4.782231472635684e-10,0
site_20641,4,0,2.4433306403168586e-09,0
site_12567,4,0,5.367231006879526e-07,0
site_02790,4,0,5.778729821439936e-07,0
site_16462,4,0,5.344313257416124e-07,0
site_13291,4,0,1.2244104667455416e-06,0
site_04080,4,0,9.666113175069872e-10,0
site_20185,4,0,6.806208142955985e-07,0
site_06713,4,0,3.4963087587945015e-07,0
site_03847,4,0,5.344313257416124e-07,0
site_15161,4,0,1.2923328571062682e-09,0
site_11009,4,0,4.5354610843998904e-07,0
site_04426,4,0,2.4433306403168586e-09,0
site_09191,4,0,2.4433306403168586e-09,0
site_03300,4,0,7.257536598407684e-07,0
site_17352,4,0,6.369253286109675e-07,0
site_12308,4,0,1.6067518424657453e-06,0
site_08843,4,0,9.192024607170885e-07,0
site_14924,4,0,4.5659474412250485e-10,0
site_19323,4,1,0.9999999706397864,1
site_03604,4,0,2.440126169886319e-10,0
site_18132,4,0,3.634319558255551e-09,0
site_00315,4,0,6.806208142955985e-07,0
site_15147,4,0,1.001860171406748e-06,0
site_08611,4,0,3.4963087587945015e-07,0
site_21106,4,0,2.4433306403168586e-09,0
site_11574,4,1,0.9999999994026942,1
site_06946,4,0,4.5659474412250485e-10,0
site_06895,4,0,2.8988964413608294e-09,0
site_15585,4,0,6.214749327784569e-07,0
site_13676,4,0,3.981746882151315e-08,0
site_09424,4,0,2.3247220928684684e-06,0
site_12033,4,0,2.2528207922928315e-07,0
site_16679,4,0,1.985414659861389e-06,0
site_10633,4,0,2.963478518141219e-10,0
site_20583,4,0,5.876953067474873e-07,0
site_09273,5,0,1.0196902840357536e-07,0
site_08213,5,0,1.8143405464758252e-07,0
site_11979,5,0,6.07209566775675e-08,0
site_01384,5,0,5.897912680850135e-08,0
site_02564,5,0,7.978821009341681e-08,0
site_16297,5,0,8.148191982549721e-08,0
site_10822,5,0,8.022865000623079e-08,0
site_02460,5,0,8.148191982938061e-08,0
site_16941,5,0,8.022864974111467e-08,0
site_16483,5,0,8.148191982935166e-08,0
site_05251,5,0,8.02286500100211e-08,0
site_05207,5,0,8.022865001002224e-08,0
site_03451,5,0,1.2009194603629785e-07,0
site_08174,5,0,8.022865000623904e-08,0
site_07667,5,0,8.022865000622224e-08,0
site_05002,5,0,8.022865000622194e-08,0
site_19307,5,0,8.148191982550619e-08,0
site_00569,5,0,8.022864974490814e-08,0
site_17136,5,0,8.02286500100459e-08,0
site_16000,5,0,8.02286500100211e-08,0
site_20316,5,0,8.148191982938061e-08,0
site_10185,5,0,8.02286500062302e-08,0
site_12543,5,0,8.022865000623079e-08,0
site_16440,5,1,0.9999999545208983,1
site_15437,5,0,8.02286500062228e-08,0
site_04248,5,0,8.14819198255001e-08,0
site_15763,5,0,1.2266145838927367e-07,0
site_07776,5,0,8.022865000622594e-08,0
site_18398,5,0,8.022864974493777e-08,0
site_19569,5,0,8.02286497411141e-08,0
site_11656,5,0,5.8071971437184885e-08,0
site_09722,5,0,8.814173537934131e-08,0
site_13435,5,0,8.148191982938061e-08,0
site_19854,5,1,0.9999999185683466,1
site_08249,5,0,8.022865001002851e-08,0
site_17903,5,0,8.022864974495118e-08,0
site_20317,5,0,8.148191982935166e-08,0
site_11889,5,0,1.0319647999746732e-07,0
site_20844,5,1,0.9999999185683466,1
site_09285,5,0,8.022865000623079e-08,0
site_20883,5,0,8.148191982935166e-08,0
site_11127,5,0,2.7572395174666916e-06,0
site_17725,5,0,8.148191982935166e-08,0
site_05544,5,0,8.02286500100211e-08,0
site_05882,5,0,8.148191982550619e-08,0
site_05905,5,0,8.148191982937598e-08,0
site_09018,5,0,8.148191982549721e-08,0
site_03404,5,1,0.9999999602509853,1
site_21495,5,0,8.14819198293835e-08,0
site_06638,5,0,8.022865001001625e-08,0
site_20907,5,0,7.348013245035123e-07,0
site_21281,5,1,0.9999999547371556,1
site_17164,5,0,8.148191982549692e-08,0
site_10800,5,0,8.022865000623079e-08,0
site_13548,5,0,1.0196902840357536e-07,0
site_03338,5,1,0.9999999590185912,1
site_17027,5,1,0.9999999535789091,1
site_01632,5,0,5.8979126808490866e-08,0
site_20752,5,0,8.022865001001739e-08,0
site_09582,5,0,8.022865001005217e-08,0
site_19729,5,1,0.9999999602509853,1
site_16680,5,1,0.99999996043756,1
site_16269,5,0,8.022865000622594e-08,0
site_06878,5,0,8.022865000622508e-08,0
site_03390,5,0,8.14819198255001e-08,0
site_11753,5,0,8.022865000623306e-08,0
site_13432,5,0,8.14819198254978e-08,0
site_16158,5,0,8.022864974490928e-08,0
site_17889,5,0,1.2130192100042332e-07,0
site_20349,5,0,7.348013706481166e-07,0
site_10014,5,0,8.148191982937598e-08,0
site_13656,5,0,1.0806515617565043e-07,0
site_13598,5,0,8.022865000623904e-08,0
site_06320,5,0,8.148191982550619e-08,0
site_21130,5,0,8.022864974490928e-08,0
site_16553,5,1,0.9999999545208983,1
site_12939,5,0,8.022865001004133e-08,0
site_08444,5,0,8.022865001007753e-08,0
site_20490,5,0,7.348339409811908e-07,0
site_08586,5,0,8.022865001002851e-08,0
site_10768,5,0,8.022865000623306e-08,0
site_05741,5,0,8.022864974111383e-08,0
site_04120,5,0,8.148191982549692e-08,0
site_02994,5,1,0.9999999610575827,1
site_17726,5,0,8.148191982935166e-08,0
site_07508,5,0,8.022865000623108e-08,0
site_13856,5,0,8.022864974490928e-08,0
site_20537,5,0,8.148191982935166e-08,0
site_06563,5,0,8.022865000622224e-08,0
site_00598,5,0,8.148191982549721e-08,0
site_19720,5,0,8.148191982549721e-08,0
site_02258,5,0,8.022864974495716e-08,0
site_13442,5,0,1.2009194603629785e-07,0
site_02811,5,0,1.2009194603629785e-07,0
site_07749,5,0,8.022865000623079e-08,0
site_14050,5,0,8.02286500062228e-08,0
site_02718,5,1,0.9999999610575827,1
site_00578,5,0,8.148191982935166e-08,0
site_10289,5,0,8.02286500062302e-08,0
site_07363,5,0,8.022864974111467e-08,0
site_20827,5,0,1.1824481678427178e-07,0
site_06389,5,0,8.148191982935659e-08,0
site_14204,5,0,8.022864974490928e-08,0
site_11398,5,1,0.9999999532544912,1
site_17634,5,0,8.022864974111467e-08,0
site_02748,5,0,8.022864974495032e-08,0
site_15172,5,0,7.147782183837436e-08,0
site_05761,5,1,0.9999999610575827,1
site_01301,5,0,8.14819198293835e-08,0
site_11642,5,0,8.022865000623306e-08,0
site_13763,5,0,1.0196902840357536e-07,0
site_09317,5,0,5.179287963808862e-08,0
site_04335,5,0,8.022865001004133e-08,0
site_09464,5,0,8.022865001002851e-08,0
site_15898,5,0,8.14819198254978e-08,0
site_21269,5,0,1.2009194603629785e-07,0
site_09392,5,0,8.022865000623079e-08,0
site_18644,5,0,8.022864974111467e-08,0
site_04265,5,0,8.022865000622651e-08,0
site_00308,5,1,0.9999999545208959,1
site_03351,5,0,8.02286500100459e-08,0
site_06121,5,0,8.148191982935166e-08,0
site_17679,5,0,8.829017875267216e-08,0
site_16264,5,0,8.02286500100211e-08,0
site_14146,5,0,8.022865001001739e-08,0
site_17648,5,0,8.022865001006385e-08,0
site_14558,5,0,8.022864974491412e-08,0
site_13993,5,0,8.148191982550619e-08,0
site_09915,5,0,8.022865000623079e-08,0
site_18289,5,0,8.02286497411141e-08,0
site_08337,5,0,1.0040064730143539e-07,0
site_06226,5,0,1.1824481678427178e-07,0
site_20346,5,0,7.34800364322712e-07,0
site_20813,5,0,8.02286500062228e-08,0
site_01684,5,0,8.148191982935166e-08,0
site_14402,5,0,8.022864974490928e-08,0
site_12406,5,0,8.022865001007126e-08,0
site_05154,5,0,8.02286500062228e-08,0
site_18731,5,0,8.02286497411141e-08,0
site_20160,5,0,8.022865001003707e-08,0
site_11567,5,0,2.560242800139551e-06,0
site_09449,5,0,8.02286500062302e-08,0
site_17534,5,0,5.898315423716237e-08,0
site_14544,5,0,8.022864974490928e-08,0
site_01791,5,0,8.148191982939886e-08,0
site_15936,5,0,8.022865000622594e-08,0
site_12548,5,0,8.02286500062302e-08,0
site_08626,5,0,8.022865001005988e-08,0
site_11365,5,0,8.022865001001739e-08,0
site_21178,5,0,8.022864974111467e-08,0
site_02553,5,1,0.9999999535789069,1
site_12668,5,0,8.022865001002851e-08,0
site_13043,5,0,8.022865000622594e-08,0
site_10690,5,0,8.022865000623306e-08,0
site_10054,5,0,8.02286500062302e-08,0
site_16156,5,0,8.022865001001739e-08,0
site_09230,5,0,8.022865000623079e-08,0
site_19777,5,0,8.022864974112295e-08,0
site_14087,5,0,8.14819198254978e-08,0
site_18025,5,0,8.148191982549692e-08,0
site_12464,5,0,8.022864974493322e-08,0
site_08624,5,0,8.022865001002851e-08,0
site_06801,5,0,8.022865000622594e-08,0
site_14945,5,0,8.022865000622224e-08,0
site_01564,5,0,8.148191982549721e-08,0
site_06007,5,0,8.022865001001739e-08,0
site_04563,5,0,8.02286497411141e-08,0
site_01177,5,0,7.348136051501934e-07,0
site_12521,5,0,2.7572304648622194e-06,0
site_11116,5,1,0.9999999590185912,1
site_12529,5,0,8.022865000623904e-08,0
site_17197,5,0,8.022864974495032e-08,0
site_05265,5,0,8.022865001001739e-08,0
site_13966,5,0,8.022864974490928e-08,0
site_00891,5,0,8.148191982549721e-08,0
site_13807,5,0,1.2052355753869383e-07,0
site_00692,5,0,7.573890909286902e-08,0
site_20884,5,0,8.148191982549721e-08,0
site_18962,5,0,8.022864974111467e-08,0
site_18708,5,0,8.022864974490928e-08,0
site_17099,5,0,8.022864974111467e-08,0
site_03485,5,0,8.022865000623108e-08,0
site_21390,5,1,0.9999999602509853,1
site_19497,5,0,8.022864974490928e-08,0
site_08376,5,0,8.022865000623904e-08,0
site_13416,5,0,8.022864974111695e-08,0
site_00533,5,0,8.148191982549721e-08,0
site_02921,5,0,8.14819198293835e-08,0
site_12194,5,0,8.022865000623478e-08,0
site_14201,5,0,8.148191982549721e-08,0
site_17326,5,0,2.015773389091004e-06,0
site_03258,5,0,8.14819198293835e-08,0
site_02484,5,1,0.9999999535789069,1
site_07460,5,0,8.022865000623904e-08,0
site_03876,5,0,1.2130192100042332e-07,0
site_19577,5,0,8.148191982549692e-08,0
site_04450,5,0,8.022864974111383e-08,0
site_03450,5,0,8.148191982549721e-08,0
site_13002,5,1,0.999999953254491,1
site_21047,5,0,9.113630645312024e-08,0
site_03560,5,0,8.022865001006385e-08,0
site_15026,5,0,8.022865001001739e-08,0
site_18853,5,0,8.022864974494063e-08,0
site_14521,5,0,8.022865000622508e-08,0
site_00473,5,1,0.9999999610575827,1
site_21279,5,1,0.9999999590185912,1
site_09815,5,0,8.022865001002851e-08,0
site_03914,5,0,8.022864974490928e-08,0
site_11808,5,0,8.022865001001739e-08,0
site_17797,5,0,8.148191982937598e-08,0
site_17547,5,0,8.022864974492894e-08,0
site_07140,5,0,8.02286497411141e-08,0
site_01955,5,0,8.14819198293835e-08,0
site_08792,5,0,8.022865001002851e-08,0
site_20977,5,0,8.022864974490928e-08,0
site_03674,5,0,8.148191982549721e-08,0
site_00261,5,1,0.9999999556556414,1
site_12581,5,0,8.022865001001739e-08,0
site_15698,5,1,0.9999999185683466,1
site_15051,5,0,8.022864974112295e-08,0
site_00390,5,1,0.9999999568032282,1
site_14793,5,0,8.022864974111467e-08,0
site_04843,5,0,8.022864974111695e-08,0
site_08688,5,0,8.148191982935166e-08,0
site_07934,5,0,8.02286500062228e-08,0
site_10282,5,0,8.148191982549721e-08,0
site_01310,5,0,8.148191982939886e-08,0
site_07933,5,0,8.022865000622194e-08,0
site_04560,5,0,8.02286497411141e-08,0
site_10785,5,0,5.807197143720035e-08,0
site_17677,5,0,8.14819198254978e-08,0
site_08154,5,0,8.022865000623079e-08,0
site_05667,5,0,8.022865000622651e-08,0
site_07779,5,0,8.022865000623478e-08,0
site_15243,5,0,8.02286497411141e-08,0
site_14807,5,0,8.02286497411141e-08,0
site_01770,5,0,8.022864974493777e-08,0
site_05744,5,0,8.022864974112295e-08,0
site_12566,5,0,8.022865000622565e-08,0
site_11025,5,0,8.02286500062302e-08,0
site_01456,5,0,8.14819198293835e-08,0
site_11245,5,0,3.749207519497129e-08,0
site_04882,5,0,8.022864974112295e-08,0
site_13988,5,0,8.14819198254978e-08,0
site_03663,5,0,8.148191982549692e-08,0
site_09461,5,0,8.022865000623904e-08,0
site_21150,5,0,8.148191982935166e-08,0
site_01034,5,1,0.9999997420420873,1
site_17792,5,0,8.022864974491412e-08,0
site_00522,5,0,8.148191982935166e-08,0
site_15469,5,0,8.02286497411141e-08,0
site_15809,5,0,8.022865001002224e-08,0
site_01360,5,1,0.9999999535789069,1
site_10047,5,0,8.022865001005217e-08,0
site_18074,5,0,8.02286497411141e-08,0
site_03873,5,0,8.148191982935166e-08,0
site_12642,5,1,0.9999999685321009,1
site_07050,5,0,8.02286500062228e-08,0
site_08413,5,0,8.022865001003308e-08,0
site_17512,5,0,8.148191982935166e-08,0
site_19761,5,0,8.02286500062228e-08,0
site_15865,5,0,8.02286500062228e-08,0
site_06611,5,0,8.14819198255001e-08,0
site_03023,5,0,8.148191982935166e-08,0
site_13011,5,0,8.14819198254978e-08,0
site_15955,5,0,8.022864974494063e-08,0
site_00430,5,1,0.9999999590185912,1
site_18499,5,0,8.022864974111467e-08,0
site_04695,5,0,8.02286497411141e-08,0
site_12525,5,0,1.4686619875710823e-05,0
site_13059,5,0,8.022865000622224e-08,0
site_15933,5,0,8.02286500062228e-08,0
site_15567,5,0,8.02286500062228e-08,0
site_13028,5,0,8.022865000623079e-08,0
site_15130,5,0,8.02286497411141e-08,0
site_18435,5,0,8.022864974111695e-08,0
site_18659,5,0,8.022864974111467e-08,0
site_06923,5,0,8.022864974111695e-08,0
site_19826,5,0,8.022865000622224e-08,0
site_11918,5,0,8.022865000623079e-08,0
site_17331,5,0,2.1573221896835293e-06,0
site_05101,5,0,8.022865001001739e-08,0
site_03772,5,0,8.022865001004875e-08,0
site_03686,5,0,8.148191982935166e-08,0
site_06115,5,0,8.14819198293835e-08,0
site_03959,5,0,5.80719714371952e-08,0
site_14121,5,0,8.022865000623306e-08,0
site_09366,5,0,8.022865001002851e-08,0
site_14471,5,0,8.022864974111467e-08,0
site_13670,5,0,8.14819198255001e-08,0
site_19892,5,0,8.02286500062228e-08,0
site_10726,5,0,2.0031810261880097e-06,0
site_20737,5,1,0.9999999772702507,1
site_14434,5,0,8.022865000622224e-08,0
site_11605,5,0,8.022865000622994e-08,0
site_07641,5,0,8.02286500062302e-08,0
site_15977,5,0,2.283949878673337e-05,0
site_20618,5,0,7.348324424349696e-07,0
site_18415,5,0,8.022864974111695e-08,0
site_18832,5,0,8.14819198254978e-08,0
site_18009,5,0,8.022864974493322e-08,0
site_21144,5,0,8.148191982549721e-08,0
site_11144,5,0,2.3695933759558106e-06,0
site_07177,5,0,8.022865000623108e-08,0
site_09122,5,0,8.022865000623079e-08,0
site_10031,5,0,8.022865001002566e-08,0
site_15380,5,0,8.02286500062228e-08,0
site_14326,5,0,8.022865000622508e-08,0
site_11542,5,0,6.153964811389106e-08,0
site_17825,5,0,8.14819198294003e-08,0
site_18978,5,1,0.9999999185683468,1
site_17694,5,0,8.02286500062228e-08,0
site_17005,5,0,8.022864974111467e-08,0
site_04423,5,0,8.022864974111467e-08,0
site_08099,5,0,8.02286500062302e-08,0
site_12726,5,0,8.148191982935166e-08,0
site_10526,5,0,8.14819198255001e-08,0
site_09215,5,0,8.02286500062302e-08,0
site_17834,5,0,8.022864974493777e-08,0
site_01576,5,1,0.999999503009109,1
site_15296,5,0,8.022865001001739e-08,0
site_06186,5,0,8.148191982550619e-08,0
site_08841,5,0,8.022865000623904e-08,0
site_09397,5,0,5.978701029879237e-08,0
site_08694,5,0,8.02286500062302e-08,0
site_15089,5,0,8.022864974111467e-08,0
site_16753,5,0,8.02286500100211e-08,0
site_00545,5,0,8.148191982549721e-08,0
site_13825,5,0,8.022865000622594e-08,0
site_02498,5,0,8.022864974111383e-08,0
site_07136,5,0,8.022865001002851e-08,0
site_14573,5,0,8.022864974111695e-08,0
site_12933,5,0,8.022865001001739e-08,0
site_04338,5,0,8.022865000622508e-08,0
site_12686,5,0,1.004006473014265e-07,0
site_12989,5,1,0.9999998859039888,1
site_01782,5,0,8.148191982935166e-08,0
site_04957,5,0,1.182448171750008e-07,0
site_15410,5,0,8.02286500062228e-08,0
site_17682,5,0,5.392017439589248e-08,0
site_19396,5,0,6.5973052007555e-07,0
site_13692,5,0,8.148191982937598e-08,0
site_02286,5,0,8.210417735245998e-08,0
site_18326,5,0,8.022864974111383e-08,0
site_18082,5,0,4.4724242662722835e-08,0
site_11162,5,0,8.022865000623306e-08,0
site_17712,5,0,8.022864974490928e-08,0
site_17830,5,0,8.022864974491412e-08,0
site_13181,5,0,8.022864974111383e-08,0
site_05647,5,1,0.9999999590185912,1
site_17138,5,0,8.022865001001739e-08,0
site_03568,5,0,8.022864974495573e-08,0
site_02271,5,0,8.02286497411141e-08,0
site_02485,5,0,2.003185945632428e-06,0
site_13838,5,0,8.022865001001625e-08,0
site_12881,5,1,0.9999999602509853,1
site_13494,5,0,8.022865001005217e-08,0
site_09335,5,0,9.128342562243432e-08,0
site_17372,5,0,8.148191982935166e-08,0
site_05334,5,0,5.80719712452966e-08,0
site_18706,5,0,8.022864974111467e-08,0
site_16584,5,0,8.022865001002224e-08,0
site_14678,5,0,8.022865000622879e-08,0
site_15726,5,0,8.022865000622194e-08,0
site_07834,5,0,8.02286500100211e-08,0
site_06460,5,0,8.14819198254978e-08,0
site_14053,5,0,8.022864974111695e-08,0
site_14179,5,0,8.14819198254978e-08,0
site_04713,5,0,8.022865000622194e-08,0
site_20712,5,0,8.022864974111695e-08,0
site_11595,5,0,8.022865000623079e-08,0
site_11841,5,0,6.607375919893077e-08,0
site_04228,5,0,8.022864974490928e-08,0
site_01083,5,0,8.148191982938061e-08,0
site_04715,5,0,8.022864974494063e-08,0
site_11892,5,0,8.022865000623904e-08,0
site_09670,5,0,8.022865000623904e-08,0
site_00976,5,0,8.14819198254978e-08,0
site_04905,5,0,8.022865001006528e-08,0
site_21177,5,0,8.022864974495573e-08,0
site_20830,5,0,8.148191982549721e-08,0
site_18864,5,0,8.022864974111467e-08,0
site_07567,5,0,8.022865000622508e-08,0
site_13866,5,0,5.89791268084961e-08,0
site_09732,5,0,2.7572340677923875e-06,0
site_08980,5,0,8.022865000623079e-08,0
site_04952,5,0,8.022865001003707e-08,0
site_00163,5,0,8.148191982549721e-08,0
site_08001,5,0,8.022865000622651e-08,0
site_04221,5,0,1.1824481678427178e-07,0
site_00204,5,0,8.148191982935166e-08,0
site_01821,5,0,8.02286497411141e-08,0
site_05292,5,0,8.022865000622224e-08,0
site_12045,5,0,8.022865000623079e-08,0
site_15659,5,0,8.022865000622508e-08,0
site_17079,5,1,0.9999999535789071,1
site_11198,5,0,8.022865001005217e-08,0
site_12093,5,0,5.978701010122642e-08,0
site_00868,5,0,8.14819198255001e-08,0
site_09448,5,0,8.022864974490928e-08,0
site_06692,5,0,8.148191982550619e-08,0
site_12072,5,0,8.022865001006385e-08,0
site_09518,5,0,9.128342562239866e-08,0
site_10978,5,1,0.9999999786491609,1
site_11015,5,0,8.148191982935166e-08,0
site_00393,5,1,0.9999999610575825,1
site_04469,5,0,8.084133661835572e-08,0
site_12842,5,0,8.022864974490928e-08,0
site_05866,5,0,8.022865000622224e-08,0
site_15508,5,0,8.022865001004133e-08,0
site_06982,5,0,8.022864974111467e-08,0
site_15517,5,0,8.022865000622508e-08,0
site_01686,5,0,8.148191982935166e-08,0
site_06514,5,0,5.990454339973102e-08,0
site_16843,5,0,8.148191982937598e-08,0
site_07918,5,0,8.022865001002851e-08,0
site_08665,5,0,8.022865001002424e-08,0
site_04728,5,0,8.022864974495716e-08,0
site_03024,5,0,8.148191982549721e-08,0
site_04368,5,0,8.022864974111383e-08,0
site_17963,5,0,8.148191982549721e-08,0
site_02959,5,0,8.022864974111467e-08,0
site_00556,5,1,0.9999998040449398,1
site_05213,5,0,8.022865000622594e-08,0
site_14853,5,0,8.022865000623478e-08,0
site_19511,5,0,8.148191982937598e-08,0
site_01746,5,0,8.14819198254978e-08,0
site_15578,5,0,8.022865000622224e-08,0
site_05979,5,0,8.148191982549721e-08,0
site_06815,5,0,8.022864974490928e-08,0
site_06766,5,0,8.148191982550619e-08,0
site_18421,5,0,8.022864974111695e-08,0
site_09839,5,0,7.147782207457256e-08,0
site_20330,5,0,8.148191982935051e-08,0
site_00747,5,0,8.148191982937163e-08,0
site_06551,5,0,8.022864974111695e-08,0
site_10821,5,0,8.022865000623079e-08,0
site_19130,5,0,8.022864974490928e-08,0
site_20303,5,0,8.022864974490928e-08,0
site_12753,5,1,0.9999999610575825,1
site_03704,5,0,8.022865000622508e-08,0
site_21370,5,1,0.9999999610575827,1
site_12042,5,0,8.022865000623079e-08,0
site_10736,5,1,0.9999999590185912,1
site_18492,5,0,8.022864974490928e-08,0
site_10168,5,0,8.02286500062302e-08,0
site_09867,5,0,6.607375919893077e-08,0
site_05510,5,0,8.022865001005702e-08,0
site_08419,5,0,8.022865000622994e-08,0
site_16693,5,0,8.022865001006528e-08,0
site_09369,5,0,8.022865000623306e-08,0
site_01020,5,1,0.9999998835407682,1
site_01645,5,0,8.14819198254978e-08,0
site_10068,5,0,5.80719714371952e-08,0
site_02857,5,0,8.022864974490928e-08,0
site_09960,5,0,8.022865001002851e-08,0
site_15461,5,0,8.022865000622224e-08,0
site_02371,5,0,5.80719712452966e-08,0
site_08200,5,0,8.022865001005702e-08,0
site_19527,5,1,0.9999999535789071,1
site_02919,5,0,8.148191982939886e-08,0
site_14176,5,0,8.14819198254978e-08,0
site_07356,5,0,8.022864974111467e-08,0
site_21301,5,1,0.9999999693604995,1
site_08039,5,0,8.022865001002851e-08,0
site_16954,5,0,8.14819198255001e-08,0
site_20517,5,0,8.022864974490928e-08,0
site_07516,5,0,8.022865000622508e-08,0
site_04579,5,0,8.022864974111467e-08,0
site_17071,5,1,0.9999982680659683,1
site_20521,5,0,8.022864974112295e-08,0
site_10925,5,0,8.022865000622994e-08,0
site_15591,5,0,8.022865001001739e-08,0
site_17836,5,0,8.022864974111695e-08,0
site_19270,5,0,8.022865000622508e-08,0
site_12592,5,0,8.022864974493777e-08,0
site_09015,5,0,8.148191982549692e-08,0
site_13685,5,0,8.148191982549721e-08,0
site_16034,5,0,8.148191982935166e-08,0
site_19578,5,0,8.14819198254978e-08,0
site_10171,5,0,8.022865001002851e-08,0
site_15472,5,0,8.022864974493777e-08,0
site_09246,5,1,0.999968415969038,1
site_03078,5,0,8.148191982938061e-08,0
site_09346,5,0,8.148191982549721e-08,0
site_15344,5,0,8.022865000622224e-08,0
site_13267,5,0,8.022865001005988e-08,0
site_09856,5,1,0.9999999691706559,1
site_14702,5,0,8.022864974492894e-08,0
site_20135,5,1,0.9999999379622851,1
site_07981,5,0,8.02286500062302e-08,0
site_14279,5,0,8.148191982549721e-08,0
site_16071,5,0,8.022865000622594e-08,0
site_15476,5,0,8.14819198254978e-08,0
site_03563,5,0,8.022865001006385e-08,0
site_14395,5,0,8.022864974111467e-08,0
site_16302,5,0,8.148191982935166e-08,0
site_19199,5,0,8.02286500062228e-08,0
site_12450,5,0,8.022865001004133e-08,0
site_05190,5,0,8.022865000622224e-08,0
site_09893,5,0,8.022865000623079e-08,0
site_10270,5,0,8.148191982549721e-08,0
site_12224,5,0,8.148191982939335e-08,0
site_03983,5,0,8.022864974111695e-08,0
site_11181,5,0,8.022865001002851e-08,0
site_19375,5,0,8.14819198254978e-08,0
site_16947,5,0,8.148191982937598e-08,0
site_13527,5,0,8.022864974490928e-08,0
site_19746,5,1,0.9999998084369611,1
site_02545,5,1,0.9999999535789071,1
site_20493,5,1,0.9999998084370317,1
site_19603,5,1,0.9999998084366964,1
site_11611,5,0,8.02286500062302e-08,0
site_21094,5,0,8.148191982549721e-08,0
site_20794,5,1,0.9999999547371561,1
site_14159,5,0,1.0040064696966188e-07,0
site_19529,5,1,0.9999999379622632,1
site_14213,5,0,1.205235575386219e-07,0
site_17377,5,0,3.40531805377794e-05,0
site_09959,5,0,8.022865001002851e-08,0
site_20614,5,1,0.9999999535789071,1
site_14689,5,0,8.02286500062228e-08,0
site_05924,5,0,8.022865000623306e-08,0
site_17272,5,1,0.9999999652569777,1
site_09585,5,0,8.022865000623079e-08,0
site_15480,5,0,8.14819198293835e-08,0
site_06941,5,0,8.022865000622651e-08,0
site_03156,5,1,0.9999999610575827,1
site_15058,5,0,8.022864974111383e-08,0
site_02719,5,1,0.9999999590185912,1
site_11017,5,0,8.14819198255001e-08,0
site_14843,5,0,8.022865001002224e-08,0
site_07893,5,0,8.022865000623478e-08,0
site_12676,5,0,8.022865001002851e-08,0
site_10191,5,0,8.022865001002851e-08,0
site_07594,5,0,8.022865001002851e-08,0
site_13766,5,0,8.148191982939335e-08,0
site_07085,5,0,8.022864974111695e-08,0
site_07871,5,0,8.022865001003308e-08,0
site_07173,5,0,8.022865000622194e-08,0
site_09087,5,0,8.877425828434501e-08,0
site_08886,5,0,8.148191982935166e-08,0
site_14691,5,0,8.022865000623108e-08,0
site_08084,5,0,8.022865001003308e-08,0
site_09169,5,0,8.148191982549721e-08,0
site_07769,5,0,8.022865000623108e-08,0
site_14607,5,0,8.022865001003707e-08,0
site_12849,5,0,8.14819198294003e-08,0
site_05540,5,0,8.022865000622651e-08,0
site_05440,5,0,8.022865000622594e-08,0
site_09757,5,0,5.89791268084961e-08,0
site_08037,5,0,8.022865000623079e-08,0
site_19588,5,1,0.9999998040449398,1
site_21434,5,0,5.637977330457549e-08,0
site_13137,5,0,8.022865000623079e-08,0
site_19339,5,0,8.02286500062228e-08,0
site_11537,5,0,5.897912680850135e-08,0
site_02197,5,0,8.022864974493322e-08,0
site_20157,5,0,8.02286500062228e-08,0
site_00052,5,1,0.9999995496075337,1
site_00012,5,0,7.348314822135068e-07,0
site_13953,5,0,8.022864974495716e-08,0
site_02429,5,0,8.022864974111695e-08,0
site_15680,5,0,8.022864974490928e-08,0
site_07195,5,0,8.02286500062302e-08,0
site_06271,5,0,8.022864974111695e-08,0
site_19024,5,0,8.022864974111383e-08,0
site_17856,5,0,8.022864974111383e-08,0
site_09923,5,0,8.022865000623306e-08,0
site_01507,5,0,8.148191982935166e-08,0
site_12372,5,1,0.9999999522862718,1
site_16871,5,0,8.022865001005245e-08,0
site_01185,5,0,8.022864974490928e-08,0
site_18835,5,0,8.148191982935166e-08,0
site_19760,5,0,8.022865000622594e-08,0
site_04660,5,0,8.022865000622224e-08,0
site_20471,5,0,8.14819198254978e-08,0
site_13874,5,0,8.148191982939886e-08,0
site_14644,5,0,8.022864974490928e-08,0
site_18045,5,0,8.14819198254978e-08,0
site_19743,5,1,0.9999997861889385,1
site_01069,5,0,7.348154097196388e-07,0
site_20743,5,0,7.804427050791693e-07,0
site_10578,5,0,8.022865000623079e-08,0
site_06671,5,0,8.148191982550619e-08,0
site_14780,5,0,8.02286500062228e-08,0
site_19870,5,0,6.5973052007555e-07,0
site_06342,5,0,8.022864974111695e-08,0
site_12453,5,0,8.02286500062228e-08,0
site_13546,5,0,5.897912680850135e-08,0
site_00113,5,0,1.2334107037127178e-07,0
site_02179,5,1,0.9999999590185912,1
site_16148,5,0,8.022865000622224e-08,0
site_09584,5,0,8.022865000622994e-08,0
site_15442,5,0,8.022865001001739e-08,0
site_16732,5,1,0.9999999535789262,1
site_16956,5,0,8.148191982549721e-08,0
site_01222,5,0,8.022864974493322e-08,0
site_06039,5,1,0.9999997675250824,1
site_16803,5,1,0.9999999590185912,1
site_21208,5,0,8.022864974491412e-08,0
site_08436,5,0,8.022865000623079e-08,0
site_06562,5,0,8.022865000622194e-08,0
site_16844,5,0,8.14819198254978e-08,0
site_13100,5,0,5.897912680850135e-08,0
site_03320,5,0,8.14819198254978e-08,0
site_12495,5,0,8.148191982550619e-08,0
site_06833,5,0,1.2009194603630127e-07,0
site_09843,5,0,2.0031810261880097e-06,0
site_17904,5,0,8.022864974493322e-08,0
site_02911,5,0,8.02286497411141e-08,0
site_14990,5,0,8.02286497411141e-08,0
site_06036,5,0,8.148191982935166e-08,0
site_01130,5,1,0.9999999610575825,1
site_17017,5,0,8.14819198254978e-08,0
site_09519,5,0,9.12834256180838e-08,0
site_04198,5,0,8.022864974491412e-08,0
site_01508,5,0,8.148191982937163e-08,0
site_20038,5,0,8.148191982937163e-08,0
site_08465,5,0,8.022865001005702e-08,0
site_08127,5,0,1.182448171750113e-07,0
site_13821,5,0,8.022865000623306e-08,0
site_21539,5,0,8.148191982939335e-08,0
site_08573,5,0,8.022865001007241e-08,0
site_02390,5,0,8.022864974495573e-08,0
site_11896,5,0,8.022865000623079e-08,0
site_21048,5,0,8.148191982939886e-08,0
site_02691,5,0,8.02286497449623e-08,0
site_03920,5,0,8.022864974111695e-08,0
site_12054,5,0,8.02286500062302e-08,0
site_10990,5,0,2.56023423353638e-06,0
site_12442,5,0,8.022865001002594e-08,0
site_03317,5,0,8.14819198293835e-08,0
site_19925,5,1,0.9999999610575827,1
site_17702,5,0,4.403634088616682e-08,0
site_03414,5,0,8.022865001001739e-08,0
site_13110,5,1,0.999999503009109,1
site_11760,5,0,8.022865000623079e-08,0
site_07407,5,0,5.807197143720035e-08,0
site_02254,5,0,8.022864974490928e-08,0
site_03091,5,0,8.14819198255001e-08,0
site_13463,5,0,8.14819198254978e-08,0
site_01659,5,0,5.89791268084961e-08,0
site_04451,5,0,8.022864974490928e-08,0
site_17732,5,0,8.148191982935166e-08,0
site_20847,5,1,0.9999999730304582,1
site_10615,5,1,0.9999999590185912,1
site_08834,5,0,8.02286500062302e-08,0
site_04739,5,0,8.022864974493777e-08,0
site_17216,5,1,0.999999503009109,1
site_07824,5,0,8.022865000622224e-08,0
site_01603,5,0,8.148191982935166e-08,0
site_09878,5,0,8.148191982550619e-08,0
site_11129,5,1,0.9999999675040907,1
site_17867,5,0,8.022864974492894e-08,0
site_01421,5,0,8.148191982549692e-08,0
site_21409,5,1,0.9999999610575827,1
site_14296,5,0,8.022864974491412e-08,0
site_19265,5,0,8.022865000622224e-08,0
site_01329,5,0,7.348136051501934e-07,0
site_19950,5,0,8.022865000622651e-08,0
site_07122,5,0,8.02286500062228e-08,0
site_08283,5,0,1.0408164981812904e-07,0
site_11065,5,0,8.022865001005988e-08,0
site_05971,5,0,8.14819198254978e-08,0
site_06857,5,0,8.02286497411141e-08,0
site_12644,5,0,1.9154781451164403e-06,0
site_08522,5,0,8.022865001005217e-08,0
site_14221,5,0,8.022865000623478e-08,0
site_13303,5,0,8.022864974111383e-08,0
site_11501,5,0,8.022865000623079e-08,0
site_04935,5,0,8.022864974111383e-08,0
site_09407,5,0,2.448150655074911e-06,0
site_16128,5,0,8.022865001002594e-08,0
site_02253,5,0,8.022864974494063e-08,0
site_00003,5,0,7.348324885815281e-07,0
site_19035,5,0,8.148191982939886e-08,0
site_02307,5,0,8.022864974490928e-08,0
site_11882,5,0,6.607375919893077e-08,0
site_02464,5,0,5.897912680850135e-08,0
site_13577,5,0,8.148191982935166e-08,0
site_01670,5,0,7.259439324886325e-08,0
site_12531,5,0,8.02286500062302e-08,0
site_20714,5,0,8.022864974495573e-08,0
site_03472,5,1,0.9999999610575827,1
site_17477,5,1,0.9999999602509853,1
site_03782,5,0,8.022864974491412e-08,0
site_17676,5,0,8.148191982549721e-08,0
site_03699,5,0,8.02286500062228e-08,0
site_15070,5,0,8.02286497411141e-08,0
site_14749,5,0,8.022864974490928e-08,0
site_09075,5,1,0.9999999738636465,1
site_04897,5,0,8.022865000622508e-08,0
site_08788,5,0,8.02286500062302e-08,0
site_07844,5,0,8.022865000623079e-08,0
site_11641,5,0,8.022865001002851e-08,0
site_02210,5,0,8.02286497411141e-08,0
site_00881,5,0,8.14819198255001e-08,0
site_02341,5,0,8.148191982935166e-08,0
site_00476,5,1,0.9999999419662271,1
site_20266,5,1,0.9999999610575825,1
site_02065,5,0,8.14819198294003e-08,0
site_17258,5,0,8.148191982938061e-08,0
site_01624,5,0,5.897912680850135e-08,0
site_11013,5,1,0.9999999168816887,1
site_16298,5,0,8.148191982549721e-08,0
site_16773,5,0,8.148191982549721e-08,0
site_00885,5,0,8.148191982935166e-08,0
site_03449,5,0,8.148191982935166e-08,0
site_13774,5,0,8.14819198255001e-08,0
site_06665,5,0,8.02286497449623e-08,0
site_01960,5,0,1.0196902840357536e-07,0
site_11906,5,0,8.022865000623079e-08,0
site_02801,5,0,8.022864974490928e-08,0
site_11449,5,0,8.022865000623079e-08,0
site_03299,5,0,8.022864974492894e-08,0
site_06928,5,0,8.02286500062228e-08,0
site_13917,5,0,8.022865000623079e-08,0
site_13124,5,0,1.2009194603629785e-07,0
site_19104,5,0,8.148191982549721e-08,0
site_19182,5,1,0.9999999610575825,1
site_05113,5,0,8.022865000622224e-08,0
site_20797,5,1,0.9999999379622856,1
site_15762,5,0,7.259439324886325e-08,0
site_17125,5,1,0.9999999535789256,1
site_17970,5,0,8.148191982935166e-08,0
site_17240,5,0,8.022865001006528e-08,0
site_12462,5,0,8.022864974495716e-08,0
site_20067,5,1,0.9999998123239277,1
site_16457,5,0,8.02286500100211e-08,0
site_04494,5,0,8.022864974111467e-08,0
site_02732,5,0,8.02286497411141e-08,0
site_16797,5,1,0.9999999535789071,1
site_13936,5,0,8.022865001001739e-08,0
site_13536,5,0,5.80719712452966e-08,0
site_07315,5,0,8.022865000623108e-08,0
site_02032,5,0,1.2144396647839205e-07,0
site_19778,5,0,8.022864974111695e-08,0
site_12806,5,0,8.022865000623478e-08,0
site_16566,5,0,8.022865000622994e-08,0
site_17664,5,0,8.148191982549721e-08,0
site_00557,5,1,0.999999503009109,1
site_02416,5,1,0.9999999545208959,1
site_10078,5,0,6.738241270408902e-08,0
site_01245,5,1,0.9999999610575827,1
site_06566,5,0,8.022865000622224e-08,0
site_10174,5,0,8.022865000622994e-08,0
site_09652,5,0,5.8979126808490866e-08,0
site_19534,5,1,0.9999924874296034,1
site_12966,5,0,8.103459996990054e-08,0
site_19565,5,0,8.022864974111695e-08,0
site_19552,5,0,8.022865001001739e-08,0
site_12137,5,0,2.560242800139551e-06,0
site_14930,5,0,1.2052355753292145e-07,0
site_10879,5,0,9.435697449614856e-07,0
site_14336,5,0,8.022865001001739e-08,0
site_06679,5,0,8.148191982937163e-08,0
site_11694,5,0,8.877425828433902e-08,0
site_20740,5,0,1.8599802704225028e-06,0
site_05244,5,0,8.02286500062228e-08,0
site_06444,5,0,8.148191982935166e-08,0
site_08561,5,0,8.022865000623904e-08,0
site_17439,5,0,4.4036340886174645e-08,0
site_16054,5,0,8.022865001005245e-08,0
site_21029,5,0,8.022864974491412e-08,0
site_10453,5,0,8.022865000623079e-08,0
site_08128,5,0,8.022865001007241e-08,0
site_11912,5,0,8.022865000623904e-08,0
site_21507,5,0,8.148191982935659e-08,0
site_08246,5,0,1.194361815704475e-07,0
site_10903,5,0,8.022865001002851e-08,0
site_09816,5,0,8.022865000623079e-08,0
site_06387,5,0,8.148191982939886e-08,0
site_02323,5,0,8.022864974490928e-08,0
site_00173,5,0,5.790072538438287e-08,0
site_16565,5,0,8.022865000622994e-08,0
site_09536,5,0,8.148191982550619e-08,0
site_01477,5,0,8.148191982937163e-08,0
site_10902,5,0,8.02286500062302e-08,0
site_05728,5,0,8.022865000623478e-08,0
site_12878,5,1,0.9999999602509853,1
site_15037,5,0,8.022864974112295e-08,0
site_02353,5,1,0.999999965787146,1
site_09613,5,1,0.9999999668310171,1
site_19983,5,0,8.14819198254978e-08,0
site_03513,5,0,8.148191982935166e-08,0
site_21382,5,1,0.9999999473778499,1
site_21199,5,1,0.9999999545208959,1
site_15669,5,0,8.02286500062228e-08,0
site_14248,5,0,1.004006473014265e-07,0
site_12536,5,0,8.022865001003308e-08,0
site_14062,5,0,8.022864974495716e-08,0
site_14100,5,0,8.14819198254978e-08,0
site_08908,5,0,8.022865000623306e-08,0
site_12057,5,0,8.022865001007126e-08,0
site_13680,5,0,8.14819198254978e-08,0
site_20763,5,0,8.022864974111695e-08,0
site_12725,5,0,8.148191982549721e-08,0
site_21445,5,0,8.14819198293835e-08,0
site_04306,5,0,8.148191982939886e-08,0
site_07525,5,0,8.022865000623478e-08,0
site_05119,5,0,8.022865001001739e-08,0
site_18925,5,0,8.022864974111383e-08,0
site_16013,5,0,8.022865000622194e-08,0
site_05169,5,0,8.022865000623108e-08,0
site_02067,5,0,8.148191982939886e-08,0
site_08259,5,0,1.2077480797795738e-07,0
site_00091,5,0,6.607375919893077e-08,0
site_03596,5,0,8.148191982549692e-08,0
site_01619,5,0,8.14819198254978e-08,0
site_01160,5,0,8.148191982935166e-08,0
site_02158,5,0,8.103459996990054e-08,0
site_01848,5,0,8.148191982549721e-08,0
site_00493,5,0,8.148191982935166e-08,0
site_13731,5,0,8.02286500062228e-08,0
site_01031,5,0,2.0031877288819533e-06,0
site_11050,5,0,8.022865000622994e-08,0
site_10549,5,0,8.02286500062302e-08,0
site_11032,5,0,8.02286500062302e-08,0
site_04596,5,0,8.022865001004961e-08,0
site_04833,5,0,8.02286497411141e-08,0
site_04851,5,0,8.022865001005331e-08,0
site_02095,5,0,5.807197124529144e-08,0
site_15427,5,0,8.02286500100459e-08,0
site_07143,5,0,8.02286497411141e-08,0
site_01728,5,0,8.148191982939886e-08,0
site_09177,5,0,8.022864974493777e-08,0
site_19873,5,0,7.348314822135068e-07,0
site_04059,5,0,8.148191982549721e-08,0
site_06625,5,0,8.022864974111467e-08,0
site_12611,5,0,5.897912680850135e-08,0
site_16198,5,0,8.022865000622594e-08,0
site_07684,5,0,8.02286500062302e-08,0
site_08786,5,0,8.022865000623079e-08,0
site_04701,5,0,8.022864974490928e-08,0
site_06990,5,0,8.022865000622508e-08,0
site_19767,5,0,8.022865001001739e-08,0
site_06222,5,0,8.022864974111467e-08,0
site_15941,5,0,8.022865000622224e-08,0
site_08666,5,0,8.022865001005217e-08,0
site_05823,5,1,0.999999960250985,1
site_09340,5,0,8.14819198255001e-08,0
site_14324,5,0,8.02286500100211e-08,0
site_09782,5,0,8.022865001002851e-08,0
site_10779,5,0,8.022865000623079e-08,0
site_18469,5,0,1.2009194603629785e-07,0
site_12840,5,0,8.022864974490928e-08,0
site_21000,5,0,8.148191982935166e-08,0
site_20354,5,0,7.348332868268551e-07,0
site_21063,5,1,0.9999999559085122,1
site_01914,5,0,8.022864974495573e-08,0
site_07911,5,0,8.022865000623306e-08,0
site_08288,5,0,8.022865001006414e-08,0
site_07747,5,0,8.022865000623079e-08,0
site_05891,5,1,0.9999999610575825,1
site_05257,5,0,8.022865000622224e-08,0
site_09859,5,1,0.999999970704541,1
site_16561,5,1,0.9999999545208983,1
site_13452,5,0,8.14819198254978e-08,0
site_07618,5,0,8.022865000622879e-08,0
site_05037,5,0,8.022865001001739e-08,0
site_09490,5,0,8.022865001006927e-08,0
site_04201,5,0,8.022864974495118e-08,0
site_16654,5,0,8.14819198293835e-08,0
site_00068,5,0,6.607375919893077e-08,0
site_04860,5,0,8.022865000622194e-08,0
site_21032,5,0,8.022864974111695e-08,0
site_07489,5,0,8.02286497411141e-08,0
site_15842,5,0,8.022865001004875e-08,0
site_12457,5,0,1.1824481717500416e-07,0
site_17473,5,0,8.148191982549692e-08,0
site_05011,5,0,8.022865001006385e-08,0
site_08148,5,0,8.022865001007753e-08,0
site_18346,5,0,8.148191982549692e-08,0
site_17281,5,0,6.357089562158616e-06,0
site_10774,5,0,8.02286500062302e-08,0
site_01581,5,0,2.11485635636508e-08,0
site_12422,5,0,8.022865000623079e-08,0
site_02363,5,0,8.022864974495716e-08,0
site_20590,5,0,8.148191982550619e-08,0
site_14049,5,0,8.022865000622224e-08,0
site_20053,5,1,0.9999998040449394,1
site_00627,5,0,8.14819198254978e-08,0
site_15621,5,0,1.2240628351542586e-07,0
site_06326,5,0,8.148191982550619e-08,0
site_11629,5,0,8.022865000623306e-08,0
site_01594,5,0,1.2009194603629785e-07,0
site_09154,5,1,0.9999999700977569,1
site_05561,5,1,0.9996792611421349,1
site_19824,5,0,8.02286500100211e-08,0
site_09112,5,0,8.02286500062302e-08,0
site_09352,5,0,8.148191982550619e-08,0
site_19576,5,0,8.148191982549721e-08,0
site_12219,5,0,8.022864974490928e-08,0
site_12547,5,0,8.022865000623904e-08,0
site_15696,5,0,8.148191982937163e-08,0
site_11731,5,1,0.9999999700977569,1
site_18408,5,0,8.022864974112295e-08,0
site_14299,5,0,8.022864974111383e-08,0
site_04226,5,0,8.022864974490928e-08,0
site_15195,5,0,8.022865001001739e-08,0
site_04813,5,0,8.02286500062228e-08,0
site_17180,5,1,0.9999999535789238,1
site_15796,5,0,8.022865000623108e-08,0
site_17148,5,0,8.022864974490928e-08,0
site_14624,5,0,8.022864974494518e-08,0
site_18905,5,0,8.14819198254978e-08,0
site_16474,5,0,8.148191982549721e-08,0
site_15087,5,0,8.022864974490928e-08,0
site_18548,5,0,5.476247379316214e-08,0
site_07076,5,0,5.978701029879237e-08,0
site_10927,5,0,8.02286500062302e-08,0
site_21339,5,1,0.9999999468735826,1
site_04863,5,0,8.022865001001739e-08,0
site_09973,5,0,2.56023423353638e-06,0
site_11036,5,0,8.02286500062302e-08,0
site_13423,5,0,8.022864974111467e-08,0
site_01703,5,0,8.148191982550619e-08,0
site_05981,5,0,8.148191982939886e-08,0
site_06486,5,0,8.022865000622224e-08,0
site_07994,5,0,8.022865001001739e-08,0
site_16713,5,0,8.148191982935166e-08,0
site_08576,5,0,8.022865001007241e-08,0
site_05419,5,0,5.8071971437184885e-08,0
site_07758,5,0,8.022865001002851e-08,0
site_10913,5,0,8.022865001002851e-08,0
site_13721,5,0,8.022865000622651e-08,0
site_04788,5,0,8.02286497411141e-08,0
site_11755,5,0,8.022865001002851e-08,0
site_21196,5,1,0.9999999545208952,1
site_16833,5,0,8.148191982938061e-08,0
site_01735,5,0,8.148191982549721e-08,0
site_05993,5,0,8.02286497411141e-08,0
site_08399,5,0,7.978821035707663e-08,0
site_12408,5,0,8.022865000623904e-08,0
site_12835,5,0,8.022864974494063e-08,0
site_07960,5,0,8.022865001007041e-08,0
site_02712,5,0,1.2130192100042332e-07,0
site_08416,5,0,8.022865001002851e-08,0
site_12139,5,0,2.56023423353638e-06,0
site_21242,5,0,8.148191982549721e-08,0
site_16434,5,1,0.9999999545208983,1
site_15952,5,0,8.022864974490928e-08,0
site_13472,5,0,8.148191982935166e-08,0
site_08676,5,0,8.022865000622994e-08,0
site_15053,5,0,8.022864974490928e-08,0
site_15291,5,0,8.02286500062228e-08,0
site_12319,5,0,8.022865000622594e-08,0
site_07698,5,0,8.022865001002851e-08,0
site_20979,5,0,8.02286497411141e-08,0
site_03307,5,0,8.022864974494063e-08,0
site_20950,5,1,0.9999999610575825,1
site_05427,5,0,8.022865000623478e-08,0
site_20660,5,0,8.148191982939886e-08,0
site_10865,5,1,0.9999999604132983,1
site_08728,5,0,8.148191982549721e-08,0
site_12705,5,0,8.022864974495716e-08,0
site_07127,5,0,8.022865000623478e-08,0
site_04102,5,0,1.0408164947419164e-07,0
site_16639,5,0,8.02286500062228e-08,0
site_02372,5,0,8.022864974111467e-08,0
site_11313,5,0,8.022865000623079e-08,0
site_16346,5,0,8.022865000622224e-08,0
site_05277,5,0,8.022865000623108e-08,0
site_18028,5,0,8.148191982549721e-08,0
site_16031,5,0,8.14819198254978e-08,0
site_13151,5,0,1.0408164981812904e-07,0
site_21372,5,1,0.9999999602509853,1
site_13480,5,0,8.148191982939886e-08,0
site_15330,5,0,5.897912680850135e-08,0
site_03860,5,0,8.02286497449623e-08,0
site_02315,5,0,8.022864974494063e-08,0
site_04203,5,0,8.022865000622565e-08,0
site_18884,5,0,8.02286500062228e-08,0
site_17381,5,1,0.9999999730304582,1
site_05323,5,0,8.022865001001739e-08,0
site_03970,5,0,1.040816498181198e-07,0
site_19460,5,0,1.8599786146568644e-06,0
site_00653,5,0,8.14819198255001e-08,0
site_13290,5,0,8.022865001001739e-08,0
site_20705,5,0,8.022864974490928e-08,0
site_00371,5,0,5.790072538438287e-08,0
site_14211,5,0,8.02286497411141e-08,0
site_12737,5,0,8.148191982935166e-08,0
site_12627,5,1,0.9999998050743666,1
site_05870,5,0,8.022865000622224e-08,0
site_19380,5,1,0.999999503009109,1
site_06219,5,0,8.022865000622224e-08,0
site_06796,5,0,8.022865000622194e-08,0
site_11990,5,0,6.607375919893077e-08,0
site_05999,5,0,8.022865000622879e-08,0
site_01913,5,0,7.147782183837436e-08,0
site_16254,5,1,0.9999999545208983,1
site_08568,5,0,8.022865001004818e-08,0
site_06410,5,0,8.022864974111467e-08,0
site_11458,5,0,8.022865000623904e-08,0
site_07930,5,0,8.022865001002851e-08,0
site_11324,5,0,8.02286500062302e-08,0
site_17524,5,1,0.9999998835407682,1
site_05595,5,0,2.003187603084436e-06,0
site_17480,5,0,4.4036340886174645e-08,0
site_09636,5,0,8.148191982935659e-08,0
site_04583,5,0,8.022864974490928e-08,0
site_09377,5,0,8.022865000623306e-08,0
site_13248,5,0,8.148191982549721e-08,0
site_04455,5,0,8.022864974491412e-08,0
site_12276,5,0,8.022865000623306e-08,0
site_21429,5,1,0.9999997675250821,1
site_10272,5,0,8.14819198254978e-08,0
site_17120,5,1,0.9999997932800718,1
site_19697,5,0,8.022865001001739e-08,0
site_14048,5,0,8.022865001003707e-08,0
site_18347,5,0,8.148191982935166e-08,0
site_13563,5,0,8.14819198255001e-08,0
site_19882,5,0,8.022865000622594e-08,0
site_09042,5,0,8.022865000623079e-08,0
site_13739,5,0,8.022865001002224e-08,0
site_05841,5,0,8.148191982935659e-08,0
site_08763,5,0,8.022865001002851e-08,0
site_05746,5,0,1.8143405404803446e-07,0
site_06367,5,0,8.022864974112295e-08,0
site_03208,5,0,8.148191982549721e-08,0
site_00763,5,0,8.148191982549721e-08,0
site_15519,5,0,8.022865000622224e-08,0
site_11825,5,0,8.14819198255001e-08,0
site_10321,5,0,8.02286500062302e-08,0
site_17421,5,0,8.148191982935166e-08,0
site_12399,5,1,0.9999999559085122,1
site_11018,5,0,6.607375919893077e-08,0
site_02006,5,0,8.148191982935166e-08,0
site_15516,5,0,8.022865001002224e-08,0
site_11082,5,0,8.02286500062302e-08,0
site_16202,5,0,8.022865000622651e-08,0
site_03174,5,0,8.022864974112295e-08,0
site_01786,5,0,8.148191982937598e-08,0
site_05814,5,1,0.9999997999862091,1
site_16353,5,0,8.022864974111383e-08,0
site_09311,5,0,5.807197143720035e-08,0
site_02379,5,0,8.022864974495032e-08,0
site_09801,5,0,8.02286500062302e-08,0
site_13133,5,0,8.87742582843283e-08,0
site_07393,5,0,8.022865000623904e-08,0
site_15381,5,0,8.022865000622224e-08,0
site_11168,5,0,8.022865000623306e-08,0
site_17790,5,0,8.022864974111383e-08,0
site_12699,5,0,8.022865000622224e-08,0
site_04158,5,0,8.022864974111467e-08,0
site_08692,5,0,8.022865000623079e-08,0
site_09855,5,0,2.3225889682120253e-06,0
site_00130,5,1,0.9999998040449398,1
site_13997,5,0,8.148191982935166e-08,0
site_05539,5,0,8.022865000623478e-08,0
site_15969,5,0,8.148191982549721e-08,0
site_12580,5,0,8.022865001001739e-08,0
site_00874,5,0,8.148191982935166e-08,0
site_19742,5,1,0.9999996680131057,1
site_04307,5,0,8.148191982935166e-08,0
site_19426,5,0,8.022865000622508e-08,0
site_05927,5,0,8.022865000622594e-08,0
site_00275,5,0,8.14819198255001e-08,0
site_00241,5,0,8.148191982935166e-08,0
site_03769,5,0,8.022865000623108e-08,0
site_06936,5,0,8.02286500062228e-08,0
site_04834,5,0,8.022864974111383e-08,0
site_19179,5,1,0.9999998859039888,1
site_09638,5,0,1.2009194603629785e-07,0
site_07475,5,0,8.022865000623904e-08,0
site_21132,5,0,8.022864974494063e-08,0
site_16211,5,0,8.022865000622565e-08,0
site_14067,5,0,1.1943618117577115e-07,0
site_05433,5,0,8.022865000622594e-08,0
site_09764,5,0,8.148191982935166e-08,0
site_04985,5,0,8.022864974111695e-08,0
site_04479,5,0,8.022865001004133e-08,0
site_19567,5,0,8.022864974111467e-08,0
site_07923,5,0,8.022865000622994e-08,0
site_15728,5,0,8.022865000622508e-08,0
site_19384,5,1,0.9999999590185912,1
site_02454,5,0,8.084133635121643e-08,0
site_18570,5,0,8.022864974112295e-08,0
site_06080,5,0,8.022865000622651e-08,0
site_19313,5,1,0.9999999419662271,1
site_07108,5,0,8.022864974111467e-08,0
site_02208,5,0,8.022864974495573e-08,0
site_03077,5,0,5.8979126808490866e-08,0
site_03979,5,0,1.1824481717500416e-07,0
site_15486,5,0,8.02286500062228e-08,0
site_18142,5,0,8.022865000622508e-08,0
site_03830,5,0,8.022865000622651e-08,0
site_05478,5,0,8.022865001001996e-08,0
site_06613,5,0,8.14819198254978e-08,0
site_20751,5,0,8.022865000623108e-08,0
site_20233,5,0,8.022865001001739e-08,0
site_07632,5,0,8.022865000623306e-08,0
site_02701,5,0,8.148191982939335e-08,0
site_05556,5,0,1.20523557538669e-07,0
site_11834,5,0,1.0196902840357536e-07,0
site_06508,5,0,8.022864974112295e-08,0
site_13859,5,0,1.0040064696966188e-07,0
site_15441,5,0,8.02286500062228e-08,0
site_06876,5,0,8.022865000622224e-08,0
site_13449,5,0,8.14819198255001e-08,0
site_15149,5,0,8.022864974111467e-08,0
site_18738,5,0,8.022865000622194e-08,0
site_14196,5,0,8.148191982550619e-08,0
site_03935,5,0,8.148191982549721e-08,0
site_06085,5,0,8.022865000622565e-08,0
site_19364,5,0,8.022864974111695e-08,0
site_11725,5,1,0.999999965787146,1
site_20300,5,0,8.022865001001739e-08,0
site_07099,5,0,8.022864974111467e-08,0
site_02663,5,0,5.177219893624702e-05,0
site_15039,5,0,8.02286497411141e-08,0
site_11702,5,1,0.9999999568032282,1
site_21441,5,1,0.9999995030091083,1
site_10610,5,1,0.999999965787146,1
site_11229,5,0,8.022865001002224e-08,0
site_14277,5,0,8.148191982935166e-08,0
site_04727,5,0,8.022864974111467e-08,0
site_13341,5,0,8.14819198255001e-08,0
site_13618,5,0,8.022865001002594e-08,0
site_02832,5,1,0.9999999610575827,1
site_01135,5,0,2.0031810261880097e-06,0
site_19669,5,1,0.9999999545208959,1
site_03372,5,0,8.022864974490928e-08,0
site_07965,5,0,8.022865001003308e-08,0
site_08760,5,0,8.022865000623306e-08,0
site_01978,5,0,5.8979126808490866e-08,0
site_21212,5,0,8.14819198255001e-08,0
site_18107,5,0,8.148191982550619e-08,0
site_09521,5,0,8.14819198255001e-08,0
site_01715,5,0,1.842682766055413e-07,0
site_06202,5,0,8.14819198254978e-08,0
site_00212,5,0,5.790072538438287e-08,0
site_13924,5,0,8.022865000623079e-08,0
site_10546,5,0,8.022865000623079e-08,0
site_15356,5,0,8.022865000622508e-08,0
site_06863,5,0,8.022864974111695e-08,0
site_05849,5,0,8.022864974490928e-08,0
site_07292,5,0,8.02286497411141e-08,0
site_11029,5,0,8.022865000623904e-08,0
site_03101,5,1,0.9999999610575827,1
site_06436,5,0,8.022864974493322e-08,0
site_03388,5,0,8.148191982938814e-08,0
site_01991,5,1,0.9999999610575827,1
site_11269,5,1,0.9999999666407882,1
site_00852,5,0,8.148191982938061e-08,0
site_15126,5,0,8.022864974490928e-08,0
site_16690,5,0,8.02286500100211e-08,0
site_04482,5,0,8.022864974111383e-08,0
site_04149,5,0,8.022865000622508e-08,0
site_19872,5,0,7.348339409811908e-07,0
site_08410,5,0,8.022865001002851e-08,0
site_04378,5,0,8.02286497411141e-08,0
site_08567,5,0,8.022865001007126e-08,0
site_02292,5,0,2.003183643788129e-06,0
site_16039,5,0,8.148191982935166e-08,0
site_07767,5,0,8.02286500062228e-08,0
site_12507,5,0,2.322596593794539e-06,0
site_21030,5,0,8.02286497411141e-08,0
site_19869,5,0,6.597327275533785e-07,0
site_11424,5,0,2.719157402874187e-06,0
site_17248,5,0,8.022864974495716e-08,0
site_10406,5,0,8.14819198254978e-08,0
site_02682,5,0,8.022865000622224e-08,0
site_09537,5,0,8.148191982549721e-08,0
site_21526,5,0,1.0196902840357536e-07,0
site_01027,5,0,7.348160177125332e-07,0
site_17260,5,0,8.148191982935659e-08,0
site_13103,5,0,8.148191982549721e-08,0
site_12311,5,0,8.02286500062302e-08,0
site_02809,5,0,1.0570753268274774e-07,0
site_16472,5,0,1.0806515617565043e-07,0
site_07032,5,0,8.022864974111467e-08,0
site_19772,5,0,8.02286497411141e-08,0
site_13055,5,0,8.022865000622224e-08,0
site_11671,5,0,8.022864974490928e-08,0
site_17550,5,0,8.02286497411141e-08,0
site_16917,5,1,0.9999999545208959,1
site_16289,5,0,8.022865001002224e-08,0
site_09105,5,0,5.8071971437190033e-08,0
site_10661,5,0,8.022865000622994e-08,0
site_11871,5,0,2.560242800139551e-06,0
site_06324,5,0,8.14819198254978e-08,0
site_16638,5,0,8.022865000623108e-08,0
site_09548,5,0,8.022865001007241e-08,0
site_11084,5,0,8.022865001002851e-08,0
site_17422,5,0,8.148191982935166e-08,0
site_10712,5,0,9.386101781755664e-07,0
site_19689,5,0,8.022865000622879e-08,0
site_08287,5,0,8.022865001002851e-08,0
site_14683,5,0,8.022865000623478e-08,0
site_18852,5,0,8.022864974111383e-08,0
site_07803,5,0,8.022865000623079e-08,0
site_06547,5,0,8.022864974111695e-08,0
site_10600,5,0,1.7215431443434795e-05,0
site_20023,5,0,8.022865001001739e-08,0
site_09150,5,0,6.73824127040986e-08,0
site_13827,5,0,8.022865000623478e-08,0
site_02896,5,1,0.9997288127108643,1
site_01931,5,1,0.9999999610575827,1
site_05878,5,0,7.147782183837436e-08,0
site_15963,5,0,8.148191982549721e-08,0
site_02234,5,0,2.0031810261880097e-06,0
site_07422,5,0,8.022864974111467e-08,0
site_02795,5,0,8.022865000622194e-08,0
site_03497,5,0,5.8071971245301753e-08,0
site_00238,5,0,8.14819198255001e-08,0
site_15820,5,0,8.022864974490928e-08,0
site_15033,5,0,8.022865000622224e-08,0
site_08409,5,0,8.022865001003308e-08,0
site_04976,5,0,8.022865000622224e-08,0
site_06211,5,0,8.022864974111467e-08,0
site_10750,5,0,7.991993092735554e-07,0
site_18530,5,0,8.022864974111695e-08,0
site_21045,5,0,8.148191982935166e-08,0
site_20463,5,0,8.148191982550619e-08,0
site_00523,5,0,7.25943932488568e-08,0
site_20734,5,1,0.9999999602509853,1
site_11715,5,1,0.999999965787146,1
site_01284,5,1,0.9999999545208959,1
site_06053,5,0,8.148191982550619e-08,0
site_13734,5,0,1.2077480797794666e-07,0
site_08423,5,0,8.022865001002851e-08,0
site_09749,5,0,1.374164732691355e-07,0
site_06484,5,0,8.022864974112295e-08,0
site_00833,5,0,1.0570753268274774e-07,0
site_13744,5,0,8.022864974490928e-08,0
site_00776,5,0,5.897912680850135e-08,0
site_15421,5,0,8.022865001001739e-08,0
site_20451,5,0,8.022864974491412e-08,0
site_18377,5,0,8.022864974490928e-08,0
site_05087,5,0,8.022865001002224e-08,0
site_13166,5,0,1.0640301081266306e-07,0
site_16430,5,1,0.999999960250987,1
site_20646,5,0,8.02286497411141e-08,0
site_18944,5,0,8.022865001002224e-08,0
site_02312,5,0,8.022864974490928e-08,0
site_05274,5,0,8.022865000622224e-08,0
site_16696,5,0,8.022865000622224e-08,0
site_07220,5,0,8.022864974112295e-08,0
site_19992,5,1,0.9999999590185912,1
site_10041,5,0,8.022865001002566e-08,0
site_11119,5,1,0.9999999535789071,1
site_06795,5,0,8.022865000622508e-08,0
site_18471,5,0,8.103459996990054e-08,0
site_12470,5,0,8.022864974492894e-08,0
site_08052,5,0,8.022865000622879e-08,0
site_09665,5,0,8.022865001007126e-08,0
site_11031,5,0,8.022865000623079e-08,0
site_10247,5,1,0.999999953578906,1
site_07794,5,0,5.80719714371952e-08,0
site_05053,5,0,8.022865000622224e-08,0
site_21501,5,0,8.148191982935166e-08,0
site_21401,5,0,8.14819198254978e-08,0
site_00532,5,0,8.14819198254978e-08,0
site_20742,5,0,7.804106754720233e-07,0
site_18812,5,0,8.022865000622224e-08,0
site_00488,5,0,8.14819198254978e-08,0
site_15673,5,0,8.022865001002224e-08,0
site_16323,5,0,8.022865000622594e-08,0
site_06458,5,0,8.148191982550619e-08,0
site_02107,5,1,0.999999953578924,1
site_18430,5,0,8.022864974490928e-08,0
site_17997,5,0,8.022864974111383e-08,0
site_16218,5,0,8.022865000622224e-08,0
site_18535,5,0,1.2077480757885753e-07,0
site_11705,5,1,0.9999999535789069,1
site_19547,5,0,8.02286500062228e-08,0
site_21238,5,0,8.022865001001739e-08,0
site_01523,5,0,3.1036432636786366e-08,0
site_17932,5,0,8.022864974495118e-08,0
site_08773,5,0,8.148191982550619e-08,0
site_06859,5,0,8.022864974111695e-08,0
site_21277,5,1,0.9999999610575827,1
site_14868,5,0,8.022865001001739e-08,0
site_19477,5,0,8.022865000623108e-08,0
site_16141,5,0,8.02286500100211e-08,0
site_10394,5,0,8.14819198255001e-08,0
site_13973,5,0,8.148191982935166e-08,0
site_13932,5,0,8.022865000623478e-08,0
site_00888,5,0,8.148191982935166e-08,0
site_10483,5,1,0.9999999535789071,1
site_09796,5,0,8.022865000623079e-08,0
site_03000,5,1,0.9999999568032282,1
site_10829,5,0,8.022865001002851e-08,0
site_13830,5,0,8.022865001004504e-08,0
site_11723,5,0,2.560242800139551e-06,0
site_03776,5,0,1.194361815704369e-07,0
site_15424,5,0,8.022865001006385e-08,0
site_16600,5,0,8.14819198255001e-08,0
site_17043,5,0,8.022865001001739e-08,0
site_06825,5,0,1.0040064696966188e-07,0
site_00423,5,1,0.9999999610575827,1
site_06748,5,0,8.022864974111467e-08,0
site_15322,5,0,8.022864974490928e-08,0
site_21138,5,0,8.02286497411141e-08,0
site_18194,5,0,8.14819198254978e-08,0
site_06016,5,0,8.022864974490814e-08,0
site_16135,5,0,8.02286500100211e-08,0
site_10276,5,0,8.148191982939421e-08,0
site_04179,5,0,8.148191982935166e-08,0
site_05521,5,0,8.022865000622879e-08,0
site_11400,5,1,0.9999999738636465,1
site_10440,5,0,8.02286500062302e-08,0
site_06804,5,0,8.022865000622565e-08,0
site_00669,5,0,8.148191982939886e-08,0
site_19524,5,1,0.9999973730614485,1
site_04178,5,0,8.148191982550619e-08,0
site_13446,5,0,8.148191982935659e-08,0
site_04600,5,0,5.8071971437190033e-08,0
site_15064,5,0,8.022864974112295e-08,0
site_15870,5,0,8.02286500062228e-08,0
site_17269,5,1,0.9999999522862718,1
site_06304,5,0,8.148191982549692e-08,0
site_18127,5,0,8.022864974490928e-08,0
site_04484,5,0,8.022864974490928e-08,0
site_17254,5,0,8.022864974495118e-08,0
site_10320,5,0,8.973454295176797e-08,0
site_14109,5,0,8.022864974490928e-08,0
site_17871,5,0,8.148191982935166e-08,0
site_10186,5,0,8.022865000622994e-08,0
site_01341,5,0,8.148191982935166e-08,0
site_00665,5,0,8.14819198254978e-08,0
site_20914,5,0,8.022865001002224e-08,0
site_09698,5,0,8.022865001002851e-08,0
site_09259,5,0,8.14819198255001e-08,0
site_04867,5,0,8.022865001003707e-08,0
site_09427,5,0,8.14819198293835e-08,0
site_18873,5,0,8.022864974111467e-08,0
site_05977,5,0,8.14819198255001e-08,0
site_18983,5,0,1.5526428765067593e-07,0
site_00272,5,0,8.148191982549721e-08,0
site_19244,5,0,8.14819198255001e-08,0
site_07891,5,0,8.022865000622879e-08,0
site_03811,5,0,8.148191982935166e-08,0
site_13000,5,1,0.9999999532544912,1
site_07724,5,0,8.022865000623478e-08,0
site_03765,5,0,8.084133661834912e-08,0
site_07883,5,0,8.02286500062228e-08,0
site_07966,5,0,5.807197143720035e-08,0
site_04061,5,0,8.148191982549692e-08,0
site_15310,5,0,8.022865000622194e-08,0
site_15308,5,0,8.022865001001739e-08,0
site_05676,5,0,8.022865001004875e-08,0
site_08338,5,0,8.02286500062302e-08,0
site_19797,5,1,0.9999999568032282,1
site_01097,5,0,6.659179290074103e-08,0
site_21270,5,0,8.148191982935166e-08,0
site_14247,5,0,8.022865001001739e-08,0
site_13547,5,0,8.148191982938061e-08,0
site_02650,5,0,5.897912680850135e-08,0
site_01481,5,0,8.148191982935659e-08,0
site_16588,5,0,8.022864974112295e-08,0
site_11937,5,0,1.2077480797795738e-07,0
site_06851,5,0,8.022864974111467e-08,0
site_07400,5,0,8.022865000623079e-08,0
site_05760,5,1,0.9999999730304582,1
site_07562,5,0,8.022865000623108e-08,0
site_09513,5,1,0.9999999758347861,1
site_10819,5,0,8.022865000623079e-08,0
site_11741,5,0,8.148191982549721e-08,0
site_10332,5,0,8.022865001002851e-08,0
site_14400,5,0,8.022864974494063e-08,0
site_06738,5,0,1.1943618117577115e-07,0
site_19745,5,1,0.9999998084366765,1
site_15205,5,0,8.02286497411141e-08,0
site_00775,5,0,8.14819198293835e-08,0
site_13229,5,0,8.148191982549721e-08,0
site_20545,5,1,0.999999958169761,1
site_21375,5,1,0.9999999610575825,1
site_13086,5,0,1.0806515617565043e-07,0
site_06813,5,0,8.022865000623108e-08,0
site_08863,5,0,8.02286500062302e-08,0
site_02252,5,0,1.2077480757885753e-07,0
site_18425,5,0,8.022864974111467e-08,0
site_01640,5,0,8.148191982939886e-08,0
site_14789,5,0,8.022864974490928e-08,0
site_18796,5,0,8.022864974111467e-08,0
site_10574,5,0,8.022865000623904e-08,0
site_13264,5,0,8.022865000623079e-08,0
site_03844,5,0,8.022865001001739e-08,0
site_03748,5,0,8.148191982549721e-08,0
site_19198,5,0,8.022865001001739e-08,0
site_00253,5,0,5.790072538438287e-08,0
site_04529,5,0,8.022865001005245e-08,0
site_21097,5,0,8.210417735245998e-08,0
site_09220,5,0,8.02286500062302e-08,0
site_02626,5,0,8.022865000622224e-08,0
site_00090,5,0,1.822259105710003e-07,0
site_04581,5,0,8.02286497411141e-08,0
site_08741,5,0,8.022865000623306e-08,0
site_00050,5,0,6.84350085695847e-08,0
site_04352,5,0,8.022864974111695e-08,0
site_07878,5,0,8.02286500062228e-08,0
site_02476,5,0,2.015773389091004e-06,0
site_09838,5,0,7.147782207457256e-08,0
site_09126,5,0,8.022865000623079e-08,0
site_10507,5,0,8.148191982550619e-08,0
site_13995,5,0,8.14819198254978e-08,0
site_15742,5,0,8.022865001001739e-08,0
site_15082,5,0,8.022865000622194e-08,0
site_14086,5,0,8.14819198254978e-08,0
site_09469,5,0,8.02286500062302e-08,0
site_18639,5,0,8.022864974495032e-08,0
site_06438,5,0,8.02286497411141e-08,0
site_02449,5,0,8.022864974495573e-08,0
site_11508,5,0,8.022865000622879e-08,0
site_07439,5,0,8.022865000622224e-08,0
site_03840,5,0,8.022865000622508e-08,0
site_05249,5,0,8.02286500100211e-08,0
site_17384,5,1,0.9999999590185912,1
site_05365,5,0,8.022865000622224e-08,0
site_06781,5,0,8.02286497411141e-08,0
site_20876,5,0,8.022864974111695e-08,0
site_11733,5,0,6.74728138776669e-07,0
site_11361,5,0,8.022865000622594e-08,0
site_21297,5,0,8.148191982549692e-08,0
site_14467,5,0,8.02286497411141e-08,0
site_20880,5,0,8.022864974493322e-08,0
site_18206,5,0,8.022864974490928e-08,0
site_15931,5,0,8.022865001001739e-08,0
site_11412,5,0,2.5602375790481506e-06,0
site_12494,5,0,8.148191982549721e-08,0
site_20553,5,1,0.9999997887243219,1
site_14795,5,0,8.022864974111695e-08,0
site_10544,5,0,8.022865001005217e-08,0
site_13270,5,0,8.02286500062302e-08,0
site_05680,5,0,8.022864974494063e-08,0
site_10304,5,0,8.022865001002424e-08,0
site_04603,5,0,8.022865001005845e-08,0
site_04499,5,0,8.022864974112295e-08,0
site_17273,5,0,1.9154806481135213e-06,0
site_01631,5,0,5.897912680850135e-08,0
site_04972,5,0,8.02286500100459e-08,0
site_11199,5,0,8.022865001005217e-08,0
site_18135,5,0,8.02286497411141e-08,0
site_13306,5,0,8.022864974111467e-08,0
site_13120,5,1,0.9999998040449396,1
site_14328,5,0,8.022865000622224e-08,0
site_12071,5,0,8.022865000622594e-08,0
site_19326,5,1,0.9999997861889949,1
site_01010,5,0,8.148191982550619e-08,0
site_03679,5,0,8.148191982550619e-08,0
site_05961,5,1,0.9999999431438634,1
site_12999,5,1,0.999999953254491,1
site_07069,5,0,8.022865001002851e-08,0
site_07967,5,0,8.022865001002851e-08,0
site_12914,5,0,8.022865001003308e-08,0
site_09784,5,0,8.022865000623079e-08,0
site_11618,5,0,8.022865000623079e-08,0
site_19395,5,0,6.5973052007555e-07,0
site_07070,5,0,8.022865000622994e-08,0
site_17704,5,0,4.4036340886174645e-08,0
site_15128,5,0,8.022864974111467e-08,0
site_20852,5,0,2.1014860875980075e-06,0
site_17859,5,0,8.02286497411141e-08,0
site_03892,5,0,8.022865000622594e-08,0
site_11100,5,0,5.790072538438287e-08,0
site_07746,5,0,8.022865001005217e-08,0
site_12063,5,0,8.022865000623904e-08,0
site_20386,5,0,8.148191982935166e-08,0
site_02185,5,0,1.2009194603629785e-07,0
site_15003,5,0,8.022865001001739e-08,0
site_03256,5,0,8.14819198294003e-08,0
site_13415,5,0,8.02286497411141e-08,0
site_21300,5,1,0.9999999522862718,1
site_11645,5,0,8.022865001003308e-08,0
site_06614,5,0,8.14819198255001e-08,0
site_18867,5,0,8.022864974112295e-08,0
site_18616,5,0,8.148191982549721e-08,0
site_16857,5,1,0.9999972441461785,1
site_20104,5,0,8.022864974495573e-08,0
site_16824,5,0,8.022865000622508e-08,0
site_09365,5,0,1.0040064730143539e-07,0
site_14618,5,0,8.02286497411141e-08,0
site_02113,5,1,0.999999965787146,1
site_16504,5,0,8.022865001002851e-08,0
site_19350,5,0,8.022865000622224e-08,0
site_06339,5,0,8.022864974112295e-08,0
site_15652,5,0,8.022865001001739e-08,0
site_00798,5,0,8.14819198254978e-08,0
site_06971,5,0,8.022864974490928e-08,0
site_20620,5,1,0.999999574749619,1
site_10199,5,0,8.022865000622994e-08,0
site_21112,5,1,0.9999999610575827,1
site_12633,5,1,0.9999997495113054,1
site_03431,5,0,8.022864974490928e-08,0
site_06382,5,0,8.14819198255001e-08,0
site_03927,5,0,8.022864974494063e-08,0
site_06582,5,0,8.022864974494518e-08,0
site_15165,5,0,8.022864974111383e-08,0
site_08731,5,0,8.148191982549721e-08,0
site_09045,5,0,8.022865000623904e-08,0
site_15299,5,0,8.022865000622194e-08,0
site_05863,5,0,8.022865001001739e-08,0
site_17683,5,0,8.022864974111467e-08,0
site_12039,5,0,8.022865001007126e-08,0
site_16544,5,1,0.9999997057602108,1
site_13950,5,0,8.022865001006385e-08,0
site_03371,5,0,8.022864974490814e-08,0
site_06612,5,0,8.14819198254978e-08,0
site_05371,5,0,8.022865000622224e-08,0
site_09949,5,0,6.738241270406652e-08,0
site_16628,5,0,8.022865001004504e-08,0
site_11785,5,0,8.022865000623079e-08,0
site_04351,5,0,8.022864974490928e-08,0
site_03467,5,1,0.9999999610575827,1
site_12747,5,1,0.9999996359099612,1
site_08897,5,0,8.02286500062302e-08,0
site_11929,5,0,8.022865000623904e-08,0
site_01089,5,1,0.9999992928405959,1
site_20216,5,0,7.34833894834541e-07,0
site_15658,5,0,8.022865001004133e-08,0
site_19542,5,0,8.02286500062228e-08,0
site_00693,5,0,8.951861728139673e-08,0
site_19806,5,0,6.5973052007555e-07,0
site_00666,5,0,8.148191982549721e-08,0
site_09525,5,0,8.148191982550619e-08,0
site_17685,5,0,1.2077480757885753e-07,0
site_01023,5,1,0.9999999700289519,1
site_02169,5,1,0.9999999535789238,1
site_02731,5,0,8.022864974495716e-08,0
site_07919,5,0,8.022865000623079e-08,0
site_07968,5,0,8.022865001007041e-08,0
site_17383,5,1,0.9999999671674615,1
site_20806,5,0,7.348339409811908e-07,0
site_17229,5,0,2.0031810261880097e-06,0
site_03609,5,1,0.9999998859039888,1
site_04651,5,0,8.02286497411141e-08,0
site_03378,5,0,8.14819198255001e-08,0
site_20152,5,0,8.022865000622594e-08,0
site_17769,5,0,8.022865001001625e-08,0
site_18034,5,0,8.14819198254978e-08,0
site_06642,5,0,8.022865001001739e-08,0
site_17536,5,0,8.814173538354336e-08,0
site_00435,5,1,0.9999999602509853,1
site_12902,5,0,8.02286500062302e-08,0
site_10369,5,0,2.56023423353638e-06,0
site_14008,5,0,8.14819198293835e-08,0
site_13102,5,0,8.14819198255001e-08,0
site_15813,5,0,8.022864974111383e-08,0
site_01485,5,0,8.14819198293835e-08,0
site_14966,5,0,8.022864974493322e-08,0
site_03937,5,0,8.14819198254978e-08,0
site_12584,5,0,8.02286497411141e-08,0
site_17008,5,0,8.148191982935166e-08,0
site_04141,5,0,7.978821035706954e-08,0
site_05812,5,0,8.14819198254978e-08,0
site_16192,5,0,8.022865000622651e-08,0
site_14910,5,0,8.022864974111467e-08,0
site_15426,5,0,8.022865000622194e-08,0
site_09641,5,0,8.148191982550619e-08,0
site_10723,5,0,1.5609229268449653e-05,0
site_14757,5,0,8.022865000623108e-08,0
site_00201,5,0,8.148191982549721e-08,0
site_19071,5,0,8.022864974112295e-08,0
site_07346,5,0,8.022864974111695e-08,0
site_02220,5,0,5.897912680850135e-08,0
site_06615,5,0,8.148191982549721e-08,0
site_16933,5,0,8.022865000622194e-08,0
site_07248,5,0,8.02286500062228e-08,0
site_10604,5,1,0.999999965787146,1
site_03360,5,0,8.02286497411141e-08,0
site_03980,5,0,8.022864974111467e-08,0
site_20427,5,0,7.348332868268551e-07,0
site_09102,5,0,8.022865000623306e-08,0
site_16229,5,0,8.02286497411141e-08,0
site_01843,5,0,8.148191982935166e-08,0
site_04132,5,0,8.148191982549721e-08,0
site_09941,5,0,1.194361815704475e-07,0
site_01169,5,1,0.999999958169761,1
site_00117,5,0,5.790072538438287e-08,0
site_09111,5,0,8.022865001003308e-08,0
site_13784,5,0,8.14819198254978e-08,0
site_06565,5,0,8.022865000622508e-08,0
site_14724,5,0,8.022864974111467e-08,0
site_05572,5,0,8.02286500100211e-08,0
site_10802,5,0,8.022865001002851e-08,0
site_21317,5,0,8.148191982935166e-08,0
site_06135,5,0,8.14819198254978e-08,0
site_00338,5,1,0.9999998835407684,1
site_14982,5,0,8.02286497411141e-08,0
site_15494,5,0,8.022865001001625e-08,0
site_16726,5,0,3.1181757596552417e-06,0
site_03491,5,0,7.978821035706954e-08,0
site_13039,5,0,8.022865000623079e-08,0
site_14476,5,0,8.02286497411141e-08,0
site_00256,5,1,0.9999993849038966,1
site_16925,5,0,8.02286500100211e-08,0
site_01834,5,0,8.148191982550619e-08,0
site_06926,5,0,8.022865000622224e-08,0
site_12193,5,0,8.022865001004504e-08,0
site_02071,5,0,8.14819198254978e-08,0
site_05682,5,0,5.807197124529144e-08,0
site_17300,5,0,8.022864974494063e-08,0
site_17965,5,0,8.14819198255001e-08,0
site_14114,5,0,1.5082695605423928e-07,0
site_02885,5,1,0.9999999610575827,1
site_07523,5,0,8.022865000623478e-08,0
site_03346,5,1,0.9999998218657069,1
site_14308,5,0,8.022864974490928e-08,0
site_07570,5,0,8.022865000622594e-08,0
site_18081,5,0,5.476247379316214e-08,0
site_14273,5,0,8.148191982549721e-08,0
site_00503,5,0,1.2009194603630127e-07,0
site_03205,5,0,8.14819198255001e-08,0
site_14622,5,0,8.022864974495573e-08,0
site_21056,5,0,8.148191982935659e-08,0
site_05956,5,0,8.14819198254978e-08,0
site_19514,5,0,8.148191982549721e-08,0
site_03647,5,0,8.022864974495573e-08,0
site_19449,5,1,0.999999503009109,1
site_00220,5,0,3.5399814200130946e-07,0
site_08758,5,0,8.02286500062302e-08,0
site_02613,5,0,2.5602405209975872e-06,0
site_12738,5,0,8.148191982550619e-08,0
site_17418,5,0,8.14819198254978e-08,0
site_05934,5,0,8.022865000622194e-08,0
site_05808,5,0,8.022864974490928e-08,0
site_03871,5,0,8.14819198293835e-08,0
site_16347,5,0,8.022865000622194e-08,0
site_03822,5,0,8.148191982939335e-08,0
site_10923,5,0,8.02286500062302e-08,0
site_17243,5,0,8.02286500062228e-08,0
site_14112,5,0,8.022864974490928e-08,0
site_13516,5,0,8.022865001002224e-08,0
site_16498,5,0,2.003185945632428e-06,0
site_05004,5,0,8.02286500100459e-08,0
site_18716,5,0,8.022864974111467e-08,0
site_10295,5,0,8.022865000623306e-08,0
site_08235,5,0,8.022865001007126e-08,0
site_18414,5,0,8.022864974111467e-08,0
site_16217,5,0,8.022865001001739e-08,0
site_08584,5,0,8.022865001003308e-08,0
site_05047,5,0,8.022865000622224e-08,0
site_02664,5,0,5.17721312878465e-05,0
site_14408,5,0,8.022865000623478e-08,0
site_10124,5,0,9.128342562245152e-08,0
site_20808,5,0,8.022865000622224e-08,0
site_21444,5,0,1.0806515617565043e-07,0
site_13457,5,0,8.14819198255001e-08,0
site_00288,5,0,5.790072538438287e-08,0
site_17405,5,0,8.022864974490928e-08,0
site_12629,5,1,0.9999996360854749,1
site_07768,5,0,8.022865000623108e-08,0
site_11468,5,0,8.022865001005217e-08,0
site_12573,5,0,5.978701029878705e-08,0
site_12161,5,0,8.022865000623904e-08,0
site_21553,5,0,8.02286497411141e-08,0
site_18838,5,0,8.148191982549721e-08,0
site_19347,5,0,8.022865000622508e-08,0
site_03216,5,1,0.9999999547371559,1
site_10601,5,1,0.9999999545208959,1
site_07754,5,0,8.022865000622994e-08,0
site_12590,5,0,8.02286497411141e-08,0
site_00027,5,1,0.9999999777314885,1
site_06185,5,0,8.148191982935166e-08,0
site_19316,5,1,0.9999999634378629,1
site_16529,5,0,8.022864974495573e-08,0
site_04446,5,0,8.022864974493777e-08,0
site_00770,5,0,8.14819198254978e-08,0
site_00986,5,0,8.148191982939335e-08,0
site_19561,5,0,8.022865000622224e-08,0
site_06457,5,0,1.2130192100042332e-07,0
site_10194,5,0,1.205235579311915e-07,0
site_11047,5,0,8.022865001002851e-08,0
site_15021,5,0,8.022865001001739e-08,0
site_04525,5,0,8.022865000622651e-08,0
site_08589,5,0,8.022865000623904e-08,0
site_05082,5,0,8.022865000622508e-08,0
site_17289,5,0,8.022865001001739e-08,0
site_01959,5,0,8.148191982939335e-08,0
site_13156,5,0,8.022865001007041e-08,0
site_09993,5,0,9.12834256224311e-08,0
site_14355,5,0,1.1824481678427178e-07,0
site_13487,5,0,8.022865000623306e-08,0
site_16795,5,1,0.9999999535789262,1
site_13355,5,0,8.14819198254978e-08,0
site_11375,5,0,7.147782183837436e-08,0
site_00718,5,0,8.14819198254978e-08,0
site_20504,5,0,8.022865001001739e-08,0
site_18161,5,0,8.022864974490928e-08,0
site_05276,5,0,8.022865001001739e-08,0
site_05759,5,1,0.9999999602509853,1
site_01326,5,0,2.0031877288819533e-06,0
site_12956,5,0,8.022864974111467e-08,0
site_02296,5,1,0.999999965787146,1
site_06511,5,0,8.022864974495716e-08,0
site_19683,5,0,8.022865000622224e-08,0
site_11832,5,0,8.21041773524667e-08,0
site_03803,5,0,8.148191982938061e-08,0
site_08420,5,0,8.022865001007126e-08,0
site_11640,5,0,8.02286500062302e-08,0
site_17360,5,0,8.022864974493322e-08,0
site_01029,5,1,0.9999999535789071,1
site_20690,5,0,7.348314822135068e-07,0
site_04143,5,0,8.022865001001739e-08,0
site_20778,5,0,8.148191982935166e-08,0
site_12050,5,0,8.022865000623079e-08,0
site_16922,5,1,0.9999999559085124,1
site_07805,5,0,8.022865000622994e-08,0
site_20457,5,0,8.148191982935659e-08,0
site_19591,5,1,0.9999999610575827,1
site_11939,5,0,8.022865000623478e-08,0
site_06496,5,0,8.022865001002594e-08,0
site_04195,5,0,8.14819198254978e-08,0
site_04963,5,0,8.02286500062228e-08,0
site_02996,5,1,0.9999999610575827,1
site_14454,5,0,8.022864974495573e-08,0
site_12678,5,0,8.02286500062302e-08,0
site_04108,5,0,8.022864974494063e-08,0
site_16097,5,0,8.022864974491412e-08,0
site_15245,5,0,8.022864974490928e-08,0
site_18719,5,0,8.022864974111467e-08,0
site_03877,5,0,8.148191982935166e-08,0
site_13800,5,0,8.148191982935659e-08,0
site_21376,5,1,0.9999999602509853,1
site_12166,5,0,8.022865000623079e-08,0
site_20555,5,1,0.9999998084367471,1
site_10328,5,0,8.02286500062302e-08,0
site_09345,5,0,8.148191982935166e-08,0
site_04333,5,0,8.973454295175999e-08,0
site_06903,5,0,1.0040064696966188e-07,0
site_16165,5,0,8.022864974111467e-08,0
site_17012,5,0,8.14819198254978e-08,0
site_12158,5,0,8.02286500062302e-08,0
site_05122,5,0,8.022865001006528e-08,0
site_09170,5,0,8.148191982549721e-08,0
site_17425,5,0,8.148191982935166e-08,0
site_15179,5,0,8.022865000623108e-08,0
site_12800,5,0,8.02286500062302e-08,0
site_04551,5,0,8.02286497411141e-08,0
site_13703,5,0,8.022865001005702e-08,0
site_00677,5,0,8.148191982549721e-08,0
site_20385,5,0,8.022864974111467e-08,0
site_00520,5,0,8.148191982935166e-08,0
site_00070,5,0,5.790072538438287e-08,0
site_21546,5,0,8.02286497411141e-08,0
site_03866,5,0,8.14819198254978e-08,0
site_07399,5,0,8.022865000623079e-08,0
site_02474,5,1,0.9999999730304482,1
site_21509,5,0,8.148191982549721e-08,0
site_14919,5,0,8.02286500062228e-08,0
site_07639,5,0,8.022865000623306e-08,0
site_02611,5,1,0.999999965787146,1
site_02803,5,0,8.022864974493322e-08,0
site_17807,5,0,8.148191982935166e-08,0
site_14195,5,0,8.14819198255001e-08,0
site_16939,5,0,1.1824481678427178e-07,0
site_08686,5,0,8.14819198255001e-08,0
site_18302,5,0,8.022864974490928e-08,0
site_16368,5,1,0.9999995250185645,1
site_11632,5,0,8.022865000623079e-08,0
site_06927,5,0,8.022865000623108e-08,0
site_01825,5,0,8.14819198254978e-08,0
site_07249,5,0,8.022865000622651e-08,0
site_19322,5,0,7.348021688596404e-07,0
site_10301,5,0,8.022865001002851e-08,0
site_07708,5,0,8.022865001001739e-08,0
site_21125,5,0,6.597486153055931e-07,0
site_01009,5,0,8.148191982935659e-08,0
site_04871,5,0,8.022864974490928e-08,0
site_01319,5,1,0.9999999545208959,1
site_08030,5,0,8.022865000623079e-08,0
site_14250,5,0,5.807197124529144e-08,0
site_03474,5,1,0.9999999419662271,1
site_05797,5,0,8.022865000622224e-08,0
site_16829,5,0,8.02286497411141e-08,0
site_17195,5,0,8.022865000622224e-08,0
site_00858,5,0,7.259439324886325e-08,0
site_09252,5,0,8.148191982550619e-08,0
site_08535,5,0,8.022865000622994e-08,0
site_20088,5,0,8.022865000622224e-08,0
site_17875,5,0,8.14819198254978e-08,0
site_00491,5,0,8.148191982935166e-08,0
site_07503,5,0,8.02286500062228e-08,0
site_08155,5,0,8.022865001005988e-08,0
site_17950,5,0,8.14819198254978e-08,0
site_00149,5,0,1.5418476938027755e-05,0
site_10664,5,0,8.08413366183563e-08,0
site_11613,5,0,8.022865001002851e-08,0
site_12636,5,1,0.9999997495113054,1
site_01761,5,0,8.148191982550619e-08,0
site_05939,5,0,5.978701029878705e-08,0
site_19551,5,0,8.022865001001739e-08,0
site_05974,5,0,8.148191982935166e-08,0
site_07702,5,0,8.022865000623904e-08,0
site_00294,5,0,5.790072538438287e-08,0
site_21160,5,1,0.9999999545208959,1
site_21102,5,0,8.148191982938061e-08,0
site_01921,5,0,2.0031810261880097e-06,0
site_19744,5,1,0.9999997083868644,1
site_01768,5,0,1.1824481678427178e-07,0
site_09121,5,0,8.022865000623079e-08,0
site_14115,5,0,1.205235575386647e-07,0
site_04000,5,0,8.148191982549721e-08,0
site_02758,5,0,8.148191982935166e-08,0
site_07576,5,0,8.022865000623478e-08,0
site_16475,5,0,8.148191982939421e-08,0
site_03650,5,0,8.022864974491412e-08,0
site_14187,5,0,8.14819198254978e-08,0
site_17717,5,0,8.022864974490928e-08,0
site_06854,5,0,8.022864974112295e-08,0
site_10205,5,0,8.022865001002851e-08,0
site_11410,5,1,0.9999999650785102,1
site_13756,5,0,8.022864974490928e-08,0
site_13832,5,0,8.022865000622508e-08,0
site_13205,5,0,9.113630645312024e-08,0
site_19808,5,0,6.5973052007555e-07,0
site_10784,5,0,8.02286500062302e-08,0
site_11442,5,0,8.148191982550619e-08,0
site_10059,5,0,8.02286500062302e-08,0
site_02977,5,0,8.14819198293835e-08,0
site_16727,5,0,2.015770755039646e-06,0
site_03967,5,0,8.022865001002224e-08,0
site_04215,5,0,8.02286500062228e-08,0
site_12785,5,0,8.022865001003308e-08,0
site_18409,5,0,8.02286497411141e-08,0
site_15938,5,0,8.022865001004961e-08,0
site_18219,5,0,8.02286500062228e-08,0
site_03323,5,0,8.14819198255001e-08,0
site_09610,5,0,8.814173538350453e-08,0
site_13996,5,0,8.148191982935166e-08,0
site_03254,5,0,8.148191982935166e-08,0
site_18030,5,0,8.148191982549721e-08,0
site_10032,5,0,8.02286500062302e-08,0
site_13419,5,0,8.022864974112295e-08,0
site_18936,5,0,8.022864974490928e-08,0
site_08953,5,0,8.022865001006927e-08,0
site_13810,5,0,8.022865000623079e-08,0
site_09116,5,0,8.022865000623079e-08,0
site_14333,5,0,8.022865000623108e-08,0
site_13426,5,0,8.022864974490928e-08,0
site_11493,5,0,8.022865001002851e-08,0
site_19984,5,1,0.9999998040449398,1
site_01075,5,0,8.02286497411141e-08,0
site_19819,5,0,8.02286500100211e-08,0
site_16834,5,0,8.148191982550619e-08,0
site_08638,5,0,8.02286500062302e-08,0
site_09431,5,0,8.148191982935659e-08,0
site_18109,5,0,8.14819198293835e-08,0
site_18913,5,0,8.022864974111695e-08,0
site_00755,5,0,8.14819198255001e-08,0
site_05189,5,0,8.02286500062228e-08,0
site_20622,5,0,7.348314822135068e-07,0
site_17746,5,0,4.4724242662722835e-08,0
site_14834,5,0,8.022864974111467e-08,0
site_19430,5,0,8.02286497411141e-08,0
site_17351,5,0,8.022864974490928e-08,0
site_00880,5,0,8.148191982935166e-08,0
site_16539,5,0,8.148191982937163e-08,0
site_12016,5,0,2.560242800139551e-06,0
site_09554,5,0,8.022865000623079e-08,0
site_06259,5,0,8.14819198254978e-08,0
site_11462,5,0,8.022865000623904e-08,0
site_02466,5,0,1.2130192100042332e-07,0
site_12266,5,0,2.5602375790481506e-06,0
site_13959,5,0,8.084133635121643e-08,0
site_00843,5,0,8.14819198254978e-08,0
site_10189,5,0,8.022865001003308e-08,0
site_03368,5,0,8.022864974111467e-08,0
site_18874,5,0,8.02286500062228e-08,0
site_03348,5,0,8.022865001001739e-08,0
site_01599,5,0,1.0196902840357536e-07,0
site_03655,5,0,1.1943618117577115e-07,0
site_04647,5,0,8.02286497411141e-08,0
site_15401,5,0,8.022864974111467e-08,0
site_16949,5,0,8.148191982937163e-08,0
site_16445,5,0,8.022865000623904e-08,0
site_17253,5,0,8.022864974111383e-08,0
site_06871,5,0,8.022865000622508e-08,0
site_17047,5,0,8.02286500100593e-08,0
site_17943,5,0,8.02286497411141e-08,0
site_07221,5,0,8.022864974111695e-08,0
site_21145,5,0,8.14819198254978e-08,0
site_02200,5,0,8.022864974490928e-08,0
site_15357,5,0,8.022865000622194e-08,0
site_14826,5,0,8.022864974111467e-08,0
site_07916,5,0,8.022865001002851e-08,0
site_08877,5,0,8.148191982549721e-08,0
site_13567,5,0,8.148191982550619e-08,0
site_20356,5,0,7.348339409811908e-07,0
site_00726,5,0,8.148191982935166e-08,0
site_05790,5,0,1.194361815704369e-07,0
site_20483,5,1,0.9999999535789071,1
site_12935,5,0,8.022865001006385e-08,0
site_20604,5,0,8.148191982937163e-08,0
site_15236,5,0,8.022865001001739e-08,0
site_17672,5,0,8.148191982935659e-08,0
site_14786,5,0,8.022864974111467e-08,0
site_16684,5,0,8.022865001002851e-08,0
site_02554,5,1,0.9999972441461785,1
site_14559,5,0,8.02286497411141e-08,0
site_13712,5,0,8.022865000623904e-08,0
site_15314,5,0,8.022865000622224e-08,0
site_09833,5,0,8.022865000622994e-08,0
site_06126,5,0,8.14819198255001e-08,0
site_13197,5,0,8.022864974112295e-08,0
site_20332,5,0,8.148191982549721e-08,0
site_14857,5,0,8.022865000623108e-08,0
site_17185,5,0,8.022865000622508e-08,0
site_06728,5,0,7.147782207457256e-08,0
site_15902,5,0,8.148191982550619e-08,0
site_20998,5,0,8.148191982549692e-08,0
site_11020,5,0,8.148191982937598e-08,0
site_06658,5,0,8.022864974490814e-08,0
site_17695,5,0,8.022865001001739e-08,0
site_08848,5,0,8.022865000623079e-08,0
site_17573,5,0,5.392017439589248e-08,0
site_03942,5,0,8.148191982935166e-08,0
site_13254,5,0,8.02286500062302e-08,0
site_17368,5,0,8.148191982935659e-08,0
site_08735,5,0,8.022865000623306e-08,0
site_00625,5,0,8.148191982549721e-08,0
site_11996,5,1,0.9999999568032282,1
site_01996,5,0,8.14819198255001e-08,0
site_19712,5,0,8.022864974111383e-08,0
site_11322,5,0,8.022865001004818e-08,0
site_05774,5,0,8.148191982549721e-08,0
site_20518,5,0,8.022864974495118e-08,0
site_10993,5,0,2.448150655074911e-06,0
site_00464,5,1,0.9999999532544912,1
site_17540,5,0,8.022865000623108e-08,0
site_10228,5,0,7.936319654773686e-08,0
site_16877,5,0,8.02286500100459e-08,0
site_20849,5,1,0.9999999581697612,1
site_19621,5,0,8.022865000623108e-08,0
site_10478,5,1,0.999999953578924,1
site_04758,5,0,8.02286500062228e-08,0
site_06427,5,0,8.02286500062228e-08,0
site_20788,5,1,0.9999997675250824,1
site_09260,5,0,8.14819198254978e-08,0
site_13228,5,0,8.14819198254978e-08,0
site_07545,5,0,8.022865000623079e-08,0
site_04536,5,0,8.02286500100459e-08,0
site_10096,5,0,1.214439668796932e-07,0
site_18473,5,0,1.1872380218873316e-07,0
site_00819,5,0,5.585496129629848e-07,0
site_07114,5,0,8.022865000623108e-08,0
site_15867,5,0,8.022865001001739e-08,0
site_09204,5,0,8.022865001003308e-08,0
site_17318,5,0,8.148191982549721e-08,0
site_17193,5,0,8.022865001007041e-08,0
site_12440,5,0,8.022865001007041e-08,0
site_16270,5,0,8.022865000622594e-08,0
site_16571,5,0,8.022865000622651e-08,0
site_07094,5,0,8.022864974111467e-08,0
site_00579,5,0,8.14819198293835e-08,0
site_04958,5,0,8.022865001004875e-08,0
site_20486,5,0,7.34800364322712e-07,0
site_09013,5,0,8.14819198254978e-08,0
site_11511,5,0,8.022865001001625e-08,0
site_03408,5,1,0.9999999602509853,1
site_03677,5,0,8.148191982935166e-08,0
site_02216,5,0,1.794231015533272e-07,0
site_00107,5,1,0.9999999431438634,1
site_07313,5,0,8.02286500062228e-08,0
site_07344,5,0,8.022864974111467e-08,0
site_10003,5,0,8.14819198255001e-08,0
site_05487,5,0,8.022865001001739e-08,0
site_10315,5,0,8.022865000623079e-08,0
site_16385,5,0,8.022865001001996e-08,0
site_12000,5,0,2.56023423353638e-06,0
site_16692,5,0,8.022865000622651e-08,0
site_09877,5,0,8.148191982935166e-08,0
site_14696,5,0,8.022865001001739e-08,0
site_12951,5,0,8.022864974112295e-08,0
site_10728,5,1,0.9999999545208959,1
site_06901,5,0,8.14819198255001e-08,0
site_09240,5,0,2.3695980594599385e-06,0
site_07035,5,0,8.022864974112295e-08,0
site_10086,5,0,8.02286500062302e-08,0
site_03585,5,0,8.148191982937163e-08,0
site_05182,5,0,8.022865000622194e-08,0
site_11340,5,0,8.022865001002851e-08,0
site_06964,5,0,8.022864974112295e-08,0
site_10389,5,0,8.148191982935166e-08,0
site_00287,5,0,8.14819198293835e-08,0
site_00498,5,0,8.060294692461101e-08,0
site_05940,5,0,8.022865000622508e-08,0
site_13904,5,0,8.148191982935166e-08,0
site_01935,5,0,8.148191982935166e-08,0
site_17159,5,0,8.148191982939335e-08,0
site_05242,5,0,8.022865000622508e-08,0
site_16932,5,0,8.022865001001625e-08,0
site_00439,5,0,1.224062835095555e-07,0
site_01907,5,0,8.022864974495716e-08,0
site_19584,5,0,8.148191982549692e-08,0
site_07986,5,0,8.022865000623079e-08,0
site_08795,5,0,8.022865000623904e-08,0
site_05164,5,0,8.022865001004133e-08,0
site_01282,5,0,7.810995588857366e-07,0
site_20817,5,0,8.022864974490928e-08,0
site_11249,5,0,3.145597128836771e-05,0
site_11001,5,0,2.5763269706454302e-06,0
site_17854,5,0,8.022865001001739e-08,0
site_13592,5,0,8.022864974493322e-08,0
site_21252,5,1,0.9999999590185912,1
site_08136,5,0,8.022865000622994e-08,0
site_20086,5,0,8.022865000622224e-08,0
site_07474,5,0,8.022865000623079e-08,0
site_03475,5,1,0.9999997999862089,1
site_15331,5,0,5.89791268084961e-08,0
site_14145,5,0,8.022865001001739e-08,0
site_00783,5,0,8.148191982938061e-08,0
site_01922,5,1,0.9999999545208959,1
site_06951,5,0,8.022864974111695e-08,0
site_04887,5,0,8.02286497411141e-08,0
site_13978,5,0,8.148191982549721e-08,0
site_12766,5,0,1.8540201619989656e-06,0
site_17334,5,0,1.9154806481135213e-06,0
site_15683,5,0,8.022864974111467e-08,0
site_04411,5,0,1.1824481717500416e-07,0
site_19748,5,0,8.022865000622224e-08,0
site_02408,5,1,0.999999960250985,1
site_17674,5,0,5.897912680850135e-08,0
site_17720,5,0,8.148191982939335e-08,0
site_12078,5,0,8.022865001001739e-08,0
site_03025,5,0,8.148191982935166e-08,0
site_21388,5,1,0.9999998835407682,1
site_16330,5,0,8.022865000622879e-08,0
site_03468,5,1,0.9999999610575827,1
site_16587,5,0,8.022864974111695e-08,0
site_11648,5,0,8.022865001005245e-08,0
site_05080,5,0,8.02286500062228e-08,0
site_20136,5,1,0.9999998084370315,1
site_19662,5,1,0.9999999590185912,1
site_07734,5,0,8.022865000623904e-08,0
site_14832,5,0,8.022864974111695e-08,0
site_18775,5,0,8.022864974111467e-08,0
site_04997,5,0,8.022865000623108e-08,0
site_05356,5,0,8.02286500100211e-08,0
site_01658,5,0,4.4724242662718864e-08,0
site_08837,5,0,8.022865001002851e-08,0
site_08449,5,0,1.1824481717501466e-07,0
site_13473,5,0,8.14819198255001e-08,0
site_05286,5,0,8.02286500100211e-08,0
site_14194,5,0,8.148191982550619e-08,0
site_16053,5,0,8.022865000622594e-08,0
site_21172,5,0,8.02286497411141e-08,0
site_20655,5,0,8.148191982937598e-08,0
site_20248,5,0,8.148191982939335e-08,0
site_00483,5,0,8.148191982549692e-08,0
site_05167,5,0,8.02286500062228e-08,0
site_05635,5,0,8.022864974111695e-08,0
site_05498,5,0,8.022865001005702e-08,0
site_06372,5,0,8.148191982935166e-08,0
site_08208,5,0,8.022865001005988e-08,0
site_21021,5,0,6.597327275533785e-07,0
site_19644,5,0,8.022864974495573e-08,0
site_12829,5,0,8.022864974111383e-08,0
site_00500,5,0,6.843500856962433e-08,0
site_21001,5,0,8.148191982549721e-08,0
site_04227,5,0,8.022864974495032e-08,0
site_09860,5,1,0.999999970704541,1
site_03558,5,0,8.022865001006528e-08,0
site_06027,5,0,7.147782183837436e-08,0
site_10553,5,0,8.02286500062302e-08,0
site_20999,5,0,8.148191982549721e-08,0
site_04832,5,0,8.022864974112295e-08,0
site_00788,5,0,8.148191982935166e-08,0
site_10826,5,0,8.02286500062302e-08,0
site_05253,5,0,8.022865000622224e-08,0
site_09256,5,0,8.148191982550619e-08,0
site_04383,5,0,8.022864974111467e-08,0
site_05410,5,0,8.022865001001739e-08,0
site_03267,5,0,8.14819198255001e-08,0
site_05756,5,1,0.9999999590185912,1
site_07590,5,0,8.02286500062302e-08,0
site_18938,5,0,8.022864974111467e-08,0
site_10942,5,0,8.02286500062302e-08,0
site_11240,5,0,5.790072538438287e-08,0
site_17416,5,0,8.148191982935166e-08,0
site_14403,5,0,8.022864974112295e-08,0
site_05162,5,0,8.022865000623108e-08,0
site_14127,5,0,8.022865000622594e-08,0
site_01258,5,0,8.02286497411141e-08,0
site_14436,5,0,8.022864974111695e-08,0
site_09419,5,0,3.749207519497129e-08,0
site_05219,5,0,8.022865001001739e-08,0
site_01861,5,0,8.02286497411141e-08,0
site_07741,5,0,8.022865001005988e-08,0
site_10021,5,0,8.022865001002851e-08,0
site_05890,5,1,0.9999999610575827,1
site_17591,5,0,8.022865001004133e-08,0
site_21009,5,1,0.9999999602509853,1
site_11241,5,0,5.8979126808490866e-08,0
site_01202,5,1,0.9999998040449398,1
site_12250,5,1,0.9999999590185912,1
site_07969,5,0,1.0040064730143539e-07,0
site_06592,5,0,8.148191982935166e-08,0
site_12660,5,0,8.022865000623079e-08,0
site_14205,5,0,8.022864974490928e-08,0
site_12898,5,0,8.022865001002851e-08,0
site_16980,5,0,8.022865001001996e-08,0
site_11461,5,0,8.02286500062302e-08,0
site_19412,5,0,8.022865000622508e-08,0
site_19830,5,0,8.022865000622224e-08,0
site_04068,5,0,8.148191982550619e-08,0
site_00286,5,0,8.148191982935166e-08,0
site_15805,5,0,8.022865001001739e-08,0
site_07334,5,0,8.022865001002851e-08,0
site_07982,5,0,8.02286500062302e-08,0
site_11965,5,0,8.02286497411141e-08,0
site_06216,5,0,8.022865001001739e-08,0
site_15616,5,0,8.022864974490928e-08,0
site_21234,5,1,0.9999997861889385,1
site_04686,5,0,8.022864974490928e-08,0
site_03362,5,0,8.022864974111467e-08,0
site_08303,5,0,5.8071971437190033e-08,0
site_06627,5,0,8.022864974112295e-08,0
site_11201,5,0,8.02286500062302e-08,0
site_04017,5,0,8.148191982935166e-08,0
site_11124,5,1,0.999999965787146,1
site_11305,5,0,8.022865000623306e-08,0
site_00198,5,0,8.148191982549692e-08,0
site_13817,5,0,8.02286500062302e-08,0
site_08714,5,0,8.022865001002566e-08,0
site_08783,5,0,8.02286500062302e-08,0
site_02019,5,0,1.2009194603630127e-07,0
site_08010,5,0,8.02286500062302e-08,0
site_16512,5,0,8.02286500062302e-08,0
site_01519,5,1,0.9999998859039886,1
site_03783,5,0,1.1824481678427178e-07,0
site_07771,5,0,8.022865000622224e-08,0
site_15098,5,0,8.022865000623108e-08,0
site_00047,5,0,6.607375919893077e-08,0
site_00029,5,1,0.9999997201003259,1
site_03333,5,1,0.9999999431438634,1
site_16591,5,0,8.148191982550619e-08,0
site_09326,5,0,9.435685119787276e-07,0
site_11839,5,0,6.153964811389106e-08,0
site_04699,5,0,8.022864974490928e-08,0
site_12148,5,0,8.022865000622994e-08,0
site_05957,5,0,8.14819198294003e-08,0
site_03366,5,0,8.022864974111467e-08,0
site_15066,5,0,8.022864974112295e-08,0
site_02736,5,0,8.022865001001739e-08,0
site_20904,5,1,0.999999941069664,1
site_00846,5,0,8.148191982549692e-08,0
site_12819,5,0,1.040816498181198e-07,0
site_15007,5,0,8.022864974490928e-08,0
site_17362,5,0,8.022864974493322e-08,0
site_04918,5,0,8.022865001001739e-08,0
site_10229,5,0,1.014363074443113e-07,0
site_14342,5,0,8.022865001001739e-08,0
site_16772,5,0,8.148191982939886e-08,0
site_20261,5,0,8.148191982549721e-08,0
site_19653,5,0,8.148191982549721e-08,0
site_16964,5,0,7.473423428797485e-07,0
site_17604,5,0,8.148191982939886e-08,0
site_14364,5,0,8.022864974490928e-08,0
site_16888,5,0,8.022864974495573e-08,0
site_19082,5,0,8.022865000622224e-08,0
site_18293,5,0,8.022865000622224e-08,0
site_17891,5,0,5.89791268084961e-08,0
site_01571,5,0,8.148191982549721e-08,0
site_17401,5,0,8.022865001005845e-08,0
site_05416,5,0,8.02286500100211e-08,0
site_11396,5,1,0.9999998040449398,1
site_15288,5,0,8.022865000622508e-08,0
site_15619,5,0,8.14819198254978e-08,0
site_18436,5,0,8.02286497411141e-08,0
site_14721,5,0,8.022864974111695e-08,0
site_09985,5,0,2.4481484757177364e-06,0
site_20032,5,0,8.022864974111695e-08,0
site_14174,5,0,8.14819198254978e-08,0
site_18638,5,0,1.1824481678427178e-07,0
site_13333,5,0,8.148191982549721e-08,0
site_13311,5,0,8.022864974111383e-08,0
site_08286,5,0,8.022865001004818e-08,0
site_04942,5,0,8.022865001006528e-08,0
site_20272,5,1,0.9999999545208959,1
site_00701,5,0,8.148191982935166e-08,0
site_08648,5,0,8.022865000623306e-08,0
site_15240,5,0,8.022865001002224e-08,0
site_02178,5,1,0.9999999590185912,1
site_00185,5,0,4.510609302609731e-05,0
site_05041,5,0,8.022865001001739e-08,0
site_11654,5,0,8.022865001006385e-08,0
site_08082,5,0,8.022865001003308e-08,0
site_12140,5,0,2.56023423353638e-06,0
site_03243,5,0,8.022864974490928e-08,0
site_10488,5,0,2.0031810261880097e-06,0
site_04263,5,0,8.022864974493777e-08,0
site_11783,5,0,8.022865000623079e-08,0
site_09043,5,0,8.022865000623079e-08,0
site_01855,5,0,1.2009194603629785e-07,0
site_11514,5,0,8.022865001002224e-08,0
site_04541,5,0,8.022865001004133e-08,0
site_09872,5,0,8.148191982550619e-08,0
site_13958,5,0,1.0408164947419164e-07,0
site_11076,5,0,8.02286500062302e-08,0
site_19415,5,0,8.022865000622224e-08,0
site_11924,5,0,8.022865000623306e-08,0
site_01528,5,0,8.148191982549692e-08,0
site_07142,5,0,8.022864974495118e-08,0
site_09957,5,0,8.022865000623306e-08,0
site_12841,5,0,8.022864974490928e-08,0
site_18514,5,0,8.022864974490928e-08,0
site_04659,5,0,5.80719714371952e-08,0
site_14667,5,0,8.02286497411141e-08,0
site_04674,5,0,8.022864974111467e-08,0
site_08749,5,0,8.022865000623079e-08,0
site_19254,5,1,0.9999996222503972,1
site_19196,5,0,8.022865000622194e-08,0
site_09677,5,0,8.022865001005988e-08,0
site_04726,5,0,8.022864974111695e-08,0
site_18259,5,0,8.148191982549721e-08,0
site_21543,5,0,8.148191982937598e-08,0
site_18353,5,0,8.02286497411141e-08,0
site_14587,5,0,1.1824481717500416e-07,0
site_16736,5,0,2.0031810261880097e-06,0
site_08657,5,0,8.022865000623904e-08,0
site_21350,5,1,0.9999999610575825,1
site_10179,5,0,8.022865001002851e-08,0
site_06100,5,0,8.02286497449623e-08,0
site_15550,5,0,1.22406283515345e-07,0
site_09721,5,0,1.205235579311915e-07,0
site_17135,5,0,8.02286500100211e-08,0
site_14118,5,0,8.022865000623306e-08,0
site_07697,5,0,8.02286500062302e-08,0
site_15830,5,0,1.2266145838927367e-07,0
site_11388,5,0,8.14819198254978e-08,0
site_01683,5,0,8.148191982549721e-08,0
site_19810,5,1,0.999999708281282,1
site_17105,5,0,8.14819198293835e-08,0
site_09300,5,0,8.022865001002851e-08,0
site_03273,5,1,0.9999999610575825,1
site_16395,5,0,8.022865000622565e-08,0
site_09836,5,0,8.022865001005702e-08,0
site_07391,5,0,8.022865000622879e-08,0
site_00647,5,0,7.473832259399766e-08,0
site_17502,5,0,8.02286497411141e-08,0
site_01146,5,0,8.022864974490928e-08,0
site_07825,5,0,8.022865000623108e-08,0
site_16734,5,0,2.0031810261880097e-06,0
site_06786,5,0,8.022864974112295e-08,0
site_14262,5,0,8.022864974491412e-08,0
site_10042,5,0,8.022865000623306e-08,0
site_13123,5,0,8.148191982549721e-08,0
site_05165,5,0,8.022865001001739e-08,0
site_09688,5,0,8.022865001002851e-08,0
site_10222,5,0,8.022865000622994e-08,0
site_08359,5,0,8.022865001002851e-08,0
site_17250,5,0,8.022864974493777e-08,0
site_19828,5,0,8.022865000622194e-08,0
site_18887,5,0,8.022864974490928e-08,0
site_08101,5,0,8.022865000623306e-08,0
site_06587,5,0,8.022864974490928e-08,0
site_04819,5,0,8.022864974111467e-08,0
site_16387,5,0,8.022865000622594e-08,0
site_11377,5,0,1.0143630710911546e-07,0
site_17508,5,0,8.022864974490928e-08,0
site_03269,5,0,8.14819198255001e-08,0
site_17690,5,0,8.02286497411141e-08,0
site_20952,5,1,0.9999999610575827,1
site_02343,5,0,5.897912680850135e-08,0
site_01962,5,0,8.148191982549721e-08,0
site_05301,5,0,8.022865000622224e-08,0
site_09344,5,0,8.148191982935166e-08,0
site_08097,5,0,8.022865001005988e-08,0
site_11046,5,0,8.022865000623904e-08,0
site_05775,5,0,8.148191982549721e-08,0
site_20613,5,1,0.9999999545208959,1
site_02394,5,0,5.8979126808490866e-08,0
site_13581,5,0,8.148191982935166e-08,0
site_20331,5,0,8.14819198255001e-08,0
site_12833,5,0,8.022864974111467e-08,0
site_14271,5,0,8.148191982549721e-08,0
site_04026,5,0,1.182448171750008e-07,0
site_12916,5,0,8.022865001003308e-08,0
site_00035,5,0,7.348339409811908e-07,0
site_05514,5,0,8.022865000622594e-08,0
site_06060,5,0,8.14819198255001e-08,0
site_05226,5,0,8.022865000623108e-08,0
site_00821,5,1,0.9999999652569777,1
site_14061,5,0,8.022864974490928e-08,0
site_04011,5,0,8.148191982549692e-08,0
site_02287,5,0,8.148191982935166e-08,0
site_05951,5,0,1.205235575386647e-07,0
site_21116,5,1,0.9999999535789069,1
site_17333,5,0,1.8172422863670505e-06,0
site_19768,5,0,8.02286500062228e-08,0
site_03981,5,0,8.022864974111695e-08,0
site_18809,5,0,8.022865001001739e-08,0
site_16807,5,0,8.02286500062302e-08,0
site_17414,5,0,8.148191982935166e-08,0
site_12979,5,0,8.148191982937163e-08,0
site_09391,5,0,8.022865001002851e-08,0
site_13013,5,0,5.897912680850135e-08,0
site_18274,5,0,8.148191982935166e-08,0
site_04416,5,0,8.022864974111695e-08,0
site_04331,5,0,8.022865000622651e-08,0
site_13902,5,0,8.148191982549721e-08,0
site_19421,5,0,8.022865000622194e-08,0
site_19067,5,0,8.022864974111467e-08,0
site_03155,5,1,0.9999999610575827,1
site_15484,5,0,8.14819198293835e-08,0
site_13890,5,0,8.14819198255001e-08,0
site_07367,5,0,8.022865000622508e-08,0
site_02213,5,0,8.022864974111467e-08,0
site_08950,5,0,8.14819198254978e-08,0
site_04238,5,0,8.022864974493777e-08,0
site_01145,5,0,8.022864974490928e-08,0
site_19168,5,0,8.148191982937598e-08,0
site_00211,5,0,5.790072538438287e-08,0
site_14386,5,0,8.02286497411141e-08,0
site_11530,5,0,6.843500856634742e-08,0
site_10854,5,0,3.041102986956582e-07,0
site_19221,5,0,8.022865001006528e-08,0
site_13032,5,0,8.022865000623079e-08,0
site_14134,5,0,8.02286500062228e-08,0
site_11074,5,0,8.022865000623306e-08,0
site_11296,5,0,8.148191982935166e-08,0
site_21156,5,1,0.999999958169761,1
site_02820,5,0,8.148191982939421e-08,0
site_16146,5,0,8.022865000623478e-08,0
site_06493,5,0,8.02286500062228e-08,0
site_15505,5,0,8.02286500062228e-08,0
site_00153,5,0,1.8540262491674425e-06,0
site_03667,5,0,8.14819198293835e-08,0
site_06465,5,0,8.14819198255001e-08,0
site_12741,5,0,8.148191982549721e-08,0
site_09338,5,0,9.128342562239866e-08,0
site_13083,5,0,5.8071971245301753e-08,0
site_06744,5,0,8.02286497411141e-08,0
site_09775,5,0,8.022865000623079e-08,0
site_03896,5,0,8.022865001004504e-08,0
site_18063,5,0,8.022864974112295e-08,0
site_18218,5,0,8.02286500062228e-08,0
site_19841,5,0,8.022864974112295e-08,0
site_08353,5,0,8.022865001005702e-08,0
site_11153,5,0,9.198053484474641e-08,0
site_07585,5,0,8.022865000623079e-08,0
site_10781,5,0,8.022865001005217e-08,0
site_05483,5,0,8.022865000622594e-08,0
site_04273,5,0,8.022865001001739e-08,0
site_08326,5,0,8.022865000623904e-08,0
site_13200,5,0,8.022864974490928e-08,0
site_16500,5,1,0.9999999545208983,1
site_08285,5,0,8.022865000623306e-08,0
site_04164,5,0,5.8071971245301753e-08,0
site_21442,5,1,0.9999994927151588,1
site_06349,5,0,8.02286500062228e-08,0
site_03065,5,0,1.0040064696966188e-07,0
site_13977,5,0,8.14819198255001e-08,0
site_08636,5,0,8.022865000622994e-08,0
site_15125,5,0,8.022864974111467e-08,0
site_08426,5,0,8.022865000623904e-08,0
site_17228,5,1,0.999999953578924,1
site_11862,5,1,0.9999999650785102,1
site_15715,5,0,8.022865000622508e-08,0
site_11446,5,0,8.022865000623079e-08,0
site_04864,5,0,8.022865000622224e-08,0
site_08189,5,0,8.022865001002851e-08,0
site_15169,5,0,8.022864974490928e-08,0
site_01178,5,0,7.348136051501934e-07,0
site_02017,5,0,8.148191982935659e-08,0
site_18841,5,1,0.999999963957563,1
site_03680,5,0,8.148191982935166e-08,0
site_03411,5,1,0.999999864291421,1
site_05793,5,0,8.022865001001739e-08,0
site_19563,5,0,8.022865000622224e-08,0
site_16087,5,0,8.022865001004875e-08,0
site_08377,5,0,8.02286500062302e-08,0
site_16093,5,0,8.022864974490928e-08,0
site_04512,5,0,8.02286497411141e-08,0
site_02108,5,0,2.0031810261880097e-06,0
site_03620,5,0,8.148191982937598e-08,0
site_00660,5,0,1.2130192100042332e-07,0
site_13748,5,0,8.022864974495573e-08,0
site_02274,5,0,8.022864974493322e-08,0
site_15574,5,0,8.022865000623108e-08,0
site_20237,5,0,8.022864974492894e-08,0
site_13349,5,0,8.14819198254978e-08,0
site_08987,5,0,8.022865001002851e-08,0
site_07535,5,0,8.02286500062302e-08,0
site_13481,5,0,9.12834256224311e-08,0
site_11407,5,1,0.9999999535789069,1
site_00600,5,0,5.8979126808490866e-08,0
site_16699,5,0,8.022865001002224e-08,0
site_19541,5,0,8.022865001002224e-08,0
site_14120,5,0,8.022865000623904e-08,0
site_16651,5,0,8.14819198254978e-08,0
site_01196,5,0,8.14819198254978e-08,0
site_05651,5,1,0.9999999168816882,1
site_02836,5,1,0.9999999772702507,1
site_01888,5,0,8.148191982549721e-08,0
site_08497,5,0,8.022865000623079e-08,0
site_04917,5,0,8.022865000622194e-08,0
site_15571,5,0,8.022865000623108e-08,0
site_13687,5,0,8.14819198254978e-08,0
site_20837,5,0,8.148191982935166e-08,0
site_04071,5,0,8.148191982550619e-08,0
site_18134,5,0,8.022864974490928e-08,0
site_11111,5,1,0.999999970704541,1
site_11083,5,0,8.022865000623079e-08,0
site_05117,5,0,8.02286500062228e-08,0
site_16265,5,0,8.02286500100211e-08,0
site_11854,5,0,2.0031877288819533e-06,0
site_03110,5,0,8.022865000622224e-08,0
site_16920,5,1,0.9999999545208952,1
site_05722,5,0,8.022865000623478e-08,0
site_06861,5,0,8.022864974112295e-08,0
site_14306,5,0,8.022864974111383e-08,0
site_10575,5,0,8.022865001002851e-08,0
site_04115,5,0,8.148191982549721e-08,0
site_06705,5,0,8.022864974111467e-08,0
site_04036,5,0,8.02286500062228e-08,0
site_08186,5,0,8.022865001002851e-08,0
site_10995,5,1,0.9999999774534899,1
site_11578,5,0,2.448142617272508e-06,0
site_12962,5,0,8.02286497411141e-08,0
site_08491,5,0,8.022865000623079e-08,0
site_07987,5,0,1.0040064730143539e-07,0
site_19332,5,0,8.02286500062228e-08,0
site_03845,5,0,8.022865001006528e-08,0
site_12880,5,1,0.9999999610575827,1
site_10790,5,0,8.022865001005217e-08,0
site_03053,5,1,0.9999999535789069,1
site_08754,5,0,5.807197143720035e-08,0
site_17459,5,0,8.022864974490928e-08,0
site_00528,5,0,8.148191982549721e-08,0
site_07093,5,0,8.022864974495716e-08,0
site_20926,5,0,8.022864974111467e-08,0
site_10241,5,1,0.9999999650785228,1
site_07780,5,0,8.022865000622651e-08,0
site_10602,5,0,1.7572000845239904e-05,0
site_18493,5,0,8.022864974111467e-08,0
site_04934,5,0,8.02286497411141e-08,0
site_07614,5,0,8.022865000622508e-08,0
site_09192,5,0,8.02286500062302e-08,0
site_01937,5,0,8.148191982939886e-08,0
site_04157,5,0,8.022864974490928e-08,0
site_06905,5,0,8.02286497411141e-08,0
site_20900,5,1,0.9999999610575825,1
site_12524,5,0,2.757159704551187e-05,0
site_12181,5,0,8.022865000623306e-08,0
site_06723,5,0,8.022865000622594e-08,0
site_05231,5,0,8.022865000622224e-08,0
site_19721,5,0,8.148191982549692e-08,0
site_07890,5,0,8.022865000622651e-08,0
site_14575,5,0,8.02286497411141e-08,0
site_20502,5,0,8.022865000622194e-08,0
site_16203,5,0,8.022865000622594e-08,0
site_17753,5,0,5.392017439589248e-08,0
site_02327,5,0,8.02286497411141e-08,0
site_06009,5,0,8.022865001001739e-08,0
site_11483,5,0,8.022865000623079e-08,0
site_13499,5,0,8.022865000623079e-08,0
site_10475,5,1,0.9999999650785228,1
site_12834,5,0,8.02286497411141e-08,0
site_09341,5,0,8.14819198293835e-08,0
site_19521,5,1,0.9999999610575825,1
site_03041,5,1,0.9999999185683468,1
site_02859,5,0,8.022864974111695e-08,0
site_17213,5,0,8.148191982935166e-08,0
site_00058,5,1,0.9999999568032282,1
site_19366,5,0,8.022864974490928e-08,0
site_03900,5,0,1.1824481717500416e-07,0
site_02076,5,0,8.148191982939886e-08,0
site_14682,5,0,8.022865000623478e-08,0
site_15091,5,0,8.084133635122302e-08,0
site_16131,5,0,8.02286500100211e-08,0
site_20384,5,0,8.022864974111467e-08,0
site_12920,5,0,8.02286500062302e-08,0
site_01718,5,0,1.804082247958011e-07,0
site_17244,5,0,8.022865001001739e-08,0
site_15579,5,0,8.022865001001739e-08,0
site_02276,5,0,5.80719712452966e-08,0
site_13607,5,0,8.022865001002851e-08,0
site_17999,5,0,8.022864974491412e-08,0
site_18165,5,0,8.02286497411141e-08,0
site_06396,5,0,8.148191982935166e-08,0
site_08838,5,0,8.022865001007241e-08,0
site_16466,5,0,8.022865001002224e-08,0
site_09589,5,0,7.147782207456619e-08,0
site_11135,5,0,2.448150655074911e-06,0
site_09772,5,0,5.807197143720035e-08,0
site_11197,5,0,8.022865001002851e-08,0
site_07491,5,0,8.022864974112295e-08,0
site_05726,5,0,8.022865001002594e-08,0
site_04289,5,0,7.978821009341681e-08,0
site_18265,5,0,8.148191982935166e-08,0
site_14033,5,0,8.022865000623478e-08,0
site_21210,5,0,8.022864974495118e-08,0
site_11419,5,1,0.9999999650785102,1
site_16016,5,0,8.022865001004875e-08,0
site_09736,5,0,2.4481484757177364e-06,0
site_03581,5,0,8.022864974491412e-08,0
site_00409,5,0,8.148191982937163e-08,0
site_11180,5,0,8.022865000623079e-08,0
site_04057,5,0,8.14819198254978e-08,0
site_13981,5,0,8.148191982937598e-08,0
site_05551,5,0,8.022865001001739e-08,0
site_16596,5,0,8.148191982935166e-08,0
site_21488,5,0,8.148191982937163e-08,0
site_16360,5,0,8.148191982935166e-08,0
site_13434,5,0,8.148191982549692e-08,0
site_04965,5,0,8.022865000622224e-08,0
site_16611,5,1,0.9999999535789262,1
site_04844,5,0,8.022864974111467e-08,0
site_01602,5,0,8.148191982937598e-08,0
site_12104,5,0,8.148191982549721e-08,0
site_19268,5,0,8.022865000623108e-08,0
site_09515,5,0,1.509738385203709e-05,0
site_01137,5,0,7.348146114937318e-07,0
site_10082,5,0,8.022865000623079e-08,0
site_15265,5,0,8.02286500062228e-08,0
site_04346,5,0,8.022865000622224e-08,0
site_17618,5,0,8.210417735245998e-08,0
site_11448,5,0,8.022865000623306e-08,0
site_03340,5,1,0.9999999568032282,1
site_00951,5,0,8.148191982935166e-08,0
site_07230,5,0,1.2077480757885753e-07,0
site_19369,5,0,8.14819198254978e-08,0
site_16208,5,0,8.022865000622594e-08,0
site_06390,5,0,8.148191982935166e-08,0
site_14433,5,0,8.022865000622224e-08,0
site_11792,5,0,8.02286500062302e-08,0
site_18547,5,0,5.476247379316214e-08,0
site_12781,5,0,8.022865001005217e-08,0
site_05179,5,0,8.022865000622594e-08,0
site_13957,5,0,8.084133635121643e-08,0
site_09880,5,0,8.148191982935166e-08,0
site_06448,5,0,1.2130192100042332e-07,0
site_04433,5,0,8.022864974491412e-08,0
site_12122,5,1,0.9999999610575825,1
site_04737,5,0,8.02286497411141e-08,0
site_10085,5,0,8.02286500062302e-08,0
site_18485,5,0,8.02286497411141e-08,0
site_15848,5,0,8.02286500100459e-08,0
site_02094,5,0,5.8071971245301753e-08,0
site_04390,5,0,8.02286497411141e-08,0
site_00394,5,1,0.9999999610575825,1
site_14465,5,0,8.022864974111467e-08,0
site_08306,5,0,8.022865001005217e-08,0
site_19650,5,0,8.14819198254978e-08,0
site_00505,5,1,0.9999998040449398,1
site_18246,5,0,8.02286497411141e-08,0
site_08628,5,0,5.807197143720035e-08,0
site_12488,5,0,6.607375919893077e-08,0
site_17069,5,0,8.14819198255001e-08,0
site_00688,5,0,8.148191982938061e-08,0
site_01874,5,0,8.103459996990054e-08,0
site_16971,5,0,2.0031877288819533e-06,0
site_02236,5,1,0.999999965787146,1
site_06524,5,0,8.14819198254978e-08,0
site_06340,5,0,8.022864974111695e-08,0
site_08632,5,0,5.8071971437190033e-08,0
site_06571,5,0,8.022865000622651e-08,0
site_20811,5,0,8.022865000623108e-08,0
site_19302,5,0,1.0570753268274774e-07,0
site_04403,5,0,8.022865000622508e-08,0
site_09798,5,0,8.022865001002851e-08,0
site_18372,5,0,8.022865000622224e-08,0
site_02508,5,0,8.02286497411141e-08,0
site_02100,5,0,8.14819198254978e-08,0
site_16676,5,0,2.0031877288819533e-06,0
site_07612,5,0,8.02286500062228e-08,0
site_19006,5,0,8.022864974111467e-08,0
site_03659,5,0,8.148191982549721e-08,0
site_14556,5,0,8.022864974111467e-08,0
site_13785,5,0,8.14819198254978e-08,0
site_13116,5,1,0.9999997675250824,1
site_17338,5,0,4.4036340886174645e-08,0
site_02573,5,0,8.022864974491412e-08,0
site_06061,5,0,8.148191982550619e-08,0
site_04435,5,0,8.022864974494063e-08,0
site_21113,5,1,0.9999999581697612,1
site_07408,5,0,8.022864974111467e-08,0
site_00659,5,0,8.210417735245998e-08,0
site_06588,5,0,1.1824481678427178e-07,0
site_20602,5,0,8.148191982938061e-08,0
site_20511,5,0,8.022864974111467e-08,0
site_06074,5,0,8.022865000623108e-08,0
site_00378,5,0,8.148191982550619e-08,0
site_02523,5,0,8.14819198254978e-08,0
site_09800,5,0,8.022865000623904e-08,0
site_08199,5,0,8.022865001007126e-08,0
site_03694,5,0,8.02286500100211e-08,0
site_01538,5,0,1.0570753268274774e-07,0
site_21385,5,0,8.148191982935166e-08,0
site_13392,5,0,1.182448171750008e-07,0
site_16394,5,0,8.02286500100211e-08,0
site_03294,5,0,8.022865001001739e-08,0
site_18154,5,0,5.392017439589248e-08,0
site_20636,5,0,8.022865001001739e-08,0
site_03528,5,0,8.148191982935166e-08,0
site_08192,5,0,5.807197143720035e-08,0
site_01839,5,0,5.897912680850135e-08,0
site_10411,5,0,8.14819198254978e-08,0
site_00654,5,0,8.148191982935166e-08,0
site_05486,5,0,8.022865001001739e-08,0
site_11505,5,0,8.022865000622594e-08,0
site_13574,5,0,8.14819198254978e-08,0
site_02306,5,0,8.02286497411141e-08,0
site_12471,5,0,8.022864974111383e-08,0
site_09011,5,0,8.14819198254978e-08,0
site_13664,5,0,8.148191982935166e-08,0
site_03835,5,0,8.022865001001739e-08,0
site_11521,5,0,1.0408164947419164e-07,0
site_19041,5,0,8.14819198255001e-08,0
site_18291,5,0,8.02286497411141e-08,0
site_12014,5,0,2.56023423353638e-06,0
site_19180,5,1,0.9999999610575827,1
site_16481,5,0,8.148191982935166e-08,0
site_10994,5,0,2.5763334180433292e-06,0
site_17271,5,0,7.47343319449433e-07,0
site_15821,5,0,8.022864974111695e-08,0
site_16111,5,0,2.1686647805090387e-06,0
site_07040,5,0,8.022864974111467e-08,0
site_05001,5,0,1.194361815704369e-07,0
site_15434,5,0,8.022865000622224e-08,0
site_01814,5,0,8.022864974112295e-08,0
site_01769,5,0,8.022864974490928e-08,0
site_13681,5,0,8.148191982549721e-08,0
site_11292,5,0,8.148191982550619e-08,0
site_06911,5,0,8.022864974111695e-08,0
site_19499,5,0,8.022864974491412e-08,0
site_07029,5,0,8.02286497411141e-08,0
site_12262,5,1,0.99999996507851,1
site_12713,5,0,8.022864974112295e-08,0
site_18941,5,0,8.022865001001739e-08,0
site_17084,5,0,8.02286500100211e-08,0
site_00546,5,0,8.14819198254978e-08,0
site_07072,5,0,8.022865000623904e-08,0
site_17938,5,0,8.022864974494063e-08,0
site_11764,5,0,8.022865000623079e-08,0
site_07605,5,0,8.022865000622224e-08,0
site_15840,5,0,2.157317925741176e-06,0
site_00136,5,0,8.148191982935166e-08,0
site_17961,5,0,8.14819198255001e-08,0
site_14199,5,0,8.148191982935166e-08,0
site_19436,5,0,8.022864974111467e-08,0
site_02055,5,1,0.9999999610575827,1
site_09576,5,0,8.022865001002851e-08,0
site_02398,5,0,5.897912680850135e-08,0
site_01206,5,1,0.9999999610575827,1
site_07786,5,0,8.022865000622651e-08,0
site_10532,5,0,8.02286500062302e-08,0
site_15289,5,0,8.022865000622194e-08,0
site_13493,5,0,8.022865001002851e-08,0
site_11599,5,0,8.022865000623079e-08,0
site_15839,5,0,1.9154781451164403e-06,0
site_12669,5,0,8.022865000623079e-08,0
site_11963,5,0,8.022864974490928e-08,0
site_02161,5,0,1.2009194603629785e-07,0
site_11699,5,1,0.9999999700977569,1
site_21453,5,0,8.148191982549721e-08,0
site_03131,5,0,8.02286497449623e-08,0
site_02593,5,0,5.897912680850135e-08,0
site_20388,5,0,8.148191982935166e-08,0
site_11087,5,0,8.02286500062302e-08,0
site_20976,5,0,8.022864974492894e-08,0
site_13278,5,0,1.182448171750008e-07,0
site_01867,5,0,8.022864974495118e-08,0
site_12151,5,0,8.02286500062302e-08,0
site_10187,5,0,8.022865000623079e-08,0
site_16182,5,1,0.9999999730304495,1
site_20957,5,0,7.348027768415791e-07,0
site_06726,5,0,8.022865000622594e-08,0
site_03163,5,0,8.022865000622224e-08,0
site_18911,5,1,0.9999999693604995,1
site_04678,5,0,8.022864974112295e-08,0
site_20430,5,1,0.9999998110400203,1
site_06301,5,0,1.205235575329206e-07,0
site_04901,5,0,8.022865000622224e-08,0
site_03640,5,0,8.02286497411141e-08,0
site_17390,5,0,4.4036340886174645e-08,0
site_00168,5,0,8.148191982935166e-08,0
site_09062,5,0,5.978701029879237e-08,0
site_11624,5,0,8.022865001007241e-08,0
site_10935,5,0,8.02286500062302e-08,0
site_05208,5,0,8.022865001004133e-08,0
site_15910,5,0,2.12752171959144e-06,0
site_18831,5,0,8.14819198254978e-08,0
site_06907,5,0,8.022864974111695e-08,0
site_19773,5,0,8.022864974490928e-08,0
site_02948,5,1,0.9999999590185912,1
site_16526,5,0,8.022865000623108e-08,0
site_11848,5,1,0.9999999610575827,1
site_04853,5,0,8.022865000622508e-08,0
site_04779,5,0,8.022864974493322e-08,0
site_20008,5,1,0.9999943583421905,1
site_16672,5,1,0.9999999332120886,1
site_18321,5,0,8.022864974490928e-08,0
site_20540,5,1,0.9999997675250817,1
site_09435,5,0,8.148191982549692e-08,0
site_11488,5,0,8.022865000623904e-08,0
site_21472,5,0,8.148191982935659e-08,0
site_06701,5,0,8.02286497411141e-08,0
site_08341,5,0,5.80719714371952e-08,0
site_11919,5,0,8.022865000623904e-08,0
site_10646,5,0,8.022865000623306e-08,0
site_17055,5,0,8.022864974490928e-08,0
site_05014,5,0,8.022865000622224e-08,0
site_08682,5,0,5.8983154234343294e-08,0
site_06305,5,0,8.148191982549721e-08,0
site_18029,5,0,8.148191982550619e-08,0
site_12606,5,0,7.259439324886325e-08,0
site_17901,5,0,8.148191982935166e-08,0
site_13892,5,0,8.14819198254978e-08,0
site_12732,5,0,1.2130192100042332e-07,0
site_00291,5,0,5.790072538438287e-08,0
site_12771,5,1,0.999999503009109,1
site_03636,5,0,8.022865001006385e-08,0
site_03183,5,0,1.1943618117577115e-07,0
site_10504,5,0,8.148191982939886e-08,0
site_10946,5,0,8.022865000623904e-08,0
site_07750,5,0,8.022865000623079e-08,0
site_20610,5,1,0.9999999716183562,1
site_18358,5,0,8.022864974490928e-08,0
site_20440,5,0,8.022865001001739e-08,0
site_08343,5,0,8.022865001003308e-08,0
site_03416,5,0,8.022865001004875e-08,0
site_05748,5,0,1.482948235342766e-05,0
site_14239,5,0,8.022865000622508e-08,0
site_11703,5,1,0.9999999777314885,1
site_18667,5,0,8.022865001001739e-08,0
site_18759,5,0,8.148191982550619e-08,0
site_10860,5,1,0.999999965787146,1
site_04857,5,0,8.022865000622224e-08,0
site_16189,5,1,0.9999999535789262,1
site_17306,5,0,8.022864974112295e-08,0
site_09173,5,0,8.148191982549721e-08,0
site_08772,5,0,8.148191982549721e-08,0
site_11145,5,1,0.9999999730304482,1
site_00641,5,0,8.148191982935659e-08,0
site_00298,5,1,0.9999999610575827,1
site_08862,5,0,8.022865001002851e-08,0
site_14487,5,0,8.022864974111467e-08,0
site_20260,5,0,8.148191982549721e-08,0
site_06078,5,0,8.022865001005217e-08,0
site_01699,5,0,4.4724242662722835e-08,0
site_09235,5,0,1.194361815704475e-07,0
site_07644,5,0,8.022865001002851e-08,0
site_02058,5,0,8.148191982549721e-08,0
site_13686,5,0,8.148191982550619e-08,0
site_11594,5,0,8.022865000623306e-08,0
site_09511,5,0,9.435697449614856e-07,0
site_00765,5,0,8.148191982935166e-08,0
site_01382,5,0,1.2130192100042332e-07,0
site_07068,5,0,8.02286500062302e-08,0
site_11494,5,0,8.022865000623904e-08,0
site_14782,5,0,8.022865000622224e-08,0
site_20361,5,0,8.02286500100211e-08,0
site_08938,5,0,8.14819198293835e-08,0
site_14310,5,0,7.147782183836167e-08,0
site_05641,5,1,0.9999999556556414,1
site_03494,5,0,8.022865001001739e-08,0
site_19320,5,0,1.8599802704225028e-06,0
site_02361,5,1,0.9999999777314885,1
site_02783,5,1,0.9999999497570297,1
site_18794,5,0,8.022864974111467e-08,0
site_08893,5,0,1.182448171750113e-07,0
site_10373,5,1,0.9999999650785228,1
site_07437,5,0,8.022865000623108e-08,0
site_14065,5,0,8.084133635122302e-08,0
site_07381,5,0,8.02286500062228e-08,0
site_00507,5,1,0.9999999532544912,1
site_02513,5,0,8.022864974494063e-08,0
site_12244,5,0,8.14819198255001e-08,0
site_10679,5,0,8.022865001002851e-08,0
site_00725,5,0,8.148191982935166e-08,0
site_00511,5,1,0.9999999610575827,1
site_08781,5,0,8.022865000623306e-08,0
site_02877,5,0,8.148191982935166e-08,0
site_18850,5,0,1.0408164947419164e-07,0
site_01859,5,0,9.113630645312024e-08,0
site_02856,5,0,8.022864974493322e-08,0
site_12718,5,0,8.022864974111467e-08,0
site_07595,5,0,8.022865000623079e-08,0
site_18179,5,0,8.14819198255001e-08,0
site_14555,5,0,8.022864974112295e-08,0
site_02788,5,1,0.999999965787146,1
site_07580,5,0,8.022865000623904e-08,0
site_06463,5,0,8.148191982550619e-08,0
site_02692,5,0,1.0040064696966188e-07,0
site_18003,5,0,5.8983154042261785e-08,0
site_00926,5,0,1.8780213672016e-08,0
site_02914,5,0,1.0408164947419164e-07,0
site_17147,5,0,8.022864974495573e-08,0
site_02713,5,1,0.9999998401719781,1
site_10617,5,1,0.9999999610575827,1
site_01458,5,1,0.9999999431438634,1
site_03986,5,0,8.022864974490928e-08,0
site_08931,5,0,1.2052355793690434e-07,0
site_06717,5,0,8.02286500062228e-08,0
site_07608,5,0,8.022865000622224e-08,0
site_09510,5,1,0.9999999700977569,1
site_16970,5,0,2.003187603084436e-06,0
site_13488,5,0,8.022865000623904e-08,0
site_07575,5,0,8.022865000623478e-08,0
site_00537,5,0,1.2009194603629785e-07,0
site_02134,5,0,8.148191982549692e-08,0
site_01255,5,1,0.9999999545208959,1
site_20885,5,0,8.148191982549721e-08,0
site_00007,5,0,7.348339409811908e-07,0
site_02462,5,0,7.259439324886325e-08,0
site_03245,5,0,8.022864974111467e-08,0
site_07364,5,0,8.022864974112295e-08,0
site_17340,5,0,8.022865000622224e-08,0
site_01833,5,0,8.148191982549721e-08,0
site_01584,5,0,4.4724242662722835e-08,0
site_21121,5,0,6.597327275533785e-07,0
site_12786,5,0,8.02286500062302e-08,0
site_15200,5,0,8.02286497411141e-08,0
site_00092,5,0,9.12834256180812e-08,0
site_16681,5,1,0.9999999581697612,1
site_18052,5,0,8.022864974112295e-08,0
site_00105,5,1,0.9999999610575827,1
site_18487,5,0,8.022864974111467e-08,0
site_00162,5,0,8.14819198254978e-08,0
site_06291,5,0,1.1824481678427516e-07,0
site_12912,5,0,8.022865001003308e-08,0
site_18264,5,0,8.148191982549692e-08,0
site_04991,5,0,8.022865001006385e-08,0
site_17201,5,0,1.0408164947419164e-07,0
site_04995,5,0,8.022865000622508e-08,0
site_14578,5,0,8.022864974490928e-08,0
site_15188,5,0,8.022865000622224e-08,0
site_17793,5,0,8.148191982935166e-08,0
site_16068,5,0,8.02286500100211e-08,0
site_12293,5,0,8.022865000622994e-08,0
site_00449,5,0,8.148191982935166e-08,0
site_00506,5,1,0.9999998859039886,1
site_17945,5,0,8.14819198293835e-08,0
site_16923,5,0,8.02286500100211e-08,0
site_13061,5,0,8.022865000622224e-08,0
site_12672,5,0,8.022865000623079e-08,0
site_01898,5,0,8.148191982935659e-08,0
site_06675,5,0,8.148191982935166e-08,0
site_10866,5,0,2.576335429304789e-06,0
site_11021,5,0,8.148191982550619e-08,0
site_20126,5,1,0.9999999532544912,1
site_05998,5,0,8.022865000623904e-08,0
site_13438,5,0,8.14819198293835e-08,0
site_09182,5,0,8.022864974495716e-08,0
site_18694,5,0,8.148191982935166e-08,0
site_08383,5,0,8.022865000623079e-08,0
site_09492,5,0,1.3480379307643063e-07,0
site_12583,5,0,8.022864974111695e-08,0
site_03542,5,1,0.9999999185683466,1
site_00991,5,1,0.9999999590185912,1
site_05394,5,0,8.022865000622651e-08,0
site_10188,5,0,8.022865001005702e-08,0
site_10850,5,1,0.99999997100832,1
site_05834,5,0,5.89791268084961e-08,0
site_21294,5,0,8.148191982938061e-08,0
site_03666,5,0,8.14819198255001e-08,0
site_04763,5,0,8.022865001003707e-08,0
site_12879,5,1,0.9999999610575827,1
site_06104,5,0,8.02286497411141e-08,0
site_16242,5,0,8.148191982549721e-08,0
site_13332,5,0,8.14819198254978e-08,0
site_20923,5,0,8.022864974111467e-08,0
site_04434,5,0,8.022864974111467e-08,0
site_10759,5,0,8.148191982550619e-08,0
site_18798,5,0,8.022864974111467e-08,0
site_17456,5,0,8.022864974490928e-08,0
site_20801,5,1,0.999999574749619,1
site_09297,5,0,8.022865000623079e-08,0
site_10892,5,0,8.148191982549692e-08,0
site_13467,5,0,8.148191982549721e-08,0
site_20270,5,1,0.9999999556556414,1
site_10499,5,1,0.9999998835407684,1
site_02357,5,1,0.9999999545208959,1
site_15375,5,0,8.022865000622224e-08,0
site_14037,5,0,8.022865000623108e-08,0
site_19078,5,0,8.022865001001739e-08,0
site_19135,5,0,8.02286500062228e-08,0
site_09271,5,0,8.148191982937598e-08,0
site_13851,5,0,1.2077480757885753e-07,0
site_14311,5,0,1.2052355753869168e-07,0
site_00227,5,1,0.9999994198625678,1
site_01381,5,0,8.148191982939421e-08,0
site_04757,5,0,8.022865001004133e-08,0
site_01676,5,0,5.897912680850135e-08,0
site_11833,5,0,8.103459996990054e-08,0
site_04888,5,0,8.022864974490928e-08,0
site_16832,5,0,8.148191982939886e-08,0
site_16637,5,0,8.02286500062228e-08,0
site_01708,5,0,8.148191982939886e-08,0
site_07466,5,0,8.022865000623079e-08,0
site_20770,5,0,8.022864974491412e-08,0
site_00025,5,0,7.348339409811908e-07,0
site_18076,5,0,8.022864974494063e-08,0
site_14694,5,0,8.022865000622194e-08,0
site_21345,5,0,8.14819198254978e-08,0
site_20970,5,0,8.022865001001739e-08,0
site_01043,5,0,8.148191982549721e-08,0
site_19285,5,0,8.022865000622508e-08,0
site_19165,5,0,8.022864974490814e-08,0
site_21340,5,1,0.9999999468735826,1
site_04753,5,0,8.022865001004133e-08,0
site_14347,5,0,8.022864974112295e-08,0
site_16240,5,0,8.148191982549692e-08,0
site_09413,5,0,9.435697449614856e-07,0
site_11543,5,0,8.87742582843283e-08,0
site_04815,5,0,8.022865001006385e-08,0
site_18660,5,0,8.022864974111467e-08,0
site_05199,5,0,8.022865000623108e-08,0
site_03115,5,0,8.022865000623108e-08,0
site_06256,5,0,8.148191982549721e-08,0
site_00341,5,1,0.9999999610575827,1
site_09315,5,0,8.022865001007126e-08,0
site_14501,5,0,8.022865000622651e-08,0
site_01373,5,0,8.148191982937163e-08,0
site_03477,5,0,1.2130192100042332e-07,0
site_08298,5,0,8.022865001002851e-08,0
site_02751,5,0,1.1824481678427516e-07,0
site_06322,5,0,8.148191982549721e-08,0
site_05938,5,0,5.8071971437184885e-08,0
site_19780,5,0,8.148191982935166e-08,0
site_21256,5,1,0.9999999547371559,1
site_05094,5,0,8.02286500062228e-08,0
site_16537,5,0,8.148191982935166e-08,0
site_04058,5,0,8.14819198255001e-08,0
site_06664,5,0,8.022864974111467e-08,0
site_18340,5,0,8.148191982935166e-08,0
site_20666,5,0,8.148191982935166e-08,0
site_15811,5,0,8.02286500062228e-08,0
site_04762,5,0,1.194361815704369e-07,0
site_09310,5,0,8.022865000622994e-08,0
site_07831,5,0,8.022865000622594e-08,0
site_15023,5,0,8.02286500062228e-08,0
site_15786,5,0,8.02286500062228e-08,0
site_20277,5,1,0.9999998123238779,1
site_02182,5,1,0.9999999730304582,1
site_17582,5,0,8.022865001004133e-08,0
site_12811,5,0,8.022865001004504e-08,0
site_16007,5,0,8.022865000623478e-08,0
site_09433,5,0,8.14819198254978e-08,0
site_03081,5,0,8.148191982549721e-08,0
site_10503,5,0,8.14819198255001e-08,0
site_06043,5,1,0.9999997627099318,1
site_21331,5,1,0.9999999410755774,1
site_08226,5,0,8.022865000623079e-08,0
site_17049,5,0,8.022864974490928e-08,0
site_13826,5,0,8.02286500100211e-08,0
site_02956,5,0,8.084133661834912e-08,0
site_06217,5,0,8.02286500062228e-08,0
site_11684,5,0,5.897912680850135e-08,0
site_12599,5,0,8.14819198255001e-08,0
site_19219,5,0,8.022865001001739e-08,0
site_13093,5,0,5.897912680850135e-08,0
site_17451,5,0,8.02286500062228e-08,0
site_01597,5,0,8.14819198294003e-08,0
site_17967,5,0,8.148191982935166e-08,0
site_03808,5,0,8.14819198255001e-08,0
site_19922,5,1,0.9999999610575827,1
site_19623,5,0,8.022865000623478e-08,0
site_05892,5,1,0.9999999602509853,1
site_05583,5,0,8.022865000622224e-08,0
site_08997,5,0,5.807197143720035e-08,0
site_06103,5,0,8.022864974111467e-08,0
site_12123,5,1,0.9999999610575827,1
site_05910,5,0,8.14819198254978e-08,0
site_05431,5,0,8.022865000622594e-08,0
site_17073,5,1,0.9999997944753227,1
site_13018,5,0,8.022865000622994e-08,0
site_17800,5,0,8.148191982935166e-08,0
site_00396,5,1,0.9999912918934863,1
site_03843,5,0,8.022865000622194e-08,0
site_19318,5,1,0.9999999777314885,1
site_08372,5,0,8.022865000623904e-08,0
site_04163,5,0,8.02286497411141e-08,0
site_02515,5,0,8.022864974111695e-08,0
site_08047,5,0,5.807197143720035e-08,0
site_05106,5,0,8.022865001001739e-08,0
site_11107,5,1,0.9999999610575825,1
site_02047,5,1,0.9999999545208959,1
site_07484,5,0,1.1824481678427178e-07,0
site_17940,5,0,8.022864974495573e-08,0
site_01596,5,0,8.148191982939335e-08,0
site_00156,5,1,0.9999999610575827,1
site_01293,5,0,2.0031810261880097e-06,0
site_02069,5,0,8.14819198293835e-08,0
site_10479,5,1,0.9999999545208959,1
site_15262,5,0,8.022865000623108e-08,0
site_13063,5,0,8.022865001001739e-08,0
site_01012,5,0,8.14819198293835e-08,0
site_05730,5,0,1.182448171750008e-07,0
site_01787,5,0,8.148191982935166e-08,0
site_13384,5,0,8.022865001002851e-08,0
site_10198,5,0,8.022865001005217e-08,0
site_00490,5,0,8.148191982549721e-08,0
site_17589,5,0,8.022865000622508e-08,0
site_05072,5,0,8.022865001003707e-08,0
site_08250,5,0,8.022865001002851e-08,0
site_16636,5,0,8.02286500100459e-08,0
site_02582,5,0,8.148191982550619e-08,0
site_11049,5,0,8.022865000623904e-08,0
site_16882,5,0,8.022865001003707e-08,0
site_14357,5,0,5.8071971245301753e-08,0
site_14101,5,0,8.148191982935166e-08,0
site_13868,5,0,8.148191982935659e-08,0
site_06128,5,0,8.14819198254978e-08,0
site_06893,5,0,5.807197124529144e-08,0
site_04214,5,0,8.022865000622508e-08,0
site_09223,5,0,8.022865001002851e-08,0
site_14588,5,0,1.1986190711892522e-07,0
site_20333,5,1,0.9999997675250824,1
site_08433,5,0,8.02286500062302e-08,0
site_15350,5,0,8.02286500062228e-08,0
site_08902,5,0,8.022865000623306e-08,0
site_20340,5,1,0.9999999772702507,1
site_15182,5,0,8.022865000623108e-08,0
site_00259,5,1,0.9999997932235579,1
site_10631,5,1,0.9999996592424267,1
site_02118,5,1,0.9999999610575827,1
site_11350,5,0,8.022865000623904e-08,0
site_16379,5,1,0.9999999535789262,1
site_13749,5,0,8.022864974111383e-08,0
site_07534,5,0,8.022865000623079e-08,0
site_07246,5,0,8.022865000622508e-08,0
site_01524,5,0,1.482948235342766e-05,0
site_17557,5,0,8.148191982549692e-08,0
site_18314,5,0,8.14819198254978e-08,0
site_20120,5,0,8.14819198293835e-08,0
site_01433,5,1,0.999999698486456,1
site_08272,5,0,8.022865000623904e-08,0
site_04254,5,0,8.148191982549721e-08,0
site_06607,5,0,8.14819198254978e-08,0
site_10855,5,0,2.1275189395166166e-06,0
site_16104,5,0,8.148191982935166e-08,0
site_13820,5,0,8.022865001002851e-08,0
site_15655,5,0,8.022865001001739e-08,0
site_09017,5,0,8.14819198294003e-08,0
site_01267,5,0,1.0806515617565043e-07,0
site_01007,5,0,8.148191982939886e-08,0
site_14576,5,0,8.022864974490928e-08,0
site_11041,5,0,8.022865000623904e-08,0
site_13606,5,0,8.022865000623904e-08,0
site_05360,5,0,8.02286500100211e-08,0
site_11019,5,0,6.607375919892489e-08,0
site_03361,5,0,8.022864974493322e-08,0
site_06336,5,0,8.022864974111467e-08,0
site_15775,5,0,8.022865000622508e-08,0
site_05497,5,0,8.022865001006385e-08,0
site_19330,5,0,8.022865000622224e-08,0
site_00609,5,0,8.022864974493322e-08,0
site_11284,5,1,0.9999999730304582,1
site_19821,5,0,8.022865000622651e-08,0
site_11023,5,0,8.148191982549692e-08,0
site_04444,5,0,8.022864974112295e-08,0
site_08411,5,0,8.022865001007126e-08,0
site_03067,5,0,8.022864974493777e-08,0
site_08299,5,0,8.022865001007041e-08,0
site_16154,5,0,8.022865001001739e-08,0
site_04276,5,0,8.022865001001739e-08,0
site_06003,5,0,8.022865000622594e-08,0
site_20925,5,0,8.022864974494063e-08,0
site_10375,5,1,0.999999953578924,1
site_09380,5,0,8.022865000622994e-08,0
site_18139,5,0,8.02286497411141e-08,0
site_15057,5,0,8.022864974111467e-08,0
site_07352,5,0,8.022864974112295e-08,0
site_09704,5,0,1.205235579368975e-07,0
site_00487,5,0,8.148191982935166e-08,0
site_06540,5,0,8.14819198254978e-08,0
site_14188,5,0,8.148191982550619e-08,0
site_21463,5,0,1.2009194603629785e-07,0
site_06834,5,0,8.210417735245998e-08,0
site_07507,5,0,8.02286500062228e-08,0
site_06624,5,0,8.022864974111467e-08,0
site_08725,5,0,5.898315423713534e-08,0
site_19910,5,0,8.148191982935166e-08,0
site_14039,5,0,8.022865000623108e-08,0
site_11142,5,0,2.448150655074911e-06,0
site_00999,5,1,0.9999999545208959,1
site_03781,5,0,8.022864974112295e-08,0
site_00840,5,0,8.148191982549721e-08,0
site_06040,5,1,0.9999998040449398,1
site_04489,5,0,8.022864974495573e-08,0
site_10469,5,0,6.738241270087257e-08,0
site_03729,5,0,8.148191982549692e-08,0
site_02402,5,0,5.897912680850135e-08,0
site_09078,5,1,0.999999967877211,1
site_09912,5,0,8.022865000623306e-08,0
site_18717,5,0,8.02286497411141e-08,0
site_11987,5,0,6.607375919891903e-08,0
site_01881,5,0,8.14819198294003e-08,0
site_11855,5,0,2.560242800139551e-06,0
site_18309,5,0,1.0040064696966188e-07,0
site_10087,5,0,8.02286500062302e-08,0
site_16890,5,0,8.022864974495118e-08,0
site_10346,5,0,8.022865001002851e-08,0
site_13035,5,0,8.022865001002851e-08,0
site_01620,5,0,8.148191982549721e-08,0
site_20242,5,0,8.022864974495573e-08,0
site_07859,5,0,8.022865001004818e-08,0
site_11335,5,0,8.022865000623904e-08,0
site_05962,5,1,0.9999999532544912,1
site_15949,5,0,8.022865001001739e-08,0
site_00285,5,0,8.148191982549721e-08,0
site_16993,5,0,8.022865000622194e-08,0
site_12598,5,0,8.022864974490928e-08,0
site_06790,5,0,8.022865000622508e-08,0
site_01689,5,0,1.0806515617565043e-07,0
site_10740,5,1,0.999999970704541,1
site_14302,5,0,8.022864974111467e-08,0
site_02368,5,0,8.022864974490928e-08,0
site_08828,5,0,8.148191982549721e-08,0
site_18224,5,0,8.022864974111467e-08,0
site_03375,5,0,1.1943618117577115e-07,0
site_14496,5,0,8.02286497411141e-08,0
site_17150,5,0,1.1824481678427178e-07,0
site_05269,5,0,8.022865000622194e-08,0
site_20054,5,1,0.9999999185683468,1
site_01951,5,0,8.14819198254978e-08,0
site_05637,5,0,8.02286497411141e-08,0
site_06489,5,0,8.022865000622224e-08,0
site_07496,5,0,8.022864974111383e-08,0
site_18711,5,0,8.02286497411141e-08,0
site_10123,5,0,9.128342561809061e-08,0
site_15837,5,0,7.810995588857366e-07,0
site_10684,5,0,8.022865000623079e-08,0
site_11239,5,0,1.0302086682490511e-07,0
site_18544,5,0,8.148191982935659e-08,0
site_15444,5,0,8.022865001001739e-08,0
site_08876,5,0,8.148191982935051e-08,0
site_01800,5,0,8.148191982935166e-08,0
site_03288,5,0,1.182448171750008e-07,0
site_09945,5,0,8.022865000623904e-08,0
site_17246,5,0,8.022864974111467e-08,0
site_11917,5,0,8.022865000623079e-08,0
site_21394,5,1,0.9999999730304582,1
site_10536,5,0,8.022865000623079e-08,0
site_01394,5,1,0.9999999535789238,1
site_09458,5,0,8.022865000623079e-08,0
site_11815,5,0,5.978701010122642e-08,0
site_14814,5,0,8.02286497411141e-08,0
site_04206,5,0,8.022865000623108e-08,0
site_18350,5,0,8.02286497411141e-08,0
site_04803,5,0,8.02286500062228e-08,0
site_09503,5,0,2.5763334180433292e-06,0
site_05191,5,0,8.02286500062228e-08,0
site_12314,5,0,8.02286500062302e-08,0
site_03987,5,0,8.022864974490928e-08,0
site_04060,5,0,8.14819198255001e-08,0
site_03268,5,0,8.14819198254978e-08,0
site_19212,5,0,8.02286500062228e-08,0
site_07134,5,0,8.022865001002851e-08,0
site_03495,5,0,8.022865001001739e-08,0
site_12060,5,0,8.022865000623904e-08,0
site_08228,5,0,8.022865000623904e-08,0
site_20935,5,0,8.14819198293835e-08,0
site_13141,5,0,8.022865000623079e-08,0
site_03512,5,0,8.022864974490928e-08,0
site_19835,5,0,8.022864974490928e-08,0
site_18360,5,0,8.022864974495032e-08,0
site_08152,5,0,8.022865000623079e-08,0
site_15366,5,0,8.022865001001739e-08,0
site_14349,5,0,8.022864974491412e-08,0
site_00993,5,0,2.1014929872515084e-06,0
site_10043,5,0,8.02286500062302e-08,0
site_07061,5,0,8.022865000623478e-08,0
site_16277,5,0,8.022865001004504e-08,0
site_14526,5,0,8.022864974495716e-08,0
site_11928,5,0,8.022865000623079e-08,0
site_08255,5,0,8.022865001003308e-08,0
site_18205,5,0,8.02286497411141e-08,0
site_05357,5,0,8.022865001004961e-08,0
site_18520,5,0,8.022865001002224e-08,0
site_08220,5,0,8.022865000623079e-08,0
site_10160,5,0,8.022865000623904e-08,0
site_12731,5,0,1.2009194603629785e-07,0
site_02007,5,0,8.14819198293835e-08,0
site_20710,5,0,8.022864974490928e-08,0
site_01104,5,1,0.9999997420420873,1
site_03031,5,0,8.148191982935166e-08,0
site_19482,5,0,8.022865000623108e-08,0
site_21533,5,0,1.2009194603629785e-07,0
site_17964,5,0,8.14819198293835e-08,0
site_02588,5,0,8.148191982549692e-08,0
site_11392,5,0,5.897912680850135e-08,0
site_01788,5,0,8.148191982935166e-08,0
site_17805,5,0,8.148191982935166e-08,0
site_13128,5,0,8.14819198255001e-08,0
site_12101,5,0,8.148191982935166e-08,0
site_17653,5,0,8.022864974111467e-08,0
site_17628,5,0,8.084133635121643e-08,0
site_11900,5,0,8.022865000623079e-08,0
site_15504,5,0,8.022865000622224e-08,0
site_10331,5,0,8.022865001002851e-08,0
site_11509,5,0,8.022865000622508e-08,0
site_08557,5,0,8.022865001005702e-08,0
site_05147,5,0,8.02286500100459e-08,0
site_07521,5,0,8.022865000622594e-08,0
site_01090,5,0,3.103639208077931e-08,0
site_16799,5,0,2.0031810261880097e-06,0
site_14595,5,0,8.022865000622879e-08,0
site_07245,5,0,8.02286500062228e-08,0
site_16872,5,0,8.02286500100211e-08,0
site_12358,5,0,1.804082247958011e-07,0
site_00453,5,0,8.148191982935166e-08,0
site_15743,5,0,8.022864974111383e-08,0
site_19814,5,0,8.022865000622594e-08,0
site_02495,5,0,8.022864974495573e-08,0
site_03501,5,0,8.022864974112295e-08,0
site_02967,5,0,8.022864974491412e-08,0
site_00638,5,0,8.148191982549721e-08,0
site_18361,5,0,8.02286497411141e-08,0
site_14620,5,0,8.022864974495716e-08,0
site_00996,5,1,0.9999999331878375,1
site_19152,5,0,8.022865001001739e-08,0
site_09683,5,0,8.022865001002851e-08,0
site_20284,5,0,7.348314822135068e-07,0
site_05664,5,0,8.022865000622651e-08,0
site_03406,5,1,0.9999999610575827,1
site_06575,5,0,1.194361815704369e-07,0
site_14261,5,0,7.978821009341681e-08,0
site_10769,5,0,8.022865000623306e-08,0
site_14872,5,0,8.022864974112295e-08,0
site_16662,5,1,0.9999982680659683,1
site_12727,5,0,8.148191982937598e-08,0
site_10027,5,0,8.02286500062302e-08,0
site_07129,5,0,8.022865000622594e-08,0
site_07991,5,0,8.022865001001739e-08,0
site_13683,5,0,8.148191982549721e-08,0
site_17433,5,0,4.4036340886174645e-08,0
site_18963,5,0,8.02286497411141e-08,0
site_06310,5,0,8.148191982937163e-08,0
site_10534,5,0,8.022865001002851e-08,0
site_17130,5,1,0.999999953578924,1
site_09980,5,0,2.560242639359808e-06,0
site_02683,5,0,8.02286500062228e-08,0
site_12251,5,1,0.9999999590185912,1
site_13095,5,0,8.21041773524667e-08,0
site_19437,5,0,8.022864974490928e-08,0
site_11933,5,0,8.022865000623079e-08,0
site_17884,5,0,8.148191982549692e-08,0
site_01712,5,0,5.897912680850135e-08,0
site_12322,5,0,8.022865001004504e-08,0
site_16037,5,0,8.148191982937598e-08,0
site_17358,5,0,8.022864974490814e-08,0
site_16094,5,0,8.022864974490928e-08,0
site_08579,5,0,8.022865001002851e-08,0
site_12579,5,0,1.2077480797794666e-07,0
site_02311,5,0,1.0640301046106419e-07,0
site_12865,5,1,0.9999992163758226,1
site_04347,5,0,8.022865001001739e-08,0
site_00671,5,0,8.148191982935166e-08,0
site_09470,5,0,8.022865001002851e-08,0
site_12102,5,0,8.148191982549692e-08,0
site_20571,5,0,8.022865000622224e-08,0
site_18269,5,0,8.148191982935166e-08,0
site_04087,5,0,8.973454295175999e-08,0
site_12446,5,0,8.022865001004504e-08,0
site_10862,5,0,2.560242800139551e-06,0
site_18783,5,0,8.022864974111695e-08,0
site_15780,5,0,8.022865000622194e-08,0
site_16244,5,1,0.9999797087191495,1
site_12303,5,0,8.02286500062302e-08,0
site_08916,5,0,8.022865000622994e-08,0
site_13931,5,0,8.02286500100211e-08,0
site_05166,5,0,8.022865000623108e-08,0
site_19163,5,0,8.022864974111467e-08,0
site_13520,5,0,8.022865001004875e-08,0
site_10538,5,0,8.022865000623306e-08,0
site_09658,5,0,8.022865000623306e-08,0
site_18861,5,0,8.022864974111695e-08,0
site_16986,5,0,8.022865001001739e-08,0
site_19859,5,1,0.9999999610575827,1
site_05475,5,0,8.022865000622651e-08,0
site_15046,5,0,8.022864974491412e-08,0
site_04804,5,0,8.02286500100459e-08,0
site_05877,5,0,8.022864974111383e-08,0
site_12051,5,0,8.02286500062302e-08,0
site_06248,5,0,8.148191982935166e-08,0
site_11626,5,0,8.022865000623079e-08,0
site_21481,5,0,9.113630645312024e-08,0
site_03977,5,0,8.022865001005845e-08,0
site_18169,5,0,8.022864974490928e-08,0
site_10619,5,1,0.9999999102304101,1
site_11295,5,0,8.14819198255001e-08,0
site_20867,5,0,8.022864974491412e-08,0
site_12313,5,0,8.022865001007041e-08,0
site_06146,5,0,8.02286497411141e-08,0
site_03703,5,0,1.004006473014265e-07,0
site_07477,5,0,8.022864974490928e-08,0
site_08332,5,0,8.022865000623079e-08,0
site_04780,5,0,8.022864974112295e-08,0
site_14068,5,0,5.807197124529144e-08,0
site_11439,5,0,8.148191982938061e-08,0
site_09829,5,0,8.022865000623079e-08,0
site_11499,5,0,8.02286500062302e-08,0
site_08275,5,0,8.022865000623904e-08,0
site_13797,5,0,8.14819198255001e-08,0
site_09768,5,0,8.022864974492894e-08,0
site_12906,5,0,8.02286500062302e-08,0
site_18195,5,0,8.148191982935166e-08,0
site_13088,5,0,1.2009194603629785e-07,0
site_15119,5,0,8.022864974111467e-08,0
site_06915,5,0,8.022864974111467e-08,0
site_15965,5,0,8.148191982935166e-08,0
site_04459,5,0,8.022865001004504e-08,0
site_03419,5,0,5.80719714371952e-08,0
site_05819,5,1,0.9999999610575827,1
site_18344,5,0,8.148191982549721e-08,0
site_12305,5,0,8.02286500062302e-08,0
site_01311,5,0,1.2130192100042332e-07,0
site_01798,5,0,8.14819198254978e-08,0
site_17973,5,0,8.14819198254978e-08,0
site_09136,5,0,8.022865001002424e-08,0
site_02075,5,0,8.148191982938061e-08,0
site_17189,5,0,8.022865001001739e-08,0
site_17847,5,0,8.02286497411141e-08,0
site_12160,5,0,8.02286500062302e-08,0
site_02480,5,1,0.9999999545208959,1
site_20425,5,0,7.348314822135068e-07,0
site_17126,5,1,0.9999999535789262,1
site_05610,5,0,8.14819198294055e-08,0
site_12635,5,0,5.246155676102225e-06,0
site_11986,5,0,9.128342561808055e-08,0
site_06464,5,0,8.148191982550619e-08,0
site_04910,5,0,8.022865000622224e-08,0
site_14742,5,0,8.022864974111467e-08,0
site_14823,5,0,8.022864974490928e-08,0
site_11275,5,1,0.9999999659498333,1
site_19204,5,0,8.02286500062228e-08,0
site_05180,5,0,8.022865000622224e-08,0
site_13897,5,0,8.14819198255001e-08,0
site_04624,5,0,8.022864974490928e-08,0
site_07602,5,0,8.022865001004133e-08,0
site_21035,5,0,8.02286497411141e-08,0
site_10659,5,0,8.022865000623079e-08,0
site_00954,5,0,8.14819198255001e-08,0
site_01692,5,0,8.148191982935166e-08,0
site_01691,5,0,5.8979126808490866e-08,0
site_20130,5,1,0.9999999568032282,1
site_12391,5,0,3.114077675751831e-06,0
site_15671,5,0,8.022865000622224e-08,0
site_03976,5,0,8.022865001005845e-08,0
site_10498,5,1,0.9999999610575827,1
site_17848,5,0,8.02286497411141e-08,0
site_05468,5,0,8.02286500100211e-08,0
site_20921,5,0,8.022864974111383e-08,0
site_11373,5,0,8.722711193154367e-08,0
site_18593,5,0,8.022865000622508e-08,0
site_19425,5,0,8.02286500062228e-08,0
site_11608,5,0,8.022865001005217e-08,0
site_01985,5,0,2.003187603084436e-06,0
site_17282,5,0,2.1014860875980075e-06,0
site_15282,5,0,8.022865000623108e-08,0
site_11242,5,0,6.07209566775675e-08,0
site_10597,5,0,2.003187603084436e-06,0
site_08172,5,0,8.02286500062302e-08,0
site_10045,5,0,8.022865000622994e-08,0
site_03119,5,0,8.02286497411141e-08,0
site_06286,5,0,8.022865000622224e-08,0
site_07020,5,0,8.022864974111467e-08,0
site_15644,5,0,8.02286500062228e-08,0
site_15960,5,0,8.02286497411141e-08,0
site_07053,5,0,8.02286500062228e-08,0
site_08002,5,0,8.022865000622651e-08,0
site_20344,5,1,0.999999937956037,1
site_21114,5,1,0.9999999692893475,1
site_03391,5,0,8.14819198255001e-08,0
site_18129,5,0,8.022864974490928e-08,0
site_16936,5,0,8.022865001005845e-08,0
site_06939,5,0,8.022865000622879e-08,0
site_14792,5,0,8.02286497411141e-08,0
site_17242,5,0,8.02286500062228e-08,0
site_10548,5,0,8.022865001005988e-08,0
site_03593,5,0,1.0806515617565043e-07,0
site_00412,5,0,5.897912680850135e-08,0
site_18682,5,0,8.022864974111467e-08,0
site_10836,5,0,6.738241270405743e-08,0
site_01346,5,0,8.148191982549721e-08,0
site_00266,5,1,0.9999999545208959,1
site_12298,5,0,8.022865000623904e-08,0
site_20785,5,0,1.2009194603629785e-07,0
site_16258,5,1,0.9999999535789262,1
site_02431,5,0,8.02286497411141e-08,0
site_09350,5,0,8.148191982550619e-08,0
site_11711,5,0,2.56023423353638e-06,0
site_03506,5,0,8.022864974494063e-08,0
site_09055,5,0,8.02286500062302e-08,0
site_00246,5,0,8.148191982935166e-08,0
site_14918,5,0,8.02286500100459e-08,0
site_01259,5,0,8.022864974494063e-08,0
site_07154,5,0,8.022864974490928e-08,0
site_04946,5,0,8.022865000622224e-08,0
site_18578,5,0,8.022864974111467e-08,0
site_21024,5,0,8.022865000622508e-08,0
site_13776,5,0,8.14819198255001e-08,0
site_01025,5,0,6.659187991785048e-08,0
site_14567,5,0,8.022864974490928e-08,0
site_14341,5,0,8.022865001002224e-08,0
