rank_correlation_spearman,changed_classifications,positive_predictions,f1
0.9934402961996295,126,284,0.7103538663171691
0.9973617786275228,102,306,0.7286624203821656
0.9989564610688076,152,558,0.6846673095467696
0.9989080913431514,105,511,0.7191919191919192
0.9932507685820429,122,290,0.7204161248374512
0.9987413581034018,53,355,0.7410071942446043
0.9997861182124376,182,588,0.6804123711340206
0.9918252833999737,408,814,0.5738592420726991
0.9998401545863271,27,433,0.7192982456140351
0.9974750324722986,175,581,0.6660377358490566
0.9952880443975682,173,233,0.6348314606741573
0.9992086701642593,351,757,0.6310679611650486
0.9991732004345012,134,540,0.704612365063788
0.9964439235271749,104,306,0.7286624203821656
0.9998399853576712,47,453,0.7124463519313304
0.9973286970940015,271,135,0.41368078175895767
0.9866975747474752,57,413,0.7825112107623319
0.9898878732133636,437,841,0.5590909090909091
0.9931691371053359,182,224,0.6173541963015647
0.9899602420113893,72,364,0.7710557532621589
0.9979656071939994,206,200,0.5655375552282769
0.999349370762057,194,212,0.5875542691751086
0.9963538022035799,30,422,0.6970033296337403
0.9943409238855901,189,217,0.603448275862069
0.9989513757319965,33,373,0.704225352112676
0.9974614015593114,51,457,0.7435897435897436
0.998745565586183,107,513,0.6895161290322581
0.9958041235103604,429,835,0.5859969558599696
0.9999105825922618,7,403,0.7278911564625851
0.9995939003615693,171,577,0.6799242424242424
0.9921044007936326,78,346,0.7684848484848484
0.998597585644435,290,696,0.64
0.998822455677828,112,518,0.6900702106318957
0.9986223960096562,53,459,0.7420042643923241
0.9997116114505289,45,361,0.7214285714285714
0.9979127444318281,52,360,0.7485101311084624
0.9977720188735887,88,494,0.7297019527235354
0.9961384085039712,189,217,0.603448275862069
0.9985171238548483,434,840,0.6050037907505686
0.9956291793841329,453,859,0.5754857997010463
0.9949226916600459,154,252,0.6320109439124487
0.9967607762423948,260,666,0.6305676855895197
0.9954298803030096,35,425,0.6946902654867256
0.9922109143772082,225,181,0.5272727272727272
0.9988253729098451,256,150,0.4546899841017488
0.994677526746646,105,511,0.7393939393939394
0.9996973813299533,52,354,0.7178871548619448
0.9962572709129335,57,363,0.7600950118764845
0.9997747849159708,189,595,0.6778398510242085
0.9991012584757292,119,287,0.7023498694516971
0.9995659843836378,17,397,0.7374429223744292
0.9996196389726562,64,342,0.7332521315468941
0.9929086882383666,87,319,0.6791979949874687
0.9938234344293421,72,348,0.7666263603385731
0.9962653730095613,106,306,0.7312101910828025
0.998985759447059,8,402,0.7150964812712827
0.9996293889293968,64,342,0.7332521315468941
0.9952916259854964,104,308,0.7344345616264295
0.9892312966399542,100,506,0.7573604060913706
0.9959819033939553,153,253,0.6420765027322405
0.9992489749984749,189,217,0.5977011494252874
0.9988390647325897,12,414,0.7390817469204927
0.9984649245066846,12,396,0.7062857142857143
0.9987356880015226,160,566,0.6755980861244019
0.9991905419761914,154,560,0.685274302213667
0.9995188843438534,347,753,0.6298701298701299
0.9995444570229461,123,283,0.6929133858267716
0.9957271951146414,283,689,0.6215753424657534
0.9985304194502017,144,262,0.6720647773279352
0.9936967510819366,192,214,0.5974025974025974
0.9997005337238689,52,354,0.7322929171668667
0.998146428169917,126,280,0.7009222661396575
0.9998667718363634,30,436,0.7213114754098361
0.997989225423401,125,531,0.6831683168316832
0.9995809038205661,265,671,0.6608695652173913
0.9999517505240197,39,367,0.7281323877068558
0.9982256877767137,261,145,0.4423076923076923
0.9887150952366954,151,261,0.6864864864864865
0.9991898828007494,270,136,0.4195121951219512
0.9909677898692553,212,196,0.56
0.998074902532477,239,167,0.49226006191950467
0.9991123843964496,90,496,0.717948717948718
0.9976007990336643,50,368,0.755608028335301
0.9990876156319647,250,156,0.46614173228346456
0.9979110560698659,28,434,0.7426067907995619
0.9985690768952558,37,435,0.6980306345733042
0.9989523896910775,101,305,0.7193877551020408
0.9998374973196666,148,554,0.6931268151016456
0.9983143555862772,164,570,0.6768350810295519
0.9990063613875956,101,305,0.7219387755102041
0.9990707558738972,25,431,0.7384615384615385
0.9984742685030318,172,578,0.6717123935666982
0.9992905055630668,154,560,0.7006737247353224
0.9994800198370208,164,242,0.6380027739251041
0.9990062042467008,143,549,0.6828793774319066
0.9958524181977073,98,504,0.7365208545269583
0.9973053843552908,143,263,0.6765498652291105
0.9953730631161215,229,635,0.6391382405745063
0.9953259817574225,73,339,0.7530562347188264
0.9979964168563612,157,563,0.6737044145873321
0.9920620170214847,154,560,0.737247353224254
0.9903658907920279,365,769,0.5833333333333334
0.9953663952245044,112,518,0.7321965897693079
0.9948627103054489,59,347,0.6924939467312349
0.9987509966015662,212,618,0.6927985414767548
0.9997024377817247,61,345,0.720873786407767
0.9985044577649778,279,127,0.39603960396039606
0.9897965668182249,167,573,0.7414448669201521
0.9995013833065095,226,632,0.6786678667866787
0.9914616645497479,277,681,0.6120689655172413
0.9984612605022033,23,429,0.7400881057268722
0.9987075417281938,196,602,0.7049028677150786
0.995799913044885,135,271,0.656
0.9989837249355731,208,198,0.5612998522895125
0.9980579856322658,29,389,0.7465437788018433
0.9935780712452628,37,415,0.7583892617449665
0.9944171128870888,39,405,0.7647058823529411
0.9956284972890399,119,521,0.672
0.99930193304988,87,319,0.7117794486215538
0.9967968437668858,184,222,0.5991440798858774
0.9893606017756567,106,500,0.6496424923391215
0.9926345120702885,148,262,0.680161943319838
0.9980919395253801,275,131,0.4065573770491803
0.9991071226097227,68,474,0.7303252885624344
0.9963544036089429,31,421,0.6933333333333334
0.9996244957408926,136,542,0.6973555337904016
0.9969484007440288,69,475,0.740041928721174
0.9898904756926392,251,653,0.6095406360424028
0.9993987186544623,119,287,0.6997389033942559
0.9983974449725652,149,555,0.7059961315280464
0.9997270895931961,25,381,0.7325581395348837
0.9964598591209588,185,221,0.5971428571428572
0.997388468247142,23,383,0.703016241299304
0.9990368468781815,349,755,0.6304700162074555
0.998176581953499,161,567,0.6730401529636711
0.991002495087367,119,515,0.6539235412474849
0.9995483503809214,177,583,0.6911487758945386
0.9998780056050306,119,525,0.7091633466135459
0.9938745556120056,153,559,0.7360308285163777
0.9998223001782,52,458,0.7150480256136607
0.9976814548553649,301,105,0.3356164383561644
0.9981652780130238,71,477,0.7322175732217573
0.9945936898029741,56,350,0.6899879372738239
0.9955185575316079,269,137,0.41883116883116883
0.9955354422501173,329,735,0.6079077429983526
0.9964128402418561,174,580,0.6572237960339944
0.9949611921211889,75,331,0.6888888888888889
0.9987681032953255,259,665,0.6730769230769231
0.9986574443945976,230,636,0.6547085201793722
0.999794672108761,266,672,0.6550825369244135
0.9962444213088709,251,155,0.4637223974763407
0.9990997330630667,82,324,0.7322540473225405
0.9986763218668725,155,561,0.676923076923077
0.9982568285181437,300,106,0.3384615384615385
0.9994047473075943,276,682,0.6632213608957795
0.995419751230124,116,518,0.6700100300902708
0.9989731446909271,57,349,0.7125603864734299
0.9988687032949759,321,727,0.6285240464344942
0.9989865503320022,185,221,0.6085714285714285
0.9961995797966131,79,477,0.6715481171548117
0.9929782040107947,99,495,0.6611909650924025
0.9999250097276455,109,515,0.7062374245472837
0.9929346097357096,61,365,0.7677725118483413
0.9930858237030068,41,421,0.7644444444444445
0.9945060474123171,100,506,0.7390862944162436
0.9983206908289873,150,256,0.6639455782312925
0.9997433116826173,148,258,0.6675712347354138
0.9946817763011153,52,372,0.7591069330199764
0.9981996490123894,50,362,0.746730083234245
0.9991483991743468,96,502,0.7196738022426096
0.9994412327232565,223,629,0.6750902527075813
0.9996133673084299,97,503,0.7128309572301426
0.9988587969822599,207,199,0.5634218289085545
0.9881261484310084,238,640,0.613047363717605
0.9981099794884901,103,303,0.6828644501278772
0.9966047422410956,262,144,0.43980738362760835
0.9998204910956101,142,548,0.697176241480039
0.9986938327942027,58,350,0.7406513872135102
0.9962950344915984,318,88,0.2962962962962963
0.9985869196865736,191,215,0.590778097982709
0.9972253390440198,84,484,0.6791277258566978
0.9992657325600163,213,619,0.6721311475409836
0.9985905125773434,104,510,0.6875631951466128
0.9990079937063016,245,161,0.48125
0.9992745142399946,138,268,0.6854082998661312
0.9974941978530663,196,210,0.5892597968069666
0.9997967150973781,73,479,0.7077244258872651
0.9997462284436829,17,421,0.7266666666666667
0.9996627195963848,222,628,0.6648599819331527
0.9988229862834468,328,734,0.6364385820280297
0.9995973163314715,15,421,0.7288888888888889
0.9999182977235491,46,360,0.7294398092967819
0.9974081383311832,284,690,0.6347305389221557
0.9997169096575231,201,205,0.5760233918128655
0.9965121148263465,232,174,0.5114854517611026
0.9989376534543732,154,560,0.6948989412897016
0.9998263051517358,85,321,0.72
0.9995459684640406,93,499,0.7198364008179959
0.998421822533144,42,440,0.6942328618063112
0.9981219440172627,162,568,0.7067812798471824
0.9963594074711041,154,252,0.640218878248974
0.9917179031082257,116,514,0.6565961732124874
0.9996113026560332,127,279,0.6886543535620053
0.99901117671208,65,471,0.7347368421052631
0.9951186567168684,306,712,0.6129303106633082
0.9959424775126574,111,513,0.6693548387096774
0.9998283709030199,5,403,0.7210884353741497
0.9978720563998862,22,384,0.7045191193511008
0.9991211930776605,317,723,0.6472545757071547
0.9928698110158373,41,415,0.767337807606264
0.9985809820841102,305,711,0.6554621848739496
0.9995689336403728,106,512,0.7043390514631686
0.9986208395141791,259,665,0.6468531468531469
0.9969634432563435,222,628,0.6485998193315267
0.9967212968295831,124,530,0.7195242814667988
0.999554566943795,57,349,0.7318840579710145
0.9957674596039917,221,627,0.7034358047016275
0.9995555342786541,207,613,0.6666666666666666
0.9970586999946169,234,640,0.6899016979445934
0.9960114372480728,60,354,0.7539015606242497
0.9955663765577044,137,541,0.6705882352941176
0.9993795276853172,188,218,0.599713055954089
0.9987071966775574,55,353,0.7427884615384616
0.9966537064648227,449,855,0.5832083958020989
0.9972815422668322,114,294,0.7141009055627425
0.9952578304891483,74,470,0.672286617492097
0.998900674638279,409,815,0.6120556414219475
0.9985013099235953,91,495,0.6858316221765913
0.999472444735382,174,232,0.6272855133614628
0.9993285292640723,14,392,0.711825487944891
0.9967114931843447,210,616,0.6538812785388128
0.9953187931501725,183,589,0.7209737827715356
0.9996321342640316,47,453,0.723175965665236
0.9910541941278067,86,492,0.7518022657054583
0.9983775995374953,240,166,0.48992248062015503
0.9942856961608004,45,361,0.6833333333333333
0.9981243256201756,176,582,0.6710650329877474
0.9980693474998044,42,440,0.6920565832426551
0.9991179744365344,368,774,0.6320830007980845
0.9990533516956264,331,737,0.6282894736842105
0.9958180814208342,236,642,0.6351471900089206
0.9968311409838133,277,683,0.6299483648881239
0.9982704281913328,12,402,0.7082860385925085
0.9980455423025649,46,442,0.6927252985884907
0.9987269746095457,409,815,0.6012364760432767
0.9924772192150076,158,252,0.667578659370725
0.9965004119897534,183,223,0.6011396011396012
0.9902595123715996,33,379,0.675990675990676
0.9926440419355864,102,508,0.7436676798378926
0.9994277928596889,55,351,0.7349397590361446
0.9991796722532137,354,760,0.639225181598063
0.9949488866233618,464,870,0.5737583395107487
0.9995658630350748,79,327,0.7096774193548387
0.9962687266568506,267,673,0.6319444444444444
0.9995813477710663,272,678,0.6534140017286084
0.9968559628088601,30,436,0.7453551912568306
0.99876643848095,49,455,0.7323340471092077
0.9986137990997411,266,140,0.4297253634894992
0.9999407187936459,0,406,0.7231638418079096
0.9986361980351065,266,672,0.6655082536924414
0.997199886300635,35,371,0.6964705882352941
0.9990200502276461,278,684,0.6586414445399829
0.9993106205395118,208,198,0.5612998522895125
0.9994622753176312,158,248,0.6492434662998624
0.997511224955983,157,563,0.6660268714011516
0.9989828734548402,239,167,0.4953560371517028
0.9989766167040856,279,685,0.6426116838487973
0.9997945928318861,216,190,0.547085201793722
0.9950486484859115,262,668,0.6870095902353966
0.9957639447342256,125,283,0.7086614173228346
0.9992226503664485,233,173,0.5061349693251533
0.9962906102140362,21,387,0.6974595842956121
0.9988327954231223,32,386,0.7468208092485549
0.998741240051501,139,267,0.6675603217158177
0.99888486086401,229,177,0.5152439024390244
0.9982053545926325,370,776,0.6183266932270917
0.9997778004199163,44,362,0.72294887039239
0.999198707494319,119,287,0.6866840731070496
0.9973618194433396,334,740,0.6152584085315833
0.9985746038278084,16,390,0.7111622554660529
0.9938768364312476,124,288,0.7170795306388527
0.9931631210109167,203,203,0.5747800586510264
0.9932920470304741,255,151,0.45714285714285713
0.9890486836926933,49,401,0.7659090909090909
0.9977877318641868,102,304,0.6819923371647509
0.9991845130090915,205,611,0.691743119266055
0.9872856118313984,144,262,0.6234817813765182
0.9992286002136573,251,657,0.6549295774647887
0.9983116198276611,175,581,0.6735849056603773
0.9986542014209652,150,256,0.6503401360544218
0.999806628788338,50,356,0.732934131736527
0.9986470299249615,91,495,0.6878850102669405
0.997300730096299,182,224,0.6031294452347084
0.9872689709089026,77,451,0.6537634408602151
0.9931099924749843,223,183,0.5317220543806647
0.9981767331290055,50,456,0.7358288770053476
0.9995336364359326,49,455,0.7044967880085653
0.9949038286302907,174,578,0.6508987701040682
0.9995914445052666,18,424,0.7242524916943521
0.9993326502487186,249,157,0.46855345911949686
0.9980501391054452,313,93,0.3006993006993007
0.9980503620225987,38,378,0.751458576429405
0.9963570786147852,176,582,0.7144203581526861
0.997579905417021,79,479,0.6764091858037579
0.9931185297310131,39,409,0.6801801801801802
0.9991777389963503,24,430,0.7348734873487349
0.9997199116608522,7,411,0.7258426966292135
0.9985184822366298,15,421,0.7377777777777778
0.999289778884543,102,508,0.7193515704154002
0.9996668823387511,32,438,0.7197382769901853
0.9996539197062727,17,423,0.7250554323725056
0.9990144163890501,24,420,0.7074527252502781
0.9987380334981361,231,175,0.5137614678899083
0.9991767661670544,43,363,0.7197149643705463
0.9989642338131902,133,539,0.7033398821218074
0.9991038590711979,266,140,0.4297253634894992
0.9990594759519601,136,270,0.6835781041388518
0.9975128481696222,235,641,0.6464285714285715
0.9889980799290004,118,524,0.7537387836490529
0.998077116476573,66,468,0.6863780359028511
0.9993057011346946,257,149,0.45222929936305734
0.9983073216081795,186,592,0.7021475256769374
0.9957790081254001,232,174,0.5114854517611026
0.9998095190191224,177,583,0.6854990583804144
0.9995621761109421,50,456,0.7101604278074867
0.993481535088115,179,229,0.6271186440677966
0.9930361640405545,156,562,0.7319884726224783
0.9960656533685406,343,749,0.6042345276872965
0.9995116194424225,16,420,0.7163515016685206
0.9987420219883614,273,679,0.6632124352331606
0.9947992497164335,113,515,0.6639839034205232
0.9997322273626333,58,464,0.71898197242842
0.9992678684831087,239,645,0.6708185053380783
0.999707850900942,168,238,0.6359832635983264
0.9903182285928582,102,304,0.6538952745849298
0.9992115712269336,294,700,0.6429177268871925
0.9990310381595086,173,579,0.6767485822306238
0.9991994038749481,32,430,0.7062706270627063
0.9997636365465512,67,473,0.7163865546218487
0.9967994476590167,196,210,0.5892597968069666
0.9987435384529412,131,275,0.6790450928381963
0.9990678928013292,158,564,0.6883988494726749
0.9994588799126214,52,354,0.7178871548619448
0.9985669478794554,123,529,0.7103174603174603
0.9937533483343653,64,342,0.6845310596833131
0.9983498147981135,315,91,0.29473684210526313
0.9972154013345215,285,121,0.38
0.9999319380555712,39,445,0.7229437229437229
0.9997333596875829,24,382,0.7154471544715447
0.9975920440409508,98,308,0.6861499364675985
0.9997974224668807,51,355,0.7338129496402878
0.9992723641883504,227,633,0.6618705035971223
0.9989842561691278,15,391,0.7103448275862069
0.9990211692089633,26,380,0.7124563445867288
0.9928522445162026,43,443,0.754880694143167
0.9967560202578287,116,290,0.7152145643693107
0.9989908540459208,170,576,0.6862559241706161
0.9978976746043132,57,459,0.6929637526652452
0.9961244554599986,18,390,0.6996547756041427
0.9996979367390303,46,360,0.7175208581644815
0.9980654078315755,148,258,0.6702849389416553
0.9999551847040554,53,353,0.7307692307692307
0.9994041331865348,119,525,0.703187250996016
0.9988248333561431,285,121,0.38
0.9987197816067462,193,213,0.5953757225433526
0.9989028775935013,301,707,0.6509274873524452
0.9974052597172083,257,663,0.637478108581436
0.9929502434494326,330,736,0.5991769547325103
0.9992302907733942,163,569,0.6946564885496184
0.9883938022315545,204,204,0.5768667642752562
0.9996052421351672,231,637,0.6666666666666666
0.9988288077178163,27,433,0.7412280701754386
0.9957432853375774,180,228,0.6223479490806223
0.9969092550790118,166,240,0.6258692628650904
0.9967905728875794,73,479,0.7348643006263048
0.9962544273063706,42,434,0.6856516976998904
0.9968414709961052,66,472,0.7381703470031545
0.9993945529294015,98,504,0.7202441505595117
0.9892425073319866,150,262,0.6855600539811066
0.991135405829536,314,718,0.5948203842940685
0.996921114585548,31,403,0.7573696145124716
0.9973238866360186,145,261,0.6513513513513514
0.9982366060077199,248,654,0.676081200353045
0.9927007074760165,64,362,0.7705112960760999
0.9978995769353459,76,332,0.7422934648581998
0.9996648515948793,42,364,0.7236061684460261
0.9985498512326664,28,390,0.7456846950517837
0.9993176212370203,242,164,0.48522550544323484
0.9954952389844923,261,667,0.6945898778359512
0.9985403475836817,136,270,0.6728971962616822
0.9975204143231781,173,233,0.6320224719101124
0.9958405569643481,192,214,0.5974025974025974
0.9995325202803258,20,386,0.7121387283236994
0.9949682228026245,91,321,0.7525
0.996489754822991,33,373,0.6948356807511737
0.999806350612848,94,312,0.7054361567635904
0.9999187694602015,155,251,0.6547945205479452
0.9964291547948011,97,309,0.682741116751269
0.9996733879090047,62,468,0.7032734952481521
0.9988916747506643,234,172,0.5069124423963134
0.9992082681284634,210,196,0.557037037037037
0.9995681424414616,53,459,0.720682302771855
0.9921724434290405,65,367,0.7659574468085106
0.9995682350619691,136,542,0.7012732615083251
0.9977222863706015,173,579,0.667296786389414
0.9976283823626885,133,273,0.6914893617021277
0.9915654488110479,177,231,0.6309859154929578
0.9916937993275877,84,490,0.7492260061919505
0.996538558609161,129,279,0.7018469656992085
0.9991614906906159,40,442,0.7035830618892508
0.9948855549181372,226,632,0.7092709270927092
0.9890667635297169,70,364,0.7710557532621589
0.9997712036420106,16,396,0.7291428571428571
0.9975534811002114,183,223,0.6125356125356125
0.9975538567627104,259,147,0.4440894568690096
0.9995431754062971,108,298,0.7104247104247104
0.9993720277789718,125,531,0.7089108910891089
0.9978369263833111,13,399,0.7061503416856492
0.9990268314616471,246,652,0.6737400530503979
0.9991811577919629,86,490,0.6873065015479877
0.9989933282693413,118,288,0.6910039113428944
0.9989644575152633,12,400,0.714448236632537
0.9986384860756085,17,421,0.74
0.9989703938618557,237,169,0.49691358024691357
0.9983204643012037,139,267,0.6809651474530831
0.9926058055213816,196,210,0.5892597968069666
0.9982709675880508,29,425,0.6969026548672567
0.9981804318269311,173,233,0.6292134831460674
0.9947781752543249,108,298,0.6666666666666666
0.9967967266568883,200,206,0.581021897810219
0.9976978012760437,230,176,0.5129770992366413
0.9991544810450246,106,510,0.6936299292214358
0.9985565869413332,54,354,0.7418967587034814
0.9959636646892139,95,311,0.6810126582278481
0.997491846862016,227,179,0.5227963525835866
0.9997240488148411,180,226,0.6156028368794326
0.9893718542254093,113,303,0.7416879795396419
0.9985946020082236,176,582,0.6748350612629594
0.9994463668820638,21,393,0.7385321100917431
0.9970332222907902,136,272,0.6897470039946738
0.9994772646123998,139,545,0.69921875
0.9996321681725562,79,485,0.7136929460580913
0.999848392317054,109,515,0.7062374245472837
0.9985700338691769,128,534,0.6850937808489634
0.9990607040370956,69,337,0.7352941176470589
0.9898904133700267,196,598,0.6369545032497679
0.9983271409839202,56,352,0.7412755716004813
0.9989082579030809,258,148,0.44657097288676234
0.9967709093968622,53,361,0.7547619047619047
0.9949500352746382,161,245,0.6546961325966851
0.9903283860798321,175,235,0.6386554621848739
0.998323474467696,353,759,0.6445880452342488
0.991377143313208,77,329,0.6757425742574258
0.9972502884969863,243,163,0.48598130841121495
0.9971688778966418,163,243,0.6481994459833795
0.9993527085539715,158,248,0.6464924346629987
0.9898237390063864,190,592,0.6405228758169934
0.9993208747285747,127,533,0.7075098814229249
0.9988219811154652,290,696,0.6655319148936171
0.9982164943279372,255,151,0.45714285714285713
0.9903326392449312,231,175,0.5137614678899083
0.9924700674989767,208,610,0.6336088154269972
0.9992827114688724,26,380,0.7124563445867288
0.9912208710103323,31,385,0.6805555555555556
0.9984340164154105,139,267,0.6809651474530831
0.9956450568938697,215,191,0.5492537313432836
0.9985515601595208,195,601,0.7
0.9993414124626917,244,162,0.48049921996879874
0.9946323604346766,73,333,0.687192118226601
0.9986819538216616,29,377,0.7102803738317757
0.999561164820588,10,412,0.7138047138047138
0.9996955435193079,40,370,0.7255594817432274
0.9983399825818033,176,230,0.614950634696756
0.9993121875529107,209,615,0.6873857404021938
0.9976997039210442,182,588,0.6672914714151827
0.9997683572097372,81,487,0.7101449275362319
0.9941671442660142,330,736,0.6024691358024692
0.9939952462555944,78,340,0.7619047619047619
0.9960893023667886,205,611,0.6477064220183486
0.9993679044395671,19,387,0.7136258660508084
0.9961108231341562,169,237,0.6201117318435754
0.996929778527593,294,112,0.3553299492385787
0.9946018371109682,123,283,0.6614173228346457
0.992549828198417,177,579,0.6446124763705104
0.9984552249417791,98,504,0.6856561546286877
0.9952224824219209,73,479,0.7473903966597077
0.9971953152431162,54,360,0.7485101311084624
0.990822189646613,34,376,0.6760233918128655
0.995884259401348,22,386,0.6959537572254335
0.9981063347930298,84,322,0.6916354556803995
0.9973914868907656,48,454,0.737406216505895
0.9995956435109166,110,296,0.7070967741935484
0.9998030602300745,58,348,0.7255139056831923
0.9981298489420982,74,334,0.7429274292742928
0.9996803790304946,8,406,0.7322033898305085
0.9995905418477787,205,611,0.6844036697247706
0.9993477588512595,128,534,0.7068114511352419
0.9989967654320713,157,249,0.6565934065934066
0.994915047956438,86,492,0.741503604531411
0.9989723856737178,261,667,0.6736474694589878
0.9983098295831407,33,373,0.6995305164319249
0.9959221123038582,179,585,0.6522556390977443
0.9911449885984117,81,349,0.7729468599033816
0.9998220535564758,62,344,0.7290400972053463
0.9904535874991182,156,250,0.6172839506172839
0.9992881104595376,197,209,0.5843023255813954
0.9896706633668889,98,492,0.6529351184346035
0.9991428421008833,181,225,0.6136363636363636
0.9885472332826263,71,449,0.6594827586206896
0.9998425225316399,159,565,0.6877394636015326
0.9930984624776772,190,596,0.7255813953488373
0.9981800869332788,101,305,0.7270408163265306
0.9995678845168959,123,529,0.7083333333333334
0.9999437391640925,152,558,0.6904532304725168
0.996123340560263,436,842,0.5844057532172596
0.9985171466175153,44,440,0.6920565832426551
0.9954739695483662,189,217,0.5890804597701149
0.9995611155276399,156,250,0.6502057613168725
0.9988977550515031,276,130,0.4039408866995074
0.9990503407442145,76,330,0.7292954264524104
0.9989415904538755,428,834,0.6047220106626047
0.9952585763197092,144,546,0.6653658536585366
0.9919164854008116,368,772,0.5851318944844125
0.986852907815612,46,390,0.6651323360184119
0.9991024884446714,387,793,0.6147798742138365
0.9925247241162983,96,318,0.7503136762860728
0.9916355652039194,199,601,0.6333333333333333
0.9986350054283349,222,184,0.5339366515837104
0.997028768186285,225,631,0.6990990990990991
0.9954166267793443,106,508,0.6666666666666666
0.9931486494490864,316,722,0.6028309741881765
0.9995494525649603,20,420,0.7119021134593994
0.9994736850652625,57,463,0.7282377919320594
0.9983048823921713,217,189,0.5449101796407185
0.9961664623137766,178,584,0.6566321730950141
0.9959370329966579,32,436,0.7519125683060109
0.9987159794564232,180,586,0.7023474178403756
0.9965413100661682,16,396,0.7017142857142857
0.9950939273553453,31,375,0.6932084309133489
0.9985501673982631,242,164,0.48522550544323484
0.9924683435016668,154,252,0.6265389876880985
0.9996836610931207,159,565,0.6877394636015326
0.9893689891120504,155,255,0.6757493188010899
0.9994814703683579,69,475,0.710691823899371
0.9914110711469932,294,698,0.6015293118096856
0.9987463464241562,136,270,0.6675567423230975
0.9990071583949115,255,151,0.45714285714285713
0.9942334754628248,82,332,0.7595561035758323
0.9985767865321062,246,160,0.4757433489827856
0.9994353555595986,260,666,0.6532751091703056
0.9977479803982573,151,557,0.6737451737451737
0.9994704139915102,126,280,0.6903820816864296
0.99452624339246,281,125,0.39072847682119205
0.9891034858341005,179,231,0.6309859154929578
0.9978038834678321,76,332,0.7422934648581998
0.9975723894983168,277,683,0.6781411359724613
0.9942302029762174,167,573,0.7186311787072244
0.9991839784788749,164,242,0.6407766990291263
0.9964404544967107,203,609,0.7113970588235294
0.9992593875843038,136,270,0.6728971962616822
0.9989298070845363,219,625,0.6630434782608695
0.9996902249044052,82,324,0.7148194271481942
0.9964938083045556,216,622,0.706630336058129
0.9975990667162071,211,195,0.5519287833827893
0.9957577503060837,58,362,0.7586206896551724
0.9982235918845187,106,300,0.7188703465982028
0.9980765058091594,181,225,0.6164772727272727
0.9975774988536664,71,337,0.7475490196078431
0.9993522559693564,194,212,0.5904486251808972
0.9991330387696127,30,384,0.7415990730011588
0.9998154729479127,105,301,0.7128205128205128
0.9989967054642174,386,792,0.6215578284815106
0.9981337435559449,317,89,0.2887323943661972
0.9954526490924691,131,275,0.6631299734748011
0.9991330269958193,51,357,0.7392344497607656
0.9992215428449569,164,242,0.6435506241331485
0.999725484118739,36,374,0.7245017584994138
0.9989173879303577,224,182,0.5264750378214826
0.997369229397904,185,591,0.7102803738317757
0.9979938691644707,86,320,0.690863579474343
0.9987713114185297,270,136,0.4195121951219512
0.9994276120142234,118,524,0.7018943170488534
0.9990427447637156,108,298,0.7155727155727156
0.9997021222440639,145,261,0.672972972972973
0.9995380140892731,59,347,0.7360774818401937
0.9930321452524343,161,563,0.6564299424184261
0.9947239795417658,51,355,0.6930455635491607
0.9988266962842143,118,288,0.6883963494132985
0.9920928420682698,33,377,0.6799065420560748
0.9989192521143,65,341,0.7097560975609756
0.9982181729568967,16,406,0.7050847457627119
0.9996143784418002,149,555,0.690522243713733
0.9993572813383135,116,522,0.7112887112887113
0.9995130561591756,66,472,0.7066246056782335
0.9984531772436447,453,859,0.5919282511210763
0.9928201471148191,73,465,0.6694915254237288
0.9911287588167789,232,636,0.6206278026905829
0.9995008682422977,128,534,0.7068114511352419
0.9923363641450416,217,189,0.5449101796407185
0.9981732151195611,276,130,0.4039408866995074
0.9911422178323835,108,514,0.7532729103726082
0.9948779790315792,87,327,0.7593052109181141
0.9991834397100924,81,325,0.7238805970149254
0.992855138357617,63,455,0.6723768736616702
0.9976772253948364,307,99,0.31833910034602075
0.9932176693093399,30,392,0.6842709529276694
0.9993740517725357,61,465,0.701271186440678
0.9986226350961525,88,320,0.7359198998748435
0.9961244865428129,102,304,0.6768837803320562
0.9996808925248671,101,507,0.6997971602434077
0.9999639131664878,34,440,0.7159956474428727
0.9974366721977881,264,142,0.43478260869565216
0.9992743296269152,83,323,0.7057356608478803
0.9969502669687622,73,333,0.6921182266009852
0.996564443058301,78,328,0.6914498141263941
0.9965597153308391,256,150,0.4546899841017488
0.9989917678492665,87,319,0.7017543859649122
0.9993423108816142,58,350,0.7406513872135102
0.9997077749207292,12,400,0.7349260523321957
0.9978816452911343,30,404,0.7542468856172141
0.9997461562310838,221,627,0.6654611211573237
0.9983002116498689,254,152,0.4595879556259905
0.9998730659492888,48,358,0.7335722819593787
0.9923613162667344,183,223,0.6153846153846154
0.9961850994436837,269,675,0.6256499133448874
0.9982125435138504,49,361,0.7476190476190476
0.996388259073145,210,616,0.7031963470319634
0.994443642069151,77,469,0.6687763713080169
0.9987943419001687,254,660,0.6514486391571555
0.9994849364161278,173,579,0.6786389413988658
0.9962380973690023,319,725,0.6129568106312292
0.9964905039502142,277,683,0.6299483648881239
0.9959783662324739,48,380,0.7636786961583236
0.998498633033946,270,136,0.4195121951219512
0.9902835976281362,268,670,0.6074847693646649
0.9903023776134025,48,434,0.768893756845564
0.9996997418970222,100,306,0.7006369426751592
0.9936357527855644,40,424,0.7619047619047619
0.9995362500610658,49,357,0.722488038277512
0.9937313410738577,158,250,0.663923182441701
0.9991717863234313,246,160,0.4788732394366197
0.9915308176893419,121,527,0.7415506958250497
0.9975868568215817,298,108,0.3441226575809199
0.9900084352871298,250,156,0.4692913385826772
0.9954403294660901,51,375,0.7634660421545667
0.9989148072718455,353,759,0.6284329563812601
0.9949152715015271,25,385,0.6921296296296297
0.9933203559391346,94,320,0.7509386733416771
0.9975122379731602,56,350,0.7044632086851629
0.9965285730195699,125,281,0.6710526315789473
0.9988482062196917,192,598,0.7000928505106778
0.9998078678623472,42,364,0.7236061684460261
0.9960721724394105,40,430,0.6864686468646864
0.9989187648362405,210,196,0.56
0.9966597658868012,31,419,0.755011135857461
0.9941513975238752,156,562,0.733909702209414
0.9985430817724587,113,293,0.6865284974093264
0.9997972868327817,63,469,0.7257383966244726
0.9952066661359096,166,240,0.6203059805285118
0.9997761219479404,39,445,0.7207792207792207
0.9965394728834585,128,278,0.665785997357992
0.9999243449007827,87,493,0.7139917695473251
0.9979037399916802,70,338,0.7417380660954712
0.9995933637905616,190,596,0.6734883720930233
0.9984694980759461,313,93,0.3006993006993007
0.9978527867818016,151,255,0.6485013623978202
0.9927618850480149,44,364,0.6809015421115066
0.9970758872211226,81,325,0.6865671641791045
0.9976628737687137,145,261,0.6756756756756757
0.993107720603825,181,227,0.623229461756374
0.9998522388938238,34,372,0.7285546415981199
0.9969039009857451,62,458,0.6830309498399146
0.99620943556051,69,337,0.696078431372549
0.9992657411941316,304,710,0.6442388561816653
0.9982233593913465,167,239,0.6406685236768802
0.9993983736038261,177,583,0.6760828625235404
0.9992722371883662,386,792,0.6215578284815106
0.9995926074420788,90,316,0.7069182389937106
0.9988602635259557,66,472,0.729758149316509
0.9984106306791811,285,121,0.38
0.9932235456880785,90,316,0.6742138364779874
0.9985079861353601,84,324,0.7372353673723536
0.9993741950988464,59,347,0.7336561743341404
0.9996607293543617,243,649,0.6719858156028369
0.9998470636052319,166,240,0.6369958275382476
0.9983167164673139,146,552,0.7041707080504365
0.9967135388416881,102,506,0.6720812182741117
0.9987214359031997,58,352,0.7412755716004813
0.9920245367987789,176,232,0.6329113924050633
0.9942059995107959,169,575,0.7305502846299811
0.9995424069700533,3,403,0.7188208616780045
0.9996196896784592,33,439,0.7145969498910676
0.9977297239543342,153,253,0.644808743169399
0.9994927339639682,184,590,0.6847521047708138
0.9990886791979613,249,157,0.4716981132075472
0.9987500944150298,182,224,0.6145092460881935
0.9981168790883601,93,313,0.6919191919191919
0.9973100635747244,213,193,0.5476190476190477
0.9958151808291117,71,467,0.6744186046511628
0.9996660126478846,259,665,0.666083916083916
0.9964835426556672,61,353,0.75
0.997597647738636,57,357,0.7488038277511961
0.9991037146459999,219,187,0.5375375375375375
0.9995476894786564,65,341,0.7195121951219512
0.9988982503357421,86,320,0.7284105131414268
0.9994378093751105,141,547,0.6978557504873294
0.9993482637115171,141,265,0.6666666666666666
0.9995254079672565,19,425,0.7345132743362832
0.9995049214098944,107,299,0.712082262210797
0.9975189080625524,157,249,0.6593406593406593
0.9930454122767159,184,224,0.6173541963015647
0.9996017633717007,192,214,0.5916305916305916
0.9873920024965719,201,603,0.6284658040665434
0.9994271938090846,37,371,0.7364705882352941
0.9929618624566173,112,510,0.6592517694641051
0.9953132991842414,109,511,0.6666666666666666
0.9963013300173791,178,582,0.6540999057492931
0.9872425787737946,138,268,0.6211512717536813
0.9995318939145211,164,570,0.6920877025738799
0.9992742735836592,192,598,0.6778087279480037
0.9989629700927072,39,443,0.7049891540130152
0.9997704829288753,65,471,0.7178947368421053
0.99834915797743,210,616,0.6575342465753424
0.9947781138736158,71,467,0.6765327695560254
0.9995894963349315,10,408,0.7350620067643743
0.9982635182305248,240,646,0.6506666666666666
0.9966954946400125,171,577,0.6609848484848485
0.9988190456733143,274,680,0.6557377049180327
0.9992483659009004,120,526,0.6945273631840796
0.9985302310695087,203,203,0.5718475073313783
0.9950709763075652,91,319,0.7493734335839599
0.9994444265609246,59,347,0.7215496368038741
0.9941998485671972,93,499,0.7443762781186094
0.9992093412704786,11,417,0.734375
0.999819431611195,115,521,0.71
0.9975587687892837,137,271,0.688
0.9958839061875484,83,481,0.6729166666666667
0.9976249926090994,66,472,0.7381703470031545
0.9990839533543063,157,249,0.6483516483516484
0.9996566885884939,202,608,0.6862925482980681
0.993248778183036,285,689,0.613013698630137
0.9989796512030842,88,494,0.6906474820143885
0.9992877801653889,56,460,0.6986155484558041
0.9997979408277547,162,244,0.6445366528354081
0.999472487278022,183,589,0.6928838951310862
0.9996899043432591,23,429,0.7334801762114538
0.999400778283374,174,580,0.6779981114258735
0.998690440528871,213,619,0.692167577413479
0.9998893778335072,117,523,0.7025948103792415
0.993630809205225,221,185,0.536144578313253
0.999242163309595,198,208,0.5822416302765647
0.9981288759558185,43,363,0.7030878859857482
0.9898378980132501,148,546,0.6478048780487805
0.9980140178924565,70,476,0.7350785340314137
0.9971997238222873,94,312,0.6852085967130215
0.9954254913468277,186,220,0.5951359084406295
0.9979983746027147,23,419,0.7461024498886414
0.995067077612137,172,574,0.6571699905033238
0.9994055546758485,281,687,0.6535162950257289
0.9985536387834857,146,552,0.6983511154219205
0.9966188517980272,24,384,0.6929316338354577
0.9994943447758783,13,401,0.7363636363636363
0.9997028701154156,148,554,0.6931268151016456
0.9951880387390046,172,234,0.6171107994389902
0.9937888439664689,51,435,0.6761487964989059
0.9993264405931372,102,304,0.6922094508301405
0.9995521944459488,7,405,0.7149321266968326
0.9974781325905719,131,275,0.6949602122015915
0.986350794462489,344,746,0.5730612244897959
0.998794182875467,282,124,0.3880597014925373
0.9987524202886544,92,496,0.6851282051282052
0.9992177818244184,210,196,0.557037037037037
0.99835578583815,35,371,0.7082352941176471
0.988520201752049,56,352,0.6738868832731648
0.999251758166232,372,778,0.6205250596658711
0.9988114231625347,19,387,0.7113163972286374
0.9993916763562174,228,178,0.517503805175038
0.9939226295799735,237,169,0.49691358024691357
0.9983531615381108,396,802,0.6104605776736924
0.9948641989838763,192,214,0.5974025974025974
0.9988464710765242,49,453,0.7017167381974249
0.9991729012231668,125,531,0.691089108910891
0.9981477816851974,217,189,0.5419161676646707
0.9967691538457861,51,457,0.7414529914529915
0.9992150988123966,121,527,0.6958250497017893
0.9945158651861075,91,315,0.6826196473551638
0.9995059852898587,15,421,0.7377777777777778
0.9985432451927099,13,393,0.7041284403669725
0.9914939986828689,80,348,0.7714631197097944
0.9977877202473772,249,655,0.6843033509700176
0.9963491989643595,169,575,0.6584440227703985
0.9994902041682434,110,516,0.6974874371859296
0.9998384067274627,134,540,0.6947988223748773
0.9987219121923855,55,351,0.708433734939759
0.997616385809198,100,504,0.6795523906408952
0.9981075947458989,29,423,0.6962305986696231
0.9998126750236682,235,641,0.6696428571428571
0.9860091023400243,88,464,0.6511134676564156
0.9988694227522399,221,185,0.5331325301204819
0.9990792363017502,29,391,0.7448275862068966
0.9992300573383186,36,442,0.738327904451683
0.9998616786503568,36,370,0.7302709069493521
0.9984179542925944,417,823,0.6052227342549923
0.9986948783070496,102,508,0.723404255319149
0.9955345340981925,38,444,0.7518959913326111
0.9991703594966647,172,578,0.6792809839167455
0.9972474120807859,274,132,0.40589198036006546
0.9975349004845121,156,562,0.7108549471661864
0.9953737142853843,211,615,0.6471663619744058
0.9985703153413291,120,526,0.6865671641791045
0.9901306412964112,501,907,0.5483405483405484
0.98906157882209,242,644,0.6144256455921638
0.9992728395356326,30,436,0.7103825136612022
0.9986978495415321,36,434,0.696604600219058
0.9992728508384741,283,689,0.660958904109589
0.9989064348489233,191,597,0.6691449814126395
0.9985382418015002,161,245,0.649171270718232
0.9956220961130872,28,380,0.6984866123399301
0.9949639464039065,62,362,0.7657550535077289
0.99901215691962,177,229,0.6214689265536724
0.9995728960712689,119,525,0.6972111553784861
0.997914674705997,53,363,0.7529691211401425
0.9986212143917584,207,199,0.5634218289085545
0.999665325843274,160,246,0.6427586206896552
0.9968644324048234,168,238,0.6415620641562064
0.9993495544332328,152,254,0.654843110504775
0.9897364135662453,175,581,0.7433962264150943
0.9996043920672895,127,533,0.6936758893280632
0.9995640333875926,144,262,0.6747638326585695
0.9999491486726797,131,537,0.7007874015748031
0.9996580560753422,14,398,0.7320410490307868
0.9994861753331529,78,328,0.7261462205700124
0.9941798525845569,35,415,0.7628635346756152
0.9969342938558236,94,316,0.7446540880503144
0.9990959305987757,246,652,0.6525198938992043
0.999561556024494,32,374,0.7198124267291911
0.9961850693027728,258,148,0.44976076555023925
0.9996247354553248,120,526,0.7044776119402985
0.9966025728804304,182,586,0.6572769953051644
0.998735507313041,35,439,0.7015250544662309
0.9953921980420105,165,571,0.7180952380952381
0.990228568017042,226,180,0.5250379362670713
0.9926814533993391,219,187,0.5405405405405406
0.9998303603601233,194,212,0.5875542691751086
0.98762847269908,172,238,0.6443514644351465
0.9994867056248041,172,578,0.6792809839167455
0.9889228592042645,197,603,0.7319778188539742
0.9999946104283696,47,359,0.7279236276849642
0.9977788007355253,214,620,0.6551410373066424
0.9992487983915749,270,676,0.6649350649350649
0.9885129115762087,391,795,0.5729984301412873
0.9942673156995876,224,630,0.6384129846708747
0.9922387068088018,261,663,0.6182136602451839
0.9934515040659513,230,176,0.5129770992366413
0.9996844464836272,125,531,0.7049504950495049
0.9983383213780577,235,171,0.5046153846153846
0.9990809719158698,152,558,0.7020250723240116
0.9988408169870038,373,779,0.6375198728139905
0.9995470857185349,30,376,0.7345029239766082
0.9925405292564522,96,310,0.6666666666666666
0.9983223303689531,61,345,0.7063106796116505
0.9998544762285226,272,678,0.651685393258427
0.9997597874580388,27,381,0.7302325581395349
0.9991107013719402,60,346,0.7345454545454545
0.9919319842653551,217,189,0.5449101796407185
0.9992554322176835,28,384,0.7369640787949016
0.9991342951118518,155,561,0.698076923076923
0.9989241511112088,20,400,0.7440273037542662
0.9979870073977234,248,158,0.4740973312401884
0.9995925862492507,241,165,0.48757763975155277
0.9964789719121161,145,261,0.6756756756756757
0.9926840981072867,42,440,0.7551686615886833
0.9990435413000799,66,342,0.7381242387332522
0.9989742719923917,13,403,0.7369614512471655
0.9986509085264491,200,606,0.6580645161290323
0.9994853197708382,229,635,0.6858168761220825
0.9988162355043244,46,360,0.7175208581644815
0.9993778478004862,121,527,0.7077534791252486
0.9965470241235427,57,365,0.7606635071090048
0.9986777675317083,158,564,0.6749760306807286
0.9995071626691908,111,517,0.6987951807228916
0.9935745139898406,185,223,0.6153846153846154
0.9974081022248836,138,268,0.6854082998661312
0.9977093552918891,202,608,0.7010119595216191
0.9989675971934822,286,120,0.3772954924874791
0.9998320154414965,104,510,0.7098078867542973
0.9992687516745917,32,438,0.7175572519083969
0.993926267054174,114,296,0.727741935483871
0.9941373694415931,176,582,0.7181903864278982
0.9998120463031046,34,440,0.720348204570185
0.9998963419537645,79,485,0.7178423236514523
0.9950595200926963,159,247,0.6556473829201102
0.9954079135443513,104,506,0.665989847715736
0.9999438401047471,170,236,0.6321678321678321
0.9997946309789763,4,408,0.7260428410372041
0.9991037014593513,17,403,0.7414965986394558
0.9967672282811346,201,607,0.6556169429097606
0.9981636069192917,22,418,0.7469342251950948
0.9998726824375944,9,413,0.7219730941704036
0.9992321704987438,118,524,0.7138584247258225
0.9995941661353306,265,671,0.6556521739130434
0.9984244350593898,52,354,0.7106842737094838
0.9998481943603422,44,362,0.727705112960761
0.9903845973088238,220,188,0.5427286356821589
0.9989573618424886,186,220,0.6065808297567954
0.9926318174414571,151,553,0.6589147286821705
0.9890383346853483,43,395,0.6704805491990846
0.9988077996599023,88,494,0.7214799588900308
0.9948115435974514,178,584,0.7243650047036688
0.9988575916597915,278,684,0.6672398968185727
0.9996177959815415,36,442,0.7187839305103149
0.9959233036547586,257,149,0.45222929936305734
0.9977250915161061,55,453,0.6866952789699571
0.9917474703999165,49,359,0.6801909307875895
0.9993160234547749,52,354,0.7178871548619448
0.9955617389390075,201,205,0.5701754385964912
0.9982799439280785,31,423,0.6940133037694013
0.9982168627691761,222,628,0.6522131887985546
0.9985915949814093,292,114,0.3608768971332209
0.9940895767887936,88,494,0.7399794450154162
0.9979229275071793,91,315,0.6926952141057935
0.9920065483263916,198,600,0.633920296570899
0.9919981057316608,142,268,0.6907630522088354
0.9965729473477085,367,773,0.6054313099041534
0.9940541951270092,92,322,0.7540574282147315
0.998211274612898,259,147,0.4472843450479233
0.9971743958811116,199,207,0.5743440233236151
0.9976561828004615,164,570,0.7073403241182078
0.9998009660647026,56,462,0.718384697130712
0.9994294534354987,224,630,0.6780883678990082
0.9993499311946191,141,547,0.7037037037037037
0.998317687255819,21,417,0.7455357142857143
0.9916410362501997,84,322,0.6766541822721598
0.9999875750374166,17,423,0.7250554323725056
0.9974520858200682,167,239,0.6323119777158774
0.9953905106219517,123,527,0.6759443339960238
0.9994649044841717,109,297,0.7010309278350515
0.9972812951741564,125,529,0.6805555555555556
0.999906064281337,87,493,0.7139917695473251
0.9994984106591719,202,608,0.6844526218951242
0.9994593734700373,85,491,0.7010309278350515
0.9944124353944783,75,341,0.7585365853658537
0.9977440627077759,261,145,0.4391025641025641
0.9996962592089581,49,357,0.7368421052631579
0.9981192019792903,50,456,0.7379679144385026
0.9965827655924506,142,264,0.6810228802153432
0.9983790014038201,29,435,0.7439824945295405
0.9931389569484568,77,329,0.6831683168316832
0.9961291078351833,57,361,0.7571428571428571
0.9988297722269653,389,795,0.6216640502354788
0.999269235655989,130,536,0.7093596059113301
0.9998259511530168,46,452,0.7110633727175081
0.9988472958699922,388,794,0.622152395915161
0.9979904768991391,432,838,0.5968109339407744
0.9996686799615155,147,259,0.6639566395663956
0.9990222043608721,58,350,0.738238841978287
0.9990905477774533,39,367,0.7163120567375887
0.993646661283568,109,509,0.6619433198380567
0.9997842058344344,196,602,0.6771507863089732
0.9995335962480514,131,537,0.702755905511811
0.9891584725885868,80,466,0.6603174603174603
0.9941361157680803,111,517,0.7329317269076305
0.9984231118420045,270,676,0.638961038961039
0.9970512156296788,56,452,0.6874328678839957
0.9987460139322326,157,249,0.6538461538461539
0.9991920782207439,417,823,0.6036866359447005
0.9960299519305298,62,356,0.7544910179640718
0.9943863146845524,138,268,0.6479250334672021
0.9964022567005482,61,355,0.7529976019184652
0.9981779981053598,106,302,0.7221510883482715
0.9994417973943841,82,488,0.7135470527404343
0.9985121501335978,271,677,0.6470588235294118
0.9993970315483713,17,421,0.7355555555555555
0.9992381005659797,215,621,0.6636363636363637
0.9943825147320041,40,438,0.7568157033805889
0.9978351656517658,277,683,0.6368330464716007
0.9944746184484266,70,464,0.6702014846235419
0.9991339710970597,141,547,0.6998050682261209
0.9963587776516534,61,467,0.7420718816067653
0.9982002070901929,117,289,0.6796875
0.993830781590342,161,247,0.6584022038567493
0.9999413694919568,19,425,0.7190265486725663
0.9988534315861515,105,511,0.7171717171717171
0.9998388340376683,47,359,0.7303102625298329
0.9998011596258647,206,612,0.6801099908340972
0.995467315471333,111,513,0.6673387096774194
0.9951590020529328,87,485,0.6659751037344398
0.9989351145535813,316,722,0.649458784346378
0.9966652152693017,97,311,0.7367088607594937
0.9969447552636489,58,454,0.6816720257234726
0.9955477147813232,59,363,0.7624703087885986
0.9964870686712908,249,655,0.6948853615520282
0.9953564758821235,32,422,0.7547169811320755
0.9885148770147737,185,225,0.6193181818181818
0.9925225264985291,68,356,0.7616766467065869
0.9983439786072562,181,225,0.6051136363636364
0.999625812050986,39,445,0.70995670995671
0.9991063543304625,8,398,0.7137970353477765
0.999671144922885,31,375,0.7189695550351288
0.9973368352969287,126,530,0.6838453914767096
0.9871324914514863,111,505,0.6463414634146342
0.9894355477785484,234,636,0.6152466367713004
0.9949195927976439,107,305,0.7321428571428571
0.9927786178060984,60,448,0.6709816612729234
0.9965307773876474,142,264,0.6514131897711979
0.9964849523711875,265,671,0.6295652173913043
0.9994929137105463,116,522,0.6973026973026973
0.9955650330893947,175,581,0.7188679245283018
0.9997805429288404,117,289,0.6953125
0.9970724765886737,159,247,0.6556473829201102
0.9993039452696507,65,341,0.7317073170731707
0.9990150885941568,149,555,0.7040618955512572
0.9992116242874954,358,764,0.6323411102172164
0.9992672557749043,44,448,0.7098166127292341
0.9906797341256749,226,180,0.5250379362670713
0.9926241749937208,33,377,0.6799065420560748
0.9968849900758973,138,268,0.6586345381526104
0.9974070436823721,276,130,0.4006568144499179
0.9982651725269783,38,436,0.692896174863388
0.9992897220563673,31,435,0.7111597374179431
0.9953126166181965,49,373,0.755868544600939
0.9920139177791069,39,409,0.6801801801801802
0.9941933604221579,113,293,0.6528497409326425
0.9997209948498376,212,194,0.5527488855869243
0.9980905803586791,371,777,0.6162420382165605
0.9994971054949363,33,437,0.7183406113537117
0.9998808672647433,57,463,0.7176220806794055
0.9989889407260143,224,630,0.6762849413886384
0.9995019864386954,56,352,0.7388688327316486
0.9997900115704129,35,441,0.7152173913043478
0.9997541377640679,155,561,0.6923076923076923
0.9928605550874641,173,233,0.6123595505617978
0.9954706477688107,35,427,0.7571743929359823
0.9948916884365219,190,216,0.6014388489208633
0.999082677389078,263,669,0.6533101045296167
0.999696500493229,143,263,0.6738544474393531
0.9870380000097787,329,731,0.5884297520661157
0.9986575348173303,428,834,0.6031987814166032
0.9986770535688814,83,489,0.731404958677686
0.9995446676953545,90,316,0.7220125786163522
0.9996248591586466,33,437,0.7096069868995634
0.9980306404478345,52,458,0.7342582710779082
0.9938241421128124,102,508,0.7375886524822695
0.9961571746746533,36,442,0.753528773072747
0.9904736943123996,123,519,0.6492985971943888
0.9870769109838489,383,785,0.5712025316455697
0.9968074050164785,61,461,0.6829787234042554
0.9978779351333832,320,726,0.6240663900414938
0.999420036441633,194,212,0.5904486251808972
0.9958325391680805,70,336,0.6895705521472393
0.9991533523307048,342,748,0.6373268133659332
0.9973601530591248,193,213,0.5924855491329479
0.9986555974788853,117,289,0.7057291666666666
0.9965008210898252,130,276,0.6966887417218544
0.9995049484111269,376,782,0.6217287866772403
0.9945051904371471,24,386,0.6890173410404624
0.9920968628971807,231,175,0.5137614678899083
0.9926787154429483,93,321,0.7525
0.9992953783436627,45,451,0.7139784946236559
0.9930587540253394,401,807,0.5816485225505443
0.9994468734691445,185,591,0.6822429906542056
0.9956600298623115,74,340,0.7545787545787546
0.9989998365083212,110,516,0.7155778894472362
0.9991230651107984,44,448,0.7011866235167206
0.9889152841026259,173,233,0.601123595505618
0.9980339082249248,24,416,0.6994413407821229
0.9962293029733273,129,535,0.7258382642998028
0.9980934914683235,197,603,0.6598890942698706
0.9986731462393379,133,273,0.6888297872340425
0.9952288231590679,61,467,0.7420718816067653
0.9994013723104931,81,487,0.7163561076604554
0.9946548234194776,86,492,0.7456230690010298
0.999417360650871,76,482,0.7200832466181062
0.9995192995662977,147,259,0.6666666666666666
0.9997658936612228,118,288,0.6988265971316818
0.9992200676671458,166,572,0.6774500475737393
0.9994854271478333,259,147,0.4472843450479233
0.999122574222109,57,351,0.7397590361445783
0.9995451579561085,226,180,0.5250379362670713
0.9987126090118552,224,630,0.6834986474301172
0.9999497780211785,55,461,0.7085106382978723
0.999072963224669,158,248,0.6519944979367263
0.9988108291354155,133,539,0.7151277013752456
0.9998761378104583,56,350,0.7285886610373945
0.9972478824045832,191,215,0.5878962536023055
0.998929268001786,154,252,0.6456908344733242
0.9910214810355247,34,386,0.6774566473988439
0.9937688417044722,127,283,0.7086614173228346
0.997984834583412,221,627,0.6546112115732369
0.9974954675389379,223,183,0.5287009063444109
0.999797136599179,47,453,0.7145922746781116
0.9985204494020177,238,168,0.49768160741885625
0.9942359441918084,60,364,0.763938315539739
0.9988549673597523,49,455,0.734475374732334
0.9993780912825321,163,243,0.6398891966759003
0.9989035898295051,124,530,0.709613478691774
0.9980869320525888,170,236,0.6265734265734266
0.9974807294184268,95,311,0.6886075949367089
0.999207406914728,182,224,0.6088193456614509
0.9947594517832666,149,259,0.6775067750677507
0.9999179977272954,118,288,0.6936114732724902
0.9980064019750008,132,538,0.7197640117994101
0.9986275876245749,256,662,0.6450482033304119
0.9953194945542867,186,592,0.7170868347338936
0.9997412575481428,188,594,0.6747437092264679
0.9936033544460238,326,732,0.6044591246903386
0.9996269941398356,16,422,0.7103218645948945
0.9978058011832882,61,349,0.748792270531401
0.9918081249015236,281,687,0.6072041166380789
0.9992543374118887,165,571,0.6933333333333334
0.9996175562671095,191,597,0.6840148698884758
0.9957740072459331,112,296,0.7251612903225807
0.9982830021316478,297,109,0.3469387755102041
0.9860094024932621,137,269,0.6229946524064172
0.9877928930948695,55,399,0.7767653758542141
0.9984341710445629,317,723,0.653910149750416
0.9997246163116791,30,434,0.7119386637458927
0.9968717021727553,54,364,0.7591933570581257
0.9990207652893606,156,562,0.7031700288184438
0.9961621185689605,260,146,0.4448
0.9985015282882156,120,286,0.7006535947712418
0.9998825083745482,119,287,0.6971279373368147
0.9972296140298827,68,342,0.7454323995127893
0.9954261167707288,183,223,0.6011396011396012
0.9998966642417337,194,600,0.680259499536608
0.9964945995034667,47,453,0.7424892703862661
0.9965322247793063,28,412,0.7564534231200898
0.9990401918913557,60,464,0.6977730646871686
0.999587477678821,45,451,0.7204301075268817
0.9994164429229275,153,559,0.6936416184971098
0.999454262230881,145,551,0.6893203883495146
0.9994311791596318,219,625,0.6684782608695652
0.998795023681294,275,131,0.4065573770491803
0.9985405398889726,85,491,0.7278350515463917
0.9996908803122333,129,535,0.7021696252465484
0.9938874328452364,230,636,0.7103139013452915
0.9998021046690085,43,363,0.7244655581947743
0.9993333952943599,209,615,0.6691042047531993
0.9921221636801397,193,213,0.5953757225433526
0.9967545802444138,101,307,0.7302798982188295
0.9955544989980184,325,731,0.6115702479338843
0.998670805452242,12,400,0.7121729237770194
0.9987567506898378,56,350,0.7141133896260555
0.9989432372151015,14,408,0.7080045095828635
0.999065575247852,46,448,0.7076591154261057
0.9997870629416136,216,622,0.6684831970935513
0.9977851446123505,101,307,0.7302798982188295
0.9992578701778206,133,539,0.6836935166994106
0.9986397739716139,58,350,0.7406513872135102
0.997840941874769,39,445,0.7424242424242424
0.991326915525982,70,476,0.7581151832460733
0.9939150505537369,115,521,0.738
0.9941476385441276,145,263,0.6819407008086253
0.9961113722638767,201,205,0.5789473684210527
0.9984210079436302,79,485,0.7282157676348547
0.9945387068161017,329,735,0.6046128500823723
0.9876241790321318,65,467,0.7716701902748414
0.9975180422962835,145,261,0.6756756756756757
0.9983329396556226,66,472,0.7360672975814931
0.9917605311473391,93,499,0.7505112474437627
0.9970749768714231,130,276,0.6993377483443709
0.9965117961490071,142,264,0.6541049798115747
0.9996068653488064,12,400,0.732650739476678
0.9997037944366833,134,540,0.6947988223748773
0.9952128137828459,121,527,0.7236580516898609
0.9955966097751453,32,414,0.7547592385218365
0.9996263065503056,172,578,0.6792809839167455
0.9997045465466007,57,463,0.7197452229299363
0.9995799102693936,42,448,0.7249190938511327
0.998154886306055,64,470,0.7376185458377239
0.9952077245214369,211,195,0.5578635014836796
0.9914036735941578,200,208,0.5851528384279476
0.9966639699159362,38,426,0.687292817679558
0.9992644619322413,30,378,0.7374562427071178
0.997462135616079,26,428,0.7453142227122381
0.9987438233787396,308,98,0.31542461005199307
0.9929960218416708,168,238,0.6164574616457462
0.9971889826691326,44,440,0.6898803046789989
0.9980482146396809,267,673,0.6701388888888888
0.999632270997018,48,454,0.7095391211146839
0.998238107558828,286,120,0.3772954924874791
0.9970809700461912,83,485,0.6763485477178424
0.9994500588296815,106,300,0.7137355584082157
0.9987864289691536,45,449,0.6982758620689655
0.9944015311350403,93,321,0.7525
0.9993724651361477,17,421,0.7266666666666667
0.9995388878617215,232,174,0.5084226646248086
0.9984126529459217,269,137,0.42207792207792205
0.999152290648515,10,398,0.7092360319270239
0.9958382624875056,29,413,0.757847533632287
0.9961071613274494,30,404,0.7565118912797282
0.999636071263534,76,330,0.7169344870210136
0.9997026308719353,216,622,0.670299727520436
0.9960922690487377,117,291,0.7168831168831169
0.9993596119214553,127,533,0.7055335968379447
0.9968420331554902,54,360,0.7556615017878426
0.9992649758975657,334,740,0.6447908121410992
0.999055892323241,276,682,0.6494401378122309
0.9988256702373723,321,727,0.6550580431177446
0.994795947559867,456,862,0.5741983594332588
0.987785365402372,189,587,0.6303939962476548
0.9998952779168162,136,270,0.6755674232309746
0.984842351603633,372,774,0.5698324022346368
0.9998043339975278,168,238,0.6359832635983264
0.9960870113435925,115,521,0.734
0.9942275442967018,39,437,0.75764192139738
0.9994848310799235,250,156,0.4692913385826772
0.9965538003340586,133,537,0.6732283464566929
0.997834904587522,93,317,0.7412060301507538
0.9994725674968006,115,291,0.6961038961038961
0.9962448420257523,151,255,0.670299727520436
0.9952214592007894,43,431,0.6835164835164835
0.9997606706495217,11,395,0.7254004576659039
0.9981228560937854,265,671,0.68
0.9927708224560328,348,754,0.5952960259529603
0.9990656796421529,356,762,0.6253021756647864
0.9989327698418876,57,349,0.7367149758454107
0.9992723321636325,25,429,0.7048458149779736
0.9993221824045527,94,500,0.7170582226762002
0.9941759785356026,93,319,0.7493734335839599
0.9963283668854092,49,373,0.7629107981220657
0.9996020192554755,160,246,0.6482758620689655
0.9994903454537633,124,282,0.6911957950065704
0.9977490879197491,253,153,0.4588607594936709
0.9976598744341113,138,270,0.6862483311081442
0.9991298692644506,130,536,0.6896551724137931
0.9955998546325845,34,372,0.6886016451233843
0.9989836312161783,98,308,0.7268106734434562
0.9992013583246394,340,746,0.6236734693877551
0.9971417893809048,98,310,0.7351077313054499
0.9996118714087424,121,527,0.7077534791252486
0.9980217670892525,181,225,0.6051136363636364
0.9927824411492496,207,199,0.5663716814159292
0.9910159702723148,200,208,0.5851528384279476
0.9934755857118579,299,107,0.3515358361774744
0.9998598865220294,35,371,0.7270588235294118
0.9956571115314071,106,506,0.6680203045685279
0.9997548146786918,18,390,0.7295742232451093
0.997043804262259,132,274,0.6932270916334662
0.9986652984566461,170,576,0.6976303317535545
0.9974636905417168,151,255,0.6457765667574932
0.9953719350297378,161,567,0.722753346080306
0.9992474740753023,17,389,0.7119815668202765
0.9989723652658093,136,270,0.6835781041388518
0.9987672706526619,188,594,0.700838769804287
0.9996863499135473,122,284,0.6920052424639581
0.9968348660550362,69,475,0.7379454926624738
0.9989597089089411,108,298,0.7155727155727156
0.9994993572721549,166,240,0.6369958275382476
0.9949138239528844,56,462,0.7438894792773645
0.9981180245999581,14,396,0.7062857142857143
0.9998421393339133,136,270,0.678237650200267
0.9973618381244249,228,634,0.6469002695417789
0.998579556199247,125,281,0.6763157894736842
0.9986081249162801,284,690,0.6638152266894782
0.9906401625633077,36,374,0.6776084407971864
0.9951826151018653,221,185,0.536144578313253
0.9966422960892556,97,499,0.6728016359918201
0.9965012878029925,158,248,0.6547455295735901
0.9876719186243695,195,597,0.6319702602230484
0.994030416146083,37,419,0.6859688195991092
0.9994971270017321,85,491,0.7010309278350515
0.9970813138409562,107,301,0.7230769230769231
0.9996655369866344,93,499,0.7055214723926381
0.9994957154024049,101,507,0.7200811359026369
0.9959711983471001,118,524,0.7258225324027916
0.998612710102351,230,636,0.6565022421524663
0.9879103030886878,49,361,0.6761904761904762
0.9998112414465933,31,437,0.7248908296943232
0.9994906873647211,254,660,0.6619841966637401
0.9987694111282877,231,637,0.6810035842293907
0.9997959865350473,160,246,0.6482758620689655
0.9973716164952539,178,584,0.6622765757290687
0.9886382396815111,55,413,0.7825112107623319
0.9969117324421105,127,531,0.6772277227722773
0.9990877810930068,119,287,0.6866840731070496
0.9982412607376634,295,111,0.3525423728813559
0.9875542681311997,140,274,0.7065073041168659
0.9994897248963632,294,700,0.6480067854113656
0.9982703482865221,176,230,0.614950634696756
0.9978633944986318,62,462,0.6865037194473964
0.9974786859588582,391,797,0.6003134796238244
0.9997914891029827,21,427,0.7240618101545254
0.9998529505018922,6,406,0.7254237288135593
0.9972534747994266,51,453,0.6888412017167382
0.9958038713941995,265,671,0.6243478260869565
0.9975279316547373,29,391,0.7494252873563219
0.9974964705091451,30,422,0.6970033296337403
0.9977113166488725,83,325,0.7437810945273632
0.9955222196522823,56,370,0.7656065959952886
0.9906949107022496,188,218,0.5853658536585366
0.9967007860966985,237,643,0.6399286987522281
0.9980275414284487,141,547,0.6764132553606238
0.999827436691766,124,282,0.6885676741130092
0.9971363186485924,92,498,0.7308085977482088
0.9954039705794601,173,233,0.6320224719101124
0.9998546845461723,155,251,0.6547945205479452
0.9972328527649492,14,398,0.7046750285062714
0.9960027882194994,160,246,0.6537931034482759
0.9998372090972061,38,444,0.7193932827735645
0.9997588132158873,20,386,0.7213872832369942
0.9983983645843156,171,235,0.6246498599439776
0.9997202099302829,37,373,0.7300469483568075
0.999111294457156,58,350,0.7406513872135102
0.9951593692383006,103,309,0.7360406091370558
0.9986243752628052,118,288,0.6831812255541069
0.9964563608914873,129,279,0.7018469656992085
0.9911778718612532,233,173,0.50920245398773
0.9980857407016885,155,251,0.6438356164383562
0.9984985438670846,184,222,0.6105563480741797
0.999857607900562,33,373,0.7253521126760564
0.9973107089355822,410,816,0.5961389961389961
0.9981480708495613,59,465,0.739406779661017
0.9965974272617973,208,198,0.5642540620384048
0.9978021161429627,308,714,0.6588432523051132
0.9992108768870954,233,639,0.6779964221824687
0.9931778446889081,218,188,0.5427286356821589
0.994567128910162,227,179,0.5197568389057751
0.9962251289281192,191,597,0.654275092936803
0.9946422749105562,49,357,0.69377990430622
0.9993256008861975,160,566,0.6851674641148325
0.9994785452871453,37,369,0.7311320754716981
0.9994697064650234,81,487,0.7246376811594203
0.9996959626663501,253,659,0.6678383128295254
0.9998023161263366,67,473,0.7163865546218487
0.9968862308767295,28,410,0.6929133858267716
0.998873106850662,62,468,0.7307286166842661
0.9994541837389254,252,658,0.6701846965699209
0.993088159309634,155,255,0.670299727520436
0.9954271464282005,112,518,0.7321965897693079
0.9974449443079915,120,526,0.7164179104477612
0.9984504681722935,218,624,0.6926563916591115
0.9993620366949437,132,274,0.6826029216467463
0.9989762443382489,47,359,0.7159904534606205
0.999846060164073,217,189,0.5419161676646707
0.9997047755861266,62,344,0.7193195625759417
0.9976714232694878,82,488,0.7321613236814891
0.9998974130549889,52,458,0.7129135538954109
0.9985483350820545,207,613,0.6959706959706959
0.9883770016564214,104,318,0.7553324968632371
0.9978717548337932,313,93,0.3006993006993007
0.9994349417500092,164,570,0.680648236415634
0.9973813303456951,204,610,0.6556473829201102
0.9913123642163248,405,811,0.5720930232558139
0.9924430902848326,106,306,0.7414012738853503
0.9997950940815136,204,610,0.6776859504132231
0.9995606886883859,16,422,0.7280799112097669
0.9976513580569426,213,193,0.5535714285714286
0.9993576887115624,22,428,0.7342888643880926
0.9962570048252044,134,272,0.6577896138482024
0.987660442158576,496,902,0.5401882693700217
0.9884166824795907,111,311,0.7518987341772152
0.998787353761373,218,624,0.6563916591115141
0.9922876259781465,237,169,0.5
0.9992149474799064,160,246,0.6455172413793103
0.998541235327698,133,273,0.6914893617021277
0.998680907680879,152,254,0.6493860845839018
0.9979800577199858,205,611,0.7009174311926606
0.9992764925512403,19,397,0.7397260273972602
0.9998640020122387,35,371,0.7270588235294118
0.9982090708727563,340,746,0.64
0.9988731616380467,171,577,0.7026515151515151
0.9891534814421225,246,648,0.6122448979591837
0.9993137707356528,278,684,0.6620808254514188
0.999903762112283,103,509,0.7145748987854251
0.9953937041456522,88,494,0.7379239465570401
0.9967975403044987,134,540,0.7144259077526988
0.9979629408222721,277,129,0.40131578947368424
0.9996007010615754,130,536,0.7014778325123153
0.9999353453913582,57,349,0.7270531400966184
0.9985429889949672,108,298,0.7155727155727156
0.9934914235046652,162,564,0.6538830297219559
0.9985988082351334,94,312,0.7281921618204804
0.9988075189726695,54,352,0.7099879663056559
0.9973544564269645,98,504,0.728382502543235
0.999397289629921,260,146,0.4448
0.9969144228323762,28,420,0.7519466073414905
0.997922443211814,108,514,0.7210473313192346
0.9946751372945377,183,223,0.6011396011396012
0.9989912293944518,179,227,0.6147308781869688
0.9991927028597255,184,222,0.6105563480741797
0.9916574831405814,66,364,0.763938315539739
0.9966963641738953,65,471,0.7410526315789474
0.9924414471342368,95,321,0.7525
0.999030076790038,185,221,0.6028571428571429
0.997944722839407,231,637,0.6827956989247311
0.9920059626194199,219,187,0.5405405405405406
0.9964273510496642,16,402,0.7060158910329172
0.998742269395005,43,443,0.6984815618221258
0.9995106235364917,239,645,0.6725978647686833
0.9985183955815108,65,343,0.7445255474452555
0.9970121916271926,282,124,0.3880597014925373
0.9983812046730103,176,230,0.6205923836389281
0.9992933320583833,248,158,0.47095761381475665
0.9951751729655993,171,235,0.6162464985994398
0.999897802375088,46,360,0.7270560190703218
0.9954795600594027,240,646,0.6364444444444445
0.9994199884045561,42,448,0.727076591154261
0.9978409798648755,225,181,0.5242424242424243
0.9969904815372287,45,361,0.6952380952380952
0.9941332442183813,102,310,0.7376425855513308
0.9945709500555383,52,354,0.6890756302521008
0.9983479019491586,274,132,0.40916530278232405
0.9998270078117213,35,441,0.7152173913043478
0.9995957749064498,95,311,0.7189873417721518
0.997050813279915,52,364,0.7544483985765125
0.9987779173015022,386,792,0.6184107002360346
0.9927601196069523,125,525,0.6593625498007968
0.996911502303697,122,528,0.7249255213505462
0.9980189462453566,141,547,0.7056530214424951
0.9997126166185105,27,383,0.7354988399071926
0.9990513966179995,192,598,0.6759517177344475
0.9990721443965895,267,139,0.42718446601941745
0.9977047139055782,156,560,0.6679499518768046
0.9966574282393832,45,441,0.6891304347826087
0.9989497572278748,355,761,0.6209677419354839
0.995863931240752,57,349,0.6956521739130435
0.9949537137216393,138,268,0.6506024096385542
0.9996644404540165,42,448,0.7249190938511327
0.9988009383641064,227,633,0.6762589928057554
0.9996987610615466,29,433,0.7127192982456141
0.9993459649961091,301,707,0.6458684654300169
0.9992358781447525,164,570,0.6959008579599618
0.9993955064496765,125,531,0.695049504950495
0.997199138900235,164,242,0.6463245492371706
0.9984135708308491,141,547,0.7095516569200779
0.9998982624949311,14,418,0.7201783723522854
0.9988703542947674,272,134,0.41435562805872755
0.9997045303772578,24,386,0.7375722543352601
0.9994979138050939,247,159,0.47648902821316613
0.9991802824496756,202,204,0.5739385065885798
0.9993573397363282,268,674,0.6626192541196878
0.9954979632832827,201,205,0.5789473684210527
0.9993872483110415,241,165,0.4906832298136646
0.9944310583958336,175,577,0.6553030303030303
0.9982787734560385,58,460,0.6900958466453674
0.9989882273911229,212,194,0.5527488855869243
0.9986789026823684,199,207,0.577259475218659
0.9983731273798403,34,428,0.6945975744211687
0.9974173289542494,478,884,0.5810711665443874
0.9993441033239092,77,329,0.7277227722772277
0.9979472425881615,318,88,0.2892416225749559
0.9965438390769734,61,457,0.6794871794871795
0.9977881461447277,355,761,0.6209677419354839
0.999560755720516,230,176,0.5129770992366413
0.9992763983608937,224,182,0.5264750378214826
0.9882908796549418,201,209,0.5872093023255814
0.9996576078862766,39,445,0.7207792207792207
0.9976220058332098,200,606,0.6580645161290323
0.9998899275911632,198,208,0.5822416302765647
0.9992687742802748,72,478,0.7272727272727273
0.989265636085554,182,224,0.5945945945945946
0.9988475822086459,171,235,0.6246498599439776
0.9988616512637286,220,626,0.6660633484162896
0.9978710576682445,174,580,0.6685552407932012
0.9983407667164383,359,765,0.6141479099678456
0.9908471279537217,113,519,0.7414829659318637
0.9930929160791195,239,167,0.4953560371517028
0.9969595679515177,124,530,0.7234886025768087
0.9946509835930157,98,504,0.7344862665310274
0.9992050056888263,175,231,0.6253521126760564
0.9996701165212845,44,450,0.7276641550053822
0.9973964452275927,145,261,0.6567567567567567
0.9969216279229368,49,455,0.7451820128479657
0.9966449629319347,117,523,0.7245508982035929
0.9999936198598915,33,439,0.7189542483660131
0.997928371395243,88,320,0.7384230287859824
0.9922306172708869,74,468,0.6694825765575502
0.9974818948669817,259,665,0.6363636363636364
0.9950799581420299,34,408,0.762119503945885
0.9987037755271863,106,510,0.6895854398382204
0.9967834111245781,194,600,0.6561631139944393
0.9957888318645792,98,504,0.7365208545269583
0.9949927912556389,48,440,0.6833514689880305
0.9994606723549164,229,635,0.6804308797127468
0.9972839318759246,144,262,0.680161943319838
0.9990014923746138,361,767,0.6340288924558587
0.9991361997976433,329,735,0.6441515650741351
0.9959949544083756,156,250,0.6611796982167353
0.9947697962380785,270,136,0.4195121951219512
0.9995901299219961,250,156,0.4692913385826772
0.9953438626958308,147,259,0.6395663956639567
0.9990505269271329,274,680,0.6471095772217429
0.9893745537207419,51,415,0.7740492170022372
0.9988875393234985,160,246,0.6427586206896552
0.9996000365486801,62,466,0.6984126984126984
0.9918704627416078,236,170,0.50231124807396
0.9978510009328306,100,306,0.7286624203821656
0.9995734098796094,61,465,0.701271186440678
0.995755147669824,163,243,0.6232686980609419
0.9991998862865065,125,281,0.6947368421052632
0.9996420886138245,66,340,0.7301587301587301
0.9989061072235009,52,458,0.7342582710779082
0.9994776947483158,109,297,0.7061855670103093
0.9998502258891339,35,371,0.7270588235294118
0.9985256947054342,230,636,0.6565022421524663
0.997110431530726,68,338,0.6976744186046512
0.9993428443129434,29,433,0.7083333333333334
0.9991455431660548,193,599,0.6753246753246753
0.9998105153960053,64,342,0.7161997563946407
0.9977845447768268,282,124,0.3880597014925373
0.9984820943079762,77,333,0.7413793103448276
0.9998429330445668,40,446,0.7243243243243244
0.9995466916889184,50,456,0.7080213903743315
0.9954065907979175,29,411,0.755056179775281
0.9959512525993112,224,630,0.6997294860234445
0.998738918416442,32,438,0.737186477644493
0.9992382266240604,376,782,0.6185567010309279
0.9988173373743955,150,556,0.7033816425120772
0.9995554915790303,181,225,0.6136363636363636
0.9991305176080026,55,351,0.708433734939759
0.9972033115325878,55,367,0.7588652482269503
0.998173324694331,123,529,0.6825396825396826
0.9972809629962008,71,477,0.7364016736401674
0.9962369218734772,187,219,0.6045845272206304
0.9996243736074101,244,162,0.48049921996879874
0.9999674464033714,76,482,0.7075962539021852
0.9996693779119834,52,354,0.7250900360144058
0.9997778738883866,24,430,0.7172717271727173
0.9985822009071946,160,246,0.6510344827586206
0.9917247042791834,63,373,0.7723004694835681
0.9993371572568018,195,601,0.6666666666666666
0.9981933614927881,54,460,0.7348242811501597
0.9981062255322277,62,346,0.7442424242424243
0.988247758529364,99,329,0.7623762376237624
0.9979501111551662,298,704,0.628909551986475
0.99955228722344,39,445,0.7207792207792207
0.9988118977248973,223,183,0.5317220543806647
0.9951316424259816,79,475,0.6687631027253669
0.999812382719626,153,559,0.6936416184971098
0.9917218886157567,134,272,0.644474034620506
0.9994483017087662,232,638,0.6803939122649956
0.9981619945375425,133,273,0.6914893617021277
0.9942694795658161,173,235,0.6386554621848739
0.9997036843909617,208,614,0.6806953339432754
0.998628389655376,248,158,0.47095761381475665
0.9981026946501029,146,260,0.6711772665764547
0.9954334436808042,193,213,0.5953757225433526
0.9987620451292185,32,438,0.737186477644493
0.9934418154899195,259,663,0.6234676007005254
0.9926797207679141,47,359,0.6778042959427207
0.9958219867095869,377,783,0.5990491283676703
0.9948946083372654,201,205,0.5672514619883041
0.9961128990893945,73,341,0.7536585365853659
0.9988789695718,147,259,0.6693766937669376
0.9991944763069674,278,684,0.6638005159071367
0.9968175161931987,232,174,0.5084226646248086
0.9932153963392935,162,248,0.6602475928473177
0.9963602036935005,113,295,0.7183462532299741
0.9991918322269556,56,350,0.7141133896260555
0.99672991869994,198,604,0.6555863342566943
0.9978660139321699,192,214,0.5974025974025974
0.9888539373019714,105,501,0.6510204081632653
0.9989002782539037,189,217,0.5977011494252874
0.9937172340286688,58,374,0.7690504103165299
0.9988137703859711,238,168,0.4945904173106646
0.993220323593306,38,370,0.6808009422850412
0.9995473414453258,108,298,0.7104247104247104
0.9996425719672863,72,478,0.7084639498432602
0.9921972969648373,62,380,0.7753201396973225
0.9998697669324003,142,264,0.6702557200538358
0.9986066425172091,229,635,0.6535008976660682
0.9967320623152439,206,612,0.6526122823098075
0.9985820406266215,44,446,0.6983783783783784
0.9983177681025333,17,401,0.7022727272727273
0.9988947254190058,312,718,0.6466165413533834
0.9990654915754275,136,542,0.6816846229187071
0.9956978565485088,67,339,0.6943765281173594
0.9999464391303768,36,442,0.7187839305103149
0.9971090050179272,81,481,0.6770833333333334
0.9988470673014178,9,399,0.7107061503416856
0.995042643694334,182,224,0.6031294452347084
0.9957299683924121,205,201,0.5705882352941176
0.986288990367702,232,634,0.6163522012578616
0.9993564424162933,260,666,0.651528384279476
0.9899095820474563,119,293,0.727979274611399
0.9920210230279001,479,885,0.5586510263929618
0.9981546414111538,99,309,0.733502538071066
0.9995140066967563,39,443,0.7071583514099783
0.998916394693153,197,209,0.5843023255813954
0.9996529542552204,111,517,0.6987951807228916
0.998450508203191,126,280,0.6956521739130435
0.9875223220623065,234,174,0.5114854517611026
0.9995900460925878,216,190,0.5440956651718983
0.995356857510011,66,462,0.6780021253985122
0.9988150188790147,260,146,0.4448
0.9997446046021078,46,452,0.723952738990333
0.9995725200948021,108,298,0.7104247104247104
0.9919901262394677,146,546,0.655609756097561
0.999292710402096,109,515,0.716297786720322
0.9964667219865933,260,146,0.4448
0.9969542504355025,254,152,0.4595879556259905
0.99769957770598,63,347,0.7506053268765133
0.9965202910193801,130,536,0.7211822660098522
0.9971199152427539,254,152,0.4595879556259905
0.9997374436240263,32,438,0.7284623773173392
0.999754485012479,222,184,0.530920060331825
0.9956087885869565,242,164,0.48522550544323484
0.9994996713969606,131,537,0.7047244094488189
0.9997108279438292,54,352,0.7220216606498195
0.9997070854473923,52,354,0.7250900360144058
0.9981590989693051,193,599,0.699443413729128
0.9997942545315579,63,469,0.7172995780590717
0.9913162867733077,296,700,0.6072943172179813
0.9965549336009116,185,591,0.7121495327102804
0.9998848661159068,32,438,0.7175572519083969
0.9997035572339936,70,476,0.7036649214659686
0.9986590570903146,201,205,0.5760233918128655
0.9915889006375038,84,338,0.7637698898408812
0.9998367583963977,139,545,0.69921875
0.999678479996124,213,193,0.5505952380952381
0.9994926138712764,74,332,0.7274969173859432
0.999659417439818,28,434,0.7185104052573932
0.9998122805231,23,429,0.7136563876651982
0.9981503604599024,64,342,0.7040194884287454
0.9977327612790432,53,459,0.7420042643923241
0.998724522049905,35,377,0.7429906542056075
0.9963494802795279,84,322,0.6891385767790262
0.9973260283675156,210,616,0.6538812785388128
0.9993134327492924,203,203,0.5718475073313783
0.9983374560827404,257,149,0.44904458598726116
0.9977395731249068,264,142,0.43156199677938806
0.9995399396539247,117,289,0.6953125
0.9916056756242596,114,510,0.6552072800808898
0.9891429206634815,240,166,0.4930232558139535
0.998147618107962,85,321,0.69
0.9999089212315324,32,438,0.7131952017448201
0.9920146496380997,196,210,0.5747460087082729
0.9951833615603618,232,174,0.5084226646248086
0.9936518395548545,88,318,0.6800501882057717
0.9993152435587052,23,429,0.73568281938326
0.9936174858237192,49,391,0.767816091954023
0.9989448023446936,90,496,0.7261538461538461
0.9994016255255413,65,471,0.728421052631579
0.9988388151281714,204,202,0.566813509544787
0.9981364887335958,119,287,0.7049608355091384
0.9970652612941588,137,541,0.6784313725490196
0.9890508390817906,112,518,0.7542627883650953
0.9990886291200939,154,560,0.685274302213667
0.9980779425259124,66,464,0.689289501590668
0.9945872311709101,129,277,0.6587301587301587
0.9934020572736821,39,425,0.7632743362831859
0.9979405315259687,176,582,0.704995287464656
0.9952807071265546,92,314,0.6809583858764187
0.9910558609829732,152,558,0.7405978784956606
0.9908989134922962,147,259,0.6260162601626016
0.9993827723857724,258,148,0.44976076555023925
0.9991568321930587,111,517,0.7068273092369478
0.9996082631335494,269,137,0.42207792207792205
0.9981820355745654,67,339,0.7041564792176039
0.9870894653011747,95,501,0.7571428571428571
0.9995397756057379,121,527,0.7017892644135189
0.9972761602304293,89,317,0.6909547738693468
0.998131482045724,133,273,0.6702127659574468
0.9973156457656136,71,471,0.6821052631578948
0.9945742346299069,115,515,0.6639839034205232
0.9998717589012464,181,225,0.6136363636363636
0.9935757836757124,125,285,0.7120418848167539
0.9995229667104575,31,377,0.735981308411215
0.9977435795112979,28,422,0.7502774694783574
0.9993555086759911,358,764,0.6339501206757844
0.9983954526897513,233,639,0.6565295169946332
0.999590057866381,111,517,0.7068273092369478
0.9982906409687542,126,532,0.712166172106825
0.9995382101621778,25,387,0.7344110854503464
0.996931694830194,181,225,0.6051136363636364
0.9938128468064523,38,418,0.7670011148272018
0.9995040857845364,137,269,0.6818181818181818
0.9978939909768427,256,150,0.4546899841017488
0.997321405819274,29,435,0.7439824945295405
0.9974744682721227,315,721,0.6233333333333333
0.9975783427991716,128,534,0.6870681145113524
0.9997146840966176,50,356,0.7209580838323353
0.9995234159984107,115,291,0.6909090909090909
0.9953248654448318,107,303,0.7289002557544757
0.9982919949549861,235,171,0.5046153846153846
0.9993153239344675,38,368,0.717827626918536
0.9990531254818108,377,783,0.618066561014263
0.9911405924209696,157,253,0.6721311475409836
0.9980096289362743,86,320,0.690863579474343
0.9899868195444961,62,440,0.6659412404787813
0.9968278080584002,177,583,0.71939736346516
0.9994356525731581,299,705,0.6537162162162162
0.9987653494835597,208,198,0.5612998522895125
0.9977460155876282,63,463,0.6857749469214437
0.9995190934464228,315,721,0.645
0.9991654838903586,119,287,0.6919060052219321
0.9944275962726618,151,255,0.6321525885558583
0.9896590991470893,69,443,0.6594360086767896
0.9956476171444733,85,491,0.7360824742268042
0.9988424943600921,86,492,0.729145211122554
0.9992159369494971,32,438,0.7350054525627044
0.999726361815785,58,464,0.71898197242842
0.9924407947091031,111,509,0.659919028340081
0.9940799387615812,45,451,0.7526881720430108
0.9982054186420684,218,624,0.658204895738894
0.9872671808213661,541,947,0.5357643758765779
0.9987754777715261,294,700,0.6412213740458015
0.9982476967640442,85,321,0.6925
0.9958999581064101,154,254,0.6684856753069577
0.9969505730873884,178,584,0.6603951081843838
0.9998709611090109,101,507,0.7119675456389453
0.9983617443194739,54,460,0.7348242811501597
0.9923913373989117,115,297,0.7319587628865979
0.9949234329380735,48,434,0.6790799561883899
0.9912859276547702,190,216,0.5870503597122302
0.9922318266749369,195,211,0.591304347826087
0.9995963913822681,34,372,0.7215041128084606
0.9980393957545158,84,324,0.7422166874221668
0.9933368821063914,47,427,0.6777041942604857
0.9956321661600226,119,525,0.7250996015936255
0.9997542197096694,171,577,0.6799242424242424
0.9989848870874658,10,410,0.7289088863892014
0.9987877832693532,161,567,0.6787762906309751
0.9997943020976829,43,363,0.7220902612826603
0.9984235796540591,31,389,0.7488479262672811
0.9997849009591921,108,298,0.6975546975546976
0.9990324701667442,273,133,0.4117647058823529
0.9998736941989004,150,556,0.693719806763285
0.9977487607652787,34,392,0.7531572904707233
0.9996887861468614,128,534,0.7068114511352419
0.9995013175302508,199,207,0.577259475218659
0.9978949046232045,99,307,0.7302798982188295
0.9953066424384817,321,727,0.6135986733001658
0.999843198975312,155,251,0.6547945205479452
0.9926945538636912,62,364,0.7663107947805456
0.98932330977666,92,314,0.6607818411097099
0.9921558350022144,35,399,0.6810933940774487
0.9877875630201414,70,364,0.7710557532621589
0.9932084804130967,51,393,0.768348623853211
0.9998350770987117,150,556,0.6917874396135266
0.9999009723512017,34,372,0.7285546415981199
0.9952525101474226,76,330,0.6872682323856613
0.9996155263081571,242,164,0.48522550544323484
0.9990472076593199,234,640,0.6630920464700626
0.9989223310397453,16,408,0.7080045095828635
0.9857191857091638,545,951,0.5300699300699301
0.9960544293328759,73,333,0.6921182266009852
0.9990975567951093,278,128,0.3986820428336079
0.9956539662017675,213,193,0.5476190476190477
0.9971690530906864,194,212,0.5817655571635311
0.9987021986238008,67,339,0.7017114914425427
0.9997556222039298,50,356,0.7233532934131737
0.9989362719959567,273,679,0.6597582037996546
0.9985436687353016,195,211,0.5884057971014492
0.9978649577444171,65,345,0.7475728155339806
0.9996379093881473,29,433,0.7127192982456141
0.9979116472712745,16,390,0.7065592635212888
0.998886445459607,167,239,0.6323119777158774
0.9989823916712174,161,567,0.6787762906309751
0.9995727816299979,248,158,0.4740973312401884
0.9943939442596083,48,436,0.6797814207650273
0.9982722126274485,346,752,0.6336311941510967
0.9993069595177245,118,524,0.707876370887338
0.9990773375813474,273,133,0.4117647058823529
0.9997900049770886,184,222,0.6077032810271041
0.9993958617042671,18,394,0.7353951890034365
0.9996299595659133,201,607,0.6869244935543278
0.9980970670908633,244,162,0.4836193447737909
0.9961593250402653,265,671,0.6921739130434783
0.9956623865047828,191,597,0.6524163568773235
0.9989774226594842,161,567,0.7036328871892925
0.9996715657967503,52,354,0.7202881152460985
0.9973873310556911,31,387,0.745958429561201
0.9959706828119367,153,559,0.7225433526011561
0.9918946903825516,172,234,0.6086956521739131
0.9994688270411545,64,342,0.7356881851400731
0.9995617400096377,180,226,0.6127659574468085
0.997645543686849,84,490,0.7285861713106295
0.9990934822777006,281,125,0.39072847682119205
0.9996552459063524,182,588,0.6841611996251171
0.9899140507514652,229,177,0.5182926829268293
0.9923465622908483,187,589,0.6460674157303371
0.9881422667540646,134,530,0.6422200198216056
0.9963847743442897,85,491,0.734020618556701
0.9965587244483932,56,360,0.7532777115613826
0.9979142698444906,210,616,0.7050228310502283
0.9953760042096931,72,334,0.6888068880688807
0.9903553485374883,168,238,0.6108786610878661
0.9997014539635549,249,655,0.6684303350970018
0.9983503378685047,163,569,0.6717557251908397
0.996441737212247,85,491,0.734020618556701
0.9945407826143561,276,682,0.6201550387596899
0.9988910598446853,178,228,0.6195190947666195
0.9999074978584118,141,547,0.695906432748538
0.9986450439215042,100,506,0.7228426395939086
0.9915343556357429,153,257,0.6739130434782609
0.9904271014876315,335,739,0.5911330049261084
0.9903187901243077,151,255,0.6239782016348774
0.999553331166448,124,530,0.709613478691774
0.9995982987367862,213,193,0.5505952380952381
0.9997125354578286,165,241,0.6388888888888888
0.9986274344082781,119,525,0.7131474103585658
0.9991171758593794,118,524,0.7098703888334995
0.9995499643325099,149,555,0.6924564796905223
0.9998013282265851,126,532,0.7042532146389713
0.998395384558734,15,403,0.7392290249433107
0.9993608004466452,57,349,0.714975845410628
0.9986825362319711,127,533,0.7075098814229249
0.9993898889374073,182,588,0.676663542642924
0.9918483865651634,380,786,0.5818181818181818
0.9961825544205196,261,145,0.4423076923076923
0.9971944328365527,233,639,0.6851520572450805
0.9997591122702378,41,447,0.7084233261339092
0.9994800834155048,185,221,0.6028571428571429
0.9934863628143282,86,330,0.7589616810877626
0.9985609881422604,30,428,0.6990077177508269
0.9995382176974056,73,333,0.729064039408867
0.9990665121278327,229,177,0.5152439024390244
0.9995548848362145,27,383,0.7169373549883991
0.9995724334396833,211,195,0.5548961424332344
0.9993735822336581,49,453,0.7060085836909872
0.9998486188448374,18,424,0.7220376522702104
0.9999550120217534,33,439,0.7145969498910676
0.9986081538013198,18,422,0.7413984461709212
0.9993389740316029,46,360,0.7151370679380215
0.9954562374307054,161,247,0.6556473829201102
0.9957392094073138,187,219,0.6074498567335244
0.996789170236335,225,181,0.5272727272727272
0.999555100689092,207,199,0.5634218289085545
0.9940897967232528,145,263,0.6819407008086253
0.9900052554210297,211,613,0.6245421245421245
0.9952506955703959,32,374,0.6916764361078547
0.9995273297642943,226,180,0.5250379362670713
0.9994693198136508,221,185,0.5331325301204819
0.9998725323609756,52,458,0.7193169690501601
0.9972329607698801,82,330,0.7515451174289246
0.997860537234469,209,615,0.6544789762340036
0.9992001322802948,275,681,0.6706896551724137
0.998724192226708,271,135,0.4169381107491857
0.9963514083559221,114,296,0.7251612903225807
0.9980869198078437,136,542,0.713026444662096
0.9990544678512333,239,167,0.49226006191950467
0.999559909577236,13,405,0.7375565610859729
0.9993728687417828,8,402,0.7128263337116912
0.996679521527074,125,529,0.6785714285714286
0.9997404600698752,22,384,0.7161066048667439
0.9975264782976897,144,262,0.6585695006747638
0.9998030289902763,155,561,0.6903846153846154
0.9969366746738169,279,127,0.39603960396039606
0.9995885922645886,272,678,0.6637856525496975
0.9995864298112153,23,423,0.7095343680709535
0.9994446961022996,95,501,0.7183673469387755
0.9896223013334445,246,160,0.4788732394366197
0.9936721129280657,133,539,0.7328094302554028
0.9969299935955509,35,425,0.6902654867256637
0.9993147865785403,99,307,0.6946564885496184
0.9937494334695942,220,624,0.6346328195829556
0.998629997641576,219,187,0.5375375375375375
0.9956631189917112,65,347,0.7506053268765133
0.9997986213530087,125,531,0.7069306930693069
0.9972392902041854,99,309,0.733502538071066
0.9993408112143126,182,588,0.6916588566073102
0.9931579512167615,186,222,0.6134094151212554
0.9957492761575869,128,280,0.7035573122529645
0.9970012490636804,298,108,0.3441226575809199
0.9998523770396655,42,364,0.730723606168446
0.9907099441094972,111,507,0.6572008113590264
0.9985943211640069,356,762,0.6172441579371475
0.9982016249688763,63,469,0.7383966244725738
0.9960012053507254,85,321,0.6875
0.9961059214685207,145,261,0.6783783783783783
0.9963413400358098,123,285,0.7120418848167539
0.9985185858460109,150,556,0.6975845410628019
0.9988178750442904,48,364,0.7425860023724793
0.9997042244156154,62,344,0.7314702308626975
0.9990973177086128,118,288,0.7014341590612777
0.9896320625930269,298,702,0.5977984758679086
0.9976024332361771,20,386,0.7052023121387283
0.9995496221075839,289,695,0.6592844974446337
0.9983753669123141,17,423,0.738359201773836
0.9953041587960266,186,590,0.6492048643592142
0.9987205032617847,245,161,0.478125
0.9992595536732816,280,126,0.3933884297520661
0.9988107523702832,195,211,0.5884057971014492
0.9993623844143065,141,547,0.6978557504873294
0.9994729120764851,79,485,0.7178423236514523
0.9978247428619826,99,505,0.7276422764227642
0.9976745122419034,55,451,0.6838709677419355
0.9993132128148331,280,686,0.6540772532188841
0.9969770269171733,256,150,0.4546899841017488
0.999317834892123,178,584,0.6754468485418627
0.999170930290165,364,770,0.6261008807045636
0.9980658244668749,235,171,0.5046153846153846
0.9974857218207628,138,268,0.6854082998661312
0.9977323405621618,152,254,0.6657571623465212
0.9997255657503724,41,365,0.7227488151658767
0.9990670990906757,330,736,0.6403292181069958
0.9924419457151379,44,362,0.6801426872770512
0.9971359045250355,221,627,0.650994575045208
0.9982987933002335,184,590,0.666043030869972
0.9961316437532808,213,619,0.644808743169399
0.998439635183551,230,176,0.516030534351145
0.9993452524461373,266,672,0.6550825369244135
0.9974343736393642,245,651,0.6407079646017699
0.9973144473504375,298,108,0.3441226575809199
0.9995394157986139,54,460,0.7284345047923323
0.9992908470030732,183,589,0.6722846441947565
0.9966785832342382,165,571,0.7161904761904762
0.9944819262064648,73,341,0.7560975609756098
0.9997120648200636,49,357,0.7177033492822966
0.998965491411301,341,747,0.6264274061990212
0.9988848528578305,45,449,0.6982758620689655
0.9912858408426674,149,257,0.6331521739130435
0.9998085433641161,87,493,0.7139917695473251
0.9977695374289083,74,336,0.7460122699386503
0.99653753099248,286,692,0.623398804440649
0.9966344748368445,193,599,0.7050092764378478
0.9987379297317708,187,219,0.6045845272206304
0.9994780363453061,84,322,0.7066167290886392
0.9996021913098421,151,557,0.7027027027027027
0.9966139204624329,148,554,0.7163601161665053
0.9980423902226172,117,291,0.7116883116883117
0.9944500660077707,102,508,0.7396149949341438
0.9974676736944892,304,710,0.6274179983179142
0.9947200086337384,251,657,0.6285211267605634
0.9924911141749331,360,766,0.5927710843373494
0.9989592979250623,227,179,0.5197568389057751
0.9992703012627766,178,228,0.6138613861386139
0.9998133651249407,8,412,0.7182940516273849
0.9960540524145056,68,338,0.6952264381884945
0.9987394268873294,12,396,0.7062857142857143
0.9935747348662034,222,184,0.5339366515837104
0.9961728211040731,19,393,0.6972477064220184
0.99931335237353,193,213,0.5924855491329479
0.9982741377211485,105,511,0.7191919191919192
0.996468092299152,225,631,0.645045045045045
0.99890556971059,78,482,0.6888657648283039
0.9966123933229472,55,363,0.7600950118764845
0.9969214524149245,265,141,0.432258064516129
0.9961374548267122,172,578,0.6603595080416272
0.9955804468686585,126,280,0.6613965744400527
0.9994742054669271,117,523,0.7085828343313373
0.9982783871186339,40,366,0.7076923076923077
0.9992006121801106,212,194,0.5557206537890045
0.9995461858867573,17,393,0.7339449541284404
0.9993762586523559,87,493,0.6954732510288066
0.9994903680594465,125,531,0.7089108910891089
0.992302519983681,33,377,0.6799065420560748
0.9982672717158355,158,248,0.6547455295735901
0.9981085499929969,251,657,0.6725352112676056
0.9980234315896601,147,259,0.6558265582655827
0.9993423969087973,300,706,0.6447257383966245
0.9970410231352929,29,401,0.7545454545454545
0.9944455180268867,36,416,0.7642458100558659
0.9984549539875488,68,338,0.7368421052631579
0.996379080223872,74,338,0.7515299877600979
0.99473865235697,418,824,0.580199539524175
0.9999608778825697,92,498,0.714431934493347
0.999598325738019,202,204,0.5739385065885798
0.9986295631101104,270,676,0.6476190476190476
0.9995377310472816,123,529,0.6964285714285714
0.9996642018384718,126,280,0.6903820816864296
0.9964456652636667,205,611,0.6495412844036698
0.9987248061907836,259,147,0.4472843450479233
0.9882571722265676,43,367,0.6713947990543735
0.9995969102140938,116,290,0.7022106631989596
0.9997068882756003,265,671,0.6573913043478261
0.999791032122818,170,576,0.6843601895734597
0.9964488014882397,153,253,0.639344262295082
0.9998880852279846,187,219,0.6017191977077364
0.992615490957735,69,475,0.7547169811320755
0.9996486550938353,188,218,0.6025824964131994
0.9982142075433065,123,283,0.6771653543307087
0.9995892114091333,126,532,0.7042532146389713
0.9984078082654461,295,111,0.3525423728813559
0.9994736335745397,85,491,0.6969072164948453
0.9952943856056669,51,457,0.7457264957264957
0.9937941792216664,69,337,0.6838235294117647
0.9998722505748553,135,541,0.7019607843137254
0.997670654362292,32,374,0.6987104337631888
0.9969751052771196,74,332,0.6929716399506781
0.9953236618491866,99,311,0.7367088607594937
0.9979339112004764,305,101,0.32413793103448274
0.9995926997486184,119,287,0.6997389033942559
0.999421668446371,123,529,0.7003968253968254
0.9994592477259248,17,395,0.7368421052631579
0.9956440682091985,48,454,0.7502679528403001
0.9986985267701238,283,123,0.3853820598006645
0.9987844942994352,50,358,0.7407407407407407
0.9975744348416924,205,201,0.5676470588235294
0.9992979323149096,38,368,0.7154663518299882
0.9969546573377995,134,272,0.6924101198402131
0.9995239849081037,173,579,0.6824196597353497
0.9995503721767105,21,391,0.7310344827586207
0.9983952721582539,160,246,0.6510344827586206
0.9942168728444034,53,379,0.7668997668997669
0.998019687523384,81,483,0.6798336798336798
0.9940419872731748,94,318,0.7478042659974906
0.9896751633106963,45,407,0.672686230248307
0.9992924314416862,126,532,0.7082096933728981
0.999190916382819,92,314,0.7263556116015133
0.9965079242978276,209,197,0.5621301775147929
0.9983598595706392,202,204,0.5768667642752562
0.99964673941917,260,666,0.6637554585152838
0.9999590680150605,52,458,0.7107790821771611
0.9974654881644811,14,398,0.7046750285062714
0.99967237379294,165,571,0.6952380952380952
0.9928625079673162,32,400,0.6848691695108078
0.9984054531928143,270,136,0.4195121951219512
0.9994372186446536,115,521,0.698
0.9981181421809076,161,245,0.649171270718232
0.9994647457734378,31,375,0.7330210772833724
0.9991471473846408,338,744,0.6361406377759607
0.9996743893093725,13,419,0.7216035634743875
0.9922492787333005,408,814,0.5738592420726991
0.9971306454070349,88,490,0.6790505675954592
0.9994681777556987,29,377,0.735981308411215
0.9996527562985088,64,342,0.7332521315468941
0.9967431232446252,116,292,0.7159533073929961
0.9892118285942065,468,874,0.5513673318551368
0.9981933886510048,236,170,0.50231124807396
0.9979567005548281,257,149,0.45222929936305734
0.9926777278571646,115,515,0.6599597585513078
0.9995901297650125,181,225,0.6107954545454546
0.9977921360478081,72,334,0.7011070110701108
0.9975579551416734,25,381,0.6976744186046512
0.99987551050275,39,445,0.7186147186147186
0.9996359081572506,57,349,0.7342995169082126
0.9937790531939111,282,686,0.6145922746781116
0.9990482030942991,21,427,0.7328918322295805
0.9986366606666919,277,129,0.40131578947368424
0.992959615388916,244,648,0.6264418811002662
0.9995419123137497,182,224,0.6088193456614509
0.9986171897952337,268,138,0.4246353322528363
0.9996380481619245,194,600,0.6839666357738647
0.9960316726311775,171,577,0.6590909090909091
0.9996336851080877,27,381,0.7348837209302326
0.999728230395277,120,286,0.6901960784313725
0.9893362859097548,50,358,0.6810035842293907
0.9988112955346149,215,191,0.5462686567164179
0.9995634090625787,249,157,0.46855345911949686
0.9871396370451447,91,473,0.6533613445378151
0.99861651570632,296,702,0.6435224386113463
0.9867532544289447,88,462,0.6482465462274176
0.9951174999024287,39,399,0.7608200455580866
0.9978769415822109,82,488,0.7238883143743536
0.9967608785959047,29,429,0.7466960352422908
0.9931334645523646,66,340,0.6837606837606838
0.9968956232241211,297,109,0.3469387755102041
0.9990762112217862,119,287,0.7023498694516971
0.9937572631991365,249,157,0.4716981132075472
0.9921010520128443,82,324,0.6799501867995019
0.9956482193347556,33,423,0.7583148558758315
0.999189192542493,55,351,0.7156626506024096
0.9987776705227942,205,201,0.5676470588235294
0.9967729771889373,145,551,0.6660194174757281
0.9988982435854341,13,401,0.7363636363636363
0.9995817477660714,62,344,0.7193195625759417
0.9999034332309897,118,524,0.7018943170488534
0.9995289171856017,185,591,0.6728971962616822
0.9986088181572307,247,159,0.47335423197492166
0.9986334658871203,265,141,0.432258064516129
0.9900940401836065,164,564,0.6481303930968361
0.9996365594834971,31,435,0.7089715536105032
0.9995483392350638,77,483,0.7193347193347194
0.9944163789873051,87,319,0.6791979949874687
0.9982825935025276,17,413,0.7443946188340808
0.9987877576809758,226,180,0.5220030349013657
0.9980365763234752,177,229,0.6129943502824858
0.9985642085102095,354,760,0.6263115415657788
0.9992927012970293,154,252,0.6538987688098495
0.998490020268656,300,706,0.6329113924050633
0.998576547288626,270,136,0.4195121951219512
0.9997142549026051,16,392,0.7256027554535017
0.9944198847520046,222,184,0.5279034690799397
0.9994765660339961,10,414,0.7278835386338186
0.99935066619329,246,160,0.4757433489827856
0.9983887155682294,208,614,0.6605672461116194
0.994464344008439,162,564,0.6558005752636625
0.9975918405898024,176,230,0.6262341325811002
0.9997945068047027,177,229,0.6214689265536724
0.9937461628667936,39,413,0.7668161434977578
0.9989081550786193,204,610,0.6648301193755739
0.9878659471276667,463,869,0.5489614243323442
0.9992801229611648,150,256,0.6557823129251701
0.9996465962498433,5,401,0.7159090909090909
0.9995387269532128,26,380,0.7124563445867288
0.9898203754691106,96,310,0.6615969581749049
0.9979311680636166,159,247,0.6556473829201102
0.9993870718611255,42,366,0.7408284023668639
0.9920070491050673,43,413,0.6771300448430493
0.9963506305006433,120,526,0.7263681592039801
0.996497409044521,199,605,0.7084870848708487
0.9987086919493092,277,683,0.648881239242685
0.9995865227456906,43,367,0.7257683215130024
0.9997275225548223,161,245,0.6408839779005525
0.9996442907841273,214,192,0.5484351713859911
0.9883167308234925,56,352,0.6738868832731648
0.9893185512803514,175,235,0.6386554621848739
0.9984040973227754,157,249,0.6565934065934066
0.9991433139945194,243,163,0.48286604361370716
0.9977325221925466,202,204,0.5768667642752562
0.9999053589526252,36,442,0.7187839305103149
0.9951284625598817,69,465,0.673728813559322
0.9947498117152634,117,519,0.6673346693386774
0.9986640298696616,179,585,0.6691729323308271
0.9996160208074765,91,497,0.7008196721311475
0.99913244018996,229,635,0.6570915619389587
0.996603259057105,81,481,0.6729166666666667
0.9994199665837926,129,535,0.7001972386587771
0.998852753886608,27,379,0.7132867132867133
0.998301086050253,177,583,0.704331450094162
0.9994705306305561,244,162,0.48049921996879874
0.9994369874073527,43,365,0.7369668246445498
0.9980899827209303,97,309,0.6878172588832487
0.9988759710221171,249,157,0.46855345911949686
0.9995772387171973,136,542,0.6953966699314398
0.9973474714278471,30,392,0.7508610792192881
0.9990474856778263,72,334,0.7306273062730627
0.9934158376353527,105,511,0.7333333333333333
0.9911127271488412,51,393,0.7729357798165137
0.9994749782987208,60,346,0.7345454545454545
0.9992977304336003,132,538,0.6922320550639135
0.9993108316828719,45,361,0.7285714285714285
0.9988056359506575,71,477,0.7280334728033473
0.9984310985554578,144,262,0.6585695006747638
0.9993815942215211,144,550,0.7016520894071915
0.9927604068875094,452,858,0.5669409124906507
0.995167485934432,231,175,0.5137614678899083
0.9947359348084877,66,358,0.7646356033452808
0.9985682210189734,370,776,0.6151394422310758
0.998571752215066,147,259,0.6558265582655827
0.9995208300024455,1,407,0.7246049661399548
0.9978539143972338,48,364,0.7497034400948992
0.9994453763135859,246,652,0.6578249336870027
0.9954183947321493,187,219,0.5931232091690545
0.9989497363490146,37,369,0.7122641509433962
0.9992301838673509,240,646,0.6684444444444444
0.9946651046097731,373,779,0.5945945945945946
0.9987497545448626,25,431,0.7406593406593407
0.9948750632124171,307,713,0.6140939597315436
0.9991419689563705,283,123,0.3853820598006645
0.9960352796504994,41,435,0.687089715536105
0.9990029593892615,36,432,0.7025246981339188
0.9943849713732265,189,595,0.7169459962756052
0.9987909339364459,273,133,0.4117647058823529
0.999652420980875,148,554,0.6931268151016456
0.9978284384202302,58,464,0.7401908801696713
0.994911249416745,57,463,0.7452229299363057
0.9998824551570025,86,320,0.7058823529411765
0.9998754519477514,116,522,0.7092907092907093
0.9943597657225176,125,531,0.7267326732673267
0.9998294201834806,10,398,0.7320410490307868
0.9986942216433502,119,287,0.7023498694516971
0.9984725510990461,147,553,0.7034883720930233
0.9977598609406377,73,335,0.7444717444717445
0.9925641118505061,186,588,0.6391752577319587
0.9985264601589838,200,206,0.581021897810219
0.9888680228403648,82,352,0.7749699157641395
0.9972378888088126,45,375,0.7587822014051522
0.9992538699138019,174,580,0.6817752596789424
0.9989206101821135,39,367,0.7163120567375887
0.9995856215010578,47,453,0.7188841201716738
0.9952313998929821,325,731,0.6082644628099173
0.9966332343499804,264,142,0.43478260869565216
0.9988748217429049,124,530,0.707631318136769
0.9973515140775217,265,141,0.432258064516129
0.9996779487625694,109,515,0.7062374245472837
0.9996875612014041,116,290,0.7022106631989596
0.9993427741411354,169,575,0.681214421252372
0.9992334221314659,65,343,0.7420924574209246
0.997475657582232,101,503,0.6761710794297352
0.9997758338824638,314,720,0.6388657214345288
0.9990507526699969,292,114,0.3608768971332209
0.9904046780627763,106,502,0.6523955147808359
0.9989108123452798,207,199,0.5634218289085545
0.9991491016773483,17,407,0.7426636568848759
0.9996955050582496,152,558,0.6943105110896818
0.9994168947226232,146,552,0.6867119301648884
0.9900849162787027,183,225,0.6193181818181818
0.9975019988545529,212,194,0.5527488855869243
0.9977884618393728,87,319,0.7368421052631579
0.9970484206881284,177,229,0.6242937853107344
0.9990844663777272,126,280,0.6903820816864296
0.994014346802007,294,700,0.6123833757421544
0.9977870045577274,160,246,0.6510344827586206
0.9980570939636517,252,154,0.46445497630331756
0.9971585946655556,113,293,0.7124352331606217
0.999261396664396,82,488,0.703205791106515
0.9966193544605103,69,337,0.696078431372549
0.9882718805201358,123,297,0.7371134020618557
0.9996357021943594,148,258,0.6594301221166893
0.9991466100287137,100,506,0.7126903553299493
0.9987871096513915,136,270,0.6862483311081442
0.9943912606196506,41,365,0.6872037914691943
0.9996487488132302,18,394,0.7353951890034365
0.9989245369776621,84,322,0.7290886392009988
0.9985228470172895,34,372,0.7074030552291422
0.9982380278110015,272,134,0.41435562805872755
0.9993178303395897,230,636,0.6690582959641256
0.9995498250877808,139,545,0.693359375
0.997930365090912,335,741,0.6229508196721312
0.9963639036472975,61,345,0.6941747572815534
0.9983341732351948,181,225,0.6164772727272727
0.9918936655915812,196,212,0.5933429811866859
0.9980106158941222,270,136,0.4195121951219512
0.9998679724493142,122,284,0.6920052424639581
0.9973744649683177,225,181,0.5242424242424243
0.9999579892216245,34,372,0.7285546415981199
0.9977613345486098,324,82,0.2709447415329768
0.9934114741105639,133,277,0.7037037037037037
0.9986338914705029,53,355,0.7458033573141487
0.9959212498342515,65,463,0.6794055201698513
0.9992847882090301,131,275,0.6896551724137931
0.998982796061772,36,370,0.7137809187279152
0.9964165761449688,291,115,0.36363636363636365
0.9992515412144669,163,569,0.6927480916030534
0.9994691879471655,89,317,0.7211055276381909
0.9896258160462266,108,298,0.646074646074646
0.9977704041370806,167,239,0.6406685236768802
0.9980297490931883,131,275,0.6949602122015915
0.9981147485027207,134,540,0.7124631992149166
0.9937181304068001,169,237,0.6424581005586593
0.9992937289137104,16,402,0.7400681044267877
0.996231149418088,126,528,0.6772591857000994
0.9999311666366327,56,350,0.7285886610373945
0.9950510461011836,67,463,0.6794055201698513
0.9970277324064406,60,346,0.7006060606060606
0.9923209842743025,47,421,0.6755555555555556
0.9995614411122711,117,523,0.6986027944111777
0.9996390068626687,150,556,0.6956521739130435
0.9935775318485447,40,438,0.7568157033805889
0.9987747999149986,262,668,0.6573670444638187
0.9998030046577701,12,396,0.7291428571428571
0.9976984354910439,158,248,0.640990371389271
0.993056345107226,307,713,0.6040268456375839
0.9934083758760976,89,485,0.6618257261410788
0.9974616078361704,438,844,0.5910808767951625
0.999866571681877,131,537,0.7007874015748031
0.9988388261170451,59,347,0.711864406779661
0.9991527060279436,37,443,0.7331887201735358
0.9972596855538953,293,699,0.6689303904923599
0.9967574123911511,392,798,0.5967110415035238
0.999505128314689,174,232,0.6244725738396625
0.997331506164104,57,353,0.7475961538461539
0.9988355275711083,24,382,0.7061556329849012
0.9925894371229552,97,319,0.7518796992481203
0.996501314961209,93,317,0.7462311557788944
0.9887946694392497,108,500,0.6496424923391215
0.9989186698609743,250,156,0.46614173228346456
0.9998986158657146,131,537,0.7007874015748031
0.994256689301672,37,431,0.756043956043956
0.9994886787555807,160,246,0.6427586206896552
0.9993588174258821,9,399,0.7107061503416856
0.9987675323448415,301,105,0.3356164383561644
0.9997782228636205,160,246,0.6482758620689655
0.9989420778889191,138,268,0.6854082998661312
0.9996565279939531,45,365,0.7274881516587678
0.99514936481064,84,484,0.6708203530633438
0.9968778578258713,43,363,0.6959619952494062
0.9993975941787083,117,289,0.7005208333333334
0.9979934933449878,14,398,0.7092360319270239
0.9995484646652085,196,210,0.5863570391872278
0.9991232244494681,276,130,0.4039408866995074
0.9979680942901006,418,824,0.6001534919416731
0.9987491225276373,117,289,0.6901041666666666
0.9995200625081048,217,623,0.6823956442831216
0.9995472715874854,91,315,0.6977329974811083
0.9984767720824436,253,153,0.4620253164556962
0.9907024214404846,73,465,0.6673728813559322
0.9982982677180998,21,417,0.75
0.999434094350858,255,661,0.6666666666666666
0.9996377133152426,255,661,0.6596491228070176
0.9997682157672335,61,467,0.718816067653277
0.9997344155613681,81,325,0.7114427860696517
0.9981597931521593,227,633,0.6528776978417267
0.9994654401132759,46,452,0.7303974221267454
0.999322129187007,262,668,0.6573670444638187
0.9949143938044812,183,587,0.651031894934334
0.999623529190953,4,404,0.7202718006795017
0.9959380196405382,449,855,0.5817091454272864
0.9981820696400739,104,302,0.6811779769526248
0.9993995046729044,51,457,0.7307692307692307
0.9991653702340071,147,259,0.6666666666666666
0.9968100797083533,33,395,0.7574370709382151
0.9930988288781251,328,734,0.6018136850783182
0.9952353822608349,48,442,0.6840390879478827
0.9997509428275122,72,478,0.7001044932079414
0.9982633380129952,173,579,0.7069943289224953
0.9997955348923355,57,349,0.7294685990338164
0.9979160615018665,119,287,0.6788511749347258
0.9993372501912771,146,260,0.6684709066305818
0.9982983998985527,478,884,0.5928099779897286
0.9987261243846839,253,659,0.648506151142355
0.9925524724354129,85,481,0.6625
0.9927347872702272,45,431,0.6813186813186813
0.9992053400645565,115,291,0.6883116883116883
0.9982672852164518,300,106,0.3384615384615385
0.9989824970074217,247,159,0.47335423197492166
0.9999280181673147,80,326,0.715527950310559
0.9981033908737478,99,309,0.733502538071066
0.9876535420877542,148,264,0.6890982503364738
0.999546452602422,3,407,0.7268623024830699
0.9992647751151437,15,391,0.7103448275862069
0.9992293107228383,289,695,0.6609880749574105
0.9989533510605481,95,499,0.689161554192229
0.9976456361503725,24,382,0.7015098722415796
0.9945995732459885,224,182,0.5264750378214826
0.9977539423332273,213,619,0.6939890710382514
0.9934871309366043,143,263,0.6415094339622641
0.9990456863282389,246,160,0.4757433489827856
0.998467841110766,170,236,0.634965034965035
0.9969751173648806,130,532,0.6844708209693373
0.9963149202715335,276,130,0.4039408866995074
0.9970200679809564,150,554,0.6679574056147144
0.9984337961669836,149,555,0.6789168278529981
0.9961955432693109,100,500,0.6700715015321757
0.9997594507275499,210,196,0.557037037037037
0.994534591953828,167,571,0.6571428571428571
0.9930692491847055,186,220,0.6094420600858369
0.9986430547783686,46,452,0.7346938775510204
0.9988955814522723,203,203,0.5718475073313783
0.9969711147461033,183,223,0.6011396011396012
0.9954445228203191,289,117,0.3691275167785235
0.9989910527875522,115,521,0.686
0.9990227888119724,32,380,0.740395809080326
0.9994866580586789,105,301,0.6923076923076923
0.996482668726235,197,209,0.5872093023255814
0.9969702409736549,404,810,0.6004654771140419
0.9917206881597898,83,489,0.7479338842975206
0.9995308730481482,152,558,0.6846673095467696
0.9990566697075682,271,677,0.6643598615916955
0.9946244930289956,105,511,0.7292929292929293
0.9995424502976126,211,195,0.5548961424332344
0.9954248944939982,59,465,0.7457627118644068
0.9990052177598043,275,131,0.4065573770491803
0.9991057326741751,342,748,0.6291768541157294
0.9977605932705822,257,149,0.45222929936305734
0.9997931248753348,123,283,0.6902887139107612
0.9989885627087567,37,433,0.6973684210526315
0.99897267797776,24,400,0.7485779294653014
0.999562343926743,267,673,0.6579861111111112
0.9989567119290975,294,112,0.3553299492385787
0.9988791268696787,421,827,0.6079632465543645
0.9957207022600848,63,459,0.6780383795309168
0.9988239393327701,86,320,0.7008760951188986
0.9954222722347497,78,484,0.7372793354101765
0.999600491802022,211,617,0.6751824817518248
0.999538733860505,27,379,0.7156177156177156
0.9997756883583784,156,562,0.6954851104707013
0.9983934090731987,30,436,0.7431693989071039
0.9992884448352679,232,638,0.6589077887197852
0.988583403945547,222,186,0.5383458646616541
0.9991209971617396,171,577,0.6893939393939394
0.9997435670954404,31,375,0.7189695550351288
0.9995651581773145,244,650,0.6678476527900797
0.9998455794793376,101,507,0.7119675456389453
0.9994884947704371,107,513,0.7157258064516129
0.9977039770231001,300,106,0.3384615384615385
0.9901312659353926,77,483,0.762993762993763
0.9991308110109323,136,270,0.6728971962616822
0.9996846059792807,110,516,0.699497487437186
0.9993133415416401,117,523,0.7125748502994012
0.991105237760418,218,188,0.5427286356821589
0.991436603167253,77,345,0.7694174757281553
0.9998560854705937,170,576,0.6843601895734597
0.9966273846585069,433,839,0.5842185128983308
0.9961838443573158,105,301,0.6717948717948717
0.9994917939443093,192,214,0.5916305916305916
0.9997025245938276,189,217,0.6005747126436781
0.9929146336900257,169,239,0.6462395543175488
0.9999008696837239,135,541,0.6980392156862745
0.999856051405085,8,408,0.7328072153325818
0.9992035796469791,161,245,0.649171270718232
0.9987500984966116,282,688,0.6580976863753213
0.9987740366592237,94,500,0.6945863125638406
0.9993356141049571,15,421,0.7288888888888889
0.9996144737310341,101,507,0.6977687626774848
0.998014272677344,12,396,0.7062857142857143
0.9936045682456232,329,735,0.6029654036243822
0.9996901603840178,121,527,0.6938369781312127
0.9988997779461797,305,711,0.6487394957983194
0.9968399036687384,198,208,0.5764192139737991
0.9976924099775901,98,500,0.6782431052093973
0.9952305972342455,204,608,0.6458141674333027
0.9980540399986482,98,308,0.6861499364675985
0.9990741729426867,27,385,0.7361111111111112
0.9993743647984541,33,373,0.7183098591549296
0.9997828639359638,14,398,0.7320410490307868
0.9973097511767415,305,711,0.6218487394957983
0.9948507297643173,269,137,0.42207792207792205
0.9989218784551301,217,189,0.5419161676646707
0.9995739075186071,143,549,0.688715953307393
0.9935112034774443,95,491,0.6597938144329897
0.997468247470684,252,154,0.46445497630331756
0.9927845249536834,150,552,0.6576139670223085
0.9943824557060535,195,211,0.591304347826087
0.9973661573797507,251,155,0.4668769716088328
0.9946669333153517,39,399,0.765375854214123
0.998679102522887,56,350,0.7141133896260555
0.9946836321649106,170,236,0.6181818181818182
0.9907746594709125,195,213,0.5953757225433526
0.9968665312797126,233,173,0.50920245398773
0.9979692950600355,79,331,0.745679012345679
0.9985870548497209,275,681,0.6706896551724137
0.9982116361468452,26,400,0.7508532423208191
0.9921656965745159,215,191,0.5492537313432836
0.9998768721811937,124,530,0.7036669970267592
0.9974758172348696,142,548,0.7185978578383642
0.9963475255158686,256,662,0.6292725679228747
0.9961767398934421,167,239,0.6239554317548747
0.9984935175562238,160,566,0.7043062200956938
0.999939207666519,111,517,0.7048192771084337
0.9979383039242724,112,516,0.6834170854271356
0.9993047389803043,210,196,0.557037037037037
0.9933548167332973,186,222,0.6134094151212554
0.9935923304078617,42,396,0.7634285714285715
0.9966466897549551,69,467,0.6765327695560254
0.9945560452181135,55,461,0.7425531914893617
0.9993185344124302,123,283,0.6902887139107612
0.9983797247856817,162,244,0.6500691562932227
0.9990873826678408,53,355,0.7410071942446043
0.9985330249121718,127,279,0.6807387862796834
0.9996012922629839,78,484,0.7165109034267912
0.997355647306913,370,776,0.6055776892430279
0.9996651996282099,50,360,0.734207389749702
0.9999347516782071,131,275,0.6816976127320955
0.9967126204858091,356,762,0.6075745366639806
0.9932368723662461,265,141,0.432258064516129
0.993839068457033,149,257,0.6331521739130435
0.9986021945350764,23,395,0.7459954233409611
0.9999176302279598,14,420,0.7252502780867631
0.9987756749433182,232,174,0.5114854517611026
0.9984292988919028,67,339,0.7041564792176039
0.999077172591257,49,363,0.7458432304038005
0.999797977248022,11,401,0.7340909090909091
0.9951220786521592,256,662,0.6976336546888694
0.9983029736247981,109,513,0.6834677419354839
0.9955706502876959,188,218,0.6054519368723099
0.9997992039203022,163,243,0.6426592797783933
0.9997214268695604,191,597,0.6802973977695167
0.9932891288565536,40,424,0.7619047619047619
0.999553056130636,151,557,0.6872586872586872
0.9986839128238862,297,703,0.637901861252115
0.9892755216763939,292,694,0.6035805626598465
0.9973889126685939,199,207,0.5830903790087464
0.9969411391392602,200,206,0.581021897810219
0.9986074140931315,213,193,0.5535714285714286
0.9929860784807516,74,468,0.6673706441393875
0.9973162498397029,72,472,0.6813880126182965
0.9988186541554404,241,165,0.48757763975155277
0.9997296975669085,53,459,0.7142857142857143
0.9993366062432741,259,147,0.4472843450479233
0.9955227122677949,66,462,0.6758767268862912
0.9967595753154761,79,331,0.7506172839506173
0.99623842279665,190,216,0.5985611510791367
0.9985326701285331,110,516,0.7195979899497488
0.9954504970000341,209,613,0.6465201465201466
0.9991554504206746,31,437,0.7358078602620087
0.999694808363653,247,653,0.6731448763250883
0.996893494208321,322,728,0.6164043082021541
0.9953505924391091,106,512,0.7285570131180625
0.9928722133406265,255,659,0.6203866432337434
0.9991374876936487,81,325,0.7089552238805971
0.9998927289690541,65,341,0.7292682926829268
0.99960980612841,135,541,0.7019607843137254
0.997497984932934,37,395,0.7574370709382151
0.9997463858985455,138,544,0.6999022482893451
0.9938330441994504,86,330,0.7639060568603214
0.9991463919780613,34,432,0.7025246981339188
0.9995036434038754,64,342,0.7137637028014616
0.9990084407964799,34,440,0.735582154515778
0.9991381732423877,268,674,0.6608846487424112
0.9972481627778481,36,442,0.747014115092291
0.9993296038189428,173,579,0.6786389413988658
0.9983291426857687,22,410,0.749156355455568
0.9931080995629862,68,474,0.751311647429171
0.9918561385876697,52,458,0.7577374599786553
0.9988027155789623,168,238,0.6304044630404463
0.999433717275504,97,503,0.7209775967413442
0.9897886025534712,181,225,0.59375
0.9987285937416032,311,95,0.30662020905923343
0.9918017342434929,235,637,0.6236559139784946
0.9986480038531452,286,120,0.3772954924874791
0.9985766386532621,286,120,0.3772954924874791
0.9925421391264588,64,342,0.6845310596833131
0.9977464595381282,33,395,0.7551487414187643
0.999105983220497,31,429,0.7026431718061674
0.999886577083552,21,385,0.7199074074074074
0.9978247715900385,133,273,0.6914893617021277
0.9987063988853221,119,287,0.7023498694516971
0.9942779805585616,151,555,0.6595744680851063
0.993324841440422,433,839,0.5735963581183612
0.9949088522724249,228,178,0.5205479452054794
0.9976747037622747,56,356,0.7473053892215569
0.9988676345485102,61,345,0.7111650485436893
0.9977920630502897,158,248,0.6547455295735901
0.9904424011395921,215,191,0.5373134328358209
0.9984866931516473,57,353,0.7451923076923077
0.9988109336867002,64,342,0.7161997563946407
0.999772708332797,76,330,0.7243510506798516
0.9989405914082663,9,399,0.7107061503416856
0.9991800477587288,50,358,0.7383512544802867
0.9947115903715141,181,587,0.724202626641651
0.9997799416804615,37,369,0.7264150943396226
0.9980589545369641,146,260,0.6549391069012178
0.9992702449055526,126,532,0.6983184965380811
0.9975565923643424,146,260,0.6549391069012178
0.9983896472677408,28,396,0.752
0.9869385415971286,234,636,0.611659192825112
0.9906227701588302,158,252,0.667578659370725
0.9928018963223166,100,506,0.7370558375634517
0.9993391129623641,26,380,0.7124563445867288
0.9968368167371137,46,442,0.6883821932681867
0.9977448967632949,169,575,0.6698292220113852
0.9940087603725521,203,203,0.5747800586510264
0.9989411626727184,307,99,0.31833910034602075
0.9996299967711002,119,525,0.7091633466135459
0.9994624602446782,198,208,0.5793304221251819
0.9965836321436391,418,824,0.5909439754412893
0.998522678573553,291,697,0.6683673469387755
0.9948829987491155,135,541,0.7274509803921568
0.9960762158740045,22,388,0.6920415224913494
0.9994213131917807,35,373,0.7370892018779343
0.9857769380492094,61,419,0.6592427616926503
0.9978999144507545,109,513,0.6834677419354839
0.9998578680229026,35,441,0.7195652173913043
0.9997676324150204,34,372,0.7215041128084606
0.999119362331291,35,371,0.7129411764705882
0.9917867779153455,66,358,0.7718040621266428
0.9990418738169776,258,148,0.44976076555023925
0.9987005097908868,70,476,0.6931937172774869
0.9978588807402407,166,572,0.6698382492863939
0.9999062738548582,54,352,0.7316486161251504
0.9990788501213292,19,405,0.744343891402715
0.999032007221191,47,453,0.7339055793991416
0.9996151329064762,209,197,0.5591715976331361
0.9989950222827242,147,259,0.6666666666666666
0.9997328151103961,107,513,0.7096774193548387
0.9998421781089393,237,643,0.6684491978609626
0.999610629352039,192,214,0.5945165945165946
0.9922766025679199,230,176,0.516030534351145
0.9997551280185781,83,323,0.7082294264339152
0.9993633558307475,225,181,0.5242424242424243
0.9960279970098868,210,616,0.6502283105022831
0.9977384872671947,31,375,0.7072599531615925
0.9989759715002116,291,115,0.36363636363636365
0.993718185351169,58,448,0.6752966558791802
0.9994782928570165,89,317,0.7010050251256281
0.9995800200011477,149,555,0.690522243713733
0.9985649227870044,327,733,0.6287128712871287
0.993412714911396,314,720,0.6071726438698916
0.9990925122741149,411,817,0.6126543209876543
0.9941754958100764,28,380,0.6868451688009313
0.9967075484926304,102,508,0.729483282674772
0.9997748255748038,107,299,0.7017994858611826
0.9994119010644161,159,565,0.6915708812260536
0.9990638667919493,204,202,0.5697503671071953
0.9986878181126388,195,211,0.5884057971014492
0.9965660612484549,275,681,0.6310344827586207
0.9997913346308144,154,560,0.6891241578440809
0.9967771721130056,41,381,0.7534883720930232
0.9986253188930941,464,870,0.5885841363973313
0.9991839602687412,43,365,0.7417061611374408
0.9984258651828186,317,723,0.627287853577371
0.9978840703785905,251,155,0.4668769716088328
0.999731368189689,41,367,0.7281323877068558
0.9992728489546673,236,642,0.6779661016949152
0.99901062318681,208,614,0.6623970722781336
0.9986788874549289,271,677,0.6591695501730104
0.9994097643564044,96,502,0.6952089704383282
0.9992386613125097,218,188,0.5397301349325337
0.9981688169013281,187,593,0.667910447761194
0.9993057775858593,52,356,0.7377245508982035
0.9994406613018207,123,529,0.6984126984126984
0.9989793042686409,35,441,0.7369565217391304
0.997425477204147,254,152,0.4595879556259905
0.998398358304959,35,385,0.7476851851851852
0.9946400345931631,98,504,0.7405900305188199
0.9979278447142217,241,165,0.4906832298136646
0.9981388813253823,164,242,0.6352288488210819
0.995597225466044,77,335,0.7518427518427518
0.9998437076031836,43,363,0.7315914489311164
0.9979181961690873,275,131,0.4065573770491803
0.998530265605969,271,135,0.4169381107491857
0.9988301463196252,28,434,0.7360350492880613
0.9982779455228922,142,264,0.6621803499327052
0.9934532685651103,151,557,0.7393822393822393
0.9997114904159332,44,362,0.72294887039239
0.9984621819977604,120,286,0.7006535947712418
0.9995613134843515,118,524,0.6939182452642074
0.9986784263931826,131,275,0.6923076923076923
0.9954657202008301,244,650,0.6324180690876883
0.9934842480840639,118,294,0.7270375161707633
0.9927378222401775,42,414,0.6786114221724524
0.998866751984963,299,705,0.6385135135135135
0.997425711424142,177,229,0.6242937853107344
0.999706633019761,56,462,0.7162592986184909
0.9993926965946547,201,607,0.6850828729281768
0.9997435088544095,186,592,0.6834733893557423
0.9996058033526488,204,202,0.5697503671071953
0.9985621920518736,379,785,0.6123417721518988
0.997893528659225,124,530,0.7135777998017839
0.9975539335278426,254,660,0.6391571553994733
0.9901709042159222,39,397,0.6757990867579908
0.9981047184866828,69,337,0.7034313725490197
0.9997993547818405,17,395,0.7254004576659039
0.9986151733368975,40,374,0.7456037514654161
0.9954140059329512,142,544,0.6705767350928641
0.9976169886274161,69,337,0.7009803921568627
0.9967075781625896,173,579,0.720226843100189
0.9992179557625918,210,616,0.6684931506849315
0.9967642295744676,220,186,0.5353383458646617
0.9992422790067375,31,381,0.7418604651162791
0.9986373316159273,309,715,0.644891122278057
0.9992329781809656,42,448,0.7292340884573895
0.9957743540233924,237,169,0.5
0.9890463279921258,110,296,0.6425806451612903
0.9950768148531811,190,216,0.6014388489208633
0.9986182013995558,160,566,0.7043062200956938
0.9971252136067321,181,225,0.6193181818181818
0.997539380020411,230,636,0.6493273542600897
0.9994302694378678,160,566,0.6889952153110048
0.9967935810132809,85,491,0.7278350515463917
0.9999454209327304,119,525,0.7051792828685259
0.9991639253540907,171,577,0.678030303030303
0.996520256168952,57,361,0.7571428571428571
0.9946169519928657,252,154,0.46445497630331756
0.9993372884953512,242,648,0.6654835847382431
0.9958085782428013,75,481,0.7375
0.9886231940295184,169,237,0.6089385474860335
0.994162792201051,189,217,0.603448275862069
0.9935407830138799,163,565,0.6513409961685823
0.999752117538118,119,287,0.6971279373368147
0.9973554642636727,163,243,0.6481994459833795
0.998316836089054,237,169,0.5
0.9983932889805069,120,526,0.7124378109452736
0.9978451077568138,132,276,0.6966887417218544
0.9994035098034244,37,369,0.7193396226415094
0.9965556521162721,104,510,0.7280080889787665
0.9998100339263505,2,404,0.7202718006795017
0.9982562159669233,139,267,0.6809651474530831
0.9992226627681775,216,622,0.6830154405086285
0.9997042547135101,94,500,0.7150153217568948
0.9874495584497447,87,493,0.7633744855967078
0.9987901220156585,106,512,0.6942482341069627
0.999578321592215,110,516,0.7075376884422111
0.9997823813674216,37,373,0.7300469483568075
0.9994842656238763,40,446,0.7308108108108108
0.998951018907567,14,402,0.7060158910329172
0.9918028651555875,73,353,0.7716346153846154
0.9970916890646145,136,540,0.677134445534838
0.998223792352973,129,277,0.6984126984126984
0.9996504728105402,24,430,0.7326732673267327
0.9920728021301342,92,498,0.7471852610030706
0.9975550440320288,136,270,0.6862483311081442
0.9968012757366598,62,460,0.6837060702875399
0.9986024322087176,171,235,0.6246498599439776
0.9941165116172818,94,320,0.7509386733416771
0.9964166896443365,50,356,0.6994011976047905
0.9998581184122404,21,427,0.7218543046357616
0.9951586661073635,250,156,0.4692913385826772
0.9941351906618932,40,432,0.7596048298572997
0.9993363949429301,17,397,0.7397260273972602
0.9951350960720226,35,415,0.6868008948545862
0.9997506272898513,38,372,0.7332549941245593
0.9985945757919102,229,177,0.5152439024390244
0.9999550917695803,45,361,0.7285714285714285
0.9925632165712619,296,700,0.6072943172179813
0.9979565024411324,84,322,0.6916354556803995
0.9979843419678992,143,263,0.6765498652291105
0.9989656502790188,287,693,0.6621160409556314
0.9934287176942938,349,755,0.5948136142625607
0.9992428857495532,178,584,0.6773283160865475
0.9990183507198263,192,214,0.5887445887445888
0.9903292136990105,365,769,0.5833333333333334
0.9975752062606309,26,414,0.7525195968645016
0.9950152500018743,161,247,0.6584022038567493
0.998119221916247,249,157,0.4716981132075472
0.9890819071396698,152,552,0.6479146459747818
0.9993267151579973,39,443,0.7071583514099783
0.9982202790530459,242,164,0.48522550544323484
0.9966013537433779,124,530,0.7175421209117938
0.9991386652299648,65,341,0.7219512195121951
0.9996639403032763,234,172,0.5038402457757296
0.9997800741748822,27,433,0.7149122807017544
0.9893602204617369,77,357,0.7727272727272727
0.9993519875268685,206,200,0.5655375552282769
0.9895306045193193,231,175,0.5137614678899083
0.9995491013919514,243,163,0.48286604361370716
0.999785112573504,56,462,0.720510095642933
0.9997222791352129,194,600,0.6784059314179796
0.9870240367618518,71,377,0.7827102803738317
0.9951063909359709,52,354,0.6962785114045619
0.9995505885005398,45,451,0.7204301075268817
0.9976536074794025,54,358,0.7526881720430108
0.9913084900103866,68,448,0.6645091693635383
0.9984860758909095,117,289,0.6822916666666666
0.9991891291209928,258,664,0.6614173228346457
0.9922101283587661,62,450,0.6716899892357373
0.993738823554989,33,407,0.6862302483069977
0.9982872025501529,153,559,0.674373795761079
0.9987250404107788,46,364,0.7473309608540926
0.9996863205575559,48,358,0.7335722819593787
0.9995087387876568,219,187,0.5375375375375375
0.9993838968615266,254,660,0.6602282704126426
0.9966392011514513,50,356,0.6994011976047905
0.9953119948049253,185,221,0.6114285714285714
0.9995803551617976,130,276,0.6887417218543046
0.991556537776327,56,388,0.7704728950403691
0.9977605361284387,218,624,0.6890299184043518
0.9983585793668452,143,549,0.6984435797665369
0.9974317416471133,271,677,0.6314878892733564
0.999651753014334,129,535,0.6903353057199211
0.994128802672589,210,196,0.56
0.9987966406155767,24,396,0.7474285714285714
0.9993710040868887,65,341,0.7146341463414634
0.9942669284202793,67,339,0.687041564792176
0.9891967248581666,210,198,0.5642540620384048
0.999524650990838,228,178,0.517503805175038
0.9901093275908223,105,315,0.7556675062972292
0.999788409235634,19,391,0.7241379310344828
0.9983003632963268,249,157,0.4716981132075472
0.9959074269299412,238,644,0.6375779162956366
0.9923281074192615,90,324,0.7571606475716065
0.9994567468152394,97,503,0.7107942973523421
0.9983759723992585,148,258,0.6512890094979648
0.9998508183464137,77,329,0.7202970297029703
0.9921891173181575,182,224,0.5974395448079659
0.9979258841421581,47,453,0.740343347639485
0.9988611168904957,21,425,0.7411504424778761
0.9962607093315348,274,132,0.40916530278232405
0.9995307867069971,30,380,0.740395809080326
0.9917607922115831,137,269,0.6417112299465241
0.9994531908156887,15,391,0.7149425287356321
0.9996949819878586,17,389,0.716589861751152
0.9983103849922177,90,316,0.6943396226415094
0.9923437591861345,130,536,0.7408866995073892
0.9949682777469934,31,403,0.7573696145124716
0.9982053517669223,39,371,0.7482352941176471
0.9992341687469463,49,357,0.715311004784689
0.9991581452064899,250,656,0.6502202643171806
0.9941404637514619,182,224,0.6173541963015647
0.9950467007865286,35,423,0.7605321507760532
0.9946655355306085,57,449,0.6788793103448276
0.9998273461120493,149,555,0.6924564796905223
0.9979236612499791,222,184,0.530920060331825
0.9976154500281049,150,554,0.6679574056147144
0.9992083908898819,57,349,0.7101449275362319
0.9982277282535882,168,238,0.6387726638772664
0.9993297400809774,213,193,0.5535714285714286
0.9908482393998113,377,783,0.5832012678288431
0.9986465170585246,109,513,0.6895161290322581
0.9986523132184844,210,616,0.6885844748858447
0.9998429248814035,12,418,0.7290969899665551
0.9996175655291603,117,289,0.7005208333333334
0.9936117466489189,128,530,0.6620416253716551
0.9916909251091622,158,248,0.624484181568088
0.9964931927706407,180,226,0.6184397163120567
0.9962943305757417,131,533,0.6739130434782609
0.999340477780486,81,487,0.7080745341614907
0.9970058755365198,102,506,0.6781725888324873
0.9994188601611883,146,260,0.6684709066305818
0.996225064250748,231,637,0.6433691756272402
0.9901133890785662,203,205,0.5789473684210527
0.9989024221831754,242,648,0.6814551907719609
0.9949620588293613,181,585,0.650375939849624
0.9977781462696006,297,109,0.3469387755102041
0.9989743853347753,22,384,0.709154113557358
0.9982319492369857,68,340,0.7423687423687424
0.997564307024678,22,408,0.7485907553551296
0.9969209079947211,195,601,0.7074074074074074
0.9993555953311098,262,144,0.43980738362760835
0.9989555736387592,53,353,0.7115384615384616
0.9995489056330145,7,405,0.7149321266968326
0.9903045725624452,80,486,0.7523316062176166
0.9993145961570564,45,365,0.7345971563981043
0.9969301314274248,75,481,0.7354166666666667
0.9978880149133209,111,517,0.7228915662650602
0.9992740122054474,94,500,0.7191011235955056
0.9897386025498995,166,240,0.6147426981919333
0.9974475138206458,203,203,0.5747800586510264
0.9975442725809793,117,523,0.720558882235529
0.9977465190350305,59,347,0.6997578692493946
0.9942569153585037,27,383,0.691415313225058
0.9993476937029363,234,640,0.6630920464700626
0.9979451570569047,41,375,0.7540983606557377
0.9955201714831964,133,273,0.6595744680851063
0.9996406285064687,120,526,0.700497512437811
0.9927502165908982,152,558,0.7405978784956606
0.9916012001699424,52,354,0.6818727490996399
0.9985386400696823,153,559,0.6724470134874759
0.9985351537709881,179,585,0.7048872180451128
0.999697163436285,120,526,0.6985074626865672
0.9957959024199281,212,194,0.5557206537890045
0.9962254987822137,212,194,0.5557206537890045
0.9999626383001472,25,431,0.7230769230769231
0.9973586940506566,243,163,0.48286604361370716
0.9979679541034681,209,615,0.6544789762340036
0.9954828374125115,154,252,0.66484268125855
0.9991572522820045,282,124,0.3880597014925373
0.999032230923264,344,750,0.629780309194467
0.9976635299614616,54,352,0.7003610108303249
0.9984465798378035,216,190,0.547085201793722
0.9995527655534168,194,600,0.6709916589434661
0.9961401405074608,107,509,0.6720647773279352
0.9937413991900159,51,457,0.7478632478632479
0.995309665006703,265,671,0.6243478260869565
0.9979256709580069,204,202,0.566813509544787
0.9989651878044171,225,181,0.5272727272727272
0.9996493048502427,173,233,0.6235955056179775
0.9996971323534707,37,369,0.7264150943396226
0.9998022586702251,67,339,0.7286063569682152
0.9988426876072865,358,764,0.6355591311343524
0.9951814430599863,36,370,0.690223792697291
0.9992694497820437,117,523,0.6926147704590818
0.999638056168104,266,672,0.6602953953084274
0.9990391928457465,211,617,0.6678832116788321
0.9976724475895066,105,301,0.6794871794871795
0.9992253542573306,148,554,0.6873184898354308
0.9912005447335431,254,152,0.4595879556259905
0.998814267554017,26,432,0.7398463227222832
0.9949795462091048,46,390,0.766398158803222
0.9998591094516703,34,372,0.7238542890716804
0.9971916513956185,222,628,0.6522131887985546
0.9985274678387083,247,159,0.47648902821316613
0.9957031412548869,167,239,0.6239554317548747
0.9997896230352332,185,221,0.6028571428571429
0.9979027668484163,153,559,0.6705202312138728
0.9970771633433348,78,480,0.6777893639207507
0.9993494158164395,74,332,0.7274969173859432
0.9941918274742675,59,449,0.6745689655172413
0.9968154449474776,97,501,0.6755102040816326
0.9996601645262501,8,406,0.7322033898305085
0.9993051802620779,202,204,0.5739385065885798
0.9973423325595222,108,514,0.7230614300100705
0.9997884330971885,122,528,0.6991062562065541
0.9922230437390874,45,441,0.758695652173913
0.9996234064295346,230,176,0.5129770992366413
0.9992066342399184,80,326,0.7080745341614907
0.999316594091291,17,413,0.7130044843049327
0.999749415060091,0,406,0.7231638418079096
0.99732573512157,442,848,0.587792012057272
0.9939205021340124,125,531,0.7405940594059406
0.9995448736582458,159,247,0.6446280991735537
0.9991390074548905,88,318,0.7302383939774153
0.99970507275667,16,396,0.7222857142857143
0.9941322594583081,337,743,0.602291325695581
0.9989634597255254,288,118,0.37185929648241206
0.9990142865633559,122,284,0.6867627785058977
0.9900078199101988,190,220,0.6094420600858369
0.9985236206340027,112,518,0.6900702106318957
0.9981880496281935,83,489,0.7210743801652892
0.9979483871578563,53,357,0.7511961722488039
0.9971178972145788,104,510,0.7300303336703741
0.9983056713933076,110,296,0.7148387096774194
0.9971533220469385,149,555,0.7156673114119922
0.996038470819441,57,349,0.6956521739130435
0.9981690902103172,207,199,0.5663716814159292
0.9914821964754603,171,573,0.6501901140684411
0.9934779429822648,93,321,0.7525
0.9995689849741116,163,243,0.6398891966759003
0.9996431642675824,203,203,0.5718475073313783
0.9991821748907218,221,627,0.6600361663652803
0.9991666490249457,120,286,0.6980392156862745
0.9899064528871595,98,322,0.7565543071161048
0.9994926011555795,190,216,0.5928057553956835
0.9975713745973326,193,599,0.6586270871985158
0.9984411616951011,105,301,0.7205128205128205
0.9984373359971913,89,495,0.7268993839835729
0.9990828437920237,386,792,0.6231313926042487
0.992073636499621,43,395,0.7620137299771167
0.9995282592660308,17,395,0.7231121281464531
0.9987058761288985,126,532,0.7101879327398615
0.9963662183750644,127,281,0.7052631578947368
0.9998047547144093,149,555,0.6924564796905223
0.9987660163512134,240,166,0.48992248062015503
0.9990699394005764,57,349,0.7367149758454107
0.9994024372893449,317,723,0.6439267886855241
0.999379134911572,94,312,0.6978508217446271
0.9998048314795416,85,321,0.71
0.9997228803835919,122,284,0.6920052424639581
0.9991215629317547,138,544,0.6803519061583577
0.9973706179205963,256,150,0.4546899841017488
0.9997447546787268,163,569,0.6889312977099237
0.9958955363405906,78,336,0.758282208588957
0.999803836515514,170,576,0.6900473933649289
0.9965832321486341,188,594,0.706430568499534
0.9980453143619262,218,188,0.5397301349325337
0.9956204391479071,149,259,0.6747967479674797
0.9949497724835712,42,426,0.6828729281767956
0.999688183799595,157,249,0.6510989010989011
0.9997776026201884,196,602,0.6808510638297872
0.9994161404149311,213,193,0.5505952380952381
0.996269237168529,289,695,0.6218057921635435
0.9980795622859056,85,321,0.6925
0.9988835563277101,204,610,0.6868686868686869
0.9938936034118238,258,148,0.44976076555023925
0.999547124336577,4,408,0.7282976324689966
0.9987108861134326,179,227,0.6175637393767706
0.9996035197076963,165,571,0.6838095238095238
0.9995233894681296,61,345,0.7330097087378641
0.9997718603057099,118,288,0.6988265971316818
0.9982304998045359,200,606,0.6599078341013825
0.9995945956433108,98,504,0.6958290946083419
0.9971304468223874,58,358,0.7526881720430108
0.9994522785821822,132,538,0.6941986234021632
0.9921059164732927,97,309,0.6624365482233503
0.9994596998395883,199,605,0.6752767527675276
0.997522139733343,278,128,0.3986820428336079
0.9994452701924621,61,467,0.6976744186046512
0.9986359575357548,51,357,0.7440191387559809
0.9921685032898596,227,179,0.5227963525835866
0.9905147393257553,74,332,0.6757090012330457
0.9955987124176485,255,151,0.45714285714285713
0.9929947667553028,142,268,0.6907630522088354
0.9988195023395113,208,198,0.5642540620384048
0.9948892895653786,113,515,0.6659959758551308
0.9975941433867921,49,371,0.7552941176470588
0.9912411076493081,67,473,0.7626050420168067
0.9989318045478192,257,663,0.6514886164623468
0.9959737719413362,265,671,0.6904347826086956
0.9958254364310297,154,556,0.6647342995169082
0.9983800440909565,34,430,0.6952695269526953
0.9892725788559994,102,318,0.7603513174404015
0.9967084021711382,95,315,0.743073047858942
0.999950824632913,64,342,0.7259439707673568
0.9976673788929901,260,666,0.6393013100436681
0.9897274063003871,82,350,0.7696019300361882
0.9980501186975367,107,511,0.6848484848484848
0.9995264446890044,61,345,0.7378640776699029
0.9976252094038804,148,258,0.6512890094979648
0.9997557441804286,67,473,0.7058823529411765
0.9989838095499012,328,734,0.6281945589447651
0.9942595179947632,131,275,0.649867374005305
0.998788955939168,101,507,0.7221095334685599
0.9989222271163963,160,246,0.6427586206896552
0.9983185983904383,120,286,0.7032679738562092
0.9981216727490646,205,611,0.6568807339449542
0.9987046871327571,306,100,0.32124352331606215
0.9896916860243071,137,535,0.650887573964497
0.9996629706136582,48,454,0.7095391211146839
0.9996313598623988,11,417,0.7366071428571429
0.9986997631754064,335,741,0.6262295081967213
0.99680886214114,148,554,0.6660212971926428
0.9991537250105094,54,354,0.737094837935174
0.9998706074242595,116,290,0.6970091027308193
0.9990495691682924,14,406,0.7141242937853107
0.9988722370028114,329,735,0.6243822075782537
0.99975199038115,6,406,0.7231638418079096
0.9992605635507806,273,133,0.4117647058823529
0.998660974648787,22,384,0.709154113557358
0.9994456940490215,37,375,0.7353629976580797
0.9995523867512395,107,513,0.717741935483871
0.9984301481748609,61,467,0.6955602536997886
0.9992238057680332,9,399,0.7107061503416856
0.9965859390222105,131,537,0.7165354330708661
0.9940978229966515,24,390,0.6904487917146145
0.9978365006429445,236,170,0.50231124807396
0.9994555592319532,187,593,0.6884328358208955
0.9992006823519188,77,481,0.69375
0.9943610975740178,346,752,0.6011372867587328
0.9942599212864305,91,323,0.7556109725685786
0.9952545308443242,70,476,0.7413612565445026
0.9965392978463978,30,404,0.7565118912797282
0.9966798653218389,53,369,0.7617924528301887
0.9994721552570505,209,615,0.6691042047531993
0.9997853759925065,120,526,0.7044776119402985
0.9976427360296017,56,462,0.7417640807651434
0.9992258942819843,398,804,0.6157443491816056
0.9982699859676558,232,174,0.5114854517611026
0.999446449455601,221,185,0.5331325301204819
0.9962206550436413,30,424,0.7552602436323367
0.9996148376197398,193,599,0.6753246753246753
0.9991466466059649,36,370,0.7232037691401649
0.9938447399717677,132,536,0.6679802955665025
0.9973814551479044,371,777,0.64171974522293
0.9961152273177776,105,305,0.7295918367346939
0.9978075882881303,23,407,0.7494356659142212
0.9949445425645781,262,144,0.43980738362760835
0.999344889813303,204,610,0.6868686868686869
0.9945430467933036,103,503,0.6619144602851323
0.9989495881562025,189,217,0.5948275862068966
0.9992703703356973,90,316,0.6968553459119496
0.9978387577576161,329,735,0.6210873146622735
0.999422128880182,15,391,0.7103448275862069
0.9989180193196473,408,814,0.6156225831399845
0.9951207285905251,327,733,0.6089108910891089
0.9991045612602316,192,214,0.5916305916305916
0.9983188426574037,13,397,0.7077625570776256
0.9976598296936966,47,445,0.6926406926406926
0.9985647380169412,26,432,0.7398463227222832
0.9964261573440055,279,127,0.39603960396039606
0.998933433726847,187,593,0.6716417910447762
0.9963660210462884,140,546,0.7180487804878048
0.9943046623289851,113,293,0.6580310880829016
0.9964718814198105,413,819,0.5947611710323575
0.9906190135338414,198,210,0.5892597968069666
0.9961322393502389,55,351,0.6987951807228916
0.9941584435897339,135,541,0.7274509803921568
0.9979155718690481,124,282,0.7043363994743759
0.9991052623503779,98,504,0.7222787385554426
0.9982707548748515,329,77,0.2589928057553957
0.9932171639781305,445,851,0.5684210526315789
0.9993881877027645,56,350,0.7165259348612787
0.9993419295676944,248,158,0.4740973312401884
0.9967345555337175,38,444,0.7518959913326111
0.9900368269263113,93,331,0.762962962962963
0.9914406291766331,50,430,0.6754675467546755
0.99930786688473,48,454,0.707395498392283
0.9998967422627374,50,356,0.7281437125748503
0.9984514289138285,180,226,0.6184397163120567
0.9997855064461366,85,491,0.7072164948453609
0.9983269458529188,156,250,0.6584362139917695
0.9971774561254715,107,513,0.7258064516129032
0.9940257986213263,48,388,0.7635524798154556
0.9990791104006537,284,122,0.3826955074875208
0.9988060896341602,117,523,0.716566866267465
0.9983570716933646,209,197,0.5562130177514792
0.9980773196137539,23,417,0.7008928571428571
0.998864758446278,78,328,0.7038413878562577
0.9978456261176878,262,668,0.6399302528334786
0.9997658986847079,169,575,0.6888045540796964
0.9998698427556293,19,425,0.7234513274336283
0.99803940595847,212,194,0.5527488855869243
0.9983350148259413,63,343,0.7031630170316302
0.9981961043156803,53,357,0.7464114832535885
0.99815619225521,313,93,0.3006993006993007
0.9998605348655817,11,399,0.7334851936218679
0.9965587545893041,143,547,0.672514619883041
0.9969290122891238,186,220,0.597997138769671
0.9995085456974462,54,460,0.7156549520766773
0.9985745265917242,161,245,0.6408839779005525
0.9972466345394752,193,599,0.7031539888682746
0.9940895543400944,298,108,0.3543441226575809
0.9998092457101335,41,365,0.7251184834123223
0.996957291841793,121,287,0.7127937336814621
0.9913701369642787,42,404,0.6749716874292185
0.9996611685953446,147,553,0.689922480620155
0.9996672028998974,36,372,0.7309048178613397
0.9987246320956265,187,219,0.6045845272206304
0.9977641392231626,49,455,0.7430406852248393
0.9994267460909707,212,618,0.6818596171376481
0.996952257524753,148,554,0.6660212971926428
0.9971189468090074,78,328,0.6939281288723668
0.995376461032874,238,644,0.6340160284951024
0.9997500667003054,54,352,0.7292418772563177
0.9983417155271961,21,423,0.7427937915742794
0.9971291446408463,294,700,0.6276505513146734
0.9985469933405674,229,635,0.6912028725314183
0.9997646137713969,40,366,0.7266272189349112
0.9997490901033954,245,161,0.478125
0.9984780541700442,204,202,0.566813509544787
0.9952990375098998,214,620,0.6442220200181984
0.9969092134782754,171,235,0.6246498599439776
0.9980103813601593,220,626,0.6515837104072398
0.9996923366519752,120,526,0.700497512437811
0.999349786926405,138,268,0.6800535475234271
0.9995763688693469,37,371,0.7294117647058823
0.9952900867582496,116,290,0.6605981794538361
0.9970468464534693,296,110,0.34974533106960953
0.9907866834965875,231,175,0.5137614678899083
0.9993349354635102,113,519,0.7114228456913828
0.9890975703663684,332,736,0.5843621399176955
0.9979994365988722,255,661,0.6421052631578947
0.9986397009740953,257,149,0.45222929936305734
0.999705612153388,260,666,0.6585152838427948
0.9953520819024562,220,626,0.6425339366515838
0.9913739375447627,138,272,0.7003994673768309
0.9997687091676656,148,554,0.6931268151016456
0.9942930905739578,51,457,0.75
0.9907569135386677,93,331,0.762962962962963
0.997312526809271,62,348,0.747279322853688
0.9975904779694553,135,541,0.711764705882353
0.9958286450251854,209,615,0.7093235831809872
0.9974380560109631,351,757,0.6084142394822006
0.9928019795237895,38,412,0.6846240179573513
0.9992102861566388,232,638,0.6803939122649956
0.9965720454751402,80,486,0.7357512953367875
0.999446622294887,45,449,0.7068965517241379
0.9974333025381398,46,452,0.7454350161117078
0.9990999517416546,261,667,0.6527050610820244
0.9979298395087782,246,160,0.4757433489827856
0.9920419530648107,119,293,0.7253886010362695
0.9984806588470946,40,376,0.7485380116959064
0.9991910377313821,212,194,0.5527488855869243
0.9997462063089514,157,249,0.6510989010989011
0.9997545076181621,98,504,0.71617497456765
0.9998039081001774,88,494,0.6988694758478932
0.9947283408687797,421,827,0.5788667687595712
0.9961310403071272,132,538,0.7256637168141593
0.997050573565483,48,442,0.6862106406080347
0.9929174490394845,330,734,0.5985160758450123
0.9966390686570306,30,412,0.7586980920314254
0.9971503096826715,96,500,0.676200204290092
0.9975201527879823,145,261,0.6756756756756757
0.9990108908443781,315,721,0.63
0.9964176924575596,284,122,0.3826955074875208
0.999260488983423,51,457,0.7072649572649573
0.9998141600914656,68,338,0.7197062423500612
0.9971055741345535,91,497,0.7315573770491803
0.999836351023149,16,392,0.7324913892078071
0.9989651279935471,40,366,0.7076923076923077
0.9986245622306433,91,497,0.7274590163934426
0.9997825333278473,190,596,0.6827906976744186
0.9989274678672794,225,631,0.6594594594594595
0.997518795662072,305,101,0.32413793103448274
0.9983466153090244,265,141,0.432258064516129
0.9984895612477004,450,856,0.5917602996254682
0.9952088119489881,80,326,0.6881987577639752
0.997332495162743,76,334,0.7478474784747847
0.9995345431750022,10,412,0.7182940516273849
0.9994659286472067,116,522,0.6953046953046953
0.9994803371015049,122,528,0.6951340615690169
0.9981552103208471,269,137,0.42207792207792205
0.9992799769661277,253,153,0.4620253164556962
0.9964351151599319,29,377,0.6962616822429907
0.9910868463103314,115,521,0.748
0.9934681743444383,172,234,0.6367461430575035
0.9956587752468955,54,352,0.6979542719614922
0.9991898297401874,128,534,0.6910167818361304
0.9936881489915523,191,215,0.5994236311239193
0.9994599725206416,209,615,0.6855575868372943
0.9975906815775878,264,670,0.6718885987815492
0.9994429959665442,204,610,0.6685032139577594
0.9985822371704781,239,167,0.4953560371517028
0.9980942749750232,24,418,0.7469342251950948
0.9998169084087944,10,414,0.7189249720044792
0.9999008607356411,27,379,0.7272727272727273
0.9981980474625299,113,519,0.717434869739479
0.9996651952326603,62,344,0.7339003645200486
0.998093905120929,183,589,0.7097378277153558
0.999048309058439,54,458,0.7001067235859125
0.9941297302905187,175,231,0.6309859154929578
0.9974727215121457,83,487,0.6811594202898551
0.9985183943256396,245,161,0.48125
0.9926611423499893,275,681,0.6120689655172413
0.9989401027173516,172,234,0.6227208976157083
0.9987786706672909,173,579,0.6786389413988658
0.996436951400738,41,435,0.6892778993435449
0.9992565008071654,358,764,0.6355591311343524
0.9988882187498651,215,191,0.5462686567164179
0.9991562369100684,255,661,0.6508771929824562
0.9929381597698714,49,357,0.6889952153110048
0.9969284083720183,57,463,0.7430997876857749
0.999592628163955,190,596,0.6902325581395349
0.9948671730440692,213,617,0.6441605839416058
0.9952907139089737,72,468,0.6737064413938754
0.9995000626008668,26,382,0.7363530778164924
0.9984707602265901,209,197,0.5621301775147929
0.9994353051677631,348,754,0.6293592862935928
0.9954696805909353,51,377,0.7663551401869159
0.9971173334853545,82,482,0.6784599375650364
0.9997818900077803,116,290,0.6996098829648895
0.9949164977028556,35,407,0.7562076749435666
0.9959478364724251,155,251,0.663013698630137
0.9991120625794323,158,248,0.6492434662998624
0.9981135390986707,184,222,0.6105563480741797
0.9955396415697351,139,269,0.6898395721925134
0.9998114337518842,62,344,0.7266099635479951
0.9989738825153086,216,622,0.6612170753860127
0.9987273443066558,185,591,0.6953271028037383
0.9913915750011252,143,263,0.6388140161725068
0.9922231567675033,72,334,0.6838868388683886
0.9980173172233126,111,297,0.7164948453608248
0.9920319491081018,202,204,0.5768667642752562
0.9969002198700175,132,274,0.6932270916334662
0.9968243263122394,245,161,0.478125
0.9995951433601761,127,533,0.6956521739130435
0.9956363458566514,234,172,0.5069124423963134
0.9983327054356274,332,738,0.6442070665571077
0.9966717497245948,65,463,0.6772823779193206
0.9980122048852689,330,76,0.2594594594594595
0.9996761649543893,19,425,0.7256637168141593
0.9997609310858301,128,534,0.7068114511352419
0.9901760672597694,105,501,0.6530612244897959
0.9994077602997972,84,490,0.7203302373581011
0.9942402767907665,47,389,0.7649769585253456
0.9996002784608872,217,623,0.6642468239564429
0.9997329570238516,178,584,0.6773283160865475
0.9980445068366882,92,314,0.6935687263556116
0.9993947832247988,221,185,0.536144578313253
0.9989387930005827,49,357,0.7129186602870813
0.9990680777283765,122,528,0.7110228401191658
0.9984988336593842,155,251,0.6602739726027397
0.9995320293916361,262,668,0.6573670444638187
0.9996132673096785,188,218,0.599713055954089
0.9993546755623757,162,244,0.6417704011065007
0.9978210019353848,56,452,0.6874328678839957
0.9993403424603549,148,258,0.6675712347354138
0.9985138320592197,84,324,0.7397260273972602
0.997230731127393,181,587,0.6641651031894934
0.9916306297867432,125,281,0.6342105263157894
0.9975410936567826,238,644,0.6447016918967052
0.997178154860859,134,272,0.6924101198402131
0.9996355043946317,8,402,0.7241770715096482
0.9992217428424592,60,466,0.7216931216931217
0.9980844118328824,286,120,0.3772954924874791
0.9959151365667916,253,659,0.6344463971880492
0.9993149498418078,270,676,0.6545454545454545
0.9908215755255534,51,443,0.7635574837310195
0.999045804223156,26,428,0.7034178610804851
0.9907638319766068,103,499,0.65439672801636
0.997563263395638,254,152,0.4595879556259905
0.9970113738980008,58,362,0.7586206896551724
0.9967486241178486,137,269,0.6871657754010695
0.9992376442137507,274,680,0.6695427092320967
0.9996992726721123,34,440,0.7181719260065288
0.9985208622697035,129,535,0.6903353057199211
0.9984592176705699,68,474,0.7303252885624344
0.999294561242406,117,289,0.6875
0.9957808373019306,131,533,0.6739130434782609
0.9937720385248345,270,136,0.4195121951219512
0.9972039931567291,55,451,0.6838709677419355
0.9961999521624499,43,439,0.6884531590413944
0.9911751276255061,215,193,0.5535714285714286
0.9985587172130047,17,409,0.7117117117117117
0.9962828660407256,225,631,0.645045045045045
0.992085669002427,197,209,0.5726744186046512
0.9989623803041539,219,187,0.5405405405405406
0.9990900123053331,291,697,0.6479591836734694
0.9981662466037541,133,273,0.6941489361702128
0.9997569804287273,92,498,0.7021494370522006
0.9995902558230928,172,578,0.6792809839167455
0.9983064643190419,299,107,0.3412969283276451
0.9913991505737156,49,425,0.7721238938053098
0.9982586622472076,254,660,0.646180860403863
0.9980021539903707,108,512,0.6881937436932392
0.9947192012654845,98,312,0.7383059418457648
0.9930121765849944,127,279,0.6411609498680739
0.9954453719462936,42,390,0.761795166858458
0.9975353715932288,123,529,0.6845238095238095
0.9964752188977571,179,227,0.6203966005665722
0.995729194618715,174,232,0.630098452883263
0.9986585494043467,391,797,0.6175548589341693
0.9998562493617967,190,596,0.6753488372093023
0.9993328602931912,166,572,0.681255946717412
0.9900471742068333,112,294,0.6468305304010349
0.9973851926208562,295,701,0.6288135593220339
0.9985903909148124,85,491,0.7216494845360825
0.9977541269463067,357,763,0.6151368760064412
0.9995528647672485,31,435,0.7111597374179431
0.9944643066462681,40,446,0.7545945945945945
0.9968601414066017,71,469,0.679324894514768
0.9991651306765591,50,454,0.7009646302250804
0.9970662375771009,226,632,0.6462646264626463
0.9987681717403107,238,168,0.49768160741885625
0.9993393999289533,17,423,0.7339246119733924
0.9998689371154471,42,446,0.7221621621621621
0.9986613634979343,83,489,0.6880165289256198
0.9988446693721783,90,494,0.6865364850976362
0.9982048487904714,157,563,0.6737044145873321
0.9943562150604197,165,567,0.655831739961759
0.9992516182935671,188,594,0.6728797763280522
0.9933260996664682,187,219,0.6074498567335244
0.9992545834056772,67,339,0.7090464547677262
0.9978466699037117,94,314,0.7389659520807061
0.9978418349562385,111,295,0.7131782945736435
0.9982942526975935,308,714,0.6588432523051132
0.9996689166932531,181,587,0.6829268292682927
0.9952251962027893,248,654,0.6284201235657546
0.9990885014921741,172,234,0.6311360448807855
0.9991863021547245,226,180,0.5220030349013657
0.9979817873687166,100,306,0.7286624203821656
0.9971667347522896,357,763,0.6135265700483091
0.9964635209276654,39,445,0.7445887445887446
0.999564334168766,78,484,0.7206645898234684
0.9997658351062242,121,285,0.693717277486911
0.9954602681496031,201,205,0.5789473684210527
0.9992397989749123,171,577,0.6912878787878788
0.9991134387003955,120,286,0.6980392156862745
0.9999501196181688,40,366,0.7266272189349112
0.9992388170405494,249,655,0.6525573192239859
0.9919664293611267,82,474,0.6631689401888772
0.988950995430623,495,901,0.5463768115942029
0.9998871701687676,64,342,0.7186358099878197
0.9996556405639045,16,422,0.7236403995560489
0.9867951463704997,181,229,0.6271186440677966
0.9989609005738092,174,580,0.6949952785646837
0.9991549670672127,109,297,0.7139175257731959
0.997557144790725,65,471,0.7347368421052631
0.9994535284880811,161,567,0.6864244741873805
0.9996914912936148,48,454,0.722400857449089
0.9991625834556201,34,374,0.7198124267291911
0.9967760922206821,196,210,0.5776487663280117
0.9995078544972864,14,404,0.7383918459796149
0.9994264779624507,121,527,0.6978131212723658
0.9973483634104291,25,409,0.7522522522522522
0.9953914073140511,256,150,0.4546899841017488
0.9911948107392119,144,262,0.6342780026990553
0.9998439815401083,118,288,0.6988265971316818
0.9894626036416317,73,367,0.7754137115839244
0.9981532759650964,104,506,0.6862944162436548
0.9959309511259802,176,230,0.6290550070521862
0.9973450826036744,105,507,0.6754563894523327
0.9972556414913656,394,800,0.5989053948397185
0.9995562714751,339,745,0.6405228758169934
0.9973456188607139,148,260,0.6738836265223275
0.9997820714811813,55,351,0.7180722891566265
0.9980606399162322,272,134,0.41435562805872755
0.9976432324127282,104,508,0.6808510638297872
0.9993411154491322,160,246,0.6510344827586206
0.9994392475047187,256,662,0.6538124452234881
0.9997522056060919,105,511,0.7151515151515152
0.9994220337479318,205,611,0.6697247706422018
0.9996202238947082,151,255,0.659400544959128
0.998090206736971,242,648,0.64773735581189
0.9985838979032718,276,682,0.6391042204995694
0.9996714117955336,151,557,0.693050193050193
0.9951043254986544,125,283,0.7086614173228346
0.9952833446132423,241,165,0.4906832298136646
0.9996013021529703,53,353,0.7283653846153846
0.9910192810629966,134,278,0.7054161162483488
0.9998271561615172,114,520,0.7047047047047047
0.9997601549573745,151,255,0.659400544959128
0.9905583613869927,117,297,0.7319587628865979
0.9987461355947637,467,873,0.5961538461538461
0.9970935829185159,110,298,0.7181467181467182
0.9995345405062757,205,611,0.6678899082568808
0.9991265178149357,225,181,0.5242424242424243
0.9985628479306534,308,714,0.6621961441743504
0.9990292458741974,14,410,0.7401574803149606
0.9933232394196109,145,547,0.6627680311890838
0.9988853051284778,137,269,0.6711229946524064
0.9983917544627774,286,692,0.6387702818104184
0.9993071466425464,72,334,0.7330873308733087
0.9996831466568445,193,599,0.6716141001855288
0.9996560041386423,10,412,0.7227833894500562
0.9911013472281531,66,370,0.7726737338044759
0.997641018625616,253,659,0.6854130052724078
0.9882352907101729,168,238,0.6108786610878661
0.9999399280656864,59,347,0.7239709443099274
0.9937869508974869,35,373,0.6830985915492958
0.998562173370788,137,269,0.6844919786096256
0.9989372738672764,14,420,0.7363737486095662
0.9995177080634086,39,369,0.7334905660377359
0.9972958100635462,185,221,0.5971428571428572
0.9969649578371161,30,434,0.7491785323110625
0.9995120274436072,122,528,0.6951340615690169
0.9986358663281026,378,784,0.6270783847980997
0.9986891188813248,18,410,0.7041619797525309
0.9947339902487828,408,814,0.5846867749419954
0.9988857438985088,243,163,0.48286604361370716
0.999344856218746,3,403,0.7188208616780045
0.9997420887779511,130,276,0.6834437086092715
0.9979418803317315,142,264,0.6621803499327052
0.9996080281286347,230,176,0.516030534351145
0.9973291331953062,249,157,0.4716981132075472
0.9986016818256233,285,121,0.38
0.9965230492266955,272,134,0.41435562805872755
0.9934211473021726,129,277,0.6507936507936508
0.9994225310729618,224,182,0.5264750378214826
0.9984749582903365,267,139,0.42718446601941745
0.9937939963354101,111,517,0.7329317269076305
0.9916896993787855,156,254,0.6739427012278308
0.9989601178520292,22,428,0.7320837927232635
0.9998419302313439,63,343,0.7250608272506083
0.98895115225755,225,627,0.620253164556962
0.9989380030575429,34,434,0.7053669222343921
0.9953510834847826,446,852,0.5830202854996244
0.9989021735206606,89,495,0.7268993839835729
0.9946965104970288,195,211,0.5768115942028985
0.9978631904195479,149,257,0.6494565217391305
0.9997020797014241,126,280,0.6851119894598156
0.9997779187857851,118,524,0.707876370887338
0.9984575266398813,215,191,0.5492537313432836
0.9952003189624222,138,270,0.6915887850467289
0.9985392144738124,13,401,0.7068181818181818
0.9997761177093748,146,552,0.6905916585838991
0.9955822871910466,133,539,0.724950884086444
0.9980997020658086,211,617,0.656934306569343
0.9970926069495417,55,361,0.7571428571428571
0.9933746648370935,114,296,0.7303225806451613
0.9989372825013915,255,151,0.45714285714285713
0.9979187506362609,287,119,0.3745819397993311
0.9929359630940058,177,579,0.6465028355387523
0.99152035722342,193,215,0.5994236311239193
0.996794359810463,198,604,0.6537396121883656
0.9929183782272534,109,509,0.659919028340081
0.9967622016563061,22,406,0.6983050847457627
0.9901866734067605,310,714,0.6001676445934618
0.9956920616444203,92,318,0.7478042659974906
0.9943916964069874,40,398,0.7616875712656784
0.9985119217220073,203,609,0.6599264705882353
0.9989186876001562,41,447,0.7321814254859611
0.9996576430506725,79,485,0.7199170124481328
0.9989408036505142,289,117,0.3691275167785235
0.9919942663761511,228,178,0.5205479452054794
0.995425018040336,229,635,0.6373429084380611
0.9973903898871957,205,201,0.5647058823529412
0.9991334852318554,221,185,0.5331325301204819
0.9947699778684632,90,316,0.6767295597484276
0.997084894329997,171,577,0.7196969696969697
0.992233814719185,146,264,0.6837146702557201
0.999619718249531,179,585,0.6842105263157895
0.9978383075277595,16,404,0.7044167610419027
0.9997604106841652,136,270,0.678237650200267
0.9982806459601284,202,608,0.6605335786568537
0.9983978233037906,16,390,0.7042577675489068
0.9997305349190897,236,642,0.6619090098126673
0.9996937449546403,139,267,0.6729222520107239
0.9994604696886875,250,156,0.4692913385826772
0.9996951783747311,112,518,0.7041123370110332
0.9952716095949475,127,529,0.6726190476190477
0.9998925832879848,141,265,0.6720430107526881
0.9912170942914027,266,668,0.6120313862249346
0.9998023897517908,30,376,0.7228070175438597
0.9994001778199147,164,570,0.6825548141086749
0.9991786840394942,139,545,0.69921875
0.9982961471794305,171,235,0.6246498599439776
0.9967521441680836,122,284,0.6684141546526867
0.9944334949431154,69,465,0.673728813559322
0.9990904063349496,99,307,0.6895674300254453
0.9992218360909025,57,351,0.7397590361445783
0.9969183530815706,46,442,0.6883821932681867
0.996583815971799,109,511,0.6747474747474748
0.9943520640918465,195,211,0.5768115942028985
0.9992798413320285,215,191,0.5492537313432836
0.9993322574749733,16,420,0.7363737486095662
0.9910324104123884,180,228,0.6251768033946252
0.9976108784996344,121,525,0.6812749003984063
0.9975671338339624,335,741,0.6147540983606558
0.9960907962256853,39,445,0.7510822510822511
0.9994859709401008,29,377,0.735981308411215
0.9989282149537114,194,600,0.6950880444856349
0.9989759438710433,200,206,0.5781021897810219
0.9980041335574877,48,446,0.6940540540540541
0.9986884625315933,138,268,0.6854082998661312
0.9961519270164781,180,226,0.6070921985815603
0.9996817730476238,59,347,0.7360774818401937
0.9997849248207465,32,374,0.7291910902696366
0.9976147753112558,56,462,0.7417640807651434
0.9984614303587948,329,735,0.6260296540362438
0.9976833813619199,342,748,0.6145069274653626
0.9998486607595415,54,352,0.7316486161251504
0.998102144264511,161,567,0.6711281070745698
0.995543398194724,96,498,0.6693961105424769
0.9987676433324665,36,378,0.7397899649941657
0.9982626408474464,272,134,0.41435562805872755
0.9992650468542933,267,673,0.6579861111111112
0.9976247171023358,152,254,0.6630286493860846
0.9987872647514956,282,688,0.6529562982005142
0.9952814382006276,256,662,0.6327782646801051
0.9944219592943875,58,348,0.6916565900846433
0.9987675763003365,253,153,0.4620253164556962
0.9950398978887477,101,309,0.7360406091370558
0.998323563006622,288,118,0.37185929648241206
0.9995996902421728,49,455,0.7066381156316917
0.9983084691605685,212,618,0.6964448495897904
0.9990602489407375,105,301,0.6923076923076923
0.996943186366443,103,509,0.7267206477732794
0.9888752252621988,283,685,0.5996563573883161
0.9940417776996536,90,486,0.661139896373057
0.9993143140569684,177,229,0.6186440677966102
0.9989012838928373,89,495,0.7248459958932238
0.9950340434877568,186,220,0.5951359084406295
0.9962006826085875,77,483,0.7401247401247402
0.9975368999885857,54,362,0.751486325802616
0.996495378143665,201,205,0.5701754385964912
0.9994097549373695,49,357,0.7392344497607656
0.9991871304018389,85,491,0.6845360824742268
0.9989791425752126,145,551,0.7009708737864078
0.9978173503326324,47,443,0.6919739696312365
0.9954228304695372,219,187,0.5405405405405406
0.9983010493160177,117,289,0.7057291666666666
0.9942718109338774,40,366,0.6840236686390533
0.9995265398212544,53,353,0.7163461538461539
0.9895738314520531,160,250,0.6666666666666666
0.9993608740720994,16,404,0.7406568516421291
0.9987293568403942,58,352,0.7436823104693141
0.9987572734462613,93,499,0.721881390593047
0.9998388222638749,160,246,0.6482758620689655
0.9987857437343824,302,104,0.33276157804459694
0.9991076816294294,106,300,0.7188703465982028
0.9976540701109881,43,449,0.7456896551724138
0.998019331797842,203,203,0.5747800586510264
0.994165193112985,270,676,0.6181818181818182
0.9998836232742836,50,356,0.7353293413173653
0.9969207932394824,105,511,0.7292929292929293
0.9935437730864318,205,609,0.6378676470588235
0.9971890544107799,44,450,0.7405812701829925
0.9972046027252555,53,365,0.7559241706161137
0.99620677028767,233,173,0.50920245398773
0.9994502401460985,191,215,0.5965417867435159
0.9984804084577567,95,501,0.7244897959183674
0.9990327415919265,13,393,0.7110091743119266
0.9958385758273918,41,447,0.7451403887688985
0.9988317846037197,69,337,0.7058823529411765
0.9987100767043877,17,393,0.7155963302752294
0.9845733480554207,213,611,0.6165137614678899
0.9893391926238498,91,315,0.6599496221662469
0.99766293703323,23,409,0.75
0.9994961860401698,121,285,0.6963350785340314
0.9969685543385159,239,167,0.49226006191950467
0.9944405050596588,286,692,0.6148590947907772
0.9888076472991674,338,742,0.5847665847665847
0.9986512570307317,184,222,0.6105563480741797
0.9993424504403108,134,272,0.6897470039946738
0.9970094623049172,81,481,0.6770833333333334
0.9951390804806661,44,428,0.681367144432194
0.9899348192519314,51,357,0.6770334928229665
0.9996437612773955,47,453,0.7081545064377682
0.9987629777706333,172,578,0.6792809839167455
0.9933149305751725,376,782,0.5868358445678034
0.9983377799405488,125,281,0.6763157894736842
0.9919279059803328,64,470,0.7565858798735511
0.9993233768951312,19,397,0.7420091324200914
0.9997571863916184,261,145,0.4423076923076923
0.9996945805799982,149,555,0.6924564796905223
0.988482663759264,77,359,0.7732696897374701
0.9907336055094742,68,338,0.6756425948592412
0.9978744212055205,140,546,0.7180487804878048
0.9992069384747377,132,538,0.6922320550639135
0.9933292665029039,98,494,0.6598150051387461
0.9981110970569522,259,147,0.4440894568690096
0.9982637621835225,71,477,0.7322175732217573
0.9978667057602654,284,122,0.3826955074875208
0.9966251364919182,371,777,0.60828025477707
0.999712278946118,220,186,0.5353383458646617
0.9917263929551136,515,921,0.5457142857142857
0.9992914564146154,115,291,0.6987012987012987
0.9981639898030505,330,736,0.6238683127572017
0.999434676133232,152,558,0.6885245901639344
0.9936336765163583,389,795,0.5824175824175825
0.9984281224544741,48,358,0.7072879330943848
0.9936904072051115,70,336,0.6871165644171779
0.9992546797937986,50,456,0.7058823529411765
0.9978934804651644,222,184,0.530920060331825
0.993983043896197,261,145,0.4423076923076923
0.9998275467374876,62,344,0.7290400972053463
0.9999050143729408,160,246,0.6482758620689655
0.9952987733059777,185,589,0.6479400749063671
0.9987797279539311,164,242,0.6463245492371706
0.9988245870483868,164,242,0.6380027739251041
0.9984338823511506,304,102,0.3270223752151463
0.9993697205864326,107,299,0.7172236503856041
0.9938581781085124,29,381,0.686046511627907
0.9969866696539033,107,511,0.6787878787878788
0.9993230742301509,245,651,0.6690265486725664
0.9985781573156165,277,129,0.40131578947368424
0.9992485976091529,24,388,0.740484429065744
0.9988415347174445,196,602,0.666049953746531
0.9978565275514154,28,416,0.6949720670391062
0.9995236130132188,45,363,0.7339667458432304
0.9997021552106852,125,281,0.6921052631578948
0.9983240761870268,243,649,0.6471631205673759
0.9980687074763994,181,225,0.6164772727272727
0.9931172468584929,70,464,0.672322375397667
0.9985662303059987,194,212,0.5875542691751086
0.9981841791898691,273,679,0.6373056994818653
0.9941365810683924,39,405,0.7647058823529411
0.9990386038421127,155,251,0.6547945205479452
0.9951156350905505,245,161,0.48125
0.9980289605630035,300,106,0.3384615384615385
0.9994108743896386,60,466,0.7068783068783069
0.9997893249227866,45,361,0.7261904761904762
0.998136091564301,228,178,0.517503805175038
0.9968178014329648,181,587,0.6585365853658537
0.9939165820887722,112,512,0.6619576185671039
0.9983868615882411,271,135,0.4169381107491857
0.999562890544721,39,371,0.7223529411764706
0.9996165525119829,201,607,0.6924493554327809
0.9995587789791093,102,304,0.6998722860791826
0.9995073945344274,323,729,0.6440397350993378
0.9920077153447855,337,743,0.5941080196399345
0.9983372281421018,124,282,0.6780551905387647
0.9981730495015351,129,277,0.6772486772486772
0.9994522580172899,55,351,0.7228915662650602
0.9981542960465497,12,400,0.7076222980659841
0.9970140916034668,146,260,0.6765899864682002
0.9987729098287109,202,204,0.5710102489019033
0.9883970287218761,45,399,0.6697038724373576
0.9962105405702592,179,585,0.6560150375939849
0.9972096439495876,26,420,0.7474972191323693
0.9993634927207178,93,499,0.721881390593047
0.999122406563292,59,351,0.7421686746987952
0.9960737626864283,207,199,0.5663716814159292
0.9965007060206185,102,306,0.7286624203821656
0.9998299118570898,18,394,0.7353951890034365
0.9980991320572277,427,833,0.5990853658536586
0.9994288763626422,102,304,0.6896551724137931
0.9990399206231577,29,425,0.6991150442477876
0.9992873829960942,87,319,0.7293233082706767
0.9985832110986614,176,582,0.6729500471253534
0.999685532969275,8,408,0.7328072153325818
0.9983875195078117,197,209,0.5813953488372093
0.9994633712223134,177,583,0.6779661016949152
0.9911285387253357,93,321,0.7525
0.9994271274048903,177,229,0.6214689265536724
0.9970726516257341,125,283,0.7060367454068242
0.991389378796211,182,224,0.5974395448079659
0.9996694888996086,38,374,0.731535756154748
0.9972940443085158,177,229,0.6242937853107344
0.9969308446053323,108,302,0.7247119078104993
0.9980501515071741,104,304,0.7254150702426565
0.9958433594411262,48,358,0.6977299880525687
0.9891158880340167,69,371,0.7741176470588236
0.99786131760149,42,448,0.7443365695792881
0.9957724465118905,381,787,0.5971563981042654
0.9945083021722299,317,723,0.610648918469218
0.9966005962960076,68,338,0.6927784577723378
0.9957705022661535,108,514,0.7250755287009063
0.9996213441318967,23,389,0.7350230414746544
0.9937873975167135,120,292,0.7237354085603113
0.9968649619115549,31,403,0.7573696145124716
0.9995163977187038,101,507,0.7139959432048681
0.9895755669091886,197,209,0.5726744186046512
0.998739368018363,177,229,0.6186440677966102
0.9926015073018999,109,515,0.7344064386317908
0.9904871624330713,106,502,0.6523955147808359
0.9989314053377336,298,704,0.6542688081149619
0.9981360154271042,301,707,0.6374367622259697
0.9988823489644508,66,342,0.7429963459196103
0.9990730133025366,260,666,0.6655021834061136
0.9989277490254639,175,581,0.6735849056603773
0.9997501718795256,116,290,0.7022106631989596
0.9937941159571502,350,756,0.5959514170040486
0.9951588606104291,183,223,0.6153846153846154
0.9991815183840064,23,383,0.7146171693735499
0.9984414982686061,299,107,0.3412969283276451
0.9984229975577174,36,432,0.6937431394072447
0.9995490747046866,227,633,0.6672661870503597
0.9936373187000761,183,223,0.6011396011396012
0.9987660202758114,222,628,0.6919602529358627
0.9998375612121183,193,213,0.5924855491329479
0.9992692259229866,122,284,0.6946264744429882
0.9985217608456098,101,305,0.7270408163265306
0.9979096438426031,194,600,0.6580166821130676
0.9989998015009091,270,136,0.4195121951219512
0.9978070925329395,377,783,0.6148969889064976
0.9955609099069738,52,448,0.6839266450916937
0.9996682983336278,42,364,0.730723606168446
0.9973619962072233,50,456,0.7443850267379679
0.9891415792359624,207,609,0.6286764705882353
0.9951863440976859,120,286,0.661437908496732
0.9971392393342556,45,361,0.7047619047619048
0.9971831100580081,93,315,0.743073047858942
0.9996837074033744,125,531,0.7089108910891089
0.9998222133660971,103,509,0.7165991902834008
0.9968899415054323,78,484,0.735202492211838
0.9992478892977467,247,653,0.6537102473498233
0.9875003545187285,278,680,0.5970664365832614
0.9954318969183297,114,292,0.6614785992217899
0.9996015224013973,115,521,0.71
0.9926260591146199,339,745,0.5964052287581699
0.9995876583673023,121,285,0.6963350785340314
0.9985673036049977,347,753,0.6461038961038961
0.9986351503244848,348,754,0.6277372262773723
0.9995409967835811,143,263,0.6738544474393531
0.9998060349182029,64,342,0.7332521315468941
0.9996714661119669,44,450,0.7276641550053822
0.999569232851707,145,551,0.6990291262135923
0.9984243138678107,81,485,0.6887966804979253
0.9966523333265536,217,189,0.5389221556886228
0.9953045589480156,300,706,0.6126582278481013
0.9966753220504723,59,457,0.6816239316239316
0.9993165805906746,120,526,0.6925373134328359
0.9987117330416321,94,500,0.7252298263534218
0.9886589453884128,349,751,0.5821138211382114
0.9952814283106414,325,731,0.6099173553719008
0.9996323465062791,105,301,0.7025641025641025
0.9988191963778689,313,93,0.3006993006993007
0.9899418532300291,109,505,0.6524390243902439
0.9984184454952518,226,632,0.6516651665166516
0.9994037722805235,76,482,0.7200832466181062
0.9985885684885902,312,94,0.3036649214659686
0.9929721998471529,45,451,0.7526881720430108
0.9960226455853466,75,337,0.75
0.9933358108481832,133,277,0.7037037037037037
0.9980225962782701,217,623,0.6533575317604355
0.9997632640237305,213,193,0.5505952380952381
0.9989694828842205,23,405,0.748868778280543
0.9973753148792116,222,628,0.6901535682023487
0.9975885999709289,13,395,0.7048054919908466
0.9970948989146414,123,529,0.7242063492063492
0.9974748492720746,178,584,0.6660395108184384
0.999468522806335,165,241,0.6416666666666667
0.9987359501646539,279,127,0.39603960396039606
0.9995669784057619,33,439,0.7298474945533769
0.9992779868810885,119,525,0.7091633466135459
0.9890212425910924,228,180,0.5250379362670713
0.9919804356226452,90,316,0.6716981132075471
0.9988997540846251,38,368,0.7201889020070839
0.9940510764846346,187,221,0.6114285714285714
0.9999390420484932,47,359,0.7255369928400954
0.9995069085122391,10,406,0.7186440677966102
0.9989257247179321,29,429,0.7004405286343612
0.9994761800105592,259,665,0.6608391608391608
0.999143046807903,97,503,0.7107942973523421
0.9979907095492951,64,344,0.7460510328068044
0.9989330062596573,164,570,0.7054337464251669
0.9973172510830869,104,510,0.723963599595551
0.9978676103015603,153,559,0.6705202312138728
0.9994349604310947,138,544,0.6862170087976539
0.990944900673136,80,486,0.7544041450777202
0.9992234341871158,95,501,0.6938775510204082
0.9998193550030466,110,516,0.7095477386934673
0.99925086257302,142,548,0.685491723466407
0.9995584725465152,68,338,0.7368421052631579
0.9977725902950244,319,725,0.6229235880398671
0.9991031502888402,79,485,0.6991701244813278
0.99975495188263,59,465,0.711864406779661
0.9990097613451389,306,712,0.6465155331654072
0.9992721674875099,43,447,0.7019438444924406
0.999897127344271,63,343,0.732360097323601
0.9995786755909344,85,491,0.709278350515464
0.9977920424853972,261,145,0.4423076923076923
0.9997074783781214,115,521,0.708
0.9984543565067836,88,318,0.7352572145545797
0.999855002438592,148,554,0.6873184898354308
0.998546183303587,82,488,0.7218200620475698
0.9983016310983918,276,130,0.4039408866995074
0.9993738352917224,17,389,0.7119815668202765
0.9972172239177274,42,436,0.6885245901639344
0.9986324578934282,222,184,0.530920060331825
0.9990307694030532,89,495,0.7125256673511293
0.9982083931732129,33,439,0.738562091503268
0.994986191495039,137,539,0.6699410609037328
0.9976888729730926,51,355,0.7050359712230215
0.9911697421354572,104,310,0.7477820025348543
0.9997536063735293,48,454,0.7138263665594855
0.9967212561707501,61,457,0.6794871794871795
0.999854493339769,147,259,0.6693766937669376
0.9927683983104798,64,446,0.6681081081081081
0.9992598026497644,46,360,0.7127532777115614
0.9992332351636279,259,147,0.4472843450479233
0.9952503677879897,355,761,0.5983870967741935
0.9993924542114961,135,541,0.692156862745098
0.9994659529797127,271,135,0.4169381107491857
0.9956480223199475,47,437,0.6834061135371179
0.9892982080493001,190,592,0.6349206349206349
0.9986174023514491,225,181,0.5272727272727272
0.9992077128763706,242,164,0.48522550544323484
0.9938040100251215,50,390,0.766398158803222
0.9983709798399386,190,596,0.6995348837209302
0.9973508812753769,146,550,0.6666666666666666
0.9916916833414521,45,413,0.6748878923766816
0.9984255374004126,91,497,0.7274590163934426
0.9988109867472621,83,323,0.7057356608478803
0.9939469531380868,381,787,0.5876777251184834
0.9984852434052297,177,229,0.6242937853107344
0.999855254711737,108,298,0.7104247104247104
0.9975728296812031,129,533,0.6857707509881423
0.9981750088177276,181,225,0.6164772727272727
0.9978425950723353,21,385,0.7060185185185185
0.9984656617031304,348,754,0.624493106244931
0.9994855412751366,143,263,0.6765498652291105
0.9989922047354907,155,251,0.6465753424657534
0.9997405454691225,158,248,0.6492434662998624
0.9994819439888173,242,164,0.48833592534992226
0.9907878114259875,55,351,0.6795180722891566
0.9976716689493085,125,529,0.6805555555555556
0.995939417896233,41,433,0.6907894736842105
0.9970805738188001,63,457,0.6794871794871795
0.9969069235539664,91,315,0.6876574307304786
0.9987646914070052,230,176,0.516030534351145
0.9998571371058133,188,218,0.599713055954089
0.9994370315198318,98,308,0.7166454891994918
0.9989342572644436,324,730,0.6435070306038048
0.9948814015948056,326,732,0.6077621800165153
0.9979941548751886,343,749,0.6188925081433225
0.9985551371949156,179,227,0.6090651558073654
0.9962412098890048,226,180,0.5220030349013657
0.9936379547988832,272,134,0.41435562805872755
0.9943067941704958,290,694,0.6121057118499573
0.9925222643353978,187,219,0.6074498567335244
0.9988250234636593,299,107,0.3412969283276451
0.9923060745703767,192,216,0.6014388489208633
0.9986066564887771,11,409,0.7117117117117117
0.9988731953895876,73,477,0.6903765690376569
0.9939967036942238,177,229,0.6073446327683616
0.9991490073300177,109,297,0.6932989690721649
0.9996986453644043,12,398,0.734321550741163
0.9990451061157041,403,809,0.6086956521739131
0.997432827818793,236,642,0.6851025869759143
0.9933915106235932,188,220,0.6094420600858369
0.9997533541003845,189,217,0.6005747126436781
0.9990424935894581,120,526,0.690547263681592
0.999402999291746,223,183,0.5287009063444109
0.9982949814169081,202,204,0.5768667642752562
0.9957857308044025,361,767,0.6019261637239165
0.998188961704716,57,353,0.7451923076923077
0.9977175492241048,245,161,0.478125
0.9907210205802855,41,433,0.756578947368421
0.997545126259487,57,363,0.7553444180522565
0.9988305062837328,156,562,0.7012487992315082
0.999448820383608,61,465,0.6991525423728814
0.9921105190845778,381,787,0.5813586097946287
0.9997953768095373,3,409,0.7274774774774775
0.9967869817236327,94,312,0.6852085967130215
0.9914979165303345,259,147,0.4472843450479233
0.9983102182753042,42,448,0.7357065803667745
0.9996030836063917,144,550,0.6997084548104956
0.9978674817317371,238,168,0.4945904173106646
0.997166384835152,32,404,0.7587768969422424
0.9953241087823811,146,550,0.6647230320699709
0.9964890311271616,96,502,0.7339449541284404
0.9992411038251799,142,548,0.7010710808179162
0.9990517264411964,208,614,0.6806953339432754
0.9981453032232114,93,313,0.6919191919191919
0.9949980219595514,239,645,0.6334519572953736
0.9985955398301074,50,456,0.7336898395721925
0.9975111511735449,190,596,0.6604651162790698
0.9987249236147491,238,168,0.4945904173106646
0.9998034077924534,129,535,0.6942800788954635
0.9992187039479113,182,588,0.6729147141518276
0.9940862587768517,49,439,0.681917211328976
0.9995388883326732,21,427,0.7328918322295805
0.9996754894526204,148,554,0.6931268151016456
0.9987829933762626,38,444,0.7410617551462622
0.9943280394310995,141,265,0.6451612903225806
0.9997012680946044,8,410,0.7154105736782902
0.9997146600780792,263,669,0.6567944250871081
0.9991720266657989,348,754,0.6293592862935928
0.9990823290417798,21,417,0.7098214285714286
0.9982393086427306,294,112,0.3553299492385787
0.9994084714369138,97,503,0.7209775967413442
0.9914866205960385,64,450,0.6695371367061357
0.9958193487519472,101,501,0.6693877551020408
0.9999606698788879,68,338,0.7246022031823746
0.9934135764390993,151,259,0.6747967479674797
0.9997480973371426,29,377,0.7219626168224299
0.9997401382528577,130,276,0.6834437086092715
0.9992167976922807,165,241,0.6388888888888888
0.998144143426077,121,287,0.7049608355091384
0.9994453719180362,112,294,0.6908150064683053
0.9983096375918177,145,261,0.6756756756756757
0.9979957091728908,260,146,0.4448
0.9982421291726586,149,553,0.6763565891472868
0.9958037654300596,293,699,0.6213921901528013
0.9985910254437805,212,618,0.6964448495897904
0.997062507482393,19,389,0.7004608294930875
0.9997144357480706,55,351,0.7301204819277108
0.999053029721625,111,295,0.710594315245478
0.999006355108239,369,775,0.6251993620414673
0.9958078801353494,62,468,0.7412882787750792
0.9959891866625036,31,425,0.7522123893805309
0.9993294327064799,105,301,0.7128205128205128
0.9986475234823777,69,337,0.7083333333333334
0.9992651383759135,134,272,0.6790945406125166
0.9994778611512614,190,216,0.5985611510791367
0.9990988492436479,369,775,0.631578947368421
0.989464016967782,417,823,0.5637480798771122
0.9996911143752445,19,387,0.7159353348729792
0.9926067499365898,43,401,0.7659090909090909
0.9988474512840642,103,303,0.7237851662404092
0.9991405155993229,79,485,0.7219917012448133
0.9981255249772553,224,630,0.6853020739404869
0.9991626774889826,30,376,0.7157894736842105
0.999163119241708,93,499,0.7239263803680982
0.9977224534014827,13,399,0.7061503416856492
0.9965250641151923,213,619,0.7049180327868853
0.9993322778828818,96,310,0.6945500633713562
0.9988581409464959,180,586,0.6741784037558686
0.9991253168880171,202,204,0.5739385065885798
0.9940817029467723,76,472,0.668769716088328
0.9991448472563776,358,764,0.6307320997586484
0.9982005662693809,125,281,0.7026315789473684
0.9982198961692873,110,516,0.6874371859296482
0.9992786663074552,151,557,0.6911196911196911
0.9949732732890074,217,623,0.6406533575317604
0.9969213513172858,403,809,0.5962732919254659
0.9987563023437881,236,642,0.6529884032114184
0.9965302072220827,262,144,0.43980738362760835
0.9914244361292353,212,194,0.5557206537890045
0.9982880369196395,224,182,0.5264750378214826
0.9979359959468137,239,167,0.49226006191950467
0.9988013020958282,156,250,0.6474622770919067
0.9979260731507867,173,579,0.667296786389414
0.9997165847008274,209,615,0.6819012797074955
0.994315577734281,35,373,0.6854460093896714
0.993361150563152,147,553,0.7344961240310077
0.9998409139175045,127,533,0.7055335968379447
0.9984936531903229,31,427,0.7019867549668874
0.9996122440885471,41,447,0.7235421166306696
0.9987181579221553,128,534,0.6850937808489634
0.9990741994729677,164,570,0.6997140133460439
0.9990415706810457,202,608,0.6642134314627415
0.9987446459744328,133,273,0.6914893617021277
0.9960615287732645,28,406,0.7548022598870057
0.9997226080165063,25,385,0.7361111111111112
0.9994938848130195,229,177,0.5152439024390244
0.9979351405414829,285,691,0.6358974358974359
0.9911747847726448,99,505,0.741869918699187
0.9916857113595119,119,291,0.7220779220779221
0.9963509681730356,120,526,0.7263681592039801
0.9914804242840896,104,510,0.7522750252780587
0.996783528077592,283,689,0.6746575342465754
0.9948398518781765,101,507,0.7363083164300203
0.9998237342262264,9,397,0.730593607305936
0.9994873996506743,239,167,0.49226006191950467
0.992817870063191,262,144,0.43980738362760835
0.9998834457254803,128,534,0.6969397828232972
0.9986532557498857,72,476,0.6890052356020943
0.9990470272848063,244,650,0.6536758193091231
0.9992800433703221,144,550,0.6997084548104956
0.9998086213851197,124,282,0.6885676741130092
0.9968672678482229,179,585,0.6635338345864662
0.9992892886237892,143,263,0.6765498652291105
0.9985106622400899,154,252,0.6621067031463749
0.9998951727375958,9,397,0.730593607305936
0.9996369218023635,108,298,0.7104247104247104
0.9994670790253062,57,349,0.7294685990338164
0.997685341306048,140,266,0.6577181208053692
0.9965126319313492,19,403,0.7006802721088435
0.9968715527240721,62,458,0.6808964781216649
0.9939369353667938,179,585,0.7199248120300752
0.992199628018931,179,229,0.6271186440677966
0.9948951199478312,414,820,0.5835257890685143
0.999788229332072,9,403,0.7301587301587301
0.9988248911262222,290,696,0.6672340425531915
0.9982338510970667,28,378,0.704784130688448
0.9976655526991539,163,569,0.7061068702290076
0.9989539691062054,222,184,0.530920060331825
0.9986011887391589,72,336,0.7361963190184049
0.9984010191822495,69,475,0.7337526205450734
0.9975178137277093,195,211,0.5826086956521739
0.9973782699443514,74,332,0.6929716399506781
0.9950253296248283,92,498,0.7389969293756398
0.9998392825407019,200,206,0.5781021897810219
0.9985037910543079,303,103,0.32989690721649484
0.9961364581358616,296,702,0.6232006773920407
0.9964403022223173,28,428,0.7497243660418964
0.9993549629999166,17,417,0.7142857142857143
0.9960571037107827,376,782,0.5995241871530531
0.9961645387899156,129,535,0.7199211045364892
0.9976369342182212,47,369,0.7523584905660378
0.9944690726778045,102,508,0.7355623100303952
0.9900915187080291,134,278,0.7054161162483488
0.9976259266633696,45,439,0.6884531590413944
0.9997075557711896,189,217,0.5977011494252874
0.998395747819504,313,93,0.3006993006993007
0.9998135340396287,25,383,0.7354988399071926
0.9969030578251594,127,533,0.7193675889328063
0.9990080632501742,48,454,0.7331189710610932
0.9981516383089373,129,535,0.6844181459566075
0.9940217920779513,187,593,0.7238805970149254
0.9968364641512495,345,751,0.6113821138211382
0.9994311698975812,54,352,0.7364620938628159
0.9998678003949478,70,476,0.7036649214659686
0.9990244858080499,197,209,0.5813953488372093
0.9994099252649129,202,204,0.5710102489019033
0.9983411213430932,34,372,0.7027027027027027
0.9964790783472077,57,463,0.7452229299363057
0.9988180852457473,261,145,0.4423076923076923
0.9940764857434761,256,150,0.4546899841017488
0.9947866811135717,84,490,0.7368421052631579
0.9950980869580335,57,349,0.6932367149758454
0.9997979948302201,75,481,0.7083333333333334
0.9980134301446938,126,532,0.7141444114737884
0.999322714266043,134,540,0.6928361138370952
0.9899141912520655,179,581,0.6433962264150943
0.9921647650319884,249,157,0.46855345911949686
0.9949175380352335,193,597,0.6468401486988847
0.9945202272980409,86,492,0.7394438722966015
0.9986809475547923,239,645,0.6512455516014235
0.9992947310989977,315,721,0.6383333333333333
0.9995583516689038,12,418,0.7224080267558528
0.9975747484955466,173,233,0.6320224719101124
0.9986331384186822,352,758,0.6402586903799515
0.998090187270966,181,225,0.6164772727272727
0.9996449750769949,240,166,0.4930232558139535
0.9987122025805095,312,94,0.3036649214659686
0.9943713122031353,172,578,0.7265846736045412
0.9948329544760811,36,432,0.7508232711306256
0.9965358030705723,22,398,0.6955530216647663
0.9891043494025946,73,455,0.6616702355460385
0.9983336231635709,252,154,0.46129541864139023
0.9978522897707395,301,105,0.3356164383561644
0.9974651751385628,310,716,0.6594142259414226
0.9986402675290299,407,813,0.608359133126935
0.987762523615394,206,608,0.62557497700092
0.9978720232762809,43,443,0.6941431670281996
0.9993034964526492,42,448,0.727076591154261
0.9996488985758811,112,294,0.6934023285899095
0.9990854095370644,89,495,0.6919917864476386
0.9997923661720932,14,392,0.7187141216991964
0.9991719250972086,48,358,0.7192353643966547
0.9998034643066612,32,438,0.7262813522355507
0.9992360514549902,280,686,0.6678111587982832
0.9976221518282471,97,501,0.6795918367346939
0.9992024364901398,149,257,0.6630434782608695
0.995580851416197,171,575,0.6603415559772297
0.9931577805752502,249,653,0.6254416961130742
0.9925262848503411,80,326,0.6782608695652174
0.9981903254239505,65,343,0.7445255474452555
0.9998499938669133,147,259,0.6612466124661247
0.9988725570930057,163,569,0.6793893129770993
0.9992915385172008,70,336,0.7067484662576687
0.9987812328017014,196,602,0.7030527289546716
0.9986520664397764,90,496,0.7241025641025641
0.9954317546909063,80,478,0.670846394984326
0.9951665014883265,260,146,0.4448
0.9994649112344798,25,387,0.7390300230946882
0.9996125031120001,112,294,0.7063389391979301
0.9996003519293574,65,471,0.7157894736842105
0.9985071845755107,112,294,0.7115135834411385
0.9887756971486926,266,140,0.4394184168012924
0.9992699708116439,51,457,0.7029914529914529
0.989550980873976,58,456,0.7614973262032085
0.9996707939068603,18,390,0.7295742232451093
0.9913532511468819,174,576,0.6426540284360189
0.9999129734572256,16,394,0.7239404352806414
0.9993065924893408,191,215,0.5965417867435159
0.9943980205038397,53,353,0.6899038461538461
0.9992714219709169,170,576,0.680568720379147
0.9958373080253272,57,463,0.7452229299363057
0.9923549317310764,226,180,0.5189681335356601
0.9998646498848393,10,414,0.7166853303471444
0.9997561928404461,149,257,0.6630434782608695
0.9930269619576628,247,159,0.47648902821316613
0.9997160063720995,11,403,0.7346938775510204
0.9986507375709703,99,309,0.7284263959390863
0.9988404273529368,14,420,0.7363737486095662
0.9984437640173928,223,183,0.5287009063444109
0.9987732660252049,254,152,0.45641838351822506
0.9968189441188526,176,230,0.6262341325811002
0.9989985300882142,138,544,0.6823069403714564
0.9981398908889135,247,159,0.47335423197492166
0.9994719879122013,8,410,0.7334083239595051
0.9978186159369224,158,564,0.6711409395973155
0.9992171447837078,193,599,0.6679035250463822
0.9993336864995146,27,425,0.7013274336283186
0.9992605049957819,243,649,0.6524822695035462
0.9926591842896682,60,376,0.7742690058479532
0.9973885464251296,27,405,0.753393665158371
0.9953194432205479,36,400,0.7622298065984073
0.9953439849862974,137,269,0.6524064171122995
0.9995729769179831,89,317,0.6984924623115578
0.9999618007909823,109,297,0.7061855670103093
0.9922053395645628,193,215,0.5994236311239193
0.9984246664536747,506,912,0.573687994248742
0.9983088132693013,241,647,0.6856127886323268
0.9987397278254868,237,169,0.5
0.9915320462454288,116,298,0.7335907335907336
0.9862016338447467,205,203,0.5747800586510264
0.9910402525436597,335,739,0.5944170771756979
0.9994358119118276,225,631,0.6792792792792792
0.9944779848114127,189,219,0.6074498567335244
0.9937537293343173,124,286,0.7137254901960784
0.9930882498893507,65,353,0.7596153846153846
0.9995523927166282,52,458,0.727854855923159
0.9993286298907591,95,501,0.7204081632653061
0.9994697716133466,107,513,0.6975806451612904
0.9962470854828236,274,680,0.6281276962899051
0.990008210486169,141,541,0.6490196078431373
0.9947107348091994,41,365,0.6895734597156398
0.9998383417361236,87,493,0.7098765432098766
0.9986661425591351,62,344,0.707168894289186
0.9982086510977786,107,299,0.7172236503856041
0.9948039584488424,186,220,0.6094420600858369
0.9968798088219165,137,269,0.6871657754010695
0.9990126255165941,275,681,0.6517241379310345
0.9973693653459709,48,372,0.7520564042303173
0.9961316459510555,93,499,0.7341513292433538
0.993248011630599,118,516,0.6613065326633166
0.9948274845286882,162,244,0.6224066390041494
0.9996289426241382,156,562,0.6878001921229587
0.9993626807999304,218,624,0.6727107887579329
0.9985634559293405,195,601,0.6648148148148149
0.9984915335935575,129,277,0.6957671957671958
0.9994580417755207,18,394,0.7353951890034365
0.9979111119561381,294,112,0.3553299492385787
0.9965931158556671,92,318,0.7478042659974906
0.9998731315685636,51,355,0.7338129496402878
0.9997179636475011,34,376,0.7321637426900585
0.9986397207540679,245,161,0.478125
0.9986712559960664,35,435,0.6980306345733042
0.9971505688631083,123,283,0.6745406824146981
0.9959790536650199,241,647,0.6998223801065719
0.9998823303547931,18,424,0.7242524916943521
0.996465405990468,104,306,0.7312101910828025
0.9967969035777561,64,342,0.6991473812423873
0.9957813960076696,61,345,0.6966019417475728
0.9990907884337888,113,519,0.6973947895791583
0.9993734400062348,225,631,0.6702702702702703
0.996549225194958,68,464,0.6786850477200425
0.998540542557699,227,179,0.5197568389057751
0.9984513643934411,320,726,0.6307053941908713
0.9970014170364652,37,443,0.7440347071583514
0.9968554874615778,284,122,0.3826955074875208
0.9978675016686939,35,371,0.7082352941176471
0.9981761260722218,136,542,0.7149853085210578
0.9984435224191538,181,225,0.6164772727272727
0.9923384054068355,50,428,0.6747519294377067
0.9998530900605889,56,350,0.7285886610373945
0.9990694722164574,152,558,0.6808100289296046
0.9958982821461771,98,310,0.7351077313054499
0.9993042129272188,57,463,0.6963906581740976
0.9978136484950285,381,787,0.6303317535545023
0.998859951127973,429,835,0.604261796042618
0.9985117909544097,69,475,0.7295597484276729
0.9998893902352362,146,260,0.6657645466847091
0.9998914454685984,4,410,0.7221597300337458
0.9988102997856678,159,565,0.7011494252873564
0.999016218093396,266,140,0.4297253634894992
0.9994733767488615,251,155,0.4668769716088328
0.9954925757524432,34,408,0.762119503945885
0.9993549490283485,85,491,0.7237113402061855
0.9973749764218998,202,204,0.5710102489019033
0.9989032143239902,81,325,0.7139303482587065
0.9949922003681982,96,496,0.6646153846153846
0.9980771350006746,73,477,0.6861924686192469
0.9984653992260313,254,152,0.4595879556259905
0.9989196714183262,43,445,0.6991341991341992
0.9998976796136697,151,255,0.659400544959128
0.9997776045039954,213,619,0.6848816029143898
0.9930569607981247,64,452,0.6702470461868958
0.9970801179375227,67,345,0.75
0.9990520043027188,247,653,0.6501766784452296
0.9941478459198738,242,164,0.48522550544323484
0.9991814992319693,214,192,0.5484351713859911
0.9996099976487813,48,454,0.707395498392283
0.9985590387160543,105,511,0.6868686868686869
0.9968195012547526,104,510,0.7259858442871587
0.994578578060755,346,752,0.5995125913891145
0.9997039173550855,130,276,0.6834437086092715
0.9977912365299986,99,505,0.7235772357723578
0.9991280115168483,168,238,0.6387726638772664
0.9990466362378839,138,544,0.7018572825024438
0.9948668126090096,248,654,0.6301853486319505
0.9998547341530882,281,687,0.6535162950257289
0.9988531111819893,49,357,0.7129186602870813
0.9986735826546105,45,445,0.6948051948051948
0.9940403037777137,412,818,0.5813415574402467
0.99950411121593,156,562,0.6878001921229587
0.9977846339436882,325,731,0.6181818181818182
0.9994968455295797,341,747,0.634584013050571
0.9985422775438829,276,130,0.4039408866995074
0.9893783185088939,80,348,0.7714631197097944
0.9989423504129885,112,294,0.7089262613195343
0.9973879652706913,266,140,0.4297253634894992
0.9990494621052649,149,257,0.657608695652174
0.9990010234636718,58,354,0.7442977190876351
0.9950360940116015,195,211,0.591304347826087
0.99821095075509,88,318,0.6976160602258469
0.9999065655309648,152,254,0.660300136425648
0.9981201280273809,236,170,0.50231124807396
0.9966643918886888,36,430,0.6908690869086909
0.9907090336028136,116,298,0.7335907335907336
0.9995032959984804,157,249,0.6510989010989011
0.996249688276067,49,445,0.6861471861471862
0.9960288191346284,212,618,0.650865998176846
0.9995139154891041,67,339,0.7114914425427873
0.9988892265865733,390,796,0.6149019607843137
0.9998351904410954,153,253,0.6584699453551912
0.9989207026456373,152,254,0.6630286493860846
0.9982879472818263,220,186,0.5353383458646617
0.9994553807412464,63,469,0.70042194092827
0.9986370355442714,99,505,0.7235772357723578
0.996186075726626,284,690,0.6843455945252352
0.9987557447369366,295,701,0.6661016949152543
0.9976430013324113,347,753,0.6168831168831169
0.9953420463919812,99,311,0.7367088607594937
0.9994620762620321,142,264,0.6621803499327052
0.9906816352008364,135,277,0.7037037037037037
0.9984591784245924,164,570,0.6825548141086749
0.9927770165702067,63,453,0.6738197424892703
0.998716018545417,316,722,0.6394671107410491
0.9986963154947542,269,675,0.6707105719237435
0.9965323108064894,59,355,0.7553956834532374
0.9995341375285764,53,353,0.7307692307692307
0.9991413154323492,425,831,0.6045801526717557
0.9967217965093718,73,333,0.6921182266009852
0.9957672993234186,30,404,0.7565118912797282
0.9906464331286464,68,454,0.6666666666666666
0.9937294164511099,394,800,0.5832681782642689
0.9998151753064178,102,304,0.6998722860791826
0.9982114237476136,22,408,0.7485907553551296
0.9973504246091798,41,437,0.6921397379912664
0.9983760593683451,418,824,0.5986185725249424
0.9977951953502647,408,814,0.5986078886310905
0.998882140960769,167,239,0.6406685236768802
0.9987690057958297,275,131,0.4065573770491803
0.9981393945057873,113,293,0.6761658031088082
0.9967261432368818,129,531,0.6811881188118812
0.9989449951209362,235,641,0.6767857142857143
0.9947070819505758,100,506,0.7370558375634517
0.9986464335430839,414,820,0.6035411855273287
0.9997394666756866,55,461,0.7212765957446808
0.9988346340186872,146,552,0.7002909796314258
0.9998113463118459,141,265,0.6693548387096774
0.9986780581089276,259,147,0.4472843450479233
0.9991706047055336,103,509,0.7105263157894737
0.9991572660965886,14,416,0.7307262569832402
0.9969708238549164,236,170,0.50231124807396
0.9998704732030156,51,355,0.7338129496402878
0.9992993757819707,15,415,0.70917225950783
0.9990397124624918,188,218,0.5968436154949784
0.9908432220370336,154,554,0.648596321393998
0.9997877775323762,49,357,0.7368421052631579
0.9972748384258991,171,577,0.7159090909090909
0.997356112764209,40,366,0.7005917159763314
0.9997216670549441,14,392,0.7187141216991964
0.9994753636942222,74,480,0.7028154327424401
0.9992651914364753,363,769,0.6346153846153846
0.9981558048189179,242,648,0.6530612244897959
0.9992108016918022,203,203,0.5718475073313783
0.9987289869863001,189,595,0.6983240223463687
0.9994714737898929,83,489,0.71900826446281
0.9993969238574085,163,243,0.6398891966759003
0.9966948550875594,261,145,0.4423076923076923
0.9996299633335272,137,543,0.700587084148728
0.9937394756661552,163,245,0.6546961325966851
0.997338545008703,125,281,0.6763157894736842
0.9962936090776872,180,586,0.711737089201878
0.999354289067987,49,455,0.7259100642398287
0.9979464959726811,247,653,0.6466431095406361
0.9995479136516813,76,330,0.7292954264524104
0.9891081094812296,167,239,0.6100278551532033
0.9974905537855416,51,447,0.6911447084233261
0.9990690369000724,184,590,0.6753975678203928
0.9977745822638705,181,225,0.6051136363636364
0.9992974778464876,165,571,0.6952380952380952
0.9987077418826802,239,167,0.49226006191950467
0.9994970040833298,29,379,0.7342657342657343
0.9992963535277174,77,481,0.6895833333333333
0.9889496591835731,56,394,0.7789232531500573
0.9948599729769938,34,374,0.6893317702227433
0.9984210418521547,261,145,0.4423076923076923
0.988734747110603,189,591,0.6373831775700934
0.9969217557078404,235,171,0.5046153846153846
0.9940356309946206,43,441,0.758695652173913
0.9835228368408075,477,881,0.5367647058823529
0.9989284086718576,66,472,0.729758149316509
0.9995633536472583,78,328,0.7261462205700124
0.9989932496204018,129,277,0.6798941798941799
0.9968557061401656,220,186,0.5383458646616541
0.9999069468448846,145,261,0.6675675675675675
0.9960312550539745,63,469,0.740506329113924
0.9997621971610718,130,536,0.6975369458128079
0.9937531207076946,75,331,0.6839506172839506
0.9963703891236103,203,203,0.5659824046920822
0.9970608013812488,49,375,0.7611241217798594
0.9919979258280991,122,518,0.6559679037111334
0.9995967745799947,117,289,0.6953125
0.9955331549945348,101,507,0.7322515212981744
0.999605448882978,13,399,0.715261958997722
0.9940710344771684,34,408,0.685456595264938
0.9996491309120694,5,401,0.7159090909090909
0.9995831621911089,181,587,0.6866791744840526
0.999159546444879,406,812,0.6150271107668474
0.9967885435565625,162,244,0.6500691562932227
0.9994837635893291,52,456,0.7080213903743315
0.9949743702925771,45,383,0.7587006960556845
0.9994146989886609,225,631,0.6864864864864865
0.9960346181202986,225,181,0.5242424242424243
0.9972471620054157,127,279,0.7018469656992085
0.9997857392532766,160,246,0.6482758620689655
0.9993686950105427,206,612,0.694775435380385
0.9994058243742074,8,404,0.7134767836919592
0.9945235275708006,40,446,0.7545945945945945
0.9978778458095378,66,472,0.7360672975814931
0.9993301265753662,186,220,0.6065808297567954
0.9993993888187782,161,567,0.6864244741873805
0.9980080193802354,198,604,0.6592797783933518
0.9962790365752019,169,573,0.6615969581749049
0.9995383709137027,129,535,0.7061143984220908
0.9974100723729661,60,346,0.6981818181818182
0.9990435800751056,302,708,0.636899747262005
0.9991803669070197,105,511,0.692929292929293
0.9990337790985937,32,428,0.6990077177508269
0.9963086275714631,30,422,0.7547169811320755
0.9982143031465082,27,421,0.6977777777777778
0.998747203242342,143,263,0.6738544474393531
0.9959211493645486,32,428,0.7475192943770672
0.9978935005591051,161,245,0.638121546961326
0.9959544428263495,254,660,0.6321334503950834
0.9995531930206064,233,639,0.6601073345259392
0.9993787270673714,114,292,0.7055771725032426
0.9975928269197148,24,408,0.6967305524239008
0.9954911121914413,207,613,0.6446886446886447
0.9950057733541223,130,276,0.6596026490066225
0.9907559672396526,189,219,0.6074498567335244
0.9969121065347701,141,265,0.6827956989247311
0.9916819057555427,104,500,0.6537282941777324
0.9972665267557503,215,621,0.6527272727272727
0.9998050314770442,193,599,0.6753246753246753
0.991420385630365,133,277,0.7037037037037037
0.9931560438622435,103,309,0.7436548223350253
0.9973442218608906,25,417,0.7477678571428571
0.9932482582523231,73,479,0.7494780793319415
0.999545555439371,15,407,0.7358916478555305
0.9951011234978231,115,515,0.6659959758551308
0.997526229478191,316,90,0.29173989455184535
0.9987581392125302,238,168,0.49768160741885625
0.9987331202156913,33,381,0.7418604651162791
0.999132494820361,240,166,0.48992248062015503
0.9994888754564211,11,407,0.7358916478555305
0.9905100624610804,379,785,0.5791139240506329
0.998454502344837,213,619,0.6958105646630237
0.9952499062552916,111,513,0.6693548387096774
0.994490090782689,419,825,0.5812883435582822
0.9989246168824726,185,591,0.6691588785046729
0.9996626930661037,166,240,0.6397774687065368
0.9953628053164288,51,375,0.765807962529274
0.9998688148249804,29,379,0.7272727272727273
0.9952404669697106,167,571,0.6514285714285715
0.9882370481450559,146,260,0.625169147496617
0.9999316920617827,43,363,0.7315914489311164
0.9890124665625349,154,552,0.6498545101842871
0.9984683434592809,67,341,0.7414634146341463
0.9994230359332194,109,515,0.7002012072434608
0.9973909193939272,223,183,0.5287009063444109
0.9982307172272525,200,606,0.6580645161290323
0.9942527711402387,45,435,0.687089715536105
0.9959035428340167,121,285,0.6649214659685864
0.9991105136191828,133,273,0.6888297872340425
0.9931842774186269,59,377,0.7757009345794392
0.999754216726975,99,307,0.7150127226463104
0.9963505130766778,169,573,0.6596958174904943
0.9994094529003249,210,616,0.6703196347031963
0.9949488312080411,120,286,0.6562091503267974
0.994583127611478,241,165,0.48757763975155277
0.9993324282734684,263,143,0.43729903536977494
0.9996959048962709,3,403,0.7188208616780045
0.9962851088698611,161,245,0.6519337016574586
0.9975868866485248,94,498,0.6775844421699079
0.9980081419846698,271,677,0.6730103806228374
0.9996560524896868,115,291,0.6935064935064935
0.9995242200700023,123,529,0.6984126984126984
0.9995742239981715,30,436,0.7278688524590164
0.9976667010364625,193,213,0.5924855491329479
0.9925907788644421,223,183,0.5317220543806647
0.9991832312354587,167,239,0.6323119777158774
0.9874375655068841,160,558,0.6403085824493732
0.9980644833533238,126,280,0.7009222661396575
0.997707481374944,421,827,0.6018376722817764
0.9998741466265318,21,385,0.7175925925925926
0.9994204061387432,81,487,0.7101449275362319
0.9944629151408817,61,367,0.7683215130023641
0.9993478032777062,64,342,0.7381242387332522
0.9986403945290139,188,594,0.6691519105312209
0.9955590006686487,106,512,0.7285570131180625
0.9994660457572041,84,490,0.7203302373581011
0.9983690889687312,285,691,0.6683760683760683
0.9977431719810651,255,151,0.45714285714285713
0.9988638105774237,114,292,0.708171206225681
0.9973497005993825,70,470,0.6828240252897787
0.9994778611512614,244,162,0.4836193447737909
0.9957858372394941,158,248,0.6354883081155434
0.9972667678830376,56,362,0.7562425683709869
0.999305675860285,71,335,0.7272727272727273
0.9979552867577263,198,208,0.5793304221251819
0.998197342133818,251,155,0.4668769716088328
0.9973158525134243,129,277,0.6693121693121693
0.9959548329313682,266,140,0.42649434571890144
0.9975189005273246,73,479,0.7348643006263048
0.9981180110993418,46,448,0.6925566343042071
0.9983647100595195,58,348,0.7061668681983071
0.9993664140343166,143,263,0.6630727762803235
0.9985582536395157,26,432,0.7398463227222832
0.9983711688485674,156,250,0.6556927297668038
0.9931703706849081,113,293,0.6528497409326425
0.9954978736454697,78,334,0.7527675276752768
0.9974248161448981,65,343,0.7445255474452555
0.9984847545573311,252,658,0.6490765171503958
0.995719113425922,120,286,0.6666666666666666
0.9987049689188772,135,271,0.6693333333333333
0.9987259454230254,136,270,0.6889185580774366
0.9996145892711925,107,299,0.712082262210797
0.9997528282042828,62,344,0.7339003645200486
0.9933694892345336,123,529,0.7361111111111112
0.9908840579478196,43,365,0.6777251184834123
0.9990551392714204,138,268,0.6693440428380187
0.994930405221494,150,256,0.6394557823129252
0.9989602767197472,295,701,0.6389830508474577
0.9982500695758582,71,477,0.7259414225941423
0.9958740990886639,45,383,0.7587006960556845
0.9931964907668984,213,619,0.7194899817850637
0.999889075168527,9,415,0.7315436241610739
0.9982323993098582,165,571,0.7085714285714285
0.9979088298810247,272,134,0.41435562805872755
0.9930832457132214,298,702,0.6079593564775614
0.9984625631546962,156,562,0.7108549471661864
0.9946613800095021,37,429,0.7555066079295154
0.9990376755962473,212,194,0.5527488855869243
0.9972869665319071,221,185,0.536144578313253
0.999042800493004,198,208,0.5822416302765647
0.9996936992723221,58,464,0.7168610816542949
0.9978674707428634,20,386,0.707514450867052
0.9981258343925438,141,265,0.6774193548387096
0.9986950544429976,127,533,0.7094861660079052
0.9982632592070717,169,575,0.6717267552182163
0.9997924677406834,49,455,0.708779443254818
0.9990200477159034,211,617,0.6897810218978102
0.9965297100540369,217,189,0.5389221556886228
0.9983303450255426,286,120,0.3772954924874791
0.9989786697396729,91,497,0.6905737704918032
0.9998822112040049,5,407,0.7246049661399548
0.997296496397205,221,627,0.6925858951175407
0.9985526376970857,108,514,0.6888217522658611
0.997598310524708,182,224,0.6173541963015647
0.9994981001449961,271,135,0.4169381107491857
0.9941661811697204,41,445,0.7554112554112554
0.9998458479218253,0,406,0.7231638418079096
0.9997161801532889,51,357,0.7368421052631579
0.9982468969310179,247,159,0.47335423197492166
0.9988783923419594,269,137,0.42207792207792205
0.9920258311311245,181,227,0.623229461756374
0.9972470648323749,300,706,0.6751054852320675
0.9995485412733571,36,442,0.7209554831704669
0.9900478908383868,235,637,0.6182795698924731
0.9989387459054093,118,524,0.7098703888334995
0.999709606765986,54,460,0.7156549520766773
0.9970807824504176,86,322,0.7465667915106118
0.9910232397262789,169,571,0.6476190476190476
0.9980287167669899,206,612,0.6581118240146654
0.9931405325959709,142,266,0.687248322147651
0.9998805628729399,150,556,0.693719806763285
0.99334762702716,385,791,0.5858267716535434
0.9992133390227549,36,372,0.7168037602820212
0.9995989433127244,112,518,0.7021063189568706
0.9996392682408803,76,330,0.7144622991347342
0.999564402770735,19,423,0.7139689578713969
0.9999502287219868,116,290,0.6970091027308193
0.9982887678367289,167,239,0.6295264623955432
0.9945967410992512,186,220,0.6094420600858369
0.998662121887208,201,205,0.5789473684210527
0.9994883214601994,31,435,0.7089715536105032
0.9998244649863318,159,565,0.6877394636015326
0.9955446875035845,25,411,0.6966292134831461
0.9990214546057135,29,385,0.7361111111111112
0.9955146878782032,78,484,0.7393561786085151
0.9995422647426297,140,546,0.6985365853658536
0.9997957705251859,18,422,0.7192008879023307
0.9933681415276582,69,355,0.7649880095923262
0.9995118097069228,107,299,0.6889460154241646
0.9942864928541486,278,684,0.6122098022355976
0.9996767914771778,107,299,0.6915167095115681
0.9978753328110915,283,689,0.6335616438356164
0.9962821451706064,210,616,0.6484018264840182
0.9997620280893997,164,242,0.6407766990291263
0.9994815067886254,195,601,0.6796296296296296
0.9938513976594309,199,603,0.6414048059149723
0.9988912388063438,338,744,0.624693376941946
0.9974135406185106,91,319,0.7443609022556391
0.9987964836316657,209,197,0.5591715976331361
0.9989423527677472,219,187,0.5375375375375375
0.9990055160292353,67,339,0.7383863080684596
0.9934743741100335,48,454,0.7481243301178992
0.9946183414574615,145,263,0.6819407008086253
0.9943687233814598,145,551,0.7339805825242719
0.9939207153181634,173,235,0.6386554621848739
0.9912949429268078,64,448,0.668824163969795
0.9911276059269367,228,630,0.6239855725879171
0.9938602371094881,146,552,0.7390882638215325
0.9991859301028557,14,410,0.7401574803149606
0.9980220689693132,48,358,0.7096774193548387
0.9946144570475691,240,646,0.7075555555555556
0.9962965060587796,123,527,0.6759443339960238
0.9990891831163154,15,401,0.7386363636363636
0.9953805892387801,254,152,0.4595879556259905
0.9962045442558127,275,131,0.4065573770491803
0.9983444644724605,104,508,0.6889564336372846
0.9982010770950271,285,121,0.38
0.9992493619638153,213,193,0.5505952380952381
0.9993149040025058,101,507,0.6957403651115619
0.9947186017439286,94,318,0.7478042659974906
0.9995301130890354,151,557,0.6911196911196911
0.9980889458421982,66,342,0.7429963459196103
0.9933110022097851,243,647,0.6216696269982238
0.9973725367349398,34,430,0.6952695269526953
0.9986468713712116,138,544,0.6803519061583577
0.9998158927228906,162,568,0.6857688634192932
0.9990494977406126,100,506,0.6944162436548224
0.9991603575807467,188,218,0.599713055954089
0.9962736520270566,162,568,0.664756446991404
0.997511954931169,146,260,0.6549391069012178
0.9991474505205729,124,282,0.6938239159001314
0.9909307229851869,94,322,0.7515605493133583
0.997594176824365,149,553,0.6724806201550387
0.9966832293300665,437,843,0.5854765506807866
0.9882722046919118,231,633,0.6169064748201439
0.9994763503381024,105,511,0.701010101010101
0.9916245063153291,405,811,0.5782945736434109
0.9971648149960428,220,186,0.5383458646616541
0.9934494398845064,140,546,0.7395121951219512
0.9996300804435245,15,397,0.7351598173515982
0.9989818323375428,202,608,0.6881324747010119
0.9989179547992599,27,423,0.7006651884700665
0.999605508850832,75,481,0.7041666666666667
0.987495243436556,66,384,0.7809965237543454
0.9991066588792498,145,261,0.6567567567567567
0.9894532494413302,75,357,0.7799043062200957
0.9962568826917216,235,171,0.5046153846153846
0.9905954340794657,160,250,0.6666666666666666
0.9924329698460619,160,248,0.6629986244841816
0.999139479034559,256,150,0.4546899841017488
0.9955085857566007,147,259,0.6422764227642277
0.9990071425395365,90,316,0.6968553459119496
0.9958670952514771,128,280,0.7035573122529645
0.9861508434271836,141,265,0.6182795698924731
0.9978691143644112,280,126,0.3933884297520661
0.9984921665526865,290,116,0.3663865546218487
0.9962506936010328,32,422,0.6970033296337403
0.9981324578577143,213,619,0.6958105646630237
0.9914395882163196,525,931,0.5475177304964539
0.9945243777956623,159,249,0.6593406593406593
0.99880035406999,292,114,0.3608768971332209
0.9976990472573448,220,186,0.5383458646616541
0.9961818768779599,168,572,0.6622264509990485
0.9984140295378369,90,494,0.6824254881808839
0.9894479330242023,362,766,0.5831325301204819
0.9994911886143488,236,170,0.49922958397534667
0.996259143574007,25,383,0.6983758700696056
0.9986981533053997,18,414,0.7435610302351624
0.9975434046169357,283,689,0.6352739726027398
0.998961189738173,177,583,0.672316384180791
0.9988406527818329,278,684,0.6689595872742906
0.9908226764537208,51,355,0.6786570743405276
0.9986404403683157,235,641,0.6767857142857143
0.9952190229674756,177,229,0.6271186440677966
0.9979991934307942,250,656,0.6431718061674009
0.9971433972101209,30,422,0.6947835738068813
0.9930972405149142,241,165,0.4906832298136646
0.9980529637169547,115,293,0.7098445595854922
0.9996628546025482,15,397,0.7328767123287672
0.9988498691502603,124,530,0.6878097125867195
0.9979484309563674,69,337,0.7034313725490197
0.9972885916293531,213,619,0.7012750455373407
0.9984383446188191,134,272,0.6897470039946738
0.9987960627578004,78,484,0.7289719626168224
0.9983901485173684,103,303,0.7237851662404092
0.998181902138241,78,484,0.7289719626168224
0.9998555664817843,118,524,0.7018943170488534
0.9997034539385805,46,360,0.734207389749702
0.9992098618291274,16,400,0.7394766780432309
0.998579239091747,97,503,0.7230142566191446
0.9987405311121591,69,339,0.7408312958435208
0.9997550490556708,119,287,0.6919060052219321
0.9976358232430833,29,433,0.7478070175438597
0.990105643806368,250,652,0.610079575596817
0.9980796012179156,143,263,0.6792452830188679
0.9995102112967416,93,499,0.7096114519427403
0.999335422113634,80,326,0.7105590062111802
0.995806988780703,164,242,0.6296809986130375
0.9995753927433885,60,346,0.72
0.994816920767353,199,207,0.5830903790087464
0.9997231850893632,30,376,0.7228070175438597
0.9981051674606679,141,547,0.7076023391812866
0.994435080323632,29,417,0.6941964285714286
0.9990582803624943,121,527,0.7017892644135189
0.9991743550511663,75,331,0.7160493827160493
0.9996742963748972,155,561,0.6903846153846154
0.9979616135233051,13,395,0.7048054919908466
0.9985229264511486,176,582,0.6729500471253534
0.9950178020893147,179,227,0.623229461756374
0.9991703941901091,66,472,0.7318611987381703
0.9971602462932823,83,327,0.749379652605459
0.9980249191692002,214,192,0.5514157973174366
0.9996151098298414,218,188,0.5397301349325337
0.9973768773400774,240,166,0.48992248062015503
0.9972036152964554,227,179,0.5197568389057751
0.9992575582507897,148,258,0.6675712347354138
0.9945779601720813,283,123,0.3853820598006645
0.9986690079864616,293,113,0.3581081081081081
0.9947539683352574,85,491,0.7381443298969073
0.995253655188069,274,680,0.6212251941328731
0.9987305864953686,136,270,0.6889185580774366
0.9999470061562631,26,380,0.7240977881257276
0.9948848175647075,93,499,0.7402862985685071
0.9912737683089639,219,187,0.5405405405405406
0.9950475802103977,43,433,0.6842105263157895
0.9969670758640425,36,430,0.6908690869086909
0.9992561847985528,71,335,0.7321867321867321
0.9991788876476269,13,405,0.7352941176470589
0.9992237004318288,44,450,0.7319698600645855
0.9930247472286472,243,163,0.48598130841121495
0.9946224845768391,112,294,0.6597671410090556
0.9956972600096473,224,182,0.5264750378214826
0.9997801233108464,147,259,0.6693766937669376
0.9996318997300685,189,595,0.6741154562383612
0.9956194595683029,114,292,0.6614785992217899
0.9931489164787187,230,176,0.5129770992366413
0.9974536781078768,192,598,0.6629526462395543
0.9998719774228503,118,524,0.6979062811565304
0.9986783803968966,143,549,0.7042801556420234
0.9986941274530035,13,393,0.7110091743119266
0.9980847163816697,13,393,0.7064220183486238
0.9987831483193826,17,409,0.704954954954955
0.9994154277079754,26,380,0.7334109429569267
0.997734711019217,323,729,0.6539735099337748
0.9927557136965078,67,357,0.7703349282296651
0.9991559901313605,249,157,0.46855345911949686
0.9957009361018898,273,679,0.6234887737478411
0.999442751228627,132,274,0.6746347941567065
0.9994963119412664,34,372,0.7215041128084606
0.9915099011530477,200,208,0.5851528384279476
0.9979732761720169,277,129,0.40131578947368424
0.9985645606251217,79,485,0.7302904564315352
0.9994865224245798,7,405,0.7149321266968326
0.9961226338186961,199,603,0.6506469500924215
0.9905611492642672,272,674,0.6071118820468343
0.9999449710168417,53,353,0.7307692307692307
0.9989162673792014,236,170,0.49922958397534667
0.9953076576534335,126,284,0.7103538663171691
0.9992959703299906,113,519,0.6933867735470942
0.9970138498482439,182,224,0.6145092460881935
0.9907309516964597,113,509,0.6538461538461539
0.9989992740349681,240,166,0.48992248062015503
0.9997166098182532,45,361,0.7285714285714285
0.9991577003140862,140,546,0.686829268292683
0.9918502432138783,126,532,0.7378832838773491
0.998089387123972,48,454,0.7416934619506966
0.9993871021590204,165,241,0.6361111111111111
0.9986531912294984,259,665,0.6468531468531469
0.9928250366926933,295,701,0.6101694915254238
0.9853304728237896,463,869,0.5459940652818991
0.9991878216019987,186,592,0.6704014939309056
0.9979637681274827,217,189,0.5419161676646707
0.9953028506490966,169,237,0.6229050279329609
0.9991571356429585,32,378,0.7374562427071178
0.9985940834903657,216,622,0.6902815622161671
0.9997299267634185,208,614,0.6678865507776761
0.9967742515843262,29,401,0.7545454545454545
0.9994404944279234,16,408,0.741826381059752
0.999245625432767,28,424,0.7043189368770764
0.9934934784240597,422,828,0.5784238714613619
0.9994304975354904,119,287,0.6997389033942559
0.9963354886175131,24,384,0.6929316338354577
0.993749960778551,143,549,0.7315175097276264
0.9976808740148942,83,323,0.6907730673316709
0.9984379794742422,325,731,0.6528925619834711
0.9948930742904877,39,433,0.7587719298245614
0.9944505206331768,40,444,0.7540628385698809
0.9984120714775158,190,216,0.5928057553956835
0.9969537614306196,260,146,0.4448
0.994112946826632,55,373,0.7699530516431925
0.9986410097489608,122,284,0.6998689384010485
0.9943419144540684,86,330,0.7589616810877626
0.9986945031155025,167,573,0.6730038022813688
0.9921321998185504,231,635,0.6211849192100538
0.9993996828496434,360,766,0.6281124497991968
0.9913129350098251,59,381,0.772093023255814
0.9987230308597349,195,211,0.591304347826087
0.999512510640085,266,672,0.6637706342311034
0.9956502394037218,298,108,0.3543441226575809
0.998369634173854,23,383,0.7076566125290024
0.9986082410843742,296,702,0.6536833192209992
0.9982920211712994,284,122,0.3826955074875208
0.9951711474271709,168,238,0.6192468619246861
0.9948639649208652,234,638,0.6356311548791406
0.997982932409363,127,279,0.6728232189973615
0.9983866014659007,216,622,0.6575840145322435
0.9997311418188892,10,416,0.7284916201117319
0.999057983034967,318,724,0.6483790523690773
0.9967854688696828,335,741,0.6131147540983607
0.9989775195185573,142,264,0.6756393001345895
0.9959699296031318,274,132,0.40916530278232405
0.9930348725339191,205,611,0.7211009174311926
0.9988870085608957,130,536,0.6876847290640394
0.9915811506557883,174,234,0.6367461430575035
0.996881301110974,103,305,0.7270408163265306
0.9973772847133261,217,189,0.5389221556886228
0.9986199073437161,227,179,0.5197568389057751
0.9984276477351274,211,617,0.6916058394160584
0.9892095182619891,234,174,0.5114854517611026
0.997159462629599,78,484,0.731048805815161
0.9997547512571919,65,341,0.7219512195121951
0.9994570384913458,222,628,0.6630532971996387
0.9986400981433899,39,367,0.7139479905437353
0.9984612303612922,352,758,0.6257073565076798
0.9978074170186836,195,211,0.5826086956521739
0.9995273509571222,62,344,0.7193195625759417
0.9983445208296847,359,765,0.6302250803858521
0.9996908481305314,128,534,0.6949654491609082
0.9995010453201493,14,392,0.7187141216991964
0.9988528245293677,203,203,0.5689149560117303
0.9994851866484818,266,672,0.6672458731537794
0.9988781281380373,140,546,0.6790243902439025
0.9995249968263936,152,254,0.6575716234652115
0.9989396973848935,33,429,0.698237885462555
0.9871685853492745,423,827,0.5604900459418071
0.9909272555245621,61,443,0.6681127982646421
0.9992580091085819,254,660,0.6584723441615452
0.9983455759185501,251,657,0.6742957746478874
0.9996488734584555,5,411,0.7303370786516854
0.9993435560779956,138,544,0.6881720430107527
0.9989679981303908,269,675,0.6689774696707106
0.9944235691643943,153,255,0.670299727520436
0.999788479407442,81,325,0.7114427860696517
0.9981475295690363,371,777,0.6098726114649682
0.9996889249206385,70,336,0.7116564417177914
0.9992653641187774,205,201,0.5676470588235294
0.9992214698474382,182,588,0.697282099343955
0.9972965080140143,196,602,0.6586493987049029
0.9986238850020516,143,263,0.6765498652291105
0.998774644186959,238,644,0.6767586821015138
0.9907907274021335,120,526,0.7422885572139304
0.997992775457563,79,485,0.7282157676348547
0.9922357606917451,115,299,0.7352185089974294
0.9925416504355442,64,454,0.6730975348338692
0.9993831828986997,279,685,0.6649484536082474
0.9950424761925011,113,519,0.7314629258517034
0.9988533102375884,44,362,0.718192627824019
0.9993819320508973,137,269,0.6711229946524064
0.9991177981436024,292,698,0.6440101954120646
0.9953202355183464,216,190,0.5411061285500748
0.9996689570381181,35,371,0.7270588235294118
0.9964185619914422,126,532,0.7200791295746786
0.9985278541761131,121,285,0.6832460732984293
0.9971911978690999,240,646,0.6897777777777778
0.9992771656982505,15,409,0.740990990990991
0.996472642006859,166,240,0.6425591098748261
0.9992425322217858,103,303,0.6930946291560103
0.9971018668025127,70,340,0.7521367521367521
0.9968940232441007,42,438,0.6892039258451472
0.9870912996581742,41,381,0.6697674418604651
0.9973158159361729,50,356,0.7065868263473054
0.9970001055928731,146,260,0.6765899864682002
0.9891642959067636,45,407,0.672686230248307
0.9994569986174325,305,711,0.6470588235294118
0.9987673588776199,128,534,0.7127344521224087
0.9928603111344666,123,283,0.6456692913385826
0.9993073615535205,118,288,0.6883963494132985
0.9987297453755737,221,627,0.6871609403254972
0.9982931575778305,183,223,0.6125356125356125
0.998056400879685,88,320,0.7384230287859824
0.9995056140229094,245,161,0.478125
0.9922659114926329,111,507,0.6572008113590264
0.9988530928148716,147,553,0.6782945736434108
0.9974799823319948,130,276,0.6966887417218544
0.9990489322845654,310,716,0.6343096234309623
0.9979486869971261,161,245,0.649171270718232
0.9960638712871835,102,308,0.7318932655654383
0.9996546496814588,167,573,0.6825095057034221
0.9981003873005798,333,739,0.6502463054187192
0.9990411998850479,98,504,0.6917599186164801
0.9988375956771511,153,559,0.7013487475915221
0.9985898431979473,267,673,0.6701388888888888
0.9922729126610932,385,791,0.584251968503937
0.9990801686291972,237,643,0.679144385026738
0.9986795296761087,165,571,0.7066666666666667
0.9985945324643509,125,281,0.6815789473684211
0.9992964924584786,196,602,0.669750231267345
0.9997397464210159,61,345,0.720873786407767
0.9923565350077589,68,338,0.6829865361077111
0.9976574366309583,224,182,0.5264750378214826
0.9953571232837721,161,247,0.6528925619834711
0.9999503759728954,14,420,0.7230255839822024
0.9998753158427004,173,579,0.6843100189035917
0.9983743807393853,350,756,0.6234817813765182
0.9972163430810032,437,843,0.5869894099848714
0.9992490253903101,75,481,0.7270833333333333
0.9973260125121406,175,231,0.6281690140845071
0.9943030282834562,149,555,0.7311411992263056
0.9982592950493526,172,578,0.6717123935666982
0.9972935669204427,174,232,0.6188466947960619
0.9981165805049615,178,228,0.6223479490806223
0.9955099089739862,48,438,0.6870229007633588
0.9990201252659555,79,483,0.6964656964656964
0.9997849072385487,24,428,0.7144432194046306
0.9990181099065069,357,763,0.6376811594202898
0.9961032941857871,97,503,0.7311608961303462
0.9920577139355016,515,921,0.5514285714285714
0.9995043503024263,77,329,0.7277227722772277
0.9913355896719811,281,683,0.6110154905335629
0.9910958179408418,341,745,0.5882352941176471
0.9987240237829715,94,500,0.7191011235955056
0.9994482976271847,109,297,0.7087628865979382
0.9994776363503008,259,665,0.6678321678321678
0.9986045291997999,301,105,0.3356164383561644
0.9996235645123331,131,275,0.6816976127320955
0.9986270118075897,260,666,0.6672489082969433
0.9982197655586734,151,557,0.7084942084942085
0.998225066905346,93,499,0.7259713701431493
0.9926580601278819,81,473,0.6617647058823529
0.9931487957580915,258,148,0.44976076555023925
0.9996226978041608,219,625,0.677536231884058
0.9993570984520572,61,345,0.720873786407767
0.9956137015554334,100,502,0.6707441386340469
0.9989755597314133,10,400,0.7098976109215017
0.9896351016445589,59,347,0.6779661016949152
0.9855153210649586,566,972,0.523776705720193
0.9955183118517872,122,528,0.7269116186693148
0.9995057790129999,278,684,0.6534823731728289
0.9987623120018669,176,230,0.6234132581100141
0.9955954323958132,336,742,0.6060606060606061
0.9948816835379096,74,332,0.6855733662145499
0.999600921937938,67,473,0.7226890756302521
0.9886495845947872,92,334,0.7675276752767528
0.9959584810804746,204,610,0.6483011937557392
0.9997666281889421,70,336,0.7239263803680982
0.9989726440692352,235,641,0.6589285714285714
0.9987532488497364,254,152,0.45641838351822506
0.9972272198682569,175,579,0.6616257088846881
0.9982882392719008,197,603,0.6580406654343808
0.9987799543247307,298,108,0.3441226575809199
0.9975643994882016,78,330,0.7466007416563659
0.9998820473128018,146,552,0.6886517943743938
0.9941921262146501,39,443,0.754880694143167
0.9981997490111406,167,239,0.6323119777158774
0.9998052176599626,158,248,0.6519944979367263
0.9985254289316728,465,871,0.5866666666666667
0.9997617481870865,43,363,0.7220902612826603
0.9993112475332521,104,510,0.7199191102123357
0.9981601818443228,214,620,0.6569608735213831
0.998124813212203,38,382,0.7479674796747967
0.9950603503806011,125,531,0.7306930693069307
0.9914837529709373,64,470,0.7586933614330874
0.9939337054228261,176,232,0.630098452883263
0.9994244720220365,19,387,0.7136258660508084
0.9911046204996803,417,823,0.5714285714285714
0.9976585764911357,322,728,0.656172328086164
0.9972304504401602,212,194,0.5557206537890045
0.998368269826684,210,616,0.6885844748858447
0.9987720451613296,215,191,0.5462686567164179
0.9980078518784022,126,530,0.6818632309217046
0.999146558224023,122,528,0.70506454816286
0.9927784994402296,124,524,0.6600199401794616
0.9988841392089715,23,383,0.7076566125290024
0.9926788600251303,199,601,0.6388888888888888
0.9994296722710706,83,489,0.7210743801652892
0.9979036702908236,74,332,0.7422934648581998
0.9985600369767441,321,727,0.6533996683250415
0.9872620355167011,52,414,0.6674132138857782
0.9980022641930761,111,517,0.6867469879518072
0.9994975304503833,93,499,0.721881390593047
0.9994480517903801,30,436,0.7125683060109289
0.9954186953563389,267,673,0.6284722222222222
0.996491974418508,111,297,0.7216494845360825
0.9873736661478377,102,496,0.6502564102564102
0.9981579713538729,109,299,0.7172236503856041
0.9983134576383067,189,217,0.6005747126436781
0.9995309805821271,255,151,0.45714285714285713
0.9987679100481313,56,462,0.7375132837407014
0.99862318249905,213,619,0.6939890710382514
0.9977204504437629,146,260,0.6549391069012178
0.9971882654096434,300,706,0.6261603375527426
0.9966610209731691,240,166,0.48992248062015503
0.9997647855117954,128,534,0.7068114511352419
0.9934480667462372,102,304,0.6666666666666666
0.9991611241331838,153,559,0.6840077071290944
0.9994112002882376,102,508,0.6950354609929078
0.9995452085049278,106,512,0.7023208879919274
0.998936127099807,13,409,0.7387387387387387
0.9984606583119208,323,729,0.6556291390728477
0.9998978896581425,1,405,0.7217194570135747
0.9996078563882361,22,384,0.7161066048667439
0.9997276335424475,106,512,0.7043390514631686
0.9991361765640244,77,329,0.7227722772277227
0.9981824073124662,126,532,0.7141444114737884
0.9994541757327461,99,307,0.7201017811704835
0.9995210119467983,97,503,0.7209775967413442
0.9982073037048709,56,462,0.7375132837407014
0.9952405916149357,284,122,0.3826955074875208
0.9960828922427531,276,682,0.6218776916451335
0.992962098874387,222,184,0.5339366515837104
0.998989200220419,111,517,0.714859437751004
0.9942024177658837,46,452,0.7540279269602578
0.9992797212393367,148,258,0.6648575305291723
0.9980072010231075,84,490,0.7265221878224974
0.9944144435326671,26,382,0.6898954703832753
0.9990709265154084,186,592,0.6834733893557423
0.999663667308255,196,602,0.6901017576318224
0.9967495087221866,164,570,0.661582459485224
0.999573454620024,141,547,0.7017543859649122
0.9976445790207163,124,282,0.6780551905387647
0.9993004935074168,144,262,0.6585695006747638
0.9992600067288484,330,736,0.6403292181069958
0.9990437508736009,69,339,0.7334963325183375
0.9995327388019297,93,499,0.721881390593047
0.9994654755916397,297,703,0.637901861252115
0.9949155165534123,205,609,0.6470588235294118
0.9970759489157996,130,276,0.6675496688741722
0.996968013057991,91,495,0.675564681724846
0.9988785191849594,139,267,0.6809651474530831
0.9991824078548459,102,508,0.7213779128672746
0.9989564875990887,175,231,0.6169014084507042
0.9979732917134242,21,427,0.739514348785872
0.9998908329173777,6,406,0.7231638418079096
0.9933178870531673,387,793,0.5880503144654088
0.9938655943424332,44,392,0.7669345579793341
0.9926415176342982,73,333,0.6822660098522167
0.9999172756013051,87,493,0.7098765432098766
0.9914979041286055,179,229,0.6271186440677966
0.9972910225252142,171,575,0.6660341555977229
0.9976828984794099,56,462,0.7417640807651434
0.999401546876602,122,284,0.6893840104849279
0.9969477759480632,37,433,0.6907894736842105
0.9986312257267111,192,598,0.7038068709377902
0.9992679304917534,220,186,0.5353383458646617
0.9971650463903274,223,183,0.5317220543806647
0.9979811164194812,143,549,0.708171206225681
0.9951423691366166,37,369,0.6863207547169812
0.9991867955551567,241,647,0.6749555950266429
0.9930629115872369,54,384,0.7717265353418308
0.9987748024267412,375,781,0.6285714285714286
0.9994608786317755,141,265,0.6720430107526881
0.9994645738760554,77,331,0.725925925925926
0.9989624581681736,15,391,0.7149425287356321
0.9997495306002496,119,287,0.6971279373368147
0.9978045016704733,135,271,0.688
0.998537835213171,254,660,0.646180860403863
0.998043609987605,250,156,0.4692913385826772
0.9996862459901983,55,461,0.7148936170212766
0.9992328470994002,208,198,0.5612998522895125
0.9981383142994961,278,128,0.3986820428336079
0.9989755499984107,78,482,0.6951092611862643
0.9940247912555698,68,338,0.6854345165238678
0.9979114103825528,88,494,0.7297019527235354
0.9993743713917783,48,358,0.7192353643966547
0.9995909107599693,156,250,0.6529492455418381
0.996252351822084,263,669,0.6306620209059234
0.9995580650162823,122,284,0.6972477064220184
0.99924995661887,44,362,0.718192627824019
0.9969061453847199,202,608,0.7120515179392825
0.9990443894841505,285,121,0.38
0.9965684422234322,225,181,0.5242424242424243
0.9945651788560201,115,297,0.729381443298969
0.9985674770722194,205,611,0.691743119266055
0.9999706860803416,6,410,0.7221597300337458
0.9961808404701797,130,276,0.6649006622516557
0.9992544633129854,73,479,0.7181628392484343
0.9983286919849603,38,444,0.7388949079089924
0.9992587656140487,210,196,0.557037037037037
0.9983422900883101,133,273,0.6914893617021277
0.997954691160768,40,446,0.7416216216216216
0.9931263032603153,181,227,0.623229461756374
0.9953601978136681,75,331,0.6888888888888889
0.9976716567045633,249,655,0.6419753086419753
0.9966516769768218,168,574,0.7160493827160493
0.998010459538147,158,564,0.7114093959731543
0.9994752754692642,127,533,0.7075098814229249
0.9986994937910153,188,218,0.6025824964131994
0.998974482978768,178,584,0.6961429915333961
0.9925487897498462,432,838,0.5694760820045558
0.9998613146046672,150,556,0.6917874396135266
0.9991077213463591,283,123,0.3853820598006645
0.9988092233469905,15,403,0.7392290249433107
0.997583187950599,476,882,0.5804555473916239
0.9974862904164882,212,618,0.6526891522333638
0.9935656337239666,40,396,0.7611428571428571
0.9993526110669628,217,189,0.5419161676646707
0.9984934184993761,97,503,0.725050916496945
0.9995510002693381,49,455,0.7109207708779444
0.9976052096536261,37,435,0.6980306345733042
0.9971489996519347,45,361,0.7047619047619048
0.9995490947986272,264,670,0.6579634464751958
0.9946303577909247,238,644,0.6304541406945681
0.9998533445315088,175,581,0.6867924528301886
0.9997544267714479,123,283,0.6902887139107612
0.9983970542396108,110,296,0.7148387096774194
0.9989698491276849,120,286,0.6849673202614379
0.9954348733332812,62,356,0.7568862275449102
0.9977109606093625,103,307,0.7302798982188295
0.9974865503818447,63,347,0.7506053268765133
0.99951276291323,213,193,0.5505952380952381
0.9916324117111165,69,463,0.6709129511677282
0.9999064465371603,102,304,0.7049808429118773
0.9977891374981253,149,257,0.6711956521739131
0.9966447699987082,115,521,0.722
0.9996951841831359,134,540,0.6987242394504416
0.9986167044009809,161,245,0.6464088397790055
0.9999678365083903,64,470,0.7123287671232876
0.9978262748679695,226,632,0.6876687668766877
0.9985146267117769,61,345,0.7063106796116505
0.989288144595689,226,182,0.529500756429652
0.9995327482209645,88,318,0.7176913425345044
0.990796315872379,96,492,0.654994850669413
0.9982774902695505,158,564,0.673058485139022
0.9970242671435904,28,434,0.7447973713033954
0.99890626091075,121,527,0.709741550695825
0.999919239313047,106,300,0.7086007702182285
0.996009378090113,168,238,0.6192468619246861
0.9991898752655216,80,326,0.7080745341614907
0.9974083786735508,134,272,0.6631158455392809
0.9998149944609523,18,424,0.7264673311184939
0.9996446802612102,79,485,0.7095435684647303
0.9996531707360337,76,330,0.7243510506798516
0.9992979039008217,33,429,0.7048458149779736
0.9961983678808207,231,637,0.7025089605734767
0.9992697767795302,25,381,0.713953488372093
0.9908276421687918,70,356,0.7760479041916167
0.9937971415080659,206,612,0.7222731439046746
0.999493859224642,183,223,0.6096866096866097
0.9927361778337104,334,740,0.5972108285479901
0.9942479727700169,181,585,0.6466165413533834
0.9936681407641671,317,723,0.6039933444259568
0.9959765160200995,201,607,0.6556169429097606
0.9992169681768079,233,173,0.50920245398773
0.9979991858955665,185,591,0.7009345794392523
0.9992686942184802,357,763,0.6376811594202898
0.9998037680705291,73,333,0.7167487684729064
0.9989022554662622,357,763,0.6376811594202898
0.9982418847487093,200,606,0.6617511520737327
0.9990729443865995,134,540,0.6849852796859667
0.9996236623133097,113,519,0.7054108216432866
0.9987338694998982,41,371,0.7411764705882353
0.9989605542673017,164,570,0.6768350810295519
0.9993328624909661,123,529,0.7103174603174603
0.996812043891047,196,602,0.7030527289546716
0.9997445598616933,182,588,0.689784442361762
0.9930099499252016,33,377,0.6822429906542056
0.9904690347159552,454,860,0.5571321882001493
0.9975431710248762,204,202,0.5697503671071953
0.9943717048198966,171,235,0.6386554621848739
0.99409329197003,150,258,0.6757123473541384
0.9983205931849947,29,377,0.7079439252336449
0.9960340096506598,223,183,0.5317220543806647
0.993052197435315,71,351,0.7686746987951807
0.9994435645622697,158,564,0.6826462128475551
0.9969101905461372,313,719,0.6227045075125208
0.9993026371227207,131,537,0.7047244094488189
0.9994140393422671,61,347,0.7360774818401937
0.9967039069368483,222,184,0.5339366515837104
0.9975180758908404,15,397,0.7031963470319634
0.9961576107759578,77,477,0.6757322175732218
