site_id,y_true,probability,prediction
site_18684,1,0.26524149293434707,0
site_04960,0,0.5350716381487441,1
site_13655,0,0.17626017271527236,0
site_12717,0,0.5148717003693429,1
site_20836,0,0.5271668011241187,1
site_08085,0,0.31363660559164624,0
site_17781,0,0.364380096905601,0
site_16125,0,0.4547381392651765,0
site_17602,0,0.5947893505897883,1
site_11697,0,0.4406114498351046,0
site_00622,0,0.4733029792590061,0
site_09104,0,0.475769167594585,0
site_07100,0,0.2672861871908908,0
site_20787,0,0.5974447525562955,1
site_15828,0,0.5526943650151992,1
site_18383,0,0.49291341347564177,0
site_17706,0,0.4678101378276331,0
site_16774,0,0.32507371345675945,0
site_11137,0,0.42580119346470313,0
site_13600,1,0.538682194529456,1
site_18972,0,0.5288115825181687,1
site_12425,1,0.21548099986601527,0
site_04110,0,0.5240984750493166,1
site_19057,0,0.4120690830321678,0
site_02562,1,0.5555014191538054,1
site_12124,0,0.34441196062055235,0
site_13811,0,0.29392862074398535,0
site_10452,0,0.49757524972895895,0
site_18497,0,0.3662351744870806,0
site_21459,0,0.46984464369036805,0
site_10696,0,0.2435345137987525,0
site_09754,0,0.6034986325034732,1
site_15795,0,0.40947665702813946,0
site_11363,0,0.4735999095252348,0
site_21335,0,0.43140558398391254,0
site_12661,0,0.2862968228152336,0
site_20465,0,0.23760710314981212,0
site_13704,0,0.3068007562463028,0
site_18656,0,0.5781202818780083,1
site_02681,0,0.4577561130888239,0
site_14055,0,0.46445959717176005,0
site_15191,0,0.5055359718809298,1
site_18410,0,0.4710946405351623,0
site_09586,0,0.7073911978850368,1
site_18609,0,0.523298457937206,1
site_04866,0,0.48867171179724833,0
site_10650,1,0.28350017476977674,0
site_04165,0,0.5984849197666883,1
site_07482,1,0.5831388949970632,1
site_03813,0,0.5317154552120931,1
site_15032,0,0.45753746906520487,0
site_21462,0,0.525599614728651,1
site_16892,0,0.36393494856369285,0
site_15103,0,0.5945754169244435,1
site_01830,0,0.5297613326439925,1
site_14964,0,0.550444824522332,1
site_18579,1,0.46535800682104783,0
site_04694,0,0.4337578727656789,0
site_20856,0,0.0428729762571609,0
site_01741,0,0.43799002805202286,0
site_15582,0,0.39830362764452126,0
site_10875,0,0.4745917616983304,0
site_02972,0,0.28038543477487654,0
site_14464,0,0.4710946405351623,0
site_02088,0,0.5487401205267585,1
site_21422,0,0.49269278441093617,0
site_13509,0,0.5916878033874555,1
site_14768,1,0.5274714514542506,1
site_11478,0,0.4467395944700155,0
site_13403,0,0.4753125827770532,0
site_15719,0,0.2905478253861833,0
site_21209,0,0.5578432400521103,1
site_06719,0,0.4630462264584529,0
site_04441,0,0.46533443311531386,0
site_02391,1,0.6186985941617943,1
site_05733,0,0.2806526782890239,0
site_04515,0,0.4369255256967403,0
site_03233,0,0.2787142368711792,0
site_21311,0,0.1327788323807404,0
site_08745,0,0.5825868860079032,1
site_21081,0,0.3151122394203858,0
site_20872,0,0.6359018205549672,1
site_03743,0,0.5435402021580871,1
site_00160,0,0.4141386807003318,0
site_17179,0,0.43456827393810626,0
site_08267,0,0.4209176437034647,0
site_00957,0,0.3858240708318065,0
site_19111,0,0.5257900783026572,1
site_05096,0,0.507839949654847,1
site_21142,0,0.48633230702947294,0
site_03040,0,0.41759922136880323,0
site_00849,0,0.43478341647518964,0
site_00903,0,0.4889306457297179,0
site_08509,0,0.2806976262361114,0
site_03676,0,0.6067416706071678,1
site_11932,0,0.5237960224490122,1
site_10306,1,0.04125855756161678,0
site_03816,0,0.5278079766404749,1
site_06844,0,0.35034048396699496,0
site_20520,0,0.4742568883121498,0
site_15744,0,0.5908499007549302,1
site_19516,0,0.4787249417698784,0
site_09216,0,0.12771549604578772,0
site_16755,0,0.5192142510996228,1
site_06554,1,0.5028213557039335,1
site_10420,0,0.036620810725723776,0
site_13405,0,0.3317284401579484,0
site_03226,0,0.5626255725801618,1
site_17074,0,0.4823450994566683,0
site_11852,0,0.5325030699885147,1
site_05984,0,0.28973542907893385,0
site_12321,0,0.5363444697810903,1
site_14646,0,0.518178069354648,1
site_02457,0,0.023278144440671535,0
site_13418,0,0.33799056639520514,0
site_06826,0,0.5280369173317594,1
site_05829,0,0.41243376711040985,0
site_20449,0,0.462824947548651,0
site_10154,1,0.7998454915196623,1
site_04474,1,0.3317284401579484,0
site_13705,0,0.5058659118143775,1
site_16658,0,0.43799002805202286,0
site_10175,0,0.034433358680490064,0
site_12701,0,0.4630586765162146,0
site_09086,0,0.26050098150086326,0
site_17296,0,0.6382402948402371,1
site_21176,1,0.4215636293647304,0
site_06858,0,0.4847886292694636,0
site_09353,0,0.32337253417013606,0
site_08324,0,0.5059457180833671,1
site_07666,0,0.42484555990382905,0
site_14927,0,0.4882994582741796,0
site_09601,0,0.41371588383088215,0
site_00961,1,0.3109315290706816,0
site_14111,0,0.518178069354648,1
site_09437,1,0.32576739049310777,0
site_14606,0,0.505339893093735,1
site_02439,0,0.2672861871908908,0
site_03275,0,0.5153728857855111,1
site_12333,0,0.4974549462164118,0
site_11496,0,0.4665010499984304,0
site_20728,1,0.41613541948002625,0
site_11147,0,0.404157395437489,0
site_01454,0,0.6054612750958905,1
site_02331,1,0.5161666841437108,1
site_15983,0,0.43524105551820597,0
site_09701,0,0.026170140030311467,0
site_00245,0,0.5424254637533586,1
site_05436,0,0.4982416834724003,0
site_12851,0,0.5339382385413433,1
site_21105,0,0.6054612750958905,1
site_00899,0,0.2890247972017967,0
site_13595,0,0.29392862074398535,0
site_01587,0,0.5249634106821557,1
site_12975,0,0.48615886450424206,0
site_15397,0,0.4394946745013736,0
site_08569,0,0.3258232444235448,0
site_02945,0,0.484619244349172,0
site_00279,0,0.5086477579605598,1
site_09441,0,0.26113933074991846,0
site_07160,0,0.4950552938476008,0
site_04998,0,0.5154586302075583,1
site_15846,0,0.38579364162495117,0
site_18745,0,0.49843088580143013,0
site_11371,0,0.17052064784992696,0
site_17588,0,0.0657066528963059,0
site_08623,0,0.5217980941777953,1
site_13780,0,0.7375641961198681,1
site_18760,0,0.4828096490611438,0
site_06449,1,0.5078913351597195,1
site_02575,0,0.43210424502181066,0
site_12991,0,0.5111081080586332,1
site_16018,0,0.5007975939582727,1
site_11217,0,0.49031080361551116,0
site_07855,1,0.4588067727830253,0
site_09101,0,0.4999212800976271,0
site_21251,0,0.5170526656939473,1
site_14954,0,0.24966178867073507,0
site_04134,0,0.5026391342460077,1
site_06687,0,0.5224703069297442,1
site_09713,1,0.29518743030248584,0
site_13136,0,0.5284792933188133,1
site_09084,0,0.5630231314193556,1
site_17813,1,0.4195755769406468,0
site_02053,0,0.49814320199175577,0
site_15857,0,0.4350921296308254,0
site_15443,1,0.4711757746610415,0
site_17535,0,0.18075046925019994,0
site_15419,0,0.6101781623235037,1
site_19879,0,0.6842679775434153,1
site_04019,0,0.5518795100374392,1
site_02090,0,0.4642314835587618,0
site_07211,1,0.5458689660562054,1
site_16449,0,0.41343995179869436,0
site_12136,0,0.5738446626938979,1
site_06020,0,0.6258247280393658,1
site_07425,0,0.4916418033536308,0
site_15447,0,0.5604329040462722,1
site_10917,0,0.12554774488471268,0
site_18869,0,0.420559773703984,0
site_10957,0,0.49689886496190605,0
site_07846,0,0.3826399166593014,0
site_15052,0,0.522673233021609,1
site_09968,0,0.3011933181736704,0
site_08089,0,0.45004697467206306,0
site_02670,0,0.17677209306571073,0
site_06510,0,0.5022471971551454,1
site_14722,0,0.47341230494268355,0
site_17605,0,0.5631334196695353,1
site_00468,0,0.4718113658913405,0
site_19475,0,0.42173771974345853,0
site_11653,0,0.3192495591587792,0
site_02351,0,0.46741508369236645,0
site_10975,0,0.202717639842239,0
site_08289,0,0.38050960352353036,0
site_03295,0,0.1447785719472102,0
site_16410,0,0.6539136042801423,1
site_08660,0,0.6116316219377802,1
site_05824,1,0.24938237115044942,0
site_17207,0,0.48430213981582904,0
site_13391,0,0.5010429289809306,1
site_10337,0,0.5750092889500552,1
site_04211,0,0.473641280331034,0
site_19918,0,0.48416219831099483,0
site_01649,0,0.4379530212370957,0
site_15301,0,0.46064632484760154,0
site_12367,0,0.3992350252706374,0
site_08909,0,0.5972603795427207,1
site_17465,0,0.44631702183328725,0
site_07953,0,0.29665442764844646,0
site_13769,0,0.5766138719820493,1
site_08957,0,0.6685254845454591,1
site_04688,1,0.5335156665015994,1
site_19834,0,0.3758641001303435,0
site_19755,0,0.523974236201459,1
site_16575,0,0.5830925262629784,1
site_00249,0,0.29320039223342115,0
site_13910,0,0.536791928801108,1
site_13053,0,0.5613952370213686,1
site_06877,0,0.4096662391718038,0
site_10351,0,0.35207554171381666,0
site_19052,0,0.38064516489985567,0
site_03476,1,0.4711124040682223,0
site_03039,0,0.38832972508501157,0
site_00362,0,0.4671960199375268,0
site_11904,0,0.3329996264543049,0
site_14096,0,0.6141833072998054,1
site_01634,0,0.4028308304669417,0
site_07343,0,0.40302336720009896,0
site_11367,0,0.21856073579033897,0
site_09771,0,0.5821995756878874,1
site_06293,0,0.5243300224069323,1
site_19013,0,0.45093172199480624,0
site_00828,0,0.5367940547351427,1
site_13280,1,0.42553236997426236,0
site_20182,0,0.4832457758820633,0
site_09654,0,0.38644969694588777,0
site_00832,0,0.45033813127729727,0
site_12690,0,0.4862640613038591,0
site_10217,0,0.4287239066111137,0
site_09493,0,0.5613987007421433,1
site_06164,0,0.48811574568929994,0
site_18283,0,0.5417354908283796,1
site_07628,0,0.4208979291414982,0
site_07876,0,0.509421808204532,1
site_08261,0,0.42421893964166774,0
site_05185,0,0.43567299090928857,0
site_15995,0,0.47175243235843306,0
site_16078,0,0.4648036956750708,0
site_12489,0,0.16078257922344394,0
site_02878,0,0.33910179946261004,0
site_03630,0,0.5785133722810902,1
site_05768,0,0.4528387959743567,0
site_20831,0,0.41827967611881034,0
site_04236,0,0.5401575651282351,1
site_03821,0,0.42887095499859257,0
site_09480,0,0.2900701608860615,0
site_04009,0,0.3788147266096838,0
site_00478,0,0.463328318367735,0
site_12108,0,0.4829288203499254,0
site_21465,0,0.4068858356129379,0
site_18128,0,0.4291218716921561,0
site_03410,0,0.5282302090491883,1
site_11414,0,0.19599197109767927,0
site_03569,0,0.3311304247835585,0
site_21475,0,0.3957460806444375,0
site_10843,0,0.42775279812168854,0
site_17708,0,0.5541655977926554,1
site_14717,0,0.4939512149410137,0
site_11661,0,0.561934937597366,1
site_13030,0,0.3315387278766752,0
site_07547,1,0.6409568170135513,1
site_01891,0,0.46771366987199053,0
site_01376,0,0.6331779307349482,1
site_05210,0,0.49134063002036776,0
site_10558,0,0.6314077591427599,1
site_13220,0,0.46704252669394064,0
site_05621,0,0.3625130980131162,0
site_00319,0,0.4585477234877319,0
site_08269,0,0.6310370565195557,1
site_17359,0,0.5559826396118046,1
site_14949,0,0.5199663524285901,1
site_21520,0,0.26561521223681195,0
site_03164,0,0.3621297217587038,0
site_08851,0,0.4929029150876274,0
site_13342,0,0.49885719656934624,0
site_03240,0,0.4131990581987391,0
site_00334,1,0.2902782958461288,0
site_02070,0,0.6423707798873954,1
site_19505,0,0.425983546360832,0
site_07056,0,0.5392058007060013,1
site_11089,0,0.5366198015002193,1
site_11552,0,0.6652539291792527,1
site_06662,0,0.59211033870721,1
site_09823,0,0.691653824298797,1
site_16041,0,0.33705630950019566,0
site_08683,0,0.2919240214521741,0
site_11026,0,0.09793206352692485,0
site_05354,0,0.3868935921035233,0
site_00489,0,0.5221665680203119,1
site_17202,0,0.5371450417292762,1
site_16707,0,0.5800550516781193,1
site_06710,0,0.2785263175301488,0
site_02518,0,0.5343650297272672,1
site_19153,0,0.561934937597366,1
site_14712,0,0.29664550088318514,0
site_17102,0,0.545017418095902,1
site_02163,0,0.5528685677011672,1
site_13714,1,0.4951569031432373,0
site_21211,0,0.4590679196350124,0
site_14457,0,0.5012462612434518,1
site_19474,0,0.44501916061234786,0
site_21200,0,0.19218654451708034,0
site_09238,0,0.6362151724622553,1
site_15999,0,0.39845129891029546,0
site_06817,0,0.5764467842785408,1
site_07287,0,0.42458999771787853,0
site_00443,0,0.7609882488569687,1
site_13329,0,0.47639935649457194,0
site_17430,0,0.569812815047562,1
site_11685,0,0.4605855960075701,0
site_12673,0,0.4055485400216753,0
site_00016,0,0.3586709986510548,0
site_10625,0,0.3697180022777412,0
site_14131,0,0.4789103577238086,0
site_00336,1,0.10208656632683492,0
site_03810,0,0.5371516844487704,1
site_13660,0,0.47754574813378625,0
site_12670,0,0.4677244697347593,0
site_18143,0,0.440926462092044,0
site_01101,0,0.3050055037335773,0
site_21516,0,0.5428275402900531,1
site_10842,1,0.5129425007917284,1
site_04666,0,0.5154536989087418,1
site_05133,0,0.2885718041654554,0
site_16846,0,0.48445948555990476,0
site_14232,1,0.52743894255185,1
site_02715,0,0.44062423371020754,0
site_17183,0,0.5192142510996228,1
site_13178,0,0.16362628465294726,0
site_19507,0,0.4912289854577565,0
site_02486,0,0.5595692707652582,1
site_05608,1,0.3554744728490832,0
site_12337,0,0.5395349952202149,1
site_03310,0,0.37566101972018734,0
site_02112,0,0.4576263495535902,0
site_17890,1,0.4858639427740522,0
site_05393,1,0.47376751452127,0
site_14226,0,0.5164711504914902,1
site_17655,0,0.4040718021378756,0
site_09269,0,0.5221470567638515,1
site_14553,0,0.523298457937206,1
site_03608,0,0.4790549704076577,0
site_07584,0,0.4665010499984304,0
site_15692,0,0.6143215374783453,1
site_21165,0,0.3067516516120459,0
site_20051,0,0.487804015013808,0
site_07926,0,0.21085764009870586,0
site_11915,1,0.4467395944700155,0
site_02447,0,0.41722956673073897,0
site_06359,0,0.40572308028366877,0
site_15778,0,0.4990526099543589,0
site_18088,0,0.36735985051688347,0
site_12987,0,0.3858240708318065,0
site_11171,0,0.5765738818277278,1
site_01070,1,0.31866869127607883,0
site_13513,1,0.3837557039266602,0
site_13042,0,0.49188466006275033,0
site_09720,1,0.3391704036062103,0
site_12346,0,0.5241386040822169,1
site_10738,1,0.28624859623229965,0
site_00754,0,0.52554603690329,1
site_04175,0,0.5233402126388561,1
site_20647,0,0.38949453298210535,0
site_05534,0,0.5430685791245621,1
site_17355,0,0.3592201385393757,0
site_03933,1,0.5402503204406548,1
site_12289,0,0.6818553547156292,1
site_00467,0,0.486252796643438,0
site_04543,0,0.42470535758520106,0
site_06994,0,0.3913474723725629,0
site_01557,0,0.47521098304251974,0
site_10104,0,0.2090149824441348,0
site_08322,1,0.5165396592628785,1
site_00934,0,0.2532033761015788,0
site_16585,0,0.6791900247698124,1
site_06963,0,0.38630894023934226,0
site_21214,0,0.3884503372228419,0
site_19171,0,0.513208609055439,1
site_01395,0,0.3439138587932937,0
site_09351,0,0.29970215357426944,0
site_05749,0,0.32903729400991594,0
site_01860,0,0.4497252186421508,0
site_20318,0,0.4386938362084128,0
site_11112,0,0.6917923125738454,1
site_16223,0,0.49322241180907417,0
site_19627,0,0.4475542439440842,0
site_04279,0,0.3900463310209429,0
site_04626,0,0.49170168386148916,0
site_14628,0,0.613246080203937,1
site_12487,0,0.4953190571672941,0
site_02797,0,0.41860901944573436,0
site_07611,0,0.37707885395879187,0
site_05353,0,0.523757382415698,1
site_12121,0,0.40545728706777734,0
site_06875,0,0.4641760895089658,0
site_21184,0,0.4132809730036192,0
site_05312,0,0.5398368414578897,1
site_20488,0,0.08853300583099555,0
site_10007,0,0.5671184637055977,1
site_05922,0,0.3038516712126069,0
site_11582,0,0.269509748282523,0
site_14422,0,0.38494168044500726,0
site_09367,0,0.26415110374304324,0
site_10830,0,0.51295775884321,1
site_21411,0,0.4768613186864677,0
site_00321,0,0.437030877409122,0
site_14681,0,0.3715652680563972,0
site_04510,0,0.4006420546014155,0
site_08554,0,0.2929975759974876,0
site_15319,0,0.4863146093315178,0
site_06860,1,0.544175633039154,1
site_01037,0,0.4215636293647304,0
site_20113,0,0.42037791844664374,0
site_04691,0,0.46096011599327763,0
site_06090,1,0.3715215637956337,0
site_02998,0,0.5707154662400927,1
site_08046,0,0.34062890251764816,0
site_10274,0,0.3788147266096838,0
site_10628,0,0.3025254007133483,0
site_14852,1,0.4976312026539521,0
site_18827,0,0.49399340535920233,0
site_14610,0,0.4762577097126839,0
site_14411,0,0.4118449869806546,0
site_21204,0,0.02323742246926518,0
site_13310,0,0.4929551550140614,0
site_04083,0,0.4184212752228726,0
site_06491,0,0.5020804725144458,1
site_14370,0,0.5231664141286038,1
site_05507,0,0.48110005815730883,0
site_12637,0,0.42316852102612057,0
site_16249,0,0.5632014972268313,1
site_12498,1,0.41206570793079206,0
site_03335,0,0.6432517298285907,1
site_03114,0,0.246567358038077,0
site_10307,1,0.2531865785662699,0
site_18444,0,0.3341263831430769,0
site_00779,0,0.3925622930766841,0
site_05619,0,0.4874310924597996,0
site_17076,0,0.38112701719519687,0
site_16294,1,0.5190847432154774,1
site_21225,0,0.5529648014143717,1
site_16359,1,0.5454881157794257,1
site_03683,0,0.5598016496954187,1
site_07340,0,0.5584473007224106,1
site_00015,0,0.3506163408577944,0
site_04717,0,0.5936408903670896,1
site_11940,0,0.5435981553419639,1
site_04325,0,0.42826317822647064,0
site_04709,0,0.5358142199733072,1
site_18531,0,0.4800050655707478,0
site_13161,0,0.47255854230174243,0
site_13135,0,0.19665823572242572,0
site_16099,1,0.5049623844978588,1
site_03322,0,0.5108695214504336,1
site_15899,1,0.5978137633446932,1
site_21215,0,0.5097999986247734,1
site_11189,0,0.3543403588396584,0
site_18670,0,0.4103664010621088,0
site_14000,0,0.48835099737161114,0
site_02684,0,0.49032832446005753,0
site_07689,0,0.3198121071856728,0
site_19632,1,0.6636213480156684,1
site_21389,0,0.4167678505595689,0
site_12957,0,0.57183829785666,1
site_19959,0,0.6604528741131711,1
site_19900,0,0.4559453300902156,0
site_08446,0,0.2988028633965393,0
site_01154,0,0.4628212244751936,0
site_02608,0,0.6032971484571742,1
site_06357,0,0.16211105420545666,0
site_12894,0,0.309198974220259,0
site_10398,0,0.24679437754591205,0
site_05963,0,0.35954774206251233,0
site_14161,0,0.4355920457762931,0
site_17530,1,0.11984572254142199,0
site_14847,0,0.03571017333704483,0
site_02016,0,0.4084150521822523,0
site_03527,0,0.6007248889393506,1
site_15803,0,0.24312479040480983,0
site_15040,0,0.5373862927350288,1
site_07267,0,0.5021332123922184,1
site_15722,0,0.5189391355518214,1
site_18546,0,0.4007402240011275,0
site_00102,0,0.4872480216012153,0
site_10296,1,0.3709249883208088,0
site_03737,0,0.4319647264816919,0
site_17177,0,0.16877918872906353,0
site_02298,0,0.5848052868885869,1
site_05888,0,0.5825696075752859,1
site_07057,0,0.48085375299928684,0
site_00477,0,0.47438494788310465,0
site_18523,0,0.41638304737210863,0
site_08982,0,0.6564485221986011,1
site_17320,0,0.5074043696825955,1
site_01223,0,0.4821602750570628,0
site_08145,0,0.4538863728801182,0
site_00938,0,0.489350743831945,0
site_12485,0,0.5099351903245795,1
site_07219,0,0.5101150953553291,1
site_04714,0,0.27380264402284654,0
site_03622,0,0.5281174122479803,1
site_19008,0,0.37106765115766915,0
site_16723,0,0.4946178960491523,0
site_12630,0,0.3524317582453047,0
site_14508,0,0.5125871460603497,1
site_13455,0,0.5209881973025186,1
site_07162,0,0.4950552938476008,0
site_10501,0,0.5127880116987339,1
site_08440,0,0.4526022722211878,0
site_04617,0,0.28922566147071443,0
site_10786,0,0.2525753261638519,0
site_17058,0,0.45773041746990273,0
site_17632,0,0.4253750338546913,0
site_11590,0,0.4443245361237431,0
site_17115,0,0.4760805935646304,0
site_17032,0,0.5027237450398917,1
site_19442,1,0.5263182386847063,1
site_15183,1,0.5804456203243186,1
site_12666,0,0.5392799943564055,1
site_16851,0,0.520265343149457,1
site_19509,0,0.2853536083161502,0
site_13003,1,0.5802146843439759,1
site_06245,0,0.29978952218093563,0
site_13479,1,0.3304276825413773,0
site_13736,0,0.5051769994071724,1
site_05293,0,0.561934937597366,1
site_00668,0,0.4787249417698784,0
site_08425,0,0.531454559475336,1
site_12555,0,0.4334273374577231,0
site_21392,0,0.3190355320117664,0
site_04796,0,0.6420293898638666,1
site_19050,0,0.12439862065782077,0
site_20210,1,0.32806080013055555,0
site_19376,0,0.4585477234877319,0
site_11405,0,0.38095610390317414,0
site_05042,0,0.4654184389486023,0
site_06140,0,0.5361950337231138,1
site_05958,0,0.5074043696825955,1
site_21007,1,0.4672966411142801,0
site_00773,0,0.3769651587539483,0
site_12127,0,0.26988209038751554,0
site_01706,0,0.48543197240528035,0
site_20312,0,0.44527435936177434,0
site_12310,0,0.4071497404084155,0
site_11318,0,0.4626043446392586,0
site_01585,0,0.46704252669394064,0
site_11966,1,0.4572240203523901,0
site_17898,0,0.49613778952186155,0
site_05711,0,0.2729403424295354,0
site_13682,0,0.4623159406295599,0
site_11902,0,0.5885858105730105,1
site_07603,0,0.4253157187174337,0
site_21092,0,0.5536238424320773,1
site_12397,0,0.471976347770894,0
site_18480,0,0.5679706689722595,1
site_19904,0,0.528888297191633,1
site_19792,0,0.34644431339858806,0
site_05689,1,0.43685921981473413,0
site_03549,0,0.44682807877870473,0
site_17367,0,0.5146304977442735,1
site_13941,1,0.28379286453097047,0
site_13234,0,0.43209761641248734,0
site_04509,0,0.5231664141286038,1
site_07007,1,0.3897197302471668,0
site_13464,0,0.42999976817059876,0
site_15596,0,0.40606111657883753,0
site_05472,0,0.5504816481884958,1
site_00813,1,0.4907251894941695,0
site_13551,0,0.4526914241366176,0
site_17089,0,0.4357513326607066,0
site_04519,0,0.49170168386148916,0
site_07308,0,0.4850588930478312,0
site_18937,0,0.5379698098827331,1
site_18133,0,0.47341230494268355,0
site_13241,0,0.4569033052860929,0
site_17402,0,0.2859205814648044,0
site_15914,0,0.5017943044224122,1
site_11541,0,0.43827702240572075,0
site_08743,0,0.7601285298009907,1
site_13532,0,0.38427657372296825,0
site_02760,0,0.4923718761098558,0
site_07889,0,0.5420021371461483,1
site_10952,0,0.4750824015919303,0
site_01663,0,0.6310548935746724,1
site_17293,0,0.4740386262745247,0
site_12869,1,0.5970602512803199,1
site_15090,0,0.5873336653463633,1
site_15815,0,0.5234733439166163,1
site_03465,0,0.44729460633791807,0
site_11676,0,0.5148717003693429,1
site_20982,0,0.5164522880370911,1
site_14674,0,0.5223260969494339,1
site_05926,0,0.43276198130458565,0
site_00114,0,0.44177212326443843,0
site_06504,0,0.4375525621900879,0
site_03470,0,0.2558926276731974,0
site_13257,0,0.4793538219726373,0
site_11188,0,0.3329996264543049,0
site_12431,0,0.32065160762319195,0
site_17810,1,0.4252478384535674,0
site_04527,0,0.47255854230174243,0
site_19448,0,0.5141635697854501,1
site_07416,1,0.47351676798061154,0
site_14942,0,0.4828552846917398,0
site_21053,0,0.46176390079072704,0
site_01107,0,0.49291341347564177,0
site_14896,0,0.4006081412352546,0
site_14875,0,0.550444824522332,1
site_04859,0,0.34766182664582973,0
site_09896,1,0.3737012454392197,0
site_03917,0,0.10038243961192275,0
site_04595,0,0.5010429289809306,1
site_01551,0,0.27467929491153587,0
site_02383,0,0.5584473007224106,1
site_02796,0,0.4389383969225151,0
site_02781,0,0.2053517868030767,0
site_02913,0,0.4270331569876107,0
site_04723,0,0.514129483119583,1
site_18685,0,0.5367450965589768,1
site_18557,0,0.43115501254834987,0
site_07778,0,0.39775115891577095,0
site_04967,0,0.5679359444752684,1
site_09487,0,0.6469504862139588,1
site_15754,0,0.5240984750493166,1
site_05069,0,0.5212429938309784,1
site_20234,0,0.4449102978696836,0
site_19453,0,0.5002039739238535,1
site_14489,0,0.5113203667895323,1
site_10614,0,0.23663538907388465,0
site_16406,0,0.42226505550182847,0
site_02772,0,0.661293589095024,1
site_07646,0,0.4931154640389085,0
site_18904,0,0.270153195760506,0
site_16306,0,0.36698580941000625,0
site_05904,0,0.47639935649457194,0
site_12173,0,0.5392799943564055,1
site_18228,0,0.5842408565731092,1
site_01480,0,0.5301674075467518,1
site_01956,0,0.5128073895384591,1
site_14660,0,0.4632092998481271,0
site_04909,0,0.3723379688565891,0
site_02280,1,0.34827684640682965,0
site_19832,0,0.4367213803545348,0
site_17303,0,0.49447347376995465,0
site_15055,1,0.5078252163594549,1
site_02443,0,0.553020708012843,1
site_06590,1,0.3044772685166474,0
site_12469,0,0.3720034788922225,0
site_18653,0,0.5371450417292762,1
site_10340,0,0.6116316219377802,1
site_11692,0,0.2991257742906086,0
site_18049,0,0.17626017271527236,0
site_21358,0,0.25071389402261185,0
site_10970,0,0.5802354686542165,1
site_14997,0,0.34860429418249167,0
site_00181,1,0.3940720080380196,0
site_00785,0,0.523441035988064,1
site_07607,0,0.35596248738737934,0
site_19711,0,0.4777599844168733,0
site_06071,0,0.5107131681438444,1
site_04855,0,0.3282561862001855,0
site_08210,0,0.696609911903326,1
site_11686,0,0.41106140005117847,0
site_18058,1,0.5670579399672491,1
site_18459,0,0.4571242846759938,0
site_15970,0,0.06886855313155563,0
site_04128,0,0.5947294037275869,1
site_04610,0,0.3491794690074875,0
site_15985,0,0.5119536544850598,1
site_03613,0,0.46396289329652407,0
site_17761,0,0.5235273819587714,1
site_07389,0,0.5027371142867841,1
site_02617,0,0.4724468142182446,0
site_17037,0,0.5701742693389814,1
site_16558,1,0.41647425212751354,0
site_17930,0,0.6389532413962652,1
site_00822,0,0.5007779496296172,1
site_08824,0,0.43587938638992074,0
site_02834,0,0.4727231180202637,0
site_08252,0,0.135656999545976,0
site_14514,0,0.4235076992478505,0
site_06344,0,0.40302336720009896,0
site_19573,0,0.5593537973121002,1
site_01405,0,0.3096150040432455,0
site_10312,0,0.11774846601131832,0
site_01276,1,0.6057512825075017,1
site_14546,1,0.5702646650536325,1
site_02699,0,0.45230037214558394,0
site_02030,0,0.4920821979109501,0
site_06139,1,0.3780437522636737,0
site_17020,0,0.10494415256044297,0
site_00591,0,0.39755395757175915,0
site_11167,0,0.42726247758305413,0
site_12908,0,0.3777362264321185,0
site_16983,1,0.46610047402401555,0
site_01367,0,0.337268848485892,0
site_07488,0,0.4559863697450284,0
site_19379,0,0.5964580205230744,1
site_10092,0,0.4526012185758757,0
site_09864,1,0.47625877685373635,0
site_19213,1,0.5801306944216229,1
site_08248,0,0.3917505853296104,0
site_09382,0,0.5951928464060603,1
site_20554,0,0.16512791481612932,0
site_19613,1,0.4345673672109273,0
site_02045,0,0.7323478444576307,1
site_03176,0,0.5243300224069323,1
site_06138,0,0.37344571049019715,0
site_04344,0,0.48604941111723027,0
site_06646,0,0.3960744758061289,0
site_17844,0,0.36892844443168893,0
site_02042,0,0.42059518746802993,0
site_20485,0,0.2855946766241564,0
site_10493,0,0.4887454446995075,0
site_10984,0,0.3070811310086862,0
site_19360,0,0.12007787874017656,0
site_06333,0,0.24480868342352538,0
site_04290,0,0.4563073264040466,0
site_19698,0,0.4024765456931905,0
site_00860,1,0.3888730978386693,0
site_05095,0,0.5703038157576489,1
site_02634,0,0.43270439840690733,0
site_12047,1,0.5002239168858675,1
site_10677,0,0.3441963137204016,0
site_06109,0,0.5176999986847589,1
site_01446,0,0.3066424760092043,0
site_00437,0,0.47906275701027495,0
site_13602,0,0.5127249919098775,1
site_01164,0,0.4467046245836056,0
site_18315,0,0.2421712902637474,0
site_05023,0,0.6169951719000598,1
site_06769,1,0.6868667521517962,1
site_03107,1,0.46048773261176956,0
site_16076,0,0.40588793510983584,0
site_04745,0,0.522673233021609,1
site_02370,0,0.5141295430526791,1
site_17880,0,0.3755366393375486,0
site_07799,0,0.2440248366659113,0
site_01087,0,0.39806889128590484,0
site_11556,0,0.25342828936695977,0
site_18847,0,0.37710525702995656,0
site_15864,0,0.3252464180247855,0
site_05868,0,0.5750451732066868,1
site_01808,0,0.3042008636883835,0
site_16521,0,0.39221253912200266,0
site_07097,0,0.3960031188605162,0
site_06945,0,0.4281191781451719,0
site_15686,0,0.3003731032260031,0
site_15738,0,0.4051356913467175,0
site_09403,0,0.5007923535227583,1
site_06091,0,0.3811341163186225,0
site_05856,0,0.48235653504461296,0
site_00980,0,0.3744973275753779,0
site_01141,0,0.33422193320575927,0
site_02475,0,0.5790036693855165,1
site_09064,0,0.5139242765119308,1
site_06974,0,0.518403043542502,1
site_04291,0,0.6049762277010724,1
site_20877,0,0.48562527782741305,0
site_15904,0,0.48260506792377605,0
site_15263,0,0.34249077182434035,0
site_17620,0,0.48543197240528035,0
site_08879,0,0.437030877409122,0
site_20477,0,0.3857823082022378,0
site_16429,1,0.05540958469846237,0
site_01161,0,0.4167992302569352,0
site_20302,0,0.5421453839770565,1
site_17256,0,0.5283585555029865,1
site_20215,0,0.2527410882684201,0
site_19031,0,0.5290683763365396,1
site_18275,0,0.5284869625053582,1
site_05333,0,0.2188408456495029,0
site_03328,0,0.309198974220259,0
site_20650,1,0.4571242846759938,0
site_09709,1,0.3626561295679767,0
site_14268,0,0.608111250049958,1
site_12850,0,0.4837791035365266,0
site_16919,0,0.13517084570884022,0
site_07347,0,0.45059095279462796,0
site_18466,0,0.5223784270676417,1
site_02592,0,0.10549940397273636,0
site_19939,0,0.2527410882684201,0
site_12919,0,0.3944316658266878,0
site_11355,0,0.3398071943184373,0
site_09777,0,0.3912512620689501,0
site_01198,1,0.5215231052913943,1
site_05745,0,0.24076642537722245,0
site_06922,0,0.10038243961192275,0
site_06058,0,0.32057788424020384,0
site_15838,0,0.5738883851825829,1
site_20285,0,0.1295943263004469,0
site_10111,1,0.4517122428650331,0
site_04712,0,0.6552976830616232,1
site_02673,0,0.33335015059138573,0
site_21492,0,0.263223945965574,0
site_06106,0,0.23482186729869473,0
site_10477,0,0.16499600284208496,0
site_11225,1,0.4937813575583418,0
site_05571,0,0.4668239257577392,0
site_14536,0,0.7788758061543631,1
site_10588,0,0.18740618235703177,0
site_14234,0,0.41460829977236885,0
site_01589,0,0.5785441013437577,1
site_07041,0,0.36735985051688347,0
site_08485,0,0.48528259572643384,0
site_06841,0,0.4981067176694197,0
site_14802,0,0.4920821979109501,0
site_13601,0,0.5737962131152784,1
site_18213,1,0.3120988298966613,0
site_11799,0,0.5532942923357076,1
site_20306,0,0.4989161378958645,0
site_21433,0,0.37158324740243565,0
site_17029,0,0.3266210492700322,0
site_03012,0,0.4453807640436811,0
site_13409,0,0.5406859424618478,1
site_11253,0,0.12429070971517002,0
site_18331,0,0.524955049569815,1
site_16194,0,0.4999456424527642,0
site_10303,0,0.10049970697475252,0
site_11690,0,0.26982011891864394,0
site_13621,0,0.4398643028385627,0
site_02927,0,0.3884503372228419,0
site_03248,0,0.5390966225153901,1
site_00945,0,0.43919911003375434,0
site_13298,0,0.29084202507501705,0
site_20271,0,0.5303173450116401,1
site_12887,0,0.8057288608004542,1
site_17756,0,0.49291341347564177,0
site_06288,0,0.47058116324151184,0
site_13111,1,0.4391624135059449,0
site_15996,1,0.2752273564252693,0
site_17670,0,0.5901789741891516,1
site_02359,0,0.5600728632541396,1
site_03377,0,0.534589777168722,1
site_20142,0,0.043782359675863525,0
site_15823,0,0.518178069354648,1
site_06000,0,0.5662508107667977,1
site_18335,0,0.33287731769674855,0
site_00978,0,0.47666735430786156,0
site_08906,0,0.5554068069559093,1
site_11558,0,0.4889705820354355,0
site_12904,0,0.5482567585246665,1
site_21168,0,0.16532986868391192,0
site_00592,0,0.5245461162283279,1
site_19759,0,0.5751960355248227,1
site_20598,0,0.4907251894941695,0
site_04977,0,0.39194909054725824,0
site_13854,0,0.5277339777977382,1
site_15151,0,0.36428536616726054,0
site_13363,0,0.5246982513503999,1
site_02452,0,0.57183829785666,1
site_01495,0,0.3925807525375059,0
site_20208,0,0.48437324610043975,0
site_04508,0,0.523298457937206,1
site_17438,0,0.23355835913851672,0
site_02887,0,0.46044019671846426,0
site_05675,1,0.42837607111434556,0
site_08511,0,0.34814291068155484,0
site_12242,0,0.15992404566940327,0
site_12805,0,0.45736127181689673,0
site_14534,1,0.564480264669388,1
site_00356,0,0.2514148544262765,0
site_13188,0,0.4198503313136261,0
site_13855,0,0.3521038128204424,0
site_07253,0,0.5326975701673918,1
site_18015,0,0.5326214773141651,1
site_15067,1,0.5945867883833148,1
site_07518,0,0.42859218125526904,0
site_16085,0,0.5099165465898834,1
site_16010,0,0.45972289050411386,0
site_07815,0,0.3879580274076568,0
site_05404,0,0.45937805400308296,0
site_14020,0,0.4935305265467254,0
site_07862,0,0.6820827221436447,1
site_03824,0,0.5208542391766973,1
site_18362,0,0.41479344475267554,0
site_04461,1,0.4340440522150935,0
site_10485,0,0.2963674042638405,0
site_20367,0,0.30873319942541866,0
site_03946,0,0.6116073346555579,1
site_04794,0,0.6376633842235221,1
site_19936,0,0.27874194876829533,0
site_07543,0,0.4010257921996799,0
site_20172,0,0.6393220965149856,1
site_05861,0,0.3988936174265989,0
site_05156,0,0.6610569951984512,1
site_09986,0,0.35192710795662446,0
site_04533,0,0.5916878033874555,1
site_03799,0,0.47714248543637877,0
site_09328,0,0.27523439452690907,0
site_03249,0,0.5231664141286038,1
site_13912,0,0.6532923537451385,1
site_18204,0,0.4234649297452553,0
site_20326,0,0.48969124849756496,0
site_17196,0,0.3014738645685573,0
site_13203,0,0.4145357592415044,0
site_18464,0,0.5302483908795541,1
site_15923,0,0.41411962574173655,0
site_05214,0,0.43682085706487095,0
site_00164,0,0.4817603278228743,0
site_17376,0,0.5245461162283279,1
site_18237,0,0.5318020869220882,1
site_21440,1,0.4858364262192188,0
site_16485,0,0.5074043696825955,1
site_07088,0,0.459311327843118,0
site_18354,0,0.5404063310119002,1
site_10150,0,0.5255050678279798,1
site_09574,0,0.1184391829773641,0
site_13478,0,0.5192745455662654,1
site_12490,0,0.3136695740651163,0
site_00215,0,0.29274748260266165,0
site_15919,0,0.5185836079182347,1
site_18234,1,0.49479689987876313,0
site_03483,1,0.34957947951899404,0
site_17457,0,0.5243300224069323,1
site_08747,0,0.3752975578607444,0
site_11997,0,0.24167653658355664,0
site_08113,0,0.5074021065532284,1
site_21540,0,0.3891137550769981,0
site_16854,0,0.37262393478990724,0
site_07638,0,0.5896238440362038,1
site_13608,0,0.38887622661027876,0
site_04161,0,0.37924415211618134,0
site_08236,0,0.32237746177419896,0
site_08310,0,0.3832885596893996,0
site_10460,0,0.37815314598245753,0
site_18386,0,0.4452206337032187,0
site_15706,0,0.4940076687476216,0
site_13552,0,0.5050652733765427,1
site_05578,0,0.4639706265821127,0
site_10471,0,0.7550863062829395,1
site_12100,1,0.41735610588077604,0
site_05736,0,0.2996150474096124,0
site_19609,1,0.4878152550596683,0
site_20543,0,0.41840515618624624,0
site_15479,0,0.4790817316514162,0
site_09579,0,0.45747593914153056,0
site_05129,0,0.5103929835660241,1
site_12167,0,0.24878361926668743,0
site_09687,0,0.24935853455420914,0
site_05642,0,0.4779009088996484,0
site_18519,0,0.33177060970234035,0
site_19051,0,0.041536216528457647,0
site_03010,0,0.4762657802625668,0
site_20015,0,0.5495545453349068,1
site_01497,0,0.34613867269608456,0
site_05767,1,0.49264997408063416,0
site_07793,0,0.3977359539048147,0
site_17417,0,0.5007867522440808,1
site_18316,0,0.4687145453443178,0
site_20018,0,0.46383445466309864,0
site_12353,0,0.23779216418473995,0
site_20918,0,0.6369291834882078,1
site_09743,0,0.5367793543884467,1
site_05801,0,0.4721974679894535,0
site_00805,0,0.5137103054756141,1
site_14599,0,0.5148261760714978,1
site_09845,0,0.22882167634213316,0
site_21483,1,0.23456548050119194,0
site_06899,0,0.5602270000780211,1
site_03858,0,0.4860691999183787,0
site_05481,0,0.46187517188568034,0
site_13292,0,0.5085069629423066,1
site_18147,1,0.16317219674949945,0
site_03966,0,0.5190836426423087,1
site_15395,1,0.3321399885090656,0
site_19190,0,0.5056350948028988,1
site_06685,0,0.3688615141140144,0
site_19531,0,0.17818781042782547,0
site_06240,0,0.48755202256759383,0
site_06736,1,0.5797580618923545,1
site_10339,0,0.45560170411090245,0
site_14078,1,0.6101093044257313,1
site_01610,0,0.4282703181634838,0
site_12378,0,0.6487752013418443,1
site_14076,0,0.25244491324282625,0
site_13985,0,0.44107158440216937,0
site_01038,1,0.5255050678279798,1
site_16138,0,0.49260457373299205,0
site_00297,0,0.053605710125808316,0
site_07951,0,0.47611529352404863,0
site_21110,0,0.4578075955546536,0
site_01462,0,0.5182739080595691,1
site_01809,0,0.32057788424020384,0
site_19471,0,0.334337460871084,0
site_07115,0,0.4567013082488499,0
site_07715,0,0.4729360239985876,0
site_20138,0,0.11727369785725657,0
site_09096,0,0.4215636293647304,0
site_11620,0,0.3359654777045959,0
site_10335,0,0.4323624303961366,0
site_10456,0,0.4962391352248254,0
site_01039,0,0.4215636293647304,0
site_17740,0,0.1976050084823017,0
site_12212,0,0.5395349952202149,1
site_05990,0,0.5116108671127135,1
site_19227,0,0.49170168386148916,0
site_14817,0,0.3559363714826787,0
site_00077,0,0.30067602298509255,0
site_07961,0,0.3697633217406994,0
site_13049,0,0.3378890137159651,0
site_07973,0,0.53027269096336,1
site_07424,0,0.4249228816165236,0
site_16646,0,0.5029535352287315,1
site_21324,0,0.44672499340103444,0
site_14590,0,0.3420150988938975,0
site_08804,0,0.565662225170145,1
site_03392,0,0.46528022794122736,0
site_03490,1,0.3028370984703204,0
site_06885,1,0.3562554040477987,0
site_19397,0,0.505101582228471,1
site_13857,0,0.5410828153160551,1
site_19849,0,0.22617120566653895,0
site_01783,0,0.5307460776526995,1
site_10882,0,0.3780425365861738,0
site_09569,0,0.10372997002679812,0
site_07326,0,0.4310898423287825,0
site_09706,0,0.6046232934232312,1
site_01120,0,0.41616509122190154,0
site_18865,0,0.4544487057568767,0
site_13370,0,0.5293463937280622,1
site_18083,0,0.607656050966142,1
site_10309,0,0.04637596593646171,0
site_09082,1,0.5294038201881189,1
site_15866,0,0.4774315665867528,0
site_18373,0,0.05569695258364632,0
site_14122,0,0.47692928611688645,0
site_18914,0,0.5805117150734675,1
site_04597,0,0.542441627601735,1
site_12568,0,0.598168660986307,1
site_15890,0,0.5240984750493166,1
site_14995,0,0.4120690830321678,0
site_19572,1,0.5283585555029865,1
site_02488,0,0.20501533539277556,0
site_20991,0,0.4996808942311895,0
site_18071,0,0.49329465189912863,0
site_04848,0,0.16210844202032193,0
site_21086,0,0.3092779095964753,0
site_11317,0,0.5419422222374457,1
site_20803,0,0.15794387297019097,0
site_12090,0,0.43527682727343137,0
site_17437,0,0.768002787587202,1
site_02382,1,0.5535278816640389,1
site_02910,0,0.5261537774147796,1
site_07009,0,0.4403451670568019,0
site_06873,0,0.4853981535399537,0
site_07469,0,0.5555183933078126,1
site_15076,0,0.39146010454613706,0
site_08500,0,0.3818758424150434,0
site_15693,0,0.5964698654665211,1
site_15062,0,0.5584473007224106,1
site_15164,0,0.5893529353339241,1
site_15827,0,0.39136463960978374,0
site_12570,0,0.39652988717681054,0
site_04620,0,0.6028653026921836,1
site_14821,0,0.4886098315950574,0
site_12237,0,0.19598252797195506,0
site_01167,0,0.5492878349234849,1
site_02470,0,0.2311113533920304,0
site_05737,0,0.514853637740526,1
site_15705,0,0.415361408202462,0
site_03543,0,0.4858364262192188,0
site_03922,0,0.4632092998481271,0
site_20400,0,0.5514863629454013,1
site_01250,0,0.594823382232745,1
site_04078,0,0.45300161000528155,0
site_06602,0,0.24946668539084726,0
site_02124,0,0.45213533451629717,0
site_04464,0,0.4890668694613463,0
site_10793,0,0.4170800637604432,0
site_00263,0,0.5600728632541396,1
site_02451,1,0.5272735315162516,1
site_14217,1,0.43723567905817257,0
site_00882,0,0.4987695607106654,0
site_02123,0,0.5020468777196858,1
site_11523,0,0.618373977578318,1
site_03509,0,0.4710946405351623,0
site_18599,0,0.6752788592089208,1
site_11759,0,0.6003327867761945,1
site_20494,0,0.21345859915972898,0
site_19741,0,0.32591740459426155,0
site_19805,0,0.3312577636688656,0
site_11707,0,0.28907575584463663,0
site_11134,0,0.3930415909621314,0
site_02177,0,0.37357518231226045,0
site_00582,0,0.5592462613061606,1
site_15029,0,0.3939144771652947,0
site_04294,0,0.4145395382941418,0
site_08708,0,0.4587852752368137,0
site_20247,1,0.5238502335756897,1
site_02037,0,0.5228066311373819,1
site_00269,0,0.487804015013808,0
site_05198,0,0.30765373201154617,0
site_16412,0,0.5280369173317594,1
site_02858,0,0.59211033870721,1
site_10543,0,0.2859651470898052,0
site_10095,0,0.4764641079244141,0
site_02129,0,0.45773041746990273,0
site_00713,0,0.4821128688052762,0
site_21352,0,0.4729390557518995,0
site_12381,0,0.3313426571889997,0
site_02953,0,0.2030008731858961,0
site_21474,0,0.46158294627525903,0
site_01832,0,0.4907251894941695,0
site_18118,0,0.432913785727431,0
site_00424,0,0.6627995333014655,1
site_08021,0,0.32405463254003924,0
site_03547,0,0.5710170119788377,1
site_18779,0,0.49170168386148916,0
site_19137,0,0.5290097795214576,1
site_00746,0,0.5443605001594982,1
site_21261,0,0.44299772883134736,0
site_15526,0,0.5371242782348709,1
site_06684,0,0.11599465306191085,0
site_17139,0,0.40072493433933115,0
site_10472,0,0.06916553773582089,0
site_12423,0,0.53027269096336,1
site_07990,0,0.49368087134069494,0
site_15167,0,0.45663925874710565,0
site_08437,0,0.5686082347501612,1
site_03075,0,0.4689396310452032,0
site_09289,0,0.5786005449120966,1
site_07027,1,0.5148717003693429,1
site_03936,0,0.32057788424020384,0
site_13543,0,0.524955049569815,1
site_09527,0,0.05609871679485594,0
site_11994,0,0.28478304464366916,0
site_10196,0,0.6003327867761945,1
site_04705,0,0.5588519869093728,1
site_03425,0,0.33181224171772744,0
site_13911,0,0.06977797970723233,0
site_09685,0,0.04588293259536156,0
site_12163,0,0.3258232444235448,0
site_03359,0,0.4254010003223711,0
site_06750,0,0.5314345964568626,1
site_13381,0,0.5347398091585673,1
site_16968,0,0.22968209798672784,0
site_13518,0,0.4760331233604277,0
site_13898,0,0.4832457758820633,0
site_19809,1,0.07878141455199708,0
site_01058,0,0.31270183159870124,0
site_06432,0,0.43487561978896,0
site_00292,0,0.47475284575369003,0
site_05307,0,0.5635721689653314,1
site_10215,0,0.4801430430316738,0
site_01595,0,0.47884000573877217,0
site_04488,0,0.5296906316137833,1
site_11596,0,0.29590209978242865,0
site_15991,0,0.48290531932128333,0
site_00280,0,0.5427399425467029,1
site_04772,0,0.5028213557039335,1
site_08023,1,0.3070752351639832,0
site_06498,0,0.2143076528526114,0
site_06700,0,0.5578298227203835,1
site_05846,0,0.732863663501713,1
site_04826,0,0.10038243961192275,0
site_04682,1,0.5326214773141651,1
site_06488,0,0.5261610998709793,1
site_07868,0,0.4264270847277946,0
site_19029,0,0.34194517428063703,0
site_17821,0,0.4402778555722437,0
site_20245,0,0.524955049569815,1
site_17255,0,0.524955049569815,1
site_11995,0,0.682518889268774,1
site_20279,0,0.11076369702680823,0
site_18277,0,0.5012462612434518,1
site_01767,0,0.6376151365728023,1
site_06002,0,0.5123989275524807,1
site_12905,0,0.33091149842830875,0
site_11609,0,0.8189301645737579,1
site_12542,0,0.3557226809164888,0
site_19472,1,0.4436519955702075,0
site_20373,0,0.45073716343467773,0
site_02171,1,0.2639333529822381,0
site_21500,0,0.5307460776526995,1
site_10837,0,0.34210132277180194,0
site_07899,0,0.4579329598946006,0
site_17840,0,0.49459722485322644,0
site_19530,0,0.03878913988712601,0
site_14583,0,0.471253959139526,0
site_08990,0,0.5719512074654128,1
site_19011,0,0.47772301362098973,0
site_00802,1,0.6044661583181373,1
site_01993,0,0.603240206704893,1
site_17543,0,0.5109809278432863,1
site_08801,0,0.565662225170145,1
site_18060,0,0.5187318049208078,1
site_15633,0,0.4985702627358394,0
site_01615,0,0.2761383073797197,0
site_08690,1,0.31735526078998455,0
site_04244,0,0.6402620273481744,1
site_18802,0,0.5842232126823401,1
site_00854,0,0.5511031782112602,1
site_15544,0,0.5161666841437108,1
site_00720,0,0.5478866853799166,1
site_08453,0,0.24984004144841074,0
site_03117,0,0.48142121998160475,0
site_18537,0,0.5221470567638515,1
site_07732,0,0.5102429684868206,1
site_12023,1,0.35844703742670714,0
site_21362,0,0.14331921866748573,0
site_19635,1,0.5163772223127817,1
site_08849,0,0.43841537133752867,0
site_09700,0,0.5743751389457792,1
site_01499,0,0.4377368298991795,0
site_14591,0,0.4396272294975074,0
site_10877,1,0.23985785740127125,0
site_02581,0,0.5630763009016986,1
site_06105,0,0.42299526748955774,0
site_01337,0,0.43611926424155883,0
site_10260,0,0.559737466708486,1
site_16916,0,0.3499427593659439,0
site_18439,0,0.550444824522332,1
site_01929,0,0.47554279722367276,0
site_11441,1,0.4460069729577353,0
site_16122,0,0.2273765155418127,0
site_09982,1,0.7759290763513904,1
site_02733,0,0.5534585015804572,1
site_12824,0,0.5279483878575895,1
site_11557,0,0.09277147703812846,0
site_07168,0,0.37796044440582033,0
site_02995,0,0.1631253456285166,0
site_19649,0,0.5137103054756141,1
site_13636,0,0.4527045891186896,0
site_12848,0,0.5432265858581886,1
site_19005,0,0.4172713473761109,0
site_09174,0,0.5314345964568626,1
site_18420,0,0.5422225147796594,1
site_15992,0,0.4158038497686359,0
site_09021,0,0.2947912676545032,0
site_15584,1,0.47122558655573304,0
site_20475,0,0.5172273678931452,1
site_08313,0,0.43841537133752867,0
site_20116,0,0.4336305688065054,0
site_15511,0,0.5390192543764047,1
site_18122,0,0.5302483908795541,1
site_02566,0,0.6028653026921836,1
site_14253,0,0.26721377541152674,0
site_13964,0,0.3436758252770064,0
site_08070,0,0.49031080361551116,0
site_20944,0,0.5725642062755205,1
site_01661,0,0.6457434514771481,1
site_06697,0,0.5012462612434518,1
site_20437,0,0.334337460871084,0
site_15886,0,0.5852369595483099,1
site_07999,0,0.42620266261489,0
site_19804,0,0.18677812177498881,0
site_09972,0,0.3697124068535573,0
site_06708,0,0.13515670924395706,0
site_05947,0,0.3592201385393757,0
site_01270,0,0.4866455348886073,0
site_03902,0,0.4910295219503226,0
site_18374,0,0.43424269138991595,0
site_19249,0,0.288172383198888,0
site_11585,0,0.2772403308349028,0
site_19210,0,0.48131883747417525,0
site_02931,0,0.44682807877870473,0
site_14662,0,0.4435646559501446,0
site_09483,0,0.3323335145123777,0
site_06545,0,0.46435262348702083,0
site_18152,0,0.4678006160452205,0
site_10608,0,0.17799141729616436,0
site_13129,0,0.3534522073537554,0
site_11736,0,0.2275396884518217,0
site_05563,0,0.541073447141794,1
site_09767,0,0.425983546360832,0
site_10809,0,0.31903286340892056,0
site_13569,0,0.5418236670776282,1
site_08029,0,0.4124061494953233,0
site_09313,0,0.13195331505503768,0
site_16910,0,0.2375868807729924,0
site_16411,0,0.5182053902340246,1
site_20687,1,0.30172741086613863,0
site_02349,0,0.332686927797814,0
site_17500,1,0.10109865172749562,0
site_13939,0,0.40606111657883753,0
site_21332,0,0.1765115413389957,0
site_20668,0,0.5573977805278255,1
site_19195,0,0.2807997425909371,0
site_06433,1,0.5809118173941302,1
site_05494,0,0.5720986510567605,1
site_05328,0,0.47122558655573304,0
site_01857,0,0.5451539426120656,1
site_11368,0,0.18350714314580813,0
site_19580,0,0.5555254525970738,1
site_12302,0,0.48241145414093145,0
site_04098,0,0.5740751890567074,1
site_13998,0,0.5277953503224816,1
site_17363,0,0.47814333881890986,0
site_10110,1,0.5137189875158116,1
site_15105,0,0.6242941460890086,1
site_16836,0,0.501498834958508,1
site_03759,0,0.45495498252753375,0
site_11497,0,0.40325623954246564,0
site_18119,1,0.4622949875895696,0
site_14574,0,0.5385068839539455,1
site_16652,0,0.536030824435839,1
site_09099,0,0.2667998648629028,0
site_15774,1,0.4157684589553356,0
site_21272,0,0.3780425365861738,0
site_17285,0,0.4211638737734494,0
site_12427,1,0.333987352707642,0
site_07017,0,0.57183829785666,1
site_19293,0,0.5133256065429389,1
site_03071,0,0.5148717003693429,1
site_20874,0,0.4678006160452205,0
site_03173,0,0.4562438162879071,0
site_12733,0,0.48790545625347725,0
site_06754,1,0.41141151760023476,0
site_00929,1,0.43228919079184414,0
site_17581,0,0.08731275095209055,0
site_02344,0,0.3880075094280896,0
site_06008,0,0.4235076992478505,0
site_12648,0,0.6589953734839546,1
site_01567,0,0.5829875722326104,1
site_04789,0,0.5355717116812293,1
site_07528,0,0.48710108525692236,0
site_11175,0,0.515569148967561,1
site_04037,0,0.6045122155705596,1
site_17647,0,0.5099165465898834,1
site_19112,0,0.5249455173032467,1
site_06960,0,0.39140359814890746,0
site_13146,1,0.26462115103255995,0
site_06110,0,0.4600551775609605,0
site_09032,1,0.42300701442419086,0
site_13300,0,0.3326984915939562,0
site_18114,0,0.5372793109886065,1
site_03464,1,0.47218155503086234,0
site_03291,0,0.497558072532603,0
site_04732,0,0.5198826330742747,1
site_14637,0,0.57183829785666,1
site_19492,0,0.5309938404747739,1
site_20235,0,0.4882994582741796,0
site_02085,0,0.7011186872440172,1
site_00384,0,0.4223418780279075,0
site_05382,0,0.5860840806632825,1
site_11212,0,0.3440224916319933,0
site_09900,0,0.5672668045950192,1
site_06732,0,0.16362628465294726,0
site_12091,0,0.5016397915329214,1
site_19988,0,0.43848659123132006,0
site_00544,1,0.24679437754591205,0
site_20058,0,0.4522413786161101,0
site_14767,0,0.48987165055489196,0
site_00284,0,0.5428275402900531,1
site_05407,0,0.39585932567067755,0
site_19083,0,0.3715215637956337,0
site_16454,0,0.29868958401056184,0
site_15492,0,0.46709443926754424,0
site_02218,0,0.6376151365728023,1
site_03578,1,0.44003630096701074,0
site_11151,0,0.17050571349364824,0
site_17163,0,0.2575616771291886,0
site_14761,0,0.3311304247835585,0
site_12390,0,0.4221106732107137,0
site_19457,0,0.17496175977951275,0
site_05264,0,0.4509642525394318,0
site_07566,1,0.502881375031566,1
site_13934,0,0.6244929626739977,1
site_03580,1,0.536479552246477,1
site_19638,0,0.4467036402680072,0
site_09459,0,0.12557921334399835,0
site_20288,0,0.5308851966682808,1
site_07065,0,0.5027371142867841,1
site_16400,0,0.4971952235742941,0
site_08076,0,0.48612977215748837,0
site_14448,0,0.5682098727217944,1
site_00403,0,0.4832457758820633,0
site_16233,0,0.4458138298949496,0
site_06969,0,0.5593537973121002,1
site_05050,0,0.501516222395386,1
site_04127,0,0.5137103054756141,1
site_17817,0,0.5234419599064262,1
site_01339,0,0.6037313796938878,1
site_12027,0,0.40533848073557593,0
site_09834,0,0.33654346455822703,0
site_10433,1,0.3967474346760223,0
site_01060,0,0.5579123312081786,1
site_20193,0,0.6227763690836985,1
site_17067,0,0.5302035284763152,1
site_02708,0,0.5369982096626514,1
site_20640,0,0.5383094559047873,1
site_20450,0,0.5861974320366116,1
site_02068,0,0.6415817382573437,1
site_21298,0,0.35140036830958965,0
site_16344,0,0.5386272838870909,1
site_13503,0,0.5029913132061125,1
site_05762,0,0.4369991414104136,0
site_20341,0,0.5263256507711439,1
site_09108,0,0.6107194944416229,1
site_04485,0,0.49843901713388694,0
site_05459,0,0.5092830481656172,1
site_00804,1,0.43097851127195774,0
site_03277,0,0.5579123312081786,1
site_06541,0,0.28038543477487654,0
site_20456,0,0.4336741823610258,0
site_00364,0,0.2632206026574182,0
site_13921,0,0.5134337604234327,1
site_10172,0,0.3039919340130819,0
site_06632,0,0.12590621090333362,0
site_07691,0,0.30339963225595085,0
site_00959,0,0.40743292551570337,0
site_11782,0,0.3989250689678228,0
site_11754,0,0.2761198264543577,0
site_13004,0,0.307463503143806,0
site_17705,0,0.5764475189999034,1
site_04566,0,0.571479396312684,1
site_19985,0,0.40878823275298093,0
site_06707,0,0.5235273819587714,1
site_15534,0,0.4975756822592637,0
site_06846,0,0.5361950337231138,1
site_01939,0,0.5322352287503944,1
site_13949,0,0.5734974875109978,1
site_17232,0,0.5165603295475906,1
site_17503,0,0.5900857852578095,1
site_17222,0,0.2118643736967333,0
site_11981,0,0.33285821730465254,0
site_04048,0,0.49135966890047256,0
site_10509,0,0.4601712821636635,0
site_13967,0,0.5112681891761244,1
site_08090,0,0.4937775464394647,0
site_04782,0,0.39195659220379203,0
site_21136,0,0.5458598201665297,1
site_16943,0,0.5649434080873328,1
site_18880,0,0.46058973844637674,0
site_21310,0,0.14744891572531402,0
site_20500,0,0.4333663822890535,0
site_09938,0,0.4294744842450159,0
site_20756,1,0.5290097795214576,1
site_12496,0,0.5486787168226739,1
site_11438,1,0.23051724823385694,0
site_13417,0,0.4989161378958645,0
site_20000,0,0.2300084109404662,0
site_12294,0,0.5180938794912401,1
site_04516,0,0.5725420765855668,1
site_11185,0,0.38477794065383575,0
site_08789,0,0.4467395944700155,0
site_10772,1,0.05351171712734962,0
site_06191,0,0.5427399425467029,1
site_14640,0,0.5240984750493166,1
site_18446,0,0.5410749346212317,1
site_20603,0,0.38931586043903615,0
site_15409,0,0.5423137199912722,1
site_15852,0,0.5635721689653314,1
site_18394,0,0.339440358032473,0
site_11562,0,0.4214674739352105,0
site_04542,0,0.4295327250043866,0
site_15202,0,0.607452240920045,1
site_05594,0,0.157307990862856,0
site_17733,0,0.519061243955141,1
site_13555,0,0.5231792242693406,1
site_09194,0,0.5554068069559093,1
site_18452,0,0.5355322252633612,1
site_06405,0,0.4571242846759938,0
site_00623,0,0.3554347934528609,0
site_03128,0,0.5161666841437108,1
site_13562,1,0.37569498494864695,0
site_17014,0,0.4118482706627138,0
site_11949,0,0.3827371020944243,0
site_17906,1,0.4574916326575057,0
site_13090,0,0.4545276538324029,0
site_00009,0,0.20786397454524352,0
site_18553,0,0.5053238496711682,1
site_15750,0,0.5955669881859225,1
site_13933,0,0.5218045811144603,1
site_17059,1,0.49613778952186155,0
site_08483,0,0.5556561152816639,1
site_16190,0,0.3047165136750654,0
site_03343,0,0.5642551092910595,1
site_09577,0,0.2641847408462652,0
site_05850,0,0.08929549577918523,0
site_14499,0,0.3864435156873738,0
site_06824,0,0.48934891124201685,0
site_17119,0,0.07386846016199096,0
site_14140,0,0.45207163749417373,0
site_01512,0,0.4088846661600097,0
site_13185,0,0.5106228396464575,1
site_04818,0,0.1537397730358767,0
site_11712,0,0.5504167441917788,1
site_13965,0,0.5283585555029865,1
site_06843,0,0.5138844394235667,1
site_14003,0,0.2519737979240439,0
site_03444,0,0.5667412439474983,1
site_13007,0,0.4878579391767013,0
site_12928,0,0.5183774526486724,1
site_19143,0,0.41638304737210863,0
site_13387,0,0.40338214691457785,0
site_07781,0,0.5450891248531871,1
site_04575,0,0.2608667357481448,0
site_17234,0,0.3192495591587792,0
site_02871,0,0.6235585772329871,1
site_14136,0,0.3474479542004755,0
site_02532,1,0.39794606443997393,0
site_12095,1,0.44527435936177434,0
site_20496,0,0.03537086065807497,0
site_18481,0,0.6006184214366761,1
site_20042,0,0.4609846167480651,0
site_04251,0,0.09505058823755395,0
site_02847,0,0.46954348822198505,0
site_14770,0,0.5221547042884666,1
site_09463,0,0.30227214607322606,0
site_10243,0,0.39879778025424883,0
site_19815,0,0.47754292395073356,0
site_20263,1,0.5159432149937215,1
site_10204,0,0.3853333209832842,0
site_20204,0,0.40206179476119663,0
site_11688,0,0.48848657964390385,0
site_09244,0,0.47021801015551334,0
site_10766,1,0.5501469976051643,1
site_08352,0,0.4658754687852029,0
site_05615,0,0.4702017748956291,0
site_14063,0,0.5824878442256164,1
site_11075,0,0.3269805216785836,0
site_14737,0,0.5124235689768937,1
site_01553,0,0.37466091758425923,0
site_11360,0,0.42941701665343984,0
site_10120,0,0.5452877256911877,1
site_06127,0,0.5675675656200354,1
site_06868,0,0.4901729553735486,0
site_13074,0,0.5385068839539455,1
site_19325,0,0.20268389556967412,0
site_09176,0,0.4791824410094076,0
site_02221,0,0.4032541399468492,0
site_05376,0,0.5161666841437108,1
site_06196,0,0.4742646297404514,0
site_13531,0,0.486537675459044,0
site_18613,0,0.44631702183328725,0
site_18330,0,0.5148717003693429,1
site_13195,0,0.5241525066418876,1
site_12043,0,0.2806976262361114,0
site_20347,0,0.0812341510455627,0
site_16467,0,0.4901551799186512,0
site_12211,0,0.570842833539203,1
site_21075,0,0.03125157890816444,0
site_02852,0,0.6572865582598513,1
site_02384,0,0.47570277122255716,0
site_08375,0,0.7583134279715881,1
site_14838,0,0.5712338940712176,1
site_15173,1,0.45061676112121457,0
site_14828,0,0.5722285279758554,1
site_02979,0,0.5505979723065887,1
site_02227,0,0.3478486181306612,0
site_20207,1,0.19278152902275528,0
site_06630,0,0.5374726651546613,1
site_17915,0,0.5541774386269237,1
site_04746,0,0.4559453300902156,0
site_18171,0,0.5012462612434518,1
site_01054,0,0.5134145805698277,1
site_01506,0,0.43734978960088905,0
site_06528,0,0.2853901867820541,0
site_18244,0,0.3648308955029219,0
site_16752,0,0.3833968767521719,0
site_08937,0,0.5197149468243746,1
site_04517,0,0.5567356710697592,1
site_00790,1,0.5350828963228902,1
site_05698,0,0.5182827757208847,1
site_13295,0,0.5335709754135214,1
site_16911,0,0.5112242275594912,1
site_02145,0,0.5842618579908421,1
site_04241,0,0.38199380281753453,0
site_09035,0,0.5665170344697118,1
site_00758,1,0.5601645069639162,1
site_10403,0,0.4832612387884094,0
site_13833,0,0.3986077657670289,0
site_19107,0,0.4662243274028659,0
site_05239,0,0.33766245489399493,0
site_18479,0,0.4455823385777641,0
site_15764,0,0.44325466378013517,0
site_04312,0,0.44263116819237674,0
site_08896,0,0.5714183339279887,1
site_15541,0,0.32567222422030084,0
site_21288,0,0.2530912719768332,0
site_00971,0,0.5162265209424444,1
site_03925,0,0.2608667357481448,0
site_01780,0,0.5173712763031707,1
site_09512,0,0.28244483730049497,0
site_07511,0,0.58731993412491,1
site_16396,0,0.42941701665343984,0
site_08914,0,0.5934741806400488,1
site_17235,0,0.32167556367018485,0
site_15967,0,0.4641559134686435,0
site_09901,0,0.45747593914153056,0
site_10429,0,0.42790812601540734,0
site_16847,0,0.17313308908134267,0
site_21052,0,0.2549371023133805,0
site_09023,0,0.4879385748393908,0
site_04750,0,0.45073716343467773,0
site_04429,0,0.6458574201487207,1
site_19151,1,0.6217850880346648,1
site_12992,0,0.47218155503086234,0
site_05751,1,0.4205153943525151,0
site_03660,0,0.4002133573904225,0
site_20578,0,0.5215427090375562,1
site_04030,0,0.2755747106810422,0
site_20403,0,0.5486787168226739,1
site_17716,0,0.5458598201665297,1
site_10770,0,0.577634529085367,1
site_00562,0,0.2856464334950676,0
site_17780,0,0.4109114231874509,0
site_10221,0,0.332917390275275,0
site_06811,0,0.4710933428775358,0
site_17013,1,0.4935326269657894,0
site_00456,0,0.5037104636807436,1
site_11614,0,0.3999609044681297,0
site_08102,0,0.44733047127753917,0
site_19487,0,0.46160518901184144,0
site_04210,0,0.4063151998014205,0
site_13515,0,0.4882037800416866,0
site_11936,0,0.5102913621242451,1
site_07046,0,0.4827102049998944,0
site_09742,0,0.3007804639566781,0
site_07932,0,0.2553440476478586,0
site_21309,0,0.18978024397550652,0
site_15246,0,0.4908433048455498,0
site_01906,0,0.5163634007175322,1
site_18596,0,0.4961825109901044,0
site_18084,0,0.30743198768052926,0
site_15386,1,0.30873319942541866,0
site_17165,0,0.5600853435833175,1
site_17317,0,0.42999976817059876,0
site_19361,0,0.5133256065429389,1
site_08166,1,0.4526127757376979,0
site_16363,0,0.566552068006985,1
site_15577,0,0.39830362764452126,0
site_05003,0,0.39585932567067755,0
site_15994,0,0.5175160089961458,1
site_03854,0,0.46032365486414945,0
site_13174,0,0.37023102321633883,0
site_20929,0,0.5290683763365396,1
site_15643,0,0.4976999862624375,0
site_19169,0,0.2741598942943859,0
site_05146,0,0.2905478253861833,0
site_02976,1,0.35168662296523595,0
site_05818,1,0.1682597845096796,0
site_20760,0,0.5977263346791889,1
site_16852,0,0.5432079366250162,1
site_13249,1,0.5579887139621548,1
site_14651,0,0.5231664141286038,1
site_05499,0,0.47255854230174243,0
site_06024,1,0.21909885497413473,0
site_19733,0,0.4134897274510187,0
site_00343,0,0.581892993331163,1
site_17015,0,0.48678724863905143,0
site_00643,1,0.4734184641219626,0
site_07798,0,0.5679496264613935,1
site_12565,0,0.25613869254143984,0
site_13247,0,0.5511031782112602,1
site_14346,1,0.5922371758529901,1
site_00079,0,0.5632014972268313,1
site_04445,1,0.5401575651282351,1
site_01115,1,0.25959630398670114,0
site_18740,0,0.3900463310209429,0
site_05804,0,0.40130190423622636,0
site_00387,0,0.4700540080311601,0
site_14758,0,0.26588116170675047,0
site_04356,0,0.4773033340743292,0
site_20978,0,0.5231613652779817,1
site_04580,0,0.5317075931965629,1
site_11866,0,0.7090989601437213,1
site_16756,0,0.45206201823856557,0
site_06501,0,0.514853637740526,1
site_20523,0,0.28973542907893385,0
site_08681,0,0.12684953035611507,0
site_16790,0,0.5112242275594912,1
site_21235,0,0.30361092873009293,0
site_15185,0,0.4456958061279882,0
site_00583,0,0.45288568854977695,0
site_19991,0,0.37280168578008555,0
site_03688,1,0.23278440467976977,0
site_11206,0,0.31318717912400673,0
site_08512,1,0.4289953482878593,0
site_01244,0,0.3931904227979227,0
site_12969,0,0.5691126462280357,1
site_03433,0,0.29664550088318514,0
site_16536,0,0.5424254637533586,1
site_19938,0,0.10149200276084504,0
site_11670,0,0.34727836120952327,0
site_07402,0,0.44912541718777227,0
site_06108,0,0.5915063782305195,1
site_10359,0,0.20571305328242534,0
site_12814,0,0.45972289050411386,0
site_13450,0,0.309198974220259,0
site_16176,0,0.5545416383838093,1
site_17088,0,0.4924206423522801,0
site_17991,0,0.5301530256935227,1
site_21304,0,0.3775554928733064,0
site_19428,0,0.49329465189912863,0
site_01536,0,0.5089186663357333,1
site_00987,1,0.5074043696825955,1
site_13126,0,0.3981695334544889,0
site_15932,1,0.4896937790751856,0
site_19275,0,0.43878800016426295,0
site_01618,0,0.5573977805278255,1
site_14493,0,0.5355717116812293,1
site_14684,0,0.4782350778810378,0
site_18232,0,0.17889161159198416,0
site_08633,0,0.5045387536489024,1
site_11515,0,0.47122558655573304,0
site_01264,0,0.4084150521822523,0
site_03141,0,0.4600551775609605,0
site_03280,0,0.544743687082268,1
site_04534,0,0.6286095625340281,1
site_18950,0,0.37453860083736656,0
site_16060,0,0.5285491229204708,1
site_14492,0,0.5179055974659345,1
site_03595,0,0.6235163040295789,1
site_07764,0,0.37162151986016917,0
site_02009,0,0.5765324559563916,1
site_11220,0,0.4208979291414982,0
site_16494,0,0.28545707889382027,0
site_07137,0,0.40949219491629807,0
site_02473,1,0.45053130576452777,0
site_11796,0,0.5110853535802613,1
site_19597,0,0.25027584095344185,0
site_02506,0,0.5451663784405231,1
site_01356,1,0.6359670830437002,1
site_14178,0,0.49446710285834866,0
site_15773,0,0.583111362767987,1
site_07498,0,0.4526215927736866,0
site_13617,0,0.5134983855038657,1
site_13695,0,0.46498860365598954,0
site_00329,0,0.5436240233795357,1
site_18198,0,0.4688427522953986,0
site_12945,0,0.49032832446005753,0
site_11304,0,0.5953791666101836,1
site_10251,0,0.44988101921340007,0
site_03635,0,0.5085069629423066,1
site_16845,0,0.4391624135059449,0
site_11726,0,0.40966153391594595,0
site_00401,0,0.5089188123715045,1
site_12983,0,0.39868312343460466,0
site_03646,1,0.4746792195370566,0
site_08430,0,0.2802760273425214,0
site_16022,0,0.5646460553072761,1
site_03717,0,0.5141937904055458,1
site_16407,0,0.3923360929953544,0
site_02345,0,0.13808665308749438,0
site_12798,0,0.2650299409784896,0
site_06279,0,0.5805117150734675,1
site_17208,0,0.5766138719820493,1
site_17980,0,0.3436758252770064,0
site_20171,0,0.4283743574281125,0
site_11911,1,0.7191083237298862,1
site_21503,1,0.5867266931155891,1
site_09991,0,0.4954462868875954,0
site_19555,0,0.4782350778810378,0
site_09731,0,0.392066696546177,0
site_19875,1,0.5231371814326699,1
site_09976,0,0.6274533161543012,1
site_08846,0,0.33600196564214013,0
site_19469,1,0.39585932567067755,0
site_08866,0,0.12539126808831602,0
site_01096,0,0.47454710142979994,0
site_04094,1,0.5290097795214576,1
site_19661,0,0.6644580400510776,1
site_10364,0,0.3393201295908116,0
site_07513,0,0.5553014003105344,1
site_00402,0,0.6040840296482706,1
site_05549,0,0.46048773261176956,0
site_12386,0,0.6303268626494761,1
site_00734,0,0.5158213200144874,1
site_06957,0,0.5012462612434518,1
site_19766,1,0.47711160067072245,0
site_14463,0,0.4572240203523901,0
site_13386,0,0.4544385087738303,0
site_09106,0,0.5650494972404332,1
site_00151,0,0.43097227630865326,0
site_14024,0,0.49358794390432265,0
site_15196,0,0.4206890876093503,0
site_06388,1,0.5443605001594982,1
site_01450,0,0.38420549388448577,0
site_05406,0,0.4853981535399537,0
site_14072,1,0.4858878669751848,0
site_12857,0,0.34229880009333097,0
site_13468,0,0.533250808862869,1
site_19490,0,0.45207163749417373,0
site_20179,0,0.5174263292365974,1
site_01737,0,0.4619687878052551,0
site_05972,0,0.5294038201881189,1
site_19121,0,0.2787142368711792,0
site_02151,0,0.479107207889831,0
site_00252,0,0.227382936657827,0
site_21349,0,0.37011595739227865,0
site_05109,0,0.39830362764452126,0
site_06083,0,0.4622415512917101,0
site_20069,0,0.1999929991994359,0
site_11260,0,0.22666745335781277,0
site_13755,1,0.6663906873694558,1
site_18778,0,0.6001977757711546,1
site_20895,0,0.4858364262192188,0
site_16356,0,0.4943463021910991,0
site_17565,1,0.5611397894261485,1
site_15428,0,0.47542082203179903,0
site_01487,0,0.6276690405713827,1
site_02494,0,0.5834773308938964,1
site_01117,0,0.4742646297404514,0
site_09387,1,0.011136730388388718,0
site_18423,0,0.459311327843118,0
site_01690,0,0.5371516844487704,1
site_15740,0,0.5212429938309784,1
site_10376,0,0.5063105703022183,1
site_11554,0,0.529808390372782,1
site_08371,0,0.4302998851400548,0
site_14242,0,0.5080753150143096,1
site_09089,0,0.497261756811087,0
site_06369,0,0.4291218716921561,0
site_00683,0,0.6109562030695596,1
site_17944,0,0.4742568883121498,0
site_21451,0,0.4299399747510807,0
site_04591,0,0.4383375329493714,0
site_21096,1,0.4293604646481998,0
site_10948,0,0.39999366930887487,0
site_07537,0,0.26502216733728046,0
site_20297,0,0.4852643440255147,0
site_06034,0,0.4996820479461517,0
site_09475,0,0.03526180470995233,0
site_09738,0,0.3867417495521983,0
site_13690,0,0.5089188123715045,1
site_02101,0,0.5803728969150594,1
site_04322,1,0.5148717003693429,1
site_08165,0,0.5326975701673918,1
site_17019,0,0.4793728393503017,0
site_04850,0,0.4997353556765773,0
site_13026,1,0.37815314598245753,0
site_05104,0,0.12528211193295466,0
site_12109,0,0.5704578950350032,1
site_19564,0,0.5973116408243937,1
site_00576,0,0.6388083623770857,1
site_04197,0,0.5290683763365396,1
site_18720,0,0.46624230835562297,0
site_10963,0,0.13596085780461561,0
site_18258,0,0.518178069354648,1
site_12299,1,0.53027269096336,1
site_18756,0,0.523298457937206,1
site_18387,0,0.48245371384590496,0
site_00427,0,0.5391065709337934,1
site_05911,0,0.35489550995841723,0
site_21496,0,0.3158082685343571,0
site_09000,0,0.07834737407096082,0
site_07431,0,0.5073996098196616,1
site_02444,0,0.49358426579803366,0
site_16375,0,0.04937673747202941,0
site_09143,0,0.017709907473672227,0
site_14412,0,0.4964973717585712,0
site_05205,0,0.4168832931506615,0
site_14746,0,0.5320742882329271,1
site_20659,0,0.3116756944614991,0
site_08040,1,0.34814291068155484,0
site_09830,0,0.4095881472157922,0
site_18754,0,0.5401575651282351,1
site_21292,0,0.5307460776526995,1
site_05821,0,0.3330810013256379,0
site_08201,0,0.49531641193751286,0
site_18220,1,0.24368152832729406,0
site_17882,0,0.5341369077408126,1
site_16029,0,0.523298457937206,1
site_03227,1,0.505339893093735,1
site_07468,0,0.4750824015919303,0
site_07637,0,0.42845308418740596,0
site_00048,0,0.15992404566940327,0
site_08273,0,0.633466583905523,1
site_17946,0,0.4452206337032187,0
site_00757,1,0.5495178119999858,1
site_18608,0,0.45242959676078265,0
site_13633,0,0.39959455420806395,0
site_02442,0,0.4746792195370566,0
site_19434,1,0.5231664141286038,1
site_07375,0,0.3269439799584249,0
site_03524,0,0.5230425310090993,1
site_07978,0,0.5675431219644727,1
site_12527,0,0.18365450816186013,0
site_19232,0,0.536479552246477,1
site_17637,0,0.11877875914044174,0
site_15767,0,0.5278861184288478,1
site_09653,0,0.4580730351717283,0
site_05700,0,0.5504652368150929,1
site_06494,0,0.45183043014591795,0
site_04605,0,0.5058223588926135,1
site_05576,0,0.31744624692623374,0
site_02173,1,0.12104616503265414,0
site_07913,0,0.3315749401892524,0
site_08874,0,0.1683466840942441,0
site_09681,0,0.04205071052508142,0
site_14605,0,0.4985702627358394,0
site_05710,0,0.32169087827154075,0
site_01968,0,0.6676095725662304,1
site_09486,0,0.14433661938769635,0
site_15342,1,0.44826916318580917,0
site_15186,1,0.391282990566512,0
site_11572,0,0.6685673339759234,1
site_01794,0,0.2780807731430932,0
site_13448,0,0.31056312275191955,0
site_13158,0,0.5369991191223996,1
site_12874,0,0.2996694010282486,0
site_18038,1,0.5518795100374392,1
site_04805,0,0.22465854612939012,0
site_02722,0,0.46874415954507376,0
site_07335,0,0.4553787452510047,0
site_09664,0,0.3637079432997202,0
site_17872,0,0.44631702183328725,0
site_15697,0,0.4658402615380677,0
site_13805,0,0.634295017980828,1
site_18484,0,0.5479329776649975,1
site_07668,0,0.4622063997207496,0
site_07808,0,0.37815314598245753,0
site_08279,0,0.676284694357698,1
site_01359,1,0.15073813879965173,0
site_09813,0,0.24324390049499225,0
site_09799,0,0.5030007768305308,1
site_01239,0,0.4709742992664861,0
site_20886,0,0.5383496739129588,1
site_18875,0,0.5247175827191901,1
site_00793,0,0.5978137633446932,1
site_05616,0,0.5619250733521381,1
site_20815,0,0.4562438162879071,0
site_05754,0,0.48522623217782906,0
site_08137,1,0.44119683387527153,0
site_02982,0,0.5350828963228902,1
site_15812,0,0.32151875444331135,0
site_12502,0,0.39088939599598443,0
site_19411,1,0.5044512932214714,1
site_04032,0,0.505101582228471,1
site_17662,0,0.3804728481034328,0
site_08178,0,0.46657097327046876,0
site_17926,0,0.1718779670321404,0
site_19203,0,0.6019112628808418,1
site_00109,0,0.4646782948152985,0
site_13663,0,0.5751205652077502,1
site_11773,0,0.5613987007421433,1
site_11740,1,0.6515444116197637,1
site_12443,0,0.5887160428864471,1
site_18158,0,0.6898647811870555,1
site_21554,0,0.57183829785666,1
site_05369,0,0.47122558655573304,0
site_15739,0,0.5929668818266274,1
site_14362,0,0.47211591374713696,0
site_02043,0,0.3290074546572584,0
site_12190,0,0.46211751840727316,0
site_18102,0,0.5408251285099877,1
site_10985,1,0.1725531230769752,0
site_14707,0,0.47351676798061154,0
site_12373,0,0.41206570793079206,0
site_02038,0,0.2848751863322651,0
site_15389,0,0.4174100865613558,0
site_01166,0,0.4174420523456958,0
site_06377,0,0.4407749786819007,0
site_09622,0,0.42775279812168854,0
site_18674,0,0.5035832464324221,1
site_03995,0,0.47026895148447906,0
site_02776,0,0.3770404604942355,0
site_12177,0,0.3478534937757365,0
site_17971,1,0.43112736450579225,0
site_13096,0,0.274458600229676,0
site_07717,0,0.4168367818742122,0
site_04316,0,0.5340393768328144,1
site_12361,1,0.5178792359492904,1
site_01729,1,0.5688131239247962,1
site_17083,0,0.17153888777546286,0
site_05518,0,0.4678285256704369,0
site_20462,0,0.38049080171013766,0
site_19674,0,0.36864934731241983,0
site_18817,0,0.5266349952552891,1
site_10219,1,0.3736430972204898,0
site_15295,0,0.23313636220215886,0
site_16999,0,0.4930851424734609,0
site_19297,0,0.5314345964568626,1
site_06855,1,0.42851367831012754,0
site_21244,0,0.6052110531039742,1
site_14706,0,0.46072625325200545,0
site_12614,0,0.4521260570817174,0
site_01716,0,0.2953337884714904,0
site_15564,0,0.4322797482481114,0
site_20468,0,0.5427399425467029,1
site_10323,0,0.1930541517486194,0
site_08796,0,0.4638961285623641,0
site_18680,0,0.3771287647946266,0
site_06368,0,0.4571242846759938,0
site_02854,0,0.4998607968182118,0
site_20732,0,0.31853075612330783,0
site_07223,0,0.11550648529038099,0
site_18766,0,0.4588641276069583,0
site_15175,0,0.2568721325501157,0
site_12222,0,0.5383552355916874,1
site_15819,0,0.5575303731189339,1
site_04506,0,0.5361950337231138,1
site_20793,0,0.49675703659832815,0
site_13720,0,0.49597823593094037,0
site_01556,1,0.5530076262295459,1
site_09095,0,0.5873683145942536,1
site_11250,1,0.6354738558535679,1
site_14372,0,0.5340393768328144,1
site_00061,0,0.4708648481055516,0
site_19508,0,0.49608834326482276,0
site_21042,0,0.5240984750493166,1
site_11191,0,0.42582780250800967,0
site_16577,0,0.4805906624745029,0
site_05067,0,0.5349308902220695,1
site_13637,0,0.5764467842785408,1
site_00242,0,0.31056312275191955,0
site_14755,0,0.16903459631716403,0
site_21073,0,0.16444109139130877,0
site_04920,0,0.5290097795214576,1
site_16167,0,0.41263263875775213,0
site_08477,0,0.4170800637604432,0
site_02702,0,0.5458241140428878,1
site_18799,0,0.522673233021609,1
site_18428,0,0.5148717003693429,1
site_06011,0,0.2546922590235347,0
site_02671,0,0.10177450343793454,0
site_14753,0,0.6092595136205134,1
site_11007,0,0.10202166525413271,0
site_01566,0,0.5279190552940334,1
site_05330,0,0.624462654098797,1
site_19946,0,0.4968653422805531,0
site_03988,0,0.46032365486414945,0
site_03685,0,0.4540209801750889,0
site_06232,0,0.42233670410977103,0
site_10943,0,0.4290392669031963,0
site_00588,0,0.6037551076596985,1
site_00086,0,0.5312750649814434,1
site_06749,1,0.49737700070299284,0
site_19414,0,0.2373618195940075,0
site_08122,0,0.4403451670568019,0
site_14191,0,0.5363463357101415,1
site_21447,0,0.5454677867063622,1
site_18411,0,0.41240927437547387,0
site_07171,1,0.24839910338684443,0
site_07974,0,0.5392799943564055,1
site_17758,0,0.4394946745013736,0
site_10442,0,0.5665170344697118,1
site_15171,0,0.49291341347564177,0
site_07365,0,0.6186211653272131,1
site_15606,0,0.3572723286217498,0
site_08506,0,0.436584580751084,0
site_02091,1,0.5256594544749852,1
site_03891,0,0.5458241140428878,1
site_08004,0,0.48394618037134784,0
site_11248,0,0.1716784611099843,0
site_02202,0,0.536479552246477,1
site_10192,1,0.12155767585454696,0
site_20091,1,0.38697259939548784,0
site_08205,0,0.3810902232541593,0
site_06626,0,0.3604237604199519,0
site_08060,0,0.5123989275524807,1
site_08243,0,0.4564585429406123,0
site_14102,1,0.5309449580149886,1
site_02905,0,0.5810673774295234,1
site_16875,0,0.4841544170950271,0
site_13615,0,0.34804691450802083,0
site_00865,0,0.4538086506366081,0
site_19240,0,0.5233381115797581,1
site_19784,0,0.47263185717567313,0
site_20894,0,0.487804015013808,0
site_19489,0,0.3766306717350956,0
site_03870,0,0.4606463004351118,0
site_11709,1,0.1694252722274005,0
site_07128,0,0.4912676912494443,0
site_00471,0,0.18899430211601392,0
site_03901,1,0.31489606491162114,0
site_04633,1,0.5947166291318157,1
site_09091,0,0.6167521741736622,1
site_07773,0,0.48085375299928684,0
site_05791,0,0.5131988541110074,1
site_11522,0,0.43530048936372007,0
site_00260,0,0.47278792429281663,0
site_06636,0,0.5750451732066868,1
site_17397,0,0.4439496631470944,0
site_20061,0,0.49815286430575506,0
site_10941,0,0.5180938794912401,1
site_00273,0,0.5141856688777338,1
site_04736,0,0.5767822493264656,1
site_08895,0,0.39416639879810106,0
site_00586,0,0.5236178210145414,1
site_17329,0,0.296796819301254,0
site_01816,1,0.5425032480870495,1
site_06509,0,0.477671259510271,0
site_21166,0,0.2433612253928775,0
site_05665,0,0.496848200718381,0
site_01997,0,0.5038578301011523,1
site_06912,0,0.3755383460109007,0
site_10654,0,0.01580303166171032,0
site_15613,0,0.4343703283880218,0
site_09730,0,0.4593099344419654,0
site_00944,0,0.5464366614244688,1
site_13649,0,0.4837579083632634,0
site_09179,0,0.5283585555029865,1
site_12603,0,0.5083592188334795,1
site_21101,0,0.5350828963228902,1
site_05048,0,0.40512664561752476,0
site_05195,0,0.37958685367181033,0
site_06413,0,0.5842232126823401,1
site_07478,0,0.4450054602546886,0
site_03480,0,0.2780807731430932,0
site_01926,0,0.6014074621453909,1
site_20295,0,0.5049705719670262,1
site_14528,0,0.5365017368972823,1
site_13846,0,0.5945552017984426,1
site_14093,0,0.5225391432362497,1
site_04505,0,0.5240984750493166,1
site_19276,0,0.39830362764452126,0
site_16614,0,0.2365027330492465,0
site_03116,0,0.42239616065239716,0
site_06469,0,0.3207583767208554,0
site_13250,0,0.720458129511535,1
site_04437,0,0.5314345964568626,1
site_16928,0,0.3921747821781267,0
site_11669,0,0.4370104038746733,0
site_05279,0,0.708982866756729,1
site_09184,0,0.5194821913801241,1
site_15111,0,0.5254478625302362,1
site_09316,0,0.3730471601931767,0
site_11751,0,0.38710820122538864,0
site_16661,0,0.41759922136880323,0
site_21220,0,0.4996820479461517,0
site_00736,0,0.3735855809945003,0
site_04432,0,0.5161666841437108,1
site_05281,0,0.4523211770096529,0
site_01803,1,0.5350828963228902,1
site_01048,0,0.3029510472182145,0
site_13294,0,0.3867240615838357,0
site_02799,0,0.37897518102675953,0
site_19261,0,0.49274989342018705,0
site_08617,0,0.4261321525362789,0
site_06764,1,0.29961855301889406,0
site_00958,0,0.7176748223846017,1
site_00907,0,0.5002615881409601,1
site_07201,0,0.43067782268279614,0
site_20510,0,0.5785322898565094,1
site_01709,0,0.5369982096626514,1
site_14773,0,0.41702921532733483,0
site_21502,1,0.5302160153452761,1
site_01470,0,0.36114623580835264,0
site_00314,0,0.4893597573836332,0
site_18290,1,0.46459126055996125,0
site_06241,0,0.5230425310090993,1
site_07446,1,0.4442391836881083,0
site_06315,0,0.489258112800232,0
site_00566,0,0.585706480055915,1
site_13482,0,0.29518743030248584,0
site_03459,0,0.431816633423651,0
site_11366,0,0.4808720016141159,0
site_12845,0,0.5133647381716838,1
site_19495,1,0.6146631339045457,1
site_04111,0,0.5401575651282351,1
site_20211,0,0.012454441527161611,0
site_15520,0,0.3730399981369275,0
site_14858,0,0.4309593026608683,0
site_08475,0,0.4354785017917821,0
site_21536,0,0.5464366614244688,1
site_02669,0,0.31528863030606685,0
site_15625,1,0.5000632115979801,1
site_14723,0,0.5254857348598535,1
site_19676,0,0.18556520680269847,0
site_04609,1,0.43834976941227366,0
site_20888,0,0.5458002884204203,1
site_16549,0,0.33740623659521624,0
site_17857,0,0.5158889523275539,1
site_04898,0,0.5188440271885276,1
site_02814,0,0.514179825432575,1
site_04806,1,0.5769024867673636,1
site_04382,1,0.5320047387726894,1
site_15113,0,0.5192461524709653,1
site_10573,0,0.5180938794912401,1
site_11243,0,0.519015462529723,1
site_07636,0,0.2706241657912608,0
site_09612,0,0.5040008628749514,1
site_16169,0,0.25959630398670114,0
site_08737,0,0.48647792316979166,0
site_00620,0,0.5301674075467518,1
site_17966,0,0.5407021395674322,1
site_01807,0,0.4746814659012324,0
site_14456,0,0.48502141314433567,0
site_15956,0,0.545017418095902,1
site_09438,0,0.2550771781476444,0
site_11655,0,0.4642588320704954,0
site_08960,1,0.46094421496705534,0
site_03353,0,0.39585932567067755,0
site_06535,1,0.2921759188615373,0
site_06165,0,0.5316055292444493,1
site_13413,0,0.471253959139526,0
site_13717,0,0.5799433906157812,1
site_08924,0,0.17582687472906097,0
site_13787,1,0.5613326723568627,1
site_08091,0,0.307848858288597,0
site_21104,0,0.5502758836608453,1
site_11218,0,0.5059457180833671,1
site_10129,0,0.4357290000352585,0
site_02332,0,0.5320047387726894,1
site_01544,0,0.6449060829075207,1
site_03186,0,0.5283585555029865,1
site_09455,0,0.6469504862139588,1
site_20399,0,0.5209881973025186,1
site_16760,0,0.5538036425998715,1
site_06718,0,0.4554034822238236,0
site_05542,0,0.41022908196188657,0
site_06392,0,0.4717121488156699,0
site_16312,0,0.2614223599876359,0
site_03334,0,0.5633020338138929,1
site_09979,0,0.5701359329267396,1
site_20689,0,0.20779186160483984,0
site_06289,0,0.44990963743620294,0
site_03991,0,0.3857818123228999,0
site_06757,0,0.4538086506366081,0
site_18072,1,0.4955238654579517,0
site_20432,1,0.4399252058737092,0
site_15769,1,0.1258938433371446,0
site_08629,0,0.38754780787571996,0
site_19686,0,0.4659429746920831,0
site_09852,0,0.560653629306181,1
site_03413,0,0.4746438695224872,0
site_20315,1,0.3713810569249545,0
site_20938,0,0.3465935564414322,0
site_07962,0,0.2889759503964971,0
site_18225,0,0.5261947408483181,1
site_01358,0,0.3208511394791841,0
site_04288,0,0.5696503814581646,1
site_02729,0,0.611641671689941,1
site_20264,0,0.5020122710167254,1
site_09401,0,0.5987372220012965,1
site_09952,0,0.3917505853296104,0
site_19139,0,0.558030373227939,1
site_13521,0,0.4069285059840805,0
site_12092,0,0.5241386040822169,1
site_06580,1,0.5457361522979207,1
site_19723,0,0.5354563115191849,1
site_19158,0,0.5292594101031891,1
site_20624,0,0.18605649265438606,0
site_16859,0,0.7323478444576307,1
site_04478,0,0.3774206840396572,0
site_09708,0,0.46106139541831404,0
site_06234,1,0.57183829785666,1
site_01542,0,0.534361653352369,1
site_11875,0,0.1577664694594705,0
site_06308,0,0.5443605001594982,1
site_05771,0,0.5267200805515087,1
site_05553,0,0.4678101378276331,0
site_00197,0,0.48636980119685336,0
site_12615,0,0.5619866754707783,1
site_01170,1,0.19052037081448014,0
site_09241,0,0.046670094120706856,0
site_08238,0,0.31549216401857466,0
site_21115,0,0.495191829056136,0
site_20678,0,0.4525087078096944,0
site_15976,0,0.566911337395229,1
site_15836,0,0.2569363039302221,0
site_19971,0,0.536479552246477,1
site_02267,0,0.5629262710338921,1
site_03344,0,0.2657962319524727,0
site_16067,0,0.5498627261746352,1
site_14150,0,0.5323246063446108,1
site_14459,0,0.5314345964568626,1
site_18093,1,0.530460731258844,1
site_06909,1,0.4345529664953226,0
site_18211,0,0.5311282443011507,1
site_01662,0,0.5508646580199845,1
site_01868,0,0.5218958019998859,1
site_17061,0,0.5488898690232867,1
site_03252,0,0.41141151760023476,0
site_04231,0,0.4291631403734305,0
site_01333,0,0.4785102520406593,0
site_11498,0,0.4605521500667529,0
site_05989,0,0.5256594544749852,1
site_06051,0,0.4796947138565146,0
site_19345,0,0.44541591396662733,0
site_15832,0,0.5075395044351391,1
site_17266,0,0.6325406136284333,1
site_04704,1,0.2787142368711792,0
site_15001,0,0.46548429313134826,0
site_04588,0,0.5225411740425231,1
site_20289,0,0.32806080013055555,0
site_04082,0,0.46915882415832744,0
site_09819,0,0.46106139541831404,0
site_04137,0,0.44375141002079155,0
site_02574,0,0.4908433048455498,0
site_12795,0,0.34620319085302276,0
site_04692,0,0.5158169107975594,1
site_11161,0,0.052062620194686486,0
site_01702,0,0.5860390019598841,1
site_18564,0,0.4710946405351623,0
site_06132,0,0.5067700973291505,1
site_13809,0,0.40704152277645367,0
site_08515,0,0.5467554680069571,1
site_12312,0,0.5165396592628785,1
site_03376,0,0.518178069354648,1
site_13190,0,0.5335733638936078,1
site_15351,0,0.5011556815719614,1
site_13631,0,0.47772301362098973,0
site_13948,0,0.4551524355730725,0
site_04623,0,0.5106228396464575,1
site_16239,0,0.4118482706627138,0
site_20697,1,0.4231849577648997,0
site_20441,1,0.45500034080292556,0
site_04830,0,0.46072625325200545,0
site_20411,0,0.5557918587765688,1
site_00635,0,0.540801805218873,1
site_07384,0,0.4507907815726405,0
site_12171,0,0.46847743577847023,0
site_12246,0,0.4746706136277644,0
site_10033,0,0.5385724337686283,1
site_12896,1,0.3853333209832842,0
site_00673,0,0.5567074642166359,1
site_07288,0,0.49496971579183763,0
site_05750,0,0.6096743426569226,1
site_15230,0,0.6401658167582169,1
site_05902,0,0.559737466708486,1
site_10366,0,0.20608050482522453,0
site_12454,0,0.33019096740478066,0
site_15241,0,0.6369291834882078,1
site_16685,0,0.4984312349479189,0
site_07332,0,0.5370087723722927,1
site_14095,0,0.5104164602086465,1
site_16015,0,0.3317284401579484,0
site_07440,0,0.5679359444752684,1
site_01407,0,0.6486291332273942,1
site_20871,1,0.42546491859913893,0
site_11187,1,0.3329996264543049,0
site_11631,1,0.5109468681371802,1
site_06975,0,0.48491915556844867,0
site_10918,0,0.778633188410254,1
site_09118,0,0.37456267707939644,0
site_17777,0,0.39899181039548925,0
site_00740,0,0.5373654155410504,1
site_18292,0,0.6177385263139002,1
site_07522,1,0.5027371142867841,1
site_01019,0,0.5388500013966594,1
site_19444,1,0.4324554401410292,0
site_02897,0,0.32199110895622246,0
site_03352,0,0.5056331650054164,1
site_10417,0,0.30017449688826997,0
site_16459,0,0.519493420555005,1
site_00869,0,0.32498525872156175,0
site_10811,0,0.5392799943564055,1
site_08435,0,0.30797527482766535,0
site_21545,0,0.5221470567638515,1
site_01383,0,0.5250581242410476,1
site_01790,0,0.5010774204413793,1
site_02257,0,0.40142602586447695,0
site_03194,0,0.5146304977442735,1
site_03460,0,0.6270463980600464,1
site_00564,0,0.6278223612011283,1
site_15281,0,0.6029314966979741,1
site_09996,0,0.40872042645464707,0
site_06468,0,0.5432893050323683,1
site_08765,0,0.49604052208721683,0
site_08646,0,0.3357575246143753,0
site_05084,0,0.4939397334982315,0
site_13175,1,0.44450126615617225,0
site_09889,0,0.41345211882224797,0
site_13084,0,0.5290683763365396,1
site_09153,0,0.32195230419844506,0
site_10765,1,0.6836846604208594,1
site_11122,0,0.3078090533018871,0
site_02049,0,0.27665404784205067,0
site_10634,0,0.31776001964105416,0
site_13243,0,0.4654867624674873,0
site_00648,0,0.4371365764258934,0
site_19338,0,0.5002754812128019,1
site_12549,0,0.36975077324490646,0
site_17592,0,0.5109809278432863,1
site_01911,0,0.5168574741820458,1
site_04074,0,0.5104164602086465,1
site_14044,0,0.42470535758520106,0
site_04881,0,0.5596094487486537,1
site_10974,0,0.3493200631837997,0
site_00422,0,0.5108238095900922,1
site_06147,0,0.4950552938476008,0
site_04229,0,0.3924848803063474,0
site_09737,0,0.1660990486791975,0
site_03373,1,0.5373256781441131,1
site_00866,0,0.4260733469805849,0
site_14484,0,0.5161666841437108,1
site_04677,0,0.4435646559501446,0
site_20669,1,0.3858240708318065,0
site_16404,0,0.46986653147064916,0
site_08566,0,0.6878301509680308,1
site_13878,0,0.5277953503224816,1
site_10594,0,0.69708311051597,1
site_15463,0,0.4117665428090164,0
site_18460,0,0.5284869625053582,1
site_15475,0,0.5824878442256164,1
site_13325,0,0.5999106250800448,1
site_04153,0,0.5109326200395756,1
site_18837,0,0.5725642062755205,1
site_20810,0,0.5186257079036259,1
site_14381,0,0.5401575651282351,1
site_16912,1,0.36438416391734846,0
site_05110,0,0.19556918617858887,0
site_06803,0,0.4658551857223912,0
site_02590,1,0.3516621191706967,0
site_04698,0,0.41722956673073897,0
site_19208,0,0.45545950295516696,0
site_06400,0,0.665228009406539,1
site_08379,0,0.5556561152816639,1
site_04635,0,0.4268864912553282,0
site_20238,0,0.42924975475313354,0
site_05485,0,0.39836234622095396,0
site_06064,0,0.4860691999183787,0
site_19450,0,0.5141645221922804,1
site_12646,0,0.33852506824461237,0
site_03030,0,0.5209138204992129,1
site_01766,0,0.376166848548108,0
site_19106,0,0.413120242657217,0
site_05153,0,0.4571065196308045,0
site_07784,0,0.47255854230174243,0
site_09497,0,0.9252437620719043,1
site_10566,1,0.5825868860079032,1
site_00617,0,0.5187465375495505,1
site_15338,0,0.46651222264149844,0
site_12188,0,0.4951569031432373,0
site_07259,0,0.46370021304485476,0
site_09347,1,0.47517599625551354,0
site_16887,0,0.5202397125785626,1
site_15602,0,0.4691885522128025,0
site_13730,0,0.3781566770856275,0
site_13639,0,0.4582435295378179,0
site_02160,0,0.6114744533748984,1
site_09605,0,0.10322426672476769,0
site_01371,0,0.47689614069503994,0
site_11950,1,0.6271610051983373,1
site_16532,0,0.4549294282027207,0
site_13377,0,0.31949052250148224,0
site_09007,0,0.24645214299326462,0
site_18683,0,0.3573411728039181,0
site_02639,0,0.44527435936177434,0
site_02504,0,0.5466093160581418,1
site_03890,0,0.4671960199375268,0
site_05586,0,0.5731265370947882,1
site_02005,0,0.5146304977442735,1
site_20093,0,0.5199663524285901,1
site_12883,0,0.38180552672368634,0
site_09145,0,0.011016196160707648,0
site_18860,0,0.5186463379243317,1
site_07277,0,0.44032443759620615,0
site_02547,0,0.45984145682649225,0
site_10641,0,0.5850666929471467,1
site_00258,0,0.17573896851397175,0
site_15142,0,0.42864470752256584,0
site_13674,0,0.568175264062998,1
site_04376,1,0.45903339425462253,0
site_20359,0,0.3323045324225793,0
site_07473,0,0.3736430972204898,0
site_00761,0,0.43402709972417114,0
site_04297,0,0.5578298227203835,1
site_03963,0,0.4551969981392005,0
site_11051,0,0.3358643536675742,0
site_11734,0,0.6128043502236665,1
site_01168,0,0.5707154662400927,1
site_09955,0,0.4929988006245506,0
site_15860,0,0.4782759972459213,0
site_18584,0,0.4955154231136708,0
site_10682,0,0.5825868860079032,1
site_06492,0,0.48408664656777733,0
site_15403,0,0.5942881744753996,1
site_18589,0,0.4092706718490432,0
site_18355,0,0.4571242846759938,0
site_05363,0,0.469804387344445,0
site_16077,1,0.4551969981392005,0
site_07685,0,0.4605521500667529,0
site_16535,0,0.323083431482481,0
site_12844,0,0.4927668361011761,0
site_00605,0,0.5505979723065887,1
site_12184,0,0.5402285540663387,1
site_16495,0,0.44158186458962534,0
site_17499,0,0.46950619610966865,0
site_06187,0,0.6278182929635051,1
site_10859,0,0.23335962374630473,0
site_16633,0,0.4971952235742941,0
site_00207,0,0.5089186663357333,1
site_08188,0,0.30529576572400857,0
site_18513,0,0.5209468139884316,1
site_04193,0,0.5432893050323683,1
site_14880,0,0.5700696585004986,1
site_20362,0,0.493639524699834,0
site_10290,0,0.5913325892923531,1
site_14743,0,0.4982825288658801,0
site_11719,0,0.4889705820354355,0
site_03518,0,0.5806265285936176,1
site_15220,0,0.12780724894578524,0
site_03855,0,0.462824947548651,0
site_02099,0,0.25985673588544345,0
site_15140,1,0.5017373830572442,1
site_07374,0,0.38570519979916096,0
site_13974,0,0.40860936637267836,0
site_13421,1,0.33618148943098036,0
site_20334,0,0.5451486981036295,1
site_07813,1,0.34225491294769916,0
site_02318,0,0.5595271081073833,1
site_20434,0,0.38833237069123505,0
site_01307,1,0.3825041517548257,0
site_09029,0,0.3866124319014617,0
site_05988,0,0.4272071822067622,0
site_03255,0,0.35168662296523595,0
site_01050,0,0.23595691166756205,0
site_08176,0,0.3900971269461486,0
site_01583,0,0.5561155101097626,1
site_06948,0,0.4905717511344331,0
site_20296,0,0.549614788465008,1
site_00271,0,0.5177222730079837,1
site_08018,0,0.4075973416616883,0
site_08096,0,0.39847479713893474,0
site_12336,0,0.49329465189912863,0
site_15849,0,0.42943809509815684,0
site_20426,0,0.01573866608047732,0
site_10869,0,0.3724369749313403,0
site_16027,0,0.5314345964568626,1
site_12513,0,0.28636692852842177,0
site_19278,0,0.4882037800416866,0
site_11202,0,0.5392799943564055,1
site_07663,0,0.3544091251171107,0
site_14841,0,0.5109809278432863,1
site_06467,0,0.6277920621257403,1
site_13836,0,0.46048773261176956,0
site_18065,0,0.40113041639972824,0
site_10656,0,0.5248485865120273,1
site_14215,0,0.42467225523846747,0
site_19731,0,0.39814476064247367,0
site_16800,0,0.5431009355187191,1
site_05032,0,0.45753746906520487,0
site_01527,0,0.1004808245106729,0
site_14103,0,0.10116007655522218,0
site_10901,0,0.06329783947576272,0
site_20809,0,0.4849086445851057,0
site_21377,0,0.16848271081430938,0
site_00281,0,0.47506339568024003,0
site_17656,0,0.49225296419893216,0
site_08729,0,0.6277424869549485,1
site_19993,0,0.33417481041920416,0
site_06159,0,0.27070291080425324,0
site_15277,0,0.4478079334191454,0
site_21537,0,0.5536238424320773,1
site_15801,0,0.476562788501963,0
site_14898,0,0.5187318049208078,1
site_17239,0,0.4745953391671119,0
site_12061,0,0.5476205945572307,1
site_20283,0,0.6988826925275426,1
site_14796,1,0.5520728554662859,1
site_08697,0,0.1723293934073977,0
site_04262,0,0.5824878442256164,1
site_18849,0,0.5124702001134461,1
site_13358,0,0.49693443570750956,0
site_12860,0,0.5340040037467694,1
site_13862,0,0.5353962380744901,1
site_09293,0,0.40447024564982004,0
site_12150,0,0.36268992033603575,0
site_21109,1,0.4072384490584978,0
site_07185,0,0.5240617636310461,1
site_09119,0,0.4577311524998262,0
site_16743,0,0.5002039739238535,1
site_13758,0,0.4821602750570628,0
site_08301,0,0.6347561365395983,1
site_17564,0,0.29177089904812825,0
site_01904,0,0.33404196319340473,0
site_02380,0,0.4859033620487646,0
site_18099,0,0.5422225147796594,1
site_03762,0,0.379231533476503,0
site_01074,1,0.4215636293647304,0
site_20262,0,0.5866011102106713,1
site_05582,0,0.4460224283181899,0
site_21552,0,0.4785102520406593,0
site_13226,1,0.6186318163059549,1
site_14762,0,0.31715682313094457,0
site_06839,0,0.3791475963260207,0
site_03326,0,0.5915182898020215,1
site_12613,0,0.1335319623654232,0
site_19533,0,0.5043062214204471,1
site_20947,0,0.4991434103617559,0
site_16714,0,0.5535007235729915,1
site_00022,0,0.14442582241095667,0
site_11762,0,0.565662225170145,1
site_20109,0,0.6237572268402963,1
site_00548,0,0.4932751106670034,0
site_19402,0,0.3961837651809012,0
site_06158,0,0.41826862346157884,0
site_11800,0,0.4522591377989495,0
site_07814,1,0.2869780644214111,0
site_12802,0,0.4544385087738303,0
site_17427,0,0.5930124497142171,1
site_14309,0,0.5179055974659345,1
site_13627,0,0.4616989340889047,0
site_16299,0,0.4698668886088592,0
site_16316,0,0.4743864229676279,0
site_06649,0,0.3949036770384114,0
site_10436,1,0.6068814726282046,1
site_16416,0,0.48835099737161114,0
site_07660,0,0.3268996271729281,0
site_07766,0,0.4131752055007477,0
site_17822,0,0.4741002645315604,0
site_05535,1,0.1360299288019722,0
site_12864,0,0.49059117569997757,0
site_21414,0,0.4369991414104136,0
site_16492,0,0.45560805743466737,0
site_19178,0,0.5456998927020874,1
site_03260,1,0.437030877409122,0
site_11787,0,0.42845308418740596,0
site_00637,0,0.5223115962474826,1
site_02830,0,0.7253228151414594,1
site_02556,0,0.4773033340743292,0
site_00674,0,0.5514863629454013,1
site_17307,0,0.4215636293647304,0
site_00020,0,0.2984943177264664,0
site_02497,0,0.3275151786027616,0
site_16386,0,0.42165717882448894,0
site_13896,1,0.24456852406340576,0
site_14645,0,0.38440715913028467,0
site_20879,0,0.5161666841437108,1
site_01123,0,0.4569033052860929,0
site_18803,0,0.6268356309537716,1
site_11874,0,0.21863103496683922,0
site_13359,0,0.5266736749574124,1
site_13865,0,0.4590679196350124,0
site_16740,0,0.17539550700199977,0
site_00613,0,0.4928513098090677,0
site_14418,0,0.5016832958611497,1
site_08124,0,0.4762948618778118,0
site_19776,0,0.5116108671127135,1
site_06778,0,0.4955897732690565,0
site_02082,0,0.536479552246477,1
site_08715,1,0.47966442896855016,0
site_13829,0,0.49736206817601797,0
site_10937,0,0.3033471311977963,0
site_20897,0,0.26911191291608844,0
site_09109,1,0.6723749698424976,1
site_18156,0,0.558702177059665,1
site_08395,1,0.3911578361081157,0
site_15651,0,0.4484939277531654,0
site_21147,0,0.26050098150086326,0
site_10195,0,0.1798808328931483,0
site_06812,0,0.4187313040675561,0
site_13147,0,0.34842236522085135,0
site_14695,0,0.3945451322124308,0
site_01570,0,0.37291618440206037,0
site_12309,0,0.5486962932176029,1
site_20632,0,0.3561731853145743,0
site_02969,1,0.3730600735190645,0
site_02654,0,0.637399894946866,1
site_15892,0,0.5284869625053582,1
site_01041,0,0.42299526748955774,0
site_10226,0,0.6448810145092706,1
site_08673,0,0.46106139541831404,0
site_02040,0,0.5246982513503999,1
site_14054,0,0.5612267359756532,1
site_13328,0,0.471122710317199,0
site_16157,0,0.30177606302349785,0
site_02943,0,0.5888127084448939,1
site_18992,1,0.5527026175676312,1
site_04598,0,0.5423329535356936,1
site_15339,1,0.6893975794407247,1
site_18958,0,0.6021115239019262,1
site_14041,0,0.46218099328819495,0
site_17371,0,0.6116073346555579,1
site_19908,0,0.5240984750493166,1
site_10128,0,0.273591107068898,0
site_04883,0,0.5028213557039335,1
site_15546,0,0.524955049569815,1
site_18463,0,0.49446710285834866,0
site_10783,0,0.45747593914153056,0
site_16769,0,0.447653230323985,0
site_01389,0,0.37466091758425923,0
site_01221,0,0.5283585555029865,1
site_11334,0,0.28246121071494684,0
site_07191,0,0.5504816481884958,1
site_06557,0,0.4506446466872949,0
site_12031,0,0.565662225170145,1
site_20387,1,0.3591741544646447,0
site_02623,0,0.471253959139526,0
site_07299,0,0.1779768215586854,0
site_08309,1,0.5643201236122948,1
site_20348,0,0.11259816087078837,0
site_18388,0,0.5044637575962269,1
site_20853,0,0.05735922809785387,0
site_03052,0,0.5342762039338103,1
site_18468,0,0.4717121488156699,0
site_03712,0,0.5612267359756532,1
site_19866,0,0.4217287140483426,0
site_09886,1,0.5304597420618573,1
site_11604,0,0.4545128444407242,0
site_02756,0,0.5347629745902047,1
site_19688,1,0.47175243235843306,0
site_19630,0,0.4099514238941138,0
site_01970,0,0.5521183616644543,1
site_10812,0,0.5327644646302397,1
site_07881,0,0.4018382383653648,0
site_02269,0,0.26721377541152674,0
site_03446,0,0.5324912801833314,1
site_02844,0,0.2264419416321163,0
site_04842,0,0.3693626944655932,0
site_17962,1,0.6015408722464026,1
site_10459,0,0.5392799943564055,1
site_02775,0,0.5705669139025095,1
site_09368,0,0.5797811385489394,1
site_19705,0,0.5684086373859647,1
site_12684,0,0.45590750887781517,0
site_19913,0,0.5385368891467875,1
site_19607,0,0.0408161703251133,0
site_13327,0,0.5350828963228902,1
site_08580,0,0.43841537133752867,0
site_11123,0,0.2871892580045752,0
site_05409,0,0.45545950295516696,0
site_12475,0,0.42233670410977103,0
site_10949,0,0.31949052250148224,0
site_06129,0,0.2925294333100886,0
site_16370,1,0.3269046893556711,0
site_17498,0,0.27460805093448715,0
site_07613,0,0.49484448343221504,0
site_19665,0,0.6652539291792527,1
site_02737,0,0.376950273654751,0
site_00265,0,0.3009664352834709,0
site_17442,0,0.6678486637531568,1
site_08357,0,0.5289356138755734,1
site_05025,0,0.3946371693888705,0
site_05495,0,0.1357979837790878,0
site_06179,0,0.3919854908464895,0
site_18011,0,0.5277339777977382,1
site_19343,0,0.24786213618043673,0
site_19480,0,0.3837557039266602,0
site_04255,0,0.21387976515863932,0
site_06033,0,0.37805558657802696,0
site_15547,0,0.37702702250689274,0
site_21117,0,0.45576915792793055,0
site_15568,0,0.3414405079874212,0
site_01981,0,0.44401109775912295,0
site_12751,0,0.5011230201994028,1
site_02768,0,0.4377368298991795,0
site_18296,0,0.5702132400786487,1
site_16043,0,0.43847109302951126,0
site_01303,0,0.5246982513503999,1
site_20696,0,0.501112474327378,1
site_10930,0,0.49804035896071047,0
site_13354,0,0.4151312165250041,0
site_06177,0,0.48662920046910196,0
site_05941,1,0.544322350974688,1
site_08480,0,0.5165396592628785,1
site_06424,0,0.4475892556307176,0
site_10084,0,0.4874173991542015,0
site_03072,0,0.4630645274986992,0
site_09875,0,0.552992176443814,1
site_13459,0,0.4796947138565146,0
site_18318,0,0.4762657802625668,0
site_19818,1,0.5694297567962825,1
site_17580,0,0.26474440218109535,0
site_17154,0,0.5316055292444493,1
site_10235,0,0.35881101139321814,0
site_17960,1,0.5267506674741648,1
site_05792,0,0.1897390934815487,0
site_14082,0,0.5304597420618573,1
site_12455,0,0.4791022019388064,0
site_00724,0,0.3744973275753779,0
site_05223,0,0.2345203256743573,0
site_08276,0,0.3601588986106883,0
site_03597,0,0.37299970788820963,0
site_16937,0,0.5261610998709793,1
site_09202,0,0.5213129439086984,1
site_06502,0,0.28266418258506376,0
site_20125,0,0.41759922136880323,0
site_08398,1,0.5613987007421433,1
site_01984,0,0.20744685173654173,0
site_10256,0,0.6284275669361782,1
site_21534,0,0.5015788362957405,1
site_20582,0,0.5101595307748932,1
site_08160,0,0.03880230525031946,0
site_13538,0,0.4709853054446089,0
site_07102,0,0.46044345998693553,0
site_09158,0,0.45179076086364806,0
site_18606,0,0.468062409999006,0
site_17419,0,0.5374822865983668,1
site_08942,0,0.5794329951971493,1
site_03087,0,0.4585477234877319,0
site_02339,0,0.2572168606138817,0
site_07213,0,0.48806462829414543,0
site_10048,0,0.011136730388388718,0
site_02638,1,0.4215636293647304,0
site_19455,0,0.5167235886087272,1
site_17627,0,0.7318901495689224,1
site_17053,0,0.5272735315162516,1
site_10632,1,0.5893636102208648,1
site_14845,0,0.5066596984828581,1
site_05987,0,0.5401575651282351,1
site_20448,0,0.5113782951862792,1
site_18575,0,0.3755383460109007,0
site_03461,0,0.5598016496954187,1
site_07443,0,0.30841251525428015,0
site_07664,0,0.4700172641025973,0
site_18061,0,0.5293678489287484,1
site_12062,0,0.5124542111122858,1
site_19454,0,0.5220138869390308,1
site_06213,0,0.6194748482416036,1
site_15922,0,0.4265849537012491,0
site_03643,1,0.5814395556910563,1
site_20231,0,0.4353601181187935,0
site_06352,0,0.400505502104161,0
site_02694,0,0.4689396310452032,0
site_15264,0,0.3879418997253845,0
site_18715,0,0.5559249912618075,1
site_19367,1,0.47026895148447906,0
site_17845,0,0.5931948444411566,1
site_04553,0,0.41349931291802394,0
site_07306,1,0.4630586765162146,0
site_16272,0,0.5010429289809306,1
site_05852,0,0.49120625910471843,0
site_08345,0,0.5693892990320198,1
site_18698,0,0.3293628498433111,0
site_03931,1,0.4487152334850206,0
site_07656,1,0.5014368068441541,1
site_11431,0,0.26993185918369866,0
site_02335,0,0.49255292874196355,0
site_19940,0,0.20558113673451195,0
site_12522,0,0.2630646436072619,0
site_19142,0,0.518858792315788,1
site_08061,0,0.5480101224890305,1
site_00615,0,0.5132466577707502,1
site_07729,0,0.5594754456763155,1
site_17087,1,0.41124925823471153,0
site_09037,0,0.3581160215686349,0
site_06864,0,0.13515670924395706,0
site_11279,0,0.36886389169512346,0
site_02754,0,0.4779554122632872,0
site_10294,0,0.2886534368651972,0
site_13231,0,0.4967263312109671,0
site_04687,0,0.40975630930701584,0
site_15724,0,0.4585927105160804,0
site_21241,0,0.5510430970722956,1
site_08926,1,0.33885156018413165,0
site_17561,0,0.31908434969816907,0
site_09530,0,0.3685980420334914,0
site_19400,0,0.6541842628845805,1
site_21403,0,0.5249455173032467,1
site_19113,0,0.47965679719002063,0
site_04676,0,0.544175633039154,1
site_20764,0,0.33347050086778296,0
site_02314,0,0.5216446819928438,1
site_18851,0,0.38836806627839665,0
site_15721,0,0.4784707452107258,0
site_02052,0,0.47067904693049356,0
site_07787,1,0.48454534374215197,0
site_08705,0,0.3571451636813704,0
site_08339,0,0.29392862074398535,0
site_12077,0,0.46459759176611054,0
site_04286,0,0.6178127343017032,1
site_10330,0,0.4932801328264239,0
site_01062,0,0.36580412247021526,0
site_02698,0,0.6237572268402963,1
site_13565,0,0.5215939676283604,1
site_13951,0,0.2238715494963513,0
site_13017,0,0.5888350782193544,1
site_13881,0,0.5428243720913646,1
site_20438,0,0.5506982852983063,1
site_13972,0,0.2841898392428262,0
site_18079,0,0.24885403591133676,0
site_07517,0,0.4278752207038545,0
site_20459,1,0.5117065441599207,1
site_05403,0,0.5376484052640784,1
site_14423,0,0.4831783618472954,0
site_18455,1,0.544175633039154,1
site_13258,0,0.5758042456532323,1
site_09044,0,0.33022109661169685,0
site_06549,0,0.5304739799098378,1
site_19544,0,0.5189391355518214,1
site_04523,0,0.37710525702995656,0
site_01159,0,0.4642026694802503,0
site_03197,1,0.4907251894941695,0
site_00771,0,0.5329728602450027,1
site_20473,0,0.5802146843439759,1
site_20902,0,0.5861372444706177,1
site_11894,0,0.5477075118479089,1
site_16173,1,0.5978137633446932,1
site_02489,0,0.07854449116138018,0
site_05704,1,0.4628429857826359,0
site_12149,1,0.2766175832133242,0
site_05261,0,0.5431003968729461,1
site_06596,0,0.4303091841481507,0
site_08086,0,0.3664230892910608,0
site_01977,0,0.4882700404736375,0
site_16329,0,0.4995501591987478,0
site_00941,0,0.39568515272379357,0
site_03801,0,0.38487943645314,0
site_06482,0,0.4989161378958645,0
site_15460,0,0.42470535758520106,0
site_06635,0,0.3636616459657982,0
site_15253,0,0.37569553732365923,0
site_02325,0,0.46066749662278145,0
site_06569,1,0.3986153455763429,0
site_03230,0,0.4918026568894322,0
site_20779,0,0.5246982513503999,1
site_21262,0,0.24879404494698704,0
site_05006,0,0.39997564600229085,0
site_05712,0,0.5425364541530147,1
site_04086,0,0.5999858575787975,1
site_08556,0,0.2929975759974876,0
site_16098,0,0.42233670410977103,0
site_16741,1,0.5165603295475906,1
site_20201,0,0.5500810956974227,1
site_17447,0,0.400505502104161,0
site_08691,0,0.4364190545050142,0
site_19995,0,0.33985974714438344,0
site_03272,0,0.29894339354422816,0
site_18597,0,0.45993434122012217,0
site_01228,0,0.5132466577707502,1
site_07658,1,0.44450126615617225,0
site_04690,1,0.5143487145732712,1
site_05769,0,0.41315368911605244,0
site_11689,0,0.08993440699290309,0
site_16547,0,0.566911337395229,1
site_06599,0,0.3636916563119727,0
site_07303,0,0.49322241180907417,0
site_01298,0,0.553908779625578,1
site_03859,0,0.5494627526201673,1
site_00918,0,0.4828096490611438,0
site_08059,0,0.53448145117934,1
site_15496,0,0.3730399981369275,0
site_11897,0,0.32151144949695615,0
site_15634,1,0.544733205289479,1
site_03224,0,0.41460829977236885,0
site_01243,0,0.4015077678833892,0
site_14543,0,0.6458574201487207,1
site_04260,0,0.524955049569815,1
site_18091,0,0.4394946745013736,0
site_17436,0,0.16963826502262683,0
site_17918,1,0.5757220976779548,1
site_02230,0,0.1978737018291661,0
site_07541,0,0.42918866543809564,0
site_19470,1,0.4086448455358332,0
site_01138,1,0.4097030191531539,0
site_05975,1,0.44705541558228595,0
site_04622,0,0.5258940040917691,1
site_09866,0,0.27405604432432573,0
site_19752,0,0.4962254800197227,0
site_19462,0,0.11694012404828084,0
site_02640,0,0.5055808534573736,1
site_07674,0,0.4114645408933776,0
site_03301,0,0.411298913162774,0
site_05350,1,0.4689467498224109,0
site_18247,0,0.5380148732858923,1
site_11091,0,0.5552612294032154,1
site_04349,0,0.10844527345440276,0
site_20605,0,0.4705677797722721,0
site_09465,0,0.6535927033025886,1
site_10833,0,0.347095075171924,0
site_15449,0,0.497411665977079,0
site_05603,0,0.30872977469461055,0
site_15691,0,0.47042387780878314,0
site_18451,1,0.5379698098827331,1
site_08043,0,0.5321757624093252,1
site_07368,0,0.516381775515814,1
site_09936,0,0.1683109913620132,0
site_20566,0,0.49796659308495617,0
site_12182,0,0.29392862074398535,0
site_15311,0,0.3847728250611415,0
site_12362,0,0.39804962277198364,0
site_01963,0,0.518178069354648,1
site_03342,0,0.4707438231582025,0
site_13781,1,0.599968463048707,1
site_05799,0,0.4791022019388064,0
site_20044,0,0.5978137633446932,1
site_11687,0,0.5194286577694716,1
site_00325,0,0.4889306457297179,0
site_05649,0,0.775193260869539,1
site_13171,0,0.4724369517410738,0
site_08759,0,0.6027605867890047,1
site_14002,0,0.4984191875736748,0
site_20619,1,0.25454160886669874,0
site_18934,0,0.4582435295378179,0
site_19363,0,0.5980750619091875,1
site_19846,0,0.5922419393638723,1
site_02876,0,0.3542663753600148,0
site_02326,0,0.4967504732478945,0
site_02157,0,0.5241231486505915,1
site_13735,0,0.44294856032384683,0
site_15639,0,0.5283600969724953,1
site_07321,0,0.496848200718381,0
site_16255,0,0.1546176014068984,0
site_03400,1,0.4898569939420679,0
site_21418,1,0.34762880080466835,0
site_11920,0,0.4793538219726373,0
site_12651,0,0.5066321891309915,1
site_02263,1,0.5424665177703681,1
site_05825,0,0.38030031942026166,0
site_12620,0,0.38920519305173207,0
site_12721,1,0.5290683763365396,1
site_06959,0,0.523298457937206,1
site_21158,0,0.5167235886087272,1
site_02342,0,0.5263369929781039,1
site_14953,0,0.4909794150311071,0
site_11039,0,0.45383721482000294,0
site_16245,1,0.2445561944255612,0
site_17787,0,0.5272735315162516,1
site_00589,0,0.49269278441093617,0
site_03623,0,0.5099351903245795,1
site_00482,0,0.49936510253744487,0
site_15875,0,0.5738184181714608,1
site_17851,0,0.3736597471410845,0
site_04629,1,0.5567356710697592,1
site_20165,1,0.4383375329493714,0
site_04979,0,0.32634034135611273,0
site_20337,0,0.26196700728566896,0
site_12714,0,0.4796408244734681,0
site_09890,0,0.44527435936177434,0
site_13684,0,0.5337043411043837,1
site_18465,0,0.31992287827813837,0
site_12871,0,0.43848659123132006,0
site_06233,0,0.4785102520406593,0
site_20804,0,0.09733258365528072,0
site_10316,0,0.6588549393582861,1
site_11767,0,0.48281426917565107,0
site_05789,0,0.47255854230174243,0
site_18098,0,0.4215636293647304,0
site_14051,0,0.5496576670997838,1
site_19548,1,0.40501975399883494,0
site_01510,0,0.6177487523899485,1
site_14920,0,0.4975756822592637,0
site_21058,0,0.27583608223204104,0
site_20707,0,0.4959551878342928,0
site_11659,0,0.45498418467190127,0
site_11043,0,0.5212456143818174,1
site_16739,0,0.47577020286925636,0
site_11435,0,0.5575153390079257,1
site_14272,1,0.5290683763365396,1
site_07896,0,0.43251363522492775,0
site_20484,0,0.02863955701002767,0
site_02780,0,0.08630914561510518,0
site_00651,0,0.5255050678279798,1
site_15506,0,0.4871246492360205,0
site_18103,0,0.49075448444101266,0
site_13357,0,0.4832280466239732,0
site_02861,0,0.49737700070299284,0
site_00777,1,0.2938022920645083,0
site_15292,0,0.1497092012494079,0
site_16293,1,0.5340393768328144,1
site_04627,0,0.531175180643376,1
site_10363,0,0.5062268704538101,1
site_15957,0,0.5554168267997175,1
site_19486,0,0.4408883127404333,0
site_18826,0,0.524955049569815,1
site_08630,0,0.4989103604294339,0
site_03695,0,0.5053282409652378,1
site_08346,0,0.2806976262361114,0
site_10585,0,0.5486962932176029,1
site_20833,0,0.3795017872686754,0
site_11276,0,0.7040708187906911,1
site_12278,0,0.33022109661169685,0
site_07850,0,0.5281328086717486,1
site_16166,1,0.5049623844978588,1
site_01210,0,0.5091073892756577,1
site_19998,0,0.05315051866394107,0
site_04950,0,0.47766120512335253,0
site_11352,0,0.4110426907904765,0
site_19928,1,0.39036360089598127,0
site_11078,1,0.30339963225595085,0
site_01068,1,0.23859887580332867,0
site_10365,0,0.5655246944011688,1
site_15379,0,0.3945451322124308,0
site_05800,1,0.5620407350707772,1
site_14365,0,0.5290683763365396,1
site_14616,0,0.4553895796692339,0
site_05054,0,0.46383445466309864,0
site_10132,0,0.3283237260428158,0
site_01638,0,0.42121756244286834,0
site_08450,0,0.43298231216460853,0
site_04324,0,0.5559826396118046,1
site_07722,0,0.4613226262440473,0
site_11421,1,0.6309494438087183,1
site_12816,0,0.3687600410151241,0
site_13588,0,0.13748379621460605,0
site_19964,0,0.5311282443011507,1
site_02810,1,0.5574951758487051,1
site_02278,1,0.40607292143640167,0
site_07002,0,0.45245710653227844,0
site_08663,0,0.5584625251153421,1
site_21482,0,0.24622457405017562,0
site_09452,1,0.33420629390610396,0
site_20043,0,0.5912210709113874,1
site_20973,0,0.17351987729621987,0
site_20131,0,0.42029100773597194,0
site_19582,1,0.37787303724744525,0
site_00355,0,0.5004263203249888,1
site_19614,1,0.4554034822238236,0
site_01998,0,0.4828096490611438,0
site_08577,0,0.3329996264543049,0
site_08247,0,0.5482567585246665,1
site_11056,0,0.5746160440217092,1
site_06313,0,0.6116073346555579,1
site_07903,1,0.4905717511344331,0
site_16647,0,0.5762188608509179,1
site_19028,0,0.37991807235638414,0
site_02528,0,0.4733029792590061,0
site_21240,0,0.4289191855084183,0
site_19593,0,0.5860741728804538,1
site_11544,0,0.3439311136089718,0
site_13262,0,0.3615982753201833,0
site_01153,0,0.27481951960798057,0
site_05347,0,0.45879343562781344,0
site_18067,0,0.5113658349195431,1
site_07997,0,0.50492030683284,1
site_09138,0,0.27981332906038614,0
site_13927,0,0.4118449869806546,0
site_00455,0,0.4866455348886073,0
site_05755,0,0.5609493497640804,1
site_02156,0,0.3726782422580047,0
site_09984,0,0.4331923031003585,0
site_18111,0,0.5205358154404176,1
site_14094,1,0.2183147591082655,0
site_10213,0,0.5719633947509133,1
site_05948,0,0.5626648146608677,1
site_07643,0,0.4424557417183115,0
site_05458,1,0.47578071428977203,0
site_04155,0,0.5421453839770565,1
site_05788,0,0.2616394731167011,0
site_10776,1,0.005137711340998295,0
site_13688,0,0.5067700973291505,1
site_14887,0,0.5183597010380717,1
site_01182,0,0.5774478575748584,1
site_20111,0,0.486512183348879,0
site_13075,0,0.38404159683520145,0
site_08428,0,0.5048083946924407,1
site_05598,0,0.5182953971691607,1
site_14963,0,0.5234733439166163,1
site_10450,0,0.5750092889500552,1
site_17288,0,0.5116569652264092,1
site_08291,0,0.3097847175620208,0
site_10259,0,0.3762182658443064,0
site_10218,0,0.3608834457606281,0
site_10730,0,0.08437841563008495,0
site_21271,0,0.4403722765558824,0
site_12146,0,0.6389376007619989,1
site_11337,1,0.30556885359214553,0
site_06215,1,0.21871620229691238,0
site_21054,0,0.5257900783026572,1
site_15684,0,0.5494627526201673,1
site_05612,0,0.5716109570901269,1
site_07647,0,0.5968868615568923,1
site_11466,0,0.6249560440478674,1
site_07366,0,0.38743656161035217,0
site_21202,0,0.39208242142040567,0
site_06791,0,0.5124658347507545,1
site_20047,0,0.5385368891467875,1
site_02427,0,0.3643158575136206,0
site_08138,0,0.32054137470331356,0
site_02190,0,0.469240893022883,0
site_08923,0,0.19212173546750547,0
site_08903,0,0.317962754244732,0
site_13428,0,0.536479552246477,1
site_13401,0,0.5000875724646399,1
site_14026,0,0.5581628378944161,1
site_05531,0,0.45484055151110087,0
site_19154,0,0.6513184389364453,1
site_17873,0,0.6101093044257313,1
site_17431,0,0.1721214786511803,0
site_20691,0,0.06217396868463288,0
site_18089,0,0.4345228204162055,0
site_15372,0,0.5570759783334596,1
site_00301,0,0.502729285056669,1
site_08647,0,0.4662417234133999,0
site_17826,0,0.46854133646307944,0
site_11539,0,0.3663556135232993,0
site_19349,0,0.5172847867236856,1
site_07785,0,0.422512132531352,0
site_02259,0,0.5510649174782342,1
site_11207,0,0.3174684589801661,0
site_08349,0,0.6362151724622553,1
site_10046,0,0.0531733201814789,0
site_08612,0,0.5968868615568923,1
site_13353,1,0.38670583571863454,0
site_09917,0,0.28966740357075205,0
site_08215,0,0.48557378661302103,0
site_19646,0,0.2504523226117063,0
site_07388,0,0.4884633650292365,0
site_01518,0,0.47438494788310465,0
site_01877,0,0.4717121488156699,0
site_16624,0,0.5021228738244558,1
site_13716,0,0.4712612318337956,0
site_19895,0,0.4918026568894322,0
site_10867,0,0.0763396281084736,0
site_06997,0,0.3856096142670768,0
site_13954,0,0.36163532537159104,0
site_04606,0,0.4784707452107258,0
site_11359,0,0.4445439081284907,0
site_01488,1,0.4282703181634838,0
site_15267,0,0.5212429938309784,1
site_09016,0,0.4609846167480651,0
site_19209,0,0.41585781999237753,0
site_18666,0,0.553301982479996,1
site_20741,1,0.14050515752524537,0
site_12249,0,0.42514305147173076,0
site_14325,0,0.5175160089961458,1
site_04521,0,0.5258940040917691,1
site_18791,0,0.47519343993741386,0
site_18709,0,0.5218958019998859,1
site_19167,0,0.5835538965508777,1
site_05928,0,0.4678285256704369,0
site_20683,0,0.04348390340125853,0
site_10372,0,0.19635524091726805,0
site_13320,0,0.43834638549018207,0
site_15951,0,0.4553895796692339,0
site_16059,0,0.4751265274435483,0
site_02672,1,0.41615799420653793,0
site_00032,1,0.6025997353997082,1
site_12366,0,0.25459274635637963,0
site_04748,0,0.5578432400521103,1
site_12930,1,0.390170040112175,0
site_10858,0,0.40572362602027123,0
site_11545,1,0.4932751106670034,0
site_21402,0,0.6466319548125857,1
site_09556,0,0.34824824345939354,0
site_12382,0,0.6634752393471244,1
site_05430,0,0.5363444697810903,1
site_20393,0,0.5898316428219144,1
site_21407,0,0.27583608223204104,0
site_02228,0,0.13808665308749438,0
site_02284,0,0.559630999109389,1
site_04188,0,0.17326193711087232,0
site_07621,0,0.5139777283300851,1
site_09590,0,0.11538957232363907,0
site_00043,0,0.24963809806788154,0
site_06297,0,0.5326378732850742,1
site_05724,0,0.495672189562366,0
site_19060,0,0.5035832464324221,1
site_08607,0,0.4728157902108358,0
site_20010,0,0.4982416834724003,0
site_17279,0,0.5240492720727731,1
site_01085,0,0.4354439252571225,0
site_20021,0,0.37958685367181033,0
site_06654,0,0.5736312552883586,1
site_09719,0,0.3731340776940362,0
site_06056,0,0.4567470173969677,0
site_19736,0,0.4842416261367726,0
site_16817,0,0.4333663822890535,0
site_04329,0,0.47797312406974996,0
site_03306,0,0.5763712839430062,1
site_00216,1,0.3337458778397058,0
site_05259,1,0.5308003011956826,1
site_18614,0,0.47666735430786156,0
site_18737,0,0.5406859424618478,1
site_04592,0,0.5110853535802613,1
site_03180,0,0.5649434080873328,1
site_15274,0,0.4825186778642106,0
site_03709,0,0.2810213149905441,0
site_05338,1,0.3856096142670768,0
site_03833,1,0.6755477247268944,1
site_16257,0,0.4829465229811957,0
site_18679,0,0.5218958019998859,1
site_21461,0,0.5462700024829148,1
site_14437,0,0.4882994582741796,0
site_14301,0,0.459311327843118,0
site_12411,0,0.6656487521225088,1
site_07052,0,0.43180435047772475,0
site_12535,0,0.11247886794066568,0
site_03698,0,0.5441687325861304,1
site_14180,0,0.4002133573904225,0
site_12671,0,0.3399508341527738,0
site_12229,0,0.5087138354189839,1
site_18294,0,0.45845535108952823,0
site_07502,0,0.44479321765595037,0
site_04107,0,0.6684203013049544,1
site_09621,0,0.4024485286956911,0
site_10139,0,0.44901902554639783,0
site_16377,0,0.2806259252292144,0
site_18729,1,0.4149362258467031,0
site_18453,0,0.5225411740425231,1
site_12465,0,0.49170168386148916,0
site_16381,0,0.18311497715959688,0
site_04024,1,0.5162428727248829,1
site_12822,0,0.47229648423464426,0
site_12963,1,0.5225524511579032,1
site_12413,0,0.2478715789810845,0
site_08680,0,0.30765365636349906,0
site_09067,0,0.06018956464623688,0
site_07615,0,0.47970821098833816,0
site_09416,0,0.5839488073362327,1
site_20141,0,0.058325579071708246,0
site_03383,0,0.4708577497985719,0
site_09003,0,0.29577464805546844,0
site_15349,0,0.375312728410425,0
site_02747,0,0.5479329776649975,1
site_14503,0,0.4912676912494443,0
site_10051,0,0.42726247758305413,0
site_13323,0,0.44684416957813006,0
site_04070,1,0.2746640297168886,0
site_19084,0,0.5996765153803804,1
site_02567,0,0.575471724152908,1
site_10834,0,0.1499597220642411,0
site_10531,0,0.2531865785662699,0
site_17267,0,0.5249455173032467,1
site_04406,0,0.24786213618043673,0
site_04035,0,0.38590807976800434,0
site_05467,0,0.47797312406974996,0
site_09643,0,0.4970217781862669,0
site_09570,0,0.28966740357075205,0
site_00087,0,0.5177222730079837,1
site_02912,0,0.4863605259619292,0
site_09231,0,0.38555186794938945,0
site_18004,1,0.27532951018242535,0
site_09081,0,0.2629865950528859,0
site_19791,0,0.5111081080586332,1
site_17510,1,0.4098610195796509,0
site_20826,0,0.5361950337231138,1
site_08605,0,0.45959407587037093,0
site_02850,0,0.7060381547793588,1
site_21128,0,0.5130864148645806,1
site_08229,0,0.5123040201213399,1
site_06534,0,0.29190892930315626,0
site_10412,0,0.5117065441599207,1
site_19292,0,0.5248801093648258,1
site_05258,0,0.5109326200395756,1
site_07492,1,0.4651267028825468,0
site_21149,0,0.4680198161419435,0
site_19423,0,0.6087263660816251,1
site_18445,0,0.49322241180907417,0
site_03511,0,0.4511856835396609,0
site_14917,0,0.6096276898643508,1
site_11331,0,0.2839695314567756,0
site_06894,0,0.4821602750570628,0
site_07561,0,0.4585927105160804,0
site_21538,0,0.5331758460091238,1
site_01057,0,0.1977306532380092,0
site_06606,1,0.34435446498336497,0
site_18969,1,0.47580356731835655,0
site_06934,0,0.4309593026608683,0
site_19790,0,0.3858240708318065,0
site_12009,0,0.2117284529590222,0
site_18952,0,0.6033119924052501,1
site_17552,0,0.4019992868484272,0
site_06689,0,0.5204305163502252,1
site_18855,0,0.4335105510724677,0
site_07843,1,0.4364793817972392,0
site_14478,0,0.5353962380744901,1
site_01116,0,0.5081647544981547,1
site_07224,0,0.479107207889831,0
site_16050,0,0.34175920261144677,0
site_02265,0,0.5600386439522654,1
site_05681,0,0.31923819269980647,0
site_01871,0,0.48813278533341004,0
site_09262,0,0.6414917870739151,1
site_04892,0,0.48873517266604694,0
site_05229,1,0.5534716451883612,1
site_11964,0,0.44527435936177434,0
site_14687,0,0.4696951734700425,0
site_06937,0,0.43491519767322984,0
site_15198,0,0.4893593742978965,0
site_12653,0,0.565662225170145,1
site_01851,0,0.6319496363977561,1
site_13603,0,0.5264921641721207,1
site_16334,0,0.5074021065532284,1
site_05783,0,0.42801309559100803,0
site_12059,0,0.5264921641721207,1
site_06972,0,0.37134380707329134,0
site_03247,0,0.5390966225153901,1
site_13344,0,0.5514863629454013,1
site_12691,0,0.42195520015601196,0
site_14922,0,0.4760331233604277,0
site_12893,0,0.44284833883176344,0
site_07985,0,0.3023163292139542,0
site_17386,0,0.24378243759692617,0
site_04043,0,0.47877076511658406,0
site_16303,0,0.46176390079072704,0
site_09264,0,0.5081647544981547,1
site_04497,0,0.5630763009016986,1
site_04562,0,0.534429715521115,1
site_01732,0,0.4136021449034313,0
site_18617,0,0.6235163040295789,1
site_00924,0,0.41613541948002625,0
site_13006,0,0.6819867681886536,1
site_01731,0,0.5098606087282653,1
site_10349,1,0.47449076218612196,0
site_09445,0,0.459311327843118,0
site_20908,0,0.14448765347371775,0
site_01308,1,0.2619458608139272,0
site_16086,0,0.39146728597953323,0
site_10407,0,0.5580367648136544,1
site_06522,0,0.29630321361195683,0
site_00101,0,0.23668235791521053,0
site_10678,0,0.5376858106952818,1
site_12360,0,0.2439982632122754,0
site_04224,0,0.5750124600914206,1
site_18725,0,0.5185037623932764,1
site_20783,0,0.37291618440206037,0
site_14236,0,0.37707885395879187,0
site_08779,0,0.3622277157669181,0
site_08240,0,0.3391704036062103,0
site_07324,0,0.4230502617818245,0
site_01263,0,0.6303067764325652,1
site_02583,0,0.41735610588077604,0
site_21365,1,0.4816542246405494,0
site_10305,0,0.08205088209011509,0
site_07701,1,0.5327644646302397,1
site_15181,0,0.35132482390185904,0
site_10004,0,0.5337043411043837,1
site_08458,0,0.1375097126648478,0
site_19634,0,0.4487135690062052,0
site_04639,0,0.5219305310791031,1
site_09649,0,0.5334059316884012,1
site_19771,0,0.5475202812097973,1
site_04996,0,0.31890500733336236,0
site_00867,0,0.5123355494164396,1
site_11533,1,0.5662897038423147,1
site_14064,0,0.536479552246477,1
site_20455,0,0.5255050678279798,1
site_12008,0,0.3232103477326641,0
site_09357,0,0.5233402126388561,1
site_06621,0,0.48502141314433567,0
site_05174,1,0.5200798913316399,1
site_06296,0,0.5116108671127135,1
site_04870,0,0.5141673028839345,1
site_01162,0,0.4946178960491523,0
site_16496,0,0.10463612974362164,0
site_09287,1,0.7838580392539055,1
site_09746,0,0.235995004752326,0
site_13319,0,0.4735586017065198,0
site_11106,0,0.5210991367851441,1
site_09607,0,0.44027975400726904,0
site_02458,1,0.5432893050323683,1
site_17313,0,0.6092693043912266,1
site_21423,0,0.45597087920297086,0
site_08945,0,0.5782508178814462,1
site_09744,0,0.6665959389714509,1
site_16206,0,0.48325123701293576,0
site_09094,1,0.47592494726852264,0
site_08704,0,0.5339674987653579,1
site_07054,0,0.3310935056916609,0
site_16321,1,0.1078361967261632,0
site_01537,0,0.5075363354386502,1
site_07117,1,0.4853981535399537,0
site_12508,0,0.4734993665720525,0
site_15701,0,0.4861387125524766,0
site_08233,0,0.34774241133892836,0
site_08050,0,0.4962254800197227,0
site_12345,0,0.5593537973121002,1
site_16150,0,0.5373457165858415,1
site_15016,0,0.3628569537541201,0
site_00385,0,0.3125715382396723,0
site_14579,0,0.4166294885790603,0
site_08867,0,0.23611998867372594,0
site_08479,0,0.49689886496190605,0
site_18356,0,0.524955049569815,1
site_13456,0,0.4532866455317482,0
site_14748,0,0.5355717116812293,1
site_05968,0,0.49106450383720546,0
site_19287,0,0.5109326200395756,1
site_03148,0,0.5227266500490955,1
site_19594,0,0.22463101336977742,0
site_17572,0,0.22294298830927614,0
site_13279,0,0.48110005815730883,0
site_19687,0,0.4882445991265633,0
site_21346,0,0.3697180022777412,0
site_16469,1,0.5055359718809298,1
site_20685,0,0.047100309710305224,0
site_13444,0,0.5811442689442358,1
site_17976,0,0.4048308589126331,0
site_07757,0,0.42581977782441843,0
site_03654,0,0.5895526961799792,1
site_10944,0,0.4451946668235016,0
site_08073,1,0.5048083946924407,1
site_09451,0,0.3468969465810374,0
site_17096,0,0.46826572107649433,0
site_16456,0,0.47255854230174243,0
site_20466,0,0.5067700973291505,1
site_11473,0,0.34832040479420134,0
site_09286,0,0.5721239137174338,1
site_12501,0,0.25725041477798644,0
site_09671,0,0.32220830504579906,0
site_11012,0,0.5180819835748601,1
site_05405,1,0.4052933291871103,0
site_06724,0,0.5617297601451073,1
site_07719,0,0.5201749942909694,1
site_02034,0,0.4553070738109338,0
site_08817,0,0.19626198182961288,0
site_05161,0,0.46297606589261875,0
site_09891,0,0.57183829785666,1
site_02154,0,0.3882617096628773,0
site_13560,0,0.4521260570817174,0
site_12052,1,0.19747163283290764,0
site_14784,1,0.5469739252903846,1
site_06821,0,0.5049258744278278,1
site_12334,1,0.5264566129695522,1
site_13058,0,0.44826916318580917,0
site_07240,0,0.45182607493480054,0
site_12316,0,0.43941561215046376,0
site_04412,0,0.5469739252903846,1
site_08503,0,0.27837902890189004,0
site_07592,0,0.46388285023393055,0
site_07414,0,0.46072625325200545,0
site_19811,0,0.3323045324225793,0
site_09559,1,0.27793757840637007,0
site_02939,0,0.5688609771900486,1
site_09266,0,0.5304597420618573,1
site_10016,0,0.4084150521822523,0
site_15548,0,0.3207583767208554,0
site_08051,0,0.46393810379484957,0
site_16650,0,0.44388782703664,0
site_06299,0,0.5593537973121002,1
site_11341,0,0.5491529918425356,1
site_19337,0,0.5421453803414542,1
site_05873,0,0.40302336720009896,0
site_15010,0,0.6068440864979742,1
site_01864,0,0.5536238424320773,1
site_16397,0,0.3796752537142796,0
site_12231,0,0.5428243720913646,1
site_09330,1,0.5059639597460128,1
site_17953,0,0.2916794575063848,0
site_10049,0,0.019930284629770843,0
site_02231,0,0.42032317773449535,0
site_05057,1,0.3687600410151241,0
site_00847,0,0.5189467628934981,1
site_12066,0,0.47516962709772054,0
site_06070,0,0.591940891855971,1
site_06787,0,0.4487135690062052,0
site_15321,0,0.5781202818780083,1
site_13239,0,0.703245061624247,1
site_11610,1,0.593488124107184,1
site_01061,0,0.4406829037061397,0
site_20327,0,0.48846062134525486,0
site_11288,0,0.36531735702418805,0
site_06015,0,0.5366282996431013,1
site_11738,0,0.46614609017117997,0
site_17461,0,0.32154441848979276,0
site_05872,0,0.5814395556910563,1
site_01749,0,0.5619866754707783,1
site_00028,0,0.336140417236036,0
site_02377,0,0.5011444130955224,1
site_20083,0,0.41491583056691966,0
site_20726,0,0.27933853278247467,0
site_17129,0,0.47049408062816533,0
site_12107,1,0.45207616515495286,0
site_20592,0,0.432138525394727,0
site_14902,0,0.5187318049208078,1
site_16281,0,0.3638855367743903,0
site_10455,0,0.34253747955035874,0
site_17631,0,0.05474342618812518,0
site_04362,0,0.524955049569815,1
site_00299,1,0.2711563493894727,0
site_11742,0,0.7068562621032297,1
site_08068,0,0.479554045959611,0
site_08140,1,0.29202146709934734,0
site_15770,1,0.2696779726262357,0
site_02587,0,0.6065130545316336,1
site_13127,1,0.27284482700108914,0
site_05036,0,0.5007975939582727,1
site_09468,0,0.18939140374250787,0
site_02308,0,0.3833228045122603,0
site_13114,0,0.5249455173032467,1
site_10458,0,0.3700223506558078,0
site_01675,1,0.6114744533748984,1
site_17749,0,0.3202577008947852,0
site_16554,0,0.2443658987757248,0
site_05943,0,0.6629857473844759,1
site_06181,0,0.534537362672884,1
site_16519,0,0.37719308408261065,0
site_07442,0,0.3491794690074875,0
site_07159,0,0.523905338203929,1
site_01923,0,0.5349623315261004,1
site_20402,0,0.3966098617995634,0
site_17448,0,0.5570995643689991,1
site_07339,0,0.5141173095652991,1
site_16052,0,0.12912902071634136,0
site_15127,0,0.5208898665536403,1
site_20774,1,0.4308475169654576,0
site_11299,0,0.05199069263466003,0
site_17166,0,0.41193213823970387,0
site_13853,1,0.553020708012843,1
site_12323,0,0.6283135174218685,1
site_03839,0,0.36046303980720035,0
site_14911,0,0.5225411740425231,1
site_21118,0,0.398384925232118,0
site_20522,0,0.5361950337231138,1
site_14642,0,0.48371379741076354,0
site_17675,0,0.4642026694802503,0
site_21036,0,0.462824947548651,0
site_17666,0,0.5223784270676417,1
site_19654,0,0.4760805935646304,0
site_12810,0,0.609625528861581,1
site_17778,0,0.46898281324557706,0
site_07237,0,0.4135873231043672,0
site_00172,0,0.3340528669617851,0
site_03088,1,0.3516621191706967,0
site_03385,0,0.5652628676111844,1
site_13048,0,0.46610047402401555,0
site_11682,0,0.5937224709053172,1
site_10489,0,0.2792682834283597,0
site_12777,0,0.6723749698424976,1
site_14017,0,0.5710800730208718,1
site_09939,0,0.39875774640733214,0
site_17958,0,0.5211456784007101,1
site_02139,0,0.5148717003693429,1
site_05650,0,0.3604764286372893,0
site_02105,0,0.34114330374680685,0
site_00461,0,0.5589567192490921,1
site_16555,0,0.12111244974921487,0
site_14108,0,0.524955049569815,1
site_14358,0,0.48787983426694,0
site_13189,0,0.512543232148437,1
site_11081,0,0.5448602467396151,1
site_07760,0,0.29518743030248584,0
site_17233,0,0.47311439178461456,0
site_04301,0,0.3607454949091949,0
site_20380,0,0.4521232610385937,0
site_01051,0,0.41500658503986476,0
site_01928,0,0.33815797290622807,0
site_09699,1,0.2853370415328325,0
site_01936,0,0.5240898733348891,1
site_15324,0,0.5702646650536325,1
site_01451,0,0.5320852628739258,1
site_05530,0,0.4086448455358332,0
site_21541,0,0.543392445561238,1
site_06856,0,0.5405709129556514,1
site_00049,0,0.22784719753272242,0
site_13541,0,0.3573411728039181,0
site_00502,0,0.5777749212930673,1
site_18854,1,0.4790217713670373,0
site_08656,0,0.3806501054561656,0
site_11650,0,0.46582190319532923,0
site_07654,0,0.4961825109901044,0
site_17593,0,0.49274989342018705,0
site_08514,0,0.34588741921330135,0
site_15158,0,0.579000612123372,1
site_07587,0,0.5386714541999134,1
site_10516,0,0.6998575003905718,1
site_05362,0,0.29451733645896566,0
site_02096,1,0.5657495857339762,1
site_11957,0,0.4501294472389559,0
site_19681,1,0.38587451673838674,0
site_01989,1,0.6944901714262681,1
site_07354,0,0.4014747936114959,0
site_14031,0,0.38037021099297175,0
site_17284,0,0.45679732182481025,0
site_08547,0,0.44235658874453015,0
site_20754,0,0.524167075784524,1
site_05584,0,0.5368156882657759,1
site_15465,0,0.4903119199070604,0
site_10889,0,0.4752074664647295,0
site_14182,0,0.5479577679549164,1
site_16841,0,0.5058313999384747,1
site_07448,0,0.4705489893649179,0
site_08266,0,0.5119707490660045,1
site_17283,0,0.47067904693049356,0
site_12257,1,0.5678298554426349,1
site_02268,0,0.550444824522332,1
site_03084,0,0.4771416096052791,0
site_16305,0,0.487804015013808,0
site_18995,0,0.5248801093648258,1
site_09349,0,0.49479689987876313,0
site_13944,0,0.42238841712556907,0
site_12482,0,0.4179356166934436,0
site_07209,0,0.5852369595483099,1
site_17983,0,0.5380148732858923,1
site_14542,0,0.49737700070299284,0
site_18569,0,0.5361950337231138,1
site_20574,0,0.33177060970234035,0
site_12641,0,0.37715754699360643,0
site_05181,0,0.5635721689653314,1
site_01098,0,0.5916665513245151,1
site_15859,0,0.45183043014591795,0
site_11325,0,0.4349778990828558,0
site_18177,0,0.518178069354648,1
site_06743,0,0.6092726180194928,1
site_15477,0,0.5310027547284996,1
site_11601,0,0.5431076997391555,1
site_02239,0,0.6652539291792527,1
site_20746,0,0.4982080958218727,0
site_20512,1,0.6275170775249092,1
site_04101,0,0.4724468142182446,0
site_13054,1,0.5305736935671295,1
site_00910,0,0.5379806859846479,1
site_18816,0,0.1937603841714586,0
site_10911,0,0.28049641723709734,0
site_01647,0,0.5498510713595032,1
site_11643,0,0.5017414138018476,1
site_11777,0,0.5180938794912401,1
site_10423,0,0.01931405745985922,0
site_02396,0,0.44803032780878693,0
site_15050,1,0.41722956673073897,0
site_02607,0,0.21863103496683922,0
site_08995,0,0.5978896596805767,1
site_08904,0,0.42582780250800967,0
site_02290,0,0.5438881992255835,1
site_11988,0,0.1371823188200771,0
site_13237,0,0.47438494788310465,0
site_19540,0,0.4982102342680568,0
site_17262,0,0.46274333654336547,0
site_07433,0,0.35707298914574226,0
site_09969,0,0.138806202200963,0
site_10885,0,0.4793728393503017,0
site_04902,0,0.47122558655573304,0
site_00481,0,0.5564656260730215,1
site_10647,0,0.06589620547930783,0
site_00060,0,0.47062720509892936,0
site_05332,0,0.5685053051703344,1
site_04308,0,0.3233289479447661,0
site_18263,0,0.40694602831727933,0
site_03050,1,0.4203676540927586,0
site_17575,0,0.3013705397443876,0
site_12913,0,0.33231042855982224,0
site_19641,0,0.519110695588602,1
site_15523,0,0.4322797482481114,0
site_05342,0,0.5385904684347637,1
site_08517,0,0.2783241276192948,0
site_07208,0,0.4233434483942433,0
site_17107,0,0.6402620273481744,1
site_04069,0,0.5428275402900531,1
site_17038,0,0.40017118080759945,0
site_14892,1,0.5781202818780083,1
site_21504,0,0.5505979723065887,1
site_14822,0,0.5670579399672491,1
site_20030,0,0.514129483119583,1
site_18368,0,0.3599207363975086,0
site_03973,0,0.26225654597582393,0
site_17161,0,0.5189747133228204,1
site_00277,0,0.49976344703520353,0
site_16781,0,0.5004263203249888,1
site_15489,0,0.3209571646049207,0
site_02491,0,0.5465816155407751,1
site_17798,0,0.4722169811742056,0
site_10356,0,0.398225039152041,0
site_06789,0,0.5933073690074562,1
site_15136,0,0.48146928433349906,0
site_09186,0,0.5330420714957602,1
site_03094,0,0.5803329892532375,1
site_15152,1,0.6082354725163215,1
site_07483,0,0.36998990114439284,0
site_10996,1,0.6115451226693915,1
site_17080,0,0.450287485914414,0
site_18691,0,0.33648301154979615,0
site_03170,1,0.4989554348688961,0
site_14677,1,0.47255854230174243,0
site_14971,1,0.5028213557039335,1
site_09802,0,0.28049641723709734,0
site_14955,0,0.5852255963868028,1
site_13806,0,0.7403134861916533,1
site_15490,0,0.39830362764452126,0
site_01040,0,0.5163634007175322,1
site_14375,0,0.523298457937206,1
site_15485,0,0.4282662896924074,0
site_07252,0,0.2554878169010537,0
site_03678,1,0.4434278142707495,0
site_20701,0,0.5826416494508487,1
site_13145,1,0.45959407587037093,0
site_12265,0,0.5372160479416784,1
site_10645,0,0.35489550995841723,0
site_01368,0,0.14701345712315786,0
site_04185,0,0.6330984221005723,1
site_13816,0,0.3601588986106883,0
site_04555,0,0.6006821314153086,1
site_18767,1,0.5435670263584126,1
site_12748,1,0.2623416088378537,0
site_18549,0,0.30304894429210016,0
site_20892,0,0.5385368891467875,1
site_03576,0,0.5781202818780083,1
site_21460,0,0.45618893150970585,0
site_10874,0,0.3455427203626122,0
site_04173,0,0.5042320198500332,1
site_13841,1,0.4506757853761258,0
site_12115,0,0.24190577189634452,0
site_20860,0,0.4850588930478312,0
site_02098,0,0.6849945777989698,1
site_17920,0,0.18987646049829632,0
site_07879,1,0.45253035808481795,0
site_07359,0,0.5696503814581646,1
site_03214,0,0.4779648480845763,0
site_11044,1,0.5234638829008396,1
site_01067,0,0.29786636609192424,0
site_02807,0,0.6110382037413125,1
site_00905,0,0.4708577497985719,0
site_17570,0,0.5140580448175727,1
site_01958,0,0.6577336738192114,1
site_03662,0,0.5451539426120656,1
site_04152,0,0.5750451732066868,1
site_01428,0,0.4339723291955843,0
site_21010,0,0.4203676540927586,0
site_03354,0,0.3901970448475595,0
site_11277,0,0.5298241247402855,1
site_10225,0,0.40566169723138507,0
site_13199,1,0.6110382037413125,1
site_20675,0,0.5342762039338103,1
site_19093,0,0.4279000468259723,0
site_03003,0,0.07028184442364295,0
site_11312,0,0.36605805907526895,0
site_08650,0,0.6529958077044827,1
site_15054,0,0.5527026175676312,1
site_08242,0,0.5049700589413186,1
site_09863,0,0.4375861945890072,0
site_12658,0,0.23752782835196476,0
site_05693,0,0.46513949499197416,0
site_19009,0,0.5298123077030411,1
site_14220,0,0.29665442764844646,0
site_07887,0,0.5538295895742091,1
site_01513,0,0.5592546287342645,1
site_04578,1,0.4860691999183787,0
site_02723,0,0.22476797628768602,0
site_16725,0,0.12057482839123233,0
site_04028,0,0.3672928082601637,0
site_07081,0,0.6152146885161996,1
site_03574,0,0.4418496933188943,0
site_13056,0,0.5595160601384345,1
site_03171,1,0.0707353307033721,0
site_05247,0,0.43604421421523376,0
site_05412,0,0.5379698098827331,1
site_19157,0,0.3916330499827232,0
site_19441,0,0.5087138354189839,1
site_07151,0,0.6405700859391505,1
site_12698,0,0.31309651985835857,0
site_16231,0,0.40142602586447695,0
site_16197,0,0.48110005815730883,0
site_03048,0,0.6418653017694914,1
site_18066,0,0.4254010003223711,0
site_07619,0,0.5755443586204079,1
site_15687,0,0.468581475195807,0
site_20612,1,0.5019500078971744,1
site_17515,0,0.40638060712103125,0
site_14015,1,0.4462653776373617,0
site_01805,0,0.2583862694719753,0
site_01838,0,0.462150508835412,0
site_16898,0,0.4923718761098558,0
site_10552,0,0.43454443194638864,0
site_05917,0,0.4054283499312203,0
site_05270,0,0.5557046140530754,1
site_07705,1,0.2662588329985873,0
site_18918,0,0.4736510753474704,0
site_10056,0,0.34824824345939354,0
site_19279,1,0.44678353711179636,0
site_04601,0,0.5398368414578897,1
site_06682,0,0.2919240214521741,0
site_10387,0,0.3697180022777412,0
site_02403,0,0.6128351684322872,1
site_18722,0,0.5752260280327781,1
site_14638,0,0.4709853054446089,0
site_09568,0,0.30017449688826997,0
site_06474,0,0.5479329776649975,1
site_14561,0,0.49291341347564177,0
site_15095,0,0.49206737863754113,0
site_05661,0,0.6318326551853908,1
site_04904,0,0.42753944285547546,0
site_00911,1,0.5117065441599207,1
site_03062,0,0.534922638863423,1
site_08204,0,0.5039339716823616,1
site_18807,0,0.4759772199233653,0
site_16896,0,0.5223784270676417,1
site_15667,0,0.4641760895089658,0
site_18306,0,0.6663906873694558,1
site_20374,1,0.5467456314714473,1
site_04812,0,0.41638304737210863,0
site_10036,0,0.3856944595089252,0
site_19843,1,0.5593537973121002,1
site_04261,0,0.536479552246477,1
site_06156,0,0.6918929380200678,1
site_15918,0,0.4689467498224109,0
site_19535,0,0.040804911736760555,0
site_19370,1,0.48245371384590496,0
site_08219,0,0.479554045959611,0
site_13211,1,0.4919836473016304,0
site_13722,0,0.43399438175512806,0
site_16079,0,0.48031279670048493,0
site_03599,0,0.24063122282964797,0
site_16835,0,0.34785481103356575,0
site_04427,0,0.5231664141286038,1
site_03626,0,0.5489193000234125,1
site_21064,1,0.4882541663202299,0
site_13767,0,0.46627536790073965,0
site_12235,0,0.3761692116432575,0
site_18922,0,0.5107131681438444,1
site_08150,0,0.5714183339279887,1
site_09750,0,0.46499534252527674,0
site_17003,0,0.49291341347564177,0
site_00354,0,0.49128544198972435,0
site_02842,0,0.4770675712998944,0
site_01496,1,0.5704401459877616,1
site_09226,0,0.5485091725872397,1
site_13875,0,0.5657575239366974,1
site_09098,0,0.5758123148682475,1
site_12460,0,0.5108455771909297,1
site_09918,0,0.04875123237764026,0
site_11450,0,0.28571454431866183,0
site_19127,1,0.653838659479738,1
site_14709,0,0.49775654786222323,0
site_07019,0,0.5107062782800174,1
site_15623,0,0.48533998321910227,0
site_18921,0,0.5231613652779817,1
site_17026,0,0.3909057979825094,0
site_06052,0,0.5333802404909012,1
site_02570,0,0.5769847562952942,1
site_09758,0,0.3884503372228419,0
site_16090,1,0.3964329748477522,0
site_15891,0,0.5112681891761244,1
site_17050,0,0.33233230517234,0
site_05216,0,0.6057128527239218,1
site_09033,0,0.5638996664977592,1
site_20789,0,0.4491539816993028,0
site_03237,0,0.5572291833987012,1
site_10135,1,0.5306936109905591,1
site_02707,0,0.5661101504123854,1
site_13502,0,0.4235994577932674,0
site_15552,0,0.5454699503629952,1
site_09895,0,0.3911533916963683,0
site_14891,0,0.4335105510724677,0
site_00399,0,0.5763507536064271,1
site_17892,0,0.29177089904812825,0
site_04095,1,0.35423372080525345,0
site_19615,0,0.38833237069123505,0
site_15433,0,0.561934937597366,1
site_19306,1,0.6167521741736622,1
site_19479,0,0.4446257106876884,0
site_05140,0,0.44327059636848204,0
site_19619,0,0.5045636441986554,1
site_12862,0,0.41243376711040985,0
site_14241,0,0.5570995643689991,1
site_12697,0,0.4282662896924074,0
site_05111,0,0.48892651236279766,0
site_18688,0,0.5725665373365962,1
site_08770,0,0.11413577965983784,0
site_20703,0,0.5355717116812293,1
site_12787,1,0.5076805829891478,1
site_08196,0,0.4899856761500385,0
site_09408,0,0.41248430704124595,0
site_18750,1,0.5570167517997555,1
site_12562,0,0.5030877926502092,1
site_17411,0,0.4215636293647304,0
site_12284,0,0.7014113353846465,1
site_07752,0,0.43504986614419094,0
site_20898,0,0.44619135239143953,0
site_13154,0,0.3878774149945847,0
site_11336,0,0.32592092149305046,0
site_03588,0,0.32576739049310777,0
site_03349,0,0.5635721689653314,1
site_12438,0,0.48423846216020094,0
site_20013,0,0.5594754456763155,1
site_16081,0,0.5230472266710363,1
site_02490,0,0.23878155066607504,0
site_07241,0,0.4650575204716414,0
site_10798,0,0.5665170344697118,1
site_08056,0,0.5200290003442608,1
site_09827,0,0.530351455658283,1
site_01452,0,0.4763198434797417,0
site_12466,0,0.5567356710697592,1
site_17432,0,0.22462430218234894,0
site_13710,0,0.5448602467396151,1
site_11717,0,0.6020033040463671,1
site_11934,0,0.3895972055565206,0
site_10973,0,0.37903859026352343,0
site_21373,0,0.3023064972903031,0
site_04893,0,0.2452434265096804,0
site_11326,0,0.29148568796031726,0
site_06317,0,0.489258112800232,0
site_02817,0,0.6052110531039742,1
site_15581,0,0.37958685367181033,0
site_01627,1,0.3195027011080284,0
site_16816,0,0.47263671034430144,0
site_15818,0,0.5397862227024415,1
site_13078,0,0.518178069354648,1
site_15255,0,0.4991189962835163,0
site_00550,0,0.5317385139871778,1
site_16778,0,0.4401947901493096,0
site_06652,0,0.3030040923258167,0
site_13486,0,0.5005980993842023,1
site_08531,0,0.5820740575950575,1
site_07409,0,0.5468313055515781,1
site_11817,0,0.4337783575392677,0
site_03818,0,0.5371516844487704,1
site_03605,1,0.4545739177330286,0
site_00375,0,0.09385516716436902,0
site_06306,0,0.4842730015052465,0
site_19625,0,0.4096662391718038,0
site_10467,0,0.5448602467396151,1
site_05656,0,0.3788147266096838,0
site_00322,0,0.46033832258660795,0
site_16232,1,0.26113933074991846,0
site_05452,0,0.33181224171772744,0
site_18273,0,0.37221652407885136,0
site_07316,0,0.5626102878705921,1
site_17657,0,0.5164522880370911,1
site_20375,0,0.37710525702995656,0
site_18821,0,0.49135966890047256,0
site_16689,0,0.507150138892076,1
site_08396,0,0.4927860916420127,0
site_15203,0,0.575247234594503,1
site_13963,0,0.5343650297272672,1
site_06507,0,0.5036441375193083,1
site_12832,0,0.4210948587260607,0
site_11822,0,0.49291341347564177,0
site_09303,0,0.5131307576197712,1
site_11510,0,0.4350921296308254,0
site_13915,0,0.5353779167330277,1
site_06739,0,0.43357645260793337,0
site_01479,0,0.4781544205573288,0
site_08643,0,0.13195331505503768,0
site_17435,0,0.2165249507346566,0
site_04614,0,0.379849651422961,0
site_13946,0,0.6137195761424166,1
site_14089,0,0.5168493667075071,1
site_07111,0,0.5317067038885531,1
site_10983,0,0.5073844260936413,1
site_07014,0,0.4358664347453722,0
site_16351,0,0.41860901944573436,0
site_08297,0,0.4191439845839504,0
site_07312,0,0.43363710289902874,0
site_10057,0,0.1059289551164293,0
site_04012,0,0.570777981563297,1
site_05470,0,0.463686187549366,0
site_16612,0,0.26488460333329206,0
site_15917,1,0.354758323707776,0
site_07540,0,0.42135365869314334,0
site_01719,0,0.5691126462280357,1
site_14166,0,0.536479552246477,1
site_12258,0,0.25668090721314535,0
site_13693,0,0.5383496739129588,1
site_06819,0,0.5309978474155862,1
site_09761,0,0.3116756944614991,0
site_20223,0,0.47648673800703867,0
site_04216,0,0.45447899558023386,0
site_00707,0,0.4829363864245255,0
site_20037,0,0.44527435936177434,0
site_18105,0,0.49440611680230817,0
site_01375,0,0.6262007376993416,1
site_19315,0,0.43987225625300497,0
site_08508,0,0.53027269096336,1
site_03721,0,0.5536238424320773,1
site_15901,0,0.6358440415520027,1
site_13578,0,0.41798223896272785,0
site_19954,1,0.4168832931506615,0
site_16609,0,0.3582548918721932,0
site_17011,0,0.3884503372228419,0
site_14280,1,0.3943924640463789,0
site_01723,0,0.5325243226278104,1
site_11114,0,0.22582689489999883,0
site_14265,0,0.5458598201665297,1
site_12341,0,0.42745849375355227,0
site_02742,0,0.4253750338546913,0
site_12497,1,0.5373422248485513,1
site_03651,0,0.5097383238237146,1
site_17831,0,0.2677048014127204,0
site_19145,0,0.4420918675565551,0
site_21547,0,0.46167050811586496,0
site_19858,0,0.4643126129245524,0
site_21065,0,0.5465107459263177,1
site_13590,0,0.41317780911123875,0
site_01392,0,0.2616876301955899,0
site_09276,0,0.3930383916576555,0
site_03715,0,0.36797465512584193,0
site_04970,0,0.4534807452649914,0
site_06294,0,0.3592201385393757,0
site_08336,0,0.30339963225595085,0
site_19903,0,0.42458999771787853,0
site_11030,0,0.02944256913318096,0
site_15094,0,0.5065874056746825,1
site_13629,0,0.5750451732066868,1
site_02965,1,0.5947166291318157,1
site_14104,0,0.432317398500915,0
site_18762,1,0.5563940294766656,1
site_09533,0,0.4987695607106654,0
site_17896,0,0.5223784270676417,1
site_00257,0,0.10996560112110351,0
site_18533,0,0.5276888339902641,1
site_19128,0,0.575247234594503,1
site_02450,1,0.4761597676102102,0
site_19713,0,0.5283585555029865,1
site_02774,0,0.4847706802652862,0
site_08541,1,0.5404706942619867,1
site_00106,1,0.3628537572857022,0
site_02256,0,0.536479552246477,1
site_15987,0,0.4638990500993729,0
site_00915,0,0.31551579503608357,0
site_19616,0,0.23710451155005843,0
site_19612,0,0.49796659308495617,0
site_13477,0,0.5401350668066008,1
site_02248,0,0.44527435936177434,0
site_03204,0,0.5628808598826893,1
site_08442,0,0.450352814818315,0
site_03768,0,0.5357017569831726,1
site_18031,0,0.5110379053241054,1
site_19289,0,0.25005980559596064,0
site_15665,0,0.5007686994425733,1
site_13916,0,0.5816203846011867,1
site_12187,0,0.5553797832361314,1
site_15617,0,0.42626189153161737,0
site_11042,0,0.4921494223916846,0
site_10840,1,0.369262240216157,0
site_19053,0,0.6629857473844759,1
site_06298,0,0.5231664141286038,1
site_06403,0,0.5401575651282351,1
site_13060,0,0.4791022019388064,0
site_01890,0,0.5060692503427745,1
site_13105,0,0.4356571227412873,0
site_19271,0,0.5039129050515868,1
site_06012,0,0.3320630806559307,0
site_00501,1,0.3535750414035373,0
site_15761,0,0.44177212326443843,0
site_11843,0,0.386720175777125,0
site_11850,0,0.3125715382396723,0
site_05340,0,0.4696951734700425,0
site_04117,0,0.6237572268402963,1
site_18272,0,0.25043149600479714,0
site_21213,1,0.5898316428219144,1
site_14377,0,0.3417092128944228,0
site_03904,0,0.4737337041436041,0
site_19829,0,0.46651222264149844,0
site_00143,0,0.1284918239834634,0
site_14185,1,0.44276860347178004,0
site_07589,0,0.450352814818315,0
site_00333,0,0.12308271876839343,0
site_14939,0,0.42973620807722057,0
site_00494,0,0.45725063857915393,0
site_08830,0,0.32592092149305046,0
site_01532,0,0.30654708355680454,0
site_17719,0,0.5163634007175322,1
site_14352,0,0.5164522880370911,1
site_18984,0,0.4299751072064825,0
site_11704,0,0.5050966894682991,1
site_00205,0,0.5255771512779869,1
site_03672,0,0.49976344703520353,0
site_20200,0,0.18650711721859836,0
site_03536,0,0.29555475788601976,0
site_13307,0,0.46096011599327763,0
site_09061,0,0.35065562872197936,0
site_13864,0,0.5283585555029865,1
site_15712,0,0.4534864476846606,0
site_16367,0,0.6095820764165769,1
site_10725,1,0.26517475608340507,0
site_02461,0,0.5505979723065887,1
site_02516,0,0.49291341347564177,0
site_09140,0,0.4714310271132295,0
site_02046,0,0.3892424486679677,0
site_21039,0,0.4710946405351623,0
site_00232,0,0.5312750649814434,1
site_11520,0,0.6028653026921836,1
site_01671,0,0.35716192713789263,0
site_19975,0,0.3112754612420809,0
site_06849,0,0.42299526748955774,0
site_14600,0,0.4096662391718038,0
site_11644,1,0.5106958936297795,1
site_17487,0,0.32913062760533157,0
site_12994,0,0.4369991414104136,0
site_13812,1,0.538682194529456,1
site_14447,0,0.4941887642272687,0
site_07703,0,0.319769625554234,0
site_04546,0,0.4041179848256307,0
site_11038,1,0.2984311806761224,0
site_10635,0,0.5628808598826893,1
site_14992,0,0.4739562691305994,0
site_05772,1,0.3042008636883835,0
site_08133,0,0.30253792758457704,0
site_10035,0,0.5224653560605983,1
site_04027,0,0.3736725541890885,0
site_20366,0,0.58731993412491,1
site_10577,0,0.4698117140643359,0
site_04013,0,0.4401947901493096,0
site_15358,0,0.5183348349636744,1
site_11130,0,0.33588926350528586,0
site_09296,0,0.644812027290549,1
site_18422,0,0.4336741823610258,0
site_17290,0,0.35132482390185904,0
site_08181,0,0.4665010499984304,0
site_19502,1,0.5337495419852176,1
site_05262,0,0.5553014003105344,1
site_20686,0,0.09188130045660378,0
site_11880,0,0.25384264472167245,0
site_11724,0,0.6724781807873396,1
site_10804,0,0.5321757624093252,1
site_03878,0,0.5750702220689079,1
site_16572,0,0.5010429289809306,1
site_09381,0,0.37300591879544087,0
site_19878,0,0.46715624966959907,0
site_11886,0,0.5288115825181687,1
site_16376,0,0.47492616174927305,0
site_04641,0,0.4988175504570734,0
site_18592,0,0.38551778985364893,0
site_13458,0,0.5383210829364948,1
site_16750,0,0.43251363522492775,0
site_04775,0,0.5371086441329221,1
site_00690,0,0.2218284837005713,0
site_01521,0,0.27901725668176014,0
site_03049,0,0.4985105849264334,0
site_14987,0,0.5288059791317153,1
site_12209,0,0.5746466238590169,1
site_17590,0,0.4099514238941138,0
site_17815,0,0.4007402240011275,0
site_18909,0,0.22623251298165473,0
site_08703,0,0.5975545054837579,1
site_04643,0,0.4817256748717424,0
site_00463,0,0.31121575792583467,0
site_12196,0,0.40588793510983584,0
site_17768,0,0.5052844151667788,1
site_15979,0,0.4785022246700899,0
site_16369,0,0.3262569370936592,0
site_05044,1,0.5212429938309784,1
site_16320,0,0.24291532963939033,0
site_04363,1,0.42233670410977103,0
site_05869,0,0.5789281358101965,1
site_09218,0,0.19131139729651572,0
site_11898,0,0.49604052208721683,0
site_10293,0,0.36075526228223326,0
site_06378,0,0.4600551775609605,0
site_17408,0,0.479107207889831,0
site_11589,0,0.6919542676455432,1
site_07720,0,0.4157684589553356,0
site_18304,0,0.43160881918833244,0
site_19077,0,0.379067725421577,0
site_15005,0,0.7367163732488988,1
site_13519,0,0.5109809278432863,1
site_16814,0,0.2554878169010537,0
site_05445,0,0.4442391836881083,0
site_10334,0,0.4631775761019777,0
site_17224,0,0.4887454446995075,0
site_07125,0,0.42620266261489,0
site_17585,0,0.3016382242369465,0
site_12154,0,0.48069488876838595,0
site_02527,0,0.5350828963228902,1
site_03551,0,0.3663076506008085,0
site_17865,0,0.5373256781441131,1
site_10881,0,0.5839488073362327,1
site_02873,0,0.5148078620864716,1
site_04085,0,0.4990526099543589,0
site_20765,0,0.5873336653463633,1
site_15745,0,0.5209110651042009,1
site_06429,0,0.43735015560358276,0
site_15122,0,0.48142121998160475,0
site_21189,0,0.5893636102208648,1
site_06446,0,0.638078029237408,1
site_01648,0,0.5710998777932517,1
