site_id,easting_m,split
site_00002,354270.0,west_train
site_00003,354270.0,west_train
site_00005,354370.0,west_train
site_00006,354370.0,west_train
site_00007,354370.0,west_train
site_00008,354370.0,west_train
site_00009,354370.0,west_train
site_00010,354470.0,west_train
site_00011,354470.0,west_train
site_00012,354470.0,west_train
site_00013,354470.0,west_train
site_00014,354470.0,west_train
site_00015,354470.0,west_train
site_00016,354470.0,west_train
site_00017,354470.0,west_train
site_00018,354470.0,west_train
site_00019,354570.0,west_train
site_00020,354570.0,west_train
site_00021,354570.0,west_train
site_00022,354570.0,west_train
site_00023,354570.0,west_train
site_00024,354570.0,west_train
site_00025,354570.0,west_train
site_00026,354570.0,west_train
site_00027,354570.0,west_train
site_00028,354570.0,west_train
site_00029,354570.0,west_train
site_00030,354570.0,west_train
site_00032,354670.0,west_train
site_00033,354670.0,west_train
site_00034,354670.0,west_train
site_00035,354670.0,west_train
site_00036,354670.0,west_train
site_00037,354670.0,west_train
site_00038,354670.0,west_train
site_00039,354670.0,west_train
site_00040,354670.0,west_train
site_00041,354670.0,west_train
site_00042,354670.0,west_train
site_00043,354670.0,west_train
site_00044,354670.0,west_train
site_00045,354670.0,west_train
site_00046,354670.0,west_train
site_00047,354670.0,west_train
site_00048,354670.0,west_train
site_00049,354670.0,west_train
site_00050,354670.0,west_train
site_00051,354770.0,west_train
site_00052,354770.0,west_train
site_00053,354770.0,west_train
site_00054,354770.0,west_train
site_00055,354770.0,west_train
site_00056,354770.0,west_train
site_00057,354770.0,west_train
site_00058,354770.0,west_train
site_00059,354770.0,west_train
site_00060,354770.0,west_train
site_00061,354770.0,west_train
site_00062,354770.0,west_train
site_00063,354770.0,west_train
site_00064,354770.0,west_train
site_00065,354770.0,west_train
site_00066,354770.0,west_train
site_00067,354770.0,west_train
site_00068,354770.0,west_train
site_00069,354770.0,west_train
site_00070,354770.0,west_train
site_00071,354770.0,west_train
site_00072,354770.0,west_train
site_00073,354770.0,west_train
site_00075,354870.0,west_train
site_00076,354870.0,west_train
site_00077,354870.0,west_train
site_00078,354870.0,west_train
site_00079,354870.0,west_train
site_00080,354870.0,west_train
site_00081,354870.0,west_train
site_00082,354870.0,west_train
site_00083,354870.0,west_train
site_00084,354870.0,west_train
site_00085,354870.0,west_train
site_00086,354870.0,west_train
site_00087,354870.0,west_train
site_00088,354870.0,west_train
site_00089,354870.0,west_train
site_00090,354870.0,west_train
site_00091,354870.0,west_train
site_00092,354870.0,west_train
site_00093,354870.0,west_train
site_00094,354870.0,west_train
site_00095,354870.0,west_train
site_00096,354870.0,west_train
site_00097,354870.0,west_train
site_00098,354970.0,west_train
site_00099,354970.0,west_train
site_00100,354970.0,west_train
site_00101,354970.0,west_train
site_00102,354970.0,west_train
site_00103,354970.0,west_train
site_00104,354970.0,west_train
site_00105,354970.0,west_train
site_00106,354970.0,west_train
site_00107,354970.0,west_train
site_00108,354970.0,west_train
site_00109,354970.0,west_train
site_00110,354970.0,west_train
site_00111,354970.0,west_train
site_00112,354970.0,west_train
site_00113,354970.0,west_train
site_00114,354970.0,west_train
site_00115,354970.0,west_train
site_00116,354970.0,west_train
site_00117,354970.0,west_train
site_00118,354970.0,west_train
site_00122,355070.0,west_train
site_00123,355070.0,west_train
site_00124,355070.0,west_train
site_00125,355070.0,west_train
site_00126,355070.0,west_train
site_00127,355070.0,west_train
site_00128,355070.0,west_train
site_00129,355070.0,west_train
site_00130,355070.0,west_train
site_00131,355070.0,west_train
site_00132,355070.0,west_train
site_00133,355070.0,west_train
site_00134,355070.0,west_train
site_00135,355070.0,west_train
site_00136,355070.0,west_train
site_00137,355070.0,west_train
site_00138,355070.0,west_train
site_00139,355070.0,west_train
site_00140,355070.0,west_train
site_00142,355070.0,west_train
site_00143,355070.0,west_train
site_00144,355070.0,west_train
site_00145,355070.0,west_train
site_00146,355070.0,west_train
site_00147,355070.0,west_train
site_00148,355070.0,west_train
site_00149,355170.0,west_train
site_00150,355170.0,west_train
site_00151,355170.0,west_train
site_00152,355170.0,west_train
site_00153,355170.0,west_train
site_00154,355170.0,west_train
site_00155,355170.0,west_train
site_00156,355170.0,west_train
site_00157,355170.0,west_train
site_00158,355170.0,west_train
site_00159,355170.0,west_train
site_00160,355170.0,west_train
site_00161,355170.0,west_train
site_00162,355170.0,west_train
site_00163,355170.0,west_train
site_00164,355170.0,west_train
site_00165,355170.0,west_train
site_00166,355170.0,west_train
site_00167,355170.0,west_train
site_00168,355170.0,west_train
site_00169,355170.0,west_train
site_00170,355170.0,west_train
site_00171,355170.0,west_train
site_00172,355170.0,west_train
site_00173,355170.0,west_train
site_00174,355170.0,west_train
site_00175,355170.0,west_train
site_00176,355170.0,west_train
site_00177,355170.0,west_train
site_00178,355170.0,west_train
site_00179,355170.0,west_train
site_00180,355170.0,west_train
site_00181,355170.0,west_train
site_00182,355170.0,west_train
site_00183,355170.0,west_train
site_00185,355170.0,west_train
site_00186,355170.0,west_train
site_00188,355270.0,west_train
site_00189,355270.0,west_train
site_00190,355270.0,west_train
site_00191,355270.0,west_train
site_00192,355270.0,west_train
site_00193,355270.0,west_train
site_00194,355270.0,west_train
site_00195,355270.0,west_train
site_00196,355270.0,west_train
site_00197,355270.0,west_train
site_00198,355270.0,west_train
site_00199,355270.0,west_train
site_00200,355270.0,west_train
site_00201,355270.0,west_train
site_00202,355270.0,west_train
site_00203,355270.0,west_train
site_00204,355270.0,west_train
site_00205,355270.0,west_train
site_00206,355270.0,west_train
site_00207,355270.0,west_train
site_00208,355270.0,west_train
site_00209,355270.0,west_train
site_00210,355270.0,west_train
site_00211,355270.0,west_train
site_00212,355270.0,west_train
site_00213,355270.0,west_train
site_00214,355270.0,west_train
site_00215,355270.0,west_train
site_00216,355270.0,west_train
site_00217,355270.0,west_train
site_00218,355270.0,west_train
site_00219,355270.0,west_train
site_00220,355270.0,west_train
site_00221,355270.0,west_train
site_00222,355270.0,west_train
site_00223,355270.0,west_train
site_00224,355270.0,west_train
site_00225,355270.0,west_train
site_00226,355270.0,west_train
site_00227,355270.0,west_train
site_00228,355270.0,west_train
site_00230,355370.0,west_train
site_00231,355370.0,west_train
site_00232,355370.0,west_train
site_00233,355370.0,west_train
site_00234,355370.0,west_train
site_00235,355370.0,west_train
site_00236,355370.0,west_train
site_00237,355370.0,west_train
site_00238,355370.0,west_train
site_00239,355370.0,west_train
site_00240,355370.0,west_train
site_00241,355370.0,west_train
site_00242,355370.0,west_train
site_00243,355370.0,west_train
site_00244,355370.0,west_train
site_00245,355370.0,west_train
site_00246,355370.0,west_train
site_00247,355370.0,west_train
site_00248,355370.0,west_train
site_00249,355370.0,west_train
site_00250,355370.0,west_train
site_00251,355370.0,west_train
site_00252,355370.0,west_train
site_00253,355370.0,west_train
site_00254,355370.0,west_train
site_00255,355370.0,west_train
site_00256,355370.0,west_train
site_00257,355370.0,west_train
site_00258,355370.0,west_train
site_00259,355370.0,west_train
site_00260,355370.0,west_train
site_00261,355370.0,west_train
site_00262,355370.0,west_train
site_00263,355370.0,west_train
site_00264,355370.0,west_train
site_00265,355370.0,west_train
site_00266,355370.0,west_train
site_00267,355370.0,west_train
site_00268,355370.0,west_train
site_00269,355470.0,west_train
site_00270,355470.0,west_train
site_00271,355470.0,west_train
site_00272,355470.0,west_train
site_00273,355470.0,west_train
site_00274,355470.0,west_train
site_00275,355470.0,west_train
site_00276,355470.0,west_train
site_00277,355470.0,west_train
site_00278,355470.0,west_train
site_00279,355470.0,west_train
site_00280,355470.0,west_train
site_00281,355470.0,west_train
site_00282,355470.0,west_train
site_00283,355470.0,west_train
site_00284,355470.0,west_train
site_00285,355470.0,west_train
site_00286,355470.0,west_train
site_00287,355470.0,west_train
site_00288,355470.0,west_train
site_00289,355470.0,west_train
site_00290,355470.0,west_train
site_00291,355470.0,west_train
site_00292,355470.0,west_train
site_00293,355470.0,west_train
site_00294,355470.0,west_train
site_00295,355470.0,west_train
site_00296,355470.0,west_train
site_00297,355470.0,west_train
site_00298,355470.0,west_train
site_00299,355470.0,west_train
site_00300,355470.0,west_train
site_00301,355470.0,west_train
site_00302,355470.0,west_train
site_00303,355470.0,west_train
site_00304,355470.0,west_train
site_00305,355470.0,west_train
site_00306,355470.0,west_train
site_00307,355470.0,west_train
site_00308,355470.0,west_train
site_00309,355470.0,west_train
site_00310,355470.0,west_train
site_00311,355570.0,west_train
site_00312,355570.0,west_train
site_00313,355570.0,west_train
site_00314,355570.0,west_train
site_00315,355570.0,west_train
site_00316,355570.0,west_train
site_00317,355570.0,west_train
site_00318,355570.0,west_train
site_00319,355570.0,west_train
site_00320,355570.0,west_train
site_00321,355570.0,west_train
site_00322,355570.0,west_train
site_00323,355570.0,west_train
site_00324,355570.0,west_train
site_00325,355570.0,west_train
site_00326,355570.0,west_train
site_00327,355570.0,west_train
site_00328,355570.0,west_train
site_00329,355570.0,west_train
site_00330,355570.0,west_train
site_00331,355570.0,west_train
site_00332,355570.0,west_train
site_00333,355570.0,west_train
site_00334,355570.0,west_train
site_00335,355570.0,west_train
site_00336,355570.0,west_train
site_00337,355570.0,west_train
site_00338,355570.0,west_train
site_00339,355570.0,west_train
site_00340,355570.0,west_train
site_00341,355570.0,west_train
site_00342,355570.0,west_train
site_00343,355570.0,west_train
site_00344,355570.0,west_train
site_00345,355570.0,west_train
site_00346,355570.0,west_train
site_00347,355570.0,west_train
site_00348,355570.0,west_train
site_00349,355570.0,west_train
site_00350,355570.0,west_train
site_00351,355570.0,west_train
site_00352,355570.0,west_train
site_00353,355570.0,west_train
site_00354,355670.0,west_train
site_00355,355670.0,west_train
site_00356,355670.0,west_train
site_00357,355670.0,west_train
site_00358,355670.0,west_train
site_00359,355670.0,west_train
site_00360,355670.0,west_train
site_00361,355670.0,west_train
site_00362,355670.0,west_train
site_00363,355670.0,west_train
site_00364,355670.0,west_train
site_00365,355670.0,west_train
site_00366,355670.0,west_train
site_00367,355670.0,west_train
site_00368,355670.0,west_train
site_00369,355670.0,west_train
site_00370,355670.0,west_train
site_00371,355670.0,west_train
site_00372,355670.0,west_train
site_00373,355670.0,west_train
site_00374,355670.0,west_train
site_00375,355670.0,west_train
site_00376,355670.0,west_train
site_00377,355670.0,west_train
site_00378,355670.0,west_train
site_00379,355670.0,west_train
site_00380,355670.0,west_train
site_00381,355670.0,west_train
site_00382,355670.0,west_train
site_00383,355670.0,west_train
site_00384,355670.0,west_train
site_00385,355670.0,west_train
site_00386,355670.0,west_train
site_00387,355670.0,west_train
site_00388,355670.0,west_train
site_00389,355670.0,west_train
site_00390,355670.0,west_train
site_00391,355670.0,west_train
site_00392,355670.0,west_train
site_00393,355670.0,west_train
site_00394,355670.0,west_train
site_00395,355670.0,west_train
site_00396,355670.0,west_train
site_00397,355770.0,west_train
site_00398,355770.0,west_train
site_00399,355770.0,west_train
site_00400,355770.0,west_train
site_00401,355770.0,west_train
site_00402,355770.0,west_train
site_00403,355770.0,west_train
site_00404,355770.0,west_train
site_00405,355770.0,west_train
site_00406,355770.0,west_train
site_00407,355770.0,west_train
site_00408,355770.0,west_train
site_00409,355770.0,west_train
site_00410,355770.0,west_train
site_00411,355770.0,west_train
site_00412,355770.0,west_train
site_00413,355770.0,west_train
site_00414,355770.0,west_train
site_00415,355770.0,west_train
site_00416,355770.0,west_train
site_00417,355770.0,west_train
site_00418,355770.0,west_train
site_00419,355770.0,west_train
site_00420,355770.0,west_train
site_00421,355770.0,west_train
site_00422,355770.0,west_train
site_00423,355770.0,west_train
site_00424,355770.0,west_train
site_00425,355770.0,west_train
site_00426,355770.0,west_train
site_00427,355770.0,west_train
site_00428,355770.0,west_train
site_00429,355770.0,west_train
site_00430,355770.0,west_train
site_00431,355770.0,west_train
site_00432,355770.0,west_train
site_00433,355770.0,west_train
site_00434,355770.0,west_train
site_00435,355770.0,west_train
site_00436,355770.0,west_train
site_00437,355770.0,west_train
site_00438,355770.0,west_train
site_00439,355770.0,west_train
site_00440,355870.0,west_train
site_00441,355870.0,west_train
site_00442,355870.0,west_train
site_00443,355870.0,west_train
site_00444,355870.0,west_train
site_00445,355870.0,west_train
site_00446,355870.0,west_train
site_00447,355870.0,west_train
site_00448,355870.0,west_train
site_00449,355870.0,west_train
site_00450,355870.0,west_train
site_00451,355870.0,west_train
site_00452,355870.0,west_train
site_00453,355870.0,west_train
site_00454,355870.0,west_train
site_00455,355870.0,west_train
site_00456,355870.0,west_train
site_00457,355870.0,west_train
site_00458,355870.0,west_train
site_00459,355870.0,west_train
site_00460,355870.0,west_train
site_00461,355870.0,west_train
site_00462,355870.0,west_train
site_00463,355870.0,west_train
site_00464,355870.0,west_train
site_00465,355870.0,west_train
site_00466,355870.0,west_train
site_00467,355870.0,west_train
site_00468,355870.0,west_train
site_00469,355870.0,west_train
site_00470,355870.0,west_train
site_00471,355870.0,west_train
site_00472,355870.0,west_train
site_00473,355870.0,west_train
site_00474,355870.0,west_train
site_00475,355870.0,west_train
site_00476,355870.0,west_train
site_00477,355870.0,west_train
site_00478,355870.0,west_train
site_00479,355870.0,west_train
site_00480,355870.0,west_train
site_00481,355870.0,west_train
site_00482,355870.0,west_train
site_00483,355970.0,west_train
site_00484,355970.0,west_train
site_00485,355970.0,west_train
site_00486,355970.0,west_train
site_00487,355970.0,west_train
site_00488,355970.0,west_train
site_00489,355970.0,west_train
site_00490,355970.0,west_train
site_00491,355970.0,west_train
site_00492,355970.0,west_train
site_00493,355970.0,west_train
site_00494,355970.0,west_train
site_00495,355970.0,west_train
site_00496,355970.0,west_train
site_00497,355970.0,west_train
site_00498,355970.0,west_train
site_00499,355970.0,west_train
site_00500,355970.0,west_train
site_00501,355970.0,west_train
site_00502,355970.0,west_train
site_00503,355970.0,west_train
site_00504,355970.0,west_train
site_00505,355970.0,west_train
site_00506,355970.0,west_train
site_00507,355970.0,west_train
site_00508,355970.0,west_train
site_00509,355970.0,west_train
site_00510,355970.0,west_train
site_00511,355970.0,west_train
site_00512,355970.0,west_train
site_00513,355970.0,west_train
site_00514,355970.0,west_train
site_00515,355970.0,west_train
site_00516,355970.0,west_train
site_00517,355970.0,west_train
site_00518,355970.0,west_train
site_00519,355970.0,west_train
site_00520,355970.0,west_train
site_00521,355970.0,west_train
site_00522,355970.0,west_train
site_00523,355970.0,west_train
site_00524,355970.0,west_train
site_00525,355970.0,west_train
site_00526,356070.0,west_train
site_00527,356070.0,west_train
site_00528,356070.0,west_train
site_00529,356070.0,west_train
site_00530,356070.0,west_train
site_00531,356070.0,west_train
site_00532,356070.0,west_train
site_00533,356070.0,west_train
site_00534,356070.0,west_train
site_00535,356070.0,west_train
site_00536,356070.0,west_train
site_00537,356070.0,west_train
site_00538,356070.0,west_train
site_00539,356070.0,west_train
site_00540,356070.0,west_train
site_00541,356070.0,west_train
site_00542,356070.0,west_train
site_00543,356070.0,west_train
site_00544,356070.0,west_train
site_00545,356070.0,west_train
site_00546,356070.0,west_train
site_00547,356070.0,west_train
site_00548,356070.0,west_train
site_00549,356070.0,west_train
site_00550,356070.0,west_train
site_00551,356070.0,west_train
site_00552,356070.0,west_train
site_00553,356070.0,west_train
site_00554,356070.0,west_train
site_00555,356070.0,west_train
site_00556,356070.0,west_train
site_00557,356070.0,west_train
site_00558,356070.0,west_train
site_00559,356070.0,west_train
site_00560,356070.0,west_train
site_00561,356070.0,west_train
site_00562,356070.0,west_train
site_00563,356070.0,west_train
site_00564,356070.0,west_train
site_00565,356070.0,west_train
site_00566,356070.0,west_train
site_00567,356070.0,west_train
site_00568,356170.0,west_train
site_00569,356170.0,west_train
site_00570,356170.0,west_train
site_00571,356170.0,west_train
site_00572,356170.0,west_train
site_00573,356170.0,west_train
site_00574,356170.0,west_train
site_00575,356170.0,west_train
site_00576,356170.0,west_train
site_00577,356170.0,west_train
site_00578,356170.0,west_train
site_00579,356170.0,west_train
site_00580,356170.0,west_train
site_00581,356170.0,west_train
site_00582,356170.0,west_train
site_00583,356170.0,west_train
site_00584,356170.0,west_train
site_00585,356170.0,west_train
site_00586,356170.0,west_train
site_00587,356170.0,west_train
site_00588,356170.0,west_train
site_00589,356170.0,west_train
site_00590,356170.0,west_train
site_00591,356170.0,west_train
site_00592,356170.0,west_train
site_00593,356170.0,west_train
site_00594,356170.0,west_train
site_00595,356170.0,west_train
site_00596,356170.0,west_train
site_00597,356170.0,west_train
site_00598,356170.0,west_train
site_00599,356170.0,west_train
site_00600,356170.0,west_train
site_00601,356170.0,west_train
site_00602,356170.0,west_train
site_00603,356170.0,west_train
site_00604,356170.0,west_train
site_00605,356170.0,west_train
site_00606,356170.0,west_train
site_00607,356170.0,west_train
site_00608,356170.0,west_train
site_00609,356270.0,west_train
site_00610,356270.0,west_train
site_00611,356270.0,west_train
site_00612,356270.0,west_train
site_00613,356270.0,west_train
site_00614,356270.0,west_train
site_00615,356270.0,west_train
site_00616,356270.0,west_train
site_00617,356270.0,west_train
site_00618,356270.0,west_train
site_00619,356270.0,west_train
site_00620,356270.0,west_train
site_00621,356270.0,west_train
site_00622,356270.0,west_train
site_00623,356270.0,west_train
site_00624,356270.0,west_train
site_00625,356270.0,west_train
site_00626,356270.0,west_train
site_00627,356270.0,west_train
site_00628,356270.0,west_train
site_00629,356270.0,west_train
site_00630,356270.0,west_train
site_00631,356270.0,west_train
site_00632,356270.0,west_train
site_00633,356270.0,west_train
site_00634,356270.0,west_train
site_00635,356270.0,west_train
site_00636,356270.0,west_train
site_00637,356270.0,west_train
site_00638,356270.0,west_train
site_00639,356270.0,west_train
site_00640,356270.0,west_train
site_00641,356270.0,west_train
site_00642,356270.0,west_train
site_00643,356270.0,west_train
site_00644,356270.0,west_train
site_00645,356270.0,west_train
site_00646,356270.0,west_train
site_00647,356270.0,west_train
site_00648,356270.0,west_train
site_00649,356270.0,west_train
site_00651,356370.0,west_train
site_00652,356370.0,west_train
site_00653,356370.0,west_train
site_00654,356370.0,west_train
site_00655,356370.0,west_train
site_00656,356370.0,west_train
site_00657,356370.0,west_train
site_00658,356370.0,west_train
site_00659,356370.0,west_train
site_00660,356370.0,west_train
site_00661,356370.0,west_train
site_00662,356370.0,west_train
site_00663,356370.0,west_train
site_00664,356370.0,west_train
site_00665,356370.0,west_train
site_00666,356370.0,west_train
site_00667,356370.0,west_train
site_00668,356370.0,west_train
site_00669,356370.0,west_train
site_00670,356370.0,west_train
site_00671,356370.0,west_train
site_00672,356370.0,west_train
site_00673,356370.0,west_train
site_00674,356370.0,west_train
site_00675,356370.0,west_train
site_00676,356370.0,west_train
site_00677,356370.0,west_train
site_00678,356370.0,west_train
site_00679,356370.0,west_train
site_00680,356370.0,west_train
site_00681,356370.0,west_train
site_00682,356370.0,west_train
site_00683,356370.0,west_train
site_00684,356370.0,west_train
site_00685,356370.0,west_train
site_00686,356370.0,west_train
site_00687,356370.0,west_train
site_00688,356370.0,west_train
site_00689,356370.0,west_train
site_00690,356370.0,west_train
site_00691,356370.0,west_train
site_00692,356370.0,west_train
site_00693,356370.0,west_train
site_00694,356470.0,west_train
site_00695,356470.0,west_train
site_00696,356470.0,west_train
site_00697,356470.0,west_train
site_00698,356470.0,west_train
site_00699,356470.0,west_train
site_00700,356470.0,west_train
site_00701,356470.0,west_train
site_00702,356470.0,west_train
site_00703,356470.0,west_train
site_00704,356470.0,west_train
site_00705,356470.0,west_train
site_00706,356470.0,west_train
site_00707,356470.0,west_train
site_00708,356470.0,west_train
site_00709,356470.0,west_train
site_00710,356470.0,west_train
site_00711,356470.0,west_train
site_00712,356470.0,west_train
site_00713,356470.0,west_train
site_00714,356470.0,west_train
site_00715,356470.0,west_train
site_00716,356470.0,west_train
site_00717,356470.0,west_train
site_00718,356470.0,west_train
site_00719,356470.0,west_train
site_00720,356470.0,west_train
site_00721,356470.0,west_train
site_00722,356470.0,west_train
site_00723,356470.0,west_train
site_00724,356470.0,west_train
site_00725,356470.0,west_train
site_00726,356470.0,west_train
site_00727,356470.0,west_train
site_00728,356470.0,west_train
site_00729,356470.0,west_train
site_00730,356470.0,west_train
site_00731,356470.0,west_train
site_00732,356470.0,west_train
site_00733,356470.0,west_train
site_00734,356470.0,west_train
site_00735,356470.0,west_train
site_00736,356470.0,west_train
site_00737,356570.0,west_train
site_00738,356570.0,west_train
site_00739,356570.0,west_train
site_00740,356570.0,west_train
site_00741,356570.0,west_train
site_00742,356570.0,west_train
site_00743,356570.0,west_train
site_00744,356570.0,west_train
site_00745,356570.0,west_train
site_00746,356570.0,west_train
site_00747,356570.0,west_train
site_00748,356570.0,west_train
site_00749,356570.0,west_train
site_00750,356570.0,west_train
site_00751,356570.0,west_train
site_00752,356570.0,west_train
site_00753,356570.0,west_train
site_00754,356570.0,west_train
site_00755,356570.0,west_train
site_00756,356570.0,west_train
site_00757,356570.0,west_train
site_00758,356570.0,west_train
site_00759,356570.0,west_train
site_00760,356570.0,west_train
site_00761,356570.0,west_train
site_00762,356570.0,west_train
site_00763,356570.0,west_train
site_00764,356570.0,west_train
site_00765,356570.0,west_train
site_00766,356570.0,west_train
site_00767,356570.0,west_train
site_00768,356570.0,west_train
site_00769,356570.0,west_train
site_00770,356570.0,west_train
site_00771,356570.0,west_train
site_00772,356570.0,west_train
site_00773,356570.0,west_train
site_00774,356570.0,west_train
site_00775,356570.0,west_train
site_00776,356570.0,west_train
site_00777,356570.0,west_train
site_00778,356570.0,west_train
site_00779,356570.0,west_train
site_00780,356670.0,west_train
site_00781,356670.0,west_train
site_00782,356670.0,west_train
site_00783,356670.0,west_train
site_00784,356670.0,west_train
site_00785,356670.0,west_train
site_00786,356670.0,west_train
site_00787,356670.0,west_train
site_00788,356670.0,west_train
site_00789,356670.0,west_train
site_00790,356670.0,west_train
site_00791,356670.0,west_train
site_00792,356670.0,west_train
site_00793,356670.0,west_train
site_00794,356670.0,west_train
site_00795,356670.0,west_train
site_00796,356670.0,west_train
site_00797,356670.0,west_train
site_00798,356670.0,west_train
site_00799,356670.0,west_train
site_00800,356670.0,west_train
site_00801,356670.0,west_train
site_00802,356670.0,west_train
site_00803,356670.0,west_train
site_00804,356670.0,west_train
site_00805,356670.0,west_train
site_00806,356670.0,west_train
site_00807,356670.0,west_train
site_00808,356670.0,west_train
site_00809,356670.0,west_train
site_00810,356670.0,west_train
site_00811,356670.0,west_train
site_00812,356670.0,west_train
site_00813,356670.0,west_train
site_00814,356670.0,west_train
site_00815,356670.0,west_train
site_00816,356670.0,west_train
site_00817,356670.0,west_train
site_00818,356670.0,west_train
site_00819,356670.0,west_train
site_00820,356670.0,west_train
site_00821,356670.0,west_train
site_00822,356670.0,west_train
site_00823,356770.0,west_train
site_00824,356770.0,west_train
site_00825,356770.0,west_train
site_00826,356770.0,west_train
site_00827,356770.0,west_train
site_00828,356770.0,west_train
site_00829,356770.0,west_train
site_00830,356770.0,west_train
site_00831,356770.0,west_train
site_00832,356770.0,west_train
site_00833,356770.0,west_train
site_00834,356770.0,west_train
site_00835,356770.0,west_train
site_00836,356770.0,west_train
site_00837,356770.0,west_train
site_00838,356770.0,west_train
site_00839,356770.0,west_train
site_00840,356770.0,west_train
site_00841,356770.0,west_train
site_00842,356770.0,west_train
site_00843,356770.0,west_train
site_00844,356770.0,west_train
site_00845,356770.0,west_train
site_00846,356770.0,west_train
site_00847,356770.0,west_train
site_00848,356770.0,west_train
site_00849,356770.0,west_train
site_00850,356770.0,west_train
site_00851,356770.0,west_train
site_00852,356770.0,west_train
site_00853,356770.0,west_train
site_00854,356770.0,west_train
site_00855,356770.0,west_train
site_00856,356770.0,west_train
site_00857,356770.0,west_train
site_00858,356770.0,west_train
site_00859,356770.0,west_train
site_00860,356770.0,west_train
site_00861,356770.0,west_train
site_00862,356770.0,west_train
site_00863,356770.0,west_train
site_00865,356870.0,west_train
site_00866,356870.0,west_train
site_00867,356870.0,west_train
site_00868,356870.0,west_train
site_00869,356870.0,west_train
site_00870,356870.0,west_train
site_00871,356870.0,west_train
site_00872,356870.0,west_train
site_00873,356870.0,west_train
site_00874,356870.0,west_train
site_00875,356870.0,west_train
site_00876,356870.0,west_train
site_00877,356870.0,west_train
site_00878,356870.0,west_train
site_00879,356870.0,west_train
site_00880,356870.0,west_train
site_00881,356870.0,west_train
site_00882,356870.0,west_train
site_00883,356870.0,west_train
site_00884,356870.0,west_train
site_00885,356870.0,west_train
site_00886,356870.0,west_train
site_00887,356870.0,west_train
site_00888,356870.0,west_train
site_00889,356870.0,west_train
site_00890,356870.0,west_train
site_00891,356870.0,west_train
site_00892,356870.0,west_train
site_00893,356870.0,west_train
site_00894,356870.0,west_train
site_00895,356870.0,west_train
site_00896,356870.0,west_train
site_00897,356870.0,west_train
site_00898,356870.0,west_train
site_00899,356870.0,west_train
site_00900,356870.0,west_train
site_00901,356870.0,west_train
site_00903,356970.0,west_train
site_00905,356970.0,west_train
site_00906,356970.0,west_train
site_00907,356970.0,west_train
site_00908,356970.0,west_train
site_00909,356970.0,west_train
site_00910,356970.0,west_train
site_00911,356970.0,west_train
site_00912,356970.0,west_train
site_00913,356970.0,west_train
site_00914,356970.0,west_train
site_00915,356970.0,west_train
site_00916,356970.0,west_train
site_00917,356970.0,west_train
site_00918,356970.0,west_train
site_00919,356970.0,west_train
site_00920,356970.0,west_train
site_00921,356970.0,west_train
site_00922,356970.0,west_train
site_00923,356970.0,west_train
site_00924,356970.0,west_train
site_00925,356970.0,west_train
site_00926,356970.0,west_train
site_00927,356970.0,west_train
site_00928,356970.0,west_train
site_00929,356970.0,west_train
site_00930,356970.0,west_train
site_00931,356970.0,west_train
site_00932,356970.0,west_train
site_00933,356970.0,west_train
site_00934,356970.0,west_train
site_00935,356970.0,west_train
site_00936,357070.0,west_train
site_00937,357070.0,west_train
site_00938,357070.0,west_train
site_00939,357070.0,west_train
site_00940,357070.0,west_train
site_00941,357070.0,west_train
site_00942,357070.0,west_train
site_00943,357070.0,west_train
site_00944,357070.0,west_train
site_00945,357070.0,west_train
site_00946,357070.0,west_train
site_00947,357070.0,west_train
site_00948,357070.0,west_train
site_00949,357070.0,west_train
site_00950,357070.0,west_train
site_00951,357070.0,west_train
site_00952,357070.0,west_train
site_00953,357070.0,west_train
site_00954,357070.0,west_train
site_00955,357070.0,west_train
site_00956,357070.0,west_train
site_00957,357070.0,west_train
site_00958,357070.0,west_train
site_00959,357070.0,west_train
site_00960,357070.0,west_train
site_00961,357070.0,west_train
site_00962,357070.0,west_train
site_00963,357070.0,west_train
site_00964,357070.0,west_train
site_00965,357070.0,west_train
site_00966,357070.0,west_train
site_00967,357070.0,west_train
site_00968,357170.0,west_train
site_00969,357170.0,west_train
site_00970,357170.0,west_train
site_00971,357170.0,west_train
site_00972,357170.0,west_train
site_00973,357170.0,west_train
site_00974,357170.0,west_train
site_00975,357170.0,west_train
site_00976,357170.0,west_train
site_00977,357170.0,west_train
site_00978,357170.0,west_train
site_00979,357170.0,west_train
site_00980,357170.0,west_train
site_00981,357170.0,west_train
site_00982,357170.0,west_train
site_00983,357170.0,west_train
site_00984,357170.0,west_train
site_00985,357170.0,west_train
site_00986,357170.0,west_train
site_00987,357170.0,west_train
site_00988,357170.0,west_train
site_00989,357170.0,west_train
site_00990,357170.0,west_train
site_00991,357170.0,west_train
site_00992,357170.0,west_train
site_00993,357170.0,west_train
site_00994,357170.0,west_train
site_00995,357170.0,west_train
site_00996,357170.0,west_train
site_00997,357170.0,west_train
site_00998,357170.0,west_train
site_00999,357170.0,west_train
site_01000,357170.0,west_train
site_01001,357270.0,west_train
site_01002,357270.0,west_train
site_01003,357270.0,west_train
site_01004,357270.0,west_train
site_01005,357270.0,west_train
site_01006,357270.0,west_train
site_01007,357270.0,west_train
site_01008,357270.0,west_train
site_01009,357270.0,west_train
site_01010,357270.0,west_train
site_01011,357270.0,west_train
site_01012,357270.0,west_train
site_01013,357270.0,west_train
site_01014,357270.0,west_train
site_01015,357270.0,west_train
site_01016,357270.0,west_train
site_01017,357270.0,west_train
site_01018,357270.0,west_train
site_01019,357270.0,west_train
site_01020,357270.0,west_train
site_01021,357270.0,west_train
site_01022,357270.0,west_train
site_01023,357270.0,west_train
site_01024,357270.0,west_train
site_01025,357270.0,west_train
site_01026,357270.0,west_train
site_01027,357270.0,west_train
site_01028,357270.0,west_train
site_01029,357270.0,west_train
site_01030,357270.0,west_train
site_01031,357270.0,west_train
site_01032,357270.0,west_train
site_01033,357270.0,west_train
site_01034,357270.0,west_train
site_01035,357370.0,west_train
site_01036,357370.0,west_train
site_01037,357370.0,west_train
site_01038,357370.0,west_train
site_01039,357370.0,west_train
site_01040,357370.0,west_train
site_01041,357370.0,west_train
site_01042,357370.0,west_train
site_01043,357370.0,west_train
site_01044,357370.0,west_train
site_01045,357370.0,west_train
site_01046,357370.0,west_train
site_01047,357370.0,west_train
site_01048,357370.0,west_train
site_01049,357370.0,west_train
site_01050,357370.0,west_train
site_01051,357370.0,west_train
site_01052,357370.0,west_train
site_01053,357370.0,west_train
site_01054,357370.0,west_train
site_01055,357370.0,west_train
site_01056,357370.0,west_train
site_01057,357370.0,west_train
site_01058,357370.0,west_train
site_01059,357370.0,west_train
site_01060,357370.0,west_train
site_01061,357370.0,west_train
site_01062,357370.0,west_train
site_01063,357370.0,west_train
site_01064,357370.0,west_train
site_01065,357370.0,west_train
site_01066,357370.0,west_train
site_01067,357370.0,west_train
site_01068,357370.0,west_train
site_01069,357370.0,west_train
site_01070,357370.0,west_train
site_01071,357470.0,west_train
site_01072,357470.0,west_train
site_01073,357470.0,west_train
site_01074,357470.0,west_train
site_01075,357470.0,west_train
site_01076,357470.0,west_train
site_01077,357470.0,west_train
site_01078,357470.0,west_train
site_01079,357470.0,west_train
site_01080,357470.0,west_train
site_01081,357470.0,west_train
site_01082,357470.0,west_train
site_01083,357470.0,west_train
site_01084,357470.0,west_train
site_01085,357470.0,west_train
site_01086,357470.0,west_train
site_01087,357470.0,west_train
site_01088,357470.0,west_train
site_01089,357470.0,west_train
site_01090,357470.0,west_train
site_01091,357470.0,west_train
site_01092,357470.0,west_train
site_01093,357470.0,west_train
site_01094,357470.0,west_train
site_01095,357470.0,west_train
site_01096,357470.0,west_train
site_01097,357470.0,west_train
site_01098,357470.0,west_train
site_01099,357470.0,west_train
site_01100,357470.0,west_train
site_01101,357470.0,west_train
site_01102,357470.0,west_train
site_01103,357470.0,west_train
site_01104,357470.0,west_train
site_01105,357470.0,west_train
site_01106,357470.0,west_train
site_01107,357570.0,west_train
site_01108,357570.0,west_train
site_01109,357570.0,west_train
site_01110,357570.0,west_train
site_01111,357570.0,west_train
site_01112,357570.0,west_train
site_01113,357570.0,west_train
site_01114,357570.0,west_train
site_01115,357570.0,west_train
site_01116,357570.0,west_train
site_01117,357570.0,west_train
site_01118,357570.0,west_train
site_01119,357570.0,west_train
site_01120,357570.0,west_train
site_01121,357570.0,west_train
site_01122,357570.0,west_train
site_01123,357570.0,west_train
site_01124,357570.0,west_train
site_01125,357570.0,west_train
site_01126,357570.0,west_train
site_01127,357570.0,west_train
site_01128,357570.0,west_train
site_01129,357570.0,west_train
site_01130,357570.0,west_train
site_01131,357570.0,west_train
site_01132,357570.0,west_train
site_01133,357570.0,west_train
site_01134,357570.0,west_train
site_01135,357570.0,west_train
site_01136,357570.0,west_train
site_01137,357570.0,west_train
site_01138,357570.0,west_train
site_01139,357570.0,west_train
site_01140,357570.0,west_train
site_01141,357570.0,west_train
site_01142,357570.0,west_train
site_01144,357670.0,west_train
site_01145,357670.0,west_train
site_01146,357670.0,west_train
site_01147,357670.0,west_train
site_01148,357670.0,west_train
site_01149,357670.0,west_train
site_01150,357670.0,west_train
site_01151,357670.0,west_train
site_01152,357670.0,west_train
site_01153,357670.0,west_train
site_01154,357670.0,west_train
site_01155,357670.0,west_train
site_01156,357670.0,west_train
site_01157,357670.0,west_train
site_01158,357670.0,west_train
site_01159,357670.0,west_train
site_01160,357670.0,west_train
site_01161,357670.0,west_train
site_01162,357670.0,west_train
site_01163,357670.0,west_train
site_01164,357670.0,west_train
site_01165,357670.0,west_train
site_01166,357670.0,west_train
site_01167,357670.0,west_train
site_01168,357670.0,west_train
site_01169,357670.0,west_train
site_01170,357670.0,west_train
site_01171,357670.0,west_train
site_01172,357670.0,west_train
site_01173,357670.0,west_train
site_01174,357670.0,west_train
site_01175,357670.0,west_train
site_01176,357670.0,west_train
site_01177,357670.0,west_train
site_01178,357670.0,west_train
site_01179,357670.0,west_train
site_01180,357670.0,west_train
site_01181,357770.0,west_train
site_01182,357770.0,west_train
site_01183,357770.0,west_train
site_01184,357770.0,west_train
site_01185,357770.0,west_train
site_01186,357770.0,west_train
site_01187,357770.0,west_train
site_01188,357770.0,west_train
site_01189,357770.0,west_train
site_01190,357770.0,west_train
site_01191,357770.0,west_train
site_01192,357770.0,west_train
site_01193,357770.0,west_train
site_01194,357770.0,west_train
site_01195,357770.0,west_train
site_01196,357770.0,west_train
site_01197,357770.0,west_train
site_01198,357770.0,west_train
site_01199,357770.0,west_train
site_01200,357770.0,west_train
site_01201,357770.0,west_train
site_01202,357770.0,west_train
site_01203,357770.0,west_train
site_01204,357770.0,west_train
site_01205,357770.0,west_train
site_01206,357770.0,west_train
site_01207,357770.0,west_train
site_01208,357770.0,west_train
site_01209,357770.0,west_train
site_01210,357770.0,west_train
site_01211,357770.0,west_train
site_01212,357770.0,west_train
site_01213,357770.0,west_train
site_01214,357770.0,west_train
site_01215,357770.0,west_train
site_01216,357770.0,west_train
site_01217,357770.0,west_train
site_01218,357770.0,west_train
site_01219,357770.0,west_train
site_01220,357870.0,west_train
site_01221,357870.0,west_train
site_01222,357870.0,west_train
site_01223,357870.0,west_train
site_01224,357870.0,west_train
site_01225,357870.0,west_train
site_01226,357870.0,west_train
site_01227,357870.0,west_train
site_01228,357870.0,west_train
site_01229,357870.0,west_train
site_01230,357870.0,west_train
site_01231,357870.0,west_train
site_01232,357870.0,west_train
site_01233,357870.0,west_train
site_01234,357870.0,west_train
site_01235,357870.0,west_train
site_01236,357870.0,west_train
site_01237,357870.0,west_train
site_01238,357870.0,west_train
site_01239,357870.0,west_train
site_01240,357870.0,west_train
site_01241,357870.0,west_train
site_01242,357870.0,west_train
site_01243,357870.0,west_train
site_01244,357870.0,west_train
site_01245,357870.0,west_train
site_01246,357870.0,west_train
site_01248,357870.0,west_train
site_01249,357870.0,west_train
site_01250,357870.0,west_train
site_01251,357870.0,west_train
site_01252,357870.0,west_train
site_01253,357870.0,west_train
site_01254,357870.0,west_train
site_01255,357870.0,west_train
site_01256,357870.0,west_train
site_01257,357970.0,west_train
site_01258,357970.0,west_train
site_01259,357970.0,west_train
site_01260,357970.0,west_train
site_01261,357970.0,west_train
site_01263,357970.0,west_train
site_01264,357970.0,west_train
site_01265,357970.0,west_train
site_01266,357970.0,west_train
site_01267,357970.0,west_train
site_01268,357970.0,west_train
site_01269,357970.0,west_train
site_01270,357970.0,west_train
site_01271,357970.0,west_train
site_01272,357970.0,west_train
site_01273,357970.0,west_train
site_01274,357970.0,west_train
site_01275,357970.0,west_train
site_01276,357970.0,west_train
site_01277,357970.0,west_train
site_01278,357970.0,west_train
site_01279,357970.0,west_train
site_01280,357970.0,west_train
site_01281,357970.0,west_train
site_01282,357970.0,west_train
site_01283,357970.0,west_train
site_01284,357970.0,west_train
site_01285,357970.0,west_train
site_01286,357970.0,west_train
site_01287,357970.0,west_train
site_01288,357970.0,west_train
site_01289,357970.0,west_train
site_01290,357970.0,west_train
site_01291,357970.0,west_train
site_01292,357970.0,west_train
site_01293,357970.0,west_train
site_01294,357970.0,west_train
site_01295,357970.0,west_train
site_01296,358070.0,west_train
site_01298,358070.0,west_train
site_01299,358070.0,west_train
site_01300,358070.0,west_train
site_01301,358070.0,west_train
site_01302,358070.0,west_train
site_01303,358070.0,west_train
site_01304,358070.0,west_train
site_01305,358070.0,west_train
site_01306,358070.0,west_train
site_01307,358070.0,west_train
site_01308,358070.0,west_train
site_01309,358070.0,west_train
site_01310,358070.0,west_train
site_01311,358070.0,west_train
site_01312,358070.0,west_train
site_01313,358070.0,west_train
site_01314,358070.0,west_train
site_01315,358070.0,west_train
site_01316,358070.0,west_train
site_01317,358070.0,west_train
site_01318,358070.0,west_train
site_01319,358070.0,west_train
site_01320,358070.0,west_train
site_01321,358070.0,west_train
site_01322,358070.0,west_train
site_01323,358070.0,west_train
site_01324,358070.0,west_train
site_01325,358070.0,west_train
site_01326,358070.0,west_train
site_01327,358070.0,west_train
site_01328,358070.0,west_train
site_01329,358070.0,west_train
site_01330,358070.0,west_train
site_01331,358070.0,west_train
site_01332,358170.0,west_train
site_01333,358170.0,west_train
site_01334,358170.0,west_train
site_01335,358170.0,west_train
site_01336,358170.0,west_train
site_01337,358170.0,west_train
site_01338,358170.0,west_train
site_01339,358170.0,west_train
site_01340,358170.0,west_train
site_01341,358170.0,west_train
site_01342,358170.0,west_train
site_01343,358170.0,west_train
site_01344,358170.0,west_train
site_01345,358170.0,west_train
site_01346,358170.0,west_train
site_01347,358170.0,west_train
site_01348,358170.0,west_train
site_01349,358170.0,west_train
site_01350,358170.0,west_train
site_01351,358170.0,west_train
site_01352,358170.0,west_train
site_01353,358170.0,west_train
site_01354,358170.0,west_train
site_01355,358170.0,west_train
site_01356,358170.0,west_train
site_01357,358170.0,west_train
site_01358,358170.0,west_train
site_01359,358170.0,west_train
site_01360,358170.0,west_train
site_01361,358170.0,west_train
site_01362,358170.0,west_train
site_01363,358170.0,west_train
site_01364,358170.0,west_train
site_01365,358170.0,west_train
site_01366,358170.0,west_train
site_01367,358170.0,west_train
site_01368,358170.0,west_train
site_01369,358170.0,west_train
site_01370,358270.0,west_train
site_01371,358270.0,west_train
site_01372,358270.0,west_train
site_01373,358270.0,west_train
site_01374,358270.0,west_train
site_01375,358270.0,west_train
site_01376,358270.0,west_train
site_01377,358270.0,west_train
site_01378,358270.0,west_train
site_01379,358270.0,west_train
site_01380,358270.0,west_train
site_01381,358270.0,west_train
site_01382,358270.0,west_train
site_01383,358270.0,west_train
site_01384,358270.0,west_train
site_01385,358270.0,west_train
site_01386,358270.0,west_train
site_01387,358270.0,west_train
site_01388,358270.0,west_train
site_01389,358270.0,west_train
site_01390,358270.0,west_train
site_01392,358270.0,west_train
site_01393,358270.0,west_train
site_01394,358270.0,west_train
site_01395,358270.0,west_train
site_01396,358270.0,west_train
site_01397,358270.0,west_train
site_01398,358270.0,west_train
site_01399,358270.0,west_train
site_01400,358270.0,west_train
site_01401,358270.0,west_train
site_01402,358270.0,west_train
site_01403,358270.0,west_train
site_01404,358270.0,west_train
site_01405,358270.0,west_train
site_01406,358270.0,west_train
site_01407,358370.0,west_train
site_01408,358370.0,west_train
site_01409,358370.0,west_train
site_01410,358370.0,west_train
site_01411,358370.0,west_train
site_01412,358370.0,west_train
site_01413,358370.0,west_train
site_01414,358370.0,west_train
site_01415,358370.0,west_train
site_01416,358370.0,west_train
site_01417,358370.0,west_train
site_01418,358370.0,west_train
site_01419,358370.0,west_train
site_01420,358370.0,west_train
site_01421,358370.0,west_train
site_01422,358370.0,west_train
site_01423,358370.0,west_train
site_01424,358370.0,west_train
site_01425,358370.0,west_train
site_01426,358370.0,west_train
site_01427,358370.0,west_train
site_01428,358370.0,west_train
site_01430,358370.0,west_train
site_01431,358370.0,west_train
site_01432,358370.0,west_train
site_01433,358370.0,west_train
site_01434,358370.0,west_train
site_01435,358370.0,west_train
site_01436,358370.0,west_train
site_01437,358370.0,west_train
site_01438,358370.0,west_train
site_01439,358470.0,west_train
site_01440,358470.0,west_train
site_01441,358470.0,west_train
site_01442,358470.0,west_train
site_01443,358470.0,west_train
site_01444,358470.0,west_train
site_01445,358470.0,west_train
site_01446,358470.0,west_train
site_01447,358470.0,west_train
site_01448,358470.0,west_train
site_01449,358470.0,west_train
site_01450,358470.0,west_train
site_01451,358470.0,west_train
site_01452,358470.0,west_train
site_01453,358470.0,west_train
site_01454,358470.0,west_train
site_01455,358470.0,west_train
site_01456,358470.0,west_train
site_01457,358470.0,west_train
site_01458,358470.0,west_train
site_01459,358470.0,west_train
site_01462,358470.0,west_train
site_01463,358470.0,west_train
site_01464,358470.0,west_train
site_01465,358470.0,west_train
site_01466,358470.0,west_train
site_01467,358470.0,west_train
site_01468,358470.0,west_train
site_01469,358470.0,west_train
site_01470,358470.0,west_train
site_01472,358570.0,west_train
site_01473,358570.0,west_train
site_01474,358570.0,west_train
site_01475,358570.0,west_train
site_01476,358570.0,west_train
site_01477,358570.0,west_train
site_01478,358570.0,west_train
site_01479,358570.0,west_train
site_01480,358570.0,west_train
site_01481,358570.0,west_train
site_01482,358570.0,west_train
site_01483,358570.0,west_train
site_01484,358570.0,west_train
site_01485,358570.0,west_train
site_01486,358570.0,west_train
site_01487,358570.0,west_train
site_01488,358570.0,west_train
site_01489,358570.0,west_train
site_01490,358570.0,west_train
site_01491,358570.0,west_train
site_01492,358570.0,west_train
site_01494,358570.0,west_train
site_01495,358570.0,west_train
site_01496,358570.0,west_train
site_01497,358570.0,west_train
site_01498,358570.0,west_train
site_01499,358570.0,west_train
site_01500,358570.0,west_train
site_01501,358570.0,west_train
site_01502,358670.0,west_train
site_01503,358670.0,west_train
site_01504,358670.0,west_train
site_01505,358670.0,west_train
site_01506,358670.0,west_train
site_01507,358670.0,west_train
site_01508,358670.0,west_train
site_01509,358670.0,west_train
site_01510,358670.0,west_train
site_01511,358670.0,west_train
site_01512,358670.0,west_train
site_01513,358670.0,west_train
site_01514,358670.0,west_train
site_01515,358670.0,west_train
site_01516,358670.0,west_train
site_01517,358670.0,west_train
site_01518,358670.0,west_train
site_01519,358670.0,west_train
site_01520,358670.0,west_train
site_01521,358670.0,west_train
site_01522,358670.0,west_train
site_01523,358670.0,west_train
site_01524,358670.0,west_train
site_01525,358670.0,west_train
site_01526,358670.0,west_train
site_01527,358670.0,west_train
site_01528,358670.0,west_train
site_01529,358670.0,west_train
site_01531,358770.0,west_train
site_01532,358770.0,west_train
site_01533,358770.0,west_train
site_01534,358770.0,west_train
site_01535,358770.0,west_train
site_01536,358770.0,west_train
site_01537,358770.0,west_train
site_01538,358770.0,west_train
site_01539,358770.0,west_train
site_01540,358770.0,west_train
site_01541,358770.0,west_train
site_01542,358770.0,west_train
site_01543,358770.0,west_train
site_01544,358770.0,west_train
site_01545,358770.0,west_train
site_01546,358770.0,west_train
site_01547,358770.0,west_train
site_01548,358770.0,west_train
site_01550,358770.0,west_train
site_01551,358770.0,west_train
site_01552,358770.0,west_train
site_01553,358770.0,west_train
site_01554,358770.0,west_train
site_01555,358770.0,west_train
site_01556,358770.0,west_train
site_01557,358770.0,west_train
site_01558,358770.0,west_train
site_01559,358770.0,west_train
site_01560,358770.0,west_train
site_01561,358870.0,west_train
site_01562,358870.0,west_train
site_01563,358870.0,west_train
site_01564,358870.0,west_train
site_01565,358870.0,west_train
site_01566,358870.0,west_train
site_01567,358870.0,west_train
site_01568,358870.0,west_train
site_01569,358870.0,west_train
site_01570,358870.0,west_train
site_01571,358870.0,west_train
site_01572,358870.0,west_train
site_01573,358870.0,west_train
site_01574,358870.0,west_train
site_01575,358870.0,west_train
site_01576,358870.0,west_train
site_01577,358870.0,west_train
site_01578,358870.0,west_train
site_01579,358870.0,west_train
site_01580,358870.0,west_train
site_01581,358870.0,west_train
site_01582,358870.0,west_train
site_01583,358870.0,west_train
site_01584,358870.0,west_train
site_01585,358870.0,west_train
site_01586,358870.0,west_train
site_01587,358870.0,west_train
site_01588,358870.0,west_train
site_01589,358870.0,west_train
site_01590,358870.0,west_train
site_01591,358870.0,west_train
site_01592,358870.0,west_train
site_01593,358870.0,west_train
site_01594,358870.0,west_train
site_01595,358970.0,west_train
site_01596,358970.0,west_train
site_01597,358970.0,west_train
site_01598,358970.0,west_train
site_01599,358970.0,west_train
site_01600,358970.0,west_train
site_01601,358970.0,west_train
site_01602,358970.0,west_train
site_01603,358970.0,west_train
site_01604,358970.0,west_train
site_01605,358970.0,west_train
site_01606,358970.0,west_train
site_01607,358970.0,west_train
site_01608,358970.0,west_train
site_01609,358970.0,west_train
site_01610,358970.0,west_train
site_01611,358970.0,west_train
site_01612,358970.0,west_train
site_01613,358970.0,west_train
site_01614,358970.0,west_train
site_01615,358970.0,west_train
site_01616,358970.0,west_train
site_01617,358970.0,west_train
site_01618,358970.0,west_train
site_01619,358970.0,west_train
site_01620,358970.0,west_train
site_01621,358970.0,west_train
site_01622,358970.0,west_train
site_01623,358970.0,west_train
site_01624,358970.0,west_train
site_01625,358970.0,west_train
site_01626,358970.0,west_train
site_01627,358970.0,west_train
site_01628,358970.0,west_train
site_01629,358970.0,west_train
site_01630,358970.0,west_train
site_01631,358970.0,west_train
site_01632,358970.0,west_train
site_01633,358970.0,west_train
site_01634,358970.0,west_train
site_01635,359070.0,west_train
site_01636,359070.0,west_train
site_01637,359070.0,west_train
site_01638,359070.0,west_train
site_01639,359070.0,west_train
site_01640,359070.0,west_train
site_01641,359070.0,west_train
site_01642,359070.0,west_train
site_01643,359070.0,west_train
site_01644,359070.0,west_train
site_01645,359070.0,west_train
site_01646,359070.0,west_train
site_01647,359070.0,west_train
site_01648,359070.0,west_train
site_01649,359070.0,west_train
site_01650,359070.0,west_train
site_01651,359070.0,west_train
site_01652,359070.0,west_train
site_01653,359070.0,west_train
site_01654,359070.0,west_train
site_01656,359070.0,west_train
site_01657,359070.0,west_train
site_01658,359070.0,west_train
site_01659,359070.0,west_train
site_01660,359070.0,west_train
site_01661,359070.0,west_train
site_01662,359070.0,west_train
site_01663,359070.0,west_train
site_01664,359070.0,west_train
site_01665,359070.0,west_train
site_01666,359070.0,west_train
site_01667,359070.0,west_train
site_01668,359070.0,west_train
site_01669,359070.0,west_train
site_01670,359070.0,west_train
site_01671,359070.0,west_train
site_01672,359070.0,west_train
site_01673,359070.0,west_train
site_01674,359070.0,west_train
site_01675,359070.0,west_train
site_01676,359070.0,west_train
site_01677,359070.0,west_train
site_01678,359070.0,west_train
site_01679,359070.0,west_train
site_01680,359070.0,west_train
site_01681,359170.0,west_train
site_01682,359170.0,west_train
site_01683,359170.0,west_train
site_01684,359170.0,west_train
site_01685,359170.0,west_train
site_01686,359170.0,west_train
site_01687,359170.0,west_train
site_01688,359170.0,west_train
site_01689,359170.0,west_train
site_01690,359170.0,west_train
site_01691,359170.0,west_train
site_01692,359170.0,west_train
site_01693,359170.0,west_train
site_01694,359170.0,west_train
site_01695,359170.0,west_train
site_01696,359170.0,west_train
site_01697,359170.0,west_train
site_01698,359170.0,west_train
site_01699,359170.0,west_train
site_01700,359170.0,west_train
site_01701,359170.0,west_train
site_01702,359170.0,west_train
site_01703,359170.0,west_train
site_01704,359170.0,west_train
site_01705,359170.0,west_train
site_01706,359170.0,west_train
site_01707,359170.0,west_train
site_01708,359170.0,west_train
site_01709,359170.0,west_train
site_01710,359170.0,west_train
site_01711,359170.0,west_train
site_01712,359170.0,west_train
site_01713,359170.0,west_train
site_01714,359170.0,west_train
site_01715,359170.0,west_train
site_01716,359170.0,west_train
site_01717,359170.0,west_train
site_01718,359170.0,west_train
site_01719,359170.0,west_train
site_01720,359170.0,west_train
site_01721,359170.0,west_train
site_01722,359170.0,west_train
site_01723,359170.0,west_train
site_01724,359170.0,west_train
site_01725,359170.0,west_train
site_01728,359270.0,west_train
site_01729,359270.0,west_train
site_01730,359270.0,west_train
site_01731,359270.0,west_train
site_01732,359270.0,west_train
site_01733,359270.0,west_train
site_01734,359270.0,west_train
site_01735,359270.0,west_train
site_01736,359270.0,west_train
site_01737,359270.0,west_train
site_01738,359270.0,west_train
site_01739,359270.0,west_train
site_01740,359270.0,west_train
site_01741,359270.0,west_train
site_01742,359270.0,west_train
site_01743,359270.0,west_train
site_01744,359270.0,west_train
site_01745,359270.0,west_train
site_01746,359270.0,west_train
site_01747,359270.0,west_train
site_01748,359270.0,west_train
site_01749,359270.0,west_train
site_01750,359270.0,west_train
site_01751,359270.0,west_train
site_01752,359270.0,west_train
site_01753,359270.0,west_train
site_01754,359270.0,west_train
site_01755,359270.0,west_train
site_01756,359270.0,west_train
site_01757,359270.0,west_train
site_01758,359270.0,west_train
site_01759,359270.0,west_train
site_01760,359270.0,west_train
site_01761,359270.0,west_train
site_01762,359270.0,west_train
site_01763,359270.0,west_train
site_01764,359270.0,west_train
site_01765,359270.0,west_train
site_01766,359270.0,west_train
site_01767,359270.0,west_train
site_01768,359270.0,west_train
site_01769,359270.0,west_train
site_01770,359270.0,west_train
site_01771,359270.0,west_train
site_01772,359270.0,west_train
site_01774,359270.0,west_train
site_01775,359270.0,west_train
site_01776,359270.0,west_train
site_01778,359370.0,west_train
site_01779,359370.0,west_train
site_01780,359370.0,west_train
site_01781,359370.0,west_train
site_01782,359370.0,west_train
site_01783,359370.0,west_train
site_01784,359370.0,west_train
site_01785,359370.0,west_train
site_01786,359370.0,west_train
site_01787,359370.0,west_train
site_01788,359370.0,west_train
site_01789,359370.0,west_train
site_01790,359370.0,west_train
site_01791,359370.0,west_train
site_01792,359370.0,west_train
site_01793,359370.0,west_train
site_01794,359370.0,west_train
site_01795,359370.0,west_train
site_01796,359370.0,west_train
site_01797,359370.0,west_train
site_01798,359370.0,west_train
site_01799,359370.0,west_train
site_01800,359370.0,west_train
site_01801,359370.0,west_train
site_01802,359370.0,west_train
site_01803,359370.0,west_train
site_01804,359370.0,west_train
site_01805,359370.0,west_train
site_01806,359370.0,west_train
site_01807,359370.0,west_train
site_01808,359370.0,west_train
site_01809,359370.0,west_train
site_01810,359370.0,west_train
site_01811,359370.0,west_train
site_01812,359370.0,west_train
site_01813,359370.0,west_train
site_01814,359370.0,west_train
site_01815,359370.0,west_train
site_01816,359370.0,west_train
site_01817,359370.0,west_train
site_01818,359370.0,west_train
site_01819,359370.0,west_train
site_01820,359370.0,west_train
site_01821,359370.0,west_train
site_01822,359370.0,west_train
site_01823,359370.0,west_train
site_01824,359370.0,west_train
site_01825,359370.0,west_train
site_01828,359470.0,west_train
site_01829,359470.0,west_train
site_01830,359470.0,west_train
site_01831,359470.0,west_train
site_01832,359470.0,west_train
site_01833,359470.0,west_train
site_01834,359470.0,west_train
site_01835,359470.0,west_train
site_01836,359470.0,west_train
site_01837,359470.0,west_train
site_01838,359470.0,west_train
site_01839,359470.0,west_train
site_01840,359470.0,west_train
site_01841,359470.0,west_train
site_01842,359470.0,west_train
site_01843,359470.0,west_train
site_01844,359470.0,west_train
site_01845,359470.0,west_train
site_01846,359470.0,west_train
site_01847,359470.0,west_train
site_01848,359470.0,west_train
site_01849,359470.0,west_train
site_01850,359470.0,west_train
site_01851,359470.0,west_train
site_01852,359470.0,west_train
site_01853,359470.0,west_train
site_01854,359470.0,west_train
site_01855,359470.0,west_train
site_01856,359470.0,west_train
site_01857,359470.0,west_train
site_01858,359470.0,west_train
site_01859,359470.0,west_train
site_01860,359470.0,west_train
site_01861,359470.0,west_train
site_01862,359470.0,west_train
site_01863,359470.0,west_train
site_01864,359470.0,west_train
site_01865,359470.0,west_train
site_01866,359470.0,west_train
site_01867,359470.0,west_train
site_01868,359470.0,west_train
site_01869,359470.0,west_train
site_01870,359470.0,west_train
site_01871,359470.0,west_train
site_01872,359470.0,west_train
site_01873,359470.0,west_train
site_01874,359470.0,west_train
site_01876,359570.0,west_train
site_01877,359570.0,west_train
site_01878,359570.0,west_train
site_01879,359570.0,west_train
site_01880,359570.0,west_train
site_01881,359570.0,west_train
site_01882,359570.0,west_train
site_01883,359570.0,west_train
site_01884,359570.0,west_train
site_01885,359570.0,west_train
site_01886,359570.0,west_train
site_01887,359570.0,west_train
site_01888,359570.0,west_train
site_01889,359570.0,west_train
site_01890,359570.0,west_train
site_01891,359570.0,west_train
site_01892,359570.0,west_train
site_01893,359570.0,west_train
site_01894,359570.0,west_train
site_01895,359570.0,west_train
site_01896,359570.0,west_train
site_01897,359570.0,west_train
site_01898,359570.0,west_train
site_01899,359570.0,west_train
site_01900,359570.0,west_train
site_01901,359570.0,west_train
site_01902,359570.0,west_train
site_01903,359570.0,west_train
site_01904,359570.0,west_train
site_01905,359570.0,west_train
site_01906,359570.0,west_train
site_01907,359570.0,west_train
site_01908,359570.0,west_train
site_01909,359570.0,west_train
site_01910,359570.0,west_train
site_01911,359570.0,west_train
site_01912,359570.0,west_train
site_01913,359570.0,west_train
site_01914,359570.0,west_train
site_01915,359570.0,west_train
site_01916,359570.0,west_train
site_01917,359570.0,west_train
site_01918,359570.0,west_train
site_01919,359570.0,west_train
site_01920,359570.0,west_train
site_01921,359570.0,west_train
site_01922,359570.0,west_train
site_01923,359570.0,west_train
site_01924,359570.0,west_train
site_01925,359570.0,west_train
site_01926,359570.0,west_train
site_01927,359570.0,west_train
site_01928,359570.0,west_train
site_01929,359570.0,west_train
site_01930,359570.0,west_train
site_01931,359570.0,west_train
site_01932,359570.0,west_train
site_01933,359570.0,west_train
site_01935,359670.0,west_train
site_01936,359670.0,west_train
site_01937,359670.0,west_train
site_01938,359670.0,west_train
site_01939,359670.0,west_train
site_01940,359670.0,west_train
site_01941,359670.0,west_train
site_01942,359670.0,west_train
site_01943,359670.0,west_train
site_01944,359670.0,west_train
site_01945,359670.0,west_train
site_01946,359670.0,west_train
site_01947,359670.0,west_train
site_01948,359670.0,west_train
site_01949,359670.0,west_train
site_01950,359670.0,west_train
site_01951,359670.0,west_train
site_01952,359670.0,west_train
site_01953,359670.0,west_train
site_01954,359670.0,west_train
site_01955,359670.0,west_train
site_01956,359670.0,west_train
site_01957,359670.0,west_train
site_01958,359670.0,west_train
site_01959,359670.0,west_train
site_01960,359670.0,west_train
site_01961,359670.0,west_train
site_01962,359670.0,west_train
site_01963,359670.0,west_train
site_01964,359670.0,west_train
site_01965,359670.0,west_train
site_01966,359670.0,west_train
site_01967,359670.0,west_train
site_01968,359670.0,west_train
site_01969,359670.0,west_train
site_01970,359670.0,west_train
site_01971,359670.0,west_train
site_01972,359670.0,west_train
site_01973,359670.0,west_train
site_01974,359670.0,west_train
site_01975,359670.0,west_train
site_01976,359670.0,west_train
site_01977,359670.0,west_train
site_01978,359670.0,west_train
site_01979,359670.0,west_train
site_01980,359670.0,west_train
site_01981,359670.0,west_train
site_01982,359670.0,west_train
site_01983,359670.0,west_train
site_01984,359670.0,west_train
site_01985,359670.0,west_train
site_01986,359670.0,west_train
site_01987,359670.0,west_train
site_01988,359670.0,west_train
site_01989,359670.0,west_train
site_01990,359670.0,west_train
site_01991,359670.0,west_train
site_01992,359670.0,west_train
site_01993,359670.0,west_train
site_01994,359670.0,west_train
site_01995,359670.0,west_train
site_01996,359770.0,west_train
site_01997,359770.0,west_train
site_01998,359770.0,west_train
site_01999,359770.0,west_train
site_02000,359770.0,west_train
site_02001,359770.0,west_train
site_02002,359770.0,west_train
site_02003,359770.0,west_train
site_02004,359770.0,west_train
site_02005,359770.0,west_train
site_02006,359770.0,west_train
site_02007,359770.0,west_train
site_02008,359770.0,west_train
site_02009,359770.0,west_train
site_02010,359770.0,west_train
site_02011,359770.0,west_train
site_02012,359770.0,west_train
site_02013,359770.0,west_train
site_02014,359770.0,west_train
site_02015,359770.0,west_train
site_02016,359770.0,west_train
site_02017,359770.0,west_train
site_02018,359770.0,west_train
site_02019,359770.0,west_train
site_02020,359770.0,west_train
site_02021,359770.0,west_train
site_02022,359770.0,west_train
site_02023,359770.0,west_train
site_02024,359770.0,west_train
site_02025,359770.0,west_train
site_02026,359770.0,west_train
site_02027,359770.0,west_train
site_02028,359770.0,west_train
site_02029,359770.0,west_train
site_02030,359770.0,west_train
site_02031,359770.0,west_train
site_02032,359770.0,west_train
site_02033,359770.0,west_train
site_02034,359770.0,west_train
site_02035,359770.0,west_train
site_02036,359770.0,west_train
site_02037,359770.0,west_train
site_02038,359770.0,west_train
site_02039,359770.0,west_train
site_02040,359770.0,west_train
site_02041,359770.0,west_train
site_02042,359770.0,west_train
site_02043,359770.0,west_train
site_02044,359770.0,west_train
site_02045,359770.0,west_train
site_02046,359770.0,west_train
site_02047,359770.0,west_train
site_02048,359770.0,west_train
site_02049,359770.0,west_train
site_02050,359770.0,west_train
site_02051,359770.0,west_train
site_02052,359770.0,west_train
site_02053,359770.0,west_train
site_02054,359770.0,west_train
site_02055,359770.0,west_train
site_02056,359770.0,west_train
site_02057,359770.0,west_train
site_02058,359870.0,west_train
site_02059,359870.0,west_train
site_02060,359870.0,west_train
site_02061,359870.0,west_train
site_02062,359870.0,west_train
site_02063,359870.0,west_train
site_02064,359870.0,west_train
site_02065,359870.0,west_train
site_02066,359870.0,west_train
site_02067,359870.0,west_train
site_02068,359870.0,west_train
site_02069,359870.0,west_train
site_02070,359870.0,west_train
site_02071,359870.0,west_train
site_02072,359870.0,west_train
site_02073,359870.0,west_train
site_02074,359870.0,west_train
site_02075,359870.0,west_train
site_02076,359870.0,west_train
site_02077,359870.0,west_train
site_02078,359870.0,west_train
site_02079,359870.0,west_train
site_02080,359870.0,west_train
site_02081,359870.0,west_train
site_02082,359870.0,west_train
site_02083,359870.0,west_train
site_02084,359870.0,west_train
site_02085,359870.0,west_train
site_02086,359870.0,west_train
site_02087,359870.0,west_train
site_02088,359870.0,west_train
site_02089,359870.0,west_train
site_02090,359870.0,west_train
site_02091,359870.0,west_train
site_02092,359870.0,west_train
site_02093,359870.0,west_train
site_02094,359870.0,west_train
site_02095,359870.0,west_train
site_02096,359870.0,west_train
site_02097,359870.0,west_train
site_02098,359870.0,west_train
site_02099,359870.0,west_train
site_02100,359870.0,west_train
site_02101,359870.0,west_train
site_02102,359870.0,west_train
site_02104,359870.0,west_train
site_02105,359870.0,west_train
site_02106,359870.0,west_train
site_02107,359870.0,west_train
site_02108,359870.0,west_train
site_02109,359870.0,west_train
site_02110,359870.0,west_train
site_02111,359870.0,west_train
site_02112,359870.0,west_train
site_02113,359870.0,west_train
site_02114,359870.0,west_train
site_02115,359870.0,west_train
site_02116,359870.0,west_train
site_02117,359870.0,west_train
site_02118,359870.0,west_train
site_02119,359870.0,west_train
site_02120,359870.0,west_train
site_02121,359970.0,west_train
site_02122,359970.0,west_train
site_02123,359970.0,west_train
site_02124,359970.0,west_train
site_02125,359970.0,west_train
site_02126,359970.0,west_train
site_02127,359970.0,west_train
site_02128,359970.0,west_train
site_02129,359970.0,west_train
site_02130,359970.0,west_train
site_02131,359970.0,west_train
site_02132,359970.0,west_train
site_02133,359970.0,west_train
site_02134,359970.0,west_train
site_02135,359970.0,west_train
site_02136,359970.0,west_train
site_02137,359970.0,west_train
site_02138,359970.0,west_train
site_02139,359970.0,west_train
site_02140,359970.0,west_train
site_02141,359970.0,west_train
site_02142,359970.0,west_train
site_02143,359970.0,west_train
site_02144,359970.0,west_train
site_02145,359970.0,west_train
site_02146,359970.0,west_train
site_02147,359970.0,west_train
site_02148,359970.0,west_train
site_02149,359970.0,west_train
site_02150,359970.0,west_train
site_02151,359970.0,west_train
site_02152,359970.0,west_train
site_02153,359970.0,west_train
site_02154,359970.0,west_train
site_02155,359970.0,west_train
site_02156,359970.0,west_train
site_02157,359970.0,west_train
site_02158,359970.0,west_train
site_02159,359970.0,west_train
site_02160,359970.0,west_train
site_02161,359970.0,west_train
site_02162,359970.0,west_train
site_02163,359970.0,west_train
site_02164,359970.0,west_train
site_02165,359970.0,west_train
site_02166,359970.0,west_train
site_02167,359970.0,west_train
site_02168,359970.0,west_train
site_02169,359970.0,west_train
site_02170,359970.0,west_train
site_02171,359970.0,west_train
site_02172,359970.0,west_train
site_02173,359970.0,west_train
site_02174,359970.0,west_train
site_02175,359970.0,west_train
site_02176,359970.0,west_train
site_02177,359970.0,west_train
site_02178,359970.0,west_train
site_02179,359970.0,west_train
site_02180,359970.0,west_train
site_02181,359970.0,west_train
site_02182,359970.0,west_train
site_02183,359970.0,west_train
site_02184,360070.0,west_train
site_02185,360070.0,west_train
site_02186,360070.0,west_train
site_02187,360070.0,west_train
site_02188,360070.0,west_train
site_02189,360070.0,west_train
site_02190,360070.0,west_train
site_02191,360070.0,west_train
site_02192,360070.0,west_train
site_02193,360070.0,west_train
site_02194,360070.0,west_train
site_02195,360070.0,west_train
site_02196,360070.0,west_train
site_02197,360070.0,west_train
site_02198,360070.0,west_train
site_02199,360070.0,west_train
site_02200,360070.0,west_train
site_02201,360070.0,west_train
site_02202,360070.0,west_train
site_02203,360070.0,west_train
site_02204,360070.0,west_train
site_02205,360070.0,west_train
site_02206,360070.0,west_train
site_02207,360070.0,west_train
site_02208,360070.0,west_train
site_02209,360070.0,west_train
site_02210,360070.0,west_train
site_02211,360070.0,west_train
site_02212,360070.0,west_train
site_02213,360070.0,west_train
site_02214,360070.0,west_train
site_02215,360070.0,west_train
site_02216,360070.0,west_train
site_02217,360070.0,west_train
site_02218,360070.0,west_train
site_02219,360070.0,west_train
site_02220,360070.0,west_train
site_02221,360070.0,west_train
site_02222,360070.0,west_train
site_02223,360070.0,west_train
site_02224,360070.0,west_train
site_02225,360070.0,west_train
site_02226,360070.0,west_train
site_02227,360070.0,west_train
site_02228,360070.0,west_train
site_02229,360070.0,west_train
site_02230,360070.0,west_train
site_02231,360070.0,west_train
site_02232,360070.0,west_train
site_02233,360070.0,west_train
site_02234,360070.0,west_train
site_02235,360070.0,west_train
site_02236,360070.0,west_train
site_02237,360070.0,west_train
site_02238,360070.0,west_train
site_02239,360070.0,west_train
site_02240,360070.0,west_train
site_02241,360070.0,west_train
site_02242,360070.0,west_train
site_02243,360070.0,west_train
site_02245,360170.0,west_train
site_02246,360170.0,west_train
site_02247,360170.0,west_train
site_02248,360170.0,west_train
site_02249,360170.0,west_train
site_02250,360170.0,west_train
site_02251,360170.0,west_train
site_02252,360170.0,west_train
site_02253,360170.0,west_train
site_02254,360170.0,west_train
site_02255,360170.0,west_train
site_02256,360170.0,west_train
site_02257,360170.0,west_train
site_02258,360170.0,west_train
site_02259,360170.0,west_train
site_02260,360170.0,west_train
site_02261,360170.0,west_train
site_02262,360170.0,west_train
site_02263,360170.0,west_train
site_02264,360170.0,west_train
site_02265,360170.0,west_train
site_02266,360170.0,west_train
site_02267,360170.0,west_train
site_02268,360170.0,west_train
site_02269,360170.0,west_train
site_02270,360170.0,west_train
site_02271,360170.0,west_train
site_02272,360170.0,west_train
site_02273,360170.0,west_train
site_02274,360170.0,west_train
site_02275,360170.0,west_train
site_02276,360170.0,west_train
site_02277,360170.0,west_train
site_02278,360170.0,west_train
site_02279,360170.0,west_train
site_02280,360170.0,west_train
site_02281,360170.0,west_train
site_02282,360170.0,west_train
site_02283,360170.0,west_train
site_02284,360170.0,west_train
site_02285,360170.0,west_train
site_02286,360170.0,west_train
site_02287,360170.0,west_train
site_02288,360170.0,west_train
site_02289,360170.0,west_train
site_02290,360170.0,west_train
site_02291,360170.0,west_train
site_02292,360170.0,west_train
site_02293,360170.0,west_train
site_02294,360170.0,west_train
site_02295,360170.0,west_train
site_02296,360170.0,west_train
site_02297,360170.0,west_train
site_02298,360170.0,west_train
site_02299,360170.0,west_train
site_02300,360170.0,west_train
site_02301,360170.0,west_train
site_02302,360170.0,west_train
site_02303,360170.0,west_train
site_02304,360270.0,west_train
site_02305,360270.0,west_train
site_02306,360270.0,west_train
site_02307,360270.0,west_train
site_02308,360270.0,west_train
site_02309,360270.0,west_train
site_02310,360270.0,west_train
site_02311,360270.0,west_train
site_02312,360270.0,west_train
site_02313,360270.0,west_train
site_02314,360270.0,west_train
site_02315,360270.0,west_train
site_02316,360270.0,west_train
site_02317,360270.0,west_train
site_02318,360270.0,west_train
site_02319,360270.0,west_train
site_02320,360270.0,west_train
site_02321,360270.0,west_train
site_02322,360270.0,west_train
site_02323,360270.0,west_train
site_02324,360270.0,west_train
site_02325,360270.0,west_train
site_02326,360270.0,west_train
site_02327,360270.0,west_train
site_02328,360270.0,west_train
site_02329,360270.0,west_train
site_02330,360270.0,west_train
site_02331,360270.0,west_train
site_02332,360270.0,west_train
site_02333,360270.0,west_train
site_02334,360270.0,west_train
site_02335,360270.0,west_train
site_02336,360270.0,west_train
site_02337,360270.0,west_train
site_02338,360270.0,west_train
site_02339,360270.0,west_train
site_02340,360270.0,west_train
site_02341,360270.0,west_train
site_02342,360270.0,west_train
site_02343,360270.0,west_train
site_02344,360270.0,west_train
site_02345,360270.0,west_train
site_02346,360270.0,west_train
site_02347,360270.0,west_train
site_02348,360270.0,west_train
site_02349,360270.0,west_train
site_02350,360270.0,west_train
site_02351,360270.0,west_train
site_02352,360270.0,west_train
site_02353,360270.0,west_train
site_02354,360270.0,west_train
site_02355,360270.0,west_train
site_02356,360270.0,west_train
site_02357,360270.0,west_train
site_02358,360270.0,west_train
site_02359,360270.0,west_train
site_02360,360270.0,west_train
site_02361,360270.0,west_train
site_02362,360270.0,west_train
site_02363,360370.0,west_train
site_02364,360370.0,west_train
site_02365,360370.0,west_train
site_02366,360370.0,west_train
site_02367,360370.0,west_train
site_02368,360370.0,west_train
site_02369,360370.0,west_train
site_02370,360370.0,west_train
site_02371,360370.0,west_train
site_02372,360370.0,west_train
site_02373,360370.0,west_train
site_02374,360370.0,west_train
site_02375,360370.0,west_train
site_02376,360370.0,west_train
site_02377,360370.0,west_train
site_02378,360370.0,west_train
site_02379,360370.0,west_train
site_02380,360370.0,west_train
site_02381,360370.0,west_train
site_02382,360370.0,west_train
site_02383,360370.0,west_train
site_02384,360370.0,west_train
site_02385,360370.0,west_train
site_02386,360370.0,west_train
site_02387,360370.0,west_train
site_02388,360370.0,west_train
site_02389,360370.0,west_train
site_02390,360370.0,west_train
site_02391,360370.0,west_train
site_02392,360370.0,west_train
site_02393,360370.0,west_train
site_02394,360370.0,west_train
site_02395,360370.0,west_train
site_02396,360370.0,west_train
site_02397,360370.0,west_train
site_02398,360370.0,west_train
site_02399,360370.0,west_train
site_02400,360370.0,west_train
site_02401,360370.0,west_train
site_02402,360370.0,west_train
site_02403,360370.0,west_train
site_02404,360370.0,west_train
site_02405,360370.0,west_train
site_02406,360370.0,west_train
site_02407,360370.0,west_train
site_02408,360370.0,west_train
site_02409,360370.0,west_train
site_02410,360370.0,west_train
site_02411,360370.0,west_train
site_02412,360370.0,west_train
site_02413,360370.0,west_train
site_02414,360370.0,west_train
site_02415,360370.0,west_train
site_02416,360370.0,west_train
site_02417,360370.0,west_train
site_02418,360370.0,west_train
site_02419,360370.0,west_train
site_02420,360370.0,west_train
site_02421,360370.0,west_train
site_02422,360370.0,west_train
site_02423,360370.0,west_train
site_02424,360370.0,west_train
site_02425,360370.0,west_train
site_02426,360370.0,west_train
site_02427,360370.0,west_train
site_02429,360470.0,west_train
site_02430,360470.0,west_train
site_02431,360470.0,west_train
site_02432,360470.0,west_train
site_02433,360470.0,west_train
site_02434,360470.0,west_train
site_02435,360470.0,west_train
site_02436,360470.0,west_train
site_02437,360470.0,west_train
site_02438,360470.0,west_train
site_02439,360470.0,west_train
site_02440,360470.0,west_train
site_02441,360470.0,west_train
site_02442,360470.0,west_train
site_02443,360470.0,west_train
site_02444,360470.0,west_train
site_02445,360470.0,west_train
site_02446,360470.0,west_train
site_02447,360470.0,west_train
site_02448,360470.0,west_train
site_02449,360470.0,west_train
site_02450,360470.0,west_train
site_02451,360470.0,west_train
site_02452,360470.0,west_train
site_02453,360470.0,west_train
site_02454,360470.0,west_train
site_02455,360470.0,west_train
site_02456,360470.0,west_train
site_02457,360470.0,west_train
site_02458,360470.0,west_train
site_02459,360470.0,west_train
site_02460,360470.0,west_train
site_02461,360470.0,west_train
site_02462,360470.0,west_train
site_02463,360470.0,west_train
site_02464,360470.0,west_train
site_02465,360470.0,west_train
site_02466,360470.0,west_train
site_02467,360470.0,west_train
site_02468,360470.0,west_train
site_02469,360470.0,west_train
site_02470,360470.0,west_train
site_02471,360470.0,west_train
site_02472,360470.0,west_train
site_02473,360470.0,west_train
site_02474,360470.0,west_train
site_02475,360470.0,west_train
site_02476,360470.0,west_train
site_02477,360470.0,west_train
site_02478,360470.0,west_train
site_02479,360470.0,west_train
site_02480,360470.0,west_train
site_02481,360470.0,west_train
site_02482,360470.0,west_train
site_02483,360470.0,west_train
site_02484,360470.0,west_train
site_02485,360470.0,west_train
site_02486,360470.0,west_train
site_02487,360470.0,west_train
site_02488,360470.0,west_train
site_02489,360470.0,west_train
site_02490,360470.0,west_train
site_02491,360470.0,west_train
site_02492,360470.0,west_train
site_02493,360570.0,west_train
site_02494,360570.0,west_train
site_02495,360570.0,west_train
site_02496,360570.0,west_train
site_02497,360570.0,west_train
site_02498,360570.0,west_train
site_02499,360570.0,west_train
site_02500,360570.0,west_train
site_02501,360570.0,west_train
site_02502,360570.0,west_train
site_02503,360570.0,west_train
site_02504,360570.0,west_train
site_02505,360570.0,west_train
site_02506,360570.0,west_train
site_02507,360570.0,west_train
site_02508,360570.0,west_train
site_02509,360570.0,west_train
site_02510,360570.0,west_train
site_02511,360570.0,west_train
site_02512,360570.0,west_train
site_02513,360570.0,west_train
site_02514,360570.0,west_train
site_02515,360570.0,west_train
site_02516,360570.0,west_train
site_02517,360570.0,west_train
site_02518,360570.0,west_train
site_02519,360570.0,west_train
site_02520,360570.0,west_train
site_02521,360570.0,west_train
site_02522,360570.0,west_train
site_02523,360570.0,west_train
site_02524,360570.0,west_train
site_02525,360570.0,west_train
site_02526,360570.0,west_train
site_02527,360570.0,west_train
site_02528,360570.0,west_train
site_02529,360570.0,west_train
site_02530,360570.0,west_train
site_02531,360570.0,west_train
site_02532,360570.0,west_train
site_02533,360570.0,west_train
site_02534,360570.0,west_train
site_02535,360570.0,west_train
site_02536,360570.0,west_train
site_02537,360570.0,west_train
site_02538,360570.0,west_train
site_02539,360570.0,west_train
site_02540,360570.0,west_train
site_02541,360570.0,west_train
site_02542,360570.0,west_train
site_02543,360570.0,west_train
site_02544,360570.0,west_train
site_02545,360570.0,west_train
site_02546,360570.0,west_train
site_02547,360570.0,west_train
site_02548,360570.0,west_train
site_02549,360570.0,west_train
site_02550,360570.0,west_train
site_02551,360570.0,west_train
site_02552,360570.0,west_train
site_02553,360570.0,west_train
site_02554,360570.0,west_train
site_02555,360570.0,west_train
site_02556,360670.0,west_train
site_02557,360670.0,west_train
site_02558,360670.0,west_train
site_02559,360670.0,west_train
site_02560,360670.0,west_train
site_02561,360670.0,west_train
site_02562,360670.0,west_train
site_02563,360670.0,west_train
site_02564,360670.0,west_train
site_02565,360670.0,west_train
site_02566,360670.0,west_train
site_02567,360670.0,west_train
site_02568,360670.0,west_train
site_02569,360670.0,west_train
site_02570,360670.0,west_train
site_02571,360670.0,west_train
site_02572,360670.0,west_train
site_02573,360670.0,west_train
site_02574,360670.0,west_train
site_02575,360670.0,west_train
site_02576,360670.0,west_train
site_02577,360670.0,west_train
site_02578,360670.0,west_train
site_02579,360670.0,west_train
site_02580,360670.0,west_train
site_02581,360670.0,west_train
site_02582,360670.0,west_train
site_02583,360670.0,west_train
site_02584,360670.0,west_train
site_02585,360670.0,west_train
site_02586,360670.0,west_train
site_02587,360670.0,west_train
site_02588,360670.0,west_train
site_02589,360670.0,west_train
site_02590,360670.0,west_train
site_02591,360670.0,west_train
site_02592,360670.0,west_train
site_02593,360670.0,west_train
site_02594,360670.0,west_train
site_02595,360670.0,west_train
site_02596,360670.0,west_train
site_02597,360670.0,west_train
site_02598,360670.0,west_train
site_02599,360670.0,west_train
site_02600,360670.0,west_train
site_02601,360670.0,west_train
site_02602,360670.0,west_train
site_02603,360670.0,west_train
site_02604,360670.0,west_train
site_02605,360670.0,west_train
site_02606,360670.0,west_train
site_02607,360670.0,west_train
site_02608,360670.0,west_train
site_02609,360670.0,west_train
site_02610,360670.0,west_train
site_02611,360670.0,west_train
site_02612,360670.0,west_train
site_02613,360670.0,west_train
site_02614,360670.0,west_train
site_02615,360670.0,west_train
site_02616,360770.0,west_train
site_02617,360770.0,west_train
site_02618,360770.0,west_train
site_02619,360770.0,west_train
site_02620,360770.0,west_train
site_02621,360770.0,west_train
site_02622,360770.0,west_train
site_02623,360770.0,west_train
site_02624,360770.0,west_train
site_02625,360770.0,west_train
site_02626,360770.0,west_train
site_02627,360770.0,west_train
site_02628,360770.0,west_train
site_02629,360770.0,west_train
site_02630,360770.0,west_train
site_02631,360770.0,west_train
site_02632,360770.0,west_train
site_02633,360770.0,west_train
site_02634,360770.0,west_train
site_02635,360770.0,west_train
site_02636,360770.0,west_train
site_02637,360770.0,west_train
site_02638,360770.0,west_train
site_02639,360770.0,west_train
site_02640,360770.0,west_train
site_02641,360770.0,west_train
site_02642,360770.0,west_train
site_02643,360770.0,west_train
site_02644,360770.0,west_train
site_02645,360770.0,west_train
site_02646,360770.0,west_train
site_02647,360770.0,west_train
site_02648,360770.0,west_train
site_02649,360770.0,west_train
site_02650,360770.0,west_train
site_02651,360770.0,west_train
site_02652,360770.0,west_train
site_02653,360770.0,west_train
site_02654,360770.0,west_train
site_02655,360770.0,west_train
site_02656,360770.0,west_train
site_02657,360770.0,west_train
site_02658,360770.0,west_train
site_02659,360770.0,west_train
site_02660,360770.0,west_train
site_02661,360770.0,west_train
site_02662,360770.0,west_train
site_02663,360770.0,west_train
site_02664,360770.0,west_train
site_02665,360770.0,west_train
site_02666,360770.0,west_train
site_02667,360770.0,west_train
site_02668,360770.0,west_train
site_02669,360770.0,west_train
site_02670,360770.0,west_train
site_02671,360770.0,west_train
site_02672,360770.0,west_train
site_02673,360770.0,west_train
site_02674,360870.0,west_train
site_02675,360870.0,west_train
site_02676,360870.0,west_train
site_02677,360870.0,west_train
site_02678,360870.0,west_train
site_02679,360870.0,west_train
site_02680,360870.0,west_train
site_02681,360870.0,west_train
site_02682,360870.0,west_train
site_02683,360870.0,west_train
site_02684,360870.0,west_train
site_02685,360870.0,west_train
site_02686,360870.0,west_train
site_02687,360870.0,west_train
site_02688,360870.0,west_train
site_02689,360870.0,west_train
site_02690,360870.0,west_train
site_02691,360870.0,west_train
site_02692,360870.0,west_train
site_02693,360870.0,west_train
site_02694,360870.0,west_train
site_02695,360870.0,west_train
site_02696,360870.0,west_train
site_02697,360870.0,west_train
site_02698,360870.0,west_train
site_02699,360870.0,west_train
site_02700,360870.0,west_train
site_02701,360870.0,west_train
site_02702,360870.0,west_train
site_02703,360870.0,west_train
site_02704,360870.0,west_train
site_02705,360870.0,west_train
site_02706,360870.0,west_train
site_02707,360870.0,west_train
site_02708,360870.0,west_train
site_02709,360870.0,west_train
site_02710,360870.0,west_train
site_02711,360870.0,west_train
site_02712,360870.0,west_train
site_02713,360870.0,west_train
site_02714,360870.0,west_train
site_02715,360870.0,west_train
site_02716,360870.0,west_train
site_02717,360870.0,west_train
site_02718,360870.0,west_train
site_02719,360870.0,west_train
site_02720,360870.0,west_train
site_02721,360870.0,west_train
site_02722,360870.0,west_train
site_02723,360870.0,west_train
site_02724,360870.0,west_train
site_02725,360870.0,west_train
site_02726,360870.0,west_train
site_02727,360870.0,west_train
site_02728,360870.0,west_train
site_02729,360870.0,west_train
site_02730,360870.0,west_train
site_02731,360970.0,west_train
site_02732,360970.0,west_train
site_02733,360970.0,west_train
site_02734,360970.0,west_train
site_02735,360970.0,west_train
site_02736,360970.0,west_train
site_02737,360970.0,west_train
site_02738,360970.0,west_train
site_02739,360970.0,west_train
site_02740,360970.0,west_train
site_02741,360970.0,west_train
site_02742,360970.0,west_train
site_02743,360970.0,west_train
site_02744,360970.0,west_train
site_02745,360970.0,west_train
site_02746,360970.0,west_train
site_02747,360970.0,west_train
site_02748,360970.0,west_train
site_02749,360970.0,west_train
site_02750,360970.0,west_train
site_02751,360970.0,west_train
site_02752,360970.0,west_train
site_02753,360970.0,west_train
site_02754,360970.0,west_train
site_02755,360970.0,west_train
site_02756,360970.0,west_train
site_02757,360970.0,west_train
site_02758,360970.0,west_train
site_02759,360970.0,west_train
site_02760,360970.0,west_train
site_02761,360970.0,west_train
site_02762,360970.0,west_train
site_02763,360970.0,west_train
site_02764,360970.0,west_train
site_02765,360970.0,west_train
site_02766,360970.0,west_train
site_02767,360970.0,west_train
site_02768,360970.0,west_train
site_02769,360970.0,west_train
site_02770,360970.0,west_train
site_02771,360970.0,west_train
site_02772,360970.0,west_train
site_02773,360970.0,west_train
site_02774,360970.0,west_train
site_02775,360970.0,west_train
site_02776,360970.0,west_train
site_02777,360970.0,west_train
site_02778,360970.0,west_train
site_02779,360970.0,west_train
site_02780,360970.0,west_train
site_02781,360970.0,west_train
site_02782,360970.0,west_train
site_02783,360970.0,west_train
site_02785,360970.0,west_train
site_02786,360970.0,west_train
site_02787,360970.0,west_train
site_02788,360970.0,west_train
site_02790,361070.0,west_train
site_02791,361070.0,west_train
site_02792,361070.0,west_train
site_02793,361070.0,west_train
site_02794,361070.0,west_train
site_02795,361070.0,west_train
site_02796,361070.0,west_train
site_02797,361070.0,west_train
site_02798,361070.0,west_train
site_02799,361070.0,west_train
site_02800,361070.0,west_train
site_02801,361070.0,west_train
site_02802,361070.0,west_train
site_02803,361070.0,west_train
site_02804,361070.0,west_train
site_02805,361070.0,west_train
site_02806,361070.0,west_train
site_02807,361070.0,west_train
site_02808,361070.0,west_train
site_02809,361070.0,west_train
site_02810,361070.0,west_train
site_02811,361070.0,west_train
site_02812,361070.0,west_train
site_02813,361070.0,west_train
site_02814,361070.0,west_train
site_02815,361070.0,west_train
site_02816,361070.0,west_train
site_02817,361070.0,west_train
site_02818,361070.0,west_train
site_02819,361070.0,west_train
site_02820,361070.0,west_train
site_02821,361070.0,west_train
site_02822,361070.0,west_train
site_02823,361070.0,west_train
site_02824,361070.0,west_train
site_02825,361070.0,west_train
site_02826,361070.0,west_train
site_02827,361070.0,west_train
site_02828,361070.0,west_train
site_02829,361070.0,west_train
site_02830,361070.0,west_train
site_02831,361070.0,west_train
site_02832,361070.0,west_train
site_02833,361070.0,west_train
site_02834,361070.0,west_train
site_02835,361070.0,west_train
site_02836,361070.0,west_train
site_02837,361070.0,west_train
site_02838,361070.0,west_train
site_02839,361070.0,west_train
site_02841,361070.0,west_train
site_02842,361070.0,west_train
site_02843,361070.0,west_train
site_02844,361070.0,west_train
site_02845,361070.0,west_train
site_02846,361070.0,west_train
site_02847,361170.0,west_train
site_02848,361170.0,west_train
site_02849,361170.0,west_train
site_02850,361170.0,west_train
site_02851,361170.0,west_train
site_02852,361170.0,west_train
site_02853,361170.0,west_train
site_02854,361170.0,west_train
site_02855,361170.0,west_train
site_02856,361170.0,west_train
site_02857,361170.0,west_train
site_02858,361170.0,west_train
site_02859,361170.0,west_train
site_02860,361170.0,west_train
site_02861,361170.0,west_train
site_02862,361170.0,west_train
site_02863,361170.0,west_train
site_02864,361170.0,west_train
site_02865,361170.0,west_train
site_02866,361170.0,west_train
site_02867,361170.0,west_train
site_02868,361170.0,west_train
site_02869,361170.0,west_train
site_02870,361170.0,west_train
site_02871,361170.0,west_train
site_02872,361170.0,west_train
site_02873,361170.0,west_train
site_02874,361170.0,west_train
site_02875,361170.0,west_train
site_02876,361170.0,west_train
site_02877,361170.0,west_train
site_02878,361170.0,west_train
site_02879,361170.0,west_train
site_02880,361170.0,west_train
site_02881,361170.0,west_train
site_02882,361170.0,west_train
site_02883,361170.0,west_train
site_02884,361170.0,west_train
site_02885,361170.0,west_train
site_02886,361170.0,west_train
site_02887,361170.0,west_train
site_02888,361170.0,west_train
site_02889,361170.0,west_train
site_02890,361170.0,west_train
site_02891,361170.0,west_train
site_02892,361170.0,west_train
site_02893,361170.0,west_train
site_02894,361170.0,west_train
site_02896,361170.0,west_train
site_02897,361170.0,west_train
site_02900,361170.0,west_train
site_02902,361270.0,west_train
site_02903,361270.0,west_train
site_02904,361270.0,west_train
site_02905,361270.0,west_train
site_02906,361270.0,west_train
site_02907,361270.0,west_train
site_02908,361270.0,west_train
site_02909,361270.0,west_train
site_02910,361270.0,west_train
site_02911,361270.0,west_train
site_02912,361270.0,west_train
site_02913,361270.0,west_train
site_02914,361270.0,west_train
site_02915,361270.0,west_train
site_02916,361270.0,west_train
site_02917,361270.0,west_train
site_02918,361270.0,west_train
site_02919,361270.0,west_train
site_02920,361270.0,west_train
site_02921,361270.0,west_train
site_02922,361270.0,west_train
site_02923,361270.0,west_train
site_02924,361270.0,west_train
site_02925,361270.0,west_train
site_02926,361270.0,west_train
site_02927,361270.0,west_train
site_02928,361270.0,west_train
site_02929,361270.0,west_train
site_02930,361270.0,west_train
site_02931,361270.0,west_train
site_02932,361270.0,west_train
site_02933,361270.0,west_train
site_02934,361270.0,west_train
site_02935,361270.0,west_train
site_02936,361270.0,west_train
site_02937,361270.0,west_train
site_02938,361270.0,west_train
site_02939,361270.0,west_train
site_02940,361270.0,west_train
site_02941,361270.0,west_train
site_02942,361270.0,west_train
site_02943,361270.0,west_train
site_02944,361270.0,west_train
site_02945,361270.0,west_train
site_02946,361270.0,west_train
site_02947,361270.0,west_train
site_02948,361270.0,west_train
site_02949,361270.0,west_train
site_02950,361270.0,west_train
site_02953,361270.0,west_train
site_02954,361370.0,west_train
site_02955,361370.0,west_train
site_02956,361370.0,west_train
site_02957,361370.0,west_train
site_02958,361370.0,west_train
site_02959,361370.0,west_train
site_02960,361370.0,west_train
site_02961,361370.0,west_train
site_02962,361370.0,west_train
site_02963,361370.0,west_train
site_02964,361370.0,west_train
site_02965,361370.0,west_train
site_02966,361370.0,west_train
site_02967,361370.0,west_train
site_02968,361370.0,west_train
site_02969,361370.0,west_train
site_02970,361370.0,west_train
site_02971,361370.0,west_train
site_02972,361370.0,west_train
site_02973,361370.0,west_train
site_02974,361370.0,west_train
site_02975,361370.0,west_train
site_02976,361370.0,west_train
site_02977,361370.0,west_train
site_02978,361370.0,west_train
site_02979,361370.0,west_train
site_02980,361370.0,west_train
site_02981,361370.0,west_train
site_02982,361370.0,west_train
site_02983,361370.0,west_train
site_02984,361370.0,west_train
site_02985,361370.0,west_train
site_02986,361370.0,west_train
site_02987,361370.0,west_train
site_02988,361370.0,west_train
site_02989,361370.0,west_train
site_02990,361370.0,west_train
site_02991,361370.0,west_train
site_02992,361370.0,west_train
site_02993,361370.0,west_train
site_02994,361370.0,west_train
site_02995,361370.0,west_train
site_02996,361370.0,west_train
site_02997,361370.0,west_train
site_02998,361370.0,west_train
site_02999,361370.0,west_train
site_03000,361370.0,west_train
site_03001,361370.0,west_train
site_03002,361370.0,west_train
site_03003,361370.0,west_train
site_03006,361470.0,west_train
site_03007,361470.0,west_train
site_03008,361470.0,west_train
site_03009,361470.0,west_train
site_03010,361470.0,west_train
site_03011,361470.0,west_train
site_03012,361470.0,west_train
site_03013,361470.0,west_train
site_03014,361470.0,west_train
site_03015,361470.0,west_train
site_03016,361470.0,west_train
site_03017,361470.0,west_train
site_03018,361470.0,west_train
site_03019,361470.0,west_train
site_03020,361470.0,west_train
site_03021,361470.0,west_train
site_03022,361470.0,west_train
site_03023,361470.0,west_train
site_03024,361470.0,west_train
site_03025,361470.0,west_train
site_03026,361470.0,west_train
site_03027,361470.0,west_train
site_03028,361470.0,west_train
site_03029,361470.0,west_train
site_03030,361470.0,west_train
site_03031,361470.0,west_train
site_03032,361470.0,west_train
site_03033,361470.0,west_train
site_03034,361470.0,west_train
site_03035,361470.0,west_train
site_03036,361470.0,west_train
site_03037,361470.0,west_train
site_03038,361470.0,west_train
site_03039,361470.0,west_train
site_03040,361470.0,west_train
site_03041,361470.0,west_train
site_03042,361470.0,west_train
site_03043,361470.0,west_train
site_03044,361470.0,west_train
site_03045,361470.0,west_train
site_03046,361470.0,west_train
site_03047,361470.0,west_train
site_03048,361470.0,west_train
site_03049,361470.0,west_train
site_03050,361470.0,west_train
site_03051,361470.0,west_train
site_03052,361470.0,west_train
site_03053,361470.0,west_train
site_03054,361470.0,west_train
site_03055,361470.0,west_train
site_03056,361470.0,west_train
site_03057,361570.0,west_train
site_03058,361570.0,west_train
site_03059,361570.0,west_train
site_03060,361570.0,west_train
site_03061,361570.0,west_train
site_03062,361570.0,west_train
site_03063,361570.0,west_train
site_03064,361570.0,west_train
site_03065,361570.0,west_train
site_03066,361570.0,west_train
site_03067,361570.0,west_train
site_03068,361570.0,west_train
site_03069,361570.0,west_train
site_03070,361570.0,west_train
site_03071,361570.0,west_train
site_03072,361570.0,west_train
site_03073,361570.0,west_train
site_03074,361570.0,west_train
site_03075,361570.0,west_train
site_03076,361570.0,west_train
site_03077,361570.0,west_train
site_03078,361570.0,west_train
site_03079,361570.0,west_train
site_03080,361570.0,west_train
site_03081,361570.0,west_train
site_03082,361570.0,west_train
site_03083,361570.0,west_train
site_03084,361570.0,west_train
site_03085,361570.0,west_train
site_03086,361570.0,west_train
site_03087,361570.0,west_train
site_03088,361570.0,west_train
site_03089,361570.0,west_train
site_03090,361570.0,west_train
site_03091,361570.0,west_train
site_03092,361570.0,west_train
site_03093,361570.0,west_train
site_03094,361570.0,west_train
site_03095,361570.0,west_train
site_03096,361570.0,west_train
site_03097,361570.0,west_train
site_03098,361570.0,west_train
site_03099,361570.0,west_train
site_03100,361570.0,west_train
site_03101,361570.0,west_train
site_03102,361570.0,west_train
site_03103,361570.0,west_train
site_03106,361670.0,west_train
site_03107,361670.0,west_train
site_03108,361670.0,west_train
site_03109,361670.0,west_train
site_03110,361670.0,west_train
site_03111,361670.0,west_train
site_03112,361670.0,west_train
site_03114,361670.0,west_train
site_03115,361670.0,west_train
site_03116,361670.0,west_train
site_03117,361670.0,west_train
site_03118,361670.0,west_train
site_03119,361670.0,west_train
site_03120,361670.0,west_train
site_03121,361670.0,west_train
site_03122,361670.0,west_train
site_03123,361670.0,west_train
site_03124,361670.0,west_train
site_03125,361670.0,west_train
site_03126,361670.0,west_train
site_03127,361670.0,west_train
site_03128,361670.0,west_train
site_03129,361670.0,west_train
site_03130,361670.0,west_train
site_03131,361670.0,west_train
site_03132,361670.0,west_train
site_03133,361670.0,west_train
site_03134,361670.0,west_train
site_03135,361670.0,west_train
site_03136,361670.0,west_train
site_03137,361670.0,west_train
site_03138,361670.0,west_train
site_03139,361670.0,west_train
site_03140,361670.0,west_train
site_03141,361670.0,west_train
site_03142,361670.0,west_train
site_03143,361670.0,west_train
site_03144,361670.0,west_train
site_03145,361670.0,west_train
site_03146,361670.0,west_train
site_03147,361670.0,west_train
site_03148,361670.0,west_train
site_03149,361670.0,west_train
site_03150,361670.0,west_train
site_03151,361670.0,west_train
site_03152,361670.0,west_train
site_03153,361670.0,west_train
site_03154,361670.0,west_train
site_03155,361670.0,west_train
site_03156,361670.0,west_train
site_03157,361670.0,west_train
site_03158,361670.0,west_train
site_03159,361670.0,west_train
site_03160,361670.0,west_train
site_03162,361770.0,west_train
site_03163,361770.0,west_train
site_03164,361770.0,west_train
site_03165,361770.0,west_train
site_03166,361770.0,west_train
site_03167,361770.0,west_train
site_03168,361770.0,west_train
site_03169,361770.0,west_train
site_03170,361770.0,west_train
site_03171,361770.0,west_train
site_03172,361770.0,west_train
site_03173,361770.0,west_train
site_03174,361770.0,west_train
site_03175,361770.0,west_train
site_03176,361770.0,west_train
site_03177,361770.0,west_train
site_03178,361770.0,west_train
site_03179,361770.0,west_train
site_03180,361770.0,west_train
site_03181,361770.0,west_train
site_03182,361770.0,west_train
site_03183,361770.0,west_train
site_03184,361770.0,west_train
site_03185,361770.0,west_train
site_03186,361770.0,west_train
site_03187,361770.0,west_train
site_03188,361770.0,west_train
site_03189,361770.0,west_train
site_03190,361770.0,west_train
site_03191,361770.0,west_train
site_03192,361770.0,west_train
site_03193,361770.0,west_train
site_03194,361770.0,west_train
site_03195,361770.0,west_train
site_03196,361770.0,west_train
site_03197,361770.0,west_train
site_03198,361770.0,west_train
site_03199,361770.0,west_train
site_03200,361770.0,west_train
site_03201,361770.0,west_train
site_03202,361770.0,west_train
site_03203,361770.0,west_train
site_03204,361770.0,west_train
site_03205,361770.0,west_train
site_03206,361770.0,west_train
site_03207,361770.0,west_train
site_03208,361770.0,west_train
site_03209,361770.0,west_train
site_03210,361770.0,west_train
site_03211,361770.0,west_train
site_03212,361770.0,west_train
site_03213,361770.0,west_train
site_03214,361770.0,west_train
site_03215,361770.0,west_train
site_03216,361770.0,west_train
site_03217,361770.0,west_train
site_03218,361770.0,west_train
site_03219,361770.0,west_train
site_03220,361770.0,west_train
site_03221,361770.0,west_train
site_03224,361870.0,west_train
site_03225,361870.0,west_train
site_03226,361870.0,west_train
site_03227,361870.0,west_train
site_03228,361870.0,west_train
site_03229,361870.0,west_train
site_03230,361870.0,west_train
site_03231,361870.0,west_train
site_03232,361870.0,west_train
site_03233,361870.0,west_train
site_03234,361870.0,west_train
site_03235,361870.0,west_train
site_03236,361870.0,west_train
site_03237,361870.0,west_train
site_03238,361870.0,west_train
site_03239,361870.0,west_train
site_03240,361870.0,west_train
site_03241,361870.0,west_train
site_03242,361870.0,west_train
site_03243,361870.0,west_train
site_03244,361870.0,west_train
site_03245,361870.0,west_train
site_03246,361870.0,west_train
site_03247,361870.0,west_train
site_03248,361870.0,west_train
site_03249,361870.0,west_train
site_03250,361870.0,west_train
site_03251,361870.0,west_train
site_03252,361870.0,west_train
site_03253,361870.0,west_train
site_03254,361870.0,west_train
site_03255,361870.0,west_train
site_03256,361870.0,west_train
site_03257,361870.0,west_train
site_03258,361870.0,west_train
site_03259,361870.0,west_train
site_03260,361870.0,west_train
site_03261,361870.0,west_train
site_03262,361870.0,west_train
site_03263,361870.0,west_train
site_03264,361870.0,west_train
site_03265,361870.0,west_train
site_03266,361870.0,west_train
site_03267,361870.0,west_train
site_03268,361870.0,west_train
site_03269,361870.0,west_train
site_03270,361870.0,west_train
site_03271,361870.0,west_train
site_03272,361870.0,west_train
site_03273,361870.0,west_train
site_03274,361870.0,west_train
site_03275,361870.0,west_train
site_03276,361870.0,west_train
site_03277,361870.0,west_train
site_03278,361870.0,west_train
site_03279,361870.0,west_train
site_03280,361870.0,west_train
site_03281,361870.0,west_train
site_03282,361870.0,west_train
site_03283,361970.0,west_train
site_03284,361970.0,west_train
site_03285,361970.0,west_train
site_03286,361970.0,west_train
site_03287,361970.0,west_train
site_03288,361970.0,west_train
site_03289,361970.0,west_train
site_03290,361970.0,west_train
site_03291,361970.0,west_train
site_03292,361970.0,west_train
site_03293,361970.0,west_train
site_03294,361970.0,west_train
site_03295,361970.0,west_train
site_03296,361970.0,west_train
site_03297,361970.0,west_train
site_03298,361970.0,west_train
site_03299,361970.0,west_train
site_03300,361970.0,west_train
site_03301,361970.0,west_train
site_03302,361970.0,west_train
site_03303,361970.0,west_train
site_03304,361970.0,west_train
site_03305,361970.0,west_train
site_03306,361970.0,west_train
site_03307,361970.0,west_train
site_03308,361970.0,west_train
site_03309,361970.0,west_train
site_03310,361970.0,west_train
site_03311,361970.0,west_train
site_03312,361970.0,west_train
site_03313,361970.0,west_train
site_03314,361970.0,west_train
site_03315,361970.0,west_train
site_03316,361970.0,west_train
site_03317,361970.0,west_train
site_03318,361970.0,west_train
site_03319,361970.0,west_train
site_03320,361970.0,west_train
site_03321,361970.0,west_train
site_03322,361970.0,west_train
site_03323,361970.0,west_train
site_03324,361970.0,west_train
site_03325,361970.0,west_train
site_03326,361970.0,west_train
site_03327,361970.0,west_train
site_03328,361970.0,west_train
site_03329,361970.0,west_train
site_03330,361970.0,west_train
site_03331,361970.0,west_train
site_03332,361970.0,west_train
site_03333,361970.0,west_train
site_03334,361970.0,west_train
site_03335,361970.0,west_train
site_03336,361970.0,west_train
site_03337,361970.0,west_train
site_03338,361970.0,west_train
site_03339,361970.0,west_train
site_03340,361970.0,west_train
site_03341,361970.0,west_train
site_03342,361970.0,west_train
site_03343,361970.0,west_train
site_03344,361970.0,west_train
site_03345,361970.0,west_train
site_03346,361970.0,west_train
site_03348,362070.0,west_train
site_03349,362070.0,west_train
site_03350,362070.0,west_train
site_03351,362070.0,west_train
site_03352,362070.0,west_train
site_03353,362070.0,west_train
site_03354,362070.0,west_train
site_03355,362070.0,west_train
site_03356,362070.0,west_train
site_03357,362070.0,west_train
site_03358,362070.0,west_train
site_03359,362070.0,west_train
site_03360,362070.0,west_train
site_03361,362070.0,west_train
site_03362,362070.0,west_train
site_03363,362070.0,west_train
site_03364,362070.0,west_train
site_03365,362070.0,west_train
site_03366,362070.0,west_train
site_03367,362070.0,west_train
site_03368,362070.0,west_train
site_03369,362070.0,west_train
site_03370,362070.0,west_train
site_03371,362070.0,west_train
site_03372,362070.0,west_train
site_03373,362070.0,west_train
site_03374,362070.0,west_train
site_03375,362070.0,west_train
site_03376,362070.0,west_train
site_03377,362070.0,west_train
site_03378,362070.0,west_train
site_03379,362070.0,west_train
site_03380,362070.0,west_train
site_03381,362070.0,west_train
site_03382,362070.0,west_train
site_03383,362070.0,west_train
site_03384,362070.0,west_train
site_03385,362070.0,west_train
site_03386,362070.0,west_train
site_03387,362070.0,west_train
site_03388,362070.0,west_train
site_03389,362070.0,west_train
site_03390,362070.0,west_train
site_03391,362070.0,west_train
site_03392,362070.0,west_train
site_03393,362070.0,west_train
site_03394,362070.0,west_train
site_03395,362070.0,west_train
site_03396,362070.0,west_train
site_03397,362070.0,west_train
site_03398,362070.0,west_train
site_03399,362070.0,west_train
site_03400,362070.0,west_train
site_03401,362070.0,west_train
site_03402,362070.0,west_train
site_03403,362070.0,west_train
site_03404,362070.0,west_train
site_03405,362070.0,west_train
site_03406,362070.0,west_train
site_03407,362070.0,west_train
site_03408,362070.0,west_train
site_03409,362070.0,west_train
site_03410,362070.0,west_train
site_03411,362070.0,west_train
site_03412,362070.0,west_train
site_03413,362170.0,west_train
site_03414,362170.0,west_train
site_03415,362170.0,west_train
site_03416,362170.0,west_train
site_03417,362170.0,west_train
site_03418,362170.0,west_train
site_03419,362170.0,west_train
site_03420,362170.0,west_train
site_03421,362170.0,west_train
site_03422,362170.0,west_train
site_03423,362170.0,west_train
site_03424,362170.0,west_train
site_03425,362170.0,west_train
site_03426,362170.0,west_train
site_03427,362170.0,west_train
site_03428,362170.0,west_train
site_03429,362170.0,west_train
site_03430,362170.0,west_train
site_03431,362170.0,west_train
site_03432,362170.0,west_train
site_03433,362170.0,west_train
site_03434,362170.0,west_train
site_03435,362170.0,west_train
site_03436,362170.0,west_train
site_03437,362170.0,west_train
site_03438,362170.0,west_train
site_03439,362170.0,west_train
site_03440,362170.0,west_train
site_03441,362170.0,west_train
site_03442,362170.0,west_train
site_03443,362170.0,west_train
site_03444,362170.0,west_train
site_03445,362170.0,west_train
site_03446,362170.0,west_train
site_03447,362170.0,west_train
site_03448,362170.0,west_train
site_03449,362170.0,west_train
site_03450,362170.0,west_train
site_03451,362170.0,west_train
site_03452,362170.0,west_train
site_03453,362170.0,west_train
site_03454,362170.0,west_train
site_03455,362170.0,west_train
site_03456,362170.0,west_train
site_03457,362170.0,west_train
site_03458,362170.0,west_train
site_03459,362170.0,west_train
site_03460,362170.0,west_train
site_03461,362170.0,west_train
site_03462,362170.0,west_train
site_03463,362170.0,west_train
site_03464,362170.0,west_train
site_03465,362170.0,west_train
site_03466,362170.0,west_train
site_03467,362170.0,west_train
site_03468,362170.0,west_train
site_03469,362170.0,west_train
site_03470,362170.0,west_train
site_03471,362170.0,west_train
site_03472,362170.0,west_train
site_03473,362170.0,west_train
site_03474,362170.0,west_train
site_03475,362170.0,west_train
site_03476,362170.0,west_train
site_03477,362170.0,west_train
site_03478,362170.0,west_train
site_03479,362170.0,west_train
site_03480,362170.0,west_train
site_03482,362270.0,west_train
site_03483,362270.0,west_train
site_03484,362270.0,west_train
site_03485,362270.0,west_train
site_03486,362270.0,west_train
site_03487,362270.0,west_train
site_03488,362270.0,west_train
site_03489,362270.0,west_train
site_03490,362270.0,west_train
site_03491,362270.0,west_train
site_03492,362270.0,west_train
site_03493,362270.0,west_train
site_03494,362270.0,west_train
site_03495,362270.0,west_train
site_03496,362270.0,west_train
site_03497,362270.0,west_train
site_03498,362270.0,west_train
site_03499,362270.0,west_train
site_03500,362270.0,west_train
site_03501,362270.0,west_train
site_03502,362270.0,west_train
site_03503,362270.0,west_train
site_03504,362270.0,west_train
site_03505,362270.0,west_train
site_03506,362270.0,west_train
site_03507,362270.0,west_train
site_03508,362270.0,west_train
site_03509,362270.0,west_train
site_03510,362270.0,west_train
site_03511,362270.0,west_train
site_03512,362270.0,west_train
site_03513,362270.0,west_train
site_03514,362270.0,west_train
site_03515,362270.0,west_train
site_03516,362270.0,west_train
site_03517,362270.0,west_train
site_03518,362270.0,west_train
site_03519,362270.0,west_train
site_03520,362270.0,west_train
site_03521,362270.0,west_train
site_03522,362270.0,west_train
site_03523,362270.0,west_train
site_03524,362270.0,west_train
site_03525,362270.0,west_train
site_03526,362270.0,west_train
site_03527,362270.0,west_train
site_03528,362270.0,west_train
site_03529,362270.0,west_train
site_03530,362270.0,west_train
site_03531,362270.0,west_train
site_03532,362270.0,west_train
site_03533,362270.0,west_train
site_03534,362270.0,west_train
site_03535,362270.0,west_train
site_03536,362270.0,west_train
site_03537,362270.0,west_train
site_03538,362270.0,west_train
site_03539,362270.0,west_train
site_03540,362270.0,west_train
site_03541,362270.0,west_train
site_03542,362270.0,west_train
site_03543,362270.0,west_train
site_03546,362270.0,west_train
site_03547,362270.0,west_train
site_03548,362270.0,west_train
site_03549,362270.0,west_train
site_03551,362270.0,west_train
site_03552,362270.0,west_train
site_03553,362370.0,west_train
site_03554,362370.0,west_train
site_03555,362370.0,west_train
site_03556,362370.0,west_train
site_03557,362370.0,west_train
site_03558,362370.0,west_train
site_03559,362370.0,west_train
site_03560,362370.0,west_train
site_03561,362370.0,west_train
site_03562,362370.0,west_train
site_03563,362370.0,west_train
site_03564,362370.0,west_train
site_03565,362370.0,west_train
site_03566,362370.0,west_train
site_03567,362370.0,west_train
site_03568,362370.0,west_train
site_03569,362370.0,west_train
site_03570,362370.0,west_train
site_03571,362370.0,west_train
site_03572,362370.0,west_train
site_03573,362370.0,west_train
site_03574,362370.0,west_train
site_03575,362370.0,west_train
site_03576,362370.0,west_train
site_03577,362370.0,west_train
site_03578,362370.0,west_train
site_03579,362370.0,west_train
site_03580,362370.0,west_train
site_03581,362370.0,west_train
site_03582,362370.0,west_train
site_03583,362370.0,west_train
site_03584,362370.0,west_train
site_03585,362370.0,west_train
site_03586,362370.0,west_train
site_03587,362370.0,west_train
site_03588,362370.0,west_train
site_03589,362370.0,west_train
site_03590,362370.0,west_train
site_03591,362370.0,west_train
site_03592,362370.0,west_train
site_03593,362370.0,west_train
site_03595,362370.0,west_train
site_03596,362370.0,west_train
site_03597,362370.0,west_train
site_03598,362370.0,west_train
site_03599,362370.0,west_train
site_03600,362370.0,west_train
site_03601,362370.0,west_train
site_03602,362370.0,west_train
site_03603,362370.0,west_train
site_03604,362370.0,west_train
site_03605,362370.0,west_train
site_03606,362370.0,west_train
site_03607,362370.0,west_train
site_03608,362370.0,west_train
site_03609,362370.0,west_train
site_03610,362370.0,west_train
site_03611,362370.0,west_train
site_03612,362370.0,west_train
site_03613,362370.0,west_train
site_03614,362370.0,west_train
site_03615,362370.0,west_train
site_03616,362370.0,west_train
site_03617,362370.0,west_train
site_03618,362370.0,west_train
site_03620,362370.0,west_train
site_03622,362370.0,west_train
site_03623,362370.0,west_train
site_03624,362470.0,west_train
site_03625,362470.0,west_train
site_03626,362470.0,west_train
site_03627,362470.0,west_train
site_03628,362470.0,west_train
site_03629,362470.0,west_train
site_03630,362470.0,west_train
site_03631,362470.0,west_train
site_03632,362470.0,west_train
site_03633,362470.0,west_train
site_03634,362470.0,west_train
site_03635,362470.0,west_train
site_03636,362470.0,west_train
site_03637,362470.0,west_train
site_03638,362470.0,west_train
site_03639,362470.0,west_train
site_03640,362470.0,west_train
site_03641,362470.0,west_train
site_03642,362470.0,west_train
site_03643,362470.0,west_train
site_03644,362470.0,west_train
site_03645,362470.0,west_train
site_03646,362470.0,west_train
site_03647,362470.0,west_train
site_03648,362470.0,west_train
site_03649,362470.0,west_train
site_03650,362470.0,west_train
site_03651,362470.0,west_train
site_03652,362470.0,west_train
site_03653,362470.0,west_train
site_03654,362470.0,west_train
site_03655,362470.0,west_train
site_03656,362470.0,west_train
site_03657,362470.0,west_train
site_03658,362470.0,west_train
site_03659,362470.0,west_train
site_03660,362470.0,west_train
site_03661,362470.0,west_train
site_03662,362470.0,west_train
site_03663,362470.0,west_train
site_03664,362470.0,west_train
site_03665,362470.0,west_train
site_03666,362470.0,west_train
site_03667,362470.0,west_train
site_03669,362470.0,west_train
site_03670,362470.0,west_train
site_03671,362470.0,west_train
site_03672,362470.0,west_train
site_03673,362470.0,west_train
site_03674,362470.0,west_train
site_03675,362470.0,west_train
site_03676,362470.0,west_train
site_03677,362470.0,west_train
site_03678,362470.0,west_train
site_03679,362470.0,west_train
site_03680,362470.0,west_train
site_03681,362470.0,west_train
site_03682,362470.0,west_train
site_03683,362470.0,west_train
site_03684,362470.0,west_train
site_03685,362470.0,west_train
site_03686,362470.0,west_train
site_03687,362470.0,west_train
site_03688,362470.0,west_train
site_03689,362470.0,west_train
site_03692,362570.0,west_train
site_03693,362570.0,west_train
site_03694,362570.0,west_train
site_03695,362570.0,west_train
site_03696,362570.0,west_train
site_03697,362570.0,west_train
site_03698,362570.0,west_train
site_03699,362570.0,west_train
site_03700,362570.0,west_train
site_03701,362570.0,west_train
site_03702,362570.0,west_train
site_03703,362570.0,west_train
site_03704,362570.0,west_train
site_03705,362570.0,west_train
site_03706,362570.0,west_train
site_03707,362570.0,west_train
site_03708,362570.0,west_train
site_03709,362570.0,west_train
site_03710,362570.0,west_train
site_03711,362570.0,west_train
site_03712,362570.0,west_train
site_03713,362570.0,west_train
site_03714,362570.0,west_train
site_03715,362570.0,west_train
site_03716,362570.0,west_train
site_03717,362570.0,west_train
site_03718,362570.0,west_train
site_03719,362570.0,west_train
site_03720,362570.0,west_train
site_03721,362570.0,west_train
site_03722,362570.0,west_train
site_03723,362570.0,west_train
site_03724,362570.0,west_train
site_03725,362570.0,west_train
site_03726,362570.0,west_train
site_03727,362570.0,west_train
site_03728,362570.0,west_train
site_03729,362570.0,west_train
site_03730,362570.0,west_train
site_03731,362570.0,west_train
site_03732,362570.0,west_train
site_03733,362570.0,west_train
site_03734,362570.0,west_train
site_03735,362570.0,west_train
site_03736,362570.0,west_train
site_03737,362570.0,west_train
site_03738,362570.0,west_train
site_03741,362570.0,west_train
site_03742,362570.0,west_train
site_03743,362570.0,west_train
site_03744,362570.0,west_train
site_03745,362570.0,west_train
site_03746,362570.0,west_train
site_03747,362570.0,west_train
site_03748,362570.0,west_train
site_03749,362570.0,west_train
site_03750,362570.0,west_train
site_03751,362570.0,west_train
site_03752,362570.0,west_train
site_03753,362570.0,west_train
site_03754,362570.0,west_train
site_03755,362570.0,west_train
site_03756,362570.0,west_train
site_03757,362570.0,west_train
site_03758,362570.0,west_train
site_03759,362670.0,west_train
site_03760,362670.0,west_train
site_03761,362670.0,west_train
site_03762,362670.0,west_train
site_03763,362670.0,west_train
site_03764,362670.0,west_train
site_03765,362670.0,west_train
site_03766,362670.0,west_train
site_03767,362670.0,west_train
site_03768,362670.0,west_train
site_03769,362670.0,west_train
site_03770,362670.0,west_train
site_03771,362670.0,west_train
site_03772,362670.0,west_train
site_03773,362670.0,west_train
site_03774,362670.0,west_train
site_03775,362670.0,west_train
site_03776,362670.0,west_train
site_03777,362670.0,west_train
site_03778,362670.0,west_train
site_03779,362670.0,west_train
site_03780,362670.0,west_train
site_03781,362670.0,west_train
site_03782,362670.0,west_train
site_03783,362670.0,west_train
site_03784,362670.0,west_train
site_03785,362670.0,west_train
site_03786,362670.0,west_train
site_03787,362670.0,west_train
site_03788,362670.0,west_train
site_03789,362670.0,west_train
site_03790,362670.0,west_train
site_03791,362670.0,west_train
site_03792,362670.0,west_train
site_03793,362670.0,west_train
site_03794,362670.0,west_train
site_03795,362670.0,west_train
site_03796,362670.0,west_train
site_03797,362670.0,west_train
site_03798,362670.0,west_train
site_03799,362670.0,west_train
site_03800,362670.0,west_train
site_03801,362670.0,west_train
site_03802,362670.0,west_train
site_03803,362670.0,west_train
site_03804,362670.0,west_train
site_03805,362670.0,west_train
site_03807,362670.0,west_train
site_03808,362670.0,west_train
site_03809,362670.0,west_train
site_03810,362670.0,west_train
site_03811,362670.0,west_train
site_03812,362670.0,west_train
site_03813,362670.0,west_train
site_03814,362670.0,west_train
site_03815,362670.0,west_train
site_03816,362670.0,west_train
site_03817,362670.0,west_train
site_03818,362670.0,west_train
site_03819,362670.0,west_train
site_03820,362670.0,west_train
site_03821,362670.0,west_train
site_03822,362670.0,west_train
site_03823,362670.0,west_train
site_03824,362670.0,west_train
site_03826,362670.0,west_train
site_03827,362770.0,west_train
site_03828,362770.0,west_train
site_03829,362770.0,west_train
site_03830,362770.0,west_train
site_03831,362770.0,west_train
site_03832,362770.0,west_train
site_03833,362770.0,west_train
site_03834,362770.0,west_train
site_03835,362770.0,west_train
site_03836,362770.0,west_train
site_03837,362770.0,west_train
site_03838,362770.0,west_train
site_03839,362770.0,west_train
site_03840,362770.0,west_train
site_03841,362770.0,west_train
site_03842,362770.0,west_train
site_03843,362770.0,west_train
site_03844,362770.0,west_train
site_03845,362770.0,west_train
site_03846,362770.0,west_train
site_03847,362770.0,west_train
site_03848,362770.0,west_train
site_03849,362770.0,west_train
site_03850,362770.0,west_train
site_03851,362770.0,west_train
site_03852,362770.0,west_train
site_03853,362770.0,west_train
site_03854,362770.0,west_train
site_03855,362770.0,west_train
site_03856,362770.0,west_train
site_03857,362770.0,west_train
site_03858,362770.0,west_train
site_03859,362770.0,west_train
site_03860,362770.0,west_train
site_03861,362770.0,west_train
site_03862,362770.0,west_train
site_03863,362770.0,west_train
site_03864,362770.0,west_train
site_03865,362770.0,west_train
site_03866,362770.0,west_train
site_03867,362770.0,west_train
site_03868,362770.0,west_train
site_03869,362770.0,west_train
site_03870,362770.0,west_train
site_03871,362770.0,west_train
site_03872,362770.0,west_train
site_03873,362770.0,west_train
site_03874,362770.0,west_train
site_03875,362770.0,west_train
site_03876,362770.0,west_train
site_03877,362770.0,west_train
site_03878,362770.0,west_train
site_03879,362770.0,west_train
site_03880,362770.0,west_train
site_03881,362770.0,west_train
site_03882,362770.0,west_train
site_03883,362770.0,west_train
site_03884,362770.0,west_train
site_03885,362770.0,west_train
site_03886,362770.0,west_train
site_03887,362770.0,west_train
site_03888,362770.0,west_train
site_03889,362770.0,west_train
site_03890,362770.0,west_train
site_03891,362770.0,west_train
site_03892,362870.0,west_train
site_03893,362870.0,west_train
site_03894,362870.0,west_train
site_03895,362870.0,west_train
site_03896,362870.0,west_train
site_03897,362870.0,west_train
site_03898,362870.0,west_train
site_03899,362870.0,west_train
site_03900,362870.0,west_train
site_03901,362870.0,west_train
site_03902,362870.0,west_train
site_03903,362870.0,west_train
site_03904,362870.0,west_train
site_03905,362870.0,west_train
site_03906,362870.0,west_train
site_03907,362870.0,west_train
site_03908,362870.0,west_train
site_03909,362870.0,west_train
site_03910,362870.0,west_train
site_03911,362870.0,west_train
site_03912,362870.0,west_train
site_03913,362870.0,west_train
site_03914,362870.0,west_train
site_03915,362870.0,west_train
site_03916,362870.0,west_train
site_03917,362870.0,west_train
site_03918,362870.0,west_train
site_03919,362870.0,west_train
site_03920,362870.0,west_train
site_03921,362870.0,west_train
site_03922,362870.0,west_train
site_03923,362870.0,west_train
site_03924,362870.0,west_train
site_03925,362870.0,west_train
site_03926,362870.0,west_train
site_03927,362870.0,west_train
site_03928,362870.0,west_train
site_03929,362870.0,west_train
site_03930,362870.0,west_train
site_03931,362870.0,west_train
site_03932,362870.0,west_train
site_03933,362870.0,west_train
site_03934,362870.0,west_train
site_03935,362870.0,west_train
site_03936,362870.0,west_train
site_03937,362870.0,west_train
site_03940,362870.0,west_train
site_03942,362870.0,west_train
site_03943,362870.0,west_train
site_03944,362870.0,west_train
site_03945,362870.0,west_train
site_03946,362870.0,west_train
site_03947,362870.0,west_train
site_03948,362870.0,west_train
site_03949,362870.0,west_train
site_03950,362870.0,west_train
site_03951,362870.0,west_train
site_03952,362870.0,west_train
site_03953,362870.0,west_train
site_03954,362870.0,west_train
site_03955,362870.0,west_train
site_03956,362870.0,west_train
site_03958,362970.0,west_train
site_03959,362970.0,west_train
site_03960,362970.0,west_train
site_03961,362970.0,west_train
site_03962,362970.0,west_train
site_03963,362970.0,west_train
site_03964,362970.0,west_train
site_03965,362970.0,west_train
site_03966,362970.0,west_train
site_03967,362970.0,west_train
site_03968,362970.0,west_train
site_03969,362970.0,west_train
site_03970,362970.0,west_train
site_03971,362970.0,west_train
site_03972,362970.0,west_train
site_03973,362970.0,west_train
site_03974,362970.0,west_train
site_03975,362970.0,west_train
site_03976,362970.0,west_train
site_03977,362970.0,west_train
site_03978,362970.0,west_train
site_03979,362970.0,west_train
site_03980,362970.0,west_train
site_03981,362970.0,west_train
site_03982,362970.0,west_train
site_03983,362970.0,west_train
site_03984,362970.0,west_train
site_03985,362970.0,west_train
site_03986,362970.0,west_train
site_03987,362970.0,west_train
site_03988,362970.0,west_train
site_03989,362970.0,west_train
site_03990,362970.0,west_train
site_03991,362970.0,west_train
site_03992,362970.0,west_train
site_03993,362970.0,west_train
site_03994,362970.0,west_train
site_03995,362970.0,west_train
site_03996,362970.0,west_train
site_03997,362970.0,west_train
site_03999,362970.0,west_train
site_04000,362970.0,west_train
site_04001,362970.0,west_train
site_04002,362970.0,west_train
site_04003,362970.0,west_train
site_04006,362970.0,west_train
site_04007,362970.0,west_train
site_04008,362970.0,west_train
site_04009,362970.0,west_train
site_04010,362970.0,west_train
site_04011,362970.0,west_train
site_04012,362970.0,west_train
site_04013,362970.0,west_train
site_04014,362970.0,west_train
site_04015,362970.0,west_train
site_04016,362970.0,west_train
site_04017,362970.0,west_train
site_04018,362970.0,west_train
site_04019,362970.0,west_train
site_04020,362970.0,west_train
site_04021,362970.0,west_train
site_04022,362970.0,west_train
site_04023,362970.0,west_train
site_04024,363070.0,west_train
site_04025,363070.0,west_train
site_04026,363070.0,west_train
site_04027,363070.0,west_train
site_04028,363070.0,west_train
site_04029,363070.0,west_train
site_04030,363070.0,west_train
site_04031,363070.0,west_train
site_04032,363070.0,west_train
site_04033,363070.0,west_train
site_04034,363070.0,west_train
site_04035,363070.0,west_train
site_04036,363070.0,west_train
site_04037,363070.0,west_train
site_04038,363070.0,west_train
site_04039,363070.0,west_train
site_04040,363070.0,west_train
site_04041,363070.0,west_train
site_04042,363070.0,west_train
site_04043,363070.0,west_train
site_04044,363070.0,west_train
site_04045,363070.0,west_train
site_04046,363070.0,west_train
site_04047,363070.0,west_train
site_04048,363070.0,west_train
site_04049,363070.0,west_train
site_04050,363070.0,west_train
site_04051,363070.0,west_train
site_04052,363070.0,west_train
site_04053,363070.0,west_train
site_04054,363070.0,west_train
site_04055,363070.0,west_train
site_04056,363070.0,west_train
site_04057,363070.0,west_train
site_04058,363070.0,west_train
site_04059,363070.0,west_train
site_04060,363070.0,west_train
site_04061,363070.0,west_train
site_04063,363070.0,west_train
site_04064,363070.0,west_train
site_04065,363070.0,west_train
site_04066,363070.0,west_train
site_04067,363070.0,west_train
site_04068,363070.0,west_train
site_04069,363070.0,west_train
site_04070,363070.0,west_train
site_04071,363070.0,west_train
site_04072,363070.0,west_train
site_04073,363070.0,west_train
site_04074,363070.0,west_train
site_04075,363070.0,west_train
site_04076,363070.0,west_train
site_04077,363070.0,west_train
site_04078,363070.0,west_train
site_04079,363070.0,west_train
site_04080,363070.0,west_train
site_04081,363170.0,west_train
site_04082,363170.0,west_train
site_04083,363170.0,west_train
site_04084,363170.0,west_train
site_04085,363170.0,west_train
site_04086,363170.0,west_train
site_04087,363170.0,west_train
site_04088,363170.0,west_train
site_04089,363170.0,west_train
site_04090,363170.0,west_train
site_04091,363170.0,west_train
site_04092,363170.0,west_train
site_04093,363170.0,west_train
site_04094,363170.0,west_train
site_04095,363170.0,west_train
site_04096,363170.0,west_train
site_04097,363170.0,west_train
site_04098,363170.0,west_train
site_04099,363170.0,west_train
site_04100,363170.0,west_train
site_04101,363170.0,west_train
site_04102,363170.0,west_train
site_04103,363170.0,west_train
site_04104,363170.0,west_train
site_04105,363170.0,west_train
site_04106,363170.0,west_train
site_04107,363170.0,west_train
site_04108,363170.0,west_train
site_04109,363170.0,west_train
site_04110,363170.0,west_train
site_04111,363170.0,west_train
site_04112,363170.0,west_train
site_04113,363170.0,west_train
site_04114,363170.0,west_train
site_04115,363170.0,west_train
site_04116,363170.0,west_train
site_04117,363170.0,west_train
site_04118,363170.0,west_train
site_04120,363170.0,west_train
site_04123,363170.0,west_train
site_04124,363170.0,west_train
site_04125,363170.0,west_train
site_04126,363170.0,west_train
site_04127,363170.0,west_train
site_04128,363170.0,west_train
site_04129,363170.0,west_train
site_04130,363170.0,west_train
site_04131,363170.0,west_train
site_04132,363170.0,west_train
site_04133,363170.0,west_train
site_04134,363170.0,west_train
site_04135,363170.0,west_train
site_04136,363170.0,west_train
site_04137,363170.0,west_train
site_04138,363170.0,west_train
site_04139,363170.0,west_train
site_04140,363170.0,west_train
site_04141,363270.0,west_train
site_04142,363270.0,west_train
site_04143,363270.0,west_train
site_04144,363270.0,west_train
site_04145,363270.0,west_train
site_04146,363270.0,west_train
site_04147,363270.0,west_train
site_04148,363270.0,west_train
site_04149,363270.0,west_train
site_04150,363270.0,west_train
site_04151,363270.0,west_train
site_04152,363270.0,west_train
site_04153,363270.0,west_train
site_04154,363270.0,west_train
site_04155,363270.0,west_train
site_04156,363270.0,west_train
site_04157,363270.0,west_train
site_04158,363270.0,west_train
site_04159,363270.0,west_train
site_04160,363270.0,west_train
site_04161,363270.0,west_train
site_04162,363270.0,west_train
site_04163,363270.0,west_train
site_04164,363270.0,west_train
site_04165,363270.0,west_train
site_04166,363270.0,west_train
site_04167,363270.0,west_train
site_04168,363270.0,west_train
site_04170,363270.0,west_train
site_04171,363270.0,west_train
site_04172,363270.0,west_train
site_04173,363270.0,west_train
site_04174,363270.0,west_train
site_04175,363270.0,west_train
site_04176,363270.0,west_train
site_04178,363270.0,west_train
site_04179,363270.0,west_train
site_04180,363270.0,west_train
site_04185,363270.0,west_train
site_04186,363270.0,west_train
site_04187,363270.0,west_train
site_04188,363270.0,west_train
site_04189,363270.0,west_train
site_04190,363270.0,west_train
site_04191,363270.0,west_train
site_04192,363270.0,west_train
site_04193,363270.0,west_train
site_04194,363270.0,west_train
site_04195,363270.0,west_train
site_04196,363270.0,west_train
site_04197,363270.0,west_train
site_04198,363270.0,west_train
site_04199,363270.0,west_train
site_04200,363270.0,west_train
site_04201,363270.0,west_train
site_04203,363370.0,west_train
site_04204,363370.0,west_train
site_04205,363370.0,west_train
site_04206,363370.0,west_train
site_04207,363370.0,west_train
site_04208,363370.0,west_train
site_04209,363370.0,west_train
site_04210,363370.0,west_train
site_04211,363370.0,west_train
site_04212,363370.0,west_train
site_04213,363370.0,west_train
site_04214,363370.0,west_train
site_04215,363370.0,west_train
site_04216,363370.0,west_train
site_04217,363370.0,west_train
site_04218,363370.0,west_train
site_04219,363370.0,west_train
site_04220,363370.0,west_train
site_04221,363370.0,west_train
site_04222,363370.0,west_train
site_04223,363370.0,west_train
site_04224,363370.0,west_train
site_04225,363370.0,west_train
site_04226,363370.0,west_train
site_04227,363370.0,west_train
site_04228,363370.0,west_train
site_04229,363370.0,west_train
site_04230,363370.0,west_train
site_04231,363370.0,west_train
site_04232,363370.0,west_train
site_04233,363370.0,west_train
site_04234,363370.0,west_train
site_04235,363370.0,west_train
site_04236,363370.0,west_train
site_04237,363370.0,west_train
site_04238,363370.0,west_train
site_04239,363370.0,west_train
site_04240,363370.0,west_train
site_04241,363370.0,west_train
site_04244,363370.0,west_train
site_04245,363370.0,west_train
site_04247,363370.0,west_train
site_04248,363370.0,west_train
site_04249,363370.0,west_train
site_04250,363370.0,west_train
site_04251,363370.0,west_train
site_04252,363370.0,west_train
site_04253,363370.0,west_train
site_04254,363370.0,west_train
site_04255,363370.0,west_train
site_04256,363370.0,west_train
site_04257,363370.0,west_train
site_04258,363370.0,west_train
site_04259,363370.0,west_train
site_04260,363370.0,west_train
site_04261,363370.0,west_train
site_04262,363370.0,west_train
site_04263,363370.0,west_train
site_04264,363370.0,west_train
site_04265,363470.0,west_train
site_04266,363470.0,west_train
site_04267,363470.0,west_train
site_04268,363470.0,west_train
site_04269,363470.0,west_train
site_04270,363470.0,west_train
site_04271,363470.0,west_train
site_04272,363470.0,west_train
site_04273,363470.0,west_train
site_04274,363470.0,west_train
site_04275,363470.0,west_train
site_04276,363470.0,west_train
site_04277,363470.0,west_train
site_04278,363470.0,west_train
site_04279,363470.0,west_train
site_04280,363470.0,west_train
site_04281,363470.0,west_train
site_04282,363470.0,west_train
site_04283,363470.0,west_train
site_04284,363470.0,west_train
site_04285,363470.0,west_train
site_04286,363470.0,west_train
site_04287,363470.0,west_train
site_04288,363470.0,west_train
site_04289,363470.0,west_train
site_04290,363470.0,west_train
site_04291,363470.0,west_train
site_04292,363470.0,west_train
site_04293,363470.0,west_train
site_04294,363470.0,west_train
site_04295,363470.0,west_train
site_04296,363470.0,west_train
site_04297,363470.0,west_train
site_04298,363470.0,west_train
site_04299,363470.0,west_train
site_04300,363470.0,west_train
site_04301,363470.0,west_train
site_04302,363470.0,west_train
site_04303,363470.0,west_train
site_04304,363470.0,west_train
site_04306,363470.0,west_train
site_04307,363470.0,west_train
site_04308,363470.0,west_train
site_04309,363470.0,west_train
site_04310,363470.0,west_train
site_04311,363470.0,west_train
site_04312,363470.0,west_train
site_04313,363470.0,west_train
site_04314,363470.0,west_train
site_04315,363470.0,west_train
site_04316,363470.0,west_train
site_04317,363470.0,west_train
site_04318,363470.0,west_train
site_04319,363470.0,west_train
site_04320,363470.0,west_train
site_04321,363470.0,west_train
site_04322,363470.0,west_train
site_04323,363470.0,west_train
site_04324,363470.0,west_train
site_04325,363470.0,west_train
site_04326,363470.0,west_train
site_04328,363570.0,west_train
site_04329,363570.0,west_train
site_04330,363570.0,west_train
site_04331,363570.0,west_train
site_04332,363570.0,west_train
site_04333,363570.0,west_train
site_04334,363570.0,west_train
site_04335,363570.0,west_train
site_04336,363570.0,west_train
site_04337,363570.0,west_train
site_04338,363570.0,west_train
site_04339,363570.0,west_train
site_04340,363570.0,west_train
site_04341,363570.0,west_train
site_04342,363570.0,west_train
site_04343,363570.0,west_train
site_04344,363570.0,west_train
site_04345,363570.0,west_train
site_04346,363570.0,west_train
site_04347,363570.0,west_train
site_04348,363570.0,west_train
site_04349,363570.0,west_train
site_04350,363570.0,west_train
site_04351,363570.0,west_train
site_04352,363570.0,west_train
site_04353,363570.0,west_train
site_04354,363570.0,west_train
site_04355,363570.0,west_train
site_04356,363570.0,west_train
site_04357,363570.0,west_train
site_04358,363570.0,west_train
site_04359,363570.0,west_train
site_04360,363570.0,west_train
site_04361,363570.0,west_train
site_04362,363570.0,west_train
site_04363,363570.0,west_train
site_04364,363570.0,west_train
site_04365,363570.0,west_train
site_04366,363570.0,west_train
site_04367,363570.0,west_train
site_04368,363570.0,west_train
site_04369,363570.0,west_train
site_04373,363570.0,west_train
site_04374,363570.0,west_train
site_04375,363570.0,west_train
site_04376,363570.0,west_train
site_04377,363570.0,west_train
site_04378,363570.0,west_train
site_04379,363570.0,west_train
site_04380,363570.0,west_train
site_04381,363570.0,west_train
site_04382,363570.0,west_train
site_04383,363570.0,west_train
site_04384,363570.0,west_train
site_04385,363570.0,west_train
site_04386,363570.0,west_train
site_04387,363570.0,west_train
site_04388,363570.0,west_train
site_04389,363570.0,west_train
site_04390,363570.0,west_train
site_04391,363570.0,west_train
site_04392,363670.0,west_train
site_04393,363670.0,west_train
site_04394,363670.0,west_train
site_04395,363670.0,west_train
site_04396,363670.0,west_train
site_04397,363670.0,west_train
site_04398,363670.0,west_train
site_04399,363670.0,west_train
site_04400,363670.0,west_train
site_04401,363670.0,west_train
site_04402,363670.0,west_train
site_04403,363670.0,west_train
site_04404,363670.0,west_train
site_04405,363670.0,west_train
site_04406,363670.0,west_train
site_04407,363670.0,west_train
site_04408,363670.0,west_train
site_04409,363670.0,west_train
site_04410,363670.0,west_train
site_04411,363670.0,west_train
site_04412,363670.0,west_train
site_04413,363670.0,west_train
site_04414,363670.0,west_train
site_04415,363670.0,west_train
site_04416,363670.0,west_train
site_04417,363670.0,west_train
site_04418,363670.0,west_train
site_04419,363670.0,west_train
site_04420,363670.0,west_train
site_04421,363670.0,west_train
site_04422,363670.0,west_train
site_04423,363670.0,west_train
site_04424,363670.0,west_train
site_04425,363670.0,west_train
site_04426,363670.0,west_train
site_04427,363670.0,west_train
site_04428,363670.0,west_train
site_04429,363670.0,west_train
site_04430,363670.0,west_train
site_04431,363670.0,west_train
site_04432,363670.0,west_train
site_04433,363670.0,west_train
site_04434,363670.0,west_train
site_04435,363670.0,west_train
site_04436,363670.0,west_train
site_04437,363670.0,west_train
site_04438,363670.0,west_train
site_04439,363670.0,west_train
site_04441,363670.0,west_train
site_04442,363670.0,west_train
site_04443,363670.0,west_train
site_04444,363670.0,west_train
site_04445,363670.0,west_train
site_04446,363670.0,west_train
site_04447,363670.0,west_train
site_04448,363670.0,west_train
site_04449,363670.0,west_train
site_04450,363670.0,west_train
site_04451,363670.0,west_train
site_04452,363670.0,west_train
site_04453,363670.0,west_train
site_04454,363670.0,west_train
site_04455,363670.0,west_train
site_04457,363670.0,west_train
site_04458,363770.0,west_train
site_04459,363770.0,west_train
site_04460,363770.0,west_train
site_04461,363770.0,west_train
site_04462,363770.0,west_train
site_04463,363770.0,west_train
site_04464,363770.0,west_train
site_04465,363770.0,west_train
site_04466,363770.0,west_train
site_04467,363770.0,west_train
site_04468,363770.0,west_train
site_04469,363770.0,west_train
site_04470,363770.0,west_train
site_04471,363770.0,west_train
site_04472,363770.0,west_train
site_04473,363770.0,west_train
site_04474,363770.0,west_train
site_04475,363770.0,west_train
site_04476,363770.0,west_train
site_04477,363770.0,west_train
site_04478,363770.0,west_train
site_04479,363770.0,west_train
site_04480,363770.0,west_train
site_04481,363770.0,west_train
site_04482,363770.0,west_train
site_04483,363770.0,west_train
site_04484,363770.0,west_train
site_04485,363770.0,west_train
site_04486,363770.0,west_train
site_04487,363770.0,west_train
site_04488,363770.0,west_train
site_04489,363770.0,west_train
site_04490,363770.0,west_train
site_04491,363770.0,west_train
site_04492,363770.0,west_train
site_04493,363770.0,west_train
site_04494,363770.0,west_train
site_04495,363770.0,west_train
site_04496,363770.0,west_train
site_04497,363770.0,west_train
site_04498,363770.0,west_train
site_04499,363770.0,west_train
site_04500,363770.0,west_train
site_04501,363770.0,west_train
site_04502,363770.0,west_train
site_04503,363770.0,west_train
site_04504,363770.0,west_train
site_04505,363770.0,west_train
site_04506,363770.0,west_train
site_04508,363770.0,west_train
site_04509,363770.0,west_train
site_04510,363770.0,west_train
site_04511,363770.0,west_train
site_04512,363770.0,west_train
site_04513,363770.0,west_train
site_04514,363770.0,west_train
site_04515,363770.0,west_train
site_04516,363770.0,west_train
site_04517,363770.0,west_train
site_04518,363770.0,west_train
site_04519,363770.0,west_train
site_04520,363770.0,west_train
site_04521,363770.0,west_train
site_04522,363770.0,west_train
site_04523,363770.0,west_train
site_04524,363770.0,west_train
site_04525,363870.0,west_train
site_04526,363870.0,west_train
site_04527,363870.0,west_train
site_04528,363870.0,west_train
site_04529,363870.0,west_train
site_04530,363870.0,west_train
site_04531,363870.0,west_train
site_04532,363870.0,west_train
site_04533,363870.0,west_train
site_04534,363870.0,west_train
site_04535,363870.0,west_train
site_04536,363870.0,west_train
site_04537,363870.0,west_train
site_04538,363870.0,west_train
site_04539,363870.0,west_train
site_04540,363870.0,west_train
site_04541,363870.0,west_train
site_04542,363870.0,west_train
site_04543,363870.0,west_train
site_04544,363870.0,west_train
site_04545,363870.0,west_train
site_04546,363870.0,west_train
site_04547,363870.0,west_train
site_04548,363870.0,west_train
site_04549,363870.0,west_train
site_04550,363870.0,west_train
site_04551,363870.0,west_train
site_04552,363870.0,west_train
site_04553,363870.0,west_train
site_04554,363870.0,west_train
site_04555,363870.0,west_train
site_04556,363870.0,west_train
site_04557,363870.0,west_train
site_04558,363870.0,west_train
site_04559,363870.0,west_train
site_04560,363870.0,west_train
site_04561,363870.0,west_train
site_04562,363870.0,west_train
site_04563,363870.0,west_train
site_04564,363870.0,west_train
site_04565,363870.0,west_train
site_04566,363870.0,west_train
site_04567,363870.0,west_train
site_04568,363870.0,west_train
site_04569,363870.0,west_train
site_04570,363870.0,west_train
site_04571,363870.0,west_train
site_04572,363870.0,west_train
site_04573,363870.0,west_train
site_04574,363870.0,west_train
site_04575,363870.0,west_train
site_04576,363870.0,west_train
site_04577,363870.0,west_train
site_04578,363870.0,west_train
site_04579,363870.0,west_train
site_04580,363870.0,west_train
site_04581,363870.0,west_train
site_04582,363870.0,west_train
site_04583,363870.0,west_train
site_04584,363870.0,west_train
site_04585,363870.0,west_train
site_04586,363870.0,west_train
site_04587,363870.0,west_train
site_04588,363870.0,west_train
site_04589,363870.0,west_train
site_04590,363870.0,west_train
site_04591,363870.0,west_train
site_04592,363970.0,west_train
site_04593,363970.0,west_train
site_04594,363970.0,west_train
site_04595,363970.0,west_train
site_04596,363970.0,west_train
site_04597,363970.0,west_train
site_04598,363970.0,west_train
site_04599,363970.0,west_train
site_04600,363970.0,west_train
site_04601,363970.0,west_train
site_04602,363970.0,west_train
site_04603,363970.0,west_train
site_04604,363970.0,west_train
site_04605,363970.0,west_train
site_04606,363970.0,west_train
site_04607,363970.0,west_train
site_04608,363970.0,west_train
site_04609,363970.0,west_train
site_04610,363970.0,west_train
site_04611,363970.0,west_train
site_04612,363970.0,west_train
site_04613,363970.0,west_train
site_04614,363970.0,west_train
site_04615,363970.0,west_train
site_04616,363970.0,west_train
site_04617,363970.0,west_train
site_04618,363970.0,west_train
site_04619,363970.0,west_train
site_04620,363970.0,west_train
site_04621,363970.0,west_train
site_04622,363970.0,west_train
site_04623,363970.0,west_train
site_04624,363970.0,west_train
site_04625,363970.0,west_train
site_04626,363970.0,west_train
site_04627,363970.0,west_train
site_04628,363970.0,west_train
site_04629,363970.0,west_train
site_04630,363970.0,west_train
site_04631,363970.0,west_train
site_04632,363970.0,west_train
site_04633,363970.0,west_train
site_04634,363970.0,west_train
site_04635,363970.0,west_train
site_04636,363970.0,west_train
site_04637,363970.0,west_train
site_04638,363970.0,west_train
site_04639,363970.0,west_train
site_04640,363970.0,west_train
site_04641,363970.0,west_train
site_04642,363970.0,west_train
site_04643,363970.0,west_train
site_04645,363970.0,west_train
site_04646,363970.0,west_train
site_04647,363970.0,west_train
site_04648,363970.0,west_train
site_04649,363970.0,west_train
site_04650,363970.0,west_train
site_04651,363970.0,west_train
site_04652,363970.0,west_train
site_04653,363970.0,west_train
site_04654,363970.0,west_train
site_04655,363970.0,west_train
site_04656,363970.0,west_train
site_04657,363970.0,west_train
site_04658,363970.0,west_train
site_04659,364070.0,west_train
site_04660,364070.0,west_train
site_04661,364070.0,west_train
site_04662,364070.0,west_train
site_04663,364070.0,west_train
site_04664,364070.0,west_train
site_04665,364070.0,west_train
site_04666,364070.0,west_train
site_04667,364070.0,west_train
site_04668,364070.0,west_train
site_04669,364070.0,west_train
site_04670,364070.0,west_train
site_04671,364070.0,west_train
site_04672,364070.0,west_train
site_04673,364070.0,west_train
site_04674,364070.0,west_train
site_04675,364070.0,west_train
site_04676,364070.0,west_train
site_04677,364070.0,west_train
site_04678,364070.0,west_train
site_04679,364070.0,west_train
site_04680,364070.0,west_train
site_04681,364070.0,west_train
site_04682,364070.0,west_train
site_04683,364070.0,west_train
site_04684,364070.0,west_train
site_04685,364070.0,west_train
site_04686,364070.0,west_train
site_04687,364070.0,west_train
site_04688,364070.0,west_train
site_04689,364070.0,west_train
site_04690,364070.0,west_train
site_04691,364070.0,west_train
site_04692,364070.0,west_train
site_04693,364070.0,west_train
site_04694,364070.0,west_train
site_04695,364070.0,west_train
site_04696,364070.0,west_train
site_04697,364070.0,west_train
site_04698,364070.0,west_train
site_04699,364070.0,west_train
site_04700,364070.0,west_train
site_04701,364070.0,west_train
site_04702,364070.0,west_train
site_04703,364070.0,west_train
site_04704,364070.0,west_train
site_04705,364070.0,west_train
site_04707,364170.0,west_train
site_04708,364170.0,west_train
site_04709,364170.0,west_train
site_04710,364170.0,west_train
site_04712,364170.0,west_train
site_04713,364170.0,west_train
site_04714,364170.0,west_train
site_04715,364170.0,west_train
site_04716,364170.0,west_train
site_04717,364170.0,west_train
site_04718,364170.0,west_train
site_04719,364170.0,west_train
site_04720,364170.0,west_train
site_04721,364170.0,west_train
site_04722,364170.0,west_train
site_04723,364170.0,west_train
site_04724,364170.0,west_train
site_04725,364170.0,west_train
site_04726,364170.0,west_train
site_04727,364170.0,west_train
site_04728,364170.0,west_train
site_04729,364170.0,west_train
site_04730,364170.0,west_train
site_04731,364170.0,west_train
site_04732,364170.0,west_train
site_04733,364170.0,west_train
site_04734,364170.0,west_train
site_04735,364170.0,west_train
site_04736,364170.0,west_train
site_04737,364170.0,west_train
site_04738,364170.0,west_train
site_04739,364170.0,west_train
site_04740,364170.0,west_train
site_04741,364170.0,west_train
site_04742,364170.0,west_train
site_04743,364170.0,west_train
site_04744,364170.0,west_train
site_04745,364170.0,west_train
site_04746,364170.0,west_train
site_04747,364170.0,west_train
site_04748,364170.0,west_train
site_04749,364170.0,west_train
site_04750,364170.0,west_train
site_04751,364170.0,west_train
site_04752,364170.0,west_train
site_04753,364170.0,west_train
site_04754,364170.0,west_train
site_04755,364170.0,west_train
site_04756,364270.0,west_train
site_04757,364270.0,west_train
site_04758,364270.0,west_train
site_04759,364270.0,west_train
site_04760,364270.0,west_train
site_04761,364270.0,west_train
site_04762,364270.0,west_train
site_04763,364270.0,west_train
site_04764,364270.0,west_train
site_04765,364270.0,west_train
site_04766,364270.0,west_train
site_04767,364270.0,west_train
site_04768,364270.0,west_train
site_04769,364270.0,west_train
site_04770,364270.0,west_train
site_04771,364270.0,west_train
site_04772,364270.0,west_train
site_04773,364270.0,west_train
site_04774,364270.0,west_train
site_04775,364270.0,west_train
site_04776,364270.0,west_train
site_04777,364270.0,west_train
site_04778,364270.0,west_train
site_04779,364270.0,west_train
site_04780,364270.0,west_train
site_04781,364270.0,west_train
site_04782,364270.0,west_train
site_04783,364270.0,west_train
site_04784,364270.0,west_train
site_04786,364270.0,west_train
site_04787,364270.0,west_train
site_04788,364270.0,west_train
site_04789,364270.0,west_train
site_04790,364270.0,west_train
site_04791,364270.0,west_train
site_04792,364270.0,west_train
site_04793,364270.0,west_train
site_04794,364270.0,west_train
site_04795,364270.0,west_train
site_04796,364270.0,west_train
site_04797,364270.0,west_train
site_04798,364270.0,west_train
site_04799,364270.0,west_train
site_04800,364270.0,west_train
site_04801,364270.0,west_train
site_04802,364270.0,west_train
site_04803,364270.0,west_train
site_04804,364270.0,west_train
site_04805,364370.0,west_train
site_04806,364370.0,west_train
site_04807,364370.0,west_train
site_04808,364370.0,west_train
site_04809,364370.0,west_train
site_04810,364370.0,west_train
site_04811,364370.0,west_train
site_04812,364370.0,west_train
site_04813,364370.0,west_train
site_04814,364370.0,west_train
site_04815,364370.0,west_train
site_04816,364370.0,west_train
site_04817,364370.0,west_train
site_04818,364370.0,west_train
site_04819,364370.0,west_train
site_04820,364370.0,west_train
site_04821,364370.0,west_train
site_04822,364370.0,west_train
site_04823,364370.0,west_train
site_04824,364370.0,west_train
site_04825,364370.0,west_train
site_04826,364370.0,west_train
site_04827,364370.0,west_train
site_04828,364370.0,west_train
site_04829,364370.0,west_train
site_04830,364370.0,west_train
site_04831,364370.0,west_train
site_04832,364370.0,west_train
site_04833,364370.0,west_train
site_04834,364370.0,west_train
site_04835,364370.0,west_train
site_04836,364370.0,west_train
site_04837,364370.0,west_train
site_04838,364370.0,west_train
site_04839,364370.0,west_train
site_04840,364370.0,west_train
site_04841,364370.0,west_train
site_04842,364370.0,west_train
site_04843,364370.0,west_train
site_04844,364370.0,west_train
site_04845,364370.0,west_train
site_04846,364370.0,west_train
site_04847,364370.0,west_train
site_04848,364370.0,west_train
site_04849,364370.0,west_train
site_04850,364370.0,west_train
site_04851,364370.0,west_train
site_04852,364370.0,west_train
site_04853,364370.0,west_train
site_04854,364370.0,west_train
site_04855,364470.0,west_train
site_04856,364470.0,west_train
site_04857,364470.0,west_train
site_04858,364470.0,west_train
site_04859,364470.0,west_train
site_04860,364470.0,west_train
site_04861,364470.0,west_train
site_04862,364470.0,west_train
site_04863,364470.0,west_train
site_04864,364470.0,west_train
site_04865,364470.0,west_train
site_04866,364470.0,west_train
site_04867,364470.0,west_train
site_04868,364470.0,west_train
site_04869,364470.0,west_train
site_04870,364470.0,west_train
site_04871,364470.0,west_train
site_04872,364470.0,west_train
site_04873,364470.0,west_train
site_04874,364470.0,west_train
site_04875,364470.0,west_train
site_04876,364470.0,west_train
site_04877,364470.0,west_train
site_04878,364470.0,west_train
site_04879,364470.0,west_train
site_04880,364470.0,west_train
site_04881,364470.0,west_train
site_04882,364470.0,west_train
site_04883,364470.0,west_train
site_04884,364470.0,west_train
site_04885,364470.0,west_train
site_04886,364470.0,west_train
site_04887,364470.0,west_train
site_04888,364470.0,west_train
site_04890,364470.0,west_train
site_04891,364470.0,west_train
site_04892,364470.0,west_train
site_04893,364470.0,west_train
site_04894,364470.0,west_train
site_04895,364470.0,west_train
site_04896,364470.0,west_train
site_04897,364470.0,west_train
site_04898,364470.0,west_train
site_04899,364470.0,west_train
site_04900,364470.0,west_train
site_04901,364470.0,west_train
site_04902,364470.0,west_train
site_04903,364470.0,west_train
site_04904,364470.0,west_train
site_04905,364470.0,west_train
site_04906,364570.0,west_train
site_04907,364570.0,west_train
site_04908,364570.0,west_train
site_04909,364570.0,west_train
site_04910,364570.0,west_train
site_04911,364570.0,west_train
site_04912,364570.0,west_train
site_04913,364570.0,west_train
site_04917,364570.0,west_train
site_04918,364570.0,west_train
site_04919,364570.0,west_train
site_04920,364570.0,west_train
site_04921,364570.0,west_train
site_04922,364570.0,west_train
site_04923,364570.0,west_train
site_04924,364570.0,west_train
site_04925,364570.0,west_train
site_04926,364570.0,west_train
site_04927,364570.0,west_train
site_04928,364570.0,west_train
site_04929,364570.0,west_train
site_04930,364570.0,west_train
site_04931,364570.0,west_train
site_04932,364570.0,west_train
site_04933,364570.0,west_train
site_04934,364570.0,west_train
site_04935,364570.0,west_train
site_04936,364570.0,west_train
site_04937,364570.0,west_train
site_04938,364570.0,west_train
site_04939,364570.0,west_train
site_04940,364570.0,west_train
site_04941,364570.0,west_train
site_04942,364570.0,west_train
site_04943,364570.0,west_train
site_04944,364570.0,west_train
site_04945,364570.0,west_train
site_04946,364570.0,west_train
site_04947,364570.0,west_train
site_04948,364570.0,west_train
site_04949,364570.0,west_train
site_04950,364570.0,west_train
site_04951,364570.0,west_train
site_04952,364570.0,west_train
site_04953,364570.0,west_train
site_04954,364570.0,west_train
site_04955,364570.0,west_train
site_04957,364570.0,west_train
site_04958,364670.0,west_train
site_04959,364670.0,west_train
site_04960,364670.0,west_train
site_04961,364670.0,west_train
site_04962,364670.0,west_train
site_04963,364670.0,west_train
site_04964,364670.0,west_train
site_04965,364670.0,west_train
site_04966,364670.0,west_train
site_04967,364670.0,west_train
site_04968,364670.0,west_train
site_04969,364670.0,west_train
site_04970,364670.0,west_train
site_04972,364670.0,west_train
site_04973,364670.0,west_train
site_04974,364670.0,west_train
site_04975,364670.0,west_train
site_04976,364670.0,west_train
site_04977,364670.0,west_train
site_04978,364670.0,west_train
site_04979,364670.0,west_train
site_04980,364670.0,west_train
site_04981,364670.0,west_train
site_04982,364670.0,west_train
site_04983,364670.0,west_train
site_04984,364670.0,west_train
site_04985,364670.0,west_train
site_04986,364670.0,west_train
site_04987,364670.0,west_train
site_04988,364670.0,west_train
site_04989,364670.0,west_train
site_04990,364670.0,west_train
site_04991,364670.0,west_train
site_04992,364670.0,west_train
site_04993,364670.0,west_train
site_04994,364670.0,west_train
site_04995,364670.0,west_train
site_04996,364670.0,west_train
site_04997,364670.0,west_train
site_04998,364670.0,west_train
site_04999,364670.0,west_train
site_05000,364670.0,west_train
site_05001,364670.0,west_train
site_05002,364670.0,west_train
site_05003,364670.0,west_train
site_05004,364670.0,west_train
site_05005,364670.0,west_train
site_05006,364670.0,west_train
site_05007,364670.0,west_train
site_05008,364670.0,west_train
site_05009,364670.0,west_train
site_05010,364770.0,west_train
site_05011,364770.0,west_train
site_05012,364770.0,west_train
site_05013,364770.0,west_train
site_05014,364770.0,west_train
site_05015,364770.0,west_train
site_05016,364770.0,west_train
site_05017,364770.0,west_train
site_05019,364770.0,west_train
site_05020,364770.0,west_train
site_05021,364770.0,west_train
site_05022,364770.0,west_train
site_05023,364770.0,west_train
site_05024,364770.0,west_train
site_05025,364770.0,west_train
site_05026,364770.0,west_train
site_05027,364770.0,west_train
site_05028,364770.0,west_train
site_05029,364770.0,west_train
site_05030,364770.0,west_train
site_05031,364770.0,west_train
site_05032,364770.0,west_train
site_05033,364770.0,west_train
site_05034,364770.0,west_train
site_05035,364770.0,west_train
site_05036,364770.0,west_train
site_05037,364770.0,west_train
site_05038,364770.0,west_train
site_05039,364770.0,west_train
site_05040,364770.0,west_train
site_05041,364770.0,west_train
site_05042,364770.0,west_train
site_05043,364770.0,west_train
site_05044,364770.0,west_train
site_05045,364770.0,west_train
site_05046,364770.0,west_train
site_05047,364770.0,west_train
site_05048,364770.0,west_train
site_05049,364770.0,west_train
site_05050,364770.0,west_train
site_05051,364770.0,west_train
site_05052,364770.0,west_train
site_05053,364770.0,west_train
site_05054,364770.0,west_train
site_05055,364770.0,west_train
site_05056,364770.0,west_train
site_05057,364770.0,west_train
site_05059,364870.0,west_train
site_05065,364870.0,west_train
site_05066,364870.0,west_train
site_05067,364870.0,west_train
site_05068,364870.0,west_train
site_05069,364870.0,west_train
site_05070,364870.0,west_train
site_05071,364870.0,west_train
site_05072,364870.0,west_train
site_05073,364870.0,west_train
site_05074,364870.0,west_train
site_05075,364870.0,west_train
site_05076,364870.0,west_train
site_05077,364870.0,west_train
site_05078,364870.0,west_train
site_05079,364870.0,west_train
site_05080,364870.0,west_train
site_05081,364870.0,west_train
site_05082,364870.0,west_train
site_05083,364870.0,west_train
site_05084,364870.0,west_train
site_05085,364870.0,west_train
site_05086,364870.0,west_train
site_05087,364870.0,west_train
site_05088,364870.0,west_train
site_05089,364870.0,west_train
site_05090,364870.0,west_train
site_05091,364870.0,west_train
site_05092,364870.0,west_train
site_05093,364870.0,west_train
site_05094,364870.0,west_train
site_05095,364870.0,west_train
site_05096,364870.0,west_train
site_05097,364870.0,west_train
site_05098,364870.0,west_train
site_05099,364870.0,west_train
site_05100,364870.0,west_train
site_05101,364870.0,west_train
site_05102,364870.0,west_train
site_05103,364870.0,west_train
site_05104,364870.0,west_train
site_05106,364970.0,west_train
site_05107,364970.0,west_train
site_05108,364970.0,west_train
site_05109,364970.0,west_train
site_05110,364970.0,west_train
site_05111,364970.0,west_train
site_05112,364970.0,west_train
site_05113,364970.0,west_train
site_05114,364970.0,west_train
site_05115,364970.0,west_train
site_05116,364970.0,west_train
site_05117,364970.0,west_train
site_05118,364970.0,west_train
site_05119,364970.0,west_train
site_05120,364970.0,west_train
site_05121,364970.0,west_train
site_05122,364970.0,west_train
site_05123,364970.0,west_train
site_05124,364970.0,west_train
site_05125,364970.0,west_train
site_05126,364970.0,west_train
site_05127,364970.0,west_train
site_05128,364970.0,west_train
site_05129,364970.0,west_train
site_05130,364970.0,west_train
site_05131,364970.0,west_train
site_05132,364970.0,west_train
site_05133,364970.0,west_train
site_05134,364970.0,west_train
site_05135,364970.0,west_train
site_05136,364970.0,west_train
site_05137,364970.0,west_train
site_05138,364970.0,west_train
site_05139,364970.0,west_train
site_05140,364970.0,west_train
site_05141,364970.0,west_train
site_05142,364970.0,west_train
site_05143,364970.0,west_train
site_05144,364970.0,west_train
site_05145,364970.0,west_train
site_05146,364970.0,west_train
site_05147,364970.0,west_train
site_05149,364970.0,west_train
site_05150,364970.0,west_train
site_05151,365070.0,west_train
site_05152,365070.0,west_train
site_05153,365070.0,west_train
site_05154,365070.0,west_train
site_05155,365070.0,west_train
site_05156,365070.0,west_train
site_05157,365070.0,west_train
site_05158,365070.0,west_train
site_05159,365070.0,west_train
site_05160,365070.0,west_train
site_05161,365070.0,west_train
site_05162,365070.0,west_train
site_05163,365070.0,west_train
site_05164,365070.0,west_train
site_05165,365070.0,west_train
site_05166,365070.0,west_train
site_05167,365070.0,west_train
site_05168,365070.0,west_train
site_05169,365070.0,west_train
site_05170,365070.0,west_train
site_05171,365070.0,west_train
site_05172,365070.0,west_train
site_05173,365070.0,west_train
site_05174,365070.0,west_train
site_05175,365070.0,west_train
site_05176,365070.0,west_train
site_05177,365070.0,west_train
site_05178,365070.0,west_train
site_05179,365070.0,west_train
site_05180,365070.0,west_train
site_05181,365070.0,west_train
site_05182,365070.0,west_train
site_05183,365070.0,west_train
site_05184,365070.0,west_train
site_05185,365070.0,west_train
site_05186,365070.0,west_train
site_05187,365170.0,west_train
site_05188,365170.0,west_train
site_05189,365170.0,west_train
site_05190,365170.0,west_train
site_05191,365170.0,west_train
site_05192,365170.0,west_train
site_05193,365170.0,west_train
site_05194,365170.0,west_train
site_05195,365170.0,west_train
site_05196,365170.0,west_train
site_05197,365170.0,west_train
site_05198,365170.0,west_train
site_05199,365170.0,west_train
site_05200,365170.0,west_train
site_05201,365170.0,west_train
site_05202,365170.0,west_train
site_05203,365170.0,west_train
site_05204,365170.0,west_train
site_05205,365170.0,west_train
site_05206,365170.0,west_train
site_05207,365170.0,west_train
site_05208,365170.0,west_train
site_05209,365170.0,west_train
site_05210,365170.0,west_train
site_05211,365170.0,west_train
site_05212,365170.0,west_train
site_05213,365170.0,west_train
site_05214,365170.0,west_train
site_05215,365170.0,west_train
site_05216,365170.0,west_train
site_05217,365170.0,west_train
site_05218,365170.0,west_train
site_05219,365170.0,west_train
site_05220,365170.0,west_train
site_05222,365170.0,west_train
site_05223,365170.0,west_train
site_05224,365270.0,west_train
site_05225,365270.0,west_train
site_05226,365270.0,west_train
site_05227,365270.0,west_train
site_05228,365270.0,west_train
site_05229,365270.0,west_train
site_05230,365270.0,west_train
site_05231,365270.0,west_train
site_05232,365270.0,west_train
site_05233,365270.0,west_train
site_05234,365270.0,west_train
site_05235,365270.0,west_train
site_05236,365270.0,west_train
site_05237,365270.0,west_train
site_05238,365270.0,west_train
site_05239,365270.0,west_train
site_05240,365270.0,west_train
site_05241,365270.0,west_train
site_05242,365270.0,west_train
site_05243,365270.0,west_train
site_05244,365270.0,west_train
site_05247,365270.0,west_train
site_05248,365270.0,west_train
site_05249,365270.0,west_train
site_05250,365270.0,west_train
site_05251,365270.0,west_train
site_05252,365270.0,west_train
site_05253,365270.0,west_train
site_05254,365270.0,west_train
site_05255,365270.0,west_train
site_05256,365270.0,west_train
site_05257,365270.0,west_train
site_05258,365270.0,west_train
site_05259,365270.0,west_train
site_05260,365370.0,west_train
site_05261,365370.0,west_train
site_05262,365370.0,west_train
site_05263,365370.0,west_train
site_05264,365370.0,west_train
site_05265,365370.0,west_train
site_05266,365370.0,west_train
site_05267,365370.0,west_train
site_05268,365370.0,west_train
site_05269,365370.0,west_train
site_05270,365370.0,west_train
site_05271,365370.0,west_train
site_05272,365370.0,west_train
site_05273,365370.0,west_train
site_05274,365370.0,west_train
site_05275,365370.0,west_train
site_05276,365370.0,west_train
site_05277,365370.0,west_train
site_05278,365370.0,west_train
site_05279,365370.0,west_train
site_05280,365370.0,west_train
site_05281,365370.0,west_train
site_05284,365370.0,west_train
site_05286,365370.0,west_train
site_05287,365370.0,west_train
site_05288,365370.0,west_train
site_05289,365370.0,west_train
site_05290,365370.0,west_train
site_05291,365370.0,west_train
site_05292,365370.0,west_train
site_05293,365370.0,west_train
site_05294,365370.0,west_train
site_05295,365370.0,west_train
site_05296,365470.0,west_train
site_05298,365470.0,west_train
site_05299,365470.0,west_train
site_05300,365470.0,west_train
site_05301,365470.0,west_train
site_05302,365470.0,west_train
site_05303,365470.0,west_train
site_05304,365470.0,west_train
site_05305,365470.0,west_train
site_05306,365470.0,west_train
site_05307,365470.0,west_train
site_05308,365470.0,west_train
site_05310,365470.0,west_train
site_05311,365470.0,west_train
site_05312,365470.0,west_train
site_05313,365470.0,west_train
site_05314,365470.0,west_train
site_05315,365470.0,west_train
site_05316,365470.0,west_train
site_05317,365470.0,west_train
site_05318,365470.0,west_train
site_05319,365470.0,west_train
site_05320,365470.0,west_train
site_05321,365470.0,west_train
site_05322,365470.0,west_train
site_05323,365470.0,west_train
site_05324,365470.0,west_train
site_05325,365470.0,west_train
site_05326,365470.0,west_train
site_05327,365470.0,west_train
site_05328,365470.0,west_train
site_05329,365470.0,west_train
site_05330,365470.0,west_train
site_05332,365470.0,west_train
site_05333,365470.0,west_train
site_05334,365470.0,west_train
site_05336,365470.0,west_train
site_05337,365570.0,west_train
site_05338,365570.0,west_train
site_05340,365570.0,west_train
site_05342,365570.0,west_train
site_05343,365570.0,west_train
site_05344,365570.0,west_train
site_05345,365570.0,west_train
site_05346,365570.0,west_train
site_05347,365570.0,west_train
site_05348,365570.0,west_train
site_05349,365570.0,west_train
site_05350,365570.0,west_train
site_05351,365570.0,west_train
site_05352,365570.0,west_train
site_05353,365570.0,west_train
site_05354,365570.0,west_train
site_05355,365570.0,west_train
site_05356,365570.0,west_train
site_05357,365570.0,west_train
site_05358,365570.0,west_train
site_05360,365570.0,west_train
site_05361,365570.0,west_train
site_05362,365570.0,west_train
site_05363,365570.0,west_train
site_05364,365570.0,west_train
site_05365,365570.0,west_train
site_05366,365570.0,west_train
site_05367,365570.0,west_train
site_05368,365570.0,west_train
site_05369,365570.0,west_train
site_05370,365570.0,west_train
site_05371,365570.0,west_train
site_05372,365570.0,west_train
site_05373,365570.0,west_train
site_05374,365570.0,west_train
site_05375,365570.0,west_train
site_05376,365570.0,west_train
site_05377,365670.0,west_train
site_05378,365670.0,west_train
site_05380,365670.0,west_train
site_05381,365670.0,west_train
site_05382,365670.0,west_train
site_05383,365670.0,west_train
site_05384,365670.0,west_train
site_05385,365670.0,west_train
site_05386,365670.0,west_train
site_05387,365670.0,west_train
site_05388,365670.0,west_train
site_05389,365670.0,west_train
site_05390,365670.0,west_train
site_05391,365670.0,west_train
site_05392,365670.0,west_train
site_05393,365670.0,west_train
site_05394,365670.0,west_train
site_05395,365670.0,west_train
site_05396,365670.0,west_train
site_05397,365670.0,west_train
site_05398,365670.0,west_train
site_05399,365670.0,west_train
site_05400,365670.0,west_train
site_05401,365670.0,west_train
site_05402,365670.0,west_train
site_05403,365670.0,west_train
site_05404,365670.0,west_train
site_05405,365670.0,west_train
site_05406,365670.0,west_train
site_05407,365670.0,west_train
site_05408,365670.0,west_train
site_05409,365670.0,west_train
site_05410,365670.0,west_train
site_05412,365670.0,west_train
site_05413,365670.0,west_train
site_05414,365670.0,west_train
site_05415,365770.0,west_train
site_05416,365770.0,west_train
site_05417,365770.0,west_train
site_05418,365770.0,west_train
site_05419,365770.0,west_train
site_05420,365770.0,west_train
site_05421,365770.0,west_train
site_05422,365770.0,west_train
site_05423,365770.0,west_train
site_05424,365770.0,west_train
site_05425,365770.0,west_train
site_05426,365770.0,west_train
site_05427,365770.0,west_train
site_05428,365770.0,west_train
site_05429,365770.0,west_train
site_05430,365770.0,west_train
site_05431,365770.0,west_train
site_05432,365770.0,west_train
site_05433,365770.0,west_train
site_05434,365770.0,west_train
site_05435,365770.0,west_train
site_05436,365770.0,west_train
site_05437,365770.0,west_train
site_05438,365770.0,west_train
site_05439,365770.0,west_train
site_05440,365770.0,west_train
site_05441,365770.0,west_train
site_05443,365770.0,west_train
site_05444,365770.0,west_train
site_05445,365770.0,west_train
site_05446,365770.0,west_train
site_05447,365770.0,west_train
site_05448,365770.0,west_train
site_05449,365770.0,west_train
site_05450,365770.0,west_train
site_05451,365770.0,west_train
site_05452,365770.0,west_train
site_05453,365770.0,west_train
site_05454,365770.0,west_train
site_05456,365870.0,west_train
site_05457,365870.0,west_train
site_05458,365870.0,west_train
site_05459,365870.0,west_train
site_05460,365870.0,west_train
site_05461,365870.0,west_train
site_05462,365870.0,west_train
site_05463,365870.0,west_train
site_05464,365870.0,west_train
site_05465,365870.0,west_train
site_05466,365870.0,west_train
site_05467,365870.0,west_train
site_05468,365870.0,west_train
site_05469,365870.0,west_train
site_05470,365870.0,west_train
site_05471,365870.0,west_train
site_05472,365870.0,west_train
site_05473,365870.0,west_train
site_05474,365870.0,west_train
site_05475,365870.0,west_train
site_05476,365870.0,west_train
site_05477,365870.0,west_train
site_05478,365870.0,west_train
site_05479,365870.0,west_train
site_05480,365870.0,west_train
site_05481,365870.0,west_train
site_05482,365870.0,west_train
site_05483,365870.0,west_train
site_05484,365870.0,west_train
site_05485,365870.0,west_train
site_05486,365870.0,west_train
site_05487,365870.0,west_train
site_05488,365870.0,west_train
site_05489,365870.0,west_train
site_05490,365870.0,west_train
site_05491,365870.0,west_train
site_05493,365870.0,west_train
site_05494,365870.0,west_train
site_05495,365870.0,west_train
site_05496,365870.0,west_train
site_05497,365970.0,west_train
site_05498,365970.0,west_train
site_05499,365970.0,west_train
site_05500,365970.0,west_train
site_05501,365970.0,west_train
site_05502,365970.0,west_train
site_05503,365970.0,west_train
site_05504,365970.0,west_train
site_05505,365970.0,west_train
site_05506,365970.0,west_train
site_05507,365970.0,west_train
site_05508,365970.0,west_train
site_05509,365970.0,west_train
site_05510,365970.0,west_train
site_05514,365970.0,west_train
site_05515,365970.0,west_train
site_05516,365970.0,west_train
site_05517,365970.0,west_train
site_05518,365970.0,west_train
site_05519,365970.0,west_train
site_05520,365970.0,west_train
site_05521,365970.0,west_train
site_05522,365970.0,west_train
site_05523,365970.0,west_train
site_05524,365970.0,west_train
site_05525,365970.0,west_train
site_05526,365970.0,west_train
site_05527,365970.0,west_train
site_05528,365970.0,west_train
site_05529,365970.0,west_train
site_05530,365970.0,west_train
site_05531,365970.0,west_train
site_05532,365970.0,west_train
site_05533,365970.0,west_train
site_05534,365970.0,west_train
site_05535,365970.0,west_train
site_05537,365970.0,west_train
site_05538,366070.0,west_train
site_05539,366070.0,west_train
site_05540,366070.0,west_train
site_05541,366070.0,west_train
site_05542,366070.0,west_train
site_05543,366070.0,west_train
site_05544,366070.0,west_train
site_05545,366070.0,west_train
site_05546,366070.0,west_train
site_05547,366070.0,west_train
site_05548,366070.0,west_train
site_05549,366070.0,west_train
site_05550,366070.0,west_train
site_05551,366070.0,west_train
site_05552,366070.0,west_train
site_05553,366070.0,west_train
site_05555,366070.0,west_train
site_05556,366070.0,west_train
site_05560,366070.0,west_train
site_05561,366070.0,west_train
site_05562,366070.0,west_train
site_05563,366070.0,west_train
site_05564,366070.0,west_train
site_05566,366070.0,west_train
site_05567,366070.0,west_train
site_05570,366170.0,west_train
site_05571,366170.0,west_train
site_05572,366170.0,west_train
site_05573,366170.0,west_train
site_05574,366170.0,west_train
site_05575,366170.0,west_train
site_05576,366170.0,west_train
site_05577,366170.0,west_train
site_05578,366170.0,west_train
site_05579,366170.0,west_train
site_05580,366170.0,west_train
site_05581,366170.0,west_train
site_05582,366170.0,west_train
site_05583,366170.0,west_train
site_05584,366170.0,west_train
site_05585,366170.0,west_train
site_05586,366170.0,west_train
site_05587,366170.0,west_train
site_05589,366170.0,west_train
site_05590,366170.0,west_train
site_05591,366170.0,west_train
site_05593,366170.0,west_train
site_05594,366170.0,west_train
site_05595,366170.0,west_train
site_05597,366170.0,west_train
site_05598,366170.0,west_train
site_05599,366170.0,west_train
site_05600,366170.0,west_train
site_05601,366170.0,west_train
site_05602,366170.0,west_train
site_05603,366170.0,west_train
site_05604,366170.0,west_train
site_05605,366170.0,west_train
site_05606,366170.0,west_train
site_05607,366170.0,west_train
site_05608,366170.0,west_train
site_05609,366170.0,west_train
site_05610,366170.0,west_train
site_05611,366170.0,west_train
site_05612,366170.0,west_train
site_05613,366170.0,west_train
site_05614,366170.0,west_train
site_05615,366270.0,west_train
site_05616,366270.0,west_train
site_05617,366270.0,west_train
site_05618,366270.0,west_train
site_05619,366270.0,west_train
site_05620,366270.0,west_train
site_05621,366270.0,west_train
site_05622,366270.0,west_train
site_05623,366270.0,west_train
site_05624,366270.0,west_train
site_05625,366270.0,west_train
site_05626,366270.0,west_train
site_05627,366270.0,west_train
site_05628,366270.0,west_train
site_05629,366270.0,west_train
site_05630,366270.0,west_train
site_05631,366270.0,west_train
site_05632,366270.0,west_train
site_05633,366270.0,west_train
site_05634,366270.0,west_train
site_05635,366270.0,west_train
site_05636,366270.0,west_train
site_05637,366270.0,west_train
site_05638,366270.0,west_train
site_05639,366270.0,west_train
site_05641,366270.0,west_train
site_05642,366270.0,west_train
site_05643,366270.0,west_train
site_05644,366270.0,west_train
site_05646,366270.0,west_train
site_05647,366270.0,west_train
site_05648,366270.0,west_train
site_05649,366270.0,west_train
site_05650,366270.0,west_train
site_05651,366270.0,west_train
site_05653,366270.0,west_train
site_05654,366270.0,west_train
site_05655,366270.0,west_train
site_05656,366270.0,west_train
site_05660,366270.0,west_train
site_05661,366270.0,west_train
site_05662,366370.0,west_train
site_05663,366370.0,west_train
site_05664,366370.0,west_train
site_05665,366370.0,west_train
site_05666,366370.0,west_train
site_05667,366370.0,west_train
site_05668,366370.0,west_train
site_05669,366370.0,west_train
site_05670,366370.0,west_train
site_05671,366370.0,west_train
site_05672,366370.0,west_train
site_05673,366370.0,west_train
site_05674,366370.0,west_train
site_05675,366370.0,west_train
site_05676,366370.0,west_train
site_05677,366370.0,west_train
site_05678,366370.0,west_train
site_05679,366370.0,west_train
site_05680,366370.0,west_train
site_05681,366370.0,west_train
site_05682,366370.0,west_train
site_05683,366370.0,west_train
site_05684,366370.0,west_train
site_05685,366370.0,west_train
site_05686,366370.0,west_train
site_05687,366370.0,west_train
site_05688,366370.0,west_train
site_05689,366370.0,west_train
site_05692,366370.0,west_train
site_05693,366370.0,west_train
site_05696,366370.0,west_train
site_05697,366370.0,west_train
site_05698,366370.0,west_train
site_05699,366370.0,west_train
site_05700,366370.0,west_train
site_05701,366370.0,west_train
site_05702,366370.0,west_train
site_05703,366370.0,west_train
site_05704,366370.0,west_train
site_05705,366370.0,west_train
site_05706,366370.0,west_train
site_05707,366370.0,west_train
site_05708,366370.0,west_train
site_05709,366370.0,west_train
site_05710,366370.0,west_train
site_05711,366370.0,west_train
site_05712,366370.0,west_train
site_05713,366370.0,west_train
site_05714,366370.0,west_train
site_05715,366370.0,west_train
site_05716,366370.0,west_train
site_05717,366370.0,west_train
site_05718,366370.0,west_train
site_05720,366470.0,west_train
site_05721,366470.0,west_train
site_05722,366470.0,west_train
site_05723,366470.0,west_train
site_05724,366470.0,west_train
site_05725,366470.0,west_train
site_05726,366470.0,west_train
site_05727,366470.0,west_train
site_05728,366470.0,west_train
site_05729,366470.0,west_train
site_05730,366470.0,west_train
site_05731,366470.0,west_train
site_05732,366470.0,west_train
site_05733,366470.0,west_train
site_05734,366470.0,west_train
site_05735,366470.0,west_train
site_05736,366470.0,west_train
site_05737,366470.0,west_train
site_05738,366470.0,west_train
site_05739,366470.0,west_train
site_05740,366470.0,west_train
site_05741,366470.0,west_train
site_05742,366470.0,west_train
site_05743,366470.0,west_train
site_05744,366470.0,west_train
site_05745,366470.0,west_train
site_05746,366470.0,west_train
site_05747,366470.0,west_train
site_05748,366470.0,west_train
site_05749,366470.0,west_train
site_05750,366470.0,west_train
site_05751,366470.0,west_train
site_05752,366470.0,west_train
site_05753,366470.0,west_train
site_05754,366470.0,west_train
site_05755,366470.0,west_train
site_05756,366470.0,west_train
site_05757,366470.0,west_train
site_05759,366470.0,west_train
site_05760,366470.0,west_train
site_05761,366470.0,west_train
site_05762,366470.0,west_train
site_05763,366470.0,west_train
site_05764,366470.0,west_train
site_05765,366470.0,west_train
site_05766,366470.0,west_train
site_05767,366470.0,west_train
site_05768,366470.0,west_train
site_05769,366470.0,west_train
site_05770,366470.0,west_train
site_05771,366470.0,west_train
site_05772,366470.0,west_train
site_05773,366470.0,west_train
site_05774,366470.0,west_train
site_05775,366470.0,west_train
site_05776,366470.0,west_train
site_05777,366470.0,west_train
site_05779,366470.0,west_train
site_05781,366470.0,west_train
site_05782,366470.0,west_train
site_05783,366470.0,west_train
site_05784,366570.0,west_train
site_05785,366570.0,west_train
site_05786,366570.0,west_train
site_05787,366570.0,west_train
site_05788,366570.0,west_train
site_05789,366570.0,west_train
site_05790,366570.0,west_train
site_05791,366570.0,west_train
site_05792,366570.0,west_train
site_05793,366570.0,west_train
site_05796,366570.0,west_train
site_05797,366570.0,west_train
site_05798,366570.0,west_train
site_05799,366570.0,west_train
site_05800,366570.0,west_train
site_05801,366570.0,west_train
site_05802,366570.0,west_train
site_05803,366570.0,west_train
site_05804,366570.0,west_train
site_05805,366570.0,west_train
site_05806,366570.0,west_train
site_05807,366570.0,west_train
site_05808,366570.0,west_train
site_05811,366570.0,west_train
site_05812,366570.0,west_train
site_05814,366570.0,west_train
site_05815,366570.0,west_train
site_05816,366570.0,west_train
site_05817,366570.0,west_train
site_05818,366570.0,west_train
site_05819,366570.0,west_train
site_05820,366570.0,west_train
site_05821,366570.0,west_train
site_05822,366570.0,west_train
site_05823,366570.0,west_train
site_05824,366570.0,west_train
site_05825,366570.0,west_train
site_05826,366570.0,west_train
site_05827,366570.0,west_train
site_05828,366570.0,west_train
site_05829,366570.0,west_train
site_05831,366570.0,west_train
site_05832,366570.0,west_train
site_05833,366570.0,west_train
site_05834,366570.0,west_train
site_05835,366570.0,west_train
site_05836,366570.0,west_train
site_05837,366570.0,west_train
site_05838,366570.0,west_train
site_05839,366570.0,west_train
site_05840,366570.0,west_train
site_05841,366570.0,west_train
site_05842,366570.0,west_train
site_05843,366570.0,west_train
site_05844,366570.0,west_train
site_05845,366570.0,west_train
site_05846,366570.0,west_train
site_05847,366570.0,west_train
site_05848,366570.0,west_train
site_05849,366570.0,west_train
site_05850,366570.0,west_train
site_05851,366570.0,west_train
site_05852,366670.0,west_train
site_05853,366670.0,west_train
site_05854,366670.0,west_train
site_05855,366670.0,west_train
site_05856,366670.0,west_train
site_05857,366670.0,west_train
site_05858,366670.0,west_train
site_05859,366670.0,west_train
site_05860,366670.0,west_train
site_05861,366670.0,west_train
site_05862,366670.0,west_train
site_05863,366670.0,west_train
site_05864,366670.0,west_train
site_05865,366670.0,west_train
site_05866,366670.0,west_train
site_05867,366670.0,west_train
site_05868,366670.0,west_train
site_05869,366670.0,west_train
site_05870,366670.0,west_train
site_05871,366670.0,west_train
site_05872,366670.0,west_train
site_05873,366670.0,west_train
site_05874,366670.0,west_train
site_05875,366670.0,west_train
site_05876,366670.0,west_train
site_05877,366670.0,west_train
site_05878,366670.0,west_train
site_05879,366670.0,west_train
site_05880,366670.0,west_train
site_05881,366670.0,west_train
site_05882,366670.0,west_train
site_05883,366670.0,west_train
site_05884,366670.0,west_train
site_05885,366670.0,west_train
site_05886,366670.0,west_train
site_05887,366670.0,west_train
site_05888,366670.0,west_train
site_05889,366670.0,west_train
site_05890,366670.0,west_train
site_05891,366670.0,west_train
site_05892,366670.0,west_train
site_05893,366670.0,west_train
site_05894,366670.0,west_train
site_05895,366670.0,west_train
site_05896,366670.0,west_train
site_05897,366670.0,west_train
site_05898,366670.0,west_train
site_05899,366670.0,west_train
site_05900,366670.0,west_train
site_05901,366670.0,west_train
site_05902,366670.0,west_train
site_05903,366670.0,west_train
site_05904,366670.0,west_train
site_05905,366670.0,west_train
site_05906,366670.0,west_train
site_05907,366670.0,west_train
site_05908,366670.0,west_train
site_05909,366670.0,west_train
site_05910,366670.0,west_train
site_05911,366670.0,west_train
site_05912,366670.0,west_train
site_05913,366670.0,west_train
site_05914,366670.0,west_train
site_05915,366670.0,west_train
site_05916,366670.0,west_train
site_05917,366670.0,west_train
site_05918,366670.0,west_train
site_05919,366670.0,west_train
site_05920,366670.0,west_train
site_05922,366670.0,west_train
site_05924,366770.0,west_train
site_05925,366770.0,west_train
site_05926,366770.0,west_train
site_05927,366770.0,west_train
site_05928,366770.0,west_train
site_05929,366770.0,west_train
site_05930,366770.0,west_train
site_05931,366770.0,west_train
site_05932,366770.0,west_train
site_05933,366770.0,west_train
site_05934,366770.0,west_train
site_05935,366770.0,west_train
site_05936,366770.0,west_train
site_05937,366770.0,west_train
site_05938,366770.0,west_train
site_05939,366770.0,west_train
site_05940,366770.0,west_train
site_05941,366770.0,west_train
site_05942,366770.0,west_train
site_05943,366770.0,west_train
site_05944,366770.0,west_train
site_05945,366770.0,west_train
site_05946,366770.0,west_train
site_05947,366770.0,west_train
site_05948,366770.0,west_train
site_05949,366770.0,west_train
site_05950,366770.0,west_train
site_05951,366770.0,west_train
site_05953,366770.0,west_train
site_05954,366770.0,west_train
site_05955,366770.0,west_train
site_05956,366770.0,west_train
site_05957,366770.0,west_train
site_05958,366770.0,west_train
site_05959,366770.0,west_train
site_05960,366770.0,west_train
site_05961,366770.0,west_train
site_05962,366770.0,west_train
site_05963,366770.0,west_train
site_05964,366770.0,west_train
site_05965,366770.0,west_train
site_05966,366770.0,west_train
site_05967,366770.0,west_train
site_05968,366770.0,west_train
site_05969,366770.0,west_train
site_05970,366770.0,west_train
site_05971,366770.0,west_train
site_05972,366770.0,west_train
site_05973,366770.0,west_train
site_05974,366770.0,west_train
site_05975,366770.0,west_train
site_05976,366770.0,west_train
site_05977,366770.0,west_train
site_05978,366770.0,west_train
site_05979,366770.0,west_train
site_05980,366770.0,west_train
site_05981,366770.0,west_train
site_05982,366770.0,west_train
site_05983,366770.0,west_train
site_05984,366770.0,west_train
site_05985,366770.0,west_train
site_05986,366770.0,west_train
site_05987,366770.0,west_train
site_05988,366770.0,west_train
site_05989,366770.0,west_train
site_05990,366770.0,west_train
site_05991,366770.0,west_train
site_05992,366770.0,west_train
site_05993,366770.0,west_train
site_05994,366770.0,west_train
site_05995,366770.0,west_train
site_05996,366770.0,west_train
site_05997,366870.0,west_train
site_05998,366870.0,west_train
site_05999,366870.0,west_train
site_06000,366870.0,west_train
site_06001,366870.0,west_train
site_06002,366870.0,west_train
site_06003,366870.0,west_train
site_06004,366870.0,west_train
site_06005,366870.0,west_train
site_06006,366870.0,west_train
site_06007,366870.0,west_train
site_06008,366870.0,west_train
site_06009,366870.0,west_train
site_06010,366870.0,west_train
site_06011,366870.0,west_train
site_06012,366870.0,west_train
site_06013,366870.0,west_train
site_06014,366870.0,west_train
site_06015,366870.0,west_train
site_06016,366870.0,west_train
site_06017,366870.0,west_train
site_06018,366870.0,west_train
site_06019,366870.0,west_train
site_06020,366870.0,west_train
site_06021,366870.0,west_train
site_06022,366870.0,west_train
site_06024,366870.0,west_train
site_06026,366870.0,west_train
site_06027,366870.0,west_train
site_06028,366870.0,west_train
site_06029,366870.0,west_train
site_06031,366870.0,west_train
site_06032,366870.0,west_train
site_06033,366870.0,west_train
site_06034,366870.0,west_train
site_06035,366870.0,west_train
site_06036,366870.0,west_train
site_06037,366870.0,west_train
site_06038,366870.0,west_train
site_06039,366870.0,west_train
site_06040,366870.0,west_train
site_06041,366870.0,west_train
site_06042,366870.0,west_train
site_06043,366870.0,west_train
site_06044,366870.0,west_train
site_06045,366870.0,west_train
site_06046,366870.0,west_train
site_06047,366870.0,west_train
site_06048,366870.0,west_train
site_06049,366870.0,west_train
site_06050,366870.0,west_train
site_06051,366870.0,west_train
site_06052,366870.0,west_train
site_06053,366870.0,west_train
site_06054,366870.0,west_train
site_06055,366870.0,west_train
site_06056,366870.0,west_train
site_06057,366870.0,west_train
site_06058,366870.0,west_train
site_06059,366870.0,west_train
site_06060,366870.0,west_train
site_06061,366870.0,west_train
site_06062,366870.0,west_train
site_06063,366870.0,west_train
site_06064,366870.0,west_train
site_06065,366870.0,west_train
site_06066,366870.0,west_train
site_06067,366870.0,west_train
site_06068,366870.0,west_train
site_06069,366870.0,west_train
site_06070,366870.0,west_train
site_06071,366870.0,west_train
site_06072,366870.0,west_train
site_06073,366870.0,west_train
site_06074,366870.0,west_train
site_06075,366870.0,west_train
site_06076,366970.0,west_train
site_06077,366970.0,west_train
site_06078,366970.0,west_train
site_06079,366970.0,west_train
site_06080,366970.0,west_train
site_06081,366970.0,west_train
site_06082,366970.0,west_train
site_06083,366970.0,west_train
site_06084,366970.0,west_train
site_06085,366970.0,west_train
site_06086,366970.0,west_train
site_06087,366970.0,west_train
site_06088,366970.0,west_train
site_06089,366970.0,west_train
site_06090,366970.0,west_train
site_06091,366970.0,west_train
site_06092,366970.0,west_train
site_06093,366970.0,west_train
site_06094,366970.0,west_train
site_06095,366970.0,west_train
site_06096,366970.0,west_train
site_06097,366970.0,west_train
site_06098,366970.0,west_train
site_06099,366970.0,west_train
site_06100,366970.0,west_train
site_06101,366970.0,west_train
site_06102,366970.0,west_train
site_06103,366970.0,west_train
site_06104,366970.0,west_train
site_06105,366970.0,west_train
site_06106,366970.0,west_train
site_06107,366970.0,west_train
site_06108,366970.0,west_train
site_06109,366970.0,west_train
site_06110,366970.0,west_train
site_06111,366970.0,west_train
site_06112,366970.0,west_train
site_06113,366970.0,west_train
site_06114,366970.0,west_train
site_06115,366970.0,west_train
site_06116,366970.0,west_train
site_06117,366970.0,west_train
site_06118,366970.0,west_train
site_06119,366970.0,west_train
site_06120,366970.0,west_train
site_06121,366970.0,west_train
site_06122,366970.0,west_train
site_06123,366970.0,west_train
site_06124,366970.0,west_train
site_06125,366970.0,west_train
site_06126,366970.0,west_train
site_06127,366970.0,west_train
site_06128,366970.0,west_train
site_06129,366970.0,west_train
site_06130,366970.0,west_train
site_06131,366970.0,west_train
site_06132,366970.0,west_train
site_06133,366970.0,west_train
site_06134,366970.0,west_train
site_06135,366970.0,west_train
site_06136,366970.0,west_train
site_06137,366970.0,west_train
site_06138,366970.0,west_train
site_06139,366970.0,west_train
site_06140,366970.0,west_train
site_06141,366970.0,west_train
site_06142,366970.0,west_train
site_06143,366970.0,west_train
site_06144,366970.0,west_train
site_06145,366970.0,west_train
site_06146,366970.0,west_train
site_06147,366970.0,west_train
site_06148,366970.0,west_train
site_06149,366970.0,west_train
site_06150,366970.0,west_train
site_06151,366970.0,west_train
site_06152,366970.0,west_train
site_06153,366970.0,west_train
site_06154,366970.0,west_train
site_06155,366970.0,west_train
site_06156,366970.0,west_train
site_06157,366970.0,west_train
site_06158,367070.0,west_train
site_06159,367070.0,west_train
site_06160,367070.0,west_train
site_06161,367070.0,west_train
site_06163,367070.0,west_train
site_06164,367070.0,west_train
site_06165,367070.0,west_train
site_06166,367070.0,west_train
site_06167,367070.0,west_train
site_06168,367070.0,west_train
site_06169,367070.0,west_train
site_06170,367070.0,west_train
site_06171,367070.0,west_train
site_06172,367070.0,west_train
site_06173,367070.0,west_train
site_06174,367070.0,west_train
site_06175,367070.0,west_train
site_06176,367070.0,west_train
site_06177,367070.0,west_train
site_06178,367070.0,west_train
site_06179,367070.0,west_train
site_06180,367070.0,west_train
site_06181,367070.0,west_train
site_06182,367070.0,west_train
site_06183,367070.0,west_train
site_06184,367070.0,west_train
site_06185,367070.0,west_train
site_06186,367070.0,west_train
site_06187,367070.0,west_train
site_06188,367070.0,west_train
site_06189,367070.0,west_train
site_06190,367070.0,west_train
site_06191,367070.0,west_train
site_06192,367070.0,west_train
site_06193,367070.0,west_train
site_06194,367070.0,west_train
site_06195,367070.0,west_train
site_06196,367070.0,west_train
site_06197,367070.0,west_train
site_06198,367070.0,west_train
site_06199,367070.0,west_train
site_06200,367070.0,west_train
site_06201,367070.0,west_train
site_06202,367070.0,west_train
site_06203,367070.0,west_train
site_06204,367070.0,west_train
site_06205,367070.0,west_train
site_06206,367070.0,west_train
site_06207,367070.0,west_train
site_06208,367070.0,west_train
site_06209,367070.0,west_train
site_06210,367070.0,west_train
site_06211,367070.0,west_train
site_06212,367070.0,west_train
site_06213,367070.0,west_train
site_06214,367070.0,west_train
site_06215,367070.0,west_train
site_06216,367070.0,west_train
site_06217,367070.0,west_train
site_06218,367070.0,west_train
site_06219,367070.0,west_train
site_06220,367070.0,west_train
site_06221,367070.0,west_train
site_06222,367170.0,west_train
site_06223,367170.0,west_train
site_06224,367170.0,west_train
site_06225,367170.0,west_train
site_06226,367170.0,west_train
site_06227,367170.0,west_train
site_06228,367170.0,west_train
site_06229,367170.0,west_train
site_06230,367170.0,west_train
site_06231,367170.0,west_train
site_06232,367170.0,west_train
site_06233,367170.0,west_train
site_06234,367170.0,west_train
site_06236,367170.0,west_train
site_06237,367170.0,west_train
site_06238,367170.0,west_train
site_06239,367170.0,west_train
site_06240,367170.0,west_train
site_06241,367170.0,west_train
site_06242,367170.0,west_train
site_06243,367170.0,west_train
site_06244,367170.0,west_train
site_06245,367170.0,west_train
site_06246,367170.0,west_train
site_06247,367170.0,west_train
site_06248,367170.0,west_train
site_06249,367170.0,west_train
site_06250,367170.0,west_train
site_06251,367170.0,west_train
site_06252,367170.0,west_train
site_06253,367170.0,west_train
site_06254,367170.0,west_train
site_06255,367170.0,west_train
site_06256,367170.0,west_train
site_06257,367170.0,west_train
site_06258,367170.0,west_train
site_06259,367170.0,west_train
site_06260,367170.0,west_train
site_06261,367170.0,west_train
site_06262,367170.0,west_train
site_06263,367170.0,west_train
site_06264,367170.0,west_train
site_06265,367170.0,west_train
site_06266,367170.0,west_train
site_06267,367170.0,west_train
site_06268,367170.0,west_train
site_06269,367170.0,west_train
site_06270,367170.0,west_train
site_06271,367170.0,west_train
site_06272,367170.0,west_train
site_06273,367170.0,west_train
site_06274,367170.0,west_train
site_06275,367170.0,west_train
site_06276,367170.0,west_train
site_06277,367170.0,west_train
site_06278,367170.0,west_train
site_06279,367170.0,west_train
site_06280,367170.0,west_train
site_06281,367170.0,west_train
site_06282,367170.0,west_train
site_06283,367170.0,west_train
site_06284,367170.0,west_train
site_06285,367170.0,west_train
site_06286,367170.0,west_train
site_06287,367170.0,west_train
site_06288,367170.0,west_train
site_06289,367270.0,west_train
site_06290,367270.0,west_train
site_06291,367270.0,west_train
site_06292,367270.0,west_train
site_06293,367270.0,west_train
site_06294,367270.0,west_train
site_06295,367270.0,west_train
site_06296,367270.0,west_train
site_06297,367270.0,west_train
site_06298,367270.0,west_train
site_06299,367270.0,west_train
site_06300,367270.0,west_train
site_06301,367270.0,west_train
site_06302,367270.0,west_train
site_06304,367270.0,west_train
site_06305,367270.0,west_train
site_06306,367270.0,west_train
site_06307,367270.0,west_train
site_06308,367270.0,west_train
site_06309,367270.0,west_train
site_06310,367270.0,west_train
site_06311,367270.0,west_train
site_06312,367270.0,west_train
site_06313,367270.0,west_train
site_06314,367270.0,west_train
site_06315,367270.0,west_train
site_06316,367270.0,west_train
site_06317,367270.0,west_train
site_06318,367270.0,west_train
site_06319,367270.0,west_train
site_06320,367270.0,west_train
site_06321,367270.0,west_train
site_06322,367270.0,west_train
site_06323,367270.0,west_train
site_06324,367270.0,west_train
site_06325,367270.0,west_train
site_06326,367270.0,west_train
site_06327,367270.0,west_train
site_06328,367270.0,west_train
site_06329,367270.0,west_train
site_06330,367270.0,west_train
site_06331,367270.0,west_train
site_06332,367270.0,west_train
site_06333,367270.0,west_train
site_06334,367270.0,west_train
site_06335,367270.0,west_train
site_06336,367270.0,west_train
site_06337,367270.0,west_train
site_06338,367270.0,west_train
site_06339,367270.0,west_train
site_06340,367270.0,west_train
site_06341,367270.0,west_train
site_06342,367270.0,west_train
site_06343,367270.0,west_train
site_06344,367270.0,west_train
site_06345,367270.0,west_train
site_06346,367270.0,west_train
site_06347,367270.0,west_train
site_06348,367270.0,west_train
site_06349,367270.0,west_train
site_06350,367270.0,west_train
site_06351,367270.0,west_train
site_06352,367270.0,west_train
site_06353,367270.0,west_train
site_06354,367270.0,west_train
site_06355,367270.0,west_train
site_06357,367270.0,west_train
site_06358,367370.0,west_train
site_06359,367370.0,west_train
site_06360,367370.0,west_train
site_06361,367370.0,west_train
site_06362,367370.0,west_train
site_06363,367370.0,west_train
site_06364,367370.0,west_train
site_06365,367370.0,west_train
site_06366,367370.0,west_train
site_06367,367370.0,west_train
site_06368,367370.0,west_train
site_06369,367370.0,west_train
site_06370,367370.0,west_train
site_06371,367370.0,west_train
site_06372,367370.0,west_train
site_06373,367370.0,west_train
site_06374,367370.0,west_train
site_06375,367370.0,west_train
site_06376,367370.0,west_train
site_06377,367370.0,west_train
site_06378,367370.0,west_train
site_06379,367370.0,west_train
site_06380,367370.0,west_train
site_06381,367370.0,west_train
site_06382,367370.0,west_train
site_06383,367370.0,west_train
site_06384,367370.0,west_train
site_06385,367370.0,west_train
site_06386,367370.0,west_train
site_06387,367370.0,west_train
site_06388,367370.0,west_train
site_06389,367370.0,west_train
site_06390,367370.0,west_train
site_06391,367370.0,west_train
site_06392,367370.0,west_train
site_06393,367370.0,west_train
site_06394,367370.0,west_train
site_06395,367370.0,west_train
site_06396,367370.0,west_train
site_06397,367370.0,west_train
site_06398,367370.0,west_train
site_06399,367370.0,west_train
site_06400,367370.0,west_train
site_06401,367370.0,west_train
site_06402,367370.0,west_train
site_06403,367370.0,west_train
site_06404,367370.0,west_train
site_06405,367370.0,west_train
site_06406,367370.0,west_train
site_06407,367370.0,west_train
site_06408,367370.0,west_train
site_06409,367370.0,west_train
site_06410,367370.0,west_train
site_06411,367370.0,west_train
site_06412,367370.0,west_train
site_06413,367370.0,west_train
site_06414,367370.0,west_train
site_06415,367370.0,west_train
site_06416,367370.0,west_train
site_06417,367370.0,west_train
site_06418,367370.0,west_train
site_06419,367370.0,west_train
site_06420,367370.0,west_train
site_06421,367370.0,west_train
site_06422,367370.0,west_train
site_06423,367370.0,west_train
site_06424,367370.0,west_train
site_06426,367370.0,west_train
site_06427,367470.0,west_train
site_06428,367470.0,west_train
site_06429,367470.0,west_train
site_06430,367470.0,west_train
site_06431,367470.0,west_train
site_06432,367470.0,west_train
site_06433,367470.0,west_train
site_06434,367470.0,west_train
site_06435,367470.0,west_train
site_06436,367470.0,west_train
site_06437,367470.0,west_train
site_06438,367470.0,west_train
site_06439,367470.0,west_train
site_06440,367470.0,west_train
site_06441,367470.0,west_train
site_06442,367470.0,west_train
site_06443,367470.0,west_train
site_06444,367470.0,west_train
site_06445,367470.0,west_train
site_06446,367470.0,west_train
site_06447,367470.0,west_train
site_06448,367470.0,west_train
site_06449,367470.0,west_train
site_06450,367470.0,west_train
site_06451,367470.0,west_train
site_06452,367470.0,west_train
site_06453,367470.0,west_train
site_06454,367470.0,west_train
site_06455,367470.0,west_train
site_06456,367470.0,west_train
site_06457,367470.0,west_train
site_06458,367470.0,west_train
site_06459,367470.0,west_train
site_06460,367470.0,west_train
site_06461,367470.0,west_train
site_06462,367470.0,west_train
site_06463,367470.0,west_train
site_06464,367470.0,west_train
site_06465,367470.0,west_train
site_06466,367470.0,west_train
site_06467,367470.0,west_train
site_06468,367470.0,west_train
site_06469,367470.0,west_train
site_06470,367470.0,west_train
site_06471,367470.0,west_train
site_06472,367470.0,west_train
site_06473,367470.0,west_train
site_06474,367470.0,west_train
site_06475,367470.0,west_train
site_06476,367470.0,west_train
site_06477,367470.0,west_train
site_06478,367470.0,west_train
site_06479,367470.0,west_train
site_06480,367470.0,west_train
site_06481,367470.0,west_train
site_06482,367470.0,west_train
site_06483,367470.0,west_train
site_06484,367470.0,west_train
site_06485,367470.0,west_train
site_06486,367470.0,west_train
site_06487,367470.0,west_train
site_06488,367470.0,west_train
site_06489,367470.0,west_train
site_06490,367470.0,west_train
site_06491,367470.0,west_train
site_06492,367470.0,west_train
site_06493,367470.0,west_train
site_06494,367470.0,west_train
site_06495,367470.0,west_train
site_06496,367470.0,west_train
site_06497,367470.0,west_train
site_06498,367470.0,west_train
site_06499,367470.0,west_train
site_06500,367570.0,west_train
site_06501,367570.0,west_train
site_06502,367570.0,west_train
site_06503,367570.0,west_train
site_06504,367570.0,west_train
site_06505,367570.0,west_train
site_06506,367570.0,west_train
site_06507,367570.0,west_train
site_06508,367570.0,west_train
site_06509,367570.0,west_train
site_06510,367570.0,west_train
site_06511,367570.0,west_train
site_06512,367570.0,west_train
site_06513,367570.0,west_train
site_06514,367570.0,west_train
site_06515,367570.0,west_train
site_06516,367570.0,west_train
site_06517,367570.0,west_train
site_06518,367570.0,west_train
site_06519,367570.0,west_train
site_06520,367570.0,west_train
site_06521,367570.0,west_train
site_06522,367570.0,west_train
site_06523,367570.0,west_train
site_06524,367570.0,west_train
site_06525,367570.0,west_train
site_06526,367570.0,west_train
site_06527,367570.0,west_train
site_06528,367570.0,west_train
site_06529,367570.0,west_train
site_06530,367570.0,west_train
site_06531,367570.0,west_train
site_06532,367570.0,west_train
site_06533,367570.0,west_train
site_06534,367570.0,west_train
site_06535,367570.0,west_train
site_06536,367570.0,west_train
site_06537,367570.0,west_train
site_06538,367570.0,west_train
site_06539,367570.0,west_train
site_06540,367570.0,west_train
site_06541,367570.0,west_train
site_06542,367570.0,west_train
site_06543,367570.0,west_train
site_06544,367570.0,west_train
site_06545,367570.0,west_train
site_06546,367570.0,west_train
site_06547,367570.0,west_train
site_06548,367570.0,west_train
site_06549,367570.0,west_train
site_06550,367570.0,west_train
site_06551,367570.0,west_train
site_06552,367570.0,west_train
site_06553,367570.0,west_train
site_06554,367570.0,west_train
site_06555,367570.0,west_train
site_06556,367570.0,west_train
site_06557,367570.0,west_train
site_06558,367570.0,west_train
site_06559,367570.0,west_train
site_06560,367570.0,west_train
site_06561,367570.0,west_train
site_06562,367570.0,west_train
site_06563,367570.0,west_train
site_06564,367570.0,west_train
site_06565,367570.0,west_train
site_06566,367570.0,west_train
site_06567,367570.0,west_train
site_06568,367570.0,west_train
site_06569,367570.0,west_train
site_06570,367570.0,west_train
site_06571,367570.0,west_train
site_06572,367570.0,west_train
site_06573,367570.0,west_train
site_06575,367670.0,west_train
site_06576,367670.0,west_train
site_06577,367670.0,west_train
site_06578,367670.0,west_train
site_06579,367670.0,west_train
site_06580,367670.0,west_train
site_06581,367670.0,west_train
site_06582,367670.0,west_train
site_06583,367670.0,west_train
site_06584,367670.0,west_train
site_06585,367670.0,west_train
site_06586,367670.0,west_train
site_06587,367670.0,west_train
site_06588,367670.0,west_train
site_06589,367670.0,west_train
site_06590,367670.0,west_train
site_06591,367670.0,west_train
site_06592,367670.0,west_train
site_06593,367670.0,west_train
site_06594,367670.0,west_train
site_06595,367670.0,west_train
site_06596,367670.0,west_train
site_06597,367670.0,west_train
site_06598,367670.0,west_train
site_06599,367670.0,west_train
site_06600,367670.0,west_train
site_06601,367670.0,west_train
site_06602,367670.0,west_train
site_06603,367670.0,west_train
site_06604,367670.0,west_train
site_06605,367670.0,west_train
site_06606,367670.0,west_train
site_06607,367670.0,west_train
site_06608,367670.0,west_train
site_06609,367670.0,west_train
site_06610,367670.0,west_train
site_06611,367670.0,west_train
site_06612,367670.0,west_train
site_06613,367670.0,west_train
site_06614,367670.0,west_train
site_06615,367670.0,west_train
site_06616,367670.0,west_train
site_06617,367670.0,west_train
site_06618,367670.0,west_train
site_06619,367670.0,west_train
site_06621,367670.0,west_train
site_06622,367670.0,west_train
site_06623,367670.0,west_train
site_06624,367670.0,west_train
site_06625,367670.0,west_train
site_06626,367670.0,west_train
site_06627,367670.0,west_train
site_06628,367670.0,west_train
site_06629,367670.0,west_train
site_06630,367670.0,west_train
site_06631,367670.0,west_train
site_06632,367670.0,west_train
site_06633,367670.0,west_train
site_06634,367670.0,west_train
site_06635,367670.0,west_train
site_06636,367670.0,west_train
site_06637,367670.0,west_train
site_06638,367670.0,west_train
site_06639,367670.0,west_train
site_06640,367670.0,west_train
site_06641,367670.0,west_train
site_06642,367670.0,west_train
site_06643,367670.0,west_train
site_06644,367670.0,west_train
site_06645,367670.0,west_train
site_06646,367670.0,west_train
site_06647,367670.0,west_train
site_06648,367670.0,west_train
site_06649,367670.0,west_train
site_06650,367670.0,west_train
site_06652,367770.0,west_train
site_06653,367770.0,west_train
site_06654,367770.0,west_train
site_06655,367770.0,west_train
site_06656,367770.0,west_train
site_06657,367770.0,west_train
site_06658,367770.0,west_train
site_06659,367770.0,west_train
site_06660,367770.0,west_train
site_06661,367770.0,west_train
site_06662,367770.0,west_train
site_06663,367770.0,west_train
site_06664,367770.0,west_train
site_06665,367770.0,west_train
site_06666,367770.0,west_train
site_06667,367770.0,west_train
site_06668,367770.0,west_train
site_06669,367770.0,west_train
site_06670,367770.0,west_train
site_06671,367770.0,west_train
site_06672,367770.0,west_train
site_06673,367770.0,west_train
site_06674,367770.0,west_train
site_06675,367770.0,west_train
site_06676,367770.0,west_train
site_06677,367770.0,west_train
site_06678,367770.0,west_train
site_06679,367770.0,west_train
site_06681,367770.0,west_train
site_06682,367770.0,west_train
site_06683,367770.0,west_train
site_06684,367770.0,west_train
site_06685,367770.0,west_train
site_06686,367770.0,west_train
site_06687,367770.0,west_train
site_06688,367770.0,west_train
site_06689,367770.0,west_train
site_06690,367770.0,west_train
site_06691,367770.0,west_train
site_06692,367770.0,west_train
site_06693,367770.0,west_train
site_06694,367770.0,west_train
site_06695,367770.0,west_train
site_06696,367770.0,west_train
site_06697,367770.0,west_train
site_06698,367770.0,west_train
site_06699,367770.0,west_train
site_06700,367770.0,west_train
site_06701,367770.0,west_train
site_06702,367770.0,west_train
site_06703,367770.0,west_train
site_06704,367770.0,west_train
site_06705,367770.0,west_train
site_06706,367770.0,west_train
site_06707,367770.0,west_train
site_06708,367770.0,west_train
site_06709,367770.0,west_train
site_06710,367770.0,west_train
site_06711,367770.0,west_train
site_06712,367770.0,west_train
site_06713,367770.0,west_train
site_06714,367770.0,west_train
site_06715,367770.0,west_train
site_06716,367770.0,west_train
site_06717,367770.0,west_train
site_06718,367770.0,west_train
site_06719,367770.0,west_train
site_06720,367770.0,west_train
site_06721,367770.0,west_train
site_06722,367770.0,west_train
site_06723,367770.0,west_train
site_06724,367770.0,west_train
site_06725,367770.0,west_train
site_06726,367770.0,west_train
site_06727,367770.0,west_train
site_06728,367770.0,west_train
site_06730,367870.0,west_train
site_06731,367870.0,west_train
site_06732,367870.0,west_train
site_06733,367870.0,west_train
site_06734,367870.0,west_train
site_06735,367870.0,west_train
site_06736,367870.0,west_train
site_06737,367870.0,west_train
site_06738,367870.0,west_train
site_06739,367870.0,west_train
site_06740,367870.0,west_train
site_06741,367870.0,west_train
site_06742,367870.0,west_train
site_06743,367870.0,west_train
site_06744,367870.0,west_train
site_06745,367870.0,west_train
site_06746,367870.0,west_train
site_06747,367870.0,west_train
site_06748,367870.0,west_train
site_06749,367870.0,west_train
site_06750,367870.0,west_train
site_06751,367870.0,west_train
site_06752,367870.0,west_train
site_06753,367870.0,west_train
site_06754,367870.0,west_train
site_06755,367870.0,west_train
site_06756,367870.0,west_train
site_06757,367870.0,west_train
site_06759,367870.0,west_train
site_06760,367870.0,west_train
site_06761,367870.0,west_train
site_06762,367870.0,west_train
site_06763,367870.0,west_train
site_06764,367870.0,west_train
site_06765,367870.0,west_train
site_06766,367870.0,west_train
site_06767,367870.0,west_train
site_06768,367870.0,west_train
site_06769,367870.0,west_train
site_06770,367870.0,west_train
site_06771,367870.0,west_train
site_06772,367870.0,west_train
site_06773,367870.0,west_train
site_06774,367870.0,west_train
site_06775,367870.0,west_train
site_06776,367870.0,west_train
site_06777,367870.0,west_train
site_06778,367870.0,west_train
site_06779,367870.0,west_train
site_06780,367870.0,west_train
site_06781,367870.0,west_train
site_06782,367870.0,west_train
site_06783,367870.0,west_train
site_06784,367870.0,west_train
site_06785,367870.0,west_train
site_06786,367870.0,west_train
site_06787,367870.0,west_train
site_06788,367870.0,west_train
site_06789,367870.0,west_train
site_06790,367870.0,west_train
site_06791,367870.0,west_train
site_06792,367870.0,west_train
site_06793,367870.0,west_train
site_06794,367870.0,west_train
site_06795,367870.0,west_train
site_06796,367870.0,west_train
site_06797,367870.0,west_train
site_06798,367870.0,west_train
site_06799,367870.0,west_train
site_06800,367870.0,west_train
site_06801,367870.0,west_train
site_06802,367870.0,west_train
site_06803,367870.0,west_train
site_06804,367870.0,west_train
site_06805,367870.0,west_train
site_06807,367870.0,west_train
site_06808,367870.0,west_train
site_06810,367970.0,west_train
site_06811,367970.0,west_train
site_06812,367970.0,west_train
site_06813,367970.0,west_train
site_06814,367970.0,west_train
site_06815,367970.0,west_train
site_06816,367970.0,west_train
site_06817,367970.0,west_train
site_06818,367970.0,west_train
site_06819,367970.0,west_train
site_06820,367970.0,west_train
site_06821,367970.0,west_train
site_06822,367970.0,west_train
site_06823,367970.0,west_train
site_06824,367970.0,west_train
site_06825,367970.0,west_train
site_06826,367970.0,west_train
site_06827,367970.0,west_train
site_06828,367970.0,west_train
site_06829,367970.0,west_train
site_06830,367970.0,west_train
site_06831,367970.0,west_train
site_06832,367970.0,west_train
site_06833,367970.0,west_train
site_06834,367970.0,west_train
site_06835,367970.0,west_train
site_06836,367970.0,west_train
site_06837,367970.0,west_train
site_06838,367970.0,west_train
site_06839,367970.0,west_train
site_06840,367970.0,west_train
site_06841,367970.0,west_train
site_06842,367970.0,west_train
site_06843,367970.0,west_train
site_06844,367970.0,west_train
site_06845,367970.0,west_train
site_06846,367970.0,west_train
site_06847,367970.0,west_train
site_06848,367970.0,west_train
site_06849,367970.0,west_train
site_06850,367970.0,west_train
site_06851,367970.0,west_train
site_06852,367970.0,west_train
site_06853,367970.0,west_train
site_06854,367970.0,west_train
site_06855,367970.0,west_train
site_06856,367970.0,west_train
site_06857,367970.0,west_train
site_06858,367970.0,west_train
site_06859,367970.0,west_train
site_06860,367970.0,west_train
site_06861,367970.0,west_train
site_06862,367970.0,west_train
site_06863,367970.0,west_train
site_06864,367970.0,west_train
site_06865,367970.0,west_train
site_06866,367970.0,west_train
site_06867,367970.0,west_train
site_06868,367970.0,west_train
site_06869,367970.0,west_train
site_06870,367970.0,west_train
site_06871,367970.0,west_train
site_06872,367970.0,west_train
site_06873,367970.0,west_train
site_06874,367970.0,west_train
site_06875,367970.0,west_train
site_06876,367970.0,west_train
site_06877,367970.0,west_train
site_06878,367970.0,west_train
site_06879,367970.0,west_train
site_06880,367970.0,west_train
site_06881,367970.0,west_train
site_06882,367970.0,west_train
site_06883,367970.0,west_train
site_06884,367970.0,west_train
site_06885,367970.0,west_train
site_06886,367970.0,west_train
site_06887,367970.0,west_train
site_06888,367970.0,west_train
site_06889,367970.0,west_train
site_06890,368070.0,west_train
site_06891,368070.0,west_train
site_06892,368070.0,west_train
site_06893,368070.0,west_train
site_06894,368070.0,west_train
site_06895,368070.0,west_train
site_06896,368070.0,west_train
site_06897,368070.0,west_train
site_06898,368070.0,west_train
site_06899,368070.0,west_train
site_06900,368070.0,west_train
site_06901,368070.0,west_train
site_06902,368070.0,west_train
site_06903,368070.0,west_train
site_06904,368070.0,west_train
site_06905,368070.0,west_train
site_06906,368070.0,west_train
site_06907,368070.0,west_train
site_06908,368070.0,west_train
site_06909,368070.0,west_train
site_06910,368070.0,west_train
site_06911,368070.0,west_train
site_06912,368070.0,west_train
site_06913,368070.0,west_train
site_06914,368070.0,west_train
site_06915,368070.0,west_train
site_06916,368070.0,west_train
site_06917,368070.0,west_train
site_06918,368070.0,west_train
site_06919,368070.0,west_train
site_06920,368070.0,west_train
site_06921,368070.0,west_train
site_06922,368070.0,west_train
site_06923,368070.0,west_train
site_06924,368070.0,west_train
site_06925,368070.0,west_train
site_06926,368070.0,west_train
site_06927,368070.0,west_train
site_06928,368070.0,west_train
site_06929,368070.0,west_train
site_06930,368070.0,west_train
site_06931,368070.0,west_train
site_06932,368070.0,west_train
site_06933,368070.0,west_train
site_06934,368070.0,west_train
site_06935,368070.0,west_train
site_06936,368070.0,west_train
site_06937,368070.0,west_train
site_06938,368070.0,west_train
site_06939,368070.0,west_train
site_06940,368070.0,west_train
site_06941,368070.0,west_train
site_06942,368070.0,west_train
site_06943,368070.0,west_train
site_06944,368070.0,west_train
site_06945,368070.0,west_train
site_06946,368070.0,west_train
site_06947,368070.0,west_train
site_06948,368070.0,west_train
site_06949,368070.0,west_train
site_06951,368170.0,west_train
site_06952,368170.0,west_train
site_06953,368170.0,west_train
site_06954,368170.0,west_train
site_06955,368170.0,west_train
site_06956,368170.0,west_train
site_06957,368170.0,west_train
site_06958,368170.0,west_train
site_06959,368170.0,west_train
site_06960,368170.0,west_train
site_06961,368170.0,west_train
site_06962,368170.0,west_train
site_06963,368170.0,west_train
site_06964,368170.0,west_train
site_06965,368170.0,west_train
site_06966,368170.0,west_train
site_06967,368170.0,west_train
site_06968,368170.0,west_train
site_06969,368170.0,west_train
site_06970,368170.0,west_train
site_06971,368170.0,west_train
site_06972,368170.0,west_train
site_06973,368170.0,west_train
site_06974,368170.0,west_train
site_06975,368170.0,west_train
site_06976,368170.0,west_train
site_06977,368170.0,west_train
site_06978,368170.0,west_train
site_06979,368170.0,west_train
site_06980,368170.0,west_train
site_06981,368170.0,west_train
site_06982,368170.0,west_train
site_06983,368170.0,west_train
site_06984,368170.0,west_train
site_06985,368170.0,west_train
site_06986,368170.0,west_train
site_06987,368170.0,west_train
site_06988,368170.0,west_train
site_06989,368170.0,west_train
site_06990,368170.0,west_train
site_06991,368170.0,west_train
site_06992,368170.0,west_train
site_06993,368170.0,west_train
site_06994,368170.0,west_train
site_06995,368170.0,west_train
site_06996,368170.0,west_train
site_06997,368170.0,west_train
site_06998,368170.0,west_train
site_06999,368170.0,west_train
site_07000,368170.0,west_train
site_07001,368170.0,west_train
site_07002,368170.0,west_train
site_07003,368170.0,west_train
site_07004,368170.0,west_train
site_07005,368170.0,west_train
site_07006,368170.0,west_train
site_07007,368170.0,west_train
site_07008,368170.0,west_train
site_07009,368170.0,west_train
site_07010,368170.0,west_train
site_07011,368170.0,west_train
site_07012,368170.0,west_train
site_07013,368270.0,west_train
site_07014,368270.0,west_train
site_07015,368270.0,west_train
site_07016,368270.0,west_train
site_07017,368270.0,west_train
site_07018,368270.0,west_train
site_07019,368270.0,west_train
site_07020,368270.0,west_train
site_07021,368270.0,west_train
site_07022,368270.0,west_train
site_07023,368270.0,west_train
site_07024,368270.0,west_train
site_07025,368270.0,west_train
site_07026,368270.0,west_train
site_07027,368270.0,west_train
site_07028,368270.0,west_train
site_07029,368270.0,west_train
site_07030,368270.0,west_train
site_07031,368270.0,west_train
site_07032,368270.0,west_train
site_07033,368270.0,west_train
site_07034,368270.0,west_train
site_07035,368270.0,west_train
site_07036,368270.0,west_train
site_07037,368270.0,west_train
site_07038,368270.0,west_train
site_07039,368270.0,west_train
site_07040,368270.0,west_train
site_07041,368270.0,west_train
site_07042,368270.0,west_train
site_07043,368270.0,west_train
site_07044,368270.0,west_train
site_07045,368270.0,west_train
site_07046,368270.0,west_train
site_07047,368270.0,west_train
site_07048,368270.0,west_train
site_07049,368270.0,west_train
site_07050,368270.0,west_train
site_07051,368270.0,west_train
site_07052,368270.0,west_train
site_07053,368270.0,west_train
site_07054,368270.0,west_train
site_07055,368270.0,west_train
site_07056,368270.0,west_train
site_07057,368270.0,west_train
site_07058,368270.0,west_train
site_07059,368270.0,west_train
site_07060,368270.0,west_train
site_07061,368270.0,west_train
site_07062,368270.0,west_train
site_07063,368270.0,west_train
site_07064,368270.0,west_train
site_07065,368270.0,west_train
site_07066,368270.0,west_train
site_07067,368270.0,west_train
site_07068,368270.0,west_train
site_07069,368270.0,west_train
site_07070,368270.0,west_train
site_07072,368270.0,west_train
site_07073,368270.0,west_train
site_07074,368270.0,west_train
site_07075,368270.0,west_train
site_07076,368270.0,west_train
site_07077,368370.0,west_train
site_07078,368370.0,west_train
site_07079,368370.0,west_train
site_07080,368370.0,west_train
site_07081,368370.0,west_train
site_07082,368370.0,west_train
site_07083,368370.0,west_train
site_07084,368370.0,west_train
site_07085,368370.0,west_train
site_07086,368370.0,west_train
site_07087,368370.0,west_train
site_07088,368370.0,west_train
site_07089,368370.0,west_train
site_07090,368370.0,west_train
site_07091,368370.0,west_train
site_07092,368370.0,west_train
site_07093,368370.0,west_train
site_07094,368370.0,west_train
site_07095,368370.0,west_train
site_07096,368370.0,west_train
site_07097,368370.0,west_train
site_07098,368370.0,west_train
site_07099,368370.0,west_train
site_07100,368370.0,west_train
site_07101,368370.0,west_train
site_07102,368370.0,west_train
site_07103,368370.0,west_train
site_07104,368370.0,west_train
site_07105,368370.0,west_train
site_07106,368370.0,west_train
site_07107,368370.0,west_train
site_07108,368370.0,west_train
site_07109,368370.0,west_train
site_07110,368370.0,west_train
site_07111,368370.0,west_train
site_07112,368370.0,west_train
site_07113,368370.0,west_train
site_07114,368370.0,west_train
site_07115,368370.0,west_train
site_07116,368370.0,west_train
site_07117,368370.0,west_train
site_07118,368370.0,west_train
site_07119,368370.0,west_train
site_07120,368370.0,west_train
site_07121,368370.0,west_train
site_07122,368370.0,west_train
site_07123,368370.0,west_train
site_07124,368370.0,west_train
site_07125,368370.0,west_train
site_07126,368370.0,west_train
site_07127,368370.0,west_train
site_07128,368370.0,west_train
site_07129,368370.0,west_train
site_07130,368370.0,west_train
site_07131,368370.0,west_train
site_07132,368370.0,west_train
site_07133,368370.0,west_train
site_07134,368370.0,west_train
site_07135,368370.0,west_train
site_07136,368370.0,west_train
site_07137,368370.0,west_train
site_07138,368370.0,west_train
site_07139,368370.0,west_train
site_07140,368470.0,west_train
site_07141,368470.0,west_train
site_07142,368470.0,west_train
site_07143,368470.0,west_train
site_07144,368470.0,west_train
site_07145,368470.0,west_train
site_07146,368470.0,west_train
site_07147,368470.0,west_train
site_07148,368470.0,west_train
site_07149,368470.0,west_train
site_07150,368470.0,west_train
site_07151,368470.0,west_train
site_07152,368470.0,west_train
site_07153,368470.0,west_train
site_07154,368470.0,west_train
site_07155,368470.0,west_train
site_07156,368470.0,west_train
site_07157,368470.0,west_train
site_07158,368470.0,west_train
site_07159,368470.0,west_train
site_07160,368470.0,west_train
site_07161,368470.0,west_train
site_07162,368470.0,west_train
site_07163,368470.0,west_train
site_07164,368470.0,west_train
site_07165,368470.0,west_train
site_07166,368470.0,west_train
site_07167,368470.0,west_train
site_07168,368470.0,west_train
site_07169,368470.0,west_train
site_07170,368470.0,west_train
site_07171,368470.0,west_train
site_07172,368470.0,west_train
site_07173,368470.0,west_train
site_07174,368470.0,west_train
site_07175,368470.0,west_train
site_07176,368470.0,west_train
site_07177,368470.0,west_train
site_07178,368470.0,west_train
site_07179,368470.0,west_train
site_07180,368470.0,west_train
site_07181,368470.0,west_train
site_07182,368470.0,west_train
site_07183,368470.0,west_train
site_07184,368470.0,west_train
site_07185,368470.0,west_train
site_07186,368470.0,west_train
site_07187,368470.0,west_train
site_07188,368470.0,west_train
site_07189,368470.0,west_train
site_07190,368470.0,west_train
site_07191,368470.0,west_train
site_07192,368470.0,west_train
site_07193,368470.0,west_train
site_07194,368470.0,west_train
site_07195,368470.0,west_train
site_07196,368470.0,west_train
site_07197,368470.0,west_train
site_07198,368470.0,west_train
site_07199,368470.0,west_train
site_07200,368470.0,west_train
site_07201,368470.0,west_train
site_07202,368470.0,west_train
site_07203,368470.0,west_train
site_07204,368470.0,west_train
site_07205,368570.0,west_train
site_07206,368570.0,west_train
site_07207,368570.0,west_train
site_07208,368570.0,west_train
site_07209,368570.0,west_train
site_07210,368570.0,west_train
site_07211,368570.0,west_train
site_07212,368570.0,west_train
site_07213,368570.0,west_train
site_07214,368570.0,west_train
site_07215,368570.0,west_train
site_07216,368570.0,west_train
site_07217,368570.0,west_train
site_07218,368570.0,west_train
site_07219,368570.0,west_train
site_07220,368570.0,west_train
site_07221,368570.0,west_train
site_07222,368570.0,west_train
site_07223,368570.0,west_train
site_07224,368570.0,west_train
site_07225,368570.0,west_train
site_07226,368570.0,west_train
site_07227,368570.0,west_train
site_07228,368570.0,west_train
site_07229,368570.0,west_train
site_07230,368570.0,west_train
site_07231,368570.0,west_train
site_07232,368570.0,west_train
site_07233,368570.0,west_train
site_07234,368570.0,west_train
site_07235,368570.0,west_train
site_07236,368570.0,west_train
site_07237,368570.0,west_train
site_07238,368570.0,west_train
site_07239,368570.0,west_train
site_07240,368570.0,west_train
site_07241,368570.0,west_train
site_07242,368570.0,west_train
site_07243,368570.0,west_train
site_07244,368570.0,west_train
site_07245,368570.0,west_train
site_07246,368570.0,west_train
site_07247,368570.0,west_train
site_07248,368570.0,west_train
site_07249,368570.0,west_train
site_07250,368570.0,west_train
site_07251,368570.0,west_train
site_07252,368570.0,west_train
site_07253,368570.0,west_train
site_07254,368570.0,west_train
site_07255,368570.0,west_train
site_07256,368570.0,west_train
site_07257,368570.0,west_train
site_07258,368570.0,west_train
site_07259,368570.0,west_train
site_07260,368570.0,west_train
site_07261,368570.0,west_train
site_07262,368570.0,west_train
site_07263,368570.0,west_train
site_07264,368570.0,west_train
site_07265,368570.0,west_train
site_07266,368570.0,west_train
site_07267,368570.0,west_train
site_07268,368570.0,west_train
site_07269,368570.0,west_train
site_07270,368570.0,west_train
site_07271,368570.0,west_train
site_07273,368670.0,west_train
site_07274,368670.0,west_train
site_07275,368670.0,west_train
site_07276,368670.0,west_train
site_07277,368670.0,west_train
site_07278,368670.0,west_train
site_07279,368670.0,west_train
site_07280,368670.0,west_train
site_07281,368670.0,west_train
site_07282,368670.0,west_train
site_07283,368670.0,west_train
site_07284,368670.0,west_train
site_07285,368670.0,west_train
site_07286,368670.0,west_train
site_07287,368670.0,west_train
site_07288,368670.0,west_train
site_07289,368670.0,west_train
site_07290,368670.0,west_train
site_07291,368670.0,west_train
site_07292,368670.0,west_train
site_07293,368670.0,west_train
site_07294,368670.0,west_train
site_07295,368670.0,west_train
site_07296,368670.0,west_train
site_07297,368670.0,west_train
site_07298,368670.0,west_train
site_07299,368670.0,west_train
site_07300,368670.0,west_train
site_07301,368670.0,west_train
site_07302,368670.0,west_train
site_07303,368670.0,west_train
site_07304,368670.0,west_train
site_07305,368670.0,west_train
site_07306,368670.0,west_train
site_07307,368670.0,west_train
site_07308,368670.0,west_train
site_07309,368670.0,west_train
site_07310,368670.0,west_train
site_07311,368670.0,west_train
site_07312,368670.0,west_train
site_07313,368670.0,west_train
site_07314,368670.0,west_train
site_07315,368670.0,west_train
site_07316,368670.0,west_train
site_07317,368670.0,west_train
site_07318,368670.0,west_train
site_07319,368670.0,west_train
site_07320,368670.0,west_train
site_07321,368670.0,west_train
site_07322,368670.0,west_train
site_07323,368670.0,west_train
site_07324,368670.0,west_train
site_07325,368670.0,west_train
site_07326,368670.0,west_train
site_07327,368670.0,west_train
site_07328,368670.0,west_train
site_07329,368670.0,west_train
site_07330,368670.0,west_train
site_07331,368670.0,west_train
site_07332,368670.0,west_train
site_07333,368670.0,west_train
site_07334,368670.0,west_train
site_07335,368670.0,west_train
site_07336,368670.0,west_train
site_07338,368670.0,west_train
site_07339,368670.0,west_train
site_07340,368770.0,west_train
site_07341,368770.0,west_train
site_07342,368770.0,west_train
site_07343,368770.0,west_train
site_07344,368770.0,west_train
site_07345,368770.0,west_train
site_07346,368770.0,west_train
site_07347,368770.0,west_train
site_07348,368770.0,west_train
site_07349,368770.0,west_train
site_07350,368770.0,west_train
site_07351,368770.0,west_train
site_07352,368770.0,west_train
site_07353,368770.0,west_train
site_07354,368770.0,west_train
site_07355,368770.0,west_train
site_07356,368770.0,west_train
site_07357,368770.0,west_train
site_07358,368770.0,west_train
site_07359,368770.0,west_train
site_07360,368770.0,west_train
site_07361,368770.0,west_train
site_07362,368770.0,west_train
site_07363,368770.0,west_train
site_07364,368770.0,west_train
site_07365,368770.0,west_train
site_07366,368770.0,west_train
site_07367,368770.0,west_train
site_07368,368770.0,west_train
site_07369,368770.0,west_train
site_07370,368770.0,west_train
site_07371,368770.0,west_train
site_07372,368770.0,west_train
site_07373,368770.0,west_train
site_07374,368770.0,west_train
site_07375,368770.0,west_train
site_07376,368770.0,west_train
site_07377,368770.0,west_train
site_07378,368770.0,west_train
site_07379,368770.0,west_train
site_07380,368770.0,west_train
site_07381,368770.0,west_train
site_07382,368770.0,west_train
site_07383,368770.0,west_train
site_07384,368770.0,west_train
site_07385,368770.0,west_train
site_07386,368770.0,west_train
site_07387,368770.0,west_train
site_07388,368770.0,west_train
site_07389,368770.0,west_train
site_07390,368770.0,west_train
site_07391,368770.0,west_train
site_07392,368770.0,west_train
site_07393,368770.0,west_train
site_07394,368770.0,west_train
site_07395,368770.0,west_train
site_07396,368770.0,west_train
site_07397,368770.0,west_train
site_07398,368770.0,west_train
site_07399,368770.0,west_train
site_07400,368770.0,west_train
site_07401,368770.0,west_train
site_07402,368770.0,west_train
site_07403,368770.0,west_train
site_07405,368770.0,west_train
site_07406,368770.0,west_train
site_07407,368770.0,west_train
site_07408,368870.0,west_train
site_07409,368870.0,west_train
site_07410,368870.0,west_train
site_07411,368870.0,west_train
site_07412,368870.0,west_train
site_07413,368870.0,west_train
site_07414,368870.0,west_train
site_07415,368870.0,west_train
site_07416,368870.0,west_train
site_07417,368870.0,west_train
site_07418,368870.0,west_train
site_07419,368870.0,west_train
site_07420,368870.0,west_train
site_07421,368870.0,west_train
site_07422,368870.0,west_train
site_07423,368870.0,west_train
site_07424,368870.0,west_train
site_07425,368870.0,west_train
site_07426,368870.0,west_train
site_07427,368870.0,west_train
site_07428,368870.0,west_train
site_07429,368870.0,west_train
site_07430,368870.0,west_train
site_07431,368870.0,west_train
site_07432,368870.0,west_train
site_07433,368870.0,west_train
site_07434,368870.0,west_train
site_07435,368870.0,west_train
site_07436,368870.0,west_train
site_07437,368870.0,west_train
site_07438,368870.0,west_train
site_07439,368870.0,west_train
site_07440,368870.0,west_train
site_07441,368870.0,west_train
site_07442,368870.0,west_train
site_07443,368870.0,west_train
site_07444,368870.0,west_train
site_07445,368870.0,west_train
site_07446,368870.0,west_train
site_07447,368870.0,west_train
site_07448,368870.0,west_train
site_07449,368870.0,west_train
site_07450,368870.0,west_train
site_07451,368870.0,west_train
site_07452,368870.0,west_train
site_07453,368870.0,west_train
site_07454,368870.0,west_train
site_07455,368870.0,west_train
site_07456,368870.0,west_train
site_07457,368870.0,west_train
site_07458,368870.0,west_train
site_07459,368870.0,west_train
site_07460,368870.0,west_train
site_07461,368870.0,west_train
site_07462,368870.0,west_train
site_07463,368870.0,west_train
site_07464,368870.0,west_train
site_07465,368870.0,west_train
site_07466,368870.0,west_train
site_07467,368870.0,west_train
site_07468,368870.0,west_train
site_07469,368870.0,west_train
site_07470,368870.0,west_train
site_07471,368870.0,west_train
site_07472,368870.0,west_train
site_07473,368870.0,west_train
site_07474,368870.0,west_train
site_07475,368870.0,west_train
site_07476,368870.0,west_train
site_07477,368970.0,west_train
site_07478,368970.0,west_train
site_07479,368970.0,west_train
site_07480,368970.0,west_train
site_07481,368970.0,west_train
site_07482,368970.0,west_train
site_07483,368970.0,west_train
site_07484,368970.0,west_train
site_07485,368970.0,west_train
site_07486,368970.0,west_train
site_07487,368970.0,west_train
site_07488,368970.0,west_train
site_07489,368970.0,west_train
site_07490,368970.0,west_train
site_07491,368970.0,west_train
site_07492,368970.0,west_train
site_07493,368970.0,west_train
site_07494,368970.0,west_train
site_07495,368970.0,west_train
site_07496,368970.0,west_train
site_07497,368970.0,west_train
site_07498,368970.0,west_train
site_07499,368970.0,west_train
site_07500,368970.0,west_train
site_07501,368970.0,west_train
site_07502,368970.0,west_train
site_07503,368970.0,west_train
site_07504,368970.0,west_train
site_07505,368970.0,west_train
site_07506,368970.0,west_train
site_07507,368970.0,west_train
site_07508,368970.0,west_train
site_07509,368970.0,west_train
site_07510,368970.0,west_train
site_07511,368970.0,west_train
site_07512,368970.0,west_train
site_07513,368970.0,west_train
site_07514,368970.0,west_train
site_07515,368970.0,west_train
site_07516,368970.0,west_train
site_07517,368970.0,west_train
site_07518,368970.0,west_train
site_07519,368970.0,west_train
site_07520,368970.0,west_train
site_07521,368970.0,west_train
site_07522,368970.0,west_train
site_07523,368970.0,west_train
site_07524,368970.0,west_train
site_07525,368970.0,west_train
site_07526,368970.0,west_train
site_07527,368970.0,west_train
site_07528,368970.0,west_train
site_07529,368970.0,west_train
site_07530,368970.0,west_train
site_07531,368970.0,west_train
site_07532,368970.0,west_train
site_07533,368970.0,west_train
site_07534,368970.0,west_train
site_07535,368970.0,west_train
site_07536,368970.0,west_train
site_07537,368970.0,west_train
site_07538,368970.0,west_train
site_07539,368970.0,west_train
site_07540,368970.0,west_train
site_07541,368970.0,west_train
site_07542,368970.0,west_train
site_07543,368970.0,west_train
site_07545,368970.0,west_train
site_07546,368970.0,west_train
site_07547,368970.0,west_train
site_07548,369070.0,west_train
site_07549,369070.0,west_train
site_07550,369070.0,west_train
site_07551,369070.0,west_train
site_07552,369070.0,west_train
site_07553,369070.0,west_train
site_07554,369070.0,west_train
site_07555,369070.0,west_train
site_07556,369070.0,west_train
site_07557,369070.0,west_train
site_07558,369070.0,west_train
site_07559,369070.0,west_train
site_07560,369070.0,west_train
site_07561,369070.0,west_train
site_07562,369070.0,west_train
site_07563,369070.0,west_train
site_07564,369070.0,west_train
site_07565,369070.0,west_train
site_07566,369070.0,west_train
site_07567,369070.0,west_train
site_07568,369070.0,west_train
site_07569,369070.0,west_train
site_07570,369070.0,west_train
site_07571,369070.0,west_train
site_07572,369070.0,west_train
site_07573,369070.0,west_train
site_07574,369070.0,west_train
site_07575,369070.0,west_train
site_07576,369070.0,west_train
site_07577,369070.0,west_train
site_07578,369070.0,west_train
site_07579,369070.0,west_train
site_07580,369070.0,west_train
site_07581,369070.0,west_train
site_07582,369070.0,west_train
site_07583,369070.0,west_train
site_07584,369070.0,west_train
site_07585,369070.0,west_train
site_07586,369070.0,west_train
site_07587,369070.0,west_train
site_07588,369070.0,west_train
site_07589,369070.0,west_train
site_07590,369070.0,west_train
site_07591,369070.0,west_train
site_07592,369070.0,west_train
site_07593,369070.0,west_train
site_07594,369070.0,west_train
site_07595,369070.0,west_train
site_07596,369070.0,west_train
site_07597,369070.0,west_train
site_07598,369070.0,west_train
site_07599,369170.0,west_train
site_07600,369170.0,west_train
site_07601,369170.0,west_train
site_07602,369170.0,west_train
site_07603,369170.0,west_train
site_07604,369170.0,west_train
site_07605,369170.0,west_train
site_07606,369170.0,west_train
site_07607,369170.0,west_train
site_07608,369170.0,west_train
site_07609,369170.0,west_train
site_07610,369170.0,west_train
site_07611,369170.0,west_train
site_07612,369170.0,west_train
site_07613,369170.0,west_train
site_07614,369170.0,west_train
site_07615,369170.0,west_train
site_07616,369170.0,west_train
site_07617,369170.0,west_train
site_07618,369170.0,west_train
site_07619,369170.0,west_train
site_07620,369170.0,west_train
site_07621,369170.0,west_train
site_07622,369170.0,west_train
site_07623,369170.0,west_train
site_07624,369170.0,west_train
site_07625,369170.0,west_train
site_07626,369170.0,west_train
site_07627,369170.0,west_train
site_07628,369170.0,west_train
site_07629,369170.0,west_train
site_07630,369170.0,west_train
site_07631,369170.0,west_train
site_07632,369170.0,west_train
site_07633,369170.0,west_train
site_07634,369170.0,west_train
site_07635,369170.0,west_train
site_07636,369170.0,west_train
site_07637,369170.0,west_train
site_07638,369170.0,west_train
site_07639,369170.0,west_train
site_07640,369170.0,west_train
site_07641,369170.0,west_train
site_07642,369170.0,west_train
site_07643,369170.0,west_train
site_07644,369170.0,west_train
site_07645,369170.0,west_train
site_07646,369170.0,west_train
site_07647,369170.0,west_train
site_07648,369170.0,west_train
site_07650,369170.0,west_train
site_07651,369170.0,west_train
site_07653,369270.0,west_train
site_07654,369270.0,west_train
site_07655,369270.0,west_train
site_07656,369270.0,west_train
site_07657,369270.0,west_train
site_07658,369270.0,west_train
site_07659,369270.0,west_train
site_07660,369270.0,west_train
site_07661,369270.0,west_train
site_07662,369270.0,west_train
site_07663,369270.0,west_train
site_07664,369270.0,west_train
site_07665,369270.0,west_train
site_07666,369270.0,west_train
site_07667,369270.0,west_train
site_07668,369270.0,west_train
site_07669,369270.0,west_train
site_07670,369270.0,west_train
site_07671,369270.0,west_train
site_07672,369270.0,west_train
site_07673,369270.0,west_train
site_07674,369270.0,west_train
site_07675,369270.0,west_train
site_07676,369270.0,west_train
site_07677,369270.0,west_train
site_07678,369270.0,west_train
site_07679,369270.0,west_train
site_07680,369270.0,west_train
site_07681,369270.0,west_train
site_07682,369270.0,west_train
site_07683,369270.0,west_train
site_07684,369270.0,west_train
site_07685,369270.0,west_train
site_07686,369270.0,west_train
site_07687,369270.0,west_train
site_07688,369270.0,west_train
site_07689,369270.0,west_train
site_07690,369270.0,west_train
site_07691,369270.0,west_train
site_07692,369270.0,west_train
site_07693,369270.0,west_train
site_07694,369270.0,west_train
site_07695,369270.0,west_train
site_07696,369270.0,west_train
site_07697,369270.0,west_train
site_07698,369270.0,west_train
site_07699,369270.0,west_train
site_07700,369270.0,west_train
site_07701,369270.0,west_train
site_07702,369270.0,west_train
site_07703,369270.0,west_train
site_07705,369270.0,west_train
site_07706,369270.0,west_train
site_07708,369370.0,west_train
site_07709,369370.0,west_train
site_07710,369370.0,west_train
site_07711,369370.0,west_train
site_07712,369370.0,west_train
site_07713,369370.0,west_train
site_07714,369370.0,west_train
site_07715,369370.0,west_train
site_07716,369370.0,west_train
site_07717,369370.0,west_train
site_07718,369370.0,west_train
site_07719,369370.0,west_train
site_07720,369370.0,west_train
site_07721,369370.0,west_train
site_07722,369370.0,west_train
site_07723,369370.0,west_train
site_07724,369370.0,west_train
site_07725,369370.0,west_train
site_07726,369370.0,west_train
site_07727,369370.0,west_train
site_07728,369370.0,west_train
site_07729,369370.0,west_train
site_07730,369370.0,west_train
site_07731,369370.0,west_train
site_07732,369370.0,west_train
site_07733,369370.0,west_train
site_07734,369370.0,west_train
site_07735,369370.0,west_train
site_07736,369370.0,west_train
site_07737,369370.0,west_train
site_07738,369370.0,west_train
site_07739,369370.0,west_train
site_07740,369370.0,west_train
site_07741,369370.0,west_train
site_07742,369370.0,west_train
site_07743,369370.0,west_train
site_07744,369370.0,west_train
site_07745,369370.0,west_train
site_07746,369370.0,west_train
site_07747,369370.0,west_train
site_07748,369370.0,west_train
site_07749,369370.0,west_train
site_07750,369370.0,west_train
site_07751,369370.0,west_train
site_07752,369370.0,west_train
site_07753,369370.0,west_train
site_07754,369370.0,west_train
site_07755,369370.0,west_train
site_07756,369370.0,west_train
site_07757,369370.0,west_train
site_07758,369370.0,west_train
site_07759,369370.0,west_train
site_07760,369370.0,west_train
site_07761,369370.0,west_train
site_07762,369470.0,west_train
site_07763,369470.0,west_train
site_07764,369470.0,west_train
site_07765,369470.0,west_train
site_07766,369470.0,west_train
site_07767,369470.0,west_train
site_07768,369470.0,west_train
site_07769,369470.0,west_train
site_07770,369470.0,west_train
site_07771,369470.0,west_train
site_07772,369470.0,west_train
site_07773,369470.0,west_train
site_07774,369470.0,west_train
site_07775,369470.0,west_train
site_07776,369470.0,west_train
site_07777,369470.0,west_train
site_07778,369470.0,west_train
site_07779,369470.0,west_train
site_07780,369470.0,west_train
site_07781,369470.0,west_train
site_07782,369470.0,west_train
site_07783,369470.0,west_train
site_07784,369470.0,west_train
site_07785,369470.0,west_train
site_07786,369470.0,west_train
site_07787,369470.0,west_train
site_07788,369470.0,west_train
site_07789,369470.0,west_train
site_07790,369470.0,west_train
site_07791,369470.0,west_train
site_07792,369470.0,west_train
site_07793,369470.0,west_train
site_07794,369470.0,west_train
site_07795,369470.0,west_train
site_07796,369470.0,west_train
site_07797,369470.0,west_train
site_07798,369470.0,west_train
site_07799,369470.0,west_train
site_07800,369470.0,west_train
site_07801,369470.0,west_train
site_07802,369470.0,west_train
site_07803,369470.0,west_train
site_07804,369470.0,west_train
site_07805,369470.0,west_train
site_07806,369470.0,west_train
site_07807,369470.0,west_train
site_07808,369470.0,west_train
site_07809,369470.0,west_train
site_07810,369470.0,west_train
site_07811,369470.0,west_train
site_07812,369470.0,west_train
site_07813,369470.0,west_train
site_07814,369470.0,west_train
site_07815,369470.0,west_train
site_07816,369470.0,west_train
site_07819,369570.0,west_train
site_07820,369570.0,west_train
site_07821,369570.0,west_train
site_07822,369570.0,west_train
site_07823,369570.0,west_train
site_07824,369570.0,west_train
site_07825,369570.0,west_train
site_07826,369570.0,west_train
site_07827,369570.0,west_train
site_07828,369570.0,west_train
site_07829,369570.0,west_train
site_07830,369570.0,west_train
site_07831,369570.0,west_train
site_07832,369570.0,west_train
site_07833,369570.0,west_train
site_07834,369570.0,west_train
site_07835,369570.0,west_train
site_07836,369570.0,west_train
site_07837,369570.0,west_train
site_07838,369570.0,west_train
site_07839,369570.0,west_train
site_07840,369570.0,west_train
site_07841,369570.0,west_train
site_07842,369570.0,west_train
site_07843,369570.0,west_train
site_07844,369570.0,west_train
site_07845,369570.0,west_train
site_07846,369570.0,west_train
site_07847,369570.0,west_train
site_07848,369570.0,west_train
site_07849,369570.0,west_train
site_07850,369570.0,west_train
site_07851,369570.0,west_train
site_07852,369570.0,west_train
site_07853,369570.0,west_train
site_07854,369570.0,west_train
site_07855,369570.0,west_train
site_07856,369570.0,west_train
site_07857,369570.0,west_train
site_07858,369570.0,west_train
site_07859,369570.0,west_train
site_07860,369570.0,west_train
site_07861,369570.0,west_train
site_07862,369570.0,west_train
site_07863,369570.0,west_train
site_07864,369570.0,west_train
site_07865,369570.0,west_train
site_07866,369570.0,west_train
site_07867,369570.0,west_train
site_07868,369570.0,west_train
site_07869,369570.0,west_train
site_07870,369570.0,west_train
site_07871,369570.0,west_train
site_07872,369570.0,west_train
site_07873,369570.0,west_train
site_07874,369570.0,west_train
site_07876,369670.0,west_train
site_07877,369670.0,west_train
site_07878,369670.0,west_train
site_07879,369670.0,west_train
site_07880,369670.0,west_train
site_07881,369670.0,west_train
site_07882,369670.0,west_train
site_07883,369670.0,west_train
site_07884,369670.0,west_train
site_07885,369670.0,west_train
site_07886,369670.0,west_train
site_07887,369670.0,west_train
site_07888,369670.0,west_train
site_07889,369670.0,west_train
site_07890,369670.0,west_train
site_07891,369670.0,west_train
site_07892,369670.0,west_train
site_07893,369670.0,west_train
site_07894,369670.0,west_train
site_07895,369670.0,west_train
site_07896,369670.0,west_train
site_07897,369670.0,west_train
site_07898,369670.0,west_train
site_07899,369670.0,west_train
site_07900,369670.0,west_train
site_07901,369670.0,west_train
site_07902,369670.0,west_train
site_07903,369670.0,west_train
site_07904,369670.0,west_train
site_07905,369670.0,west_train
site_07906,369670.0,west_train
site_07907,369670.0,west_train
site_07908,369670.0,west_train
site_07909,369670.0,west_train
site_07910,369670.0,west_train
site_07911,369670.0,west_train
site_07912,369670.0,west_train
site_07913,369670.0,west_train
site_07914,369670.0,west_train
site_07915,369670.0,west_train
site_07916,369670.0,west_train
site_07917,369670.0,west_train
site_07918,369670.0,west_train
site_07919,369670.0,west_train
site_07920,369670.0,west_train
site_07921,369670.0,west_train
site_07922,369670.0,west_train
site_07923,369670.0,west_train
site_07924,369670.0,west_train
site_07925,369670.0,west_train
site_07926,369670.0,west_train
site_07927,369670.0,west_train
site_07928,369670.0,west_train
site_07929,369670.0,west_train
site_07930,369670.0,west_train
site_07931,369670.0,west_train
site_07932,369670.0,west_train
site_07933,369770.0,west_train
site_07934,369770.0,west_train
site_07935,369770.0,west_train
site_07936,369770.0,west_train
site_07937,369770.0,west_train
site_07938,369770.0,west_train
site_07939,369770.0,west_train
site_07940,369770.0,west_train
site_07941,369770.0,west_train
site_07942,369770.0,west_train
site_07943,369770.0,west_train
site_07944,369770.0,west_train
site_07945,369770.0,west_train
site_07946,369770.0,west_train
site_07947,369770.0,west_train
site_07948,369770.0,west_train
site_07949,369770.0,west_train
site_07950,369770.0,west_train
site_07951,369770.0,west_train
site_07952,369770.0,west_train
site_07953,369770.0,west_train
site_07954,369770.0,west_train
site_07955,369770.0,west_train
site_07956,369770.0,west_train
site_07957,369770.0,west_train
site_07958,369770.0,west_train
site_07959,369770.0,west_train
site_07960,369770.0,west_train
site_07961,369770.0,west_train
site_07962,369770.0,west_train
site_07963,369770.0,west_train
site_07964,369770.0,west_train
site_07965,369770.0,west_train
site_07966,369770.0,west_train
site_07967,369770.0,west_train
site_07968,369770.0,west_train
site_07969,369770.0,west_train
site_07970,369770.0,west_train
site_07971,369770.0,west_train
site_07972,369770.0,west_train
site_07973,369770.0,west_train
site_07974,369770.0,west_train
site_07975,369770.0,west_train
site_07976,369770.0,west_train
site_07977,369770.0,west_train
site_07978,369770.0,west_train
site_07979,369770.0,west_train
site_07980,369770.0,west_train
site_07981,369770.0,west_train
site_07982,369770.0,west_train
site_07983,369770.0,west_train
site_07984,369770.0,west_train
site_07985,369770.0,west_train
site_07986,369770.0,west_train
site_07987,369770.0,west_train
site_07988,369770.0,west_train
site_07989,369770.0,west_train
site_07990,369870.0,west_train
site_07991,369870.0,west_train
site_07992,369870.0,west_train
site_07993,369870.0,west_train
site_07994,369870.0,west_train
site_07995,369870.0,west_train
site_07996,369870.0,west_train
site_07997,369870.0,west_train
site_07998,369870.0,west_train
site_07999,369870.0,west_train
site_08000,369870.0,west_train
site_08001,369870.0,west_train
site_08002,369870.0,west_train
site_08003,369870.0,west_train
site_08004,369870.0,west_train
site_08005,369870.0,west_train
site_08006,369870.0,west_train
site_08007,369870.0,west_train
site_08008,369870.0,west_train
site_08009,369870.0,west_train
site_08010,369870.0,west_train
site_08011,369870.0,west_train
site_08012,369870.0,west_train
site_08013,369870.0,west_train
site_08014,369870.0,west_train
site_08015,369870.0,west_train
site_08016,369870.0,west_train
site_08017,369870.0,west_train
site_08018,369870.0,west_train
site_08019,369870.0,west_train
site_08020,369870.0,west_train
site_08021,369870.0,west_train
site_08022,369870.0,west_train
site_08023,369870.0,west_train
site_08024,369870.0,west_train
site_08025,369870.0,west_train
site_08026,369870.0,west_train
site_08027,369870.0,west_train
site_08028,369870.0,west_train
site_08029,369870.0,west_train
site_08030,369870.0,west_train
site_08031,369870.0,west_train
site_08032,369870.0,west_train
site_08033,369870.0,west_train
site_08034,369870.0,west_train
site_08035,369870.0,west_train
site_08036,369870.0,west_train
site_08037,369870.0,west_train
site_08038,369870.0,west_train
site_08039,369870.0,west_train
site_08040,369870.0,west_train
site_08041,369870.0,west_train
site_08042,369870.0,west_train
site_08043,369870.0,west_train
site_08044,369870.0,west_train
site_08045,369870.0,west_train
site_08046,369870.0,west_train
site_08047,369870.0,west_train
site_08048,369870.0,west_train
site_08049,369970.0,west_train
site_08050,369970.0,west_train
site_08051,369970.0,west_train
site_08052,369970.0,west_train
site_08053,369970.0,west_train
site_08054,369970.0,west_train
site_08055,369970.0,west_train
site_08056,369970.0,west_train
site_08057,369970.0,west_train
site_08058,369970.0,west_train
site_08059,369970.0,west_train
site_08060,369970.0,west_train
site_08061,369970.0,west_train
site_08062,369970.0,west_train
site_08063,369970.0,west_train
site_08064,369970.0,west_train
site_08065,369970.0,west_train
site_08066,369970.0,west_train
site_08067,369970.0,west_train
site_08068,369970.0,west_train
site_08069,369970.0,west_train
site_08070,369970.0,west_train
site_08071,369970.0,west_train
site_08072,369970.0,west_train
site_08073,369970.0,west_train
site_08074,369970.0,west_train
site_08075,369970.0,west_train
site_08076,369970.0,west_train
site_08077,369970.0,west_train
site_08078,369970.0,west_train
site_08079,369970.0,west_train
site_08080,369970.0,west_train
site_08081,369970.0,west_train
site_08082,369970.0,west_train
site_08083,369970.0,west_train
site_08084,369970.0,west_train
site_08085,369970.0,west_train
site_08086,369970.0,west_train
site_08087,369970.0,west_train
site_08088,369970.0,west_train
site_08089,369970.0,west_train
site_08090,369970.0,west_train
site_08091,369970.0,west_train
site_08092,369970.0,west_train
site_08093,369970.0,west_train
site_08094,369970.0,west_train
site_08095,369970.0,west_train
site_08096,369970.0,west_train
site_08097,369970.0,west_train
site_08098,369970.0,west_train
site_08099,369970.0,west_train
site_08100,369970.0,west_train
site_08101,369970.0,west_train
site_08102,369970.0,west_train
site_08103,369970.0,west_train
site_08104,369970.0,west_train
site_08105,369970.0,west_train
site_08106,369970.0,west_train
site_08108,369970.0,west_train
site_08109,369970.0,west_train
site_08110,370070.0,west_train
site_08111,370070.0,west_train
site_08112,370070.0,west_train
site_08113,370070.0,west_train
site_08114,370070.0,west_train
site_08115,370070.0,west_train
site_08116,370070.0,west_train
site_08117,370070.0,west_train
site_08118,370070.0,west_train
site_08119,370070.0,west_train
site_08120,370070.0,west_train
site_08121,370070.0,west_train
site_08122,370070.0,west_train
site_08123,370070.0,west_train
site_08124,370070.0,west_train
site_08125,370070.0,west_train
site_08126,370070.0,west_train
site_08127,370070.0,west_train
site_08128,370070.0,west_train
site_08129,370070.0,west_train
site_08130,370070.0,west_train
site_08131,370070.0,west_train
site_08132,370070.0,west_train
site_08133,370070.0,west_train
site_08134,370070.0,west_train
site_08135,370070.0,west_train
site_08136,370070.0,west_train
site_08137,370070.0,west_train
site_08138,370070.0,west_train
site_08139,370070.0,west_train
site_08140,370070.0,west_train
site_08141,370070.0,west_train
site_08142,370070.0,west_train
site_08143,370070.0,west_train
site_08144,370070.0,west_train
site_08145,370070.0,west_train
site_08146,370070.0,west_train
site_08147,370070.0,west_train
site_08148,370070.0,west_train
site_08149,370070.0,west_train
site_08150,370070.0,west_train
site_08151,370070.0,west_train
site_08152,370070.0,west_train
site_08153,370070.0,west_train
site_08154,370070.0,west_train
site_08155,370070.0,west_train
site_08156,370070.0,west_train
site_08157,370070.0,west_train
site_08158,370070.0,west_train
site_08159,370070.0,west_train
site_08160,370070.0,west_train
site_08162,370170.0,west_train
site_08163,370170.0,west_train
site_08164,370170.0,west_train
site_08165,370170.0,west_train
site_08166,370170.0,west_train
site_08167,370170.0,west_train
site_08168,370170.0,west_train
site_08169,370170.0,west_train
site_08170,370170.0,west_train
site_08171,370170.0,west_train
site_08172,370170.0,west_train
site_08173,370170.0,west_train
site_08174,370170.0,west_train
site_08175,370170.0,west_train
site_08176,370170.0,west_train
site_08177,370170.0,west_train
site_08178,370170.0,west_train
site_08179,370170.0,west_train
site_08180,370170.0,west_train
site_08181,370170.0,west_train
site_08182,370170.0,west_train
site_08183,370170.0,west_train
site_08184,370170.0,west_train
site_08185,370170.0,west_train
site_08186,370170.0,west_train
site_08187,370170.0,west_train
site_08188,370170.0,west_train
site_08189,370170.0,west_train
site_08190,370170.0,west_train
site_08191,370170.0,west_train
site_08192,370170.0,west_train
site_08193,370170.0,west_train
site_08194,370170.0,west_train
site_08195,370170.0,west_train
site_08196,370170.0,west_train
site_08197,370170.0,west_train
site_08198,370170.0,west_train
site_08199,370170.0,west_train
site_08200,370170.0,west_train
site_08201,370170.0,west_train
site_08202,370170.0,west_train
site_08203,370170.0,west_train
site_08204,370170.0,west_train
site_08205,370170.0,west_train
site_08206,370170.0,west_train
site_08207,370170.0,west_train
site_08208,370170.0,west_train
site_08209,370170.0,west_train
site_08210,370170.0,west_train
site_08211,370170.0,west_train
site_08212,370170.0,west_train
site_08213,370170.0,west_train
site_08214,370170.0,west_train
site_08215,370270.0,west_train
site_08216,370270.0,west_train
site_08217,370270.0,west_train
site_08218,370270.0,west_train
site_08219,370270.0,west_train
site_08220,370270.0,west_train
site_08221,370270.0,west_train
site_08222,370270.0,west_train
site_08223,370270.0,west_train
site_08224,370270.0,west_train
site_08225,370270.0,west_train
site_08226,370270.0,west_train
site_08227,370270.0,west_train
site_08228,370270.0,west_train
site_08229,370270.0,west_train
site_08230,370270.0,west_train
site_08231,370270.0,west_train
site_08232,370270.0,west_train
site_08233,370270.0,west_train
site_08234,370270.0,west_train
site_08235,370270.0,west_train
site_08236,370270.0,west_train
site_08237,370270.0,west_train
site_08238,370270.0,west_train
site_08239,370270.0,west_train
site_08240,370270.0,west_train
site_08241,370270.0,west_train
site_08242,370270.0,west_train
site_08243,370270.0,west_train
site_08244,370270.0,west_train
site_08245,370270.0,west_train
site_08246,370270.0,west_train
site_08247,370270.0,west_train
site_08248,370270.0,west_train
site_08249,370270.0,west_train
site_08250,370270.0,west_train
site_08251,370270.0,west_train
site_08252,370270.0,west_train
site_08253,370270.0,west_train
site_08254,370270.0,west_train
site_08255,370270.0,west_train
site_08256,370270.0,west_train
site_08257,370270.0,west_train
site_08258,370270.0,west_train
site_08259,370270.0,west_train
site_08260,370270.0,west_train
site_08261,370270.0,west_train
site_08262,370270.0,west_train
site_08263,370270.0,west_train
site_08264,370270.0,west_train
site_08266,370370.0,west_train
site_08267,370370.0,west_train
site_08268,370370.0,west_train
site_08269,370370.0,west_train
site_08270,370370.0,west_train
site_08271,370370.0,west_train
site_08272,370370.0,west_train
site_08273,370370.0,west_train
site_08274,370370.0,west_train
site_08275,370370.0,west_train
site_08276,370370.0,west_train
site_08277,370370.0,west_train
site_08278,370370.0,west_train
site_08279,370370.0,west_train
site_08280,370370.0,west_train
site_08281,370370.0,west_train
site_08282,370370.0,west_train
site_08283,370370.0,west_train
site_08284,370370.0,west_train
site_08285,370370.0,west_train
site_08286,370370.0,west_train
site_08287,370370.0,west_train
site_08288,370370.0,west_train
site_08289,370370.0,west_train
site_08290,370370.0,west_train
site_08291,370370.0,west_train
site_08292,370370.0,west_train
site_08293,370370.0,west_train
site_08294,370370.0,west_train
site_08295,370370.0,west_train
site_08296,370370.0,west_train
site_08297,370370.0,west_train
site_08298,370370.0,west_train
site_08299,370370.0,west_train
site_08300,370370.0,west_train
site_08301,370370.0,west_train
site_08302,370370.0,west_train
site_08303,370370.0,west_train
site_08304,370370.0,west_train
site_08305,370370.0,west_train
site_08306,370370.0,west_train
site_08307,370370.0,west_train
site_08308,370370.0,west_train
site_08309,370370.0,west_train
site_08310,370370.0,west_train
site_08311,370370.0,west_train
site_08312,370370.0,west_train
site_08313,370370.0,west_train
site_08314,370370.0,west_train
site_08315,370370.0,west_train
site_08316,370370.0,west_train
site_08317,370470.0,west_train
site_08318,370470.0,west_train
site_08319,370470.0,west_train
site_08320,370470.0,west_train
site_08321,370470.0,west_train
site_08322,370470.0,west_train
site_08323,370470.0,west_train
site_08324,370470.0,west_train
site_08325,370470.0,west_train
site_08326,370470.0,west_train
site_08327,370470.0,west_train
site_08328,370470.0,west_train
site_08329,370470.0,west_train
site_08330,370470.0,west_train
site_08331,370470.0,west_train
site_08332,370470.0,west_train
site_08333,370470.0,west_train
site_08334,370470.0,west_train
site_08335,370470.0,west_train
site_08336,370470.0,west_train
site_08337,370470.0,west_train
site_08338,370470.0,west_train
site_08339,370470.0,west_train
site_08340,370470.0,west_train
site_08341,370470.0,west_train
site_08342,370470.0,west_train
site_08343,370470.0,west_train
site_08344,370470.0,west_train
site_08345,370470.0,west_train
site_08346,370470.0,west_train
site_08347,370470.0,west_train
site_08348,370470.0,west_train
site_08349,370470.0,west_train
site_08350,370470.0,west_train
site_08351,370470.0,west_train
site_08352,370470.0,west_train
site_08353,370470.0,west_train
site_08354,370470.0,west_train
site_08355,370470.0,west_train
site_08356,370470.0,west_train
site_08357,370470.0,west_train
site_08358,370470.0,west_train
site_08359,370470.0,west_train
site_08360,370470.0,west_train
site_08361,370470.0,west_train
site_08362,370470.0,west_train
site_08363,370470.0,west_train
site_08364,370470.0,west_train
site_08365,370470.0,west_train
site_08366,370470.0,west_train
site_08367,370470.0,west_train
site_08368,370470.0,west_train
site_08370,370570.0,west_train
site_08371,370570.0,west_train
site_08372,370570.0,west_train
site_08373,370570.0,west_train
site_08374,370570.0,west_train
site_08375,370570.0,west_train
site_08376,370570.0,west_train
site_08377,370570.0,west_train
site_08378,370570.0,west_train
site_08379,370570.0,west_train
site_08380,370570.0,west_train
site_08381,370570.0,west_train
site_08382,370570.0,west_train
site_08383,370570.0,west_train
site_08384,370570.0,west_train
site_08385,370570.0,west_train
site_08386,370570.0,west_train
site_08387,370570.0,west_train
site_08388,370570.0,west_train
site_08389,370570.0,west_train
site_08390,370570.0,west_train
site_08391,370570.0,west_train
site_08392,370570.0,west_train
site_08393,370570.0,west_train
site_08394,370570.0,west_train
site_08395,370570.0,west_train
site_08396,370570.0,west_train
site_08397,370570.0,west_train
site_08398,370570.0,west_train
site_08399,370570.0,west_train
site_08400,370570.0,west_train
site_08401,370570.0,west_train
site_08402,370570.0,west_train
site_08403,370570.0,west_train
site_08405,370570.0,west_train
site_08406,370570.0,west_train
site_08407,370570.0,west_train
site_08408,370570.0,west_train
site_08409,370570.0,west_train
site_08410,370570.0,west_train
site_08411,370570.0,west_train
site_08412,370570.0,west_train
site_08413,370570.0,west_train
site_08414,370570.0,west_train
site_08415,370570.0,west_train
site_08416,370570.0,west_train
site_08417,370570.0,west_train
site_08418,370570.0,west_train
site_08419,370570.0,west_train
site_08420,370570.0,west_train
site_08421,370570.0,west_train
site_08422,370570.0,west_train
site_08423,370570.0,west_train
site_08424,370570.0,west_train
site_08425,370670.0,west_train
site_08426,370670.0,west_train
site_08427,370670.0,west_train
site_08428,370670.0,west_train
site_08429,370670.0,west_train
site_08430,370670.0,west_train
site_08431,370670.0,west_train
site_08432,370670.0,west_train
site_08433,370670.0,west_train
site_08434,370670.0,west_train
site_08435,370670.0,west_train
site_08436,370670.0,west_train
site_08437,370670.0,west_train
site_08438,370670.0,west_train
site_08439,370670.0,west_train
site_08440,370670.0,west_train
site_08441,370670.0,west_train
site_08442,370670.0,west_train
site_08443,370670.0,west_train
site_08444,370670.0,west_train
site_08445,370670.0,west_train
site_08446,370670.0,west_train
site_08447,370670.0,west_train
site_08448,370670.0,west_train
site_08449,370670.0,west_train
site_08450,370670.0,west_train
site_08451,370670.0,west_train
site_08452,370670.0,west_train
site_08453,370670.0,west_train
site_08454,370670.0,west_train
site_08455,370670.0,west_train
site_08456,370670.0,west_train
site_08457,370670.0,west_train
site_08458,370670.0,west_train
site_08459,370670.0,west_train
site_08460,370670.0,west_train
site_08461,370670.0,west_train
site_08462,370670.0,west_train
site_08463,370670.0,west_train
site_08464,370670.0,west_train
site_08465,370670.0,west_train
site_08466,370670.0,west_train
site_08467,370670.0,west_train
site_08468,370670.0,west_train
site_08469,370670.0,west_train
site_08470,370670.0,west_train
site_08471,370670.0,west_train
site_08472,370670.0,west_train
site_08473,370670.0,west_train
site_08474,370670.0,west_train
site_08475,370670.0,west_train
site_08476,370670.0,west_train
site_08477,370670.0,west_train
site_08478,370770.0,west_train
site_08479,370770.0,west_train
site_08480,370770.0,west_train
site_08481,370770.0,west_train
site_08482,370770.0,west_train
site_08483,370770.0,west_train
site_08484,370770.0,west_train
site_08485,370770.0,west_train
site_08486,370770.0,west_train
site_08487,370770.0,west_train
site_08488,370770.0,west_train
site_08489,370770.0,west_train
site_08490,370770.0,west_train
site_08491,370770.0,west_train
site_08492,370770.0,west_train
site_08493,370770.0,west_train
site_08494,370770.0,west_train
site_08495,370770.0,west_train
site_08496,370770.0,west_train
site_08497,370770.0,west_train
site_08498,370770.0,west_train
site_08499,370770.0,west_train
site_08500,370770.0,west_train
site_08501,370770.0,west_train
site_08502,370770.0,west_train
site_08503,370770.0,west_train
site_08504,370770.0,west_train
site_08505,370770.0,west_train
site_08506,370770.0,west_train
site_08507,370770.0,west_train
site_08508,370770.0,west_train
site_08509,370770.0,west_train
site_08510,370770.0,west_train
site_08511,370770.0,west_train
site_08512,370770.0,west_train
site_08513,370770.0,west_train
site_08514,370770.0,west_train
site_08515,370770.0,west_train
site_08516,370770.0,west_train
site_08517,370770.0,west_train
site_08518,370770.0,west_train
site_08519,370770.0,west_train
site_08520,370770.0,west_train
site_08521,370770.0,west_train
site_08522,370770.0,west_train
site_08523,370770.0,west_train
site_08524,370770.0,west_train
site_08525,370770.0,west_train
site_08526,370770.0,west_train
site_08527,370770.0,west_train
site_08528,370770.0,west_train
site_08529,370770.0,west_train
site_08530,370770.0,west_train
site_08531,370770.0,west_train
site_08533,370870.0,west_train
site_08534,370870.0,west_train
site_08535,370870.0,west_train
site_08536,370870.0,west_train
site_08537,370870.0,west_train
site_08538,370870.0,west_train
site_08539,370870.0,west_train
site_08540,370870.0,west_train
site_08541,370870.0,west_train
site_08542,370870.0,west_train
site_08543,370870.0,west_train
site_08544,370870.0,west_train
site_08545,370870.0,west_train
site_08546,370870.0,west_train
site_08547,370870.0,west_train
site_08548,370870.0,west_train
site_08549,370870.0,west_train
site_08550,370870.0,west_train
site_08551,370870.0,west_train
site_08552,370870.0,west_train
site_08553,370870.0,west_train
site_08554,370870.0,west_train
site_08555,370870.0,west_train
site_08556,370870.0,west_train
site_08557,370870.0,west_train
site_08558,370870.0,west_train
site_08559,370870.0,west_train
site_08560,370870.0,west_train
site_08561,370870.0,west_train
site_08562,370870.0,west_train
site_08563,370870.0,west_train
site_08564,370870.0,west_train
site_08565,370870.0,west_train
site_08566,370870.0,west_train
site_08567,370870.0,west_train
site_08568,370870.0,west_train
site_08569,370870.0,west_train
site_08570,370870.0,west_train
site_08571,370870.0,west_train
site_08572,370870.0,west_train
site_08573,370870.0,west_train
site_08574,370870.0,west_train
site_08575,370870.0,west_train
site_08576,370870.0,west_train
site_08577,370870.0,west_train
site_08578,370870.0,west_train
site_08579,370870.0,west_train
site_08580,370870.0,west_train
site_08581,370870.0,west_train
site_08582,370870.0,west_train
site_08583,370870.0,west_train
site_08584,370870.0,west_train
site_08585,370870.0,west_train
site_08586,370870.0,west_train
site_08587,370870.0,west_train
site_08588,370870.0,west_train
site_08589,370970.0,west_train
site_08590,370970.0,west_train
site_08591,370970.0,west_train
site_08592,370970.0,west_train
site_08593,370970.0,west_train
site_08594,370970.0,west_train
site_08595,370970.0,west_train
site_08596,370970.0,west_train
site_08597,370970.0,west_train
site_08598,370970.0,west_train
site_08599,370970.0,west_train
site_08600,370970.0,west_train
site_08601,370970.0,west_train
site_08602,370970.0,west_train
site_08603,370970.0,west_train
site_08604,370970.0,west_train
site_08605,370970.0,west_train
site_08606,370970.0,west_train
site_08607,370970.0,west_train
site_08608,370970.0,west_train
site_08609,370970.0,west_train
site_08610,370970.0,west_train
site_08611,370970.0,west_train
site_08612,370970.0,west_train
site_08613,370970.0,west_train
site_08614,370970.0,west_train
site_08615,370970.0,west_train
site_08616,370970.0,west_train
site_08617,370970.0,west_train
site_08618,370970.0,west_train
site_08619,370970.0,west_train
site_08620,370970.0,west_train
site_08621,370970.0,west_train
site_08622,370970.0,west_train
site_08623,370970.0,west_train
site_08624,370970.0,west_train
site_08625,370970.0,west_train
site_08626,370970.0,west_train
site_08627,370970.0,west_train
site_08628,370970.0,west_train
site_08629,370970.0,west_train
site_08630,370970.0,west_train
site_08631,370970.0,west_train
site_08632,370970.0,west_train
site_08633,370970.0,west_train
site_08634,370970.0,west_train
site_08635,370970.0,west_train
site_08636,370970.0,west_train
site_08637,370970.0,west_train
site_08638,370970.0,west_train
site_08639,370970.0,west_train
site_08640,370970.0,west_train
site_08641,370970.0,west_train
site_08642,370970.0,west_train
site_08643,370970.0,west_train
site_08644,370970.0,west_train
site_08645,370970.0,west_train
site_08646,370970.0,west_train
site_08647,370970.0,west_train
site_08648,371070.0,west_train
site_08649,371070.0,west_train
site_08650,371070.0,west_train
site_08651,371070.0,west_train
site_08652,371070.0,west_train
site_08653,371070.0,west_train
site_08654,371070.0,west_train
site_08655,371070.0,west_train
site_08656,371070.0,west_train
site_08657,371070.0,west_train
site_08658,371070.0,west_train
site_08659,371070.0,west_train
site_08660,371070.0,west_train
site_08661,371070.0,west_train
site_08662,371070.0,west_train
site_08663,371070.0,west_train
site_08664,371070.0,west_train
site_08665,371070.0,west_train
site_08666,371070.0,west_train
site_08667,371070.0,west_train
site_08668,371070.0,west_train
site_08669,371070.0,west_train
site_08670,371070.0,west_train
site_08671,371070.0,west_train
site_08672,371070.0,west_train
site_08673,371070.0,west_train
site_08674,371070.0,west_train
site_08675,371070.0,west_train
site_08676,371070.0,west_train
site_08677,371070.0,west_train
site_08678,371070.0,west_train
site_08679,371070.0,west_train
site_08680,371070.0,west_train
site_08681,371070.0,west_train
site_08682,371070.0,west_train
site_08683,371070.0,west_train
site_08684,371070.0,west_train
site_08685,371070.0,west_train
site_08686,371070.0,west_train
site_08687,371070.0,west_train
site_08688,371070.0,west_train
site_08689,371170.0,west_train
site_08690,371170.0,west_train
site_08691,371170.0,west_train
site_08692,371170.0,west_train
site_08693,371170.0,west_train
site_08694,371170.0,west_train
site_08695,371170.0,west_train
site_08696,371170.0,west_train
site_08697,371170.0,west_train
site_08698,371170.0,west_train
site_08699,371170.0,west_train
site_08700,371170.0,west_train
site_08701,371170.0,west_train
site_08702,371170.0,west_train
site_08703,371170.0,west_train
site_08704,371170.0,west_train
site_08705,371170.0,west_train
site_08706,371170.0,west_train
site_08707,371170.0,west_train
site_08708,371170.0,west_train
site_08709,371170.0,west_train
site_08710,371170.0,west_train
site_08711,371170.0,west_train
site_08712,371170.0,west_train
site_08713,371170.0,west_train
site_08714,371170.0,west_train
site_08715,371170.0,west_train
site_08716,371170.0,west_train
site_08717,371170.0,west_train
site_08718,371170.0,west_train
site_08719,371170.0,west_train
site_08720,371170.0,west_train
site_08721,371170.0,west_train
site_08722,371170.0,west_train
site_08723,371170.0,west_train
site_08724,371170.0,west_train
site_08725,371170.0,west_train
site_08726,371170.0,west_train
site_08727,371170.0,west_train
site_08728,371170.0,west_train
site_08729,371170.0,west_train
site_08730,371170.0,west_train
site_08731,371170.0,west_train
site_08732,371170.0,west_train
site_08733,371270.0,west_train
site_08734,371270.0,west_train
site_08735,371270.0,west_train
site_08736,371270.0,west_train
site_08737,371270.0,west_train
site_08738,371270.0,west_train
site_08739,371270.0,west_train
site_08740,371270.0,west_train
site_08741,371270.0,west_train
site_08742,371270.0,west_train
site_08743,371270.0,west_train
site_08744,371270.0,west_train
site_08745,371270.0,west_train
site_08746,371270.0,west_train
site_08747,371270.0,west_train
site_08748,371270.0,west_train
site_08749,371270.0,west_train
site_08750,371270.0,west_train
site_08751,371270.0,west_train
site_08752,371270.0,west_train
site_08753,371270.0,west_train
site_08754,371270.0,west_train
site_08755,371270.0,west_train
site_08756,371270.0,west_train
site_08757,371270.0,west_train
site_08758,371270.0,west_train
site_08759,371270.0,west_train
site_08760,371270.0,west_train
site_08761,371270.0,west_train
site_08762,371270.0,west_train
site_08763,371270.0,west_train
site_08764,371270.0,west_train
site_08765,371270.0,west_train
site_08766,371270.0,west_train
site_08767,371270.0,west_train
site_08768,371270.0,west_train
site_08769,371270.0,west_train
site_08770,371270.0,west_train
site_08771,371270.0,west_train
site_08772,371270.0,west_train
site_08773,371270.0,west_train
site_08774,371270.0,west_train
site_08775,371270.0,west_train
site_08776,371270.0,west_train
site_08777,371270.0,west_train
site_08778,371270.0,west_train
site_08779,371270.0,west_train
site_08780,371370.0,west_train
site_08781,371370.0,west_train
site_08782,371370.0,west_train
site_08783,371370.0,west_train
site_08784,371370.0,west_train
site_08785,371370.0,west_train
site_08786,371370.0,west_train
site_08787,371370.0,west_train
site_08788,371370.0,west_train
site_08789,371370.0,west_train
site_08790,371370.0,west_train
site_08791,371370.0,west_train
site_08792,371370.0,west_train
site_08793,371370.0,west_train
site_08794,371370.0,west_train
site_08795,371370.0,west_train
site_08796,371370.0,west_train
site_08797,371370.0,west_train
site_08798,371370.0,west_train
site_08799,371370.0,west_train
site_08800,371370.0,west_train
site_08801,371370.0,west_train
site_08802,371370.0,west_train
site_08803,371370.0,west_train
site_08804,371370.0,west_train
site_08805,371370.0,west_train
site_08806,371370.0,west_train
site_08807,371370.0,west_train
site_08808,371370.0,west_train
site_08809,371370.0,west_train
site_08810,371370.0,west_train
site_08811,371370.0,west_train
site_08812,371370.0,west_train
site_08813,371370.0,west_train
site_08814,371370.0,west_train
site_08815,371370.0,west_train
site_08817,371370.0,west_train
site_08819,371370.0,west_train
site_08820,371370.0,west_train
site_08821,371370.0,west_train
site_08822,371370.0,west_train
site_08823,371370.0,west_train
site_08824,371370.0,west_train
site_08825,371370.0,west_train
site_08826,371370.0,west_train
site_08827,371370.0,west_train
site_08828,371370.0,west_train
site_08829,371470.0,west_train
site_08830,371470.0,west_train
site_08831,371470.0,west_train
site_08832,371470.0,west_train
site_08833,371470.0,west_train
site_08834,371470.0,west_train
site_08835,371470.0,west_train
site_08836,371470.0,west_train
site_08837,371470.0,west_train
site_08838,371470.0,west_train
site_08839,371470.0,west_train
site_08840,371470.0,west_train
site_08841,371470.0,west_train
site_08842,371470.0,west_train
site_08843,371470.0,west_train
site_08844,371470.0,west_train
site_08845,371470.0,west_train
site_08846,371470.0,west_train
site_08847,371470.0,west_train
site_08848,371470.0,west_train
site_08849,371470.0,west_train
site_08850,371470.0,west_train
site_08851,371470.0,west_train
site_08852,371470.0,west_train
site_08853,371470.0,west_train
site_08854,371470.0,west_train
site_08855,371470.0,west_train
site_08856,371470.0,west_train
site_08857,371470.0,west_train
site_08858,371470.0,west_train
site_08859,371470.0,west_train
site_08860,371470.0,west_train
site_08861,371470.0,west_train
site_08862,371470.0,west_train
site_08863,371470.0,west_train
site_08864,371470.0,west_train
site_08866,371470.0,west_train
site_08867,371470.0,west_train
site_08869,371470.0,west_train
site_08870,371470.0,west_train
site_08871,371470.0,west_train
site_08873,371470.0,west_train
site_08874,371470.0,west_train
site_08875,371470.0,west_train
site_08876,371470.0,west_train
site_08877,371470.0,west_train
site_08878,371470.0,west_train
site_08879,371470.0,west_train
site_08880,371470.0,west_train
site_08881,371470.0,west_train
site_08882,371470.0,west_train
site_08883,371470.0,west_train
site_08884,371470.0,west_train
site_08885,371470.0,west_train
site_08886,371470.0,west_train
site_08887,371470.0,west_train
site_08888,371470.0,west_train
site_08889,371570.0,west_train
site_08890,371570.0,west_train
site_08891,371570.0,west_train
site_08892,371570.0,west_train
site_08893,371570.0,west_train
site_08894,371570.0,west_train
site_08895,371570.0,west_train
site_08896,371570.0,west_train
site_08897,371570.0,west_train
site_08898,371570.0,west_train
site_08899,371570.0,west_train
site_08900,371570.0,west_train
site_08901,371570.0,west_train
site_08902,371570.0,west_train
site_08903,371570.0,west_train
site_08904,371570.0,west_train
site_08905,371570.0,west_train
site_08906,371570.0,west_train
site_08907,371570.0,west_train
site_08908,371570.0,west_train
site_08909,371570.0,west_train
site_08910,371570.0,west_train
site_08911,371570.0,west_train
site_08912,371570.0,west_train
site_08913,371570.0,west_train
site_08914,371570.0,west_train
site_08915,371570.0,west_train
site_08916,371570.0,west_train
site_08917,371570.0,west_train
site_08918,371570.0,west_train
site_08919,371570.0,west_train
site_08920,371570.0,west_train
site_08921,371570.0,west_train
site_08922,371570.0,west_train
site_08923,371570.0,west_train
site_08924,371570.0,west_train
site_08925,371570.0,west_train
site_08926,371570.0,west_train
site_08927,371570.0,west_train
site_08929,371570.0,west_train
site_08930,371570.0,west_train
site_08931,371570.0,west_train
site_08933,371570.0,west_train
site_08934,371570.0,west_train
site_08936,371570.0,west_train
site_08937,371570.0,west_train
site_08938,371570.0,west_train
site_08939,371570.0,west_train
site_08940,371570.0,west_train
site_08941,371570.0,west_train
site_08942,371570.0,west_train
site_08943,371570.0,west_train
site_08944,371570.0,west_train
site_08945,371570.0,west_train
site_08946,371570.0,west_train
site_08947,371570.0,west_train
site_08948,371570.0,west_train
site_08949,371570.0,west_train
site_08950,371570.0,west_train
site_08951,371570.0,west_train
site_08952,371670.0,west_train
site_08953,371670.0,west_train
site_08954,371670.0,west_train
site_08955,371670.0,west_train
site_08956,371670.0,west_train
site_08957,371670.0,west_train
site_08958,371670.0,west_train
site_08959,371670.0,west_train
site_08960,371670.0,west_train
site_08961,371670.0,west_train
site_08962,371670.0,west_train
site_08963,371670.0,west_train
site_08964,371670.0,west_train
site_08965,371670.0,west_train
site_08966,371670.0,west_train
site_08967,371670.0,west_train
site_08968,371670.0,west_train
site_08969,371670.0,west_train
site_08970,371670.0,west_train
site_08971,371670.0,west_train
site_08972,371670.0,west_train
site_08973,371670.0,west_train
site_08974,371670.0,west_train
site_08975,371670.0,west_train
site_08976,371670.0,west_train
site_08977,371670.0,west_train
site_08978,371670.0,west_train
site_08979,371670.0,west_train
site_08980,371670.0,west_train
site_08981,371670.0,west_train
site_08982,371670.0,west_train
site_08983,371670.0,west_train
site_08984,371670.0,west_train
site_08985,371670.0,west_train
site_08986,371670.0,west_train
site_08987,371670.0,west_train
site_08988,371670.0,west_train
site_08989,371670.0,west_train
site_08990,371670.0,west_train
site_08991,371670.0,west_train
site_08992,371670.0,west_train
site_08993,371670.0,west_train
site_08994,371670.0,west_train
site_08995,371670.0,west_train
site_08996,371670.0,west_train
site_08997,371670.0,west_train
site_08998,371670.0,west_train
site_08999,371670.0,west_train
site_09000,371670.0,west_train
site_09001,371670.0,west_train
site_09002,371670.0,west_train
site_09003,371670.0,west_train
site_09004,371670.0,west_train
site_09005,371670.0,west_train
site_09006,371670.0,west_train
site_09007,371670.0,west_train
site_09008,371670.0,west_train
site_09009,371670.0,west_train
site_09010,371670.0,west_train
site_09011,371670.0,west_train
site_09012,371670.0,west_train
site_09013,371670.0,west_train
site_09014,371670.0,west_train
site_09015,371670.0,west_train
site_09016,371670.0,west_train
site_09017,371670.0,west_train
site_09018,371670.0,west_train
site_09019,371670.0,west_train
site_09020,371670.0,west_train
site_09021,371770.0,west_train
site_09022,371770.0,west_train
site_09023,371770.0,west_train
site_09024,371770.0,west_train
site_09025,371770.0,west_train
site_09026,371770.0,west_train
site_09027,371770.0,west_train
site_09028,371770.0,west_train
site_09029,371770.0,west_train
site_09030,371770.0,west_train
site_09031,371770.0,west_train
site_09032,371770.0,west_train
site_09033,371770.0,west_train
site_09034,371770.0,west_train
site_09035,371770.0,west_train
site_09036,371770.0,west_train
site_09037,371770.0,west_train
site_09038,371770.0,west_train
site_09039,371770.0,west_train
site_09040,371770.0,west_train
site_09041,371770.0,west_train
site_09042,371770.0,west_train
site_09043,371770.0,west_train
site_09044,371770.0,west_train
site_09045,371770.0,west_train
site_09046,371770.0,west_train
site_09047,371770.0,west_train
site_09048,371770.0,west_train
site_09049,371770.0,west_train
site_09050,371770.0,west_train
site_09051,371770.0,west_train
site_09052,371770.0,west_train
site_09053,371770.0,west_train
site_09054,371770.0,west_train
site_09055,371770.0,west_train
site_09056,371770.0,west_train
site_09057,371770.0,west_train
site_09058,371770.0,west_train
site_09059,371770.0,west_train
site_09060,371770.0,west_train
site_09061,371770.0,west_train
site_09062,371770.0,west_train
site_09063,371770.0,west_train
site_09064,371770.0,west_train
site_09065,371770.0,west_train
site_09066,371770.0,west_train
site_09067,371770.0,west_train
site_09068,371770.0,west_train
site_09070,371770.0,west_train
site_09072,371770.0,west_train
site_09075,371770.0,west_train
site_09076,371770.0,west_train
site_09077,371770.0,west_train
site_09078,371770.0,west_train
site_09079,371770.0,west_train
site_09080,371770.0,west_train
site_09081,371770.0,west_train
site_09082,371770.0,west_train
site_09083,371770.0,west_train
site_09084,371770.0,west_train
site_09085,371770.0,west_train
site_09086,371770.0,west_train
site_09087,371770.0,west_train
site_09088,371770.0,west_train
site_09089,371770.0,west_train
site_09090,371770.0,west_train
site_09091,371770.0,west_train
site_09092,371770.0,west_train
site_09093,371770.0,west_train
site_09094,371770.0,west_train
site_09095,371770.0,west_train
site_09096,371770.0,west_train
site_09097,371770.0,west_train
site_09098,371770.0,west_train
site_09099,371870.0,west_train
site_09100,371870.0,west_train
site_09101,371870.0,west_train
site_09102,371870.0,west_train
site_09103,371870.0,west_train
site_09104,371870.0,west_train
site_09105,371870.0,west_train
site_09106,371870.0,west_train
site_09107,371870.0,west_train
site_09108,371870.0,west_train
site_09109,371870.0,west_train
site_09110,371870.0,west_train
site_09111,371870.0,west_train
site_09112,371870.0,west_train
site_09113,371870.0,west_train
site_09114,371870.0,west_train
site_09115,371870.0,west_train
site_09116,371870.0,west_train
site_09117,371870.0,west_train
site_09118,371870.0,west_train
site_09119,371870.0,west_train
site_09120,371870.0,west_train
site_09121,371870.0,west_train
site_09122,371870.0,west_train
site_09123,371870.0,west_train
site_09124,371870.0,west_train
site_09125,371870.0,west_train
site_09126,371870.0,west_train
site_09127,371870.0,west_train
site_09128,371870.0,west_train
site_09129,371870.0,west_train
site_09130,371870.0,west_train
site_09131,371870.0,west_train
site_09132,371870.0,west_train
site_09133,371870.0,west_train
site_09134,371870.0,west_train
site_09135,371870.0,west_train
site_09136,371870.0,west_train
site_09137,371870.0,west_train
site_09138,371870.0,west_train
site_09139,371870.0,west_train
site_09140,371870.0,west_train
site_09141,371870.0,west_train
site_09142,371870.0,west_train
site_09143,371870.0,west_train
site_09144,371870.0,west_train
site_09145,371870.0,west_train
site_09146,371870.0,west_train
site_09148,371870.0,west_train
site_09149,371870.0,west_train
site_09150,371870.0,west_train
site_09151,371870.0,west_train
site_09152,371870.0,west_train
site_09153,371870.0,west_train
site_09154,371870.0,west_train
site_09155,371870.0,west_train
site_09156,371870.0,west_train
site_09157,371870.0,west_train
site_09158,371870.0,west_train
site_09159,371870.0,west_train
site_09160,371870.0,west_train
site_09161,371870.0,west_train
site_09162,371870.0,west_train
site_09163,371870.0,west_train
site_09164,371870.0,west_train
site_09165,371870.0,west_train
site_09166,371870.0,west_train
site_09167,371870.0,west_train
site_09168,371870.0,west_train
site_09169,371870.0,west_train
site_09170,371870.0,west_train
site_09172,371870.0,west_train
site_09173,371870.0,west_train
site_09174,371870.0,west_train
site_09175,371870.0,west_train
site_09176,371870.0,west_train
site_09177,371870.0,west_train
site_09178,371870.0,west_train
site_09179,371870.0,west_train
site_09180,371870.0,west_train
site_09181,371870.0,west_train
site_09182,371870.0,west_train
site_09183,371970.0,west_train
site_09184,371970.0,west_train
site_09185,371970.0,west_train
site_09186,371970.0,west_train
site_09187,371970.0,west_train
site_09188,371970.0,west_train
site_09189,371970.0,west_train
site_09190,371970.0,west_train
site_09191,371970.0,west_train
site_09192,371970.0,west_train
site_09193,371970.0,west_train
site_09194,371970.0,west_train
site_09195,371970.0,west_train
site_09196,371970.0,west_train
site_09197,371970.0,west_train
site_09198,371970.0,west_train
site_09199,371970.0,west_train
site_09200,371970.0,west_train
site_09201,371970.0,west_train
site_09202,371970.0,west_train
site_09203,371970.0,west_train
site_09204,371970.0,west_train
site_09205,371970.0,west_train
site_09206,371970.0,west_train
site_09207,371970.0,west_train
site_09208,371970.0,west_train
site_09209,371970.0,west_train
site_09210,371970.0,west_train
site_09211,371970.0,west_train
site_09212,371970.0,west_train
site_09213,371970.0,west_train
site_09214,371970.0,west_train
site_09215,371970.0,west_train
site_09216,371970.0,west_train
site_09217,371970.0,west_train
site_09218,371970.0,west_train
site_09219,371970.0,west_train
site_09220,371970.0,west_train
site_09221,371970.0,west_train
site_09222,371970.0,west_train
site_09223,371970.0,west_train
site_09224,371970.0,west_train
site_09225,371970.0,west_train
site_09226,371970.0,west_train
site_09227,371970.0,west_train
site_09228,371970.0,west_train
site_09229,371970.0,west_train
site_09230,371970.0,west_train
site_09231,371970.0,west_train
site_09232,371970.0,west_train
site_09234,371970.0,west_train
site_09235,371970.0,west_train
site_09237,371970.0,west_train
site_09238,371970.0,west_train
site_09239,371970.0,west_train
site_09240,371970.0,west_train
site_09241,371970.0,west_train
site_09242,371970.0,west_train
site_09243,371970.0,west_train
site_09244,371970.0,west_train
site_09245,371970.0,west_train
site_09246,371970.0,west_train
site_09247,371970.0,west_train
site_09248,371970.0,west_train
site_09249,371970.0,west_train
site_09250,371970.0,west_train
site_09251,371970.0,west_train
site_09252,371970.0,west_train
site_09253,371970.0,west_train
site_09254,371970.0,west_train
site_09255,371970.0,west_train
site_09256,371970.0,west_train
site_09257,371970.0,west_train
site_09258,371970.0,west_train
site_09259,371970.0,west_train
site_09260,371970.0,west_train
site_09261,371970.0,west_train
site_09262,371970.0,west_train
site_09263,371970.0,west_train
site_09264,371970.0,west_train
site_09265,371970.0,west_train
site_09266,371970.0,west_train
site_09267,371970.0,west_train
site_09268,371970.0,west_train
site_09269,371970.0,west_train
site_09270,371970.0,west_train
site_09271,371970.0,west_train
site_09272,371970.0,west_train
site_09273,371970.0,west_train
site_09274,371970.0,west_train
site_09275,371970.0,west_train
site_09276,371970.0,west_train
site_09277,371970.0,west_train
site_09278,371970.0,west_train
site_09279,371970.0,west_train
site_09280,371970.0,west_train
site_09281,371970.0,west_train
site_09282,372070.0,west_train
site_09283,372070.0,west_train
site_09284,372070.0,west_train
site_09285,372070.0,west_train
site_09286,372070.0,west_train
site_09287,372070.0,west_train
site_09288,372070.0,west_train
site_09289,372070.0,west_train
site_09290,372070.0,west_train
site_09291,372070.0,west_train
site_09292,372070.0,west_train
site_09293,372070.0,west_train
site_09294,372070.0,west_train
site_09295,372070.0,west_train
site_09296,372070.0,west_train
site_09297,372070.0,west_train
site_09298,372070.0,west_train
site_09299,372070.0,west_train
site_09300,372070.0,west_train
site_09301,372070.0,west_train
site_09302,372070.0,west_train
site_09303,372070.0,west_train
site_09304,372070.0,west_train
site_09305,372070.0,west_train
site_09306,372070.0,west_train
site_09307,372070.0,west_train
site_09308,372070.0,west_train
site_09309,372070.0,west_train
site_09310,372070.0,west_train
site_09311,372070.0,west_train
site_09312,372070.0,west_train
site_09313,372070.0,west_train
site_09314,372070.0,west_train
site_09315,372070.0,west_train
site_09316,372070.0,west_train
site_09317,372070.0,west_train
site_09318,372070.0,west_train
site_09320,372070.0,west_train
site_09321,372070.0,west_train
site_09322,372070.0,west_train
site_09323,372070.0,west_train
site_09324,372070.0,west_train
site_09325,372070.0,west_train
site_09326,372070.0,west_train
site_09327,372070.0,west_train
site_09328,372070.0,west_train
site_09329,372070.0,west_train
site_09330,372070.0,west_train
site_09331,372070.0,west_train
site_09332,372070.0,west_train
site_09333,372070.0,west_train
site_09334,372070.0,west_train
site_09335,372070.0,west_train
site_09336,372070.0,west_train
site_09337,372070.0,west_train
site_09338,372070.0,west_train
site_09339,372070.0,west_train
site_09340,372070.0,west_train
site_09341,372070.0,west_train
site_09342,372070.0,west_train
site_09343,372070.0,west_train
site_09344,372070.0,west_train
site_09345,372070.0,west_train
site_09346,372070.0,west_train
site_09347,372070.0,west_train
site_09348,372070.0,west_train
site_09349,372070.0,west_train
site_09350,372070.0,west_train
site_09351,372070.0,west_train
site_09352,372070.0,west_train
site_09353,372070.0,west_train
site_09354,372070.0,west_train
site_09355,372070.0,west_train
site_09356,372070.0,west_train
site_09357,372070.0,west_train
site_09358,372070.0,west_train
site_09359,372070.0,west_train
site_09360,372070.0,west_train
site_09361,372070.0,west_train
site_09362,372070.0,west_train
site_09363,372170.0,west_train
site_09364,372170.0,west_train
site_09365,372170.0,west_train
site_09366,372170.0,west_train
site_09367,372170.0,west_train
site_09368,372170.0,west_train
site_09369,372170.0,west_train
site_09370,372170.0,west_train
site_09371,372170.0,west_train
site_09372,372170.0,west_train
site_09373,372170.0,west_train
site_09374,372170.0,west_train
site_09375,372170.0,west_train
site_09376,372170.0,west_train
site_09377,372170.0,west_train
site_09378,372170.0,west_train
site_09379,372170.0,west_train
site_09380,372170.0,west_train
site_09381,372170.0,west_train
site_09382,372170.0,west_train
site_09383,372170.0,west_train
site_09384,372170.0,west_train
site_09385,372170.0,west_train
site_09386,372170.0,west_train
site_09387,372170.0,west_train
site_09388,372170.0,west_train
site_09389,372170.0,west_train
site_09390,372170.0,west_train
site_09391,372170.0,west_train
site_09392,372170.0,west_train
site_09393,372170.0,west_train
site_09394,372170.0,west_train
site_09397,372170.0,west_train
site_09398,372170.0,west_train
site_09400,372170.0,west_train
site_09401,372170.0,west_train
site_09402,372170.0,west_train
site_09403,372170.0,west_train
site_09404,372170.0,west_train
site_09405,372170.0,west_train
site_09406,372170.0,west_train
site_09407,372170.0,west_train
site_09408,372170.0,west_train
site_09409,372170.0,west_train
site_09410,372170.0,west_train
site_09411,372170.0,west_train
site_09412,372170.0,west_train
site_09413,372170.0,west_train
site_09414,372170.0,west_train
site_09415,372170.0,west_train
site_09416,372170.0,west_train
site_09417,372170.0,west_train
site_09418,372170.0,west_train
site_09419,372170.0,west_train
site_09420,372170.0,west_train
site_09421,372170.0,west_train
site_09422,372170.0,west_train
site_09423,372170.0,west_train
site_09424,372170.0,west_train
site_09425,372170.0,west_train
site_09426,372170.0,west_train
site_09427,372170.0,west_train
site_09428,372170.0,west_train
site_09429,372170.0,west_train
site_09430,372170.0,west_train
site_09431,372170.0,west_train
site_09432,372170.0,west_train
site_09433,372170.0,west_train
site_09434,372170.0,west_train
site_09435,372170.0,west_train
site_09436,372170.0,west_train
site_09437,372170.0,west_train
site_09438,372170.0,west_train
site_09439,372170.0,west_train
site_09440,372170.0,west_train
site_09441,372170.0,west_train
site_09442,372170.0,west_train
site_09443,372170.0,west_train
site_09444,372170.0,west_train
site_09445,372170.0,west_train
site_09446,372170.0,west_train
site_09447,372170.0,west_train
site_09448,372170.0,west_train
site_09449,372270.0,west_train
site_09450,372270.0,west_train
site_09451,372270.0,west_train
site_09452,372270.0,west_train
site_09453,372270.0,west_train
site_09454,372270.0,west_train
site_09455,372270.0,west_train
site_09456,372270.0,west_train
site_09457,372270.0,west_train
site_09458,372270.0,west_train
site_09459,372270.0,west_train
site_09460,372270.0,west_train
site_09461,372270.0,west_train
site_09462,372270.0,west_train
site_09463,372270.0,west_train
site_09464,372270.0,west_train
site_09465,372270.0,west_train
site_09466,372270.0,west_train
site_09467,372270.0,west_train
site_09468,372270.0,west_train
site_09469,372270.0,west_train
site_09470,372270.0,west_train
site_09471,372270.0,west_train
site_09472,372270.0,west_train
site_09473,372270.0,west_train
site_09474,372270.0,west_train
site_09475,372270.0,west_train
site_09476,372270.0,west_train
site_09477,372270.0,west_train
site_09478,372270.0,west_train
site_09479,372270.0,west_train
site_09480,372270.0,west_train
site_09481,372270.0,west_train
site_09482,372270.0,west_train
site_09483,372270.0,west_train
site_09484,372270.0,west_train
site_09485,372270.0,west_train
site_09486,372270.0,west_train
site_09487,372270.0,west_train
site_09488,372270.0,west_train
site_09489,372270.0,west_train
site_09490,372270.0,west_train
site_09491,372270.0,west_train
site_09492,372270.0,west_train
site_09493,372270.0,west_train
site_09495,372270.0,west_train
site_09497,372270.0,west_train
site_09498,372270.0,west_train
site_09499,372270.0,west_train
site_09500,372270.0,west_train
site_09501,372270.0,west_train
site_09502,372270.0,west_train
site_09503,372270.0,west_train
site_09504,372270.0,west_train
site_09505,372270.0,west_train
site_09506,372270.0,west_train
site_09507,372270.0,west_train
site_09508,372270.0,west_train
site_09509,372270.0,west_train
site_09510,372270.0,west_train
site_09511,372270.0,west_train
site_09512,372270.0,west_train
site_09513,372270.0,west_train
site_09514,372270.0,west_train
site_09515,372270.0,west_train
site_09516,372270.0,west_train
site_09517,372270.0,west_train
site_09518,372270.0,west_train
site_09519,372270.0,west_train
site_09520,372270.0,west_train
site_09521,372270.0,west_train
site_09522,372270.0,west_train
site_09523,372270.0,west_train
site_09524,372270.0,west_train
site_09525,372270.0,west_train
site_09526,372270.0,west_train
site_09527,372270.0,west_train
site_09528,372270.0,west_train
site_09529,372270.0,west_train
site_09530,372270.0,west_train
site_09531,372270.0,west_train
site_09532,372270.0,west_train
site_09533,372270.0,west_train
site_09534,372270.0,west_train
site_09535,372270.0,west_train
site_09536,372270.0,west_train
site_09537,372270.0,west_train
site_09538,372270.0,west_train
site_09539,372270.0,west_train
site_09540,372270.0,west_train
site_09541,372270.0,west_train
site_09542,372270.0,west_train
site_09543,372270.0,west_train
site_09544,372370.0,west_train
site_09545,372370.0,west_train
site_09546,372370.0,west_train
site_09547,372370.0,west_train
site_09548,372370.0,west_train
site_09549,372370.0,west_train
site_09550,372370.0,west_train
site_09551,372370.0,west_train
site_09552,372370.0,west_train
site_09553,372370.0,west_train
site_09554,372370.0,west_train
site_09555,372370.0,west_train
site_09556,372370.0,west_train
site_09557,372370.0,west_train
site_09558,372370.0,west_train
site_09559,372370.0,west_train
site_09560,372370.0,west_train
site_09561,372370.0,west_train
site_09562,372370.0,west_train
site_09563,372370.0,west_train
site_09564,372370.0,west_train
site_09565,372370.0,west_train
site_09566,372370.0,west_train
site_09567,372370.0,west_train
site_09568,372370.0,west_train
site_09569,372370.0,west_train
site_09570,372370.0,west_train
site_09571,372370.0,west_train
site_09572,372370.0,west_train
site_09573,372370.0,west_train
site_09574,372370.0,west_train
site_09575,372370.0,west_train
site_09576,372370.0,west_train
site_09577,372370.0,west_train
site_09578,372370.0,west_train
site_09579,372370.0,west_train
site_09580,372370.0,west_train
site_09581,372370.0,west_train
site_09582,372370.0,west_train
site_09583,372370.0,west_train
site_09584,372370.0,west_train
site_09585,372370.0,west_train
site_09586,372370.0,west_train
site_09588,372370.0,west_train
site_09589,372370.0,west_train
site_09590,372370.0,west_train
site_09591,372370.0,west_train
site_09592,372370.0,west_train
site_09593,372370.0,west_train
site_09594,372370.0,west_train
site_09596,372370.0,west_train
site_09597,372370.0,west_train
site_09598,372370.0,west_train
site_09599,372370.0,west_train
site_09600,372370.0,west_train
site_09601,372370.0,west_train
site_09603,372370.0,west_train
site_09604,372370.0,west_train
site_09605,372370.0,west_train
site_09606,372370.0,west_train
site_09607,372370.0,west_train
site_09609,372370.0,west_train
site_09610,372370.0,west_train
site_09611,372370.0,west_train
site_09612,372370.0,west_train
site_09613,372370.0,west_train
site_09614,372370.0,west_train
site_09615,372370.0,west_train
site_09616,372370.0,west_train
site_09617,372370.0,west_train
site_09618,372370.0,west_train
site_09619,372370.0,west_train
site_09620,372370.0,west_train
site_09621,372370.0,west_train
site_09622,372370.0,west_train
site_09623,372370.0,west_train
site_09624,372370.0,west_train
site_09625,372370.0,west_train
site_09626,372370.0,west_train
site_09627,372370.0,west_train
site_09628,372370.0,west_train
site_09629,372370.0,west_train
site_09630,372370.0,west_train
site_09631,372370.0,west_train
site_09632,372370.0,west_train
site_09633,372370.0,west_train
site_09634,372370.0,west_train
site_09635,372370.0,west_train
site_09636,372370.0,west_train
site_09637,372370.0,west_train
site_09638,372370.0,west_train
site_09639,372370.0,west_train
site_09640,372370.0,west_train
site_09641,372370.0,west_train
site_09642,372370.0,west_train
site_09643,372370.0,west_train
site_09644,372370.0,west_train
site_09645,372370.0,west_train
site_09646,372370.0,west_train
site_09647,372370.0,west_train
site_09648,372370.0,west_train
site_09649,372370.0,west_train
site_09650,372370.0,west_train
site_09651,372370.0,west_train
site_09652,372370.0,west_train
site_09653,372370.0,west_train
site_09654,372370.0,west_train
site_09655,372370.0,west_train
site_09656,372370.0,west_train
site_09657,372370.0,west_train
site_09658,372470.0,west_train
site_09659,372470.0,west_train
site_09660,372470.0,west_train
site_09661,372470.0,west_train
site_09662,372470.0,west_train
site_09663,372470.0,west_train
site_09664,372470.0,west_train
site_09665,372470.0,west_train
site_09666,372470.0,west_train
site_09667,372470.0,west_train
site_09668,372470.0,west_train
site_09669,372470.0,west_train
site_09670,372470.0,west_train
site_09671,372470.0,west_train
site_09672,372470.0,west_train
site_09673,372470.0,west_train
site_09674,372470.0,west_train
site_09675,372470.0,west_train
site_09676,372470.0,west_train
site_09677,372470.0,west_train
site_09678,372470.0,west_train
site_09679,372470.0,west_train
site_09680,372470.0,west_train
site_09681,372470.0,west_train
site_09682,372470.0,west_train
site_09683,372470.0,west_train
site_09684,372470.0,west_train
site_09685,372470.0,west_train
site_09686,372470.0,west_train
site_09687,372470.0,west_train
site_09688,372470.0,west_train
site_09689,372470.0,west_train
site_09690,372470.0,west_train
site_09691,372470.0,west_train
site_09692,372470.0,west_train
site_09693,372470.0,west_train
site_09694,372470.0,west_train
site_09695,372470.0,west_train
site_09696,372470.0,west_train
site_09697,372470.0,west_train
site_09698,372470.0,west_train
site_09699,372470.0,west_train
site_09700,372470.0,west_train
site_09701,372470.0,west_train
site_09703,372470.0,west_train
site_09704,372470.0,west_train
site_09705,372470.0,west_train
site_09706,372470.0,west_train
site_09707,372470.0,west_train
site_09708,372470.0,west_train
site_09709,372470.0,west_train
site_09710,372470.0,west_train
site_09711,372470.0,west_train
site_09712,372470.0,west_train
site_09713,372470.0,west_train
site_09714,372470.0,west_train
site_09715,372470.0,west_train
site_09716,372470.0,west_train
site_09717,372470.0,west_train
site_09718,372470.0,west_train
site_09719,372470.0,west_train
site_09720,372470.0,west_train
site_09721,372470.0,west_train
site_09722,372470.0,west_train
site_09724,372470.0,west_train
site_09725,372470.0,west_train
site_09726,372470.0,west_train
site_09727,372470.0,west_train
site_09728,372470.0,west_train
site_09729,372470.0,west_train
site_09730,372470.0,west_train
site_09731,372470.0,west_train
site_09732,372470.0,west_train
site_09733,372470.0,west_train
site_09734,372470.0,west_train
site_09735,372470.0,west_train
site_09736,372470.0,west_train
site_09737,372470.0,west_train
site_09738,372470.0,west_train
site_09739,372470.0,west_train
site_09740,372470.0,west_train
site_09741,372470.0,west_train
site_09742,372470.0,west_train
site_09743,372470.0,west_train
site_09744,372470.0,west_train
site_09745,372470.0,west_train
site_09746,372470.0,west_train
site_09747,372470.0,west_train
site_09748,372470.0,west_train
site_09749,372470.0,west_train
site_09750,372470.0,west_train
site_09751,372470.0,west_train
site_09752,372470.0,west_train
site_09753,372470.0,west_train
site_09754,372470.0,west_train
site_09755,372470.0,west_train
site_09756,372470.0,west_train
site_09757,372470.0,west_train
site_09758,372470.0,west_train
site_09759,372470.0,west_train
site_09760,372470.0,west_train
site_09761,372470.0,west_train
site_09762,372470.0,west_train
site_09763,372470.0,west_train
site_09764,372470.0,west_train
site_09765,372470.0,west_train
site_09766,372470.0,west_train
site_09767,372470.0,west_train
site_09768,372470.0,west_train
site_09769,372570.0,west_train
site_09770,372570.0,west_train
site_09771,372570.0,west_train
site_09772,372570.0,west_train
site_09773,372570.0,west_train
site_09774,372570.0,west_train
site_09775,372570.0,west_train
site_09776,372570.0,west_train
site_09777,372570.0,west_train
site_09778,372570.0,west_train
site_09779,372570.0,west_train
site_09780,372570.0,west_train
site_09781,372570.0,west_train
site_09782,372570.0,west_train
site_09783,372570.0,west_train
site_09784,372570.0,west_train
site_09785,372570.0,west_train
site_09786,372570.0,west_train
site_09787,372570.0,west_train
site_09788,372570.0,west_train
site_09789,372570.0,west_train
site_09790,372570.0,west_train
site_09791,372570.0,west_train
site_09792,372570.0,west_train
site_09793,372570.0,west_train
site_09794,372570.0,west_train
site_09795,372570.0,west_train
site_09796,372570.0,west_train
site_09797,372570.0,west_train
site_09798,372570.0,west_train
site_09799,372570.0,west_train
site_09800,372570.0,west_train
site_09801,372570.0,west_train
site_09802,372570.0,west_train
site_09803,372570.0,west_train
site_09804,372570.0,west_train
site_09805,372570.0,west_train
site_09806,372570.0,west_train
site_09807,372570.0,west_train
site_09808,372570.0,west_train
site_09809,372570.0,west_train
site_09811,372570.0,west_train
site_09812,372570.0,west_train
site_09813,372570.0,west_train
site_09814,372570.0,west_train
site_09815,372570.0,west_train
site_09816,372570.0,west_train
site_09817,372570.0,west_train
site_09818,372570.0,west_train
site_09819,372570.0,west_train
site_09820,372570.0,west_train
site_09821,372570.0,west_train
site_09822,372570.0,west_train
site_09823,372570.0,west_train
site_09825,372570.0,west_train
site_09826,372570.0,west_train
site_09827,372570.0,west_train
site_09828,372570.0,west_train
site_09829,372570.0,west_train
site_09830,372570.0,west_train
site_09831,372570.0,west_train
site_09832,372570.0,west_train
site_09833,372570.0,west_train
site_09834,372570.0,west_train
site_09835,372570.0,west_train
site_09836,372570.0,west_train
site_09837,372570.0,west_train
site_09838,372570.0,west_train
site_09839,372570.0,west_train
site_09841,372570.0,west_train
site_09842,372570.0,west_train
site_09843,372570.0,west_train
site_09844,372570.0,west_train
site_09845,372570.0,west_train
site_09846,372570.0,west_train
site_09847,372570.0,west_train
site_09848,372570.0,west_train
site_09849,372570.0,west_train
site_09850,372570.0,west_train
site_09851,372570.0,west_train
site_09852,372570.0,west_train
site_09853,372570.0,west_train
site_09854,372570.0,west_train
site_09855,372570.0,west_train
site_09856,372570.0,west_train
site_09857,372570.0,west_train
site_09858,372570.0,west_train
site_09859,372570.0,west_train
site_09860,372570.0,west_train
site_09861,372570.0,west_train
site_09862,372570.0,west_train
site_09863,372570.0,west_train
site_09864,372570.0,west_train
site_09865,372570.0,west_train
site_09866,372570.0,west_train
site_09867,372570.0,west_train
site_09868,372570.0,west_train
site_09869,372570.0,west_train
site_09870,372570.0,west_train
site_09871,372570.0,west_train
site_09872,372570.0,west_train
site_09873,372570.0,west_train
site_09874,372570.0,west_train
site_09875,372570.0,west_train
site_09876,372570.0,west_train
site_09877,372570.0,west_train
site_09878,372570.0,west_train
site_09879,372570.0,west_train
site_09880,372570.0,west_train
site_09881,372570.0,west_train
site_09882,372570.0,west_train
site_09883,372570.0,west_train
site_09884,372570.0,west_train
site_09885,372570.0,west_train
site_09886,372570.0,west_train
site_09887,372570.0,west_train
site_09888,372570.0,west_train
site_09889,372570.0,west_train
site_09890,372570.0,west_train
site_09891,372570.0,west_train
site_09892,372570.0,west_train
site_09893,372670.0,west_train
site_09894,372670.0,west_train
site_09895,372670.0,west_train
site_09896,372670.0,west_train
site_09897,372670.0,west_train
site_09898,372670.0,west_train
site_09899,372670.0,west_train
site_09900,372670.0,west_train
site_09901,372670.0,west_train
site_09902,372670.0,west_train
site_09903,372670.0,west_train
site_09904,372670.0,west_train
site_09905,372670.0,west_train
site_09906,372670.0,west_train
site_09907,372670.0,west_train
site_09908,372670.0,west_train
site_09909,372670.0,west_train
site_09910,372670.0,west_train
site_09911,372670.0,west_train
site_09912,372670.0,west_train
site_09913,372670.0,west_train
site_09914,372670.0,west_train
site_09915,372670.0,west_train
site_09916,372670.0,west_train
site_09917,372670.0,west_train
site_09918,372670.0,west_train
site_09919,372670.0,west_train
site_09920,372670.0,west_train
site_09921,372670.0,west_train
site_09922,372670.0,west_train
site_09923,372670.0,west_train
site_09924,372670.0,west_train
site_09925,372670.0,west_train
site_09926,372670.0,west_train
site_09927,372670.0,west_train
site_09928,372670.0,west_train
site_09929,372670.0,west_train
site_09930,372670.0,west_train
site_09931,372670.0,west_train
site_09932,372670.0,west_train
site_09933,372670.0,west_train
site_09934,372670.0,west_train
site_09935,372670.0,west_train
site_09936,372670.0,west_train
site_09937,372670.0,west_train
site_09938,372670.0,west_train
site_09939,372670.0,west_train
site_09940,372670.0,west_train
site_09941,372670.0,west_train
site_09942,372670.0,west_train
site_09943,372670.0,west_train
site_09944,372670.0,west_train
site_09945,372670.0,west_train
site_09946,372670.0,west_train
site_09947,372670.0,west_train
site_09949,372670.0,west_train
site_09950,372670.0,west_train
site_09951,372670.0,west_train
site_09952,372670.0,west_train
site_09953,372670.0,west_train
site_09954,372670.0,west_train
site_09955,372670.0,west_train
site_09956,372670.0,west_train
site_09957,372670.0,west_train
site_09958,372670.0,west_train
site_09959,372670.0,west_train
site_09960,372670.0,west_train
site_09961,372670.0,west_train
site_09962,372670.0,west_train
site_09963,372670.0,west_train
site_09964,372670.0,west_train
site_09966,372670.0,west_train
site_09967,372670.0,west_train
site_09968,372670.0,west_train
site_09969,372670.0,west_train
site_09970,372670.0,west_train
site_09971,372670.0,west_train
site_09972,372670.0,west_train
site_09973,372670.0,west_train
site_09974,372670.0,west_train
site_09975,372670.0,west_train
site_09976,372670.0,west_train
site_09977,372670.0,west_train
site_09978,372670.0,west_train
site_09979,372670.0,west_train
site_09980,372670.0,west_train
site_09981,372670.0,west_train
site_09982,372670.0,west_train
site_09983,372670.0,west_train
site_09984,372670.0,west_train
site_09985,372670.0,west_train
site_09986,372670.0,west_train
site_09987,372670.0,west_train
site_09988,372670.0,west_train
site_09989,372670.0,west_train
site_09990,372670.0,west_train
site_09991,372670.0,west_train
site_09992,372670.0,west_train
site_09993,372670.0,west_train
site_09994,372670.0,west_train
site_09995,372670.0,west_train
site_09996,372670.0,west_train
site_09997,372670.0,west_train
site_09998,372670.0,west_train
site_09999,372670.0,west_train
site_10000,372670.0,west_train
site_10001,372670.0,west_train
site_10002,372670.0,west_train
site_10003,372670.0,west_train
site_10004,372670.0,west_train
site_10005,372670.0,west_train
site_10006,372670.0,west_train
site_10007,372670.0,west_train
site_10008,372670.0,west_train
site_10009,372670.0,west_train
site_10010,372670.0,west_train
site_10011,372670.0,west_train
site_10012,372670.0,west_train
site_10013,372670.0,west_train
site_10014,372670.0,west_train
site_10015,372670.0,west_train
site_10016,372670.0,west_train
site_10017,372670.0,west_train
site_10018,372670.0,west_train
site_10019,372670.0,west_train
site_10020,372670.0,west_train
site_10021,372770.0,west_train
site_10022,372770.0,west_train
site_10023,372770.0,west_train
site_10025,372770.0,west_train
site_10026,372770.0,west_train
site_10027,372770.0,west_train
site_10028,372770.0,west_train
site_10029,372770.0,west_train
site_10031,372770.0,west_train
site_10032,372770.0,west_train
site_10033,372770.0,west_train
site_10034,372770.0,west_train
site_10035,372770.0,west_train
site_10036,372770.0,west_train
site_10037,372770.0,west_train
site_10038,372770.0,west_train
site_10039,372770.0,west_train
site_10040,372770.0,west_train
site_10041,372770.0,west_train
site_10042,372770.0,west_train
site_10043,372770.0,west_train
site_10044,372770.0,west_train
site_10045,372770.0,west_train
site_10046,372770.0,west_train
site_10047,372770.0,west_train
site_10048,372770.0,west_train
site_10049,372770.0,west_train
site_10050,372770.0,west_train
site_10051,372770.0,west_train
site_10052,372770.0,west_train
site_10053,372770.0,west_train
site_10054,372770.0,west_train
site_10055,372770.0,west_train
site_10056,372770.0,west_train
site_10057,372770.0,west_train
site_10058,372770.0,west_train
site_10059,372770.0,west_train
site_10060,372770.0,west_train
site_10061,372770.0,west_train
site_10062,372770.0,west_train
site_10063,372770.0,west_train
site_10064,372770.0,west_train
site_10065,372770.0,west_train
site_10067,372770.0,west_train
site_10068,372770.0,west_train
site_10070,372770.0,west_train
site_10071,372770.0,west_train
site_10072,372770.0,west_train
site_10073,372770.0,west_train
site_10074,372770.0,west_train
site_10075,372770.0,west_train
site_10076,372770.0,west_train
site_10077,372770.0,west_train
site_10078,372770.0,west_train
site_10079,372770.0,west_train
site_10080,372770.0,west_train
site_10081,372770.0,west_train
site_10082,372770.0,west_train
site_10083,372770.0,west_train
site_10084,372770.0,west_train
site_10085,372770.0,west_train
site_10086,372770.0,west_train
site_10087,372770.0,west_train
site_10088,372770.0,west_train
site_10089,372770.0,west_train
site_10091,372770.0,west_train
site_10092,372770.0,west_train
site_10093,372770.0,west_train
site_10094,372770.0,west_train
site_10095,372770.0,west_train
site_10096,372770.0,west_train
site_10097,372770.0,west_train
site_10098,372770.0,west_train
site_10099,372770.0,west_train
site_10100,372770.0,west_train
site_10101,372770.0,west_train
site_10102,372770.0,west_train
site_10103,372770.0,west_train
site_10104,372770.0,west_train
site_10105,372770.0,west_train
site_10106,372770.0,west_train
site_10107,372770.0,west_train
site_10108,372770.0,west_train
site_10109,372770.0,west_train
site_10110,372770.0,west_train
site_10111,372770.0,west_train
site_10112,372770.0,west_train
site_10113,372770.0,west_train
site_10114,372770.0,west_train
site_10115,372770.0,west_train
site_10116,372770.0,west_train
site_10117,372770.0,west_train
site_10118,372770.0,west_train
site_10119,372770.0,west_train
site_10120,372770.0,west_train
site_10121,372770.0,west_train
site_10122,372770.0,west_train
site_10123,372770.0,west_train
site_10124,372770.0,west_train
site_10125,372770.0,west_train
site_10126,372770.0,west_train
site_10127,372770.0,west_train
site_10128,372770.0,west_train
site_10129,372770.0,west_train
site_10130,372770.0,west_train
site_10131,372770.0,west_train
site_10132,372770.0,west_train
site_10133,372770.0,west_train
site_10134,372770.0,west_train
site_10135,372770.0,west_train
site_10136,372770.0,west_train
site_10137,372770.0,west_train
site_10138,372770.0,west_train
site_10139,372770.0,west_train
site_10140,372770.0,west_train
site_10141,372770.0,west_train
site_10142,372770.0,west_train
site_10143,372770.0,west_train
site_10144,372770.0,west_train
site_10145,372770.0,west_train
site_10146,372770.0,west_train
site_10147,372770.0,west_train
site_10148,372770.0,west_train
site_10149,372770.0,west_train
site_10150,372770.0,west_train
site_10151,372770.0,west_train
site_10152,372870.0,west_train
site_10153,372870.0,west_train
site_10154,372870.0,west_train
site_10155,372870.0,west_train
site_10156,372870.0,west_train
site_10157,372870.0,west_train
site_10158,372870.0,west_train
site_10159,372870.0,west_train
site_10160,372870.0,west_train
site_10161,372870.0,west_train
site_10162,372870.0,west_train
site_10163,372870.0,west_train
site_10164,372870.0,west_train
site_10165,372870.0,west_train
site_10166,372870.0,west_train
site_10167,372870.0,west_train
site_10168,372870.0,west_train
site_10169,372870.0,west_train
site_10170,372870.0,west_train
site_10171,372870.0,west_train
site_10172,372870.0,west_train
site_10173,372870.0,west_train
site_10174,372870.0,west_train
site_10175,372870.0,west_train
site_10176,372870.0,west_train
site_10177,372870.0,west_train
site_10178,372870.0,west_train
site_10179,372870.0,west_train
site_10180,372870.0,west_train
site_10181,372870.0,west_train
site_10182,372870.0,west_train
site_10183,372870.0,west_train
site_10184,372870.0,west_train
site_10185,372870.0,west_train
site_10186,372870.0,west_train
site_10187,372870.0,west_train
site_10188,372870.0,west_train
site_10189,372870.0,west_train
site_10190,372870.0,west_train
site_10191,372870.0,west_train
site_10192,372870.0,west_train
site_10193,372870.0,west_train
site_10194,372870.0,west_train
site_10195,372870.0,west_train
site_10196,372870.0,west_train
site_10197,372870.0,west_train
site_10198,372870.0,west_train
site_10199,372870.0,west_train
site_10200,372870.0,west_train
site_10201,372870.0,west_train
site_10202,372870.0,west_train
site_10203,372870.0,west_train
site_10204,372870.0,west_train
site_10205,372870.0,west_train
site_10206,372870.0,west_train
site_10207,372870.0,west_train
site_10208,372870.0,west_train
site_10209,372870.0,west_train
site_10210,372870.0,west_train
site_10211,372870.0,west_train
site_10212,372870.0,west_train
site_10213,372870.0,west_train
site_10214,372870.0,west_train
site_10215,372870.0,west_train
site_10216,372870.0,west_train
site_10217,372870.0,west_train
site_10218,372870.0,west_train
site_10219,372870.0,west_train
site_10220,372870.0,west_train
site_10221,372870.0,west_train
site_10222,372870.0,west_train
site_10223,372870.0,west_train
site_10224,372870.0,west_train
site_10225,372870.0,west_train
site_10226,372870.0,west_train
site_10228,372870.0,west_train
site_10229,372870.0,west_train
site_10230,372870.0,west_train
site_10231,372870.0,west_train
site_10232,372870.0,west_train
site_10233,372870.0,west_train
site_10234,372870.0,west_train
site_10235,372870.0,west_train
site_10236,372870.0,west_train
site_10237,372870.0,west_train
site_10238,372870.0,west_train
site_10239,372870.0,west_train
site_10240,372870.0,west_train
site_10241,372870.0,west_train
site_10242,372870.0,west_train
site_10243,372870.0,west_train
site_10244,372870.0,west_train
site_10245,372870.0,west_train
site_10246,372870.0,west_train
site_10247,372870.0,west_train
site_10248,372870.0,west_train
site_10249,372870.0,west_train
site_10250,372870.0,west_train
site_10251,372870.0,west_train
site_10252,372870.0,west_train
site_10253,372870.0,west_train
site_10254,372870.0,west_train
site_10255,372870.0,west_train
site_10256,372870.0,west_train
site_10257,372870.0,west_train
site_10258,372870.0,west_train
site_10259,372870.0,west_train
site_10260,372870.0,west_train
site_10261,372870.0,west_train
site_10262,372870.0,west_train
site_10263,372870.0,west_train
site_10264,372870.0,west_train
site_10265,372870.0,west_train
site_10266,372870.0,west_train
site_10267,372870.0,west_train
site_10268,372870.0,west_train
site_10269,372870.0,west_train
site_10270,372870.0,west_train
site_10271,372870.0,west_train
site_10272,372870.0,west_train
site_10273,372870.0,west_train
site_10274,372870.0,west_train
site_10275,372870.0,west_train
site_10276,372870.0,west_train
site_10277,372870.0,west_train
site_10278,372870.0,west_train
site_10279,372870.0,west_train
site_10280,372870.0,west_train
site_10281,372870.0,west_train
site_10282,372870.0,west_train
site_10283,372870.0,west_train
site_10285,372970.0,west_train
site_10286,372970.0,west_train
site_10287,372970.0,west_train
site_10288,372970.0,west_train
site_10289,372970.0,west_train
site_10290,372970.0,west_train
site_10291,372970.0,west_train
site_10292,372970.0,west_train
site_10293,372970.0,west_train
site_10294,372970.0,west_train
site_10295,372970.0,west_train
site_10296,372970.0,west_train
site_10297,372970.0,west_train
site_10298,372970.0,west_train
site_10299,372970.0,west_train
site_10300,372970.0,west_train
site_10301,372970.0,west_train
site_10302,372970.0,west_train
site_10303,372970.0,west_train
site_10304,372970.0,west_train
site_10305,372970.0,west_train
site_10306,372970.0,west_train
site_10307,372970.0,west_train
site_10308,372970.0,west_train
site_10309,372970.0,west_train
site_10310,372970.0,west_train
site_10311,372970.0,west_train
site_10312,372970.0,west_train
site_10313,372970.0,west_train
site_10314,372970.0,west_train
site_10315,372970.0,west_train
site_10316,372970.0,west_train
site_10317,372970.0,west_train
site_10318,372970.0,west_train
site_10319,372970.0,west_train
site_10320,372970.0,west_train
site_10321,372970.0,west_train
site_10322,372970.0,west_train
site_10323,372970.0,west_train
site_10324,372970.0,west_train
site_10325,372970.0,west_train
site_10326,372970.0,west_train
site_10327,372970.0,west_train
site_10328,372970.0,west_train
site_10329,372970.0,west_train
site_10330,372970.0,west_train
site_10331,372970.0,west_train
site_10332,372970.0,west_train
site_10333,372970.0,west_train
site_10334,372970.0,west_train
site_10335,372970.0,west_train
site_10336,372970.0,west_train
site_10337,372970.0,west_train
site_10338,372970.0,west_train
site_10339,372970.0,west_train
site_10340,372970.0,west_train
site_10341,372970.0,west_train
site_10342,372970.0,west_train
site_10343,372970.0,west_train
site_10344,372970.0,west_train
site_10345,372970.0,west_train
site_10346,372970.0,west_train
site_10347,372970.0,west_train
site_10348,372970.0,west_train
site_10349,372970.0,west_train
site_10350,372970.0,west_train
site_10351,372970.0,west_train
site_10352,372970.0,west_train
site_10353,372970.0,west_train
site_10354,372970.0,west_train
site_10355,372970.0,west_train
site_10356,372970.0,west_train
site_10357,372970.0,west_train
site_10358,372970.0,west_train
site_10359,372970.0,west_train
site_10360,372970.0,west_train
site_10361,372970.0,west_train
site_10362,372970.0,west_train
site_10363,372970.0,west_train
site_10364,372970.0,west_train
site_10365,372970.0,west_train
site_10366,372970.0,west_train
site_10367,372970.0,west_train
site_10368,372970.0,west_train
site_10369,372970.0,west_train
site_10370,372970.0,west_train
site_10371,372970.0,west_train
site_10372,372970.0,west_train
site_10373,372970.0,west_train
site_10374,372970.0,west_train
site_10375,372970.0,west_train
site_10376,372970.0,west_train
site_10377,372970.0,west_train
site_10378,372970.0,west_train
site_10379,372970.0,west_train
site_10380,372970.0,west_train
site_10381,372970.0,west_train
site_10382,372970.0,west_train
site_10383,372970.0,west_train
site_10384,372970.0,west_train
site_10385,372970.0,west_train
site_10386,372970.0,west_train
site_10387,372970.0,west_train
site_10388,372970.0,west_train
site_10389,372970.0,west_train
site_10390,372970.0,west_train
site_10391,372970.0,west_train
site_10392,372970.0,west_train
site_10393,372970.0,west_train
site_10394,372970.0,west_train
site_10395,372970.0,west_train
site_10396,372970.0,west_train
site_10397,372970.0,west_train
site_10398,372970.0,west_train
site_10399,372970.0,west_train
site_10400,372970.0,west_train
site_10401,372970.0,west_train
site_10402,372970.0,west_train
site_10403,372970.0,west_train
site_10404,372970.0,west_train
site_10405,372970.0,west_train
site_10406,372970.0,west_train
site_10407,372970.0,west_train
site_10408,372970.0,west_train
site_10409,372970.0,west_train
site_10410,372970.0,west_train
site_10411,372970.0,west_train
site_10412,372970.0,west_train
site_10413,372970.0,west_train
site_10414,372970.0,west_train
site_10415,373070.0,west_train
site_10416,373070.0,west_train
site_10417,373070.0,west_train
site_10418,373070.0,west_train
site_10419,373070.0,west_train
site_10420,373070.0,west_train
site_10421,373070.0,west_train
site_10422,373070.0,west_train
site_10423,373070.0,west_train
site_10424,373070.0,west_train
site_10425,373070.0,west_train
site_10426,373070.0,west_train
site_10427,373070.0,west_train
site_10428,373070.0,west_train
site_10429,373070.0,west_train
site_10430,373070.0,west_train
site_10431,373070.0,west_train
site_10432,373070.0,west_train
site_10433,373070.0,west_train
site_10434,373070.0,west_train
site_10435,373070.0,west_train
site_10436,373070.0,west_train
site_10437,373070.0,west_train
site_10438,373070.0,west_train
site_10439,373070.0,west_train
site_10440,373070.0,west_train
site_10441,373070.0,west_train
site_10442,373070.0,west_train
site_10443,373070.0,west_train
site_10444,373070.0,west_train
site_10445,373070.0,west_train
site_10446,373070.0,west_train
site_10447,373070.0,west_train
site_10448,373070.0,west_train
site_10449,373070.0,west_train
site_10450,373070.0,west_train
site_10451,373070.0,west_train
site_10452,373070.0,west_train
site_10453,373070.0,west_train
site_10454,373070.0,west_train
site_10455,373070.0,west_train
site_10456,373070.0,west_train
site_10457,373070.0,west_train
site_10458,373070.0,west_train
site_10459,373070.0,west_train
site_10460,373070.0,west_train
site_10461,373070.0,west_train
site_10462,373070.0,west_train
site_10463,373070.0,west_train
site_10464,373070.0,west_train
site_10465,373070.0,west_train
site_10466,373070.0,west_train
site_10467,373070.0,west_train
site_10468,373070.0,west_train
site_10469,373070.0,west_train
site_10471,373070.0,west_train
site_10472,373070.0,west_train
site_10473,373070.0,west_train
site_10474,373070.0,west_train
site_10475,373070.0,west_train
site_10476,373070.0,west_train
site_10477,373070.0,west_train
site_10478,373070.0,west_train
site_10479,373070.0,west_train
site_10480,373070.0,west_train
site_10481,373070.0,west_train
site_10482,373070.0,west_train
site_10483,373070.0,west_train
site_10484,373070.0,west_train
site_10485,373070.0,west_train
site_10486,373070.0,west_train
site_10487,373070.0,west_train
site_10488,373070.0,west_train
site_10489,373070.0,west_train
site_10490,373070.0,west_train
site_10491,373070.0,west_train
site_10492,373070.0,west_train
site_10493,373070.0,west_train
site_10494,373070.0,west_train
site_10495,373070.0,west_train
site_10496,373070.0,west_train
site_10497,373070.0,west_train
site_10498,373070.0,west_train
site_10499,373070.0,west_train
site_10500,373070.0,west_train
site_10501,373070.0,west_train
site_10502,373070.0,west_train
site_10503,373070.0,west_train
site_10504,373070.0,west_train
site_10505,373070.0,west_train
site_10506,373070.0,west_train
site_10507,373070.0,west_train
site_10508,373070.0,west_train
site_10509,373070.0,west_train
site_10510,373070.0,west_train
site_10511,373070.0,west_train
site_10512,373070.0,west_train
site_10513,373070.0,west_train
site_10514,373070.0,west_train
site_10515,373070.0,west_train
site_10516,373070.0,west_train
site_10517,373070.0,west_train
site_10518,373070.0,west_train
site_10519,373070.0,west_train
site_10520,373070.0,west_train
site_10522,373070.0,west_train
site_10523,373070.0,west_train
site_10524,373070.0,west_train
site_10525,373070.0,west_train
site_10526,373070.0,west_train
site_10527,373070.0,west_train
site_10528,373170.0,west_train
site_10529,373170.0,west_train
site_10530,373170.0,west_train
site_10531,373170.0,west_train
site_10532,373170.0,west_train
site_10533,373170.0,west_train
site_10534,373170.0,west_train
site_10535,373170.0,west_train
site_10536,373170.0,west_train
site_10537,373170.0,west_train
site_10538,373170.0,west_train
site_10539,373170.0,west_train
site_10540,373170.0,west_train
site_10541,373170.0,west_train
site_10542,373170.0,west_train
site_10543,373170.0,west_train
site_10544,373170.0,west_train
site_10545,373170.0,west_train
site_10546,373170.0,west_train
site_10547,373170.0,west_train
site_10548,373170.0,west_train
site_10549,373170.0,west_train
site_10550,373170.0,west_train
site_10551,373170.0,west_train
site_10552,373170.0,west_train
site_10553,373170.0,west_train
site_10554,373170.0,west_train
site_10555,373170.0,west_train
site_10556,373170.0,west_train
site_10557,373170.0,west_train
site_10558,373170.0,west_train
site_10559,373170.0,west_train
site_10560,373170.0,west_train
site_10561,373170.0,west_train
site_10562,373170.0,west_train
site_10563,373170.0,west_train
site_10564,373170.0,west_train
site_10565,373170.0,west_train
site_10566,373170.0,west_train
site_10567,373170.0,west_train
site_10568,373170.0,west_train
site_10569,373170.0,west_train
site_10570,373170.0,west_train
site_10571,373170.0,west_train
site_10572,373170.0,west_train
site_10573,373170.0,west_train
site_10574,373170.0,west_train
site_10575,373170.0,west_train
site_10576,373170.0,west_train
site_10577,373170.0,west_train
site_10578,373170.0,west_train
site_10579,373170.0,west_train
site_10580,373170.0,west_train
site_10581,373170.0,west_train
site_10582,373170.0,west_train
site_10583,373170.0,west_train
site_10584,373170.0,west_train
site_10585,373170.0,west_train
site_10586,373170.0,west_train
site_10588,373170.0,west_train
site_10590,373170.0,west_train
site_10591,373170.0,west_train
site_10592,373170.0,west_train
site_10593,373170.0,west_train
site_10594,373170.0,west_train
site_10595,373170.0,west_train
site_10596,373170.0,west_train
site_10597,373170.0,west_train
site_10598,373170.0,west_train
site_10599,373170.0,west_train
site_10600,373170.0,west_train
site_10601,373170.0,west_train
site_10602,373170.0,west_train
site_10603,373170.0,west_train
site_10604,373170.0,west_train
site_10605,373170.0,west_train
site_10606,373170.0,west_train
site_10607,373170.0,west_train
site_10608,373170.0,west_train
site_10609,373170.0,west_train
site_10610,373170.0,west_train
site_10611,373170.0,west_train
site_10612,373170.0,west_train
site_10613,373170.0,west_train
site_10614,373170.0,west_train
site_10615,373170.0,west_train
site_10616,373170.0,west_train
site_10617,373170.0,west_train
site_10618,373170.0,west_train
site_10619,373170.0,west_train
site_10620,373170.0,west_train
site_10621,373170.0,west_train
site_10622,373170.0,west_train
site_10623,373170.0,west_train
site_10624,373170.0,west_train
site_10625,373170.0,west_train
site_10626,373170.0,west_train
site_10627,373170.0,west_train
site_10628,373170.0,west_train
site_10629,373170.0,west_train
site_10630,373170.0,west_train
site_10631,373170.0,west_train
site_10632,373170.0,west_train
site_10633,373170.0,west_train
site_10634,373170.0,west_train
site_10635,373170.0,west_train
site_10636,373170.0,west_train
site_10637,373170.0,west_train
site_10638,373170.0,west_train
site_10639,373170.0,west_train
site_10640,373170.0,west_train
site_10641,373170.0,west_train
site_10642,373170.0,west_train
site_10643,373170.0,west_train
site_10644,373170.0,west_train
site_10645,373170.0,west_train
site_10646,373270.0,west_train
site_10647,373270.0,west_train
site_10648,373270.0,west_train
site_10649,373270.0,west_train
site_10650,373270.0,west_train
site_10651,373270.0,west_train
site_10652,373270.0,west_train
site_10653,373270.0,west_train
site_10654,373270.0,west_train
site_10655,373270.0,west_train
site_10656,373270.0,west_train
site_10657,373270.0,west_train
site_10658,373270.0,west_train
site_10659,373270.0,west_train
site_10660,373270.0,west_train
site_10661,373270.0,west_train
site_10662,373270.0,west_train
site_10663,373270.0,west_train
site_10664,373270.0,west_train
site_10665,373270.0,west_train
site_10666,373270.0,west_train
site_10667,373270.0,west_train
site_10668,373270.0,west_train
site_10669,373270.0,west_train
site_10670,373270.0,west_train
site_10671,373270.0,west_train
site_10672,373270.0,west_train
site_10673,373270.0,west_train
site_10674,373270.0,west_train
site_10675,373270.0,west_train
site_10676,373270.0,west_train
site_10677,373270.0,west_train
site_10678,373270.0,west_train
site_10679,373270.0,west_train
site_10680,373270.0,west_train
site_10681,373270.0,west_train
site_10682,373270.0,west_train
site_10683,373270.0,west_train
site_10684,373270.0,west_train
site_10685,373270.0,west_train
site_10686,373270.0,west_train
site_10687,373270.0,west_train
site_10688,373270.0,west_train
site_10689,373270.0,west_train
site_10690,373270.0,west_train
site_10691,373270.0,west_train
site_10692,373270.0,west_train
site_10693,373270.0,west_train
site_10694,373270.0,west_train
site_10695,373270.0,west_train
site_10696,373270.0,west_train
site_10697,373270.0,west_train
site_10698,373270.0,west_train
site_10699,373270.0,west_train
site_10700,373270.0,west_train
site_10701,373270.0,west_train
site_10702,373270.0,west_train
site_10703,373270.0,west_train
site_10704,373270.0,west_train
site_10705,373270.0,west_train
site_10706,373270.0,west_train
site_10707,373270.0,west_train
site_10709,373270.0,west_train
site_10711,373270.0,west_train
site_10712,373270.0,west_train
site_10713,373270.0,west_train
site_10714,373270.0,west_train
site_10715,373270.0,west_train
site_10716,373270.0,west_train
site_10717,373270.0,west_train
site_10718,373270.0,west_train
site_10719,373270.0,west_train
site_10720,373270.0,west_train
site_10721,373270.0,west_train
site_10722,373270.0,west_train
site_10723,373270.0,west_train
site_10724,373270.0,west_train
site_10725,373270.0,west_train
site_10726,373270.0,west_train
site_10727,373270.0,west_train
site_10728,373270.0,west_train
site_10729,373270.0,west_train
site_10730,373270.0,west_train
site_10731,373270.0,west_train
site_10732,373270.0,west_train
site_10733,373270.0,west_train
site_10734,373270.0,west_train
site_10735,373270.0,west_train
site_10736,373270.0,west_train
site_10737,373270.0,west_train
site_10738,373270.0,west_train
site_10739,373270.0,west_train
site_10740,373270.0,west_train
site_10741,373270.0,west_train
site_10742,373270.0,west_train
site_10743,373270.0,west_train
site_10744,373270.0,west_train
site_10745,373270.0,west_train
site_10746,373270.0,west_train
site_10747,373270.0,west_train
site_10748,373270.0,west_train
site_10749,373270.0,west_train
site_10750,373270.0,west_train
site_10751,373270.0,west_train
site_10752,373270.0,west_train
site_10753,373270.0,west_train
site_10754,373270.0,west_train
site_10755,373270.0,west_train
site_10756,373270.0,west_train
site_10757,373270.0,west_train
site_10758,373270.0,west_train
site_10759,373270.0,west_train
site_10760,373270.0,west_train
site_10761,373270.0,west_train
site_10762,373270.0,west_train
site_10763,373270.0,west_train
site_10764,373270.0,west_train
site_10765,373270.0,west_train
site_10766,373270.0,west_train
site_10767,373270.0,west_train
site_10768,373370.0,west_train
site_10769,373370.0,west_train
site_10770,373370.0,west_train
site_10771,373370.0,west_train
site_10772,373370.0,west_train
site_10773,373370.0,west_train
site_10774,373370.0,west_train
site_10775,373370.0,west_train
site_10776,373370.0,west_train
site_10777,373370.0,west_train
site_10778,373370.0,west_train
site_10779,373370.0,west_train
site_10780,373370.0,west_train
site_10781,373370.0,west_train
site_10782,373370.0,west_train
site_10783,373370.0,west_train
site_10784,373370.0,west_train
site_10785,373370.0,west_train
site_10786,373370.0,west_train
site_10787,373370.0,west_train
site_10788,373370.0,west_train
site_10789,373370.0,west_train
site_10790,373370.0,west_train
site_10791,373370.0,west_train
site_10792,373370.0,west_train
site_10793,373370.0,west_train
site_10794,373370.0,west_train
site_10795,373370.0,west_train
site_10796,373370.0,west_train
site_10797,373370.0,west_train
site_10798,373370.0,west_train
site_10799,373370.0,west_train
site_10800,373370.0,west_train
site_10801,373370.0,west_train
site_10802,373370.0,west_train
site_10803,373370.0,west_train
site_10804,373370.0,west_train
site_10805,373370.0,west_train
site_10806,373370.0,west_train
site_10807,373370.0,west_train
site_10808,373370.0,west_train
site_10809,373370.0,west_train
site_10810,373370.0,west_train
site_10811,373370.0,west_train
site_10812,373370.0,west_train
site_10813,373370.0,west_train
site_10814,373370.0,west_train
site_10815,373370.0,west_train
site_10816,373370.0,west_train
site_10817,373370.0,west_train
site_10818,373370.0,west_train
site_10819,373370.0,west_train
site_10820,373370.0,west_train
site_10821,373370.0,west_train
site_10822,373370.0,west_train
site_10823,373370.0,west_train
site_10824,373370.0,west_train
site_10825,373370.0,west_train
site_10826,373370.0,west_train
site_10827,373370.0,west_train
site_10828,373370.0,west_train
site_10829,373370.0,west_train
site_10830,373370.0,west_train
site_10831,373370.0,west_train
site_10833,373370.0,west_train
site_10834,373370.0,west_train
site_10835,373370.0,west_train
site_10836,373370.0,west_train
site_10837,373370.0,west_train
site_10839,373370.0,west_train
site_10840,373370.0,west_train
site_10841,373370.0,west_train
site_10842,373370.0,west_train
site_10843,373370.0,west_train
site_10844,373370.0,west_train
site_10845,373370.0,west_train
site_10846,373370.0,west_train
site_10847,373370.0,west_train
site_10848,373370.0,west_train
site_10849,373370.0,west_train
site_10850,373370.0,west_train
site_10851,373370.0,west_train
site_10852,373370.0,west_train
site_10853,373370.0,west_train
site_10854,373370.0,west_train
site_10855,373370.0,west_train
site_10856,373370.0,west_train
site_10857,373370.0,west_train
site_10858,373370.0,west_train
site_10859,373370.0,west_train
site_10860,373370.0,west_train
site_10861,373370.0,west_train
site_10862,373370.0,west_train
site_10863,373370.0,west_train
site_10864,373370.0,west_train
site_10865,373370.0,west_train
site_10866,373370.0,west_train
site_10867,373370.0,west_train
site_10868,373370.0,west_train
site_10869,373370.0,west_train
site_10870,373370.0,west_train
site_10871,373370.0,west_train
site_10872,373370.0,west_train
site_10873,373370.0,west_train
site_10874,373370.0,west_train
site_10875,373370.0,west_train
site_10876,373370.0,west_train
site_10877,373370.0,west_train
site_10878,373370.0,west_train
site_10879,373370.0,west_train
site_10880,373370.0,west_train
site_10881,373370.0,west_train
site_10882,373370.0,west_train
site_10883,373370.0,west_train
site_10884,373370.0,west_train
site_10885,373370.0,west_train
site_10886,373370.0,west_train
site_10887,373370.0,west_train
site_10888,373370.0,west_train
site_10889,373370.0,west_train
site_10890,373370.0,west_train
site_10891,373370.0,west_train
site_10892,373370.0,west_train
site_10893,373370.0,west_train
site_10894,373370.0,west_train
site_10895,373370.0,west_train
site_10896,373370.0,west_train
site_10897,373470.0,east_test
site_10898,373470.0,east_test
site_10899,373470.0,east_test
site_10900,373470.0,east_test
site_10901,373470.0,east_test
site_10902,373470.0,east_test
site_10903,373470.0,east_test
site_10904,373470.0,east_test
site_10905,373470.0,east_test
site_10906,373470.0,east_test
site_10907,373470.0,east_test
site_10908,373470.0,east_test
site_10909,373470.0,east_test
site_10910,373470.0,east_test
site_10911,373470.0,east_test
site_10912,373470.0,east_test
site_10913,373470.0,east_test
site_10914,373470.0,east_test
site_10915,373470.0,east_test
site_10916,373470.0,east_test
site_10917,373470.0,east_test
site_10918,373470.0,east_test
site_10919,373470.0,east_test
site_10920,373470.0,east_test
site_10921,373470.0,east_test
site_10922,373470.0,east_test
site_10923,373470.0,east_test
site_10924,373470.0,east_test
site_10925,373470.0,east_test
site_10926,373470.0,east_test
site_10927,373470.0,east_test
site_10928,373470.0,east_test
site_10929,373470.0,east_test
site_10930,373470.0,east_test
site_10931,373470.0,east_test
site_10932,373470.0,east_test
site_10933,373470.0,east_test
site_10934,373470.0,east_test
site_10935,373470.0,east_test
site_10936,373470.0,east_test
site_10937,373470.0,east_test
site_10938,373470.0,east_test
site_10939,373470.0,east_test
site_10940,373470.0,east_test
site_10941,373470.0,east_test
site_10942,373470.0,east_test
site_10943,373470.0,east_test
site_10944,373470.0,east_test
site_10945,373470.0,east_test
site_10946,373470.0,east_test
site_10947,373470.0,east_test
site_10948,373470.0,east_test
site_10949,373470.0,east_test
site_10950,373470.0,east_test
site_10951,373470.0,east_test
site_10952,373470.0,east_test
site_10953,373470.0,east_test
site_10954,373470.0,east_test
site_10955,373470.0,east_test
site_10956,373470.0,east_test
site_10957,373470.0,east_test
site_10959,373470.0,east_test
site_10961,373470.0,east_test
site_10962,373470.0,east_test
site_10963,373470.0,east_test
site_10964,373470.0,east_test
site_10966,373470.0,east_test
site_10967,373470.0,east_test
site_10968,373470.0,east_test
site_10969,373470.0,east_test
site_10970,373470.0,east_test
site_10971,373470.0,east_test
site_10972,373470.0,east_test
site_10973,373470.0,east_test
site_10974,373470.0,east_test
site_10975,373470.0,east_test
site_10976,373470.0,east_test
site_10977,373470.0,east_test
site_10978,373470.0,east_test
site_10979,373470.0,east_test
site_10980,373470.0,east_test
site_10981,373470.0,east_test
site_10982,373470.0,east_test
site_10983,373470.0,east_test
site_10984,373470.0,east_test
site_10985,373470.0,east_test
site_10986,373470.0,east_test
site_10987,373470.0,east_test
site_10988,373470.0,east_test
site_10989,373470.0,east_test
site_10990,373470.0,east_test
site_10991,373470.0,east_test
site_10992,373470.0,east_test
site_10993,373470.0,east_test
site_10994,373470.0,east_test
site_10995,373470.0,east_test
site_10996,373470.0,east_test
site_10997,373470.0,east_test
site_10998,373470.0,east_test
site_10999,373470.0,east_test
site_11000,373470.0,east_test
site_11001,373470.0,east_test
site_11002,373470.0,east_test
site_11003,373470.0,east_test
site_11004,373470.0,east_test
site_11005,373470.0,east_test
site_11006,373470.0,east_test
site_11007,373470.0,east_test
site_11008,373470.0,east_test
site_11009,373470.0,east_test
site_11010,373470.0,east_test
site_11011,373470.0,east_test
site_11012,373470.0,east_test
site_11013,373470.0,east_test
site_11014,373470.0,east_test
site_11015,373470.0,east_test
site_11016,373470.0,east_test
site_11017,373470.0,east_test
site_11018,373470.0,east_test
site_11019,373470.0,east_test
site_11020,373470.0,east_test
site_11021,373470.0,east_test
site_11022,373470.0,east_test
site_11023,373470.0,east_test
site_11024,373470.0,east_test
site_11025,373570.0,east_test
site_11026,373570.0,east_test
site_11027,373570.0,east_test
site_11028,373570.0,east_test
site_11029,373570.0,east_test
site_11030,373570.0,east_test
site_11031,373570.0,east_test
site_11032,373570.0,east_test
site_11033,373570.0,east_test
site_11034,373570.0,east_test
site_11035,373570.0,east_test
site_11036,373570.0,east_test
site_11037,373570.0,east_test
site_11038,373570.0,east_test
site_11039,373570.0,east_test
site_11040,373570.0,east_test
site_11041,373570.0,east_test
site_11042,373570.0,east_test
site_11043,373570.0,east_test
site_11044,373570.0,east_test
site_11045,373570.0,east_test
site_11046,373570.0,east_test
site_11047,373570.0,east_test
site_11048,373570.0,east_test
site_11049,373570.0,east_test
site_11050,373570.0,east_test
site_11051,373570.0,east_test
site_11052,373570.0,east_test
site_11053,373570.0,east_test
site_11054,373570.0,east_test
site_11055,373570.0,east_test
site_11056,373570.0,east_test
site_11057,373570.0,east_test
site_11058,373570.0,east_test
site_11059,373570.0,east_test
site_11060,373570.0,east_test
site_11061,373570.0,east_test
site_11062,373570.0,east_test
site_11063,373570.0,east_test
site_11064,373570.0,east_test
site_11065,373570.0,east_test
site_11066,373570.0,east_test
site_11067,373570.0,east_test
site_11068,373570.0,east_test
site_11069,373570.0,east_test
site_11070,373570.0,east_test
site_11071,373570.0,east_test
site_11072,373570.0,east_test
site_11073,373570.0,east_test
site_11074,373570.0,east_test
site_11075,373570.0,east_test
site_11076,373570.0,east_test
site_11077,373570.0,east_test
site_11078,373570.0,east_test
site_11079,373570.0,east_test
site_11080,373570.0,east_test
site_11081,373570.0,east_test
site_11082,373570.0,east_test
site_11083,373570.0,east_test
site_11084,373570.0,east_test
site_11085,373570.0,east_test
site_11086,373570.0,east_test
site_11087,373570.0,east_test
site_11088,373570.0,east_test
site_11089,373570.0,east_test
site_11090,373570.0,east_test
site_11091,373570.0,east_test
site_11092,373570.0,east_test
site_11093,373570.0,east_test
site_11095,373570.0,east_test
site_11096,373570.0,east_test
site_11097,373570.0,east_test
site_11098,373570.0,east_test
site_11099,373570.0,east_test
site_11100,373570.0,east_test
site_11101,373570.0,east_test
site_11102,373570.0,east_test
site_11103,373570.0,east_test
site_11104,373570.0,east_test
site_11105,373570.0,east_test
site_11106,373570.0,east_test
site_11107,373570.0,east_test
site_11108,373570.0,east_test
site_11109,373570.0,east_test
site_11110,373570.0,east_test
site_11111,373570.0,east_test
site_11112,373570.0,east_test
site_11113,373570.0,east_test
site_11114,373570.0,east_test
site_11115,373570.0,east_test
site_11116,373570.0,east_test
site_11117,373570.0,east_test
site_11118,373570.0,east_test
site_11119,373570.0,east_test
site_11120,373570.0,east_test
site_11121,373570.0,east_test
site_11122,373570.0,east_test
site_11123,373570.0,east_test
site_11124,373570.0,east_test
site_11125,373570.0,east_test
site_11126,373570.0,east_test
site_11127,373570.0,east_test
site_11128,373570.0,east_test
site_11129,373570.0,east_test
site_11130,373570.0,east_test
site_11131,373570.0,east_test
site_11132,373570.0,east_test
site_11133,373570.0,east_test
site_11134,373570.0,east_test
site_11135,373570.0,east_test
site_11136,373570.0,east_test
site_11137,373570.0,east_test
site_11138,373570.0,east_test
site_11139,373570.0,east_test
site_11140,373570.0,east_test
site_11141,373570.0,east_test
site_11142,373570.0,east_test
site_11143,373570.0,east_test
site_11144,373570.0,east_test
site_11145,373570.0,east_test
site_11146,373570.0,east_test
site_11147,373570.0,east_test
site_11148,373570.0,east_test
site_11149,373570.0,east_test
site_11150,373570.0,east_test
site_11151,373570.0,east_test
site_11152,373570.0,east_test
site_11153,373570.0,east_test
site_11154,373570.0,east_test
site_11155,373570.0,east_test
site_11156,373570.0,east_test
site_11157,373570.0,east_test
site_11158,373570.0,east_test
site_11160,373670.0,east_test
site_11161,373670.0,east_test
site_11162,373670.0,east_test
site_11163,373670.0,east_test
site_11164,373670.0,east_test
site_11165,373670.0,east_test
site_11166,373670.0,east_test
site_11167,373670.0,east_test
site_11168,373670.0,east_test
site_11169,373670.0,east_test
site_11170,373670.0,east_test
site_11171,373670.0,east_test
site_11172,373670.0,east_test
site_11173,373670.0,east_test
site_11174,373670.0,east_test
site_11175,373670.0,east_test
site_11176,373670.0,east_test
site_11177,373670.0,east_test
site_11178,373670.0,east_test
site_11179,373670.0,east_test
site_11180,373670.0,east_test
site_11181,373670.0,east_test
site_11182,373670.0,east_test
site_11183,373670.0,east_test
site_11184,373670.0,east_test
site_11185,373670.0,east_test
site_11186,373670.0,east_test
site_11187,373670.0,east_test
site_11188,373670.0,east_test
site_11189,373670.0,east_test
site_11190,373670.0,east_test
site_11191,373670.0,east_test
site_11192,373670.0,east_test
site_11193,373670.0,east_test
site_11194,373670.0,east_test
site_11195,373670.0,east_test
site_11196,373670.0,east_test
site_11197,373670.0,east_test
site_11198,373670.0,east_test
site_11199,373670.0,east_test
site_11200,373670.0,east_test
site_11201,373670.0,east_test
site_11202,373670.0,east_test
site_11203,373670.0,east_test
site_11204,373670.0,east_test
site_11205,373670.0,east_test
site_11206,373670.0,east_test
site_11207,373670.0,east_test
site_11208,373670.0,east_test
site_11209,373670.0,east_test
site_11210,373670.0,east_test
site_11211,373670.0,east_test
site_11212,373670.0,east_test
site_11213,373670.0,east_test
site_11214,373670.0,east_test
site_11215,373670.0,east_test
site_11216,373670.0,east_test
site_11217,373670.0,east_test
site_11218,373670.0,east_test
site_11219,373670.0,east_test
site_11220,373670.0,east_test
site_11221,373670.0,east_test
site_11222,373670.0,east_test
site_11223,373670.0,east_test
site_11224,373670.0,east_test
site_11225,373670.0,east_test
site_11226,373670.0,east_test
site_11227,373670.0,east_test
site_11228,373670.0,east_test
site_11229,373670.0,east_test
site_11230,373670.0,east_test
site_11231,373670.0,east_test
site_11233,373670.0,east_test
site_11235,373670.0,east_test
site_11236,373670.0,east_test
site_11237,373670.0,east_test
site_11239,373670.0,east_test
site_11240,373670.0,east_test
site_11241,373670.0,east_test
site_11242,373670.0,east_test
site_11243,373670.0,east_test
site_11244,373670.0,east_test
site_11245,373670.0,east_test
site_11246,373670.0,east_test
site_11247,373670.0,east_test
site_11248,373670.0,east_test
site_11249,373670.0,east_test
site_11250,373670.0,east_test
site_11251,373670.0,east_test
site_11252,373670.0,east_test
site_11253,373670.0,east_test
site_11254,373670.0,east_test
site_11255,373670.0,east_test
site_11256,373670.0,east_test
site_11257,373670.0,east_test
site_11258,373670.0,east_test
site_11259,373670.0,east_test
site_11260,373670.0,east_test
site_11261,373670.0,east_test
site_11262,373670.0,east_test
site_11263,373670.0,east_test
site_11264,373670.0,east_test
site_11265,373670.0,east_test
site_11266,373670.0,east_test
site_11267,373670.0,east_test
site_11268,373670.0,east_test
site_11269,373670.0,east_test
site_11270,373670.0,east_test
site_11271,373670.0,east_test
site_11272,373670.0,east_test
site_11273,373670.0,east_test
site_11274,373670.0,east_test
site_11275,373670.0,east_test
site_11276,373670.0,east_test
site_11277,373670.0,east_test
site_11278,373670.0,east_test
site_11279,373670.0,east_test
site_11280,373670.0,east_test
site_11281,373670.0,east_test
site_11282,373670.0,east_test
site_11283,373670.0,east_test
site_11284,373670.0,east_test
site_11285,373670.0,east_test
site_11286,373670.0,east_test
site_11287,373670.0,east_test
site_11288,373670.0,east_test
site_11289,373670.0,east_test
site_11290,373670.0,east_test
site_11291,373670.0,east_test
site_11292,373670.0,east_test
site_11293,373670.0,east_test
site_11294,373670.0,east_test
site_11295,373670.0,east_test
site_11296,373670.0,east_test
site_11297,373770.0,east_test
site_11298,373770.0,east_test
site_11299,373770.0,east_test
site_11300,373770.0,east_test
site_11301,373770.0,east_test
site_11302,373770.0,east_test
site_11303,373770.0,east_test
site_11304,373770.0,east_test
site_11305,373770.0,east_test
site_11306,373770.0,east_test
site_11307,373770.0,east_test
site_11308,373770.0,east_test
site_11309,373770.0,east_test
site_11310,373770.0,east_test
site_11311,373770.0,east_test
site_11312,373770.0,east_test
site_11313,373770.0,east_test
site_11314,373770.0,east_test
site_11315,373770.0,east_test
site_11316,373770.0,east_test
site_11317,373770.0,east_test
site_11318,373770.0,east_test
site_11319,373770.0,east_test
site_11320,373770.0,east_test
site_11321,373770.0,east_test
site_11322,373770.0,east_test
site_11323,373770.0,east_test
site_11324,373770.0,east_test
site_11325,373770.0,east_test
site_11326,373770.0,east_test
site_11327,373770.0,east_test
site_11328,373770.0,east_test
site_11329,373770.0,east_test
site_11330,373770.0,east_test
site_11331,373770.0,east_test
site_11332,373770.0,east_test
site_11333,373770.0,east_test
site_11334,373770.0,east_test
site_11335,373770.0,east_test
site_11336,373770.0,east_test
site_11337,373770.0,east_test
site_11338,373770.0,east_test
site_11339,373770.0,east_test
site_11340,373770.0,east_test
site_11341,373770.0,east_test
site_11342,373770.0,east_test
site_11343,373770.0,east_test
site_11344,373770.0,east_test
site_11345,373770.0,east_test
site_11346,373770.0,east_test
site_11347,373770.0,east_test
site_11348,373770.0,east_test
site_11349,373770.0,east_test
site_11350,373770.0,east_test
site_11351,373770.0,east_test
site_11352,373770.0,east_test
site_11353,373770.0,east_test
site_11354,373770.0,east_test
site_11355,373770.0,east_test
site_11356,373770.0,east_test
site_11357,373770.0,east_test
site_11358,373770.0,east_test
site_11359,373770.0,east_test
site_11360,373770.0,east_test
site_11361,373770.0,east_test
site_11362,373770.0,east_test
site_11363,373770.0,east_test
site_11364,373770.0,east_test
site_11365,373770.0,east_test
site_11366,373770.0,east_test
site_11367,373770.0,east_test
site_11368,373770.0,east_test
site_11371,373770.0,east_test
site_11373,373770.0,east_test
site_11374,373770.0,east_test
site_11375,373770.0,east_test
site_11376,373770.0,east_test
site_11377,373770.0,east_test
site_11379,373770.0,east_test
site_11380,373770.0,east_test
site_11384,373770.0,east_test
site_11385,373770.0,east_test
site_11386,373770.0,east_test
site_11387,373770.0,east_test
site_11388,373770.0,east_test
site_11389,373770.0,east_test
site_11390,373770.0,east_test
site_11391,373770.0,east_test
site_11392,373770.0,east_test
site_11393,373770.0,east_test
site_11394,373770.0,east_test
site_11395,373770.0,east_test
site_11396,373770.0,east_test
site_11397,373770.0,east_test
site_11398,373770.0,east_test
site_11399,373770.0,east_test
site_11400,373770.0,east_test
site_11401,373770.0,east_test
site_11402,373770.0,east_test
site_11403,373770.0,east_test
site_11404,373770.0,east_test
site_11405,373770.0,east_test
site_11406,373770.0,east_test
site_11407,373770.0,east_test
site_11408,373770.0,east_test
site_11409,373770.0,east_test
site_11410,373770.0,east_test
site_11411,373770.0,east_test
site_11412,373770.0,east_test
site_11413,373770.0,east_test
site_11414,373770.0,east_test
site_11415,373770.0,east_test
site_11416,373770.0,east_test
site_11417,373770.0,east_test
site_11418,373770.0,east_test
site_11419,373770.0,east_test
site_11420,373770.0,east_test
site_11421,373770.0,east_test
site_11422,373770.0,east_test
site_11423,373770.0,east_test
site_11424,373770.0,east_test
site_11425,373770.0,east_test
site_11426,373770.0,east_test
site_11427,373770.0,east_test
site_11428,373770.0,east_test
site_11429,373770.0,east_test
site_11430,373770.0,east_test
site_11431,373770.0,east_test
site_11432,373770.0,east_test
site_11433,373770.0,east_test
site_11434,373770.0,east_test
site_11435,373770.0,east_test
site_11436,373770.0,east_test
site_11437,373770.0,east_test
site_11438,373770.0,east_test
site_11439,373770.0,east_test
site_11440,373770.0,east_test
site_11441,373770.0,east_test
site_11442,373770.0,east_test
site_11443,373770.0,east_test
site_11444,373770.0,east_test
site_11445,373870.0,east_test
site_11446,373870.0,east_test
site_11447,373870.0,east_test
site_11448,373870.0,east_test
site_11449,373870.0,east_test
site_11450,373870.0,east_test
site_11451,373870.0,east_test
site_11452,373870.0,east_test
site_11453,373870.0,east_test
site_11454,373870.0,east_test
site_11455,373870.0,east_test
site_11456,373870.0,east_test
site_11457,373870.0,east_test
site_11458,373870.0,east_test
site_11459,373870.0,east_test
site_11460,373870.0,east_test
site_11461,373870.0,east_test
site_11462,373870.0,east_test
site_11463,373870.0,east_test
site_11464,373870.0,east_test
site_11465,373870.0,east_test
site_11466,373870.0,east_test
site_11467,373870.0,east_test
site_11468,373870.0,east_test
site_11469,373870.0,east_test
site_11470,373870.0,east_test
site_11471,373870.0,east_test
site_11472,373870.0,east_test
site_11473,373870.0,east_test
site_11474,373870.0,east_test
site_11475,373870.0,east_test
site_11476,373870.0,east_test
site_11477,373870.0,east_test
site_11478,373870.0,east_test
site_11479,373870.0,east_test
site_11480,373870.0,east_test
site_11481,373870.0,east_test
site_11482,373870.0,east_test
site_11483,373870.0,east_test
site_11484,373870.0,east_test
site_11485,373870.0,east_test
site_11486,373870.0,east_test
site_11487,373870.0,east_test
site_11488,373870.0,east_test
site_11489,373870.0,east_test
site_11490,373870.0,east_test
site_11491,373870.0,east_test
site_11492,373870.0,east_test
site_11493,373870.0,east_test
site_11494,373870.0,east_test
site_11495,373870.0,east_test
site_11496,373870.0,east_test
site_11497,373870.0,east_test
site_11498,373870.0,east_test
site_11499,373870.0,east_test
site_11500,373870.0,east_test
site_11501,373870.0,east_test
site_11502,373870.0,east_test
site_11503,373870.0,east_test
site_11504,373870.0,east_test
site_11505,373870.0,east_test
site_11506,373870.0,east_test
site_11507,373870.0,east_test
site_11508,373870.0,east_test
site_11509,373870.0,east_test
site_11510,373870.0,east_test
site_11511,373870.0,east_test
site_11512,373870.0,east_test
site_11513,373870.0,east_test
site_11514,373870.0,east_test
site_11515,373870.0,east_test
site_11516,373870.0,east_test
site_11517,373870.0,east_test
site_11518,373870.0,east_test
site_11520,373870.0,east_test
site_11521,373870.0,east_test
site_11522,373870.0,east_test
site_11523,373870.0,east_test
site_11525,373870.0,east_test
site_11526,373870.0,east_test
site_11527,373870.0,east_test
site_11528,373870.0,east_test
site_11530,373870.0,east_test
site_11531,373870.0,east_test
site_11533,373870.0,east_test
site_11534,373870.0,east_test
site_11535,373870.0,east_test
site_11536,373870.0,east_test
site_11537,373870.0,east_test
site_11538,373870.0,east_test
site_11539,373870.0,east_test
site_11540,373870.0,east_test
site_11541,373870.0,east_test
site_11542,373870.0,east_test
site_11543,373870.0,east_test
site_11544,373870.0,east_test
site_11545,373870.0,east_test
site_11546,373870.0,east_test
site_11547,373870.0,east_test
site_11548,373870.0,east_test
site_11549,373870.0,east_test
site_11550,373870.0,east_test
site_11551,373870.0,east_test
site_11552,373870.0,east_test
site_11553,373870.0,east_test
site_11554,373870.0,east_test
site_11555,373870.0,east_test
site_11556,373870.0,east_test
site_11557,373870.0,east_test
site_11558,373870.0,east_test
site_11559,373870.0,east_test
site_11560,373870.0,east_test
site_11561,373870.0,east_test
site_11562,373870.0,east_test
site_11563,373870.0,east_test
site_11564,373870.0,east_test
site_11565,373870.0,east_test
site_11566,373870.0,east_test
site_11567,373870.0,east_test
site_11568,373870.0,east_test
site_11569,373870.0,east_test
site_11570,373870.0,east_test
site_11571,373870.0,east_test
site_11572,373870.0,east_test
site_11573,373870.0,east_test
site_11574,373870.0,east_test
site_11575,373870.0,east_test
site_11576,373870.0,east_test
site_11577,373870.0,east_test
site_11578,373870.0,east_test
site_11579,373870.0,east_test
site_11580,373870.0,east_test
site_11581,373870.0,east_test
site_11582,373870.0,east_test
site_11583,373870.0,east_test
site_11584,373870.0,east_test
site_11585,373870.0,east_test
site_11586,373870.0,east_test
site_11587,373870.0,east_test
site_11588,373870.0,east_test
site_11589,373870.0,east_test
site_11590,373870.0,east_test
site_11591,373870.0,east_test
site_11592,373970.0,east_test
site_11593,373970.0,east_test
site_11594,373970.0,east_test
site_11595,373970.0,east_test
site_11596,373970.0,east_test
site_11597,373970.0,east_test
site_11598,373970.0,east_test
site_11599,373970.0,east_test
site_11600,373970.0,east_test
site_11601,373970.0,east_test
site_11602,373970.0,east_test
site_11603,373970.0,east_test
site_11604,373970.0,east_test
site_11605,373970.0,east_test
site_11606,373970.0,east_test
site_11607,373970.0,east_test
site_11608,373970.0,east_test
site_11609,373970.0,east_test
site_11610,373970.0,east_test
site_11611,373970.0,east_test
site_11612,373970.0,east_test
site_11613,373970.0,east_test
site_11614,373970.0,east_test
site_11615,373970.0,east_test
site_11616,373970.0,east_test
site_11617,373970.0,east_test
site_11618,373970.0,east_test
site_11619,373970.0,east_test
site_11620,373970.0,east_test
site_11621,373970.0,east_test
site_11622,373970.0,east_test
site_11623,373970.0,east_test
site_11624,373970.0,east_test
site_11625,373970.0,east_test
site_11626,373970.0,east_test
site_11627,373970.0,east_test
site_11628,373970.0,east_test
site_11629,373970.0,east_test
site_11630,373970.0,east_test
site_11631,373970.0,east_test
site_11632,373970.0,east_test
site_11633,373970.0,east_test
site_11634,373970.0,east_test
site_11635,373970.0,east_test
site_11636,373970.0,east_test
site_11637,373970.0,east_test
site_11638,373970.0,east_test
site_11639,373970.0,east_test
site_11640,373970.0,east_test
site_11641,373970.0,east_test
site_11642,373970.0,east_test
site_11643,373970.0,east_test
site_11644,373970.0,east_test
site_11645,373970.0,east_test
site_11646,373970.0,east_test
site_11647,373970.0,east_test
site_11648,373970.0,east_test
site_11649,373970.0,east_test
site_11650,373970.0,east_test
site_11651,373970.0,east_test
site_11652,373970.0,east_test
site_11653,373970.0,east_test
site_11654,373970.0,east_test
site_11655,373970.0,east_test
site_11656,373970.0,east_test
site_11657,373970.0,east_test
site_11659,373970.0,east_test
site_11660,373970.0,east_test
site_11661,373970.0,east_test
site_11662,373970.0,east_test
site_11663,373970.0,east_test
site_11664,373970.0,east_test
site_11665,373970.0,east_test
site_11666,373970.0,east_test
site_11667,373970.0,east_test
site_11668,373970.0,east_test
site_11669,373970.0,east_test
site_11670,373970.0,east_test
site_11671,373970.0,east_test
site_11672,373970.0,east_test
site_11673,373970.0,east_test
site_11674,373970.0,east_test
site_11675,373970.0,east_test
site_11676,373970.0,east_test
site_11677,373970.0,east_test
site_11678,373970.0,east_test
site_11679,373970.0,east_test
site_11680,373970.0,east_test
site_11681,373970.0,east_test
site_11682,373970.0,east_test
site_11683,373970.0,east_test
site_11684,373970.0,east_test
site_11685,373970.0,east_test
site_11686,373970.0,east_test
site_11687,373970.0,east_test
site_11688,373970.0,east_test
site_11689,373970.0,east_test
site_11690,373970.0,east_test
site_11691,373970.0,east_test
site_11692,373970.0,east_test
site_11693,373970.0,east_test
site_11694,373970.0,east_test
site_11695,373970.0,east_test
site_11696,373970.0,east_test
site_11697,373970.0,east_test
site_11698,373970.0,east_test
site_11699,373970.0,east_test
site_11700,373970.0,east_test
site_11701,373970.0,east_test
site_11702,373970.0,east_test
site_11703,373970.0,east_test
site_11704,373970.0,east_test
site_11705,373970.0,east_test
site_11706,373970.0,east_test
site_11707,373970.0,east_test
site_11708,373970.0,east_test
site_11709,373970.0,east_test
site_11710,373970.0,east_test
site_11711,373970.0,east_test
site_11712,373970.0,east_test
site_11713,373970.0,east_test
site_11714,373970.0,east_test
site_11715,373970.0,east_test
site_11716,373970.0,east_test
site_11717,373970.0,east_test
site_11718,373970.0,east_test
site_11719,373970.0,east_test
site_11720,373970.0,east_test
site_11721,373970.0,east_test
site_11722,373970.0,east_test
site_11723,373970.0,east_test
site_11724,373970.0,east_test
site_11725,373970.0,east_test
site_11726,373970.0,east_test
site_11727,373970.0,east_test
site_11728,373970.0,east_test
site_11729,373970.0,east_test
site_11730,373970.0,east_test
site_11731,373970.0,east_test
site_11732,373970.0,east_test
site_11733,373970.0,east_test
site_11734,373970.0,east_test
site_11735,373970.0,east_test
site_11736,373970.0,east_test
site_11737,373970.0,east_test
site_11738,373970.0,east_test
site_11739,373970.0,east_test
site_11740,373970.0,east_test
site_11741,373970.0,east_test
site_11742,373970.0,east_test
site_11743,374070.0,east_test
site_11744,374070.0,east_test
site_11745,374070.0,east_test
site_11746,374070.0,east_test
site_11747,374070.0,east_test
site_11748,374070.0,east_test
site_11749,374070.0,east_test
site_11750,374070.0,east_test
site_11751,374070.0,east_test
site_11752,374070.0,east_test
site_11753,374070.0,east_test
site_11754,374070.0,east_test
site_11755,374070.0,east_test
site_11756,374070.0,east_test
site_11757,374070.0,east_test
site_11758,374070.0,east_test
site_11759,374070.0,east_test
site_11760,374070.0,east_test
site_11761,374070.0,east_test
site_11762,374070.0,east_test
site_11763,374070.0,east_test
site_11764,374070.0,east_test
site_11765,374070.0,east_test
site_11766,374070.0,east_test
site_11767,374070.0,east_test
site_11768,374070.0,east_test
site_11769,374070.0,east_test
site_11770,374070.0,east_test
site_11771,374070.0,east_test
site_11772,374070.0,east_test
site_11773,374070.0,east_test
site_11774,374070.0,east_test
site_11775,374070.0,east_test
site_11776,374070.0,east_test
site_11777,374070.0,east_test
site_11778,374070.0,east_test
site_11779,374070.0,east_test
site_11780,374070.0,east_test
site_11781,374070.0,east_test
site_11782,374070.0,east_test
site_11783,374070.0,east_test
site_11784,374070.0,east_test
site_11785,374070.0,east_test
site_11786,374070.0,east_test
site_11787,374070.0,east_test
site_11788,374070.0,east_test
site_11789,374070.0,east_test
site_11790,374070.0,east_test
site_11791,374070.0,east_test
site_11792,374070.0,east_test
site_11793,374070.0,east_test
site_11794,374070.0,east_test
site_11795,374070.0,east_test
site_11796,374070.0,east_test
site_11797,374070.0,east_test
site_11798,374070.0,east_test
site_11799,374070.0,east_test
site_11800,374070.0,east_test
site_11801,374070.0,east_test
site_11802,374070.0,east_test
site_11803,374070.0,east_test
site_11804,374070.0,east_test
site_11805,374070.0,east_test
site_11806,374070.0,east_test
site_11807,374070.0,east_test
site_11808,374070.0,east_test
site_11809,374070.0,east_test
site_11810,374070.0,east_test
site_11811,374070.0,east_test
site_11812,374070.0,east_test
site_11813,374070.0,east_test
site_11814,374070.0,east_test
site_11815,374070.0,east_test
site_11816,374070.0,east_test
site_11817,374070.0,east_test
site_11818,374070.0,east_test
site_11819,374070.0,east_test
site_11820,374070.0,east_test
site_11821,374070.0,east_test
site_11822,374070.0,east_test
site_11823,374070.0,east_test
site_11824,374070.0,east_test
site_11825,374070.0,east_test
site_11826,374070.0,east_test
site_11827,374070.0,east_test
site_11828,374070.0,east_test
site_11829,374070.0,east_test
site_11830,374070.0,east_test
site_11831,374070.0,east_test
site_11832,374070.0,east_test
site_11833,374070.0,east_test
site_11834,374070.0,east_test
site_11835,374070.0,east_test
site_11836,374070.0,east_test
site_11837,374070.0,east_test
site_11838,374070.0,east_test
site_11839,374070.0,east_test
site_11840,374070.0,east_test
site_11841,374070.0,east_test
site_11842,374070.0,east_test
site_11843,374070.0,east_test
site_11844,374070.0,east_test
site_11845,374070.0,east_test
site_11846,374070.0,east_test
site_11847,374070.0,east_test
site_11848,374070.0,east_test
site_11849,374070.0,east_test
site_11850,374070.0,east_test
site_11851,374070.0,east_test
site_11852,374070.0,east_test
site_11853,374070.0,east_test
site_11854,374070.0,east_test
site_11855,374070.0,east_test
site_11856,374070.0,east_test
site_11857,374070.0,east_test
site_11858,374070.0,east_test
site_11859,374070.0,east_test
site_11860,374070.0,east_test
site_11861,374070.0,east_test
site_11862,374070.0,east_test
site_11863,374070.0,east_test
site_11864,374070.0,east_test
site_11865,374070.0,east_test
site_11866,374070.0,east_test
site_11867,374070.0,east_test
site_11868,374070.0,east_test
site_11869,374070.0,east_test
site_11870,374070.0,east_test
site_11871,374070.0,east_test
site_11872,374070.0,east_test
site_11873,374070.0,east_test
site_11874,374070.0,east_test
site_11875,374070.0,east_test
site_11876,374070.0,east_test
site_11877,374070.0,east_test
site_11878,374070.0,east_test
site_11879,374070.0,east_test
site_11880,374070.0,east_test
site_11881,374070.0,east_test
site_11882,374070.0,east_test
site_11883,374070.0,east_test
site_11884,374070.0,east_test
site_11885,374070.0,east_test
site_11886,374070.0,east_test
site_11887,374070.0,east_test
site_11888,374070.0,east_test
site_11889,374070.0,east_test
site_11890,374170.0,east_test
site_11891,374170.0,east_test
site_11892,374170.0,east_test
site_11893,374170.0,east_test
site_11894,374170.0,east_test
site_11895,374170.0,east_test
site_11896,374170.0,east_test
site_11897,374170.0,east_test
site_11898,374170.0,east_test
site_11899,374170.0,east_test
site_11900,374170.0,east_test
site_11901,374170.0,east_test
site_11902,374170.0,east_test
site_11903,374170.0,east_test
site_11904,374170.0,east_test
site_11905,374170.0,east_test
site_11906,374170.0,east_test
site_11907,374170.0,east_test
site_11908,374170.0,east_test
site_11909,374170.0,east_test
site_11910,374170.0,east_test
site_11911,374170.0,east_test
site_11912,374170.0,east_test
site_11913,374170.0,east_test
site_11914,374170.0,east_test
site_11915,374170.0,east_test
site_11916,374170.0,east_test
site_11917,374170.0,east_test
site_11918,374170.0,east_test
site_11919,374170.0,east_test
site_11920,374170.0,east_test
site_11921,374170.0,east_test
site_11922,374170.0,east_test
site_11923,374170.0,east_test
site_11924,374170.0,east_test
site_11925,374170.0,east_test
site_11926,374170.0,east_test
site_11927,374170.0,east_test
site_11928,374170.0,east_test
site_11929,374170.0,east_test
site_11930,374170.0,east_test
site_11931,374170.0,east_test
site_11932,374170.0,east_test
site_11933,374170.0,east_test
site_11934,374170.0,east_test
site_11935,374170.0,east_test
site_11936,374170.0,east_test
site_11937,374170.0,east_test
site_11938,374170.0,east_test
site_11939,374170.0,east_test
site_11940,374170.0,east_test
site_11941,374170.0,east_test
site_11942,374170.0,east_test
site_11943,374170.0,east_test
site_11944,374170.0,east_test
site_11945,374170.0,east_test
site_11946,374170.0,east_test
site_11947,374170.0,east_test
site_11948,374170.0,east_test
site_11949,374170.0,east_test
site_11950,374170.0,east_test
site_11951,374170.0,east_test
site_11952,374170.0,east_test
site_11953,374170.0,east_test
site_11954,374170.0,east_test
site_11955,374170.0,east_test
site_11956,374170.0,east_test
site_11957,374170.0,east_test
site_11958,374170.0,east_test
site_11959,374170.0,east_test
site_11960,374170.0,east_test
site_11961,374170.0,east_test
site_11962,374170.0,east_test
site_11963,374170.0,east_test
site_11964,374170.0,east_test
site_11965,374170.0,east_test
site_11966,374170.0,east_test
site_11967,374170.0,east_test
site_11968,374170.0,east_test
site_11969,374170.0,east_test
site_11970,374170.0,east_test
site_11971,374170.0,east_test
site_11973,374170.0,east_test
site_11974,374170.0,east_test
site_11975,374170.0,east_test
site_11976,374170.0,east_test
site_11977,374170.0,east_test
site_11978,374170.0,east_test
site_11979,374170.0,east_test
site_11980,374170.0,east_test
site_11981,374170.0,east_test
site_11982,374170.0,east_test
site_11983,374170.0,east_test
site_11984,374170.0,east_test
site_11985,374170.0,east_test
site_11986,374170.0,east_test
site_11987,374170.0,east_test
site_11988,374170.0,east_test
site_11989,374170.0,east_test
site_11990,374170.0,east_test
site_11991,374170.0,east_test
site_11992,374170.0,east_test
site_11993,374170.0,east_test
site_11994,374170.0,east_test
site_11995,374170.0,east_test
site_11996,374170.0,east_test
site_11997,374170.0,east_test
site_11998,374170.0,east_test
site_11999,374170.0,east_test
site_12000,374170.0,east_test
site_12001,374170.0,east_test
site_12002,374170.0,east_test
site_12003,374170.0,east_test
site_12004,374170.0,east_test
site_12005,374170.0,east_test
site_12006,374170.0,east_test
site_12007,374170.0,east_test
site_12008,374170.0,east_test
site_12009,374170.0,east_test
site_12010,374170.0,east_test
site_12011,374170.0,east_test
site_12012,374170.0,east_test
site_12013,374170.0,east_test
site_12014,374170.0,east_test
site_12015,374170.0,east_test
site_12016,374170.0,east_test
site_12017,374170.0,east_test
site_12019,374270.0,east_test
site_12020,374270.0,east_test
site_12021,374270.0,east_test
site_12022,374270.0,east_test
site_12023,374270.0,east_test
site_12024,374270.0,east_test
site_12025,374270.0,east_test
site_12026,374270.0,east_test
site_12027,374270.0,east_test
site_12028,374270.0,east_test
site_12029,374270.0,east_test
site_12030,374270.0,east_test
site_12031,374270.0,east_test
site_12032,374270.0,east_test
site_12033,374270.0,east_test
site_12034,374270.0,east_test
site_12035,374270.0,east_test
site_12036,374270.0,east_test
site_12037,374270.0,east_test
site_12038,374270.0,east_test
site_12039,374270.0,east_test
site_12040,374270.0,east_test
site_12041,374270.0,east_test
site_12042,374270.0,east_test
site_12043,374270.0,east_test
site_12044,374270.0,east_test
site_12045,374270.0,east_test
site_12046,374270.0,east_test
site_12047,374270.0,east_test
site_12048,374270.0,east_test
site_12049,374270.0,east_test
site_12050,374270.0,east_test
site_12051,374270.0,east_test
site_12052,374270.0,east_test
site_12053,374270.0,east_test
site_12054,374270.0,east_test
site_12055,374270.0,east_test
site_12056,374270.0,east_test
site_12057,374270.0,east_test
site_12058,374270.0,east_test
site_12059,374270.0,east_test
site_12060,374270.0,east_test
site_12061,374270.0,east_test
site_12062,374270.0,east_test
site_12063,374270.0,east_test
site_12064,374270.0,east_test
site_12065,374270.0,east_test
site_12066,374270.0,east_test
site_12067,374270.0,east_test
site_12068,374270.0,east_test
site_12069,374270.0,east_test
site_12070,374270.0,east_test
site_12071,374270.0,east_test
site_12072,374270.0,east_test
site_12073,374270.0,east_test
site_12074,374270.0,east_test
site_12075,374270.0,east_test
site_12076,374270.0,east_test
site_12077,374270.0,east_test
site_12078,374270.0,east_test
site_12079,374270.0,east_test
site_12080,374270.0,east_test
site_12081,374270.0,east_test
site_12082,374270.0,east_test
site_12083,374270.0,east_test
site_12084,374270.0,east_test
site_12085,374270.0,east_test
site_12086,374270.0,east_test
site_12087,374270.0,east_test
site_12088,374270.0,east_test
site_12089,374270.0,east_test
site_12090,374270.0,east_test
site_12091,374270.0,east_test
site_12092,374270.0,east_test
site_12093,374270.0,east_test
site_12094,374270.0,east_test
site_12095,374270.0,east_test
site_12096,374270.0,east_test
site_12097,374270.0,east_test
site_12098,374270.0,east_test
site_12099,374270.0,east_test
site_12100,374270.0,east_test
site_12101,374270.0,east_test
site_12102,374270.0,east_test
site_12103,374270.0,east_test
site_12104,374270.0,east_test
site_12105,374270.0,east_test
site_12106,374270.0,east_test
site_12107,374270.0,east_test
site_12108,374270.0,east_test
site_12109,374270.0,east_test
site_12110,374270.0,east_test
site_12111,374270.0,east_test
site_12112,374270.0,east_test
site_12113,374270.0,east_test
site_12114,374270.0,east_test
site_12115,374270.0,east_test
site_12116,374270.0,east_test
site_12117,374270.0,east_test
site_12118,374270.0,east_test
site_12119,374270.0,east_test
site_12120,374270.0,east_test
site_12121,374270.0,east_test
site_12122,374270.0,east_test
site_12123,374270.0,east_test
site_12124,374270.0,east_test
site_12125,374270.0,east_test
site_12126,374270.0,east_test
site_12127,374270.0,east_test
site_12128,374270.0,east_test
site_12129,374270.0,east_test
site_12130,374270.0,east_test
site_12131,374270.0,east_test
site_12132,374270.0,east_test
site_12133,374270.0,east_test
site_12134,374270.0,east_test
site_12135,374270.0,east_test
site_12136,374270.0,east_test
site_12137,374270.0,east_test
site_12138,374270.0,east_test
site_12139,374270.0,east_test
site_12140,374270.0,east_test
site_12141,374270.0,east_test
site_12142,374270.0,east_test
site_12143,374270.0,east_test
site_12144,374270.0,east_test
site_12145,374270.0,east_test
site_12146,374270.0,east_test
site_12147,374270.0,east_test
site_12148,374370.0,east_test
site_12149,374370.0,east_test
site_12150,374370.0,east_test
site_12151,374370.0,east_test
site_12152,374370.0,east_test
site_12153,374370.0,east_test
site_12154,374370.0,east_test
site_12155,374370.0,east_test
site_12156,374370.0,east_test
site_12157,374370.0,east_test
site_12158,374370.0,east_test
site_12159,374370.0,east_test
site_12160,374370.0,east_test
site_12161,374370.0,east_test
site_12162,374370.0,east_test
site_12163,374370.0,east_test
site_12164,374370.0,east_test
site_12165,374370.0,east_test
site_12166,374370.0,east_test
site_12167,374370.0,east_test
site_12168,374370.0,east_test
site_12169,374370.0,east_test
site_12170,374370.0,east_test
site_12171,374370.0,east_test
site_12172,374370.0,east_test
site_12173,374370.0,east_test
site_12174,374370.0,east_test
site_12175,374370.0,east_test
site_12176,374370.0,east_test
site_12177,374370.0,east_test
site_12178,374370.0,east_test
site_12179,374370.0,east_test
site_12180,374370.0,east_test
site_12181,374370.0,east_test
site_12182,374370.0,east_test
site_12183,374370.0,east_test
site_12184,374370.0,east_test
site_12185,374370.0,east_test
site_12186,374370.0,east_test
site_12187,374370.0,east_test
site_12188,374370.0,east_test
site_12189,374370.0,east_test
site_12190,374370.0,east_test
site_12191,374370.0,east_test
site_12192,374370.0,east_test
site_12193,374370.0,east_test
site_12194,374370.0,east_test
site_12195,374370.0,east_test
site_12196,374370.0,east_test
site_12197,374370.0,east_test
site_12198,374370.0,east_test
site_12199,374370.0,east_test
site_12200,374370.0,east_test
site_12201,374370.0,east_test
site_12202,374370.0,east_test
site_12203,374370.0,east_test
site_12204,374370.0,east_test
site_12205,374370.0,east_test
site_12206,374370.0,east_test
site_12207,374370.0,east_test
site_12208,374370.0,east_test
site_12209,374370.0,east_test
site_12210,374370.0,east_test
site_12211,374370.0,east_test
site_12212,374370.0,east_test
site_12213,374370.0,east_test
site_12214,374370.0,east_test
site_12215,374370.0,east_test
site_12216,374370.0,east_test
site_12217,374370.0,east_test
site_12218,374370.0,east_test
site_12219,374370.0,east_test
site_12220,374370.0,east_test
site_12221,374370.0,east_test
site_12222,374370.0,east_test
site_12223,374370.0,east_test
site_12224,374370.0,east_test
site_12225,374370.0,east_test
site_12226,374370.0,east_test
site_12227,374370.0,east_test
site_12228,374370.0,east_test
site_12229,374370.0,east_test
site_12230,374370.0,east_test
site_12231,374370.0,east_test
site_12232,374370.0,east_test
site_12233,374370.0,east_test
site_12234,374370.0,east_test
site_12235,374370.0,east_test
site_12236,374370.0,east_test
site_12237,374370.0,east_test
site_12238,374370.0,east_test
site_12239,374370.0,east_test
site_12240,374370.0,east_test
site_12241,374370.0,east_test
site_12242,374370.0,east_test
site_12243,374370.0,east_test
site_12244,374370.0,east_test
site_12245,374370.0,east_test
site_12246,374370.0,east_test
site_12247,374370.0,east_test
site_12248,374370.0,east_test
site_12249,374370.0,east_test
site_12250,374370.0,east_test
site_12251,374370.0,east_test
site_12252,374370.0,east_test
site_12253,374370.0,east_test
site_12254,374370.0,east_test
site_12255,374370.0,east_test
site_12256,374370.0,east_test
site_12257,374370.0,east_test
site_12258,374370.0,east_test
site_12259,374370.0,east_test
site_12260,374370.0,east_test
site_12261,374370.0,east_test
site_12262,374370.0,east_test
site_12263,374370.0,east_test
site_12264,374370.0,east_test
site_12265,374370.0,east_test
site_12266,374370.0,east_test
site_12267,374370.0,east_test
site_12268,374370.0,east_test
site_12269,374370.0,east_test
site_12270,374370.0,east_test
site_12271,374370.0,east_test
site_12272,374370.0,east_test
site_12273,374370.0,east_test
site_12274,374370.0,east_test
site_12275,374470.0,east_test
site_12276,374470.0,east_test
site_12277,374470.0,east_test
site_12278,374470.0,east_test
site_12279,374470.0,east_test
site_12280,374470.0,east_test
site_12281,374470.0,east_test
site_12282,374470.0,east_test
site_12283,374470.0,east_test
site_12284,374470.0,east_test
site_12285,374470.0,east_test
site_12286,374470.0,east_test
site_12287,374470.0,east_test
site_12288,374470.0,east_test
site_12289,374470.0,east_test
site_12290,374470.0,east_test
site_12291,374470.0,east_test
site_12292,374470.0,east_test
site_12293,374470.0,east_test
site_12294,374470.0,east_test
site_12295,374470.0,east_test
site_12296,374470.0,east_test
site_12297,374470.0,east_test
site_12298,374470.0,east_test
site_12299,374470.0,east_test
site_12300,374470.0,east_test
site_12301,374470.0,east_test
site_12302,374470.0,east_test
site_12303,374470.0,east_test
site_12304,374470.0,east_test
site_12305,374470.0,east_test
site_12306,374470.0,east_test
site_12307,374470.0,east_test
site_12308,374470.0,east_test
site_12309,374470.0,east_test
site_12310,374470.0,east_test
site_12311,374470.0,east_test
site_12312,374470.0,east_test
site_12313,374470.0,east_test
site_12314,374470.0,east_test
site_12315,374470.0,east_test
site_12316,374470.0,east_test
site_12317,374470.0,east_test
site_12318,374470.0,east_test
site_12319,374470.0,east_test
site_12320,374470.0,east_test
site_12321,374470.0,east_test
site_12322,374470.0,east_test
site_12323,374470.0,east_test
site_12324,374470.0,east_test
site_12325,374470.0,east_test
site_12326,374470.0,east_test
site_12327,374470.0,east_test
site_12328,374470.0,east_test
site_12329,374470.0,east_test
site_12330,374470.0,east_test
site_12331,374470.0,east_test
site_12332,374470.0,east_test
site_12333,374470.0,east_test
site_12334,374470.0,east_test
site_12335,374470.0,east_test
site_12336,374470.0,east_test
site_12337,374470.0,east_test
site_12338,374470.0,east_test
site_12339,374470.0,east_test
site_12340,374470.0,east_test
site_12341,374470.0,east_test
site_12342,374470.0,east_test
site_12343,374470.0,east_test
site_12344,374470.0,east_test
site_12345,374470.0,east_test
site_12346,374470.0,east_test
site_12347,374470.0,east_test
site_12348,374470.0,east_test
site_12349,374470.0,east_test
site_12350,374470.0,east_test
site_12351,374470.0,east_test
site_12352,374470.0,east_test
site_12353,374470.0,east_test
site_12354,374470.0,east_test
site_12355,374470.0,east_test
site_12356,374470.0,east_test
site_12357,374470.0,east_test
site_12358,374470.0,east_test
site_12359,374470.0,east_test
site_12360,374470.0,east_test
site_12361,374470.0,east_test
site_12362,374470.0,east_test
site_12363,374470.0,east_test
site_12364,374470.0,east_test
site_12365,374470.0,east_test
site_12366,374470.0,east_test
site_12367,374470.0,east_test
site_12368,374470.0,east_test
site_12369,374470.0,east_test
site_12370,374470.0,east_test
site_12371,374470.0,east_test
site_12372,374470.0,east_test
site_12373,374470.0,east_test
site_12374,374470.0,east_test
site_12375,374470.0,east_test
site_12376,374470.0,east_test
site_12377,374470.0,east_test
site_12378,374470.0,east_test
site_12379,374470.0,east_test
site_12380,374470.0,east_test
site_12381,374470.0,east_test
site_12382,374470.0,east_test
site_12383,374470.0,east_test
site_12384,374470.0,east_test
site_12385,374470.0,east_test
site_12386,374470.0,east_test
site_12387,374470.0,east_test
site_12388,374470.0,east_test
site_12389,374470.0,east_test
site_12390,374470.0,east_test
site_12391,374470.0,east_test
site_12392,374470.0,east_test
site_12393,374470.0,east_test
site_12394,374470.0,east_test
site_12395,374470.0,east_test
site_12396,374470.0,east_test
site_12397,374470.0,east_test
site_12398,374470.0,east_test
site_12399,374470.0,east_test
site_12400,374470.0,east_test
site_12402,374570.0,east_test
site_12403,374570.0,east_test
site_12404,374570.0,east_test
site_12405,374570.0,east_test
site_12406,374570.0,east_test
site_12407,374570.0,east_test
site_12408,374570.0,east_test
site_12409,374570.0,east_test
site_12410,374570.0,east_test
site_12411,374570.0,east_test
site_12412,374570.0,east_test
site_12413,374570.0,east_test
site_12414,374570.0,east_test
site_12415,374570.0,east_test
site_12416,374570.0,east_test
site_12417,374570.0,east_test
site_12418,374570.0,east_test
site_12419,374570.0,east_test
site_12420,374570.0,east_test
site_12421,374570.0,east_test
site_12422,374570.0,east_test
site_12423,374570.0,east_test
site_12424,374570.0,east_test
site_12425,374570.0,east_test
site_12426,374570.0,east_test
site_12427,374570.0,east_test
site_12428,374570.0,east_test
site_12429,374570.0,east_test
site_12430,374570.0,east_test
site_12431,374570.0,east_test
site_12432,374570.0,east_test
site_12433,374570.0,east_test
site_12434,374570.0,east_test
site_12435,374570.0,east_test
site_12436,374570.0,east_test
site_12437,374570.0,east_test
site_12438,374570.0,east_test
site_12439,374570.0,east_test
site_12440,374570.0,east_test
site_12441,374570.0,east_test
site_12442,374570.0,east_test
site_12443,374570.0,east_test
site_12444,374570.0,east_test
site_12445,374570.0,east_test
site_12446,374570.0,east_test
site_12447,374570.0,east_test
site_12448,374570.0,east_test
site_12449,374570.0,east_test
site_12450,374570.0,east_test
site_12451,374570.0,east_test
site_12452,374570.0,east_test
site_12453,374570.0,east_test
site_12454,374570.0,east_test
site_12455,374570.0,east_test
site_12456,374570.0,east_test
site_12457,374570.0,east_test
site_12458,374570.0,east_test
site_12459,374570.0,east_test
site_12460,374570.0,east_test
site_12461,374570.0,east_test
site_12462,374570.0,east_test
site_12463,374570.0,east_test
site_12464,374570.0,east_test
site_12465,374570.0,east_test
site_12466,374570.0,east_test
site_12467,374570.0,east_test
site_12468,374570.0,east_test
site_12469,374570.0,east_test
site_12470,374570.0,east_test
site_12471,374570.0,east_test
site_12472,374570.0,east_test
site_12473,374570.0,east_test
site_12474,374570.0,east_test
site_12475,374570.0,east_test
site_12476,374570.0,east_test
site_12477,374570.0,east_test
site_12478,374570.0,east_test
site_12479,374570.0,east_test
site_12480,374570.0,east_test
site_12481,374570.0,east_test
site_12482,374570.0,east_test
site_12483,374570.0,east_test
site_12484,374570.0,east_test
site_12485,374570.0,east_test
site_12486,374570.0,east_test
site_12487,374570.0,east_test
site_12488,374570.0,east_test
site_12489,374570.0,east_test
site_12490,374570.0,east_test
site_12491,374570.0,east_test
site_12492,374570.0,east_test
site_12493,374570.0,east_test
site_12494,374570.0,east_test
site_12495,374570.0,east_test
site_12496,374570.0,east_test
site_12497,374570.0,east_test
site_12498,374570.0,east_test
site_12499,374570.0,east_test
site_12500,374570.0,east_test
site_12501,374570.0,east_test
site_12502,374570.0,east_test
site_12503,374570.0,east_test
site_12504,374570.0,east_test
site_12505,374570.0,east_test
site_12506,374570.0,east_test
site_12507,374570.0,east_test
site_12508,374570.0,east_test
site_12509,374570.0,east_test
site_12510,374570.0,east_test
site_12511,374570.0,east_test
site_12512,374570.0,east_test
site_12513,374570.0,east_test
site_12514,374570.0,east_test
site_12515,374570.0,east_test
site_12516,374570.0,east_test
site_12517,374570.0,east_test
site_12518,374570.0,east_test
site_12519,374570.0,east_test
site_12520,374570.0,east_test
site_12521,374570.0,east_test
site_12522,374570.0,east_test
site_12523,374570.0,east_test
site_12524,374570.0,east_test
site_12525,374570.0,east_test
site_12526,374570.0,east_test
site_12527,374670.0,east_test
site_12528,374670.0,east_test
site_12529,374670.0,east_test
site_12530,374670.0,east_test
site_12531,374670.0,east_test
site_12532,374670.0,east_test
site_12533,374670.0,east_test
site_12534,374670.0,east_test
site_12535,374670.0,east_test
site_12536,374670.0,east_test
site_12537,374670.0,east_test
site_12538,374670.0,east_test
site_12539,374670.0,east_test
site_12540,374670.0,east_test
site_12541,374670.0,east_test
site_12542,374670.0,east_test
site_12543,374670.0,east_test
site_12544,374670.0,east_test
site_12545,374670.0,east_test
site_12546,374670.0,east_test
site_12547,374670.0,east_test
site_12548,374670.0,east_test
site_12549,374670.0,east_test
site_12550,374670.0,east_test
site_12551,374670.0,east_test
site_12552,374670.0,east_test
site_12553,374670.0,east_test
site_12554,374670.0,east_test
site_12555,374670.0,east_test
site_12556,374670.0,east_test
site_12557,374670.0,east_test
site_12558,374670.0,east_test
site_12559,374670.0,east_test
site_12560,374670.0,east_test
site_12561,374670.0,east_test
site_12562,374670.0,east_test
site_12563,374670.0,east_test
site_12564,374670.0,east_test
site_12565,374670.0,east_test
site_12566,374670.0,east_test
site_12567,374670.0,east_test
site_12568,374670.0,east_test
site_12569,374670.0,east_test
site_12570,374670.0,east_test
site_12571,374670.0,east_test
site_12572,374670.0,east_test
site_12573,374670.0,east_test
site_12574,374670.0,east_test
site_12575,374670.0,east_test
site_12576,374670.0,east_test
site_12577,374670.0,east_test
site_12578,374670.0,east_test
site_12579,374670.0,east_test
site_12580,374670.0,east_test
site_12581,374670.0,east_test
site_12582,374670.0,east_test
site_12583,374670.0,east_test
site_12584,374670.0,east_test
site_12585,374670.0,east_test
site_12586,374670.0,east_test
site_12587,374670.0,east_test
site_12588,374670.0,east_test
site_12589,374670.0,east_test
site_12590,374670.0,east_test
site_12591,374670.0,east_test
site_12592,374670.0,east_test
site_12593,374670.0,east_test
site_12594,374670.0,east_test
site_12595,374670.0,east_test
site_12596,374670.0,east_test
site_12597,374670.0,east_test
site_12598,374670.0,east_test
site_12599,374670.0,east_test
site_12600,374670.0,east_test
site_12601,374670.0,east_test
site_12602,374670.0,east_test
site_12603,374670.0,east_test
site_12604,374670.0,east_test
site_12605,374670.0,east_test
site_12606,374670.0,east_test
site_12607,374670.0,east_test
site_12608,374670.0,east_test
site_12609,374670.0,east_test
site_12610,374670.0,east_test
site_12611,374670.0,east_test
site_12612,374670.0,east_test
site_12613,374670.0,east_test
site_12614,374670.0,east_test
site_12615,374670.0,east_test
site_12616,374670.0,east_test
site_12617,374670.0,east_test
site_12618,374670.0,east_test
site_12619,374670.0,east_test
site_12620,374670.0,east_test
site_12621,374670.0,east_test
site_12622,374670.0,east_test
site_12623,374670.0,east_test
site_12624,374670.0,east_test
site_12625,374670.0,east_test
site_12626,374670.0,east_test
site_12627,374670.0,east_test
site_12628,374670.0,east_test
site_12629,374670.0,east_test
site_12630,374670.0,east_test
site_12631,374670.0,east_test
site_12632,374670.0,east_test
site_12633,374670.0,east_test
site_12634,374670.0,east_test
site_12635,374670.0,east_test
site_12636,374670.0,east_test
site_12637,374670.0,east_test
site_12638,374670.0,east_test
site_12639,374670.0,east_test
site_12640,374670.0,east_test
site_12641,374670.0,east_test
site_12642,374670.0,east_test
site_12643,374670.0,east_test
site_12644,374670.0,east_test
site_12645,374670.0,east_test
site_12646,374670.0,east_test
site_12647,374670.0,east_test
site_12648,374670.0,east_test
site_12649,374670.0,east_test
site_12650,374670.0,east_test
site_12651,374770.0,east_test
site_12652,374770.0,east_test
site_12653,374770.0,east_test
site_12654,374770.0,east_test
site_12655,374770.0,east_test
site_12656,374770.0,east_test
site_12657,374770.0,east_test
site_12658,374770.0,east_test
site_12659,374770.0,east_test
site_12660,374770.0,east_test
site_12661,374770.0,east_test
site_12662,374770.0,east_test
site_12663,374770.0,east_test
site_12664,374770.0,east_test
site_12665,374770.0,east_test
site_12666,374770.0,east_test
site_12667,374770.0,east_test
site_12668,374770.0,east_test
site_12669,374770.0,east_test
site_12670,374770.0,east_test
site_12671,374770.0,east_test
site_12672,374770.0,east_test
site_12673,374770.0,east_test
site_12674,374770.0,east_test
site_12675,374770.0,east_test
site_12676,374770.0,east_test
site_12677,374770.0,east_test
site_12678,374770.0,east_test
site_12679,374770.0,east_test
site_12680,374770.0,east_test
site_12681,374770.0,east_test
site_12682,374770.0,east_test
site_12683,374770.0,east_test
site_12684,374770.0,east_test
site_12685,374770.0,east_test
site_12686,374770.0,east_test
site_12687,374770.0,east_test
site_12688,374770.0,east_test
site_12689,374770.0,east_test
site_12690,374770.0,east_test
site_12691,374770.0,east_test
site_12692,374770.0,east_test
site_12693,374770.0,east_test
site_12694,374770.0,east_test
site_12695,374770.0,east_test
site_12696,374770.0,east_test
site_12697,374770.0,east_test
site_12698,374770.0,east_test
site_12699,374770.0,east_test
site_12700,374770.0,east_test
site_12701,374770.0,east_test
site_12702,374770.0,east_test
site_12703,374770.0,east_test
site_12704,374770.0,east_test
site_12705,374770.0,east_test
site_12706,374770.0,east_test
site_12707,374770.0,east_test
site_12708,374770.0,east_test
site_12709,374770.0,east_test
site_12710,374770.0,east_test
site_12711,374770.0,east_test
site_12712,374770.0,east_test
site_12713,374770.0,east_test
site_12714,374770.0,east_test
site_12715,374770.0,east_test
site_12716,374770.0,east_test
site_12717,374770.0,east_test
site_12718,374770.0,east_test
site_12719,374770.0,east_test
site_12720,374770.0,east_test
site_12721,374770.0,east_test
site_12722,374770.0,east_test
site_12723,374770.0,east_test
site_12724,374770.0,east_test
site_12725,374770.0,east_test
site_12726,374770.0,east_test
site_12727,374770.0,east_test
site_12728,374770.0,east_test
site_12729,374770.0,east_test
site_12730,374770.0,east_test
site_12731,374770.0,east_test
site_12732,374770.0,east_test
site_12733,374770.0,east_test
site_12734,374770.0,east_test
site_12735,374770.0,east_test
site_12736,374770.0,east_test
site_12737,374770.0,east_test
site_12738,374770.0,east_test
site_12739,374770.0,east_test
site_12740,374770.0,east_test
site_12741,374770.0,east_test
site_12742,374770.0,east_test
site_12743,374770.0,east_test
site_12744,374770.0,east_test
site_12745,374770.0,east_test
site_12746,374770.0,east_test
site_12747,374770.0,east_test
site_12748,374770.0,east_test
site_12749,374770.0,east_test
site_12750,374770.0,east_test
site_12751,374770.0,east_test
site_12752,374770.0,east_test
site_12753,374770.0,east_test
site_12754,374770.0,east_test
site_12755,374770.0,east_test
site_12756,374770.0,east_test
site_12757,374770.0,east_test
site_12758,374770.0,east_test
site_12759,374770.0,east_test
site_12760,374770.0,east_test
site_12761,374770.0,east_test
site_12762,374770.0,east_test
site_12763,374770.0,east_test
site_12764,374770.0,east_test
site_12765,374770.0,east_test
site_12766,374770.0,east_test
site_12767,374770.0,east_test
site_12768,374770.0,east_test
site_12771,374770.0,east_test
site_12772,374770.0,east_test
site_12774,374870.0,east_test
site_12775,374870.0,east_test
site_12776,374870.0,east_test
site_12777,374870.0,east_test
site_12778,374870.0,east_test
site_12779,374870.0,east_test
site_12780,374870.0,east_test
site_12781,374870.0,east_test
site_12782,374870.0,east_test
site_12783,374870.0,east_test
site_12784,374870.0,east_test
site_12785,374870.0,east_test
site_12786,374870.0,east_test
site_12787,374870.0,east_test
site_12788,374870.0,east_test
site_12789,374870.0,east_test
site_12790,374870.0,east_test
site_12791,374870.0,east_test
site_12792,374870.0,east_test
site_12793,374870.0,east_test
site_12794,374870.0,east_test
site_12795,374870.0,east_test
site_12796,374870.0,east_test
site_12797,374870.0,east_test
site_12798,374870.0,east_test
site_12799,374870.0,east_test
site_12800,374870.0,east_test
site_12801,374870.0,east_test
site_12802,374870.0,east_test
site_12803,374870.0,east_test
site_12804,374870.0,east_test
site_12805,374870.0,east_test
site_12806,374870.0,east_test
site_12807,374870.0,east_test
site_12808,374870.0,east_test
site_12809,374870.0,east_test
site_12810,374870.0,east_test
site_12811,374870.0,east_test
site_12812,374870.0,east_test
site_12813,374870.0,east_test
site_12814,374870.0,east_test
site_12815,374870.0,east_test
site_12816,374870.0,east_test
site_12817,374870.0,east_test
site_12818,374870.0,east_test
site_12819,374870.0,east_test
site_12820,374870.0,east_test
site_12821,374870.0,east_test
site_12822,374870.0,east_test
site_12823,374870.0,east_test
site_12824,374870.0,east_test
site_12825,374870.0,east_test
site_12826,374870.0,east_test
site_12827,374870.0,east_test
site_12828,374870.0,east_test
site_12829,374870.0,east_test
site_12830,374870.0,east_test
site_12831,374870.0,east_test
site_12832,374870.0,east_test
site_12833,374870.0,east_test
site_12834,374870.0,east_test
site_12835,374870.0,east_test
site_12836,374870.0,east_test
site_12837,374870.0,east_test
site_12838,374870.0,east_test
site_12839,374870.0,east_test
site_12840,374870.0,east_test
site_12841,374870.0,east_test
site_12842,374870.0,east_test
site_12843,374870.0,east_test
site_12844,374870.0,east_test
site_12845,374870.0,east_test
site_12846,374870.0,east_test
site_12847,374870.0,east_test
site_12848,374870.0,east_test
site_12849,374870.0,east_test
site_12850,374870.0,east_test
site_12851,374870.0,east_test
site_12852,374870.0,east_test
site_12853,374870.0,east_test
site_12854,374870.0,east_test
site_12855,374870.0,east_test
site_12856,374870.0,east_test
site_12857,374870.0,east_test
site_12858,374870.0,east_test
site_12859,374870.0,east_test
site_12860,374870.0,east_test
site_12861,374870.0,east_test
site_12862,374870.0,east_test
site_12863,374870.0,east_test
site_12864,374870.0,east_test
site_12865,374870.0,east_test
site_12866,374870.0,east_test
site_12867,374870.0,east_test
site_12868,374870.0,east_test
site_12869,374870.0,east_test
site_12870,374870.0,east_test
site_12871,374870.0,east_test
site_12872,374870.0,east_test
site_12873,374870.0,east_test
site_12874,374870.0,east_test
site_12875,374870.0,east_test
site_12876,374870.0,east_test
site_12877,374870.0,east_test
site_12878,374870.0,east_test
site_12879,374870.0,east_test
site_12880,374870.0,east_test
site_12881,374870.0,east_test
site_12882,374870.0,east_test
site_12883,374870.0,east_test
site_12884,374870.0,east_test
site_12885,374870.0,east_test
site_12886,374870.0,east_test
site_12887,374870.0,east_test
site_12888,374870.0,east_test
site_12889,374870.0,east_test
site_12890,374870.0,east_test
site_12891,374870.0,east_test
site_12892,374870.0,east_test
site_12893,374870.0,east_test
site_12894,374870.0,east_test
site_12895,374970.0,east_test
site_12896,374970.0,east_test
site_12897,374970.0,east_test
site_12898,374970.0,east_test
site_12899,374970.0,east_test
site_12900,374970.0,east_test
site_12902,374970.0,east_test
site_12903,374970.0,east_test
site_12904,374970.0,east_test
site_12905,374970.0,east_test
site_12906,374970.0,east_test
site_12907,374970.0,east_test
site_12908,374970.0,east_test
site_12909,374970.0,east_test
site_12910,374970.0,east_test
site_12911,374970.0,east_test
site_12912,374970.0,east_test
site_12913,374970.0,east_test
site_12914,374970.0,east_test
site_12915,374970.0,east_test
site_12916,374970.0,east_test
site_12917,374970.0,east_test
site_12918,374970.0,east_test
site_12919,374970.0,east_test
site_12920,374970.0,east_test
site_12921,374970.0,east_test
site_12922,374970.0,east_test
site_12923,374970.0,east_test
site_12924,374970.0,east_test
site_12925,374970.0,east_test
site_12926,374970.0,east_test
site_12927,374970.0,east_test
site_12928,374970.0,east_test
site_12929,374970.0,east_test
site_12930,374970.0,east_test
site_12931,374970.0,east_test
site_12932,374970.0,east_test
site_12933,374970.0,east_test
site_12934,374970.0,east_test
site_12935,374970.0,east_test
site_12936,374970.0,east_test
site_12937,374970.0,east_test
site_12938,374970.0,east_test
site_12939,374970.0,east_test
site_12940,374970.0,east_test
site_12941,374970.0,east_test
site_12942,374970.0,east_test
site_12943,374970.0,east_test
site_12944,374970.0,east_test
site_12945,374970.0,east_test
site_12946,374970.0,east_test
site_12947,374970.0,east_test
site_12948,374970.0,east_test
site_12949,374970.0,east_test
site_12950,374970.0,east_test
site_12951,374970.0,east_test
site_12952,374970.0,east_test
site_12953,374970.0,east_test
site_12954,374970.0,east_test
site_12955,374970.0,east_test
site_12956,374970.0,east_test
site_12957,374970.0,east_test
site_12958,374970.0,east_test
site_12959,374970.0,east_test
site_12960,374970.0,east_test
site_12961,374970.0,east_test
site_12962,374970.0,east_test
site_12963,374970.0,east_test
site_12964,374970.0,east_test
site_12965,374970.0,east_test
site_12966,374970.0,east_test
site_12967,374970.0,east_test
site_12968,374970.0,east_test
site_12969,374970.0,east_test
site_12970,374970.0,east_test
site_12971,374970.0,east_test
site_12972,374970.0,east_test
site_12973,374970.0,east_test
site_12974,374970.0,east_test
site_12975,374970.0,east_test
site_12976,374970.0,east_test
site_12977,374970.0,east_test
site_12978,374970.0,east_test
site_12979,374970.0,east_test
site_12980,374970.0,east_test
site_12981,374970.0,east_test
site_12982,374970.0,east_test
site_12983,374970.0,east_test
site_12984,374970.0,east_test
site_12985,374970.0,east_test
site_12986,374970.0,east_test
site_12987,374970.0,east_test
site_12988,374970.0,east_test
site_12989,374970.0,east_test
site_12990,374970.0,east_test
site_12991,374970.0,east_test
site_12992,374970.0,east_test
site_12993,374970.0,east_test
site_12994,374970.0,east_test
site_12995,374970.0,east_test
site_12996,374970.0,east_test
site_12997,374970.0,east_test
site_12998,374970.0,east_test
site_12999,374970.0,east_test
site_13000,374970.0,east_test
site_13001,374970.0,east_test
site_13002,374970.0,east_test
site_13003,374970.0,east_test
site_13004,374970.0,east_test
site_13005,374970.0,east_test
site_13006,374970.0,east_test
site_13007,374970.0,east_test
site_13008,374970.0,east_test
site_13009,374970.0,east_test
site_13010,374970.0,east_test
site_13011,374970.0,east_test
site_13012,374970.0,east_test
site_13013,374970.0,east_test
site_13014,374970.0,east_test
site_13015,375070.0,east_test
site_13016,375070.0,east_test
site_13017,375070.0,east_test
site_13018,375070.0,east_test
site_13019,375070.0,east_test
site_13020,375070.0,east_test
site_13021,375070.0,east_test
site_13022,375070.0,east_test
site_13023,375070.0,east_test
site_13024,375070.0,east_test
site_13025,375070.0,east_test
site_13026,375070.0,east_test
site_13027,375070.0,east_test
site_13028,375070.0,east_test
site_13029,375070.0,east_test
site_13030,375070.0,east_test
site_13031,375070.0,east_test
site_13032,375070.0,east_test
site_13033,375070.0,east_test
site_13034,375070.0,east_test
site_13035,375070.0,east_test
site_13036,375070.0,east_test
site_13037,375070.0,east_test
site_13038,375070.0,east_test
site_13039,375070.0,east_test
site_13040,375070.0,east_test
site_13041,375070.0,east_test
site_13042,375070.0,east_test
site_13043,375070.0,east_test
site_13044,375070.0,east_test
site_13045,375070.0,east_test
site_13046,375070.0,east_test
site_13047,375070.0,east_test
site_13048,375070.0,east_test
site_13049,375070.0,east_test
site_13050,375070.0,east_test
site_13051,375070.0,east_test
site_13052,375070.0,east_test
site_13053,375070.0,east_test
site_13054,375070.0,east_test
site_13055,375070.0,east_test
site_13056,375070.0,east_test
site_13057,375070.0,east_test
site_13058,375070.0,east_test
site_13059,375070.0,east_test
site_13060,375070.0,east_test
site_13061,375070.0,east_test
site_13062,375070.0,east_test
site_13063,375070.0,east_test
site_13064,375070.0,east_test
site_13065,375070.0,east_test
site_13066,375070.0,east_test
site_13067,375070.0,east_test
site_13068,375070.0,east_test
site_13069,375070.0,east_test
site_13070,375070.0,east_test
site_13071,375070.0,east_test
site_13072,375070.0,east_test
site_13073,375070.0,east_test
site_13074,375070.0,east_test
site_13075,375070.0,east_test
site_13076,375070.0,east_test
site_13077,375070.0,east_test
site_13078,375070.0,east_test
site_13079,375070.0,east_test
site_13080,375070.0,east_test
site_13081,375070.0,east_test
site_13082,375070.0,east_test
site_13083,375070.0,east_test
site_13084,375070.0,east_test
site_13085,375070.0,east_test
site_13086,375070.0,east_test
site_13087,375070.0,east_test
site_13088,375070.0,east_test
site_13089,375070.0,east_test
site_13090,375070.0,east_test
site_13091,375070.0,east_test
site_13092,375070.0,east_test
site_13093,375070.0,east_test
site_13094,375070.0,east_test
site_13095,375070.0,east_test
site_13096,375070.0,east_test
site_13097,375070.0,east_test
site_13098,375070.0,east_test
site_13099,375070.0,east_test
site_13100,375070.0,east_test
site_13101,375070.0,east_test
site_13102,375070.0,east_test
site_13103,375070.0,east_test
site_13104,375070.0,east_test
site_13105,375070.0,east_test
site_13106,375070.0,east_test
site_13107,375070.0,east_test
site_13108,375070.0,east_test
site_13109,375070.0,east_test
site_13110,375070.0,east_test
site_13111,375070.0,east_test
site_13112,375070.0,east_test
site_13113,375070.0,east_test
site_13114,375070.0,east_test
site_13115,375070.0,east_test
site_13116,375070.0,east_test
site_13117,375070.0,east_test
site_13118,375070.0,east_test
site_13119,375070.0,east_test
site_13120,375070.0,east_test
site_13121,375070.0,east_test
site_13122,375070.0,east_test
site_13123,375070.0,east_test
site_13124,375070.0,east_test
site_13125,375070.0,east_test
site_13126,375070.0,east_test
site_13127,375070.0,east_test
site_13128,375070.0,east_test
site_13129,375070.0,east_test
site_13130,375070.0,east_test
site_13131,375070.0,east_test
site_13132,375070.0,east_test
site_13133,375070.0,east_test
site_13134,375170.0,east_test
site_13135,375170.0,east_test
site_13136,375170.0,east_test
site_13137,375170.0,east_test
site_13138,375170.0,east_test
site_13139,375170.0,east_test
site_13140,375170.0,east_test
site_13141,375170.0,east_test
site_13142,375170.0,east_test
site_13143,375170.0,east_test
site_13144,375170.0,east_test
site_13145,375170.0,east_test
site_13146,375170.0,east_test
site_13147,375170.0,east_test
site_13148,375170.0,east_test
site_13149,375170.0,east_test
site_13150,375170.0,east_test
site_13151,375170.0,east_test
site_13152,375170.0,east_test
site_13153,375170.0,east_test
site_13154,375170.0,east_test
site_13155,375170.0,east_test
site_13156,375170.0,east_test
site_13157,375170.0,east_test
site_13158,375170.0,east_test
site_13159,375170.0,east_test
site_13160,375170.0,east_test
site_13161,375170.0,east_test
site_13162,375170.0,east_test
site_13163,375170.0,east_test
site_13164,375170.0,east_test
site_13165,375170.0,east_test
site_13166,375170.0,east_test
site_13167,375170.0,east_test
site_13168,375170.0,east_test
site_13169,375170.0,east_test
site_13170,375170.0,east_test
site_13171,375170.0,east_test
site_13172,375170.0,east_test
site_13173,375170.0,east_test
site_13174,375170.0,east_test
site_13175,375170.0,east_test
site_13176,375170.0,east_test
site_13177,375170.0,east_test
site_13178,375170.0,east_test
site_13179,375170.0,east_test
site_13180,375170.0,east_test
site_13181,375170.0,east_test
site_13182,375170.0,east_test
site_13183,375170.0,east_test
site_13184,375170.0,east_test
site_13185,375170.0,east_test
site_13186,375170.0,east_test
site_13187,375170.0,east_test
site_13188,375170.0,east_test
site_13189,375170.0,east_test
site_13190,375170.0,east_test
site_13191,375170.0,east_test
site_13192,375170.0,east_test
site_13193,375170.0,east_test
site_13194,375170.0,east_test
site_13195,375170.0,east_test
site_13196,375170.0,east_test
site_13197,375170.0,east_test
site_13198,375170.0,east_test
site_13199,375170.0,east_test
site_13200,375170.0,east_test
site_13201,375170.0,east_test
site_13202,375170.0,east_test
site_13203,375170.0,east_test
site_13204,375170.0,east_test
site_13205,375170.0,east_test
site_13206,375170.0,east_test
site_13207,375170.0,east_test
site_13208,375170.0,east_test
site_13209,375170.0,east_test
site_13210,375170.0,east_test
site_13211,375170.0,east_test
site_13212,375170.0,east_test
site_13213,375170.0,east_test
site_13214,375170.0,east_test
site_13215,375170.0,east_test
site_13216,375170.0,east_test
site_13217,375170.0,east_test
site_13218,375170.0,east_test
site_13219,375170.0,east_test
site_13220,375170.0,east_test
site_13221,375170.0,east_test
site_13222,375170.0,east_test
site_13223,375170.0,east_test
site_13224,375170.0,east_test
site_13225,375170.0,east_test
site_13226,375170.0,east_test
site_13227,375170.0,east_test
site_13228,375170.0,east_test
site_13229,375170.0,east_test
site_13230,375170.0,east_test
site_13231,375170.0,east_test
site_13232,375170.0,east_test
site_13233,375170.0,east_test
site_13234,375170.0,east_test
site_13235,375170.0,east_test
site_13236,375170.0,east_test
site_13237,375170.0,east_test
site_13238,375170.0,east_test
site_13239,375170.0,east_test
site_13240,375170.0,east_test
site_13241,375170.0,east_test
site_13242,375170.0,east_test
site_13243,375170.0,east_test
site_13244,375170.0,east_test
site_13245,375170.0,east_test
site_13246,375170.0,east_test
site_13247,375170.0,east_test
site_13248,375170.0,east_test
site_13249,375170.0,east_test
site_13250,375170.0,east_test
site_13251,375170.0,east_test
site_13252,375270.0,east_test
site_13253,375270.0,east_test
site_13254,375270.0,east_test
site_13255,375270.0,east_test
site_13256,375270.0,east_test
site_13257,375270.0,east_test
site_13258,375270.0,east_test
site_13259,375270.0,east_test
site_13260,375270.0,east_test
site_13261,375270.0,east_test
site_13262,375270.0,east_test
site_13263,375270.0,east_test
site_13264,375270.0,east_test
site_13265,375270.0,east_test
site_13266,375270.0,east_test
site_13267,375270.0,east_test
site_13268,375270.0,east_test
site_13269,375270.0,east_test
site_13270,375270.0,east_test
site_13271,375270.0,east_test
site_13272,375270.0,east_test
site_13273,375270.0,east_test
site_13274,375270.0,east_test
site_13275,375270.0,east_test
site_13276,375270.0,east_test
site_13277,375270.0,east_test
site_13278,375270.0,east_test
site_13279,375270.0,east_test
site_13280,375270.0,east_test
site_13281,375270.0,east_test
site_13282,375270.0,east_test
site_13283,375270.0,east_test
site_13284,375270.0,east_test
site_13285,375270.0,east_test
site_13286,375270.0,east_test
site_13287,375270.0,east_test
site_13288,375270.0,east_test
site_13289,375270.0,east_test
site_13290,375270.0,east_test
site_13291,375270.0,east_test
site_13292,375270.0,east_test
site_13293,375270.0,east_test
site_13294,375270.0,east_test
site_13295,375270.0,east_test
site_13296,375270.0,east_test
site_13297,375270.0,east_test
site_13298,375270.0,east_test
site_13299,375270.0,east_test
site_13300,375270.0,east_test
site_13301,375270.0,east_test
site_13302,375270.0,east_test
site_13303,375270.0,east_test
site_13304,375270.0,east_test
site_13305,375270.0,east_test
site_13306,375270.0,east_test
site_13307,375270.0,east_test
site_13308,375270.0,east_test
site_13309,375270.0,east_test
site_13310,375270.0,east_test
site_13311,375270.0,east_test
site_13312,375270.0,east_test
site_13313,375270.0,east_test
site_13314,375270.0,east_test
site_13315,375270.0,east_test
site_13316,375270.0,east_test
site_13317,375270.0,east_test
site_13318,375270.0,east_test
site_13319,375270.0,east_test
site_13320,375270.0,east_test
site_13321,375270.0,east_test
site_13322,375270.0,east_test
site_13323,375270.0,east_test
site_13324,375270.0,east_test
site_13325,375270.0,east_test
site_13326,375270.0,east_test
site_13327,375270.0,east_test
site_13328,375270.0,east_test
site_13329,375270.0,east_test
site_13330,375270.0,east_test
site_13331,375270.0,east_test
site_13332,375270.0,east_test
site_13333,375270.0,east_test
site_13334,375270.0,east_test
site_13335,375270.0,east_test
site_13336,375270.0,east_test
site_13337,375270.0,east_test
site_13338,375270.0,east_test
site_13339,375270.0,east_test
site_13340,375270.0,east_test
site_13341,375270.0,east_test
site_13342,375270.0,east_test
site_13343,375270.0,east_test
site_13344,375270.0,east_test
site_13345,375270.0,east_test
site_13346,375270.0,east_test
site_13347,375270.0,east_test
site_13348,375270.0,east_test
site_13349,375270.0,east_test
site_13350,375270.0,east_test
site_13351,375270.0,east_test
site_13352,375270.0,east_test
site_13353,375270.0,east_test
site_13354,375270.0,east_test
site_13355,375270.0,east_test
site_13356,375270.0,east_test
site_13357,375270.0,east_test
site_13358,375270.0,east_test
site_13359,375270.0,east_test
site_13360,375270.0,east_test
site_13361,375270.0,east_test
site_13362,375270.0,east_test
site_13363,375270.0,east_test
site_13364,375270.0,east_test
site_13365,375270.0,east_test
site_13366,375270.0,east_test
site_13367,375270.0,east_test
site_13368,375370.0,east_test
site_13369,375370.0,east_test
site_13370,375370.0,east_test
site_13371,375370.0,east_test
site_13372,375370.0,east_test
site_13373,375370.0,east_test
site_13374,375370.0,east_test
site_13375,375370.0,east_test
site_13376,375370.0,east_test
site_13377,375370.0,east_test
site_13378,375370.0,east_test
site_13379,375370.0,east_test
site_13380,375370.0,east_test
site_13381,375370.0,east_test
site_13382,375370.0,east_test
site_13383,375370.0,east_test
site_13384,375370.0,east_test
site_13385,375370.0,east_test
site_13386,375370.0,east_test
site_13387,375370.0,east_test
site_13388,375370.0,east_test
site_13389,375370.0,east_test
site_13390,375370.0,east_test
site_13391,375370.0,east_test
site_13392,375370.0,east_test
site_13393,375370.0,east_test
site_13394,375370.0,east_test
site_13395,375370.0,east_test
site_13396,375370.0,east_test
site_13397,375370.0,east_test
site_13398,375370.0,east_test
site_13399,375370.0,east_test
site_13400,375370.0,east_test
site_13401,375370.0,east_test
site_13402,375370.0,east_test
site_13403,375370.0,east_test
site_13404,375370.0,east_test
site_13405,375370.0,east_test
site_13406,375370.0,east_test
site_13407,375370.0,east_test
site_13408,375370.0,east_test
site_13409,375370.0,east_test
site_13410,375370.0,east_test
site_13411,375370.0,east_test
site_13412,375370.0,east_test
site_13413,375370.0,east_test
site_13414,375370.0,east_test
site_13415,375370.0,east_test
site_13416,375370.0,east_test
site_13417,375370.0,east_test
site_13418,375370.0,east_test
site_13419,375370.0,east_test
site_13420,375370.0,east_test
site_13421,375370.0,east_test
site_13422,375370.0,east_test
site_13423,375370.0,east_test
site_13424,375370.0,east_test
site_13425,375370.0,east_test
site_13426,375370.0,east_test
site_13427,375370.0,east_test
site_13428,375370.0,east_test
site_13429,375370.0,east_test
site_13430,375370.0,east_test
site_13431,375370.0,east_test
site_13432,375370.0,east_test
site_13433,375370.0,east_test
site_13434,375370.0,east_test
site_13435,375370.0,east_test
site_13436,375370.0,east_test
site_13437,375370.0,east_test
site_13438,375370.0,east_test
site_13439,375370.0,east_test
site_13440,375370.0,east_test
site_13441,375370.0,east_test
site_13442,375370.0,east_test
site_13443,375370.0,east_test
site_13444,375370.0,east_test
site_13445,375370.0,east_test
site_13446,375370.0,east_test
site_13447,375370.0,east_test
site_13448,375370.0,east_test
site_13449,375370.0,east_test
site_13450,375370.0,east_test
site_13451,375370.0,east_test
site_13452,375370.0,east_test
site_13453,375370.0,east_test
site_13454,375370.0,east_test
site_13455,375370.0,east_test
site_13456,375370.0,east_test
site_13457,375370.0,east_test
site_13458,375370.0,east_test
site_13459,375370.0,east_test
site_13460,375370.0,east_test
site_13461,375370.0,east_test
site_13462,375370.0,east_test
site_13463,375370.0,east_test
site_13464,375370.0,east_test
site_13465,375370.0,east_test
site_13466,375370.0,east_test
site_13467,375370.0,east_test
site_13468,375370.0,east_test
site_13469,375370.0,east_test
site_13470,375370.0,east_test
site_13471,375370.0,east_test
site_13472,375370.0,east_test
site_13473,375370.0,east_test
site_13474,375370.0,east_test
site_13475,375370.0,east_test
site_13476,375370.0,east_test
site_13477,375370.0,east_test
site_13478,375370.0,east_test
site_13479,375370.0,east_test
site_13480,375370.0,east_test
site_13481,375370.0,east_test
site_13482,375470.0,east_test
site_13483,375470.0,east_test
site_13484,375470.0,east_test
site_13485,375470.0,east_test
site_13486,375470.0,east_test
site_13487,375470.0,east_test
site_13488,375470.0,east_test
site_13489,375470.0,east_test
site_13490,375470.0,east_test
site_13491,375470.0,east_test
site_13492,375470.0,east_test
site_13493,375470.0,east_test
site_13494,375470.0,east_test
site_13495,375470.0,east_test
site_13496,375470.0,east_test
site_13497,375470.0,east_test
site_13498,375470.0,east_test
site_13499,375470.0,east_test
site_13500,375470.0,east_test
site_13501,375470.0,east_test
site_13502,375470.0,east_test
site_13503,375470.0,east_test
site_13504,375470.0,east_test
site_13505,375470.0,east_test
site_13506,375470.0,east_test
site_13507,375470.0,east_test
site_13508,375470.0,east_test
site_13509,375470.0,east_test
site_13510,375470.0,east_test
site_13511,375470.0,east_test
site_13512,375470.0,east_test
site_13513,375470.0,east_test
site_13514,375470.0,east_test
site_13515,375470.0,east_test
site_13516,375470.0,east_test
site_13517,375470.0,east_test
site_13518,375470.0,east_test
site_13519,375470.0,east_test
site_13520,375470.0,east_test
site_13521,375470.0,east_test
site_13522,375470.0,east_test
site_13523,375470.0,east_test
site_13524,375470.0,east_test
site_13525,375470.0,east_test
site_13526,375470.0,east_test
site_13527,375470.0,east_test
site_13528,375470.0,east_test
site_13529,375470.0,east_test
site_13530,375470.0,east_test
site_13531,375470.0,east_test
site_13532,375470.0,east_test
site_13533,375470.0,east_test
site_13534,375470.0,east_test
site_13535,375470.0,east_test
site_13536,375470.0,east_test
site_13537,375470.0,east_test
site_13538,375470.0,east_test
site_13539,375470.0,east_test
site_13540,375470.0,east_test
site_13541,375470.0,east_test
site_13542,375470.0,east_test
site_13543,375470.0,east_test
site_13544,375470.0,east_test
site_13545,375470.0,east_test
site_13546,375470.0,east_test
site_13547,375470.0,east_test
site_13548,375470.0,east_test
site_13549,375470.0,east_test
site_13550,375470.0,east_test
site_13551,375470.0,east_test
site_13552,375470.0,east_test
site_13553,375470.0,east_test
site_13554,375470.0,east_test
site_13555,375470.0,east_test
site_13556,375470.0,east_test
site_13557,375470.0,east_test
site_13558,375470.0,east_test
site_13559,375470.0,east_test
site_13560,375470.0,east_test
site_13561,375470.0,east_test
site_13562,375470.0,east_test
site_13563,375470.0,east_test
site_13564,375470.0,east_test
site_13565,375470.0,east_test
site_13566,375470.0,east_test
site_13567,375470.0,east_test
site_13568,375470.0,east_test
site_13569,375470.0,east_test
site_13570,375470.0,east_test
site_13571,375470.0,east_test
site_13572,375470.0,east_test
site_13573,375470.0,east_test
site_13574,375470.0,east_test
site_13575,375470.0,east_test
site_13576,375470.0,east_test
site_13577,375470.0,east_test
site_13578,375470.0,east_test
site_13579,375470.0,east_test
site_13580,375470.0,east_test
site_13581,375470.0,east_test
site_13582,375470.0,east_test
site_13583,375470.0,east_test
site_13584,375470.0,east_test
site_13585,375470.0,east_test
site_13586,375470.0,east_test
site_13587,375470.0,east_test
site_13588,375470.0,east_test
site_13589,375470.0,east_test
site_13590,375470.0,east_test
site_13591,375470.0,east_test
site_13592,375470.0,east_test
site_13595,375570.0,east_test
site_13596,375570.0,east_test
site_13597,375570.0,east_test
site_13598,375570.0,east_test
site_13599,375570.0,east_test
site_13600,375570.0,east_test
site_13601,375570.0,east_test
site_13602,375570.0,east_test
site_13603,375570.0,east_test
site_13604,375570.0,east_test
site_13605,375570.0,east_test
site_13606,375570.0,east_test
site_13607,375570.0,east_test
site_13608,375570.0,east_test
site_13609,375570.0,east_test
site_13610,375570.0,east_test
site_13611,375570.0,east_test
site_13612,375570.0,east_test
site_13613,375570.0,east_test
site_13614,375570.0,east_test
site_13615,375570.0,east_test
site_13616,375570.0,east_test
site_13617,375570.0,east_test
site_13618,375570.0,east_test
site_13619,375570.0,east_test
site_13620,375570.0,east_test
site_13621,375570.0,east_test
site_13622,375570.0,east_test
site_13623,375570.0,east_test
site_13624,375570.0,east_test
site_13625,375570.0,east_test
site_13626,375570.0,east_test
site_13627,375570.0,east_test
site_13628,375570.0,east_test
site_13629,375570.0,east_test
site_13630,375570.0,east_test
site_13631,375570.0,east_test
site_13632,375570.0,east_test
site_13633,375570.0,east_test
site_13634,375570.0,east_test
site_13635,375570.0,east_test
site_13636,375570.0,east_test
site_13637,375570.0,east_test
site_13638,375570.0,east_test
site_13639,375570.0,east_test
site_13640,375570.0,east_test
site_13641,375570.0,east_test
site_13642,375570.0,east_test
site_13643,375570.0,east_test
site_13644,375570.0,east_test
site_13645,375570.0,east_test
site_13646,375570.0,east_test
site_13647,375570.0,east_test
site_13648,375570.0,east_test
site_13649,375570.0,east_test
site_13650,375570.0,east_test
site_13651,375570.0,east_test
site_13652,375570.0,east_test
site_13653,375570.0,east_test
site_13654,375570.0,east_test
site_13655,375570.0,east_test
site_13656,375570.0,east_test
site_13657,375570.0,east_test
site_13658,375570.0,east_test
site_13659,375570.0,east_test
site_13660,375570.0,east_test
site_13661,375570.0,east_test
site_13662,375570.0,east_test
site_13663,375570.0,east_test
site_13664,375570.0,east_test
site_13665,375570.0,east_test
site_13666,375570.0,east_test
site_13667,375570.0,east_test
site_13668,375570.0,east_test
site_13669,375570.0,east_test
site_13670,375570.0,east_test
site_13671,375570.0,east_test
site_13672,375570.0,east_test
site_13673,375570.0,east_test
site_13674,375570.0,east_test
site_13675,375570.0,east_test
site_13676,375570.0,east_test
site_13677,375570.0,east_test
site_13678,375570.0,east_test
site_13679,375570.0,east_test
site_13680,375570.0,east_test
site_13681,375570.0,east_test
site_13682,375570.0,east_test
site_13683,375570.0,east_test
site_13684,375570.0,east_test
site_13685,375570.0,east_test
site_13686,375570.0,east_test
site_13687,375570.0,east_test
site_13688,375570.0,east_test
site_13689,375570.0,east_test
site_13690,375570.0,east_test
site_13691,375570.0,east_test
site_13692,375570.0,east_test
site_13693,375570.0,east_test
site_13694,375570.0,east_test
site_13695,375570.0,east_test
site_13696,375570.0,east_test
site_13697,375570.0,east_test
site_13698,375570.0,east_test
site_13699,375570.0,east_test
site_13700,375570.0,east_test
site_13701,375570.0,east_test
site_13702,375570.0,east_test
site_13703,375670.0,east_test
site_13704,375670.0,east_test
site_13705,375670.0,east_test
site_13706,375670.0,east_test
site_13707,375670.0,east_test
site_13708,375670.0,east_test
site_13709,375670.0,east_test
site_13710,375670.0,east_test
site_13711,375670.0,east_test
site_13712,375670.0,east_test
site_13713,375670.0,east_test
site_13714,375670.0,east_test
site_13715,375670.0,east_test
site_13716,375670.0,east_test
site_13717,375670.0,east_test
site_13718,375670.0,east_test
site_13719,375670.0,east_test
site_13720,375670.0,east_test
site_13721,375670.0,east_test
site_13722,375670.0,east_test
site_13723,375670.0,east_test
site_13724,375670.0,east_test
site_13725,375670.0,east_test
site_13726,375670.0,east_test
site_13727,375670.0,east_test
site_13728,375670.0,east_test
site_13729,375670.0,east_test
site_13730,375670.0,east_test
site_13731,375670.0,east_test
site_13732,375670.0,east_test
site_13733,375670.0,east_test
site_13734,375670.0,east_test
site_13735,375670.0,east_test
site_13736,375670.0,east_test
site_13737,375670.0,east_test
site_13738,375670.0,east_test
site_13739,375670.0,east_test
site_13740,375670.0,east_test
site_13741,375670.0,east_test
site_13742,375670.0,east_test
site_13743,375670.0,east_test
site_13744,375670.0,east_test
site_13745,375670.0,east_test
site_13746,375670.0,east_test
site_13747,375670.0,east_test
site_13748,375670.0,east_test
site_13749,375670.0,east_test
site_13750,375670.0,east_test
site_13751,375670.0,east_test
site_13752,375670.0,east_test
site_13753,375670.0,east_test
site_13754,375670.0,east_test
site_13755,375670.0,east_test
site_13756,375670.0,east_test
site_13757,375670.0,east_test
site_13758,375670.0,east_test
site_13759,375670.0,east_test
site_13760,375670.0,east_test
site_13761,375670.0,east_test
site_13762,375670.0,east_test
site_13763,375670.0,east_test
site_13764,375670.0,east_test
site_13765,375670.0,east_test
site_13766,375670.0,east_test
site_13767,375670.0,east_test
site_13768,375670.0,east_test
site_13769,375670.0,east_test
site_13770,375670.0,east_test
site_13771,375670.0,east_test
site_13772,375670.0,east_test
site_13773,375670.0,east_test
site_13774,375670.0,east_test
site_13775,375670.0,east_test
site_13776,375670.0,east_test
site_13777,375670.0,east_test
site_13778,375670.0,east_test
site_13779,375670.0,east_test
site_13780,375670.0,east_test
site_13781,375670.0,east_test
site_13782,375670.0,east_test
site_13783,375670.0,east_test
site_13784,375670.0,east_test
site_13785,375670.0,east_test
site_13786,375670.0,east_test
site_13787,375670.0,east_test
site_13788,375670.0,east_test
site_13789,375670.0,east_test
site_13790,375670.0,east_test
site_13791,375670.0,east_test
site_13792,375670.0,east_test
site_13793,375670.0,east_test
site_13794,375670.0,east_test
site_13795,375670.0,east_test
site_13796,375670.0,east_test
site_13797,375670.0,east_test
site_13798,375670.0,east_test
site_13799,375670.0,east_test
site_13800,375670.0,east_test
site_13801,375670.0,east_test
site_13802,375670.0,east_test
site_13803,375670.0,east_test
site_13804,375670.0,east_test
site_13805,375670.0,east_test
site_13806,375670.0,east_test
site_13807,375670.0,east_test
site_13808,375670.0,east_test
site_13809,375670.0,east_test
site_13810,375770.0,east_test
site_13811,375770.0,east_test
site_13812,375770.0,east_test
site_13813,375770.0,east_test
site_13814,375770.0,east_test
site_13815,375770.0,east_test
site_13816,375770.0,east_test
site_13817,375770.0,east_test
site_13818,375770.0,east_test
site_13819,375770.0,east_test
site_13820,375770.0,east_test
site_13821,375770.0,east_test
site_13822,375770.0,east_test
site_13823,375770.0,east_test
site_13824,375770.0,east_test
site_13825,375770.0,east_test
site_13826,375770.0,east_test
site_13827,375770.0,east_test
site_13828,375770.0,east_test
site_13829,375770.0,east_test
site_13830,375770.0,east_test
site_13831,375770.0,east_test
site_13832,375770.0,east_test
site_13833,375770.0,east_test
site_13834,375770.0,east_test
site_13835,375770.0,east_test
site_13836,375770.0,east_test
site_13837,375770.0,east_test
site_13838,375770.0,east_test
site_13839,375770.0,east_test
site_13840,375770.0,east_test
site_13841,375770.0,east_test
site_13842,375770.0,east_test
site_13843,375770.0,east_test
site_13844,375770.0,east_test
site_13845,375770.0,east_test
site_13846,375770.0,east_test
site_13847,375770.0,east_test
site_13848,375770.0,east_test
site_13849,375770.0,east_test
site_13850,375770.0,east_test
site_13851,375770.0,east_test
site_13852,375770.0,east_test
site_13853,375770.0,east_test
site_13854,375770.0,east_test
site_13855,375770.0,east_test
site_13856,375770.0,east_test
site_13857,375770.0,east_test
site_13858,375770.0,east_test
site_13859,375770.0,east_test
site_13860,375770.0,east_test
site_13861,375770.0,east_test
site_13862,375770.0,east_test
site_13863,375770.0,east_test
site_13864,375770.0,east_test
site_13865,375770.0,east_test
site_13866,375770.0,east_test
site_13867,375770.0,east_test
site_13868,375770.0,east_test
site_13869,375770.0,east_test
site_13870,375770.0,east_test
site_13871,375770.0,east_test
site_13872,375770.0,east_test
site_13873,375770.0,east_test
site_13874,375770.0,east_test
site_13875,375770.0,east_test
site_13876,375770.0,east_test
site_13877,375770.0,east_test
site_13878,375770.0,east_test
site_13879,375770.0,east_test
site_13880,375770.0,east_test
site_13881,375770.0,east_test
site_13882,375770.0,east_test
site_13883,375770.0,east_test
site_13884,375770.0,east_test
site_13885,375770.0,east_test
site_13886,375770.0,east_test
site_13887,375770.0,east_test
site_13888,375770.0,east_test
site_13889,375770.0,east_test
site_13890,375770.0,east_test
site_13891,375770.0,east_test
site_13892,375770.0,east_test
site_13893,375770.0,east_test
site_13894,375770.0,east_test
site_13895,375770.0,east_test
site_13896,375770.0,east_test
site_13897,375770.0,east_test
site_13898,375770.0,east_test
site_13899,375770.0,east_test
site_13900,375770.0,east_test
site_13901,375770.0,east_test
site_13902,375770.0,east_test
site_13903,375770.0,east_test
site_13904,375770.0,east_test
site_13905,375770.0,east_test
site_13906,375770.0,east_test
site_13907,375770.0,east_test
site_13908,375770.0,east_test
site_13909,375770.0,east_test
site_13910,375770.0,east_test
site_13911,375770.0,east_test
site_13912,375770.0,east_test
site_13913,375770.0,east_test
site_13914,375770.0,east_test
site_13915,375870.0,east_test
site_13916,375870.0,east_test
site_13917,375870.0,east_test
site_13918,375870.0,east_test
site_13919,375870.0,east_test
site_13920,375870.0,east_test
site_13921,375870.0,east_test
site_13922,375870.0,east_test
site_13923,375870.0,east_test
site_13924,375870.0,east_test
site_13925,375870.0,east_test
site_13926,375870.0,east_test
site_13927,375870.0,east_test
site_13928,375870.0,east_test
site_13929,375870.0,east_test
site_13930,375870.0,east_test
site_13931,375870.0,east_test
site_13932,375870.0,east_test
site_13933,375870.0,east_test
site_13934,375870.0,east_test
site_13935,375870.0,east_test
site_13936,375870.0,east_test
site_13937,375870.0,east_test
site_13938,375870.0,east_test
site_13939,375870.0,east_test
site_13940,375870.0,east_test
site_13941,375870.0,east_test
site_13942,375870.0,east_test
site_13943,375870.0,east_test
site_13944,375870.0,east_test
site_13945,375870.0,east_test
site_13946,375870.0,east_test
site_13947,375870.0,east_test
site_13948,375870.0,east_test
site_13949,375870.0,east_test
site_13950,375870.0,east_test
site_13951,375870.0,east_test
site_13952,375870.0,east_test
site_13953,375870.0,east_test
site_13954,375870.0,east_test
site_13955,375870.0,east_test
site_13956,375870.0,east_test
site_13957,375870.0,east_test
site_13958,375870.0,east_test
site_13959,375870.0,east_test
site_13960,375870.0,east_test
site_13961,375870.0,east_test
site_13962,375870.0,east_test
site_13963,375870.0,east_test
site_13964,375870.0,east_test
site_13965,375870.0,east_test
site_13966,375870.0,east_test
site_13967,375870.0,east_test
site_13968,375870.0,east_test
site_13969,375870.0,east_test
site_13970,375870.0,east_test
site_13971,375870.0,east_test
site_13972,375870.0,east_test
site_13973,375870.0,east_test
site_13974,375870.0,east_test
site_13975,375870.0,east_test
site_13976,375870.0,east_test
site_13977,375870.0,east_test
site_13978,375870.0,east_test
site_13979,375870.0,east_test
site_13980,375870.0,east_test
site_13981,375870.0,east_test
site_13982,375870.0,east_test
site_13983,375870.0,east_test
site_13984,375870.0,east_test
site_13985,375870.0,east_test
site_13986,375870.0,east_test
site_13987,375870.0,east_test
site_13988,375870.0,east_test
site_13989,375870.0,east_test
site_13990,375870.0,east_test
site_13991,375870.0,east_test
site_13992,375870.0,east_test
site_13993,375870.0,east_test
site_13994,375870.0,east_test
site_13995,375870.0,east_test
site_13996,375870.0,east_test
site_13997,375870.0,east_test
site_13998,375870.0,east_test
site_13999,375870.0,east_test
site_14000,375870.0,east_test
site_14001,375870.0,east_test
site_14002,375870.0,east_test
site_14003,375870.0,east_test
site_14004,375870.0,east_test
site_14005,375870.0,east_test
site_14006,375870.0,east_test
site_14007,375870.0,east_test
site_14008,375870.0,east_test
site_14009,375870.0,east_test
site_14010,375870.0,east_test
site_14011,375870.0,east_test
site_14012,375870.0,east_test
site_14013,375870.0,east_test
site_14014,375870.0,east_test
site_14015,375870.0,east_test
site_14016,375870.0,east_test
site_14017,375970.0,east_test
site_14018,375970.0,east_test
site_14019,375970.0,east_test
site_14020,375970.0,east_test
site_14021,375970.0,east_test
site_14022,375970.0,east_test
site_14023,375970.0,east_test
site_14024,375970.0,east_test
site_14025,375970.0,east_test
site_14026,375970.0,east_test
site_14027,375970.0,east_test
site_14028,375970.0,east_test
site_14029,375970.0,east_test
site_14030,375970.0,east_test
site_14031,375970.0,east_test
site_14032,375970.0,east_test
site_14033,375970.0,east_test
site_14034,375970.0,east_test
site_14035,375970.0,east_test
site_14036,375970.0,east_test
site_14037,375970.0,east_test
site_14038,375970.0,east_test
site_14039,375970.0,east_test
site_14040,375970.0,east_test
site_14041,375970.0,east_test
site_14042,375970.0,east_test
site_14043,375970.0,east_test
site_14044,375970.0,east_test
site_14045,375970.0,east_test
site_14046,375970.0,east_test
site_14047,375970.0,east_test
site_14048,375970.0,east_test
site_14049,375970.0,east_test
site_14050,375970.0,east_test
site_14051,375970.0,east_test
site_14052,375970.0,east_test
site_14053,375970.0,east_test
site_14054,375970.0,east_test
site_14055,375970.0,east_test
site_14056,375970.0,east_test
site_14057,375970.0,east_test
site_14058,375970.0,east_test
site_14059,375970.0,east_test
site_14060,375970.0,east_test
site_14061,375970.0,east_test
site_14062,375970.0,east_test
site_14063,375970.0,east_test
site_14064,375970.0,east_test
site_14065,375970.0,east_test
site_14066,375970.0,east_test
site_14067,375970.0,east_test
site_14068,375970.0,east_test
site_14069,375970.0,east_test
site_14070,375970.0,east_test
site_14071,375970.0,east_test
site_14072,375970.0,east_test
site_14073,375970.0,east_test
site_14074,375970.0,east_test
site_14075,375970.0,east_test
site_14076,375970.0,east_test
site_14077,375970.0,east_test
site_14078,375970.0,east_test
site_14079,375970.0,east_test
site_14080,375970.0,east_test
site_14081,375970.0,east_test
site_14082,375970.0,east_test
site_14083,375970.0,east_test
site_14084,375970.0,east_test
site_14085,375970.0,east_test
site_14086,375970.0,east_test
site_14087,375970.0,east_test
site_14088,375970.0,east_test
site_14089,375970.0,east_test
site_14090,375970.0,east_test
site_14091,375970.0,east_test
site_14092,375970.0,east_test
site_14093,375970.0,east_test
site_14094,375970.0,east_test
site_14095,375970.0,east_test
site_14096,375970.0,east_test
site_14097,375970.0,east_test
site_14098,375970.0,east_test
site_14099,375970.0,east_test
site_14100,375970.0,east_test
site_14101,375970.0,east_test
site_14102,375970.0,east_test
site_14103,375970.0,east_test
site_14104,375970.0,east_test
site_14105,375970.0,east_test
site_14106,375970.0,east_test
site_14107,375970.0,east_test
site_14108,375970.0,east_test
site_14109,375970.0,east_test
site_14110,375970.0,east_test
site_14111,375970.0,east_test
site_14112,375970.0,east_test
site_14113,375970.0,east_test
site_14114,375970.0,east_test
site_14115,375970.0,east_test
site_14116,375970.0,east_test
site_14118,376070.0,east_test
site_14119,376070.0,east_test
site_14120,376070.0,east_test
site_14121,376070.0,east_test
site_14122,376070.0,east_test
site_14123,376070.0,east_test
site_14124,376070.0,east_test
site_14125,376070.0,east_test
site_14126,376070.0,east_test
site_14127,376070.0,east_test
site_14128,376070.0,east_test
site_14129,376070.0,east_test
site_14130,376070.0,east_test
site_14131,376070.0,east_test
site_14132,376070.0,east_test
site_14133,376070.0,east_test
site_14134,376070.0,east_test
site_14135,376070.0,east_test
site_14136,376070.0,east_test
site_14137,376070.0,east_test
site_14138,376070.0,east_test
site_14139,376070.0,east_test
site_14140,376070.0,east_test
site_14141,376070.0,east_test
site_14142,376070.0,east_test
site_14143,376070.0,east_test
site_14144,376070.0,east_test
site_14145,376070.0,east_test
site_14146,376070.0,east_test
site_14147,376070.0,east_test
site_14148,376070.0,east_test
site_14149,376070.0,east_test
site_14150,376070.0,east_test
site_14151,376070.0,east_test
site_14152,376070.0,east_test
site_14153,376070.0,east_test
site_14154,376070.0,east_test
site_14155,376070.0,east_test
site_14156,376070.0,east_test
site_14157,376070.0,east_test
site_14158,376070.0,east_test
site_14159,376070.0,east_test
site_14160,376070.0,east_test
site_14161,376070.0,east_test
site_14162,376070.0,east_test
site_14163,376070.0,east_test
site_14164,376070.0,east_test
site_14165,376070.0,east_test
site_14166,376070.0,east_test
site_14167,376070.0,east_test
site_14168,376070.0,east_test
site_14169,376070.0,east_test
site_14170,376070.0,east_test
site_14171,376070.0,east_test
site_14172,376070.0,east_test
site_14173,376070.0,east_test
site_14174,376070.0,east_test
site_14175,376070.0,east_test
site_14176,376070.0,east_test
site_14177,376070.0,east_test
site_14178,376070.0,east_test
site_14179,376070.0,east_test
site_14180,376070.0,east_test
site_14181,376070.0,east_test
site_14182,376070.0,east_test
site_14183,376070.0,east_test
site_14184,376070.0,east_test
site_14185,376070.0,east_test
site_14186,376070.0,east_test
site_14187,376070.0,east_test
site_14188,376070.0,east_test
site_14189,376070.0,east_test
site_14190,376070.0,east_test
site_14191,376070.0,east_test
site_14192,376070.0,east_test
site_14193,376070.0,east_test
site_14194,376070.0,east_test
site_14195,376070.0,east_test
site_14196,376070.0,east_test
site_14197,376070.0,east_test
site_14198,376070.0,east_test
site_14199,376070.0,east_test
site_14200,376070.0,east_test
site_14201,376070.0,east_test
site_14202,376070.0,east_test
site_14203,376070.0,east_test
site_14204,376070.0,east_test
site_14205,376070.0,east_test
site_14206,376070.0,east_test
site_14207,376070.0,east_test
site_14208,376070.0,east_test
site_14209,376070.0,east_test
site_14210,376070.0,east_test
site_14211,376070.0,east_test
site_14212,376070.0,east_test
site_14213,376070.0,east_test
site_14214,376070.0,east_test
site_14215,376070.0,east_test
site_14217,376170.0,east_test
site_14218,376170.0,east_test
site_14219,376170.0,east_test
site_14220,376170.0,east_test
site_14221,376170.0,east_test
site_14222,376170.0,east_test
site_14223,376170.0,east_test
site_14224,376170.0,east_test
site_14225,376170.0,east_test
site_14226,376170.0,east_test
site_14227,376170.0,east_test
site_14228,376170.0,east_test
site_14229,376170.0,east_test
site_14230,376170.0,east_test
site_14231,376170.0,east_test
site_14232,376170.0,east_test
site_14233,376170.0,east_test
site_14234,376170.0,east_test
site_14235,376170.0,east_test
site_14236,376170.0,east_test
site_14237,376170.0,east_test
site_14238,376170.0,east_test
site_14239,376170.0,east_test
site_14240,376170.0,east_test
site_14241,376170.0,east_test
site_14242,376170.0,east_test
site_14243,376170.0,east_test
site_14244,376170.0,east_test
site_14245,376170.0,east_test
site_14246,376170.0,east_test
site_14247,376170.0,east_test
site_14248,376170.0,east_test
site_14249,376170.0,east_test
site_14250,376170.0,east_test
site_14251,376170.0,east_test
site_14252,376170.0,east_test
site_14253,376170.0,east_test
site_14254,376170.0,east_test
site_14255,376170.0,east_test
site_14256,376170.0,east_test
site_14257,376170.0,east_test
site_14258,376170.0,east_test
site_14259,376170.0,east_test
site_14260,376170.0,east_test
site_14261,376170.0,east_test
site_14262,376170.0,east_test
site_14263,376170.0,east_test
site_14264,376170.0,east_test
site_14265,376170.0,east_test
site_14266,376170.0,east_test
site_14267,376170.0,east_test
site_14268,376170.0,east_test
site_14269,376170.0,east_test
site_14270,376170.0,east_test
site_14271,376170.0,east_test
site_14272,376170.0,east_test
site_14273,376170.0,east_test
site_14274,376170.0,east_test
site_14275,376170.0,east_test
site_14276,376170.0,east_test
site_14277,376170.0,east_test
site_14278,376170.0,east_test
site_14279,376170.0,east_test
site_14280,376170.0,east_test
site_14281,376170.0,east_test
site_14282,376170.0,east_test
site_14283,376170.0,east_test
site_14284,376170.0,east_test
site_14285,376170.0,east_test
site_14286,376170.0,east_test
site_14287,376170.0,east_test
site_14288,376170.0,east_test
site_14289,376170.0,east_test
site_14290,376170.0,east_test
site_14291,376170.0,east_test
site_14292,376170.0,east_test
site_14293,376170.0,east_test
site_14294,376170.0,east_test
site_14295,376170.0,east_test
site_14296,376170.0,east_test
site_14297,376170.0,east_test
site_14298,376170.0,east_test
site_14299,376170.0,east_test
site_14300,376170.0,east_test
site_14301,376170.0,east_test
site_14302,376170.0,east_test
site_14303,376170.0,east_test
site_14304,376170.0,east_test
site_14305,376170.0,east_test
site_14306,376170.0,east_test
site_14307,376170.0,east_test
site_14308,376170.0,east_test
site_14309,376170.0,east_test
site_14310,376170.0,east_test
site_14311,376170.0,east_test
site_14314,376270.0,east_test
site_14315,376270.0,east_test
site_14316,376270.0,east_test
site_14317,376270.0,east_test
site_14318,376270.0,east_test
site_14319,376270.0,east_test
site_14320,376270.0,east_test
site_14321,376270.0,east_test
site_14322,376270.0,east_test
site_14323,376270.0,east_test
site_14324,376270.0,east_test
site_14325,376270.0,east_test
site_14326,376270.0,east_test
site_14327,376270.0,east_test
site_14328,376270.0,east_test
site_14329,376270.0,east_test
site_14330,376270.0,east_test
site_14331,376270.0,east_test
site_14332,376270.0,east_test
site_14333,376270.0,east_test
site_14334,376270.0,east_test
site_14335,376270.0,east_test
site_14336,376270.0,east_test
site_14337,376270.0,east_test
site_14338,376270.0,east_test
site_14339,376270.0,east_test
site_14340,376270.0,east_test
site_14341,376270.0,east_test
site_14342,376270.0,east_test
site_14343,376270.0,east_test
site_14344,376270.0,east_test
site_14345,376270.0,east_test
site_14346,376270.0,east_test
site_14347,376270.0,east_test
site_14348,376270.0,east_test
site_14349,376270.0,east_test
site_14350,376270.0,east_test
site_14351,376270.0,east_test
site_14352,376270.0,east_test
site_14353,376270.0,east_test
site_14354,376270.0,east_test
site_14355,376270.0,east_test
site_14356,376270.0,east_test
site_14357,376270.0,east_test
site_14358,376270.0,east_test
site_14359,376270.0,east_test
site_14360,376270.0,east_test
site_14361,376270.0,east_test
site_14362,376270.0,east_test
site_14363,376270.0,east_test
site_14364,376270.0,east_test
site_14365,376270.0,east_test
site_14366,376270.0,east_test
site_14367,376270.0,east_test
site_14368,376270.0,east_test
site_14369,376270.0,east_test
site_14370,376270.0,east_test
site_14371,376270.0,east_test
site_14372,376270.0,east_test
site_14373,376270.0,east_test
site_14374,376270.0,east_test
site_14375,376270.0,east_test
site_14376,376270.0,east_test
site_14377,376270.0,east_test
site_14378,376270.0,east_test
site_14379,376270.0,east_test
site_14380,376270.0,east_test
site_14381,376270.0,east_test
site_14382,376270.0,east_test
site_14383,376270.0,east_test
site_14384,376270.0,east_test
site_14385,376270.0,east_test
site_14386,376270.0,east_test
site_14387,376270.0,east_test
site_14388,376270.0,east_test
site_14389,376270.0,east_test
site_14390,376270.0,east_test
site_14391,376270.0,east_test
site_14392,376270.0,east_test
site_14393,376270.0,east_test
site_14394,376270.0,east_test
site_14395,376270.0,east_test
site_14396,376270.0,east_test
site_14397,376270.0,east_test
site_14398,376270.0,east_test
site_14399,376270.0,east_test
site_14400,376270.0,east_test
site_14401,376270.0,east_test
site_14402,376270.0,east_test
site_14403,376270.0,east_test
site_14404,376270.0,east_test
site_14405,376270.0,east_test
site_14406,376270.0,east_test
site_14408,376370.0,east_test
site_14409,376370.0,east_test
site_14410,376370.0,east_test
site_14411,376370.0,east_test
site_14412,376370.0,east_test
site_14413,376370.0,east_test
site_14414,376370.0,east_test
site_14415,376370.0,east_test
site_14416,376370.0,east_test
site_14417,376370.0,east_test
site_14418,376370.0,east_test
site_14419,376370.0,east_test
site_14420,376370.0,east_test
site_14421,376370.0,east_test
site_14422,376370.0,east_test
site_14423,376370.0,east_test
site_14424,376370.0,east_test
site_14425,376370.0,east_test
site_14426,376370.0,east_test
site_14427,376370.0,east_test
site_14428,376370.0,east_test
site_14429,376370.0,east_test
site_14430,376370.0,east_test
site_14431,376370.0,east_test
site_14432,376370.0,east_test
site_14433,376370.0,east_test
site_14434,376370.0,east_test
site_14435,376370.0,east_test
site_14436,376370.0,east_test
site_14437,376370.0,east_test
site_14438,376370.0,east_test
site_14439,376370.0,east_test
site_14440,376370.0,east_test
site_14441,376370.0,east_test
site_14442,376370.0,east_test
site_14443,376370.0,east_test
site_14444,376370.0,east_test
site_14445,376370.0,east_test
site_14446,376370.0,east_test
site_14447,376370.0,east_test
site_14448,376370.0,east_test
site_14449,376370.0,east_test
site_14450,376370.0,east_test
site_14451,376370.0,east_test
site_14452,376370.0,east_test
site_14453,376370.0,east_test
site_14454,376370.0,east_test
site_14455,376370.0,east_test
site_14456,376370.0,east_test
site_14457,376370.0,east_test
site_14458,376370.0,east_test
site_14459,376370.0,east_test
site_14460,376370.0,east_test
site_14461,376370.0,east_test
site_14462,376370.0,east_test
site_14463,376370.0,east_test
site_14464,376370.0,east_test
site_14465,376370.0,east_test
site_14466,376370.0,east_test
site_14467,376370.0,east_test
site_14468,376370.0,east_test
site_14469,376370.0,east_test
site_14470,376370.0,east_test
site_14471,376370.0,east_test
site_14472,376370.0,east_test
site_14473,376370.0,east_test
site_14474,376370.0,east_test
site_14475,376370.0,east_test
site_14476,376370.0,east_test
site_14477,376370.0,east_test
site_14478,376370.0,east_test
site_14479,376370.0,east_test
site_14480,376370.0,east_test
site_14481,376370.0,east_test
site_14482,376370.0,east_test
site_14483,376370.0,east_test
site_14484,376370.0,east_test
site_14485,376370.0,east_test
site_14486,376370.0,east_test
site_14487,376370.0,east_test
site_14488,376370.0,east_test
site_14489,376370.0,east_test
site_14490,376370.0,east_test
site_14491,376370.0,east_test
site_14492,376370.0,east_test
site_14493,376370.0,east_test
site_14494,376370.0,east_test
site_14495,376370.0,east_test
site_14496,376370.0,east_test
site_14497,376370.0,east_test
site_14498,376370.0,east_test
site_14499,376470.0,east_test
site_14500,376470.0,east_test
site_14501,376470.0,east_test
site_14502,376470.0,east_test
site_14503,376470.0,east_test
site_14504,376470.0,east_test
site_14505,376470.0,east_test
site_14506,376470.0,east_test
site_14507,376470.0,east_test
site_14508,376470.0,east_test
site_14509,376470.0,east_test
site_14510,376470.0,east_test
site_14511,376470.0,east_test
site_14512,376470.0,east_test
site_14513,376470.0,east_test
site_14514,376470.0,east_test
site_14515,376470.0,east_test
site_14516,376470.0,east_test
site_14517,376470.0,east_test
site_14518,376470.0,east_test
site_14519,376470.0,east_test
site_14520,376470.0,east_test
site_14521,376470.0,east_test
site_14522,376470.0,east_test
site_14523,376470.0,east_test
site_14524,376470.0,east_test
site_14525,376470.0,east_test
site_14526,376470.0,east_test
site_14527,376470.0,east_test
site_14528,376470.0,east_test
site_14529,376470.0,east_test
site_14530,376470.0,east_test
site_14531,376470.0,east_test
site_14532,376470.0,east_test
site_14533,376470.0,east_test
site_14534,376470.0,east_test
site_14535,376470.0,east_test
site_14536,376470.0,east_test
site_14537,376470.0,east_test
site_14538,376470.0,east_test
site_14539,376470.0,east_test
site_14540,376470.0,east_test
site_14541,376470.0,east_test
site_14542,376470.0,east_test
site_14543,376470.0,east_test
site_14544,376470.0,east_test
site_14545,376470.0,east_test
site_14546,376470.0,east_test
site_14547,376470.0,east_test
site_14548,376470.0,east_test
site_14549,376470.0,east_test
site_14550,376470.0,east_test
site_14551,376470.0,east_test
site_14552,376470.0,east_test
site_14553,376470.0,east_test
site_14554,376470.0,east_test
site_14555,376470.0,east_test
site_14556,376470.0,east_test
site_14557,376470.0,east_test
site_14558,376470.0,east_test
site_14559,376470.0,east_test
site_14560,376470.0,east_test
site_14561,376470.0,east_test
site_14562,376470.0,east_test
site_14563,376470.0,east_test
site_14564,376470.0,east_test
site_14565,376470.0,east_test
site_14566,376470.0,east_test
site_14567,376470.0,east_test
site_14568,376470.0,east_test
site_14569,376470.0,east_test
site_14570,376470.0,east_test
site_14571,376470.0,east_test
site_14572,376470.0,east_test
site_14573,376470.0,east_test
site_14574,376470.0,east_test
site_14575,376470.0,east_test
site_14576,376470.0,east_test
site_14577,376470.0,east_test
site_14578,376470.0,east_test
site_14579,376470.0,east_test
site_14580,376470.0,east_test
site_14581,376470.0,east_test
site_14582,376470.0,east_test
site_14583,376470.0,east_test
site_14584,376470.0,east_test
site_14585,376470.0,east_test
site_14586,376470.0,east_test
site_14587,376470.0,east_test
site_14588,376470.0,east_test
site_14589,376570.0,east_test
site_14590,376570.0,east_test
site_14591,376570.0,east_test
site_14592,376570.0,east_test
site_14593,376570.0,east_test
site_14594,376570.0,east_test
site_14595,376570.0,east_test
site_14596,376570.0,east_test
site_14597,376570.0,east_test
site_14598,376570.0,east_test
site_14599,376570.0,east_test
site_14600,376570.0,east_test
site_14601,376570.0,east_test
site_14602,376570.0,east_test
site_14603,376570.0,east_test
site_14604,376570.0,east_test
site_14605,376570.0,east_test
site_14606,376570.0,east_test
site_14607,376570.0,east_test
site_14608,376570.0,east_test
site_14609,376570.0,east_test
site_14610,376570.0,east_test
site_14611,376570.0,east_test
site_14612,376570.0,east_test
site_14613,376570.0,east_test
site_14614,376570.0,east_test
site_14615,376570.0,east_test
site_14616,376570.0,east_test
site_14617,376570.0,east_test
site_14618,376570.0,east_test
site_14619,376570.0,east_test
site_14620,376570.0,east_test
site_14621,376570.0,east_test
site_14622,376570.0,east_test
site_14623,376570.0,east_test
site_14624,376570.0,east_test
site_14625,376570.0,east_test
site_14626,376570.0,east_test
site_14627,376570.0,east_test
site_14628,376570.0,east_test
site_14629,376570.0,east_test
site_14630,376570.0,east_test
site_14631,376570.0,east_test
site_14632,376570.0,east_test
site_14633,376570.0,east_test
site_14634,376570.0,east_test
site_14635,376570.0,east_test
site_14636,376570.0,east_test
site_14637,376570.0,east_test
site_14638,376570.0,east_test
site_14639,376570.0,east_test
site_14640,376570.0,east_test
site_14641,376570.0,east_test
site_14642,376570.0,east_test
site_14643,376570.0,east_test
site_14644,376570.0,east_test
site_14645,376570.0,east_test
site_14646,376570.0,east_test
site_14647,376570.0,east_test
site_14648,376570.0,east_test
site_14649,376570.0,east_test
site_14650,376570.0,east_test
site_14651,376570.0,east_test
site_14652,376570.0,east_test
site_14653,376570.0,east_test
site_14654,376570.0,east_test
site_14655,376570.0,east_test
site_14656,376570.0,east_test
site_14657,376570.0,east_test
site_14658,376570.0,east_test
site_14659,376570.0,east_test
site_14660,376570.0,east_test
site_14661,376570.0,east_test
site_14662,376570.0,east_test
site_14663,376570.0,east_test
site_14664,376570.0,east_test
site_14665,376570.0,east_test
site_14666,376570.0,east_test
site_14667,376570.0,east_test
site_14668,376570.0,east_test
site_14669,376570.0,east_test
site_14670,376570.0,east_test
site_14671,376570.0,east_test
site_14672,376570.0,east_test
site_14673,376570.0,east_test
site_14674,376570.0,east_test
site_14675,376570.0,east_test
site_14676,376570.0,east_test
site_14677,376670.0,east_test
site_14678,376670.0,east_test
site_14679,376670.0,east_test
site_14680,376670.0,east_test
site_14681,376670.0,east_test
site_14682,376670.0,east_test
site_14683,376670.0,east_test
site_14684,376670.0,east_test
site_14685,376670.0,east_test
site_14686,376670.0,east_test
site_14687,376670.0,east_test
site_14688,376670.0,east_test
site_14689,376670.0,east_test
site_14690,376670.0,east_test
site_14691,376670.0,east_test
site_14692,376670.0,east_test
site_14693,376670.0,east_test
site_14694,376670.0,east_test
site_14695,376670.0,east_test
site_14696,376670.0,east_test
site_14697,376670.0,east_test
site_14698,376670.0,east_test
site_14699,376670.0,east_test
site_14700,376670.0,east_test
site_14701,376670.0,east_test
site_14702,376670.0,east_test
site_14703,376670.0,east_test
site_14704,376670.0,east_test
site_14705,376670.0,east_test
site_14706,376670.0,east_test
site_14707,376670.0,east_test
site_14708,376670.0,east_test
site_14709,376670.0,east_test
site_14710,376670.0,east_test
site_14711,376670.0,east_test
site_14712,376670.0,east_test
site_14713,376670.0,east_test
site_14714,376670.0,east_test
site_14715,376670.0,east_test
site_14716,376670.0,east_test
site_14717,376670.0,east_test
site_14718,376670.0,east_test
site_14719,376670.0,east_test
site_14720,376670.0,east_test
site_14721,376670.0,east_test
site_14722,376670.0,east_test
site_14723,376670.0,east_test
site_14724,376670.0,east_test
site_14725,376670.0,east_test
site_14726,376670.0,east_test
site_14727,376670.0,east_test
site_14728,376670.0,east_test
site_14729,376670.0,east_test
site_14730,376670.0,east_test
site_14731,376670.0,east_test
site_14732,376670.0,east_test
site_14733,376670.0,east_test
site_14734,376670.0,east_test
site_14735,376670.0,east_test
site_14736,376670.0,east_test
site_14737,376670.0,east_test
site_14738,376670.0,east_test
site_14739,376670.0,east_test
site_14740,376670.0,east_test
site_14741,376670.0,east_test
site_14742,376670.0,east_test
site_14743,376670.0,east_test
site_14744,376670.0,east_test
site_14745,376670.0,east_test
site_14746,376670.0,east_test
site_14747,376670.0,east_test
site_14748,376670.0,east_test
site_14749,376670.0,east_test
site_14750,376670.0,east_test
site_14751,376670.0,east_test
site_14752,376670.0,east_test
site_14753,376670.0,east_test
site_14754,376670.0,east_test
site_14755,376670.0,east_test
site_14756,376670.0,east_test
site_14757,376670.0,east_test
site_14758,376670.0,east_test
site_14759,376670.0,east_test
site_14760,376670.0,east_test
site_14761,376670.0,east_test
site_14762,376670.0,east_test
site_14763,376670.0,east_test
site_14764,376770.0,east_test
site_14765,376770.0,east_test
site_14766,376770.0,east_test
site_14767,376770.0,east_test
site_14768,376770.0,east_test
site_14769,376770.0,east_test
site_14770,376770.0,east_test
site_14771,376770.0,east_test
site_14772,376770.0,east_test
site_14773,376770.0,east_test
site_14774,376770.0,east_test
site_14775,376770.0,east_test
site_14776,376770.0,east_test
site_14777,376770.0,east_test
site_14778,376770.0,east_test
site_14779,376770.0,east_test
site_14780,376770.0,east_test
site_14781,376770.0,east_test
site_14782,376770.0,east_test
site_14783,376770.0,east_test
site_14784,376770.0,east_test
site_14785,376770.0,east_test
site_14786,376770.0,east_test
site_14787,376770.0,east_test
site_14788,376770.0,east_test
site_14789,376770.0,east_test
site_14790,376770.0,east_test
site_14791,376770.0,east_test
site_14792,376770.0,east_test
site_14793,376770.0,east_test
site_14794,376770.0,east_test
site_14795,376770.0,east_test
site_14796,376770.0,east_test
site_14797,376770.0,east_test
site_14798,376770.0,east_test
site_14799,376770.0,east_test
site_14800,376770.0,east_test
site_14801,376770.0,east_test
site_14802,376770.0,east_test
site_14803,376770.0,east_test
site_14804,376770.0,east_test
site_14805,376770.0,east_test
site_14806,376770.0,east_test
site_14807,376770.0,east_test
site_14808,376770.0,east_test
site_14809,376770.0,east_test
site_14810,376770.0,east_test
site_14811,376770.0,east_test
site_14812,376770.0,east_test
site_14813,376770.0,east_test
site_14814,376770.0,east_test
site_14815,376770.0,east_test
site_14816,376770.0,east_test
site_14817,376770.0,east_test
site_14818,376770.0,east_test
site_14819,376770.0,east_test
site_14820,376770.0,east_test
site_14821,376770.0,east_test
site_14822,376770.0,east_test
site_14823,376770.0,east_test
site_14824,376770.0,east_test
site_14825,376770.0,east_test
site_14826,376770.0,east_test
site_14827,376770.0,east_test
site_14828,376770.0,east_test
site_14829,376770.0,east_test
site_14830,376770.0,east_test
site_14831,376770.0,east_test
site_14832,376770.0,east_test
site_14833,376770.0,east_test
site_14834,376770.0,east_test
site_14835,376770.0,east_test
site_14836,376770.0,east_test
site_14837,376770.0,east_test
site_14838,376770.0,east_test
site_14839,376770.0,east_test
site_14840,376770.0,east_test
site_14841,376770.0,east_test
site_14842,376770.0,east_test
site_14843,376770.0,east_test
site_14844,376770.0,east_test
site_14845,376770.0,east_test
site_14846,376770.0,east_test
site_14847,376770.0,east_test
site_14848,376770.0,east_test
site_14849,376870.0,east_test
site_14850,376870.0,east_test
site_14851,376870.0,east_test
site_14852,376870.0,east_test
site_14853,376870.0,east_test
site_14854,376870.0,east_test
site_14855,376870.0,east_test
site_14856,376870.0,east_test
site_14857,376870.0,east_test
site_14858,376870.0,east_test
site_14859,376870.0,east_test
site_14860,376870.0,east_test
site_14861,376870.0,east_test
site_14862,376870.0,east_test
site_14863,376870.0,east_test
site_14864,376870.0,east_test
site_14865,376870.0,east_test
site_14866,376870.0,east_test
site_14867,376870.0,east_test
site_14868,376870.0,east_test
site_14869,376870.0,east_test
site_14870,376870.0,east_test
site_14871,376870.0,east_test
site_14872,376870.0,east_test
site_14873,376870.0,east_test
site_14874,376870.0,east_test
site_14875,376870.0,east_test
site_14876,376870.0,east_test
site_14877,376870.0,east_test
site_14878,376870.0,east_test
site_14879,376870.0,east_test
site_14880,376870.0,east_test
site_14881,376870.0,east_test
site_14882,376870.0,east_test
site_14883,376870.0,east_test
site_14884,376870.0,east_test
site_14885,376870.0,east_test
site_14886,376870.0,east_test
site_14887,376870.0,east_test
site_14888,376870.0,east_test
site_14889,376870.0,east_test
site_14890,376870.0,east_test
site_14891,376870.0,east_test
site_14892,376870.0,east_test
site_14893,376870.0,east_test
site_14894,376870.0,east_test
site_14895,376870.0,east_test
site_14896,376870.0,east_test
site_14897,376870.0,east_test
site_14898,376870.0,east_test
site_14899,376870.0,east_test
site_14900,376870.0,east_test
site_14901,376870.0,east_test
site_14902,376870.0,east_test
site_14903,376870.0,east_test
site_14904,376870.0,east_test
site_14905,376870.0,east_test
site_14906,376870.0,east_test
site_14907,376870.0,east_test
site_14908,376870.0,east_test
site_14909,376870.0,east_test
site_14910,376870.0,east_test
site_14911,376870.0,east_test
site_14912,376870.0,east_test
site_14913,376870.0,east_test
site_14914,376870.0,east_test
site_14915,376870.0,east_test
site_14916,376870.0,east_test
site_14917,376870.0,east_test
site_14918,376870.0,east_test
site_14919,376870.0,east_test
site_14920,376870.0,east_test
site_14921,376870.0,east_test
site_14922,376870.0,east_test
site_14923,376870.0,east_test
site_14924,376870.0,east_test
site_14925,376870.0,east_test
site_14926,376870.0,east_test
site_14927,376870.0,east_test
site_14928,376870.0,east_test
site_14929,376870.0,east_test
site_14930,376870.0,east_test
site_14931,376870.0,east_test
site_14932,376870.0,east_test
site_14933,376970.0,east_test
site_14934,376970.0,east_test
site_14935,376970.0,east_test
site_14936,376970.0,east_test
site_14937,376970.0,east_test
site_14938,376970.0,east_test
site_14939,376970.0,east_test
site_14940,376970.0,east_test
site_14941,376970.0,east_test
site_14942,376970.0,east_test
site_14943,376970.0,east_test
site_14944,376970.0,east_test
site_14945,376970.0,east_test
site_14946,376970.0,east_test
site_14947,376970.0,east_test
site_14948,376970.0,east_test
site_14949,376970.0,east_test
site_14950,376970.0,east_test
site_14951,376970.0,east_test
site_14952,376970.0,east_test
site_14953,376970.0,east_test
site_14954,376970.0,east_test
site_14955,376970.0,east_test
site_14956,376970.0,east_test
site_14957,376970.0,east_test
site_14958,376970.0,east_test
site_14959,376970.0,east_test
site_14960,376970.0,east_test
site_14961,376970.0,east_test
site_14962,376970.0,east_test
site_14963,376970.0,east_test
site_14964,376970.0,east_test
site_14965,376970.0,east_test
site_14966,376970.0,east_test
site_14967,376970.0,east_test
site_14968,376970.0,east_test
site_14969,376970.0,east_test
site_14970,376970.0,east_test
site_14971,376970.0,east_test
site_14972,376970.0,east_test
site_14973,376970.0,east_test
site_14974,376970.0,east_test
site_14975,376970.0,east_test
site_14976,376970.0,east_test
site_14977,376970.0,east_test
site_14978,376970.0,east_test
site_14979,376970.0,east_test
site_14980,376970.0,east_test
site_14981,376970.0,east_test
site_14982,376970.0,east_test
site_14983,376970.0,east_test
site_14984,376970.0,east_test
site_14985,376970.0,east_test
site_14986,376970.0,east_test
site_14987,376970.0,east_test
site_14988,376970.0,east_test
site_14989,376970.0,east_test
site_14990,376970.0,east_test
site_14991,376970.0,east_test
site_14992,376970.0,east_test
site_14993,376970.0,east_test
site_14994,376970.0,east_test
site_14995,376970.0,east_test
site_14996,376970.0,east_test
site_14997,376970.0,east_test
site_14998,376970.0,east_test
site_14999,376970.0,east_test
site_15000,376970.0,east_test
site_15001,376970.0,east_test
site_15002,376970.0,east_test
site_15003,376970.0,east_test
site_15004,376970.0,east_test
site_15005,376970.0,east_test
site_15006,376970.0,east_test
site_15007,376970.0,east_test
site_15008,376970.0,east_test
site_15009,376970.0,east_test
site_15010,376970.0,east_test
site_15011,376970.0,east_test
site_15012,376970.0,east_test
site_15013,376970.0,east_test
site_15014,376970.0,east_test
site_15015,377070.0,east_test
site_15016,377070.0,east_test
site_15017,377070.0,east_test
site_15018,377070.0,east_test
site_15019,377070.0,east_test
site_15020,377070.0,east_test
site_15021,377070.0,east_test
site_15022,377070.0,east_test
site_15023,377070.0,east_test
site_15024,377070.0,east_test
site_15025,377070.0,east_test
site_15026,377070.0,east_test
site_15027,377070.0,east_test
site_15028,377070.0,east_test
site_15029,377070.0,east_test
site_15030,377070.0,east_test
site_15031,377070.0,east_test
site_15032,377070.0,east_test
site_15033,377070.0,east_test
site_15034,377070.0,east_test
site_15035,377070.0,east_test
site_15036,377070.0,east_test
site_15037,377070.0,east_test
site_15038,377070.0,east_test
site_15039,377070.0,east_test
site_15040,377070.0,east_test
site_15041,377070.0,east_test
site_15042,377070.0,east_test
site_15043,377070.0,east_test
site_15044,377070.0,east_test
site_15045,377070.0,east_test
site_15046,377070.0,east_test
site_15047,377070.0,east_test
site_15048,377070.0,east_test
site_15049,377070.0,east_test
site_15050,377070.0,east_test
site_15051,377070.0,east_test
site_15052,377070.0,east_test
site_15053,377070.0,east_test
site_15054,377070.0,east_test
site_15055,377070.0,east_test
site_15056,377070.0,east_test
site_15057,377070.0,east_test
site_15058,377070.0,east_test
site_15059,377070.0,east_test
site_15060,377070.0,east_test
site_15061,377070.0,east_test
site_15062,377070.0,east_test
site_15063,377070.0,east_test
site_15064,377070.0,east_test
site_15065,377070.0,east_test
site_15066,377070.0,east_test
site_15067,377070.0,east_test
site_15068,377070.0,east_test
site_15069,377070.0,east_test
site_15070,377070.0,east_test
site_15071,377070.0,east_test
site_15072,377070.0,east_test
site_15073,377070.0,east_test
site_15074,377070.0,east_test
site_15075,377070.0,east_test
site_15076,377070.0,east_test
site_15077,377070.0,east_test
site_15078,377070.0,east_test
site_15079,377070.0,east_test
site_15080,377070.0,east_test
site_15081,377070.0,east_test
site_15082,377070.0,east_test
site_15083,377070.0,east_test
site_15084,377070.0,east_test
site_15085,377070.0,east_test
site_15086,377070.0,east_test
site_15087,377070.0,east_test
site_15088,377070.0,east_test
site_15089,377070.0,east_test
site_15090,377070.0,east_test
site_15091,377070.0,east_test
site_15092,377070.0,east_test
site_15093,377070.0,east_test
site_15094,377070.0,east_test
site_15095,377070.0,east_test
site_15097,377170.0,east_test
site_15098,377170.0,east_test
site_15099,377170.0,east_test
site_15100,377170.0,east_test
site_15101,377170.0,east_test
site_15102,377170.0,east_test
site_15103,377170.0,east_test
site_15104,377170.0,east_test
site_15105,377170.0,east_test
site_15106,377170.0,east_test
site_15107,377170.0,east_test
site_15108,377170.0,east_test
site_15109,377170.0,east_test
site_15110,377170.0,east_test
site_15111,377170.0,east_test
site_15112,377170.0,east_test
site_15113,377170.0,east_test
site_15114,377170.0,east_test
site_15115,377170.0,east_test
site_15116,377170.0,east_test
site_15117,377170.0,east_test
site_15118,377170.0,east_test
site_15119,377170.0,east_test
site_15120,377170.0,east_test
site_15121,377170.0,east_test
site_15122,377170.0,east_test
site_15123,377170.0,east_test
site_15124,377170.0,east_test
site_15125,377170.0,east_test
site_15126,377170.0,east_test
site_15127,377170.0,east_test
site_15128,377170.0,east_test
site_15129,377170.0,east_test
site_15130,377170.0,east_test
site_15131,377170.0,east_test
site_15132,377170.0,east_test
site_15133,377170.0,east_test
site_15134,377170.0,east_test
site_15135,377170.0,east_test
site_15136,377170.0,east_test
site_15137,377170.0,east_test
site_15138,377170.0,east_test
site_15139,377170.0,east_test
site_15140,377170.0,east_test
site_15141,377170.0,east_test
site_15142,377170.0,east_test
site_15143,377170.0,east_test
site_15144,377170.0,east_test
site_15145,377170.0,east_test
site_15146,377170.0,east_test
site_15147,377170.0,east_test
site_15148,377170.0,east_test
site_15149,377170.0,east_test
site_15150,377170.0,east_test
site_15151,377170.0,east_test
site_15152,377170.0,east_test
site_15153,377170.0,east_test
site_15154,377170.0,east_test
site_15155,377170.0,east_test
site_15156,377170.0,east_test
site_15157,377170.0,east_test
site_15158,377170.0,east_test
site_15159,377170.0,east_test
site_15160,377170.0,east_test
site_15161,377170.0,east_test
site_15162,377170.0,east_test
site_15163,377170.0,east_test
site_15164,377170.0,east_test
site_15165,377170.0,east_test
site_15166,377170.0,east_test
site_15167,377170.0,east_test
site_15168,377170.0,east_test
site_15169,377170.0,east_test
site_15170,377170.0,east_test
site_15171,377170.0,east_test
site_15172,377170.0,east_test
site_15173,377170.0,east_test
site_15174,377170.0,east_test
site_15175,377170.0,east_test
site_15178,377270.0,east_test
site_15179,377270.0,east_test
site_15180,377270.0,east_test
site_15181,377270.0,east_test
site_15182,377270.0,east_test
site_15183,377270.0,east_test
site_15184,377270.0,east_test
site_15185,377270.0,east_test
site_15186,377270.0,east_test
site_15187,377270.0,east_test
site_15188,377270.0,east_test
site_15189,377270.0,east_test
site_15190,377270.0,east_test
site_15191,377270.0,east_test
site_15192,377270.0,east_test
site_15193,377270.0,east_test
site_15194,377270.0,east_test
site_15195,377270.0,east_test
site_15196,377270.0,east_test
site_15197,377270.0,east_test
site_15198,377270.0,east_test
site_15199,377270.0,east_test
site_15200,377270.0,east_test
site_15201,377270.0,east_test
site_15202,377270.0,east_test
site_15203,377270.0,east_test
site_15204,377270.0,east_test
site_15205,377270.0,east_test
site_15206,377270.0,east_test
site_15207,377270.0,east_test
site_15208,377270.0,east_test
site_15209,377270.0,east_test
site_15210,377270.0,east_test
site_15211,377270.0,east_test
site_15212,377270.0,east_test
site_15213,377270.0,east_test
site_15214,377270.0,east_test
site_15215,377270.0,east_test
site_15216,377270.0,east_test
site_15217,377270.0,east_test
site_15218,377270.0,east_test
site_15219,377270.0,east_test
site_15220,377270.0,east_test
site_15221,377270.0,east_test
site_15222,377270.0,east_test
site_15223,377270.0,east_test
site_15224,377270.0,east_test
site_15225,377270.0,east_test
site_15226,377270.0,east_test
site_15227,377270.0,east_test
site_15228,377270.0,east_test
site_15229,377270.0,east_test
site_15230,377270.0,east_test
site_15231,377270.0,east_test
site_15232,377270.0,east_test
site_15233,377270.0,east_test
site_15234,377270.0,east_test
site_15235,377270.0,east_test
site_15236,377270.0,east_test
site_15237,377270.0,east_test
site_15238,377270.0,east_test
site_15239,377270.0,east_test
site_15240,377270.0,east_test
site_15241,377270.0,east_test
site_15242,377270.0,east_test
site_15243,377270.0,east_test
site_15244,377270.0,east_test
site_15245,377270.0,east_test
site_15246,377270.0,east_test
site_15247,377270.0,east_test
site_15248,377270.0,east_test
site_15249,377270.0,east_test
site_15250,377270.0,east_test
site_15251,377270.0,east_test
site_15252,377270.0,east_test
site_15253,377270.0,east_test
site_15254,377270.0,east_test
site_15255,377270.0,east_test
site_15256,377370.0,east_test
site_15257,377370.0,east_test
site_15258,377370.0,east_test
site_15259,377370.0,east_test
site_15260,377370.0,east_test
site_15261,377370.0,east_test
site_15262,377370.0,east_test
site_15263,377370.0,east_test
site_15264,377370.0,east_test
site_15265,377370.0,east_test
site_15266,377370.0,east_test
site_15267,377370.0,east_test
site_15268,377370.0,east_test
site_15269,377370.0,east_test
site_15270,377370.0,east_test
site_15271,377370.0,east_test
site_15272,377370.0,east_test
site_15273,377370.0,east_test
site_15274,377370.0,east_test
site_15275,377370.0,east_test
site_15276,377370.0,east_test
site_15277,377370.0,east_test
site_15278,377370.0,east_test
site_15279,377370.0,east_test
site_15280,377370.0,east_test
site_15281,377370.0,east_test
site_15282,377370.0,east_test
site_15283,377370.0,east_test
site_15284,377370.0,east_test
site_15285,377370.0,east_test
site_15286,377370.0,east_test
site_15287,377370.0,east_test
site_15288,377370.0,east_test
site_15289,377370.0,east_test
site_15290,377370.0,east_test
site_15291,377370.0,east_test
site_15292,377370.0,east_test
site_15293,377370.0,east_test
site_15294,377370.0,east_test
site_15295,377370.0,east_test
site_15296,377370.0,east_test
site_15297,377370.0,east_test
site_15298,377370.0,east_test
site_15299,377370.0,east_test
site_15300,377370.0,east_test
site_15301,377370.0,east_test
site_15302,377370.0,east_test
site_15303,377370.0,east_test
site_15304,377370.0,east_test
site_15305,377370.0,east_test
site_15306,377370.0,east_test
site_15307,377370.0,east_test
site_15308,377370.0,east_test
site_15309,377370.0,east_test
site_15310,377370.0,east_test
site_15311,377370.0,east_test
site_15312,377370.0,east_test
site_15313,377370.0,east_test
site_15314,377370.0,east_test
site_15315,377370.0,east_test
site_15316,377370.0,east_test
site_15317,377370.0,east_test
site_15318,377370.0,east_test
site_15319,377370.0,east_test
site_15320,377370.0,east_test
site_15321,377370.0,east_test
site_15322,377370.0,east_test
site_15323,377370.0,east_test
site_15324,377370.0,east_test
site_15325,377370.0,east_test
site_15326,377370.0,east_test
site_15327,377370.0,east_test
site_15328,377370.0,east_test
site_15329,377370.0,east_test
site_15330,377370.0,east_test
site_15331,377370.0,east_test
site_15332,377370.0,east_test
site_15333,377370.0,east_test
site_15334,377470.0,east_test
site_15335,377470.0,east_test
site_15336,377470.0,east_test
site_15337,377470.0,east_test
site_15338,377470.0,east_test
site_15339,377470.0,east_test
site_15340,377470.0,east_test
site_15341,377470.0,east_test
site_15342,377470.0,east_test
site_15343,377470.0,east_test
site_15344,377470.0,east_test
site_15345,377470.0,east_test
site_15346,377470.0,east_test
site_15347,377470.0,east_test
site_15348,377470.0,east_test
site_15349,377470.0,east_test
site_15350,377470.0,east_test
site_15351,377470.0,east_test
site_15352,377470.0,east_test
site_15353,377470.0,east_test
site_15354,377470.0,east_test
site_15355,377470.0,east_test
site_15356,377470.0,east_test
site_15357,377470.0,east_test
site_15358,377470.0,east_test
site_15359,377470.0,east_test
site_15360,377470.0,east_test
site_15361,377470.0,east_test
site_15362,377470.0,east_test
site_15363,377470.0,east_test
site_15364,377470.0,east_test
site_15365,377470.0,east_test
site_15366,377470.0,east_test
site_15367,377470.0,east_test
site_15368,377470.0,east_test
site_15369,377470.0,east_test
site_15370,377470.0,east_test
site_15371,377470.0,east_test
site_15372,377470.0,east_test
site_15373,377470.0,east_test
site_15374,377470.0,east_test
site_15375,377470.0,east_test
site_15376,377470.0,east_test
site_15377,377470.0,east_test
site_15378,377470.0,east_test
site_15379,377470.0,east_test
site_15380,377470.0,east_test
site_15381,377470.0,east_test
site_15382,377470.0,east_test
site_15383,377470.0,east_test
site_15384,377470.0,east_test
site_15385,377470.0,east_test
site_15386,377470.0,east_test
site_15387,377470.0,east_test
site_15388,377470.0,east_test
site_15389,377470.0,east_test
site_15390,377470.0,east_test
site_15391,377470.0,east_test
site_15392,377470.0,east_test
site_15393,377470.0,east_test
site_15394,377470.0,east_test
site_15395,377470.0,east_test
site_15396,377470.0,east_test
site_15397,377470.0,east_test
site_15398,377470.0,east_test
site_15399,377470.0,east_test
site_15400,377470.0,east_test
site_15401,377470.0,east_test
site_15402,377470.0,east_test
site_15403,377470.0,east_test
site_15404,377470.0,east_test
site_15405,377470.0,east_test
site_15406,377470.0,east_test
site_15407,377470.0,east_test
site_15408,377470.0,east_test
site_15409,377470.0,east_test
site_15410,377570.0,east_test
site_15411,377570.0,east_test
site_15412,377570.0,east_test
site_15413,377570.0,east_test
site_15414,377570.0,east_test
site_15415,377570.0,east_test
site_15416,377570.0,east_test
site_15417,377570.0,east_test
site_15418,377570.0,east_test
site_15419,377570.0,east_test
site_15420,377570.0,east_test
site_15421,377570.0,east_test
site_15422,377570.0,east_test
site_15423,377570.0,east_test
site_15424,377570.0,east_test
site_15425,377570.0,east_test
site_15426,377570.0,east_test
site_15427,377570.0,east_test
site_15428,377570.0,east_test
site_15429,377570.0,east_test
site_15430,377570.0,east_test
site_15431,377570.0,east_test
site_15432,377570.0,east_test
site_15433,377570.0,east_test
site_15434,377570.0,east_test
site_15435,377570.0,east_test
site_15436,377570.0,east_test
site_15437,377570.0,east_test
site_15438,377570.0,east_test
site_15439,377570.0,east_test
site_15440,377570.0,east_test
site_15441,377570.0,east_test
site_15442,377570.0,east_test
site_15443,377570.0,east_test
site_15444,377570.0,east_test
site_15445,377570.0,east_test
site_15446,377570.0,east_test
site_15447,377570.0,east_test
site_15448,377570.0,east_test
site_15449,377570.0,east_test
site_15450,377570.0,east_test
site_15451,377570.0,east_test
site_15452,377570.0,east_test
site_15453,377570.0,east_test
site_15454,377570.0,east_test
site_15455,377570.0,east_test
site_15456,377570.0,east_test
site_15457,377570.0,east_test
site_15458,377570.0,east_test
site_15459,377570.0,east_test
site_15460,377570.0,east_test
site_15461,377570.0,east_test
site_15462,377570.0,east_test
site_15463,377570.0,east_test
site_15464,377570.0,east_test
site_15465,377570.0,east_test
site_15466,377570.0,east_test
site_15467,377570.0,east_test
site_15468,377570.0,east_test
site_15469,377570.0,east_test
site_15470,377570.0,east_test
site_15471,377570.0,east_test
site_15472,377570.0,east_test
site_15473,377570.0,east_test
site_15474,377570.0,east_test
site_15475,377570.0,east_test
site_15476,377570.0,east_test
site_15477,377570.0,east_test
site_15478,377570.0,east_test
site_15479,377570.0,east_test
site_15480,377570.0,east_test
site_15481,377570.0,east_test
site_15482,377570.0,east_test
site_15483,377570.0,east_test
site_15484,377570.0,east_test
site_15485,377670.0,east_test
site_15486,377670.0,east_test
site_15487,377670.0,east_test
site_15488,377670.0,east_test
site_15489,377670.0,east_test
site_15490,377670.0,east_test
site_15491,377670.0,east_test
site_15492,377670.0,east_test
site_15493,377670.0,east_test
site_15494,377670.0,east_test
site_15495,377670.0,east_test
site_15496,377670.0,east_test
site_15497,377670.0,east_test
site_15498,377670.0,east_test
site_15499,377670.0,east_test
site_15500,377670.0,east_test
site_15501,377670.0,east_test
site_15502,377670.0,east_test
site_15503,377670.0,east_test
site_15504,377670.0,east_test
site_15505,377670.0,east_test
site_15506,377670.0,east_test
site_15507,377670.0,east_test
site_15508,377670.0,east_test
site_15509,377670.0,east_test
site_15510,377670.0,east_test
site_15511,377670.0,east_test
site_15512,377670.0,east_test
site_15513,377670.0,east_test
site_15514,377670.0,east_test
site_15515,377670.0,east_test
site_15516,377670.0,east_test
site_15517,377670.0,east_test
site_15518,377670.0,east_test
site_15519,377670.0,east_test
site_15520,377670.0,east_test
site_15521,377670.0,east_test
site_15522,377670.0,east_test
site_15523,377670.0,east_test
site_15524,377670.0,east_test
site_15525,377670.0,east_test
site_15526,377670.0,east_test
site_15527,377670.0,east_test
site_15528,377670.0,east_test
site_15529,377670.0,east_test
site_15530,377670.0,east_test
site_15531,377670.0,east_test
site_15532,377670.0,east_test
site_15533,377670.0,east_test
site_15534,377670.0,east_test
site_15535,377670.0,east_test
site_15536,377670.0,east_test
site_15537,377670.0,east_test
site_15538,377670.0,east_test
site_15539,377670.0,east_test
site_15540,377670.0,east_test
site_15541,377670.0,east_test
site_15542,377670.0,east_test
site_15543,377670.0,east_test
site_15544,377670.0,east_test
site_15545,377670.0,east_test
site_15546,377670.0,east_test
site_15547,377670.0,east_test
site_15548,377670.0,east_test
site_15549,377670.0,east_test
site_15550,377670.0,east_test
site_15551,377670.0,east_test
site_15552,377670.0,east_test
site_15553,377670.0,east_test
site_15554,377670.0,east_test
site_15555,377670.0,east_test
site_15556,377670.0,east_test
site_15557,377670.0,east_test
site_15558,377770.0,east_test
site_15559,377770.0,east_test
site_15560,377770.0,east_test
site_15561,377770.0,east_test
site_15562,377770.0,east_test
site_15563,377770.0,east_test
site_15564,377770.0,east_test
site_15565,377770.0,east_test
site_15566,377770.0,east_test
site_15567,377770.0,east_test
site_15568,377770.0,east_test
site_15569,377770.0,east_test
site_15570,377770.0,east_test
site_15571,377770.0,east_test
site_15572,377770.0,east_test
site_15573,377770.0,east_test
site_15574,377770.0,east_test
site_15575,377770.0,east_test
site_15576,377770.0,east_test
site_15577,377770.0,east_test
site_15578,377770.0,east_test
site_15579,377770.0,east_test
site_15580,377770.0,east_test
site_15581,377770.0,east_test
site_15582,377770.0,east_test
site_15583,377770.0,east_test
site_15584,377770.0,east_test
site_15585,377770.0,east_test
site_15586,377770.0,east_test
site_15587,377770.0,east_test
site_15588,377770.0,east_test
site_15589,377770.0,east_test
site_15590,377770.0,east_test
site_15591,377770.0,east_test
site_15592,377770.0,east_test
site_15593,377770.0,east_test
site_15594,377770.0,east_test
site_15595,377770.0,east_test
site_15596,377770.0,east_test
site_15597,377770.0,east_test
site_15598,377770.0,east_test
site_15599,377770.0,east_test
site_15600,377770.0,east_test
site_15601,377770.0,east_test
site_15602,377770.0,east_test
site_15603,377770.0,east_test
site_15604,377770.0,east_test
site_15605,377770.0,east_test
site_15606,377770.0,east_test
site_15607,377770.0,east_test
site_15608,377770.0,east_test
site_15609,377770.0,east_test
site_15610,377770.0,east_test
site_15611,377770.0,east_test
site_15612,377770.0,east_test
site_15613,377770.0,east_test
site_15614,377770.0,east_test
site_15615,377770.0,east_test
site_15616,377770.0,east_test
site_15617,377770.0,east_test
site_15618,377770.0,east_test
site_15619,377770.0,east_test
site_15620,377770.0,east_test
site_15621,377770.0,east_test
site_15622,377770.0,east_test
site_15623,377770.0,east_test
site_15624,377770.0,east_test
site_15625,377770.0,east_test
site_15626,377770.0,east_test
site_15627,377770.0,east_test
site_15628,377770.0,east_test
site_15629,377770.0,east_test
site_15630,377870.0,east_test
site_15631,377870.0,east_test
site_15632,377870.0,east_test
site_15633,377870.0,east_test
site_15634,377870.0,east_test
site_15635,377870.0,east_test
site_15636,377870.0,east_test
site_15637,377870.0,east_test
site_15638,377870.0,east_test
site_15639,377870.0,east_test
site_15640,377870.0,east_test
site_15641,377870.0,east_test
site_15642,377870.0,east_test
site_15643,377870.0,east_test
site_15644,377870.0,east_test
site_15645,377870.0,east_test
site_15646,377870.0,east_test
site_15647,377870.0,east_test
site_15648,377870.0,east_test
site_15649,377870.0,east_test
site_15650,377870.0,east_test
site_15651,377870.0,east_test
site_15652,377870.0,east_test
site_15653,377870.0,east_test
site_15654,377870.0,east_test
site_15655,377870.0,east_test
site_15656,377870.0,east_test
site_15657,377870.0,east_test
site_15658,377870.0,east_test
site_15659,377870.0,east_test
site_15660,377870.0,east_test
site_15661,377870.0,east_test
site_15662,377870.0,east_test
site_15663,377870.0,east_test
site_15664,377870.0,east_test
site_15665,377870.0,east_test
site_15666,377870.0,east_test
site_15667,377870.0,east_test
site_15668,377870.0,east_test
site_15669,377870.0,east_test
site_15670,377870.0,east_test
site_15671,377870.0,east_test
site_15672,377870.0,east_test
site_15673,377870.0,east_test
site_15674,377870.0,east_test
site_15675,377870.0,east_test
site_15676,377870.0,east_test
site_15677,377870.0,east_test
site_15678,377870.0,east_test
site_15679,377870.0,east_test
site_15680,377870.0,east_test
site_15681,377870.0,east_test
site_15682,377870.0,east_test
site_15683,377870.0,east_test
site_15684,377870.0,east_test
site_15685,377870.0,east_test
site_15686,377870.0,east_test
site_15687,377870.0,east_test
site_15688,377870.0,east_test
site_15689,377870.0,east_test
site_15690,377870.0,east_test
site_15691,377870.0,east_test
site_15692,377870.0,east_test
site_15693,377870.0,east_test
site_15694,377870.0,east_test
site_15695,377870.0,east_test
site_15696,377870.0,east_test
site_15697,377870.0,east_test
site_15698,377870.0,east_test
site_15699,377870.0,east_test
site_15700,377970.0,east_test
site_15701,377970.0,east_test
site_15702,377970.0,east_test
site_15703,377970.0,east_test
site_15704,377970.0,east_test
site_15705,377970.0,east_test
site_15706,377970.0,east_test
site_15707,377970.0,east_test
site_15708,377970.0,east_test
site_15709,377970.0,east_test
site_15710,377970.0,east_test
site_15711,377970.0,east_test
site_15712,377970.0,east_test
site_15713,377970.0,east_test
site_15714,377970.0,east_test
site_15715,377970.0,east_test
site_15716,377970.0,east_test
site_15717,377970.0,east_test
site_15718,377970.0,east_test
site_15719,377970.0,east_test
site_15720,377970.0,east_test
site_15721,377970.0,east_test
site_15722,377970.0,east_test
site_15723,377970.0,east_test
site_15724,377970.0,east_test
site_15725,377970.0,east_test
site_15726,377970.0,east_test
site_15727,377970.0,east_test
site_15728,377970.0,east_test
site_15729,377970.0,east_test
site_15730,377970.0,east_test
site_15731,377970.0,east_test
site_15732,377970.0,east_test
site_15733,377970.0,east_test
site_15734,377970.0,east_test
site_15735,377970.0,east_test
site_15736,377970.0,east_test
site_15737,377970.0,east_test
site_15738,377970.0,east_test
site_15739,377970.0,east_test
site_15740,377970.0,east_test
site_15741,377970.0,east_test
site_15742,377970.0,east_test
site_15743,377970.0,east_test
site_15744,377970.0,east_test
site_15745,377970.0,east_test
site_15746,377970.0,east_test
site_15747,377970.0,east_test
site_15748,377970.0,east_test
site_15749,377970.0,east_test
site_15750,377970.0,east_test
site_15751,377970.0,east_test
site_15752,377970.0,east_test
site_15753,377970.0,east_test
site_15754,377970.0,east_test
site_15755,377970.0,east_test
site_15756,377970.0,east_test
site_15757,377970.0,east_test
site_15758,377970.0,east_test
site_15759,377970.0,east_test
site_15760,377970.0,east_test
site_15761,377970.0,east_test
site_15762,377970.0,east_test
site_15763,377970.0,east_test
site_15764,377970.0,east_test
site_15765,377970.0,east_test
site_15766,377970.0,east_test
site_15767,377970.0,east_test
site_15768,377970.0,east_test
site_15769,377970.0,east_test
site_15770,377970.0,east_test
site_15771,378070.0,east_test
site_15772,378070.0,east_test
site_15773,378070.0,east_test
site_15774,378070.0,east_test
site_15775,378070.0,east_test
site_15776,378070.0,east_test
site_15777,378070.0,east_test
site_15778,378070.0,east_test
site_15779,378070.0,east_test
site_15780,378070.0,east_test
site_15781,378070.0,east_test
site_15782,378070.0,east_test
site_15783,378070.0,east_test
site_15784,378070.0,east_test
site_15785,378070.0,east_test
site_15786,378070.0,east_test
site_15787,378070.0,east_test
site_15788,378070.0,east_test
site_15789,378070.0,east_test
site_15790,378070.0,east_test
site_15791,378070.0,east_test
site_15792,378070.0,east_test
site_15793,378070.0,east_test
site_15794,378070.0,east_test
site_15795,378070.0,east_test
site_15796,378070.0,east_test
site_15797,378070.0,east_test
site_15798,378070.0,east_test
site_15799,378070.0,east_test
site_15800,378070.0,east_test
site_15801,378070.0,east_test
site_15802,378070.0,east_test
site_15803,378070.0,east_test
site_15804,378070.0,east_test
site_15805,378070.0,east_test
site_15806,378070.0,east_test
site_15807,378070.0,east_test
site_15808,378070.0,east_test
site_15809,378070.0,east_test
site_15810,378070.0,east_test
site_15811,378070.0,east_test
site_15812,378070.0,east_test
site_15813,378070.0,east_test
site_15814,378070.0,east_test
site_15815,378070.0,east_test
site_15816,378070.0,east_test
site_15817,378070.0,east_test
site_15818,378070.0,east_test
site_15819,378070.0,east_test
site_15820,378070.0,east_test
site_15821,378070.0,east_test
site_15822,378070.0,east_test
site_15823,378070.0,east_test
site_15824,378070.0,east_test
site_15825,378070.0,east_test
site_15826,378070.0,east_test
site_15827,378070.0,east_test
site_15828,378070.0,east_test
site_15829,378070.0,east_test
site_15830,378070.0,east_test
site_15831,378070.0,east_test
site_15832,378070.0,east_test
site_15833,378070.0,east_test
site_15834,378070.0,east_test
site_15835,378070.0,east_test
site_15836,378070.0,east_test
site_15837,378070.0,east_test
site_15838,378070.0,east_test
site_15839,378070.0,east_test
site_15840,378070.0,east_test
site_15841,378170.0,east_test
site_15842,378170.0,east_test
site_15843,378170.0,east_test
site_15844,378170.0,east_test
site_15845,378170.0,east_test
site_15846,378170.0,east_test
site_15847,378170.0,east_test
site_15848,378170.0,east_test
site_15849,378170.0,east_test
site_15850,378170.0,east_test
site_15851,378170.0,east_test
site_15852,378170.0,east_test
site_15853,378170.0,east_test
site_15854,378170.0,east_test
site_15855,378170.0,east_test
site_15856,378170.0,east_test
site_15857,378170.0,east_test
site_15858,378170.0,east_test
site_15859,378170.0,east_test
site_15860,378170.0,east_test
site_15861,378170.0,east_test
site_15862,378170.0,east_test
site_15863,378170.0,east_test
site_15864,378170.0,east_test
site_15865,378170.0,east_test
site_15866,378170.0,east_test
site_15867,378170.0,east_test
site_15868,378170.0,east_test
site_15869,378170.0,east_test
site_15870,378170.0,east_test
site_15871,378170.0,east_test
site_15872,378170.0,east_test
site_15873,378170.0,east_test
site_15874,378170.0,east_test
site_15875,378170.0,east_test
site_15876,378170.0,east_test
site_15877,378170.0,east_test
site_15878,378170.0,east_test
site_15879,378170.0,east_test
site_15880,378170.0,east_test
site_15881,378170.0,east_test
site_15882,378170.0,east_test
site_15883,378170.0,east_test
site_15884,378170.0,east_test
site_15885,378170.0,east_test
site_15886,378170.0,east_test
site_15887,378170.0,east_test
site_15888,378170.0,east_test
site_15889,378170.0,east_test
site_15890,378170.0,east_test
site_15891,378170.0,east_test
site_15892,378170.0,east_test
site_15893,378170.0,east_test
site_15894,378170.0,east_test
site_15895,378170.0,east_test
site_15896,378170.0,east_test
site_15897,378170.0,east_test
site_15898,378170.0,east_test
site_15899,378170.0,east_test
site_15900,378170.0,east_test
site_15901,378170.0,east_test
site_15902,378170.0,east_test
site_15903,378170.0,east_test
site_15904,378170.0,east_test
site_15905,378170.0,east_test
site_15906,378170.0,east_test
site_15907,378170.0,east_test
site_15908,378170.0,east_test
site_15909,378170.0,east_test
site_15910,378170.0,east_test
site_15911,378170.0,east_test
site_15912,378270.0,east_test
site_15913,378270.0,east_test
site_15914,378270.0,east_test
site_15915,378270.0,east_test
site_15916,378270.0,east_test
site_15917,378270.0,east_test
site_15918,378270.0,east_test
site_15919,378270.0,east_test
site_15920,378270.0,east_test
site_15921,378270.0,east_test
site_15922,378270.0,east_test
site_15923,378270.0,east_test
site_15924,378270.0,east_test
site_15925,378270.0,east_test
site_15926,378270.0,east_test
site_15927,378270.0,east_test
site_15928,378270.0,east_test
site_15929,378270.0,east_test
site_15930,378270.0,east_test
site_15931,378270.0,east_test
site_15932,378270.0,east_test
site_15933,378270.0,east_test
site_15934,378270.0,east_test
site_15935,378270.0,east_test
site_15936,378270.0,east_test
site_15937,378270.0,east_test
site_15938,378270.0,east_test
site_15939,378270.0,east_test
site_15940,378270.0,east_test
site_15941,378270.0,east_test
site_15942,378270.0,east_test
site_15943,378270.0,east_test
site_15944,378270.0,east_test
site_15945,378270.0,east_test
site_15946,378270.0,east_test
site_15947,378270.0,east_test
site_15948,378270.0,east_test
site_15949,378270.0,east_test
site_15950,378270.0,east_test
site_15951,378270.0,east_test
site_15952,378270.0,east_test
site_15953,378270.0,east_test
site_15954,378270.0,east_test
site_15955,378270.0,east_test
site_15956,378270.0,east_test
site_15957,378270.0,east_test
site_15958,378270.0,east_test
site_15959,378270.0,east_test
site_15960,378270.0,east_test
site_15961,378270.0,east_test
site_15962,378270.0,east_test
site_15963,378270.0,east_test
site_15964,378270.0,east_test
site_15965,378270.0,east_test
site_15966,378270.0,east_test
site_15967,378270.0,east_test
site_15968,378270.0,east_test
site_15969,378270.0,east_test
site_15970,378270.0,east_test
site_15971,378270.0,east_test
site_15972,378270.0,east_test
site_15973,378270.0,east_test
site_15974,378270.0,east_test
site_15975,378270.0,east_test
site_15976,378270.0,east_test
site_15977,378270.0,east_test
site_15978,378270.0,east_test
site_15979,378270.0,east_test
site_15980,378270.0,east_test
site_15981,378270.0,east_test
site_15983,378370.0,east_test
site_15984,378370.0,east_test
site_15985,378370.0,east_test
site_15986,378370.0,east_test
site_15987,378370.0,east_test
site_15988,378370.0,east_test
site_15989,378370.0,east_test
site_15990,378370.0,east_test
site_15991,378370.0,east_test
site_15992,378370.0,east_test
site_15993,378370.0,east_test
site_15994,378370.0,east_test
site_15995,378370.0,east_test
site_15996,378370.0,east_test
site_15997,378370.0,east_test
site_15998,378370.0,east_test
site_15999,378370.0,east_test
site_16000,378370.0,east_test
site_16001,378370.0,east_test
site_16002,378370.0,east_test
site_16003,378370.0,east_test
site_16004,378370.0,east_test
site_16005,378370.0,east_test
site_16006,378370.0,east_test
site_16007,378370.0,east_test
site_16008,378370.0,east_test
site_16009,378370.0,east_test
site_16010,378370.0,east_test
site_16011,378370.0,east_test
site_16012,378370.0,east_test
site_16013,378370.0,east_test
site_16014,378370.0,east_test
site_16015,378370.0,east_test
site_16016,378370.0,east_test
site_16017,378370.0,east_test
site_16018,378370.0,east_test
site_16019,378370.0,east_test
site_16020,378370.0,east_test
site_16021,378370.0,east_test
site_16022,378370.0,east_test
site_16023,378370.0,east_test
site_16024,378370.0,east_test
site_16025,378370.0,east_test
site_16026,378370.0,east_test
site_16027,378370.0,east_test
site_16028,378370.0,east_test
site_16029,378370.0,east_test
site_16030,378370.0,east_test
site_16031,378370.0,east_test
site_16032,378370.0,east_test
site_16033,378370.0,east_test
site_16034,378370.0,east_test
site_16035,378370.0,east_test
site_16036,378370.0,east_test
site_16037,378370.0,east_test
site_16038,378370.0,east_test
site_16039,378370.0,east_test
site_16040,378370.0,east_test
site_16041,378370.0,east_test
site_16042,378370.0,east_test
site_16043,378370.0,east_test
site_16044,378370.0,east_test
site_16045,378370.0,east_test
site_16046,378370.0,east_test
site_16047,378370.0,east_test
site_16048,378370.0,east_test
site_16049,378370.0,east_test
site_16050,378370.0,east_test
site_16051,378370.0,east_test
site_16052,378370.0,east_test
site_16053,378470.0,east_test
site_16054,378470.0,east_test
site_16055,378470.0,east_test
site_16056,378470.0,east_test
site_16057,378470.0,east_test
site_16058,378470.0,east_test
site_16059,378470.0,east_test
site_16060,378470.0,east_test
site_16061,378470.0,east_test
site_16062,378470.0,east_test
site_16063,378470.0,east_test
site_16064,378470.0,east_test
site_16065,378470.0,east_test
site_16066,378470.0,east_test
site_16067,378470.0,east_test
site_16068,378470.0,east_test
site_16069,378470.0,east_test
site_16070,378470.0,east_test
site_16071,378470.0,east_test
site_16072,378470.0,east_test
site_16073,378470.0,east_test
site_16074,378470.0,east_test
site_16075,378470.0,east_test
site_16076,378470.0,east_test
site_16077,378470.0,east_test
site_16078,378470.0,east_test
site_16079,378470.0,east_test
site_16080,378470.0,east_test
site_16081,378470.0,east_test
site_16082,378470.0,east_test
site_16083,378470.0,east_test
site_16084,378470.0,east_test
site_16085,378470.0,east_test
site_16086,378470.0,east_test
site_16087,378470.0,east_test
site_16088,378470.0,east_test
site_16089,378470.0,east_test
site_16090,378470.0,east_test
site_16091,378470.0,east_test
site_16092,378470.0,east_test
site_16093,378470.0,east_test
site_16094,378470.0,east_test
site_16095,378470.0,east_test
site_16096,378470.0,east_test
site_16097,378470.0,east_test
site_16098,378470.0,east_test
site_16099,378470.0,east_test
site_16100,378470.0,east_test
site_16101,378470.0,east_test
site_16102,378470.0,east_test
site_16103,378470.0,east_test
site_16104,378470.0,east_test
site_16105,378470.0,east_test
site_16106,378470.0,east_test
site_16107,378470.0,east_test
site_16108,378470.0,east_test
site_16109,378470.0,east_test
site_16110,378470.0,east_test
site_16111,378470.0,east_test
site_16112,378470.0,east_test
site_16113,378470.0,east_test
site_16114,378470.0,east_test
site_16115,378470.0,east_test
site_16116,378470.0,east_test
site_16117,378470.0,east_test
site_16118,378470.0,east_test
site_16119,378470.0,east_test
site_16120,378470.0,east_test
site_16121,378470.0,east_test
site_16122,378470.0,east_test
site_16124,378570.0,east_test
site_16125,378570.0,east_test
site_16126,378570.0,east_test
site_16127,378570.0,east_test
site_16128,378570.0,east_test
site_16129,378570.0,east_test
site_16130,378570.0,east_test
site_16131,378570.0,east_test
site_16132,378570.0,east_test
site_16133,378570.0,east_test
site_16134,378570.0,east_test
site_16135,378570.0,east_test
site_16136,378570.0,east_test
site_16137,378570.0,east_test
site_16138,378570.0,east_test
site_16139,378570.0,east_test
site_16140,378570.0,east_test
site_16141,378570.0,east_test
site_16142,378570.0,east_test
site_16143,378570.0,east_test
site_16144,378570.0,east_test
site_16145,378570.0,east_test
site_16146,378570.0,east_test
site_16147,378570.0,east_test
site_16148,378570.0,east_test
site_16149,378570.0,east_test
site_16150,378570.0,east_test
site_16151,378570.0,east_test
site_16152,378570.0,east_test
site_16153,378570.0,east_test
site_16154,378570.0,east_test
site_16155,378570.0,east_test
site_16156,378570.0,east_test
site_16157,378570.0,east_test
site_16158,378570.0,east_test
site_16159,378570.0,east_test
site_16160,378570.0,east_test
site_16161,378570.0,east_test
site_16162,378570.0,east_test
site_16163,378570.0,east_test
site_16164,378570.0,east_test
site_16165,378570.0,east_test
site_16166,378570.0,east_test
site_16167,378570.0,east_test
site_16168,378570.0,east_test
site_16169,378570.0,east_test
site_16170,378570.0,east_test
site_16171,378570.0,east_test
site_16172,378570.0,east_test
site_16173,378570.0,east_test
site_16174,378570.0,east_test
site_16175,378570.0,east_test
site_16176,378570.0,east_test
site_16177,378570.0,east_test
site_16178,378570.0,east_test
site_16179,378570.0,east_test
site_16180,378570.0,east_test
site_16181,378570.0,east_test
site_16182,378570.0,east_test
site_16183,378570.0,east_test
site_16184,378570.0,east_test
site_16185,378570.0,east_test
site_16186,378570.0,east_test
site_16187,378570.0,east_test
site_16188,378570.0,east_test
site_16189,378570.0,east_test
site_16190,378570.0,east_test
site_16191,378570.0,east_test
site_16192,378670.0,east_test
site_16193,378670.0,east_test
site_16194,378670.0,east_test
site_16195,378670.0,east_test
site_16196,378670.0,east_test
site_16197,378670.0,east_test
site_16198,378670.0,east_test
site_16199,378670.0,east_test
site_16200,378670.0,east_test
site_16201,378670.0,east_test
site_16202,378670.0,east_test
site_16203,378670.0,east_test
site_16204,378670.0,east_test
site_16205,378670.0,east_test
site_16206,378670.0,east_test
site_16207,378670.0,east_test
site_16208,378670.0,east_test
site_16209,378670.0,east_test
site_16210,378670.0,east_test
site_16211,378670.0,east_test
site_16212,378670.0,east_test
site_16213,378670.0,east_test
site_16214,378670.0,east_test
site_16215,378670.0,east_test
site_16216,378670.0,east_test
site_16217,378670.0,east_test
site_16218,378670.0,east_test
site_16219,378670.0,east_test
site_16220,378670.0,east_test
site_16221,378670.0,east_test
site_16222,378670.0,east_test
site_16223,378670.0,east_test
site_16224,378670.0,east_test
site_16225,378670.0,east_test
site_16226,378670.0,east_test
site_16227,378670.0,east_test
site_16228,378670.0,east_test
site_16229,378670.0,east_test
site_16230,378670.0,east_test
site_16231,378670.0,east_test
site_16232,378670.0,east_test
site_16233,378670.0,east_test
site_16234,378670.0,east_test
site_16235,378670.0,east_test
site_16236,378670.0,east_test
site_16237,378670.0,east_test
site_16238,378670.0,east_test
site_16239,378670.0,east_test
site_16240,378670.0,east_test
site_16241,378670.0,east_test
site_16242,378670.0,east_test
site_16243,378670.0,east_test
site_16244,378670.0,east_test
site_16245,378670.0,east_test
site_16246,378670.0,east_test
site_16247,378670.0,east_test
site_16248,378670.0,east_test
site_16249,378670.0,east_test
site_16250,378670.0,east_test
site_16251,378670.0,east_test
site_16252,378670.0,east_test
site_16253,378670.0,east_test
site_16254,378670.0,east_test
site_16255,378670.0,east_test
site_16256,378670.0,east_test
site_16257,378670.0,east_test
site_16258,378670.0,east_test
site_16259,378770.0,east_test
site_16260,378770.0,east_test
site_16261,378770.0,east_test
site_16262,378770.0,east_test
site_16263,378770.0,east_test
site_16264,378770.0,east_test
site_16265,378770.0,east_test
site_16266,378770.0,east_test
site_16267,378770.0,east_test
site_16268,378770.0,east_test
site_16269,378770.0,east_test
site_16270,378770.0,east_test
site_16271,378770.0,east_test
site_16272,378770.0,east_test
site_16273,378770.0,east_test
site_16274,378770.0,east_test
site_16275,378770.0,east_test
site_16276,378770.0,east_test
site_16277,378770.0,east_test
site_16278,378770.0,east_test
site_16279,378770.0,east_test
site_16280,378770.0,east_test
site_16281,378770.0,east_test
site_16282,378770.0,east_test
site_16283,378770.0,east_test
site_16284,378770.0,east_test
site_16285,378770.0,east_test
site_16286,378770.0,east_test
site_16287,378770.0,east_test
site_16288,378770.0,east_test
site_16289,378770.0,east_test
site_16290,378770.0,east_test
site_16291,378770.0,east_test
site_16292,378770.0,east_test
site_16293,378770.0,east_test
site_16294,378770.0,east_test
site_16295,378770.0,east_test
site_16296,378770.0,east_test
site_16297,378770.0,east_test
site_16298,378770.0,east_test
site_16299,378770.0,east_test
site_16300,378770.0,east_test
site_16301,378770.0,east_test
site_16302,378770.0,east_test
site_16303,378770.0,east_test
site_16304,378770.0,east_test
site_16305,378770.0,east_test
site_16306,378770.0,east_test
site_16307,378770.0,east_test
site_16308,378770.0,east_test
site_16309,378770.0,east_test
site_16310,378770.0,east_test
site_16311,378770.0,east_test
site_16312,378770.0,east_test
site_16315,378770.0,east_test
site_16316,378770.0,east_test
site_16317,378770.0,east_test
site_16318,378770.0,east_test
site_16319,378770.0,east_test
site_16320,378770.0,east_test
site_16321,378770.0,east_test
site_16322,378870.0,east_test
site_16323,378870.0,east_test
site_16324,378870.0,east_test
site_16325,378870.0,east_test
site_16326,378870.0,east_test
site_16327,378870.0,east_test
site_16328,378870.0,east_test
site_16329,378870.0,east_test
site_16330,378870.0,east_test
site_16331,378870.0,east_test
site_16332,378870.0,east_test
site_16333,378870.0,east_test
site_16334,378870.0,east_test
site_16335,378870.0,east_test
site_16336,378870.0,east_test
site_16337,378870.0,east_test
site_16338,378870.0,east_test
site_16339,378870.0,east_test
site_16340,378870.0,east_test
site_16341,378870.0,east_test
site_16342,378870.0,east_test
site_16343,378870.0,east_test
site_16344,378870.0,east_test
site_16345,378870.0,east_test
site_16346,378870.0,east_test
site_16347,378870.0,east_test
site_16348,378870.0,east_test
site_16349,378870.0,east_test
site_16350,378870.0,east_test
site_16351,378870.0,east_test
site_16352,378870.0,east_test
site_16353,378870.0,east_test
site_16354,378870.0,east_test
site_16355,378870.0,east_test
site_16356,378870.0,east_test
site_16357,378870.0,east_test
site_16358,378870.0,east_test
site_16359,378870.0,east_test
site_16360,378870.0,east_test
site_16361,378870.0,east_test
site_16362,378870.0,east_test
site_16363,378870.0,east_test
site_16364,378870.0,east_test
site_16365,378870.0,east_test
site_16366,378870.0,east_test
site_16367,378870.0,east_test
site_16368,378870.0,east_test
site_16369,378870.0,east_test
site_16370,378870.0,east_test
site_16371,378870.0,east_test
site_16372,378870.0,east_test
site_16373,378870.0,east_test
site_16375,378870.0,east_test
site_16376,378870.0,east_test
site_16377,378870.0,east_test
site_16378,378870.0,east_test
site_16379,378870.0,east_test
site_16380,378870.0,east_test
site_16381,378870.0,east_test
site_16382,378870.0,east_test
site_16383,378870.0,east_test
site_16384,378970.0,east_test
site_16385,378970.0,east_test
site_16386,378970.0,east_test
site_16387,378970.0,east_test
site_16388,378970.0,east_test
site_16389,378970.0,east_test
site_16390,378970.0,east_test
site_16391,378970.0,east_test
site_16392,378970.0,east_test
site_16393,378970.0,east_test
site_16394,378970.0,east_test
site_16395,378970.0,east_test
site_16396,378970.0,east_test
site_16397,378970.0,east_test
site_16398,378970.0,east_test
site_16399,378970.0,east_test
site_16400,378970.0,east_test
site_16401,378970.0,east_test
site_16402,378970.0,east_test
site_16403,378970.0,east_test
site_16404,378970.0,east_test
site_16405,378970.0,east_test
site_16406,378970.0,east_test
site_16407,378970.0,east_test
site_16408,378970.0,east_test
site_16409,378970.0,east_test
site_16410,378970.0,east_test
site_16411,378970.0,east_test
site_16412,378970.0,east_test
site_16413,378970.0,east_test
site_16414,378970.0,east_test
site_16415,378970.0,east_test
site_16416,378970.0,east_test
site_16417,378970.0,east_test
site_16418,378970.0,east_test
site_16419,378970.0,east_test
site_16420,378970.0,east_test
site_16421,378970.0,east_test
site_16422,378970.0,east_test
site_16423,378970.0,east_test
site_16424,378970.0,east_test
site_16425,378970.0,east_test
site_16426,378970.0,east_test
site_16427,378970.0,east_test
site_16428,378970.0,east_test
site_16429,378970.0,east_test
site_16430,378970.0,east_test
site_16431,378970.0,east_test
site_16432,378970.0,east_test
site_16433,378970.0,east_test
site_16434,378970.0,east_test
site_16435,378970.0,east_test
site_16436,378970.0,east_test
site_16437,378970.0,east_test
site_16438,378970.0,east_test
site_16439,378970.0,east_test
site_16440,378970.0,east_test
site_16441,378970.0,east_test
site_16442,378970.0,east_test
site_16443,378970.0,east_test
site_16444,379070.0,east_test
site_16445,379070.0,east_test
site_16446,379070.0,east_test
site_16447,379070.0,east_test
site_16448,379070.0,east_test
site_16449,379070.0,east_test
site_16450,379070.0,east_test
site_16451,379070.0,east_test
site_16452,379070.0,east_test
site_16453,379070.0,east_test
site_16454,379070.0,east_test
site_16455,379070.0,east_test
site_16456,379070.0,east_test
site_16457,379070.0,east_test
site_16458,379070.0,east_test
site_16459,379070.0,east_test
site_16460,379070.0,east_test
site_16461,379070.0,east_test
site_16462,379070.0,east_test
site_16463,379070.0,east_test
site_16464,379070.0,east_test
site_16465,379070.0,east_test
site_16466,379070.0,east_test
site_16467,379070.0,east_test
site_16468,379070.0,east_test
site_16469,379070.0,east_test
site_16470,379070.0,east_test
site_16471,379070.0,east_test
site_16472,379070.0,east_test
site_16473,379070.0,east_test
site_16474,379070.0,east_test
site_16475,379070.0,east_test
site_16476,379070.0,east_test
site_16477,379070.0,east_test
site_16478,379070.0,east_test
site_16479,379070.0,east_test
site_16480,379070.0,east_test
site_16481,379070.0,east_test
site_16482,379070.0,east_test
site_16483,379070.0,east_test
site_16484,379070.0,east_test
site_16485,379070.0,east_test
site_16486,379070.0,east_test
site_16487,379070.0,east_test
site_16488,379070.0,east_test
site_16489,379070.0,east_test
site_16490,379070.0,east_test
site_16491,379070.0,east_test
site_16492,379070.0,east_test
site_16493,379070.0,east_test
site_16494,379070.0,east_test
site_16495,379070.0,east_test
site_16496,379070.0,east_test
site_16497,379070.0,east_test
site_16498,379070.0,east_test
site_16499,379070.0,east_test
site_16500,379070.0,east_test
site_16501,379070.0,east_test
site_16502,379070.0,east_test
site_16503,379070.0,east_test
site_16504,379170.0,east_test
site_16505,379170.0,east_test
site_16506,379170.0,east_test
site_16507,379170.0,east_test
site_16508,379170.0,east_test
site_16509,379170.0,east_test
site_16510,379170.0,east_test
site_16511,379170.0,east_test
site_16512,379170.0,east_test
site_16513,379170.0,east_test
site_16514,379170.0,east_test
site_16515,379170.0,east_test
site_16516,379170.0,east_test
site_16517,379170.0,east_test
site_16518,379170.0,east_test
site_16519,379170.0,east_test
site_16520,379170.0,east_test
site_16521,379170.0,east_test
site_16522,379170.0,east_test
site_16523,379170.0,east_test
site_16524,379170.0,east_test
site_16525,379170.0,east_test
site_16526,379170.0,east_test
site_16527,379170.0,east_test
site_16528,379170.0,east_test
site_16529,379170.0,east_test
site_16530,379170.0,east_test
site_16531,379170.0,east_test
site_16532,379170.0,east_test
site_16533,379170.0,east_test
site_16534,379170.0,east_test
site_16535,379170.0,east_test
site_16536,379170.0,east_test
site_16537,379170.0,east_test
site_16538,379170.0,east_test
site_16539,379170.0,east_test
site_16540,379170.0,east_test
site_16541,379170.0,east_test
site_16542,379170.0,east_test
site_16543,379170.0,east_test
site_16544,379170.0,east_test
site_16545,379170.0,east_test
site_16546,379170.0,east_test
site_16547,379170.0,east_test
site_16548,379170.0,east_test
site_16549,379170.0,east_test
site_16550,379170.0,east_test
site_16551,379170.0,east_test
site_16552,379170.0,east_test
site_16553,379170.0,east_test
site_16554,379170.0,east_test
site_16555,379170.0,east_test
site_16556,379170.0,east_test
site_16557,379170.0,east_test
site_16558,379170.0,east_test
site_16559,379170.0,east_test
site_16560,379170.0,east_test
site_16561,379170.0,east_test
site_16562,379270.0,east_test
site_16563,379270.0,east_test
site_16564,379270.0,east_test
site_16565,379270.0,east_test
site_16566,379270.0,east_test
site_16567,379270.0,east_test
site_16568,379270.0,east_test
site_16569,379270.0,east_test
site_16570,379270.0,east_test
site_16571,379270.0,east_test
site_16572,379270.0,east_test
site_16573,379270.0,east_test
site_16574,379270.0,east_test
site_16575,379270.0,east_test
site_16576,379270.0,east_test
site_16577,379270.0,east_test
site_16578,379270.0,east_test
site_16579,379270.0,east_test
site_16580,379270.0,east_test
site_16581,379270.0,east_test
site_16582,379270.0,east_test
site_16583,379270.0,east_test
site_16584,379270.0,east_test
site_16585,379270.0,east_test
site_16586,379270.0,east_test
site_16587,379270.0,east_test
site_16588,379270.0,east_test
site_16589,379270.0,east_test
site_16590,379270.0,east_test
site_16591,379270.0,east_test
site_16592,379270.0,east_test
site_16593,379270.0,east_test
site_16594,379270.0,east_test
site_16595,379270.0,east_test
site_16596,379270.0,east_test
site_16597,379270.0,east_test
site_16598,379270.0,east_test
site_16599,379270.0,east_test
site_16600,379270.0,east_test
site_16601,379270.0,east_test
site_16602,379270.0,east_test
site_16603,379270.0,east_test
site_16604,379270.0,east_test
site_16605,379270.0,east_test
site_16606,379270.0,east_test
site_16607,379270.0,east_test
site_16608,379270.0,east_test
site_16609,379270.0,east_test
site_16610,379270.0,east_test
site_16611,379270.0,east_test
site_16612,379270.0,east_test
site_16613,379270.0,east_test
site_16614,379270.0,east_test
site_16615,379270.0,east_test
site_16616,379270.0,east_test
site_16617,379270.0,east_test
site_16618,379270.0,east_test
site_16619,379270.0,east_test
site_16620,379270.0,east_test
site_16621,379270.0,east_test
site_16622,379370.0,east_test
site_16623,379370.0,east_test
site_16624,379370.0,east_test
site_16625,379370.0,east_test
site_16626,379370.0,east_test
site_16627,379370.0,east_test
site_16628,379370.0,east_test
site_16629,379370.0,east_test
site_16630,379370.0,east_test
site_16631,379370.0,east_test
site_16632,379370.0,east_test
site_16633,379370.0,east_test
site_16634,379370.0,east_test
site_16635,379370.0,east_test
site_16636,379370.0,east_test
site_16637,379370.0,east_test
site_16638,379370.0,east_test
site_16639,379370.0,east_test
site_16640,379370.0,east_test
site_16641,379370.0,east_test
site_16642,379370.0,east_test
site_16643,379370.0,east_test
site_16644,379370.0,east_test
site_16645,379370.0,east_test
site_16646,379370.0,east_test
site_16647,379370.0,east_test
site_16648,379370.0,east_test
site_16649,379370.0,east_test
site_16650,379370.0,east_test
site_16651,379370.0,east_test
site_16652,379370.0,east_test
site_16653,379370.0,east_test
site_16654,379370.0,east_test
site_16655,379370.0,east_test
site_16656,379370.0,east_test
site_16657,379370.0,east_test
site_16658,379370.0,east_test
site_16659,379370.0,east_test
site_16660,379370.0,east_test
site_16661,379370.0,east_test
site_16662,379370.0,east_test
site_16663,379370.0,east_test
site_16664,379370.0,east_test
site_16665,379370.0,east_test
site_16666,379370.0,east_test
site_16667,379370.0,east_test
site_16668,379370.0,east_test
site_16669,379370.0,east_test
site_16670,379370.0,east_test
site_16671,379370.0,east_test
site_16672,379370.0,east_test
site_16673,379370.0,east_test
site_16674,379370.0,east_test
site_16675,379370.0,east_test
site_16676,379370.0,east_test
site_16677,379370.0,east_test
site_16678,379370.0,east_test
site_16679,379370.0,east_test
site_16680,379370.0,east_test
site_16681,379370.0,east_test
site_16683,379470.0,east_test
site_16684,379470.0,east_test
site_16685,379470.0,east_test
site_16686,379470.0,east_test
site_16687,379470.0,east_test
site_16688,379470.0,east_test
site_16689,379470.0,east_test
site_16690,379470.0,east_test
site_16691,379470.0,east_test
site_16692,379470.0,east_test
site_16693,379470.0,east_test
site_16694,379470.0,east_test
site_16695,379470.0,east_test
site_16696,379470.0,east_test
site_16697,379470.0,east_test
site_16698,379470.0,east_test
site_16699,379470.0,east_test
site_16700,379470.0,east_test
site_16701,379470.0,east_test
site_16702,379470.0,east_test
site_16703,379470.0,east_test
site_16704,379470.0,east_test
site_16705,379470.0,east_test
site_16706,379470.0,east_test
site_16707,379470.0,east_test
site_16709,379470.0,east_test
site_16710,379470.0,east_test
site_16711,379470.0,east_test
site_16712,379470.0,east_test
site_16713,379470.0,east_test
site_16714,379470.0,east_test
site_16715,379470.0,east_test
site_16716,379470.0,east_test
site_16717,379470.0,east_test
site_16718,379470.0,east_test
site_16719,379470.0,east_test
site_16720,379470.0,east_test
site_16721,379470.0,east_test
site_16722,379470.0,east_test
site_16723,379470.0,east_test
site_16724,379470.0,east_test
site_16725,379470.0,east_test
site_16726,379470.0,east_test
site_16727,379470.0,east_test
site_16728,379470.0,east_test
site_16729,379470.0,east_test
site_16730,379470.0,east_test
site_16731,379470.0,east_test
site_16732,379470.0,east_test
site_16733,379470.0,east_test
site_16734,379470.0,east_test
site_16735,379470.0,east_test
site_16736,379470.0,east_test
site_16737,379470.0,east_test
site_16738,379470.0,east_test
site_16739,379470.0,east_test
site_16740,379470.0,east_test
site_16741,379470.0,east_test
site_16742,379470.0,east_test
site_16743,379470.0,east_test
site_16744,379470.0,east_test
site_16745,379570.0,east_test
site_16746,379570.0,east_test
site_16747,379570.0,east_test
site_16748,379570.0,east_test
site_16749,379570.0,east_test
site_16750,379570.0,east_test
site_16751,379570.0,east_test
site_16752,379570.0,east_test
site_16753,379570.0,east_test
site_16754,379570.0,east_test
site_16755,379570.0,east_test
site_16756,379570.0,east_test
site_16757,379570.0,east_test
site_16758,379570.0,east_test
site_16759,379570.0,east_test
site_16760,379570.0,east_test
site_16761,379570.0,east_test
site_16762,379570.0,east_test
site_16763,379570.0,east_test
site_16764,379570.0,east_test
site_16765,379570.0,east_test
site_16766,379570.0,east_test
site_16767,379570.0,east_test
site_16768,379570.0,east_test
site_16769,379570.0,east_test
site_16770,379570.0,east_test
site_16771,379570.0,east_test
site_16772,379570.0,east_test
site_16773,379570.0,east_test
site_16774,379570.0,east_test
site_16775,379570.0,east_test
site_16776,379570.0,east_test
site_16777,379570.0,east_test
site_16778,379570.0,east_test
site_16779,379570.0,east_test
site_16780,379570.0,east_test
site_16781,379570.0,east_test
site_16782,379570.0,east_test
site_16783,379570.0,east_test
site_16784,379570.0,east_test
site_16785,379570.0,east_test
site_16786,379570.0,east_test
site_16787,379570.0,east_test
site_16788,379570.0,east_test
site_16789,379570.0,east_test
site_16790,379570.0,east_test
site_16791,379570.0,east_test
site_16792,379570.0,east_test
site_16793,379570.0,east_test
site_16794,379570.0,east_test
site_16795,379570.0,east_test
site_16796,379570.0,east_test
site_16797,379570.0,east_test
site_16798,379570.0,east_test
site_16799,379570.0,east_test
site_16800,379570.0,east_test
site_16801,379570.0,east_test
site_16802,379570.0,east_test
site_16803,379570.0,east_test
site_16804,379570.0,east_test
site_16805,379570.0,east_test
site_16807,379670.0,east_test
site_16808,379670.0,east_test
site_16809,379670.0,east_test
site_16810,379670.0,east_test
site_16811,379670.0,east_test
site_16812,379670.0,east_test
site_16813,379670.0,east_test
site_16814,379670.0,east_test
site_16815,379670.0,east_test
site_16816,379670.0,east_test
site_16817,379670.0,east_test
site_16818,379670.0,east_test
site_16819,379670.0,east_test
site_16820,379670.0,east_test
site_16821,379670.0,east_test
site_16822,379670.0,east_test
site_16823,379670.0,east_test
site_16824,379670.0,east_test
site_16825,379670.0,east_test
site_16826,379670.0,east_test
site_16827,379670.0,east_test
site_16828,379670.0,east_test
site_16829,379670.0,east_test
site_16830,379670.0,east_test
site_16831,379670.0,east_test
site_16832,379670.0,east_test
site_16833,379670.0,east_test
site_16834,379670.0,east_test
site_16835,379670.0,east_test
site_16836,379670.0,east_test
site_16837,379670.0,east_test
site_16838,379670.0,east_test
site_16839,379670.0,east_test
site_16840,379670.0,east_test
site_16841,379670.0,east_test
site_16842,379670.0,east_test
site_16843,379670.0,east_test
site_16844,379670.0,east_test
site_16845,379670.0,east_test
site_16846,379670.0,east_test
site_16847,379670.0,east_test
site_16848,379670.0,east_test
site_16849,379670.0,east_test
site_16850,379670.0,east_test
site_16851,379670.0,east_test
site_16852,379670.0,east_test
site_16853,379670.0,east_test
site_16854,379670.0,east_test
site_16855,379670.0,east_test
site_16856,379670.0,east_test
site_16857,379670.0,east_test
site_16858,379670.0,east_test
site_16859,379670.0,east_test
site_16860,379670.0,east_test
site_16861,379670.0,east_test
site_16862,379670.0,east_test
site_16863,379670.0,east_test
site_16864,379670.0,east_test
site_16865,379670.0,east_test
site_16866,379770.0,east_test
site_16867,379770.0,east_test
site_16868,379770.0,east_test
site_16869,379770.0,east_test
site_16870,379770.0,east_test
site_16871,379770.0,east_test
site_16872,379770.0,east_test
site_16873,379770.0,east_test
site_16874,379770.0,east_test
site_16875,379770.0,east_test
site_16876,379770.0,east_test
site_16877,379770.0,east_test
site_16878,379770.0,east_test
site_16879,379770.0,east_test
site_16880,379770.0,east_test
site_16881,379770.0,east_test
site_16882,379770.0,east_test
site_16883,379770.0,east_test
site_16884,379770.0,east_test
site_16885,379770.0,east_test
site_16886,379770.0,east_test
site_16887,379770.0,east_test
site_16888,379770.0,east_test
site_16889,379770.0,east_test
site_16890,379770.0,east_test
site_16891,379770.0,east_test
site_16892,379770.0,east_test
site_16893,379770.0,east_test
site_16894,379770.0,east_test
site_16895,379770.0,east_test
site_16896,379770.0,east_test
site_16897,379770.0,east_test
site_16898,379770.0,east_test
site_16899,379770.0,east_test
site_16900,379770.0,east_test
site_16901,379770.0,east_test
site_16902,379770.0,east_test
site_16903,379770.0,east_test
site_16904,379770.0,east_test
site_16905,379770.0,east_test
site_16906,379770.0,east_test
site_16907,379770.0,east_test
site_16908,379770.0,east_test
site_16909,379770.0,east_test
site_16910,379770.0,east_test
site_16911,379770.0,east_test
site_16912,379770.0,east_test
site_16913,379770.0,east_test
site_16914,379770.0,east_test
site_16915,379770.0,east_test
site_16916,379770.0,east_test
site_16917,379770.0,east_test
site_16918,379770.0,east_test
site_16919,379770.0,east_test
site_16920,379770.0,east_test
site_16921,379770.0,east_test
site_16922,379770.0,east_test
site_16923,379870.0,east_test
site_16924,379870.0,east_test
site_16925,379870.0,east_test
site_16926,379870.0,east_test
site_16927,379870.0,east_test
site_16928,379870.0,east_test
site_16929,379870.0,east_test
site_16930,379870.0,east_test
site_16931,379870.0,east_test
site_16932,379870.0,east_test
site_16933,379870.0,east_test
site_16934,379870.0,east_test
site_16935,379870.0,east_test
site_16936,379870.0,east_test
site_16937,379870.0,east_test
site_16938,379870.0,east_test
site_16939,379870.0,east_test
site_16940,379870.0,east_test
site_16941,379870.0,east_test
site_16942,379870.0,east_test
site_16943,379870.0,east_test
site_16944,379870.0,east_test
site_16945,379870.0,east_test
site_16946,379870.0,east_test
site_16947,379870.0,east_test
site_16948,379870.0,east_test
site_16949,379870.0,east_test
site_16950,379870.0,east_test
site_16951,379870.0,east_test
site_16952,379870.0,east_test
site_16953,379870.0,east_test
site_16954,379870.0,east_test
site_16955,379870.0,east_test
site_16956,379870.0,east_test
site_16957,379870.0,east_test
site_16958,379870.0,east_test
site_16959,379870.0,east_test
site_16960,379870.0,east_test
site_16961,379870.0,east_test
site_16962,379870.0,east_test
site_16963,379870.0,east_test
site_16964,379870.0,east_test
site_16965,379870.0,east_test
site_16966,379870.0,east_test
site_16967,379870.0,east_test
site_16968,379870.0,east_test
site_16969,379870.0,east_test
site_16970,379870.0,east_test
site_16971,379870.0,east_test
site_16972,379870.0,east_test
site_16973,379870.0,east_test
site_16974,379870.0,east_test
site_16975,379870.0,east_test
site_16976,379870.0,east_test
site_16978,379870.0,east_test
site_16979,379970.0,east_test
site_16980,379970.0,east_test
site_16981,379970.0,east_test
site_16982,379970.0,east_test
site_16983,379970.0,east_test
site_16984,379970.0,east_test
site_16985,379970.0,east_test
site_16986,379970.0,east_test
site_16987,379970.0,east_test
site_16988,379970.0,east_test
site_16989,379970.0,east_test
site_16990,379970.0,east_test
site_16991,379970.0,east_test
site_16992,379970.0,east_test
site_16993,379970.0,east_test
site_16994,379970.0,east_test
site_16995,379970.0,east_test
site_16996,379970.0,east_test
site_16997,379970.0,east_test
site_16998,379970.0,east_test
site_16999,379970.0,east_test
site_17000,379970.0,east_test
site_17001,379970.0,east_test
site_17003,379970.0,east_test
site_17004,379970.0,east_test
site_17005,379970.0,east_test
site_17006,379970.0,east_test
site_17007,379970.0,east_test
site_17008,379970.0,east_test
site_17009,379970.0,east_test
site_17010,379970.0,east_test
site_17011,379970.0,east_test
site_17012,379970.0,east_test
site_17013,379970.0,east_test
site_17014,379970.0,east_test
site_17015,379970.0,east_test
site_17016,379970.0,east_test
site_17017,379970.0,east_test
site_17018,379970.0,east_test
site_17019,379970.0,east_test
site_17020,379970.0,east_test
site_17021,379970.0,east_test
site_17022,379970.0,east_test
site_17023,379970.0,east_test
site_17024,379970.0,east_test
site_17025,379970.0,east_test
site_17026,379970.0,east_test
site_17027,379970.0,east_test
site_17028,379970.0,east_test
site_17029,379970.0,east_test
site_17030,379970.0,east_test
site_17031,379970.0,east_test
site_17032,379970.0,east_test
site_17033,379970.0,east_test
site_17034,380070.0,east_test
site_17035,380070.0,east_test
site_17036,380070.0,east_test
site_17037,380070.0,east_test
site_17038,380070.0,east_test
site_17039,380070.0,east_test
site_17040,380070.0,east_test
site_17041,380070.0,east_test
site_17042,380070.0,east_test
site_17043,380070.0,east_test
site_17044,380070.0,east_test
site_17045,380070.0,east_test
site_17046,380070.0,east_test
site_17047,380070.0,east_test
site_17048,380070.0,east_test
site_17049,380070.0,east_test
site_17050,380070.0,east_test
site_17051,380070.0,east_test
site_17052,380070.0,east_test
site_17053,380070.0,east_test
site_17054,380070.0,east_test
site_17055,380070.0,east_test
site_17056,380070.0,east_test
site_17057,380070.0,east_test
site_17058,380070.0,east_test
site_17059,380070.0,east_test
site_17060,380070.0,east_test
site_17061,380070.0,east_test
site_17062,380070.0,east_test
site_17063,380070.0,east_test
site_17064,380070.0,east_test
site_17065,380070.0,east_test
site_17066,380070.0,east_test
site_17067,380070.0,east_test
site_17068,380070.0,east_test
site_17069,380070.0,east_test
site_17070,380070.0,east_test
site_17071,380070.0,east_test
site_17072,380070.0,east_test
site_17073,380070.0,east_test
site_17074,380070.0,east_test
site_17075,380070.0,east_test
site_17076,380070.0,east_test
site_17077,380070.0,east_test
site_17078,380070.0,east_test
site_17079,380070.0,east_test
site_17080,380070.0,east_test
site_17081,380070.0,east_test
site_17082,380070.0,east_test
site_17083,380070.0,east_test
site_17084,380170.0,east_test
site_17085,380170.0,east_test
site_17086,380170.0,east_test
site_17087,380170.0,east_test
site_17088,380170.0,east_test
site_17089,380170.0,east_test
site_17090,380170.0,east_test
site_17091,380170.0,east_test
site_17092,380170.0,east_test
site_17093,380170.0,east_test
site_17094,380170.0,east_test
site_17095,380170.0,east_test
site_17096,380170.0,east_test
site_17097,380170.0,east_test
site_17098,380170.0,east_test
site_17099,380170.0,east_test
site_17100,380170.0,east_test
site_17101,380170.0,east_test
site_17102,380170.0,east_test
site_17103,380170.0,east_test
site_17104,380170.0,east_test
site_17105,380170.0,east_test
site_17107,380170.0,east_test
site_17108,380170.0,east_test
site_17109,380170.0,east_test
site_17110,380170.0,east_test
site_17111,380170.0,east_test
site_17112,380170.0,east_test
site_17113,380170.0,east_test
site_17114,380170.0,east_test
site_17115,380170.0,east_test
site_17116,380170.0,east_test
site_17117,380170.0,east_test
site_17118,380170.0,east_test
site_17119,380170.0,east_test
site_17120,380170.0,east_test
site_17121,380170.0,east_test
site_17122,380170.0,east_test
site_17123,380170.0,east_test
site_17124,380170.0,east_test
site_17125,380170.0,east_test
site_17126,380170.0,east_test
site_17127,380170.0,east_test
site_17128,380170.0,east_test
site_17129,380170.0,east_test
site_17130,380170.0,east_test
site_17131,380170.0,east_test
site_17133,380270.0,east_test
site_17134,380270.0,east_test
site_17135,380270.0,east_test
site_17136,380270.0,east_test
site_17137,380270.0,east_test
site_17138,380270.0,east_test
site_17139,380270.0,east_test
site_17140,380270.0,east_test
site_17141,380270.0,east_test
site_17142,380270.0,east_test
site_17143,380270.0,east_test
site_17144,380270.0,east_test
site_17145,380270.0,east_test
site_17146,380270.0,east_test
site_17147,380270.0,east_test
site_17148,380270.0,east_test
site_17149,380270.0,east_test
site_17150,380270.0,east_test
site_17151,380270.0,east_test
site_17152,380270.0,east_test
site_17153,380270.0,east_test
site_17154,380270.0,east_test
site_17155,380270.0,east_test
site_17156,380270.0,east_test
site_17157,380270.0,east_test
site_17158,380270.0,east_test
site_17159,380270.0,east_test
site_17160,380270.0,east_test
site_17161,380270.0,east_test
site_17162,380270.0,east_test
site_17163,380270.0,east_test
site_17164,380270.0,east_test
site_17165,380270.0,east_test
site_17166,380270.0,east_test
site_17167,380270.0,east_test
site_17168,380270.0,east_test
site_17169,380270.0,east_test
site_17170,380270.0,east_test
site_17171,380270.0,east_test
site_17172,380270.0,east_test
site_17173,380270.0,east_test
site_17174,380270.0,east_test
site_17175,380270.0,east_test
site_17176,380270.0,east_test
site_17177,380270.0,east_test
site_17178,380270.0,east_test
site_17179,380270.0,east_test
site_17180,380270.0,east_test
site_17181,380270.0,east_test
site_17182,380370.0,east_test
site_17183,380370.0,east_test
site_17184,380370.0,east_test
site_17185,380370.0,east_test
site_17186,380370.0,east_test
site_17187,380370.0,east_test
site_17188,380370.0,east_test
site_17189,380370.0,east_test
site_17190,380370.0,east_test
site_17191,380370.0,east_test
site_17192,380370.0,east_test
site_17193,380370.0,east_test
site_17194,380370.0,east_test
site_17195,380370.0,east_test
site_17196,380370.0,east_test
site_17197,380370.0,east_test
site_17198,380370.0,east_test
site_17199,380370.0,east_test
site_17200,380370.0,east_test
site_17201,380370.0,east_test
site_17202,380370.0,east_test
site_17203,380370.0,east_test
site_17204,380370.0,east_test
site_17205,380370.0,east_test
site_17206,380370.0,east_test
site_17207,380370.0,east_test
site_17208,380370.0,east_test
site_17209,380370.0,east_test
site_17210,380370.0,east_test
site_17211,380370.0,east_test
site_17212,380370.0,east_test
site_17213,380370.0,east_test
site_17214,380370.0,east_test
site_17215,380370.0,east_test
site_17216,380370.0,east_test
site_17217,380370.0,east_test
site_17218,380370.0,east_test
site_17219,380370.0,east_test
site_17220,380370.0,east_test
site_17221,380370.0,east_test
site_17222,380370.0,east_test
site_17223,380370.0,east_test
site_17224,380370.0,east_test
site_17225,380370.0,east_test
site_17226,380370.0,east_test
site_17227,380370.0,east_test
site_17228,380370.0,east_test
site_17229,380370.0,east_test
site_17230,380370.0,east_test
site_17231,380370.0,east_test
site_17232,380370.0,east_test
site_17233,380370.0,east_test
site_17234,380470.0,east_test
site_17235,380470.0,east_test
site_17236,380470.0,east_test
site_17237,380470.0,east_test
site_17238,380470.0,east_test
site_17239,380470.0,east_test
site_17240,380470.0,east_test
site_17241,380470.0,east_test
site_17242,380470.0,east_test
site_17243,380470.0,east_test
site_17244,380470.0,east_test
site_17245,380470.0,east_test
site_17246,380470.0,east_test
site_17247,380470.0,east_test
site_17248,380470.0,east_test
site_17249,380470.0,east_test
site_17250,380470.0,east_test
site_17251,380470.0,east_test
site_17252,380470.0,east_test
site_17253,380470.0,east_test
site_17254,380470.0,east_test
site_17255,380470.0,east_test
site_17256,380470.0,east_test
site_17257,380470.0,east_test
site_17258,380470.0,east_test
site_17259,380470.0,east_test
site_17260,380470.0,east_test
site_17261,380470.0,east_test
site_17262,380470.0,east_test
site_17263,380470.0,east_test
site_17264,380470.0,east_test
site_17265,380470.0,east_test
site_17266,380470.0,east_test
site_17267,380470.0,east_test
site_17268,380470.0,east_test
site_17269,380470.0,east_test
site_17270,380470.0,east_test
site_17271,380470.0,east_test
site_17272,380470.0,east_test
site_17273,380470.0,east_test
site_17274,380470.0,east_test
site_17275,380470.0,east_test
site_17276,380470.0,east_test
site_17277,380470.0,east_test
site_17278,380470.0,east_test
site_17279,380470.0,east_test
site_17280,380470.0,east_test
site_17281,380470.0,east_test
site_17282,380470.0,east_test
site_17283,380470.0,east_test
site_17284,380470.0,east_test
site_17285,380470.0,east_test
site_17286,380570.0,east_test
site_17287,380570.0,east_test
site_17288,380570.0,east_test
site_17289,380570.0,east_test
site_17290,380570.0,east_test
site_17291,380570.0,east_test
site_17292,380570.0,east_test
site_17293,380570.0,east_test
site_17294,380570.0,east_test
site_17295,380570.0,east_test
site_17296,380570.0,east_test
site_17297,380570.0,east_test
site_17298,380570.0,east_test
site_17299,380570.0,east_test
site_17300,380570.0,east_test
site_17301,380570.0,east_test
site_17302,380570.0,east_test
site_17303,380570.0,east_test
site_17304,380570.0,east_test
site_17305,380570.0,east_test
site_17306,380570.0,east_test
site_17307,380570.0,east_test
site_17308,380570.0,east_test
site_17309,380570.0,east_test
site_17310,380570.0,east_test
site_17311,380570.0,east_test
site_17312,380570.0,east_test
site_17313,380570.0,east_test
site_17314,380570.0,east_test
site_17315,380570.0,east_test
site_17316,380570.0,east_test
site_17317,380570.0,east_test
site_17318,380570.0,east_test
site_17319,380570.0,east_test
site_17320,380570.0,east_test
site_17321,380570.0,east_test
site_17322,380570.0,east_test
site_17323,380570.0,east_test
site_17324,380570.0,east_test
site_17325,380570.0,east_test
site_17326,380570.0,east_test
site_17327,380570.0,east_test
site_17328,380570.0,east_test
site_17329,380570.0,east_test
site_17330,380570.0,east_test
site_17331,380570.0,east_test
site_17332,380570.0,east_test
site_17333,380570.0,east_test
site_17334,380570.0,east_test
site_17335,380570.0,east_test
site_17336,380570.0,east_test
site_17337,380570.0,east_test
site_17338,380570.0,east_test
site_17339,380570.0,east_test
site_17340,380670.0,east_test
site_17341,380670.0,east_test
site_17342,380670.0,east_test
site_17343,380670.0,east_test
site_17344,380670.0,east_test
site_17345,380670.0,east_test
site_17346,380670.0,east_test
site_17347,380670.0,east_test
site_17348,380670.0,east_test
site_17349,380670.0,east_test
site_17350,380670.0,east_test
site_17351,380670.0,east_test
site_17352,380670.0,east_test
site_17353,380670.0,east_test
site_17354,380670.0,east_test
site_17355,380670.0,east_test
site_17356,380670.0,east_test
site_17357,380670.0,east_test
site_17358,380670.0,east_test
site_17359,380670.0,east_test
site_17360,380670.0,east_test
site_17361,380670.0,east_test
site_17362,380670.0,east_test
site_17363,380670.0,east_test
site_17364,380670.0,east_test
site_17365,380670.0,east_test
site_17366,380670.0,east_test
site_17367,380670.0,east_test
site_17368,380670.0,east_test
site_17369,380670.0,east_test
site_17370,380670.0,east_test
site_17371,380670.0,east_test
site_17372,380670.0,east_test
site_17373,380670.0,east_test
site_17374,380670.0,east_test
site_17375,380670.0,east_test
site_17376,380670.0,east_test
site_17377,380670.0,east_test
site_17381,380670.0,east_test
site_17382,380670.0,east_test
site_17383,380670.0,east_test
site_17384,380670.0,east_test
site_17385,380670.0,east_test
site_17386,380670.0,east_test
site_17387,380670.0,east_test
site_17388,380670.0,east_test
site_17389,380670.0,east_test
site_17390,380670.0,east_test
site_17391,380670.0,east_test
site_17393,380770.0,east_test
site_17394,380770.0,east_test
site_17395,380770.0,east_test
site_17396,380770.0,east_test
site_17397,380770.0,east_test
site_17398,380770.0,east_test
site_17399,380770.0,east_test
site_17400,380770.0,east_test
site_17401,380770.0,east_test
site_17402,380770.0,east_test
site_17403,380770.0,east_test
site_17404,380770.0,east_test
site_17405,380770.0,east_test
site_17406,380770.0,east_test
site_17407,380770.0,east_test
site_17408,380770.0,east_test
site_17409,380770.0,east_test
site_17410,380770.0,east_test
site_17411,380770.0,east_test
site_17412,380770.0,east_test
site_17413,380770.0,east_test
site_17414,380770.0,east_test
site_17415,380770.0,east_test
site_17416,380770.0,east_test
site_17417,380770.0,east_test
site_17418,380770.0,east_test
site_17419,380770.0,east_test
site_17420,380770.0,east_test
site_17421,380770.0,east_test
site_17422,380770.0,east_test
site_17423,380770.0,east_test
site_17424,380770.0,east_test
site_17425,380770.0,east_test
site_17426,380770.0,east_test
site_17427,380770.0,east_test
site_17429,380770.0,east_test
site_17430,380770.0,east_test
site_17431,380770.0,east_test
site_17432,380770.0,east_test
site_17433,380770.0,east_test
site_17434,380770.0,east_test
site_17435,380770.0,east_test
site_17436,380770.0,east_test
site_17437,380770.0,east_test
site_17438,380770.0,east_test
site_17439,380770.0,east_test
site_17440,380770.0,east_test
site_17441,380770.0,east_test
site_17442,380770.0,east_test
site_17443,380770.0,east_test
site_17444,380870.0,east_test
site_17445,380870.0,east_test
site_17446,380870.0,east_test
site_17447,380870.0,east_test
site_17448,380870.0,east_test
site_17449,380870.0,east_test
site_17450,380870.0,east_test
site_17451,380870.0,east_test
site_17452,380870.0,east_test
site_17453,380870.0,east_test
site_17454,380870.0,east_test
site_17455,380870.0,east_test
site_17456,380870.0,east_test
site_17457,380870.0,east_test
site_17458,380870.0,east_test
site_17459,380870.0,east_test
site_17460,380870.0,east_test
site_17461,380870.0,east_test
site_17462,380870.0,east_test
site_17463,380870.0,east_test
site_17464,380870.0,east_test
site_17465,380870.0,east_test
site_17466,380870.0,east_test
site_17467,380870.0,east_test
site_17468,380870.0,east_test
site_17469,380870.0,east_test
site_17470,380870.0,east_test
site_17471,380870.0,east_test
site_17472,380870.0,east_test
site_17473,380870.0,east_test
site_17474,380870.0,east_test
site_17475,380870.0,east_test
site_17476,380870.0,east_test
site_17477,380870.0,east_test
site_17479,380870.0,east_test
site_17480,380870.0,east_test
site_17481,380870.0,east_test
site_17482,380870.0,east_test
site_17483,380870.0,east_test
site_17484,380870.0,east_test
site_17485,380870.0,east_test
site_17486,380870.0,east_test
site_17487,380870.0,east_test
site_17488,380870.0,east_test
site_17489,380870.0,east_test
site_17490,380870.0,east_test
site_17491,380870.0,east_test
site_17493,380970.0,east_test
site_17494,380970.0,east_test
site_17495,380970.0,east_test
site_17496,380970.0,east_test
site_17497,380970.0,east_test
site_17498,380970.0,east_test
site_17499,380970.0,east_test
site_17500,380970.0,east_test
site_17501,380970.0,east_test
site_17502,380970.0,east_test
site_17503,380970.0,east_test
site_17504,380970.0,east_test
site_17505,380970.0,east_test
site_17506,380970.0,east_test
site_17507,380970.0,east_test
site_17508,380970.0,east_test
site_17509,380970.0,east_test
site_17510,380970.0,east_test
site_17511,380970.0,east_test
site_17512,380970.0,east_test
site_17513,380970.0,east_test
site_17514,380970.0,east_test
site_17515,380970.0,east_test
site_17516,380970.0,east_test
site_17517,380970.0,east_test
site_17518,380970.0,east_test
site_17519,380970.0,east_test
site_17520,380970.0,east_test
site_17521,380970.0,east_test
site_17522,380970.0,east_test
site_17523,380970.0,east_test
site_17524,380970.0,east_test
site_17525,380970.0,east_test
site_17526,380970.0,east_test
site_17527,380970.0,east_test
site_17528,380970.0,east_test
site_17529,380970.0,east_test
site_17530,380970.0,east_test
site_17531,380970.0,east_test
site_17532,380970.0,east_test
site_17533,380970.0,east_test
site_17534,380970.0,east_test
site_17535,380970.0,east_test
site_17536,380970.0,east_test
site_17537,380970.0,east_test
site_17538,380970.0,east_test
site_17539,381070.0,east_test
site_17540,381070.0,east_test
site_17541,381070.0,east_test
site_17542,381070.0,east_test
site_17543,381070.0,east_test
site_17544,381070.0,east_test
site_17545,381070.0,east_test
site_17546,381070.0,east_test
site_17547,381070.0,east_test
site_17548,381070.0,east_test
site_17549,381070.0,east_test
site_17550,381070.0,east_test
site_17551,381070.0,east_test
site_17552,381070.0,east_test
site_17553,381070.0,east_test
site_17555,381070.0,east_test
site_17556,381070.0,east_test
site_17557,381070.0,east_test
site_17558,381070.0,east_test
site_17559,381070.0,east_test
site_17560,381070.0,east_test
site_17561,381070.0,east_test
site_17562,381070.0,east_test
site_17563,381070.0,east_test
site_17564,381070.0,east_test
site_17565,381070.0,east_test
site_17566,381070.0,east_test
site_17567,381070.0,east_test
site_17568,381070.0,east_test
site_17569,381070.0,east_test
site_17570,381070.0,east_test
site_17571,381070.0,east_test
site_17572,381070.0,east_test
site_17573,381070.0,east_test
site_17574,381070.0,east_test
site_17575,381070.0,east_test
site_17576,381070.0,east_test
site_17577,381070.0,east_test
site_17578,381070.0,east_test
site_17579,381070.0,east_test
site_17580,381070.0,east_test
site_17581,381070.0,east_test
site_17582,381070.0,east_test
site_17583,381070.0,east_test
site_17584,381070.0,east_test
site_17585,381070.0,east_test
site_17586,381070.0,east_test
site_17587,381070.0,east_test
site_17588,381070.0,east_test
site_17589,381170.0,east_test
site_17590,381170.0,east_test
site_17591,381170.0,east_test
site_17592,381170.0,east_test
site_17593,381170.0,east_test
site_17594,381170.0,east_test
site_17595,381170.0,east_test
site_17596,381170.0,east_test
site_17597,381170.0,east_test
site_17598,381170.0,east_test
site_17599,381170.0,east_test
site_17600,381170.0,east_test
site_17601,381170.0,east_test
site_17602,381170.0,east_test
site_17603,381170.0,east_test
site_17604,381170.0,east_test
site_17605,381170.0,east_test
site_17606,381170.0,east_test
site_17607,381170.0,east_test
site_17608,381170.0,east_test
site_17609,381170.0,east_test
site_17610,381170.0,east_test
site_17611,381170.0,east_test
site_17612,381170.0,east_test
site_17613,381170.0,east_test
site_17614,381170.0,east_test
site_17615,381170.0,east_test
site_17616,381170.0,east_test
site_17617,381170.0,east_test
site_17618,381170.0,east_test
site_17619,381170.0,east_test
site_17620,381170.0,east_test
site_17622,381170.0,east_test
site_17623,381170.0,east_test
site_17624,381170.0,east_test
site_17625,381170.0,east_test
site_17626,381170.0,east_test
site_17627,381170.0,east_test
site_17628,381170.0,east_test
site_17629,381170.0,east_test
site_17630,381170.0,east_test
site_17631,381170.0,east_test
site_17632,381170.0,east_test
site_17633,381170.0,east_test
site_17634,381170.0,east_test
site_17635,381170.0,east_test
site_17636,381170.0,east_test
site_17637,381170.0,east_test
site_17638,381170.0,east_test
site_17639,381170.0,east_test
site_17640,381170.0,east_test
site_17641,381170.0,east_test
site_17642,381170.0,east_test
site_17643,381170.0,east_test
site_17645,381270.0,east_test
site_17646,381270.0,east_test
site_17647,381270.0,east_test
site_17648,381270.0,east_test
site_17649,381270.0,east_test
site_17650,381270.0,east_test
site_17651,381270.0,east_test
site_17652,381270.0,east_test
site_17653,381270.0,east_test
site_17654,381270.0,east_test
site_17655,381270.0,east_test
site_17656,381270.0,east_test
site_17657,381270.0,east_test
site_17658,381270.0,east_test
site_17659,381270.0,east_test
site_17660,381270.0,east_test
site_17661,381270.0,east_test
site_17662,381270.0,east_test
site_17663,381270.0,east_test
site_17664,381270.0,east_test
site_17665,381270.0,east_test
site_17666,381270.0,east_test
site_17667,381270.0,east_test
site_17668,381270.0,east_test
site_17669,381270.0,east_test
site_17670,381270.0,east_test
site_17671,381270.0,east_test
site_17672,381270.0,east_test
site_17673,381270.0,east_test
site_17674,381270.0,east_test
site_17675,381270.0,east_test
site_17676,381270.0,east_test
site_17677,381270.0,east_test
site_17678,381270.0,east_test
site_17679,381270.0,east_test
site_17680,381270.0,east_test
site_17681,381270.0,east_test
site_17682,381270.0,east_test
site_17683,381270.0,east_test
site_17684,381270.0,east_test
site_17685,381270.0,east_test
site_17686,381270.0,east_test
site_17687,381270.0,east_test
site_17688,381270.0,east_test
site_17689,381270.0,east_test
site_17690,381270.0,east_test
site_17691,381270.0,east_test
site_17692,381270.0,east_test
site_17693,381270.0,east_test
site_17694,381270.0,east_test
site_17695,381270.0,east_test
site_17696,381270.0,east_test
site_17697,381270.0,east_test
site_17698,381270.0,east_test
site_17699,381270.0,east_test
site_17700,381270.0,east_test
site_17701,381270.0,east_test
site_17702,381270.0,east_test
site_17703,381270.0,east_test
site_17704,381270.0,east_test
site_17705,381370.0,east_test
site_17706,381370.0,east_test
site_17707,381370.0,east_test
site_17708,381370.0,east_test
site_17709,381370.0,east_test
site_17710,381370.0,east_test
site_17711,381370.0,east_test
site_17712,381370.0,east_test
site_17713,381370.0,east_test
site_17714,381370.0,east_test
site_17715,381370.0,east_test
site_17716,381370.0,east_test
site_17717,381370.0,east_test
site_17718,381370.0,east_test
site_17719,381370.0,east_test
site_17720,381370.0,east_test
site_17721,381370.0,east_test
site_17722,381370.0,east_test
site_17723,381370.0,east_test
site_17724,381370.0,east_test
site_17725,381370.0,east_test
site_17726,381370.0,east_test
site_17727,381370.0,east_test
site_17728,381370.0,east_test
site_17729,381370.0,east_test
site_17730,381370.0,east_test
site_17731,381370.0,east_test
site_17732,381370.0,east_test
site_17733,381370.0,east_test
site_17734,381370.0,east_test
site_17735,381370.0,east_test
site_17736,381370.0,east_test
site_17737,381370.0,east_test
site_17738,381370.0,east_test
site_17739,381370.0,east_test
site_17740,381370.0,east_test
site_17741,381370.0,east_test
site_17742,381370.0,east_test
site_17743,381370.0,east_test
site_17744,381370.0,east_test
site_17745,381370.0,east_test
site_17746,381370.0,east_test
site_17747,381370.0,east_test
site_17748,381370.0,east_test
site_17749,381370.0,east_test
site_17750,381370.0,east_test
site_17751,381370.0,east_test
site_17752,381370.0,east_test
site_17753,381370.0,east_test
site_17754,381370.0,east_test
site_17755,381370.0,east_test
site_17756,381370.0,east_test
site_17757,381370.0,east_test
site_17758,381370.0,east_test
site_17759,381370.0,east_test
site_17760,381370.0,east_test
site_17761,381370.0,east_test
site_17762,381370.0,east_test
site_17763,381370.0,east_test
site_17764,381370.0,east_test
site_17765,381370.0,east_test
site_17766,381370.0,east_test
site_17767,381370.0,east_test
site_17768,381370.0,east_test
site_17769,381370.0,east_test
site_17770,381370.0,east_test
site_17771,381370.0,east_test
site_17772,381370.0,east_test
site_17773,381370.0,east_test
site_17774,381370.0,east_test
site_17775,381370.0,east_test
site_17776,381470.0,east_test
site_17777,381470.0,east_test
site_17778,381470.0,east_test
site_17779,381470.0,east_test
site_17780,381470.0,east_test
site_17781,381470.0,east_test
site_17782,381470.0,east_test
site_17783,381470.0,east_test
site_17784,381470.0,east_test
site_17785,381470.0,east_test
site_17786,381470.0,east_test
site_17787,381470.0,east_test
site_17788,381470.0,east_test
site_17789,381470.0,east_test
site_17790,381470.0,east_test
site_17791,381470.0,east_test
site_17792,381470.0,east_test
site_17793,381470.0,east_test
site_17794,381470.0,east_test
site_17795,381470.0,east_test
site_17796,381470.0,east_test
site_17797,381470.0,east_test
site_17798,381470.0,east_test
site_17799,381470.0,east_test
site_17800,381470.0,east_test
site_17801,381470.0,east_test
site_17802,381470.0,east_test
site_17803,381470.0,east_test
site_17804,381470.0,east_test
site_17805,381470.0,east_test
site_17806,381470.0,east_test
site_17807,381470.0,east_test
site_17808,381470.0,east_test
site_17809,381470.0,east_test
site_17810,381470.0,east_test
site_17811,381470.0,east_test
site_17812,381470.0,east_test
site_17813,381470.0,east_test
site_17814,381470.0,east_test
site_17815,381470.0,east_test
site_17816,381470.0,east_test
site_17817,381470.0,east_test
site_17818,381470.0,east_test
site_17819,381470.0,east_test
site_17820,381470.0,east_test
site_17821,381470.0,east_test
site_17822,381470.0,east_test
site_17823,381470.0,east_test
site_17824,381470.0,east_test
site_17825,381470.0,east_test
site_17826,381470.0,east_test
site_17827,381470.0,east_test
site_17828,381470.0,east_test
site_17829,381470.0,east_test
site_17830,381470.0,east_test
site_17831,381470.0,east_test
site_17832,381470.0,east_test
site_17833,381470.0,east_test
site_17834,381470.0,east_test
site_17835,381470.0,east_test
site_17836,381470.0,east_test
site_17837,381470.0,east_test
site_17838,381470.0,east_test
site_17839,381470.0,east_test
site_17840,381470.0,east_test
site_17841,381470.0,east_test
site_17842,381470.0,east_test
site_17843,381470.0,east_test
site_17844,381470.0,east_test
site_17845,381470.0,east_test
site_17846,381470.0,east_test
site_17847,381470.0,east_test
site_17848,381470.0,east_test
site_17849,381470.0,east_test
site_17850,381470.0,east_test
site_17851,381470.0,east_test
site_17852,381470.0,east_test
site_17853,381570.0,east_test
site_17854,381570.0,east_test
site_17855,381570.0,east_test
site_17856,381570.0,east_test
site_17857,381570.0,east_test
site_17858,381570.0,east_test
site_17859,381570.0,east_test
site_17860,381570.0,east_test
site_17861,381570.0,east_test
site_17862,381570.0,east_test
site_17863,381570.0,east_test
site_17864,381570.0,east_test
site_17865,381570.0,east_test
site_17866,381570.0,east_test
site_17867,381570.0,east_test
site_17868,381570.0,east_test
site_17869,381570.0,east_test
site_17870,381570.0,east_test
site_17871,381570.0,east_test
site_17872,381570.0,east_test
site_17873,381570.0,east_test
site_17874,381570.0,east_test
site_17875,381570.0,east_test
site_17876,381570.0,east_test
site_17877,381570.0,east_test
site_17878,381570.0,east_test
site_17879,381570.0,east_test
site_17880,381570.0,east_test
site_17881,381570.0,east_test
site_17882,381570.0,east_test
site_17883,381570.0,east_test
site_17884,381570.0,east_test
site_17885,381570.0,east_test
site_17886,381570.0,east_test
site_17887,381570.0,east_test
site_17888,381570.0,east_test
site_17889,381570.0,east_test
site_17890,381570.0,east_test
site_17891,381570.0,east_test
site_17892,381570.0,east_test
site_17893,381570.0,east_test
site_17894,381570.0,east_test
site_17895,381570.0,east_test
site_17896,381570.0,east_test
site_17897,381570.0,east_test
site_17898,381570.0,east_test
site_17899,381570.0,east_test
site_17900,381570.0,east_test
site_17901,381570.0,east_test
site_17902,381570.0,east_test
site_17903,381570.0,east_test
site_17904,381570.0,east_test
site_17905,381570.0,east_test
site_17906,381570.0,east_test
site_17907,381570.0,east_test
site_17908,381570.0,east_test
site_17909,381570.0,east_test
site_17910,381570.0,east_test
site_17911,381570.0,east_test
site_17912,381570.0,east_test
site_17913,381570.0,east_test
site_17914,381570.0,east_test
site_17915,381570.0,east_test
site_17916,381570.0,east_test
site_17917,381570.0,east_test
site_17918,381570.0,east_test
site_17919,381570.0,east_test
site_17920,381570.0,east_test
site_17921,381570.0,east_test
site_17922,381570.0,east_test
site_17923,381570.0,east_test
site_17924,381570.0,east_test
site_17925,381570.0,east_test
site_17926,381570.0,east_test
site_17927,381570.0,east_test
site_17928,381570.0,east_test
site_17929,381670.0,east_test
site_17930,381670.0,east_test
site_17931,381670.0,east_test
site_17932,381670.0,east_test
site_17933,381670.0,east_test
site_17934,381670.0,east_test
site_17935,381670.0,east_test
site_17936,381670.0,east_test
site_17937,381670.0,east_test
site_17938,381670.0,east_test
site_17939,381670.0,east_test
site_17940,381670.0,east_test
site_17941,381670.0,east_test
site_17942,381670.0,east_test
site_17943,381670.0,east_test
site_17944,381670.0,east_test
site_17945,381670.0,east_test
site_17946,381670.0,east_test
site_17947,381670.0,east_test
site_17948,381670.0,east_test
site_17949,381670.0,east_test
site_17950,381670.0,east_test
site_17951,381670.0,east_test
site_17952,381670.0,east_test
site_17953,381670.0,east_test
site_17954,381670.0,east_test
site_17955,381670.0,east_test
site_17956,381670.0,east_test
site_17957,381670.0,east_test
site_17958,381670.0,east_test
site_17959,381670.0,east_test
site_17960,381670.0,east_test
site_17961,381670.0,east_test
site_17962,381670.0,east_test
site_17963,381670.0,east_test
site_17964,381670.0,east_test
site_17965,381670.0,east_test
site_17966,381670.0,east_test
site_17967,381670.0,east_test
site_17968,381670.0,east_test
site_17969,381670.0,east_test
site_17970,381670.0,east_test
site_17971,381670.0,east_test
site_17972,381670.0,east_test
site_17973,381670.0,east_test
site_17974,381670.0,east_test
site_17975,381670.0,east_test
site_17976,381670.0,east_test
site_17977,381670.0,east_test
site_17978,381670.0,east_test
site_17979,381670.0,east_test
site_17980,381670.0,east_test
site_17981,381670.0,east_test
site_17982,381670.0,east_test
site_17983,381670.0,east_test
site_17984,381670.0,east_test
site_17985,381670.0,east_test
site_17986,381670.0,east_test
site_17987,381670.0,east_test
site_17988,381670.0,east_test
site_17989,381670.0,east_test
site_17990,381670.0,east_test
site_17991,381670.0,east_test
site_17992,381670.0,east_test
site_17993,381670.0,east_test
site_17994,381670.0,east_test
site_17995,381670.0,east_test
site_17996,381670.0,east_test
site_17997,381670.0,east_test
site_17998,381670.0,east_test
site_17999,381670.0,east_test
site_18000,381670.0,east_test
site_18001,381670.0,east_test
site_18002,381670.0,east_test
site_18003,381670.0,east_test
site_18004,381670.0,east_test
site_18005,381670.0,east_test
site_18006,381670.0,east_test
site_18007,381770.0,east_test
site_18008,381770.0,east_test
site_18009,381770.0,east_test
site_18010,381770.0,east_test
site_18011,381770.0,east_test
site_18012,381770.0,east_test
site_18013,381770.0,east_test
site_18014,381770.0,east_test
site_18015,381770.0,east_test
site_18016,381770.0,east_test
site_18017,381770.0,east_test
site_18018,381770.0,east_test
site_18019,381770.0,east_test
site_18020,381770.0,east_test
site_18021,381770.0,east_test
site_18022,381770.0,east_test
site_18023,381770.0,east_test
site_18024,381770.0,east_test
site_18025,381770.0,east_test
site_18026,381770.0,east_test
site_18027,381770.0,east_test
site_18028,381770.0,east_test
site_18029,381770.0,east_test
site_18030,381770.0,east_test
site_18031,381770.0,east_test
site_18032,381770.0,east_test
site_18033,381770.0,east_test
site_18034,381770.0,east_test
site_18035,381770.0,east_test
site_18036,381770.0,east_test
site_18037,381770.0,east_test
site_18038,381770.0,east_test
site_18039,381770.0,east_test
site_18040,381770.0,east_test
site_18041,381770.0,east_test
site_18042,381770.0,east_test
site_18043,381770.0,east_test
site_18044,381770.0,east_test
site_18045,381770.0,east_test
site_18046,381770.0,east_test
site_18047,381770.0,east_test
site_18048,381770.0,east_test
site_18049,381770.0,east_test
site_18050,381770.0,east_test
site_18051,381770.0,east_test
site_18052,381770.0,east_test
site_18053,381770.0,east_test
site_18054,381770.0,east_test
site_18055,381770.0,east_test
site_18056,381770.0,east_test
site_18057,381770.0,east_test
site_18058,381770.0,east_test
site_18059,381770.0,east_test
site_18060,381770.0,east_test
site_18061,381770.0,east_test
site_18062,381770.0,east_test
site_18063,381770.0,east_test
site_18064,381770.0,east_test
site_18065,381770.0,east_test
site_18066,381770.0,east_test
site_18067,381770.0,east_test
site_18068,381770.0,east_test
site_18069,381770.0,east_test
site_18070,381770.0,east_test
site_18071,381770.0,east_test
site_18072,381770.0,east_test
site_18073,381770.0,east_test
site_18074,381770.0,east_test
site_18075,381770.0,east_test
site_18076,381770.0,east_test
site_18077,381770.0,east_test
site_18078,381770.0,east_test
site_18079,381770.0,east_test
site_18080,381770.0,east_test
site_18081,381770.0,east_test
site_18082,381770.0,east_test
site_18083,381770.0,east_test
site_18084,381870.0,east_test
site_18085,381870.0,east_test
site_18086,381870.0,east_test
site_18087,381870.0,east_test
site_18088,381870.0,east_test
site_18089,381870.0,east_test
site_18090,381870.0,east_test
site_18091,381870.0,east_test
site_18092,381870.0,east_test
site_18093,381870.0,east_test
site_18094,381870.0,east_test
site_18095,381870.0,east_test
site_18096,381870.0,east_test
site_18097,381870.0,east_test
site_18098,381870.0,east_test
site_18099,381870.0,east_test
site_18100,381870.0,east_test
site_18101,381870.0,east_test
site_18102,381870.0,east_test
site_18103,381870.0,east_test
site_18104,381870.0,east_test
site_18105,381870.0,east_test
site_18106,381870.0,east_test
site_18107,381870.0,east_test
site_18108,381870.0,east_test
site_18109,381870.0,east_test
site_18110,381870.0,east_test
site_18111,381870.0,east_test
site_18112,381870.0,east_test
site_18113,381870.0,east_test
site_18114,381870.0,east_test
site_18115,381870.0,east_test
site_18116,381870.0,east_test
site_18117,381870.0,east_test
site_18118,381870.0,east_test
site_18119,381870.0,east_test
site_18120,381870.0,east_test
site_18121,381870.0,east_test
site_18122,381870.0,east_test
site_18123,381870.0,east_test
site_18124,381870.0,east_test
site_18125,381870.0,east_test
site_18126,381870.0,east_test
site_18127,381870.0,east_test
site_18128,381870.0,east_test
site_18129,381870.0,east_test
site_18130,381870.0,east_test
site_18131,381870.0,east_test
site_18132,381870.0,east_test
site_18133,381870.0,east_test
site_18134,381870.0,east_test
site_18135,381870.0,east_test
site_18136,381870.0,east_test
site_18137,381870.0,east_test
site_18138,381870.0,east_test
site_18139,381870.0,east_test
site_18140,381870.0,east_test
site_18141,381870.0,east_test
site_18142,381870.0,east_test
site_18143,381870.0,east_test
site_18144,381870.0,east_test
site_18145,381870.0,east_test
site_18146,381870.0,east_test
site_18147,381870.0,east_test
site_18148,381870.0,east_test
site_18149,381870.0,east_test
site_18150,381870.0,east_test
site_18151,381870.0,east_test
site_18152,381870.0,east_test
site_18153,381870.0,east_test
site_18154,381870.0,east_test
site_18155,381870.0,east_test
site_18156,381870.0,east_test
site_18158,381870.0,east_test
site_18159,381870.0,east_test
site_18160,381870.0,east_test
site_18161,381970.0,east_test
site_18162,381970.0,east_test
site_18163,381970.0,east_test
site_18164,381970.0,east_test
site_18165,381970.0,east_test
site_18166,381970.0,east_test
site_18167,381970.0,east_test
site_18168,381970.0,east_test
site_18169,381970.0,east_test
site_18170,381970.0,east_test
site_18171,381970.0,east_test
site_18172,381970.0,east_test
site_18173,381970.0,east_test
site_18174,381970.0,east_test
site_18175,381970.0,east_test
site_18176,381970.0,east_test
site_18177,381970.0,east_test
site_18178,381970.0,east_test
site_18179,381970.0,east_test
site_18180,381970.0,east_test
site_18181,381970.0,east_test
site_18182,381970.0,east_test
site_18183,381970.0,east_test
site_18184,381970.0,east_test
site_18185,381970.0,east_test
site_18186,381970.0,east_test
site_18187,381970.0,east_test
site_18188,381970.0,east_test
site_18189,381970.0,east_test
site_18190,381970.0,east_test
site_18191,381970.0,east_test
site_18192,381970.0,east_test
site_18193,381970.0,east_test
site_18194,381970.0,east_test
site_18195,381970.0,east_test
site_18196,381970.0,east_test
site_18197,381970.0,east_test
site_18198,381970.0,east_test
site_18199,381970.0,east_test
site_18200,381970.0,east_test
site_18201,381970.0,east_test
site_18202,381970.0,east_test
site_18203,381970.0,east_test
site_18204,381970.0,east_test
site_18205,381970.0,east_test
site_18206,381970.0,east_test
site_18207,381970.0,east_test
site_18208,381970.0,east_test
site_18209,381970.0,east_test
site_18210,381970.0,east_test
site_18211,381970.0,east_test
site_18212,381970.0,east_test
site_18213,381970.0,east_test
site_18214,381970.0,east_test
site_18215,381970.0,east_test
site_18216,381970.0,east_test
site_18217,381970.0,east_test
site_18218,381970.0,east_test
site_18219,381970.0,east_test
site_18220,381970.0,east_test
site_18221,381970.0,east_test
site_18222,381970.0,east_test
site_18223,381970.0,east_test
site_18224,381970.0,east_test
site_18225,381970.0,east_test
site_18226,381970.0,east_test
site_18227,381970.0,east_test
site_18228,381970.0,east_test
site_18229,381970.0,east_test
site_18230,381970.0,east_test
site_18231,381970.0,east_test
site_18232,381970.0,east_test
site_18233,381970.0,east_test
site_18234,381970.0,east_test
site_18235,381970.0,east_test
site_18237,381970.0,east_test
site_18238,381970.0,east_test
site_18241,382070.0,east_test
site_18242,382070.0,east_test
site_18243,382070.0,east_test
site_18244,382070.0,east_test
site_18245,382070.0,east_test
site_18246,382070.0,east_test
site_18247,382070.0,east_test
site_18248,382070.0,east_test
site_18249,382070.0,east_test
site_18250,382070.0,east_test
site_18251,382070.0,east_test
site_18252,382070.0,east_test
site_18253,382070.0,east_test
site_18254,382070.0,east_test
site_18255,382070.0,east_test
site_18256,382070.0,east_test
site_18257,382070.0,east_test
site_18258,382070.0,east_test
site_18259,382070.0,east_test
site_18260,382070.0,east_test
site_18261,382070.0,east_test
site_18262,382070.0,east_test
site_18263,382070.0,east_test
site_18264,382070.0,east_test
site_18265,382070.0,east_test
site_18266,382070.0,east_test
site_18267,382070.0,east_test
site_18268,382070.0,east_test
site_18269,382070.0,east_test
site_18270,382070.0,east_test
site_18271,382070.0,east_test
site_18272,382070.0,east_test
site_18273,382070.0,east_test
site_18274,382070.0,east_test
site_18275,382070.0,east_test
site_18276,382070.0,east_test
site_18277,382070.0,east_test
site_18278,382070.0,east_test
site_18279,382070.0,east_test
site_18280,382070.0,east_test
site_18281,382070.0,east_test
site_18282,382070.0,east_test
site_18283,382070.0,east_test
site_18284,382070.0,east_test
site_18285,382070.0,east_test
site_18286,382070.0,east_test
site_18287,382070.0,east_test
site_18288,382070.0,east_test
site_18289,382070.0,east_test
site_18290,382070.0,east_test
site_18291,382070.0,east_test
site_18292,382070.0,east_test
site_18293,382070.0,east_test
site_18294,382070.0,east_test
site_18295,382070.0,east_test
site_18296,382070.0,east_test
site_18297,382070.0,east_test
site_18298,382070.0,east_test
site_18299,382070.0,east_test
site_18300,382070.0,east_test
site_18301,382070.0,east_test
site_18302,382070.0,east_test
site_18303,382070.0,east_test
site_18304,382070.0,east_test
site_18305,382070.0,east_test
site_18306,382070.0,east_test
site_18307,382070.0,east_test
site_18308,382070.0,east_test
site_18309,382070.0,east_test
site_18310,382070.0,east_test
site_18311,382070.0,east_test
site_18312,382070.0,east_test
site_18313,382070.0,east_test
site_18314,382070.0,east_test
site_18315,382070.0,east_test
site_18316,382070.0,east_test
site_18317,382070.0,east_test
site_18318,382170.0,east_test
site_18319,382170.0,east_test
site_18320,382170.0,east_test
site_18321,382170.0,east_test
site_18322,382170.0,east_test
site_18323,382170.0,east_test
site_18324,382170.0,east_test
site_18325,382170.0,east_test
site_18326,382170.0,east_test
site_18327,382170.0,east_test
site_18328,382170.0,east_test
site_18329,382170.0,east_test
site_18330,382170.0,east_test
site_18331,382170.0,east_test
site_18332,382170.0,east_test
site_18333,382170.0,east_test
site_18334,382170.0,east_test
site_18335,382170.0,east_test
site_18336,382170.0,east_test
site_18337,382170.0,east_test
site_18338,382170.0,east_test
site_18339,382170.0,east_test
site_18340,382170.0,east_test
site_18341,382170.0,east_test
site_18342,382170.0,east_test
site_18343,382170.0,east_test
site_18344,382170.0,east_test
site_18345,382170.0,east_test
site_18346,382170.0,east_test
site_18347,382170.0,east_test
site_18348,382170.0,east_test
site_18349,382170.0,east_test
site_18350,382170.0,east_test
site_18351,382170.0,east_test
site_18352,382170.0,east_test
site_18353,382170.0,east_test
site_18354,382170.0,east_test
site_18355,382170.0,east_test
site_18356,382170.0,east_test
site_18357,382170.0,east_test
site_18358,382170.0,east_test
site_18359,382170.0,east_test
site_18360,382170.0,east_test
site_18361,382170.0,east_test
site_18362,382170.0,east_test
site_18363,382170.0,east_test
site_18364,382170.0,east_test
site_18365,382170.0,east_test
site_18366,382170.0,east_test
site_18367,382170.0,east_test
site_18368,382170.0,east_test
site_18369,382170.0,east_test
site_18370,382170.0,east_test
site_18371,382170.0,east_test
site_18372,382170.0,east_test
site_18373,382170.0,east_test
site_18374,382170.0,east_test
site_18375,382170.0,east_test
site_18376,382170.0,east_test
site_18377,382170.0,east_test
site_18378,382170.0,east_test
site_18379,382170.0,east_test
site_18380,382170.0,east_test
site_18381,382170.0,east_test
site_18382,382170.0,east_test
site_18383,382170.0,east_test
site_18384,382170.0,east_test
site_18385,382170.0,east_test
site_18386,382170.0,east_test
site_18387,382170.0,east_test
site_18388,382170.0,east_test
site_18389,382170.0,east_test
site_18390,382170.0,east_test
site_18391,382170.0,east_test
site_18392,382170.0,east_test
site_18393,382170.0,east_test
site_18394,382170.0,east_test
site_18395,382170.0,east_test
site_18397,382270.0,east_test
site_18398,382270.0,east_test
site_18399,382270.0,east_test
site_18400,382270.0,east_test
site_18401,382270.0,east_test
site_18402,382270.0,east_test
site_18403,382270.0,east_test
site_18404,382270.0,east_test
site_18405,382270.0,east_test
site_18406,382270.0,east_test
site_18407,382270.0,east_test
site_18408,382270.0,east_test
site_18409,382270.0,east_test
site_18410,382270.0,east_test
site_18411,382270.0,east_test
site_18412,382270.0,east_test
site_18413,382270.0,east_test
site_18414,382270.0,east_test
site_18415,382270.0,east_test
site_18416,382270.0,east_test
site_18417,382270.0,east_test
site_18418,382270.0,east_test
site_18419,382270.0,east_test
site_18420,382270.0,east_test
site_18421,382270.0,east_test
site_18422,382270.0,east_test
site_18423,382270.0,east_test
site_18424,382270.0,east_test
site_18425,382270.0,east_test
site_18426,382270.0,east_test
site_18427,382270.0,east_test
site_18428,382270.0,east_test
site_18429,382270.0,east_test
site_18430,382270.0,east_test
site_18431,382270.0,east_test
site_18432,382270.0,east_test
site_18433,382270.0,east_test
site_18434,382270.0,east_test
site_18435,382270.0,east_test
site_18436,382270.0,east_test
site_18437,382270.0,east_test
site_18438,382270.0,east_test
site_18439,382270.0,east_test
site_18440,382270.0,east_test
site_18441,382270.0,east_test
site_18442,382270.0,east_test
site_18443,382270.0,east_test
site_18444,382270.0,east_test
site_18445,382270.0,east_test
site_18446,382270.0,east_test
site_18447,382270.0,east_test
site_18448,382270.0,east_test
site_18449,382270.0,east_test
site_18450,382270.0,east_test
site_18451,382270.0,east_test
site_18452,382270.0,east_test
site_18453,382270.0,east_test
site_18454,382270.0,east_test
site_18455,382270.0,east_test
site_18456,382270.0,east_test
site_18457,382270.0,east_test
site_18458,382270.0,east_test
site_18459,382270.0,east_test
site_18460,382270.0,east_test
site_18461,382270.0,east_test
site_18462,382270.0,east_test
site_18463,382270.0,east_test
site_18464,382270.0,east_test
site_18465,382270.0,east_test
site_18466,382270.0,east_test
site_18467,382270.0,east_test
site_18468,382270.0,east_test
site_18469,382270.0,east_test
site_18470,382270.0,east_test
site_18471,382270.0,east_test
site_18472,382270.0,east_test
site_18473,382270.0,east_test
site_18474,382370.0,east_test
site_18475,382370.0,east_test
site_18476,382370.0,east_test
site_18477,382370.0,east_test
site_18478,382370.0,east_test
site_18479,382370.0,east_test
site_18480,382370.0,east_test
site_18481,382370.0,east_test
site_18482,382370.0,east_test
site_18483,382370.0,east_test
site_18484,382370.0,east_test
site_18485,382370.0,east_test
site_18486,382370.0,east_test
site_18487,382370.0,east_test
site_18488,382370.0,east_test
site_18489,382370.0,east_test
site_18490,382370.0,east_test
site_18491,382370.0,east_test
site_18492,382370.0,east_test
site_18493,382370.0,east_test
site_18494,382370.0,east_test
site_18495,382370.0,east_test
site_18496,382370.0,east_test
site_18497,382370.0,east_test
site_18498,382370.0,east_test
site_18499,382370.0,east_test
site_18500,382370.0,east_test
site_18501,382370.0,east_test
site_18502,382370.0,east_test
site_18503,382370.0,east_test
site_18504,382370.0,east_test
site_18505,382370.0,east_test
site_18506,382370.0,east_test
site_18507,382370.0,east_test
site_18508,382370.0,east_test
site_18509,382370.0,east_test
site_18510,382370.0,east_test
site_18511,382370.0,east_test
site_18512,382370.0,east_test
site_18513,382370.0,east_test
site_18514,382370.0,east_test
site_18515,382370.0,east_test
site_18516,382370.0,east_test
site_18517,382370.0,east_test
site_18518,382370.0,east_test
site_18519,382370.0,east_test
site_18520,382370.0,east_test
site_18521,382370.0,east_test
site_18522,382370.0,east_test
site_18523,382370.0,east_test
site_18524,382370.0,east_test
site_18525,382370.0,east_test
site_18526,382370.0,east_test
site_18527,382370.0,east_test
site_18528,382370.0,east_test
site_18529,382370.0,east_test
site_18530,382370.0,east_test
site_18531,382370.0,east_test
site_18532,382370.0,east_test
site_18533,382370.0,east_test
site_18534,382370.0,east_test
site_18535,382370.0,east_test
site_18536,382370.0,east_test
site_18537,382370.0,east_test
site_18538,382370.0,east_test
site_18539,382370.0,east_test
site_18540,382370.0,east_test
site_18541,382370.0,east_test
site_18542,382370.0,east_test
site_18543,382370.0,east_test
site_18544,382370.0,east_test
site_18545,382370.0,east_test
site_18546,382370.0,east_test
site_18547,382370.0,east_test
site_18548,382370.0,east_test
site_18549,382370.0,east_test
site_18550,382470.0,east_test
site_18551,382470.0,east_test
site_18552,382470.0,east_test
site_18553,382470.0,east_test
site_18554,382470.0,east_test
site_18555,382470.0,east_test
site_18556,382470.0,east_test
site_18557,382470.0,east_test
site_18558,382470.0,east_test
site_18559,382470.0,east_test
site_18560,382470.0,east_test
site_18561,382470.0,east_test
site_18562,382470.0,east_test
site_18563,382470.0,east_test
site_18564,382470.0,east_test
site_18565,382470.0,east_test
site_18566,382470.0,east_test
site_18567,382470.0,east_test
site_18568,382470.0,east_test
site_18569,382470.0,east_test
site_18570,382470.0,east_test
site_18571,382470.0,east_test
site_18572,382470.0,east_test
site_18573,382470.0,east_test
site_18574,382470.0,east_test
site_18575,382470.0,east_test
site_18576,382470.0,east_test
site_18577,382470.0,east_test
site_18578,382470.0,east_test
site_18579,382470.0,east_test
site_18580,382470.0,east_test
site_18581,382470.0,east_test
site_18582,382470.0,east_test
site_18583,382470.0,east_test
site_18584,382470.0,east_test
site_18585,382470.0,east_test
site_18586,382470.0,east_test
site_18587,382470.0,east_test
site_18588,382470.0,east_test
site_18589,382470.0,east_test
site_18590,382470.0,east_test
site_18591,382470.0,east_test
site_18592,382470.0,east_test
site_18593,382470.0,east_test
site_18594,382470.0,east_test
site_18595,382470.0,east_test
site_18596,382470.0,east_test
site_18597,382470.0,east_test
site_18598,382470.0,east_test
site_18599,382470.0,east_test
site_18600,382470.0,east_test
site_18601,382470.0,east_test
site_18602,382470.0,east_test
site_18603,382470.0,east_test
site_18604,382470.0,east_test
site_18605,382470.0,east_test
site_18606,382470.0,east_test
site_18607,382470.0,east_test
site_18608,382470.0,east_test
site_18609,382470.0,east_test
site_18610,382470.0,east_test
site_18611,382470.0,east_test
site_18612,382470.0,east_test
site_18613,382470.0,east_test
site_18614,382470.0,east_test
site_18615,382470.0,east_test
site_18616,382470.0,east_test
site_18617,382470.0,east_test
site_18618,382470.0,east_test
site_18619,382470.0,east_test
site_18620,382470.0,east_test
site_18621,382470.0,east_test
site_18622,382470.0,east_test
site_18623,382470.0,east_test
site_18624,382470.0,east_test
site_18625,382570.0,east_test
site_18626,382570.0,east_test
site_18627,382570.0,east_test
site_18628,382570.0,east_test
site_18629,382570.0,east_test
site_18630,382570.0,east_test
site_18631,382570.0,east_test
site_18632,382570.0,east_test
site_18633,382570.0,east_test
site_18634,382570.0,east_test
site_18635,382570.0,east_test
site_18636,382570.0,east_test
site_18637,382570.0,east_test
site_18638,382570.0,east_test
site_18639,382570.0,east_test
site_18640,382570.0,east_test
site_18641,382570.0,east_test
site_18642,382570.0,east_test
site_18643,382570.0,east_test
site_18644,382570.0,east_test
site_18645,382570.0,east_test
site_18646,382570.0,east_test
site_18647,382570.0,east_test
site_18648,382570.0,east_test
site_18649,382570.0,east_test
site_18650,382570.0,east_test
site_18651,382570.0,east_test
site_18652,382570.0,east_test
site_18653,382570.0,east_test
site_18654,382570.0,east_test
site_18655,382570.0,east_test
site_18656,382570.0,east_test
site_18657,382570.0,east_test
site_18658,382570.0,east_test
site_18659,382570.0,east_test
site_18660,382570.0,east_test
site_18661,382570.0,east_test
site_18662,382570.0,east_test
site_18663,382570.0,east_test
site_18664,382570.0,east_test
site_18665,382570.0,east_test
site_18666,382570.0,east_test
site_18667,382570.0,east_test
site_18668,382570.0,east_test
site_18669,382570.0,east_test
site_18670,382570.0,east_test
site_18671,382570.0,east_test
site_18672,382570.0,east_test
site_18673,382570.0,east_test
site_18674,382570.0,east_test
site_18675,382570.0,east_test
site_18676,382570.0,east_test
site_18677,382570.0,east_test
site_18678,382570.0,east_test
site_18679,382570.0,east_test
site_18680,382570.0,east_test
site_18681,382570.0,east_test
site_18682,382570.0,east_test
site_18683,382570.0,east_test
site_18684,382570.0,east_test
site_18685,382570.0,east_test
site_18686,382570.0,east_test
site_18687,382570.0,east_test
site_18688,382570.0,east_test
site_18689,382570.0,east_test
site_18690,382570.0,east_test
site_18691,382570.0,east_test
site_18692,382570.0,east_test
site_18693,382570.0,east_test
site_18694,382570.0,east_test
site_18695,382570.0,east_test
site_18696,382570.0,east_test
site_18697,382570.0,east_test
site_18698,382570.0,east_test
site_18699,382670.0,east_test
site_18700,382670.0,east_test
site_18701,382670.0,east_test
site_18702,382670.0,east_test
site_18703,382670.0,east_test
site_18704,382670.0,east_test
site_18705,382670.0,east_test
site_18706,382670.0,east_test
site_18707,382670.0,east_test
site_18708,382670.0,east_test
site_18709,382670.0,east_test
site_18710,382670.0,east_test
site_18711,382670.0,east_test
site_18712,382670.0,east_test
site_18713,382670.0,east_test
site_18714,382670.0,east_test
site_18715,382670.0,east_test
site_18716,382670.0,east_test
site_18717,382670.0,east_test
site_18718,382670.0,east_test
site_18719,382670.0,east_test
site_18720,382670.0,east_test
site_18721,382670.0,east_test
site_18722,382670.0,east_test
site_18723,382670.0,east_test
site_18724,382670.0,east_test
site_18725,382670.0,east_test
site_18726,382670.0,east_test
site_18727,382670.0,east_test
site_18728,382670.0,east_test
site_18729,382670.0,east_test
site_18730,382670.0,east_test
site_18731,382670.0,east_test
site_18732,382670.0,east_test
site_18733,382670.0,east_test
site_18734,382670.0,east_test
site_18735,382670.0,east_test
site_18736,382670.0,east_test
site_18737,382670.0,east_test
site_18738,382670.0,east_test
site_18739,382670.0,east_test
site_18740,382670.0,east_test
site_18741,382670.0,east_test
site_18742,382670.0,east_test
site_18743,382670.0,east_test
site_18744,382670.0,east_test
site_18745,382670.0,east_test
site_18746,382670.0,east_test
site_18747,382670.0,east_test
site_18748,382670.0,east_test
site_18749,382670.0,east_test
site_18750,382670.0,east_test
site_18751,382670.0,east_test
site_18752,382670.0,east_test
site_18753,382670.0,east_test
site_18754,382670.0,east_test
site_18755,382670.0,east_test
site_18756,382670.0,east_test
site_18757,382670.0,east_test
site_18758,382670.0,east_test
site_18759,382670.0,east_test
site_18760,382670.0,east_test
site_18761,382670.0,east_test
site_18762,382670.0,east_test
site_18763,382670.0,east_test
site_18764,382670.0,east_test
site_18765,382670.0,east_test
site_18766,382670.0,east_test
site_18767,382670.0,east_test
site_18768,382670.0,east_test
site_18769,382670.0,east_test
site_18770,382670.0,east_test
site_18771,382770.0,east_test
site_18772,382770.0,east_test
site_18773,382770.0,east_test
site_18774,382770.0,east_test
site_18775,382770.0,east_test
site_18776,382770.0,east_test
site_18777,382770.0,east_test
site_18778,382770.0,east_test
site_18779,382770.0,east_test
site_18780,382770.0,east_test
site_18781,382770.0,east_test
site_18782,382770.0,east_test
site_18783,382770.0,east_test
site_18784,382770.0,east_test
site_18785,382770.0,east_test
site_18786,382770.0,east_test
site_18787,382770.0,east_test
site_18788,382770.0,east_test
site_18789,382770.0,east_test
site_18790,382770.0,east_test
site_18791,382770.0,east_test
site_18792,382770.0,east_test
site_18793,382770.0,east_test
site_18794,382770.0,east_test
site_18795,382770.0,east_test
site_18796,382770.0,east_test
site_18797,382770.0,east_test
site_18798,382770.0,east_test
site_18799,382770.0,east_test
site_18800,382770.0,east_test
site_18801,382770.0,east_test
site_18802,382770.0,east_test
site_18803,382770.0,east_test
site_18804,382770.0,east_test
site_18805,382770.0,east_test
site_18806,382770.0,east_test
site_18807,382770.0,east_test
site_18808,382770.0,east_test
site_18809,382770.0,east_test
site_18810,382770.0,east_test
site_18811,382770.0,east_test
site_18812,382770.0,east_test
site_18813,382770.0,east_test
site_18814,382770.0,east_test
site_18815,382770.0,east_test
site_18816,382770.0,east_test
site_18817,382770.0,east_test
site_18818,382770.0,east_test
site_18819,382770.0,east_test
site_18820,382770.0,east_test
site_18821,382770.0,east_test
site_18822,382770.0,east_test
site_18823,382770.0,east_test
site_18824,382770.0,east_test
site_18825,382770.0,east_test
site_18826,382770.0,east_test
site_18827,382770.0,east_test
site_18828,382770.0,east_test
site_18829,382770.0,east_test
site_18830,382770.0,east_test
site_18831,382770.0,east_test
site_18832,382770.0,east_test
site_18833,382770.0,east_test
site_18834,382770.0,east_test
site_18835,382770.0,east_test
site_18836,382770.0,east_test
site_18837,382770.0,east_test
site_18838,382770.0,east_test
site_18839,382770.0,east_test
site_18840,382770.0,east_test
site_18841,382770.0,east_test
site_18842,382770.0,east_test
site_18843,382870.0,east_test
site_18844,382870.0,east_test
site_18845,382870.0,east_test
site_18846,382870.0,east_test
site_18847,382870.0,east_test
site_18848,382870.0,east_test
site_18849,382870.0,east_test
site_18850,382870.0,east_test
site_18851,382870.0,east_test
site_18852,382870.0,east_test
site_18853,382870.0,east_test
site_18854,382870.0,east_test
site_18855,382870.0,east_test
site_18856,382870.0,east_test
site_18857,382870.0,east_test
site_18858,382870.0,east_test
site_18859,382870.0,east_test
site_18860,382870.0,east_test
site_18861,382870.0,east_test
site_18862,382870.0,east_test
site_18863,382870.0,east_test
site_18864,382870.0,east_test
site_18865,382870.0,east_test
site_18866,382870.0,east_test
site_18867,382870.0,east_test
site_18868,382870.0,east_test
site_18869,382870.0,east_test
site_18870,382870.0,east_test
site_18871,382870.0,east_test
site_18872,382870.0,east_test
site_18873,382870.0,east_test
site_18874,382870.0,east_test
site_18875,382870.0,east_test
site_18876,382870.0,east_test
site_18877,382870.0,east_test
site_18878,382870.0,east_test
site_18879,382870.0,east_test
site_18880,382870.0,east_test
site_18881,382870.0,east_test
site_18882,382870.0,east_test
site_18883,382870.0,east_test
site_18884,382870.0,east_test
site_18885,382870.0,east_test
site_18886,382870.0,east_test
site_18887,382870.0,east_test
site_18888,382870.0,east_test
site_18889,382870.0,east_test
site_18890,382870.0,east_test
site_18891,382870.0,east_test
site_18892,382870.0,east_test
site_18893,382870.0,east_test
site_18894,382870.0,east_test
site_18895,382870.0,east_test
site_18896,382870.0,east_test
site_18897,382870.0,east_test
site_18898,382870.0,east_test
site_18899,382870.0,east_test
site_18900,382870.0,east_test
site_18901,382870.0,east_test
site_18902,382870.0,east_test
site_18903,382870.0,east_test
site_18904,382870.0,east_test
site_18905,382870.0,east_test
site_18906,382870.0,east_test
site_18907,382870.0,east_test
site_18908,382870.0,east_test
site_18909,382870.0,east_test
site_18910,382870.0,east_test
site_18911,382870.0,east_test
site_18912,382870.0,east_test
site_18913,382970.0,east_test
site_18914,382970.0,east_test
site_18915,382970.0,east_test
site_18916,382970.0,east_test
site_18917,382970.0,east_test
site_18918,382970.0,east_test
site_18919,382970.0,east_test
site_18920,382970.0,east_test
site_18921,382970.0,east_test
site_18922,382970.0,east_test
site_18923,382970.0,east_test
site_18924,382970.0,east_test
site_18925,382970.0,east_test
site_18926,382970.0,east_test
site_18927,382970.0,east_test
site_18928,382970.0,east_test
site_18929,382970.0,east_test
site_18930,382970.0,east_test
site_18931,382970.0,east_test
site_18932,382970.0,east_test
site_18933,382970.0,east_test
site_18934,382970.0,east_test
site_18935,382970.0,east_test
site_18936,382970.0,east_test
site_18937,382970.0,east_test
site_18938,382970.0,east_test
site_18939,382970.0,east_test
site_18940,382970.0,east_test
site_18941,382970.0,east_test
site_18942,382970.0,east_test
site_18943,382970.0,east_test
site_18944,382970.0,east_test
site_18945,382970.0,east_test
site_18946,382970.0,east_test
site_18947,382970.0,east_test
site_18948,382970.0,east_test
site_18949,382970.0,east_test
site_18950,382970.0,east_test
site_18951,382970.0,east_test
site_18952,382970.0,east_test
site_18953,382970.0,east_test
site_18954,382970.0,east_test
site_18955,382970.0,east_test
site_18956,382970.0,east_test
site_18957,382970.0,east_test
site_18958,382970.0,east_test
site_18959,382970.0,east_test
site_18960,382970.0,east_test
site_18961,382970.0,east_test
site_18962,382970.0,east_test
site_18963,382970.0,east_test
site_18964,382970.0,east_test
site_18965,382970.0,east_test
site_18966,382970.0,east_test
site_18967,382970.0,east_test
site_18968,382970.0,east_test
site_18969,382970.0,east_test
site_18970,382970.0,east_test
site_18971,382970.0,east_test
site_18972,382970.0,east_test
site_18973,382970.0,east_test
site_18974,382970.0,east_test
site_18975,382970.0,east_test
site_18976,382970.0,east_test
site_18977,382970.0,east_test
site_18978,382970.0,east_test
site_18979,382970.0,east_test
site_18980,382970.0,east_test
site_18981,382970.0,east_test
site_18982,382970.0,east_test
site_18983,382970.0,east_test
site_18984,383070.0,east_test
site_18985,383070.0,east_test
site_18986,383070.0,east_test
site_18987,383070.0,east_test
site_18988,383070.0,east_test
site_18989,383070.0,east_test
site_18990,383070.0,east_test
site_18991,383070.0,east_test
site_18992,383070.0,east_test
site_18993,383070.0,east_test
site_18994,383070.0,east_test
site_18995,383070.0,east_test
site_18996,383070.0,east_test
site_18997,383070.0,east_test
site_18998,383070.0,east_test
site_18999,383070.0,east_test
site_19000,383070.0,east_test
site_19001,383070.0,east_test
site_19002,383070.0,east_test
site_19003,383070.0,east_test
site_19004,383070.0,east_test
site_19005,383070.0,east_test
site_19006,383070.0,east_test
site_19007,383070.0,east_test
site_19008,383070.0,east_test
site_19009,383070.0,east_test
site_19010,383070.0,east_test
site_19011,383070.0,east_test
site_19012,383070.0,east_test
site_19013,383070.0,east_test
site_19014,383070.0,east_test
site_19015,383070.0,east_test
site_19016,383070.0,east_test
site_19017,383070.0,east_test
site_19018,383070.0,east_test
site_19019,383070.0,east_test
site_19020,383070.0,east_test
site_19021,383070.0,east_test
site_19022,383070.0,east_test
site_19023,383070.0,east_test
site_19024,383070.0,east_test
site_19025,383070.0,east_test
site_19026,383070.0,east_test
site_19027,383070.0,east_test
site_19028,383070.0,east_test
site_19029,383070.0,east_test
site_19030,383070.0,east_test
site_19031,383070.0,east_test
site_19032,383070.0,east_test
site_19033,383070.0,east_test
site_19034,383070.0,east_test
site_19035,383070.0,east_test
site_19036,383070.0,east_test
site_19037,383070.0,east_test
site_19038,383070.0,east_test
site_19039,383070.0,east_test
site_19040,383070.0,east_test
site_19041,383070.0,east_test
site_19042,383070.0,east_test
site_19043,383070.0,east_test
site_19044,383070.0,east_test
site_19045,383070.0,east_test
site_19046,383070.0,east_test
site_19047,383070.0,east_test
site_19048,383070.0,east_test
site_19049,383070.0,east_test
site_19050,383070.0,east_test
site_19051,383070.0,east_test
site_19052,383170.0,east_test
site_19053,383170.0,east_test
site_19054,383170.0,east_test
site_19055,383170.0,east_test
site_19056,383170.0,east_test
site_19057,383170.0,east_test
site_19058,383170.0,east_test
site_19059,383170.0,east_test
site_19060,383170.0,east_test
site_19061,383170.0,east_test
site_19062,383170.0,east_test
site_19063,383170.0,east_test
site_19064,383170.0,east_test
site_19065,383170.0,east_test
site_19066,383170.0,east_test
site_19067,383170.0,east_test
site_19068,383170.0,east_test
site_19069,383170.0,east_test
site_19070,383170.0,east_test
site_19071,383170.0,east_test
site_19072,383170.0,east_test
site_19073,383170.0,east_test
site_19074,383170.0,east_test
site_19075,383170.0,east_test
site_19076,383170.0,east_test
site_19077,383170.0,east_test
site_19078,383170.0,east_test
site_19079,383170.0,east_test
site_19080,383170.0,east_test
site_19081,383170.0,east_test
site_19082,383170.0,east_test
site_19083,383170.0,east_test
site_19084,383170.0,east_test
site_19085,383170.0,east_test
site_19086,383170.0,east_test
site_19087,383170.0,east_test
site_19088,383170.0,east_test
site_19089,383170.0,east_test
site_19090,383170.0,east_test
site_19091,383170.0,east_test
site_19092,383170.0,east_test
site_19093,383170.0,east_test
site_19094,383170.0,east_test
site_19095,383170.0,east_test
site_19096,383170.0,east_test
site_19097,383170.0,east_test
site_19098,383170.0,east_test
site_19099,383170.0,east_test
site_19100,383170.0,east_test
site_19101,383170.0,east_test
site_19102,383170.0,east_test
site_19103,383170.0,east_test
site_19104,383170.0,east_test
site_19105,383170.0,east_test
site_19106,383170.0,east_test
site_19107,383170.0,east_test
site_19108,383170.0,east_test
site_19109,383170.0,east_test
site_19110,383170.0,east_test
site_19111,383170.0,east_test
site_19112,383170.0,east_test
site_19113,383170.0,east_test
site_19114,383170.0,east_test
site_19115,383170.0,east_test
site_19116,383170.0,east_test
site_19117,383170.0,east_test
site_19118,383170.0,east_test
site_19119,383170.0,east_test
site_19120,383270.0,east_test
site_19121,383270.0,east_test
site_19122,383270.0,east_test
site_19123,383270.0,east_test
site_19124,383270.0,east_test
site_19125,383270.0,east_test
site_19126,383270.0,east_test
site_19127,383270.0,east_test
site_19128,383270.0,east_test
site_19129,383270.0,east_test
site_19130,383270.0,east_test
site_19131,383270.0,east_test
site_19132,383270.0,east_test
site_19133,383270.0,east_test
site_19134,383270.0,east_test
site_19135,383270.0,east_test
site_19136,383270.0,east_test
site_19137,383270.0,east_test
site_19138,383270.0,east_test
site_19139,383270.0,east_test
site_19140,383270.0,east_test
site_19141,383270.0,east_test
site_19142,383270.0,east_test
site_19143,383270.0,east_test
site_19144,383270.0,east_test
site_19145,383270.0,east_test
site_19146,383270.0,east_test
site_19147,383270.0,east_test
site_19148,383270.0,east_test
site_19149,383270.0,east_test
site_19150,383270.0,east_test
site_19151,383270.0,east_test
site_19152,383270.0,east_test
site_19153,383270.0,east_test
site_19154,383270.0,east_test
site_19155,383270.0,east_test
site_19156,383270.0,east_test
site_19157,383270.0,east_test
site_19158,383270.0,east_test
site_19159,383270.0,east_test
site_19160,383270.0,east_test
site_19161,383270.0,east_test
site_19162,383270.0,east_test
site_19163,383270.0,east_test
site_19164,383270.0,east_test
site_19165,383270.0,east_test
site_19166,383270.0,east_test
site_19167,383270.0,east_test
site_19168,383270.0,east_test
site_19169,383270.0,east_test
site_19170,383270.0,east_test
site_19171,383270.0,east_test
site_19172,383270.0,east_test
site_19173,383270.0,east_test
site_19174,383270.0,east_test
site_19175,383270.0,east_test
site_19176,383270.0,east_test
site_19177,383270.0,east_test
site_19178,383270.0,east_test
site_19179,383270.0,east_test
site_19180,383270.0,east_test
site_19181,383270.0,east_test
site_19182,383270.0,east_test
site_19183,383270.0,east_test
site_19184,383270.0,east_test
site_19185,383270.0,east_test
site_19186,383270.0,east_test
site_19187,383270.0,east_test
site_19189,383370.0,east_test
site_19190,383370.0,east_test
site_19191,383370.0,east_test
site_19192,383370.0,east_test
site_19193,383370.0,east_test
site_19194,383370.0,east_test
site_19195,383370.0,east_test
site_19196,383370.0,east_test
site_19197,383370.0,east_test
site_19198,383370.0,east_test
site_19199,383370.0,east_test
site_19200,383370.0,east_test
site_19201,383370.0,east_test
site_19202,383370.0,east_test
site_19203,383370.0,east_test
site_19204,383370.0,east_test
site_19205,383370.0,east_test
site_19206,383370.0,east_test
site_19207,383370.0,east_test
site_19208,383370.0,east_test
site_19209,383370.0,east_test
site_19210,383370.0,east_test
site_19211,383370.0,east_test
site_19212,383370.0,east_test
site_19213,383370.0,east_test
site_19214,383370.0,east_test
site_19215,383370.0,east_test
site_19216,383370.0,east_test
site_19217,383370.0,east_test
site_19218,383370.0,east_test
site_19219,383370.0,east_test
site_19220,383370.0,east_test
site_19221,383370.0,east_test
site_19222,383370.0,east_test
site_19223,383370.0,east_test
site_19224,383370.0,east_test
site_19225,383370.0,east_test
site_19226,383370.0,east_test
site_19227,383370.0,east_test
site_19228,383370.0,east_test
site_19229,383370.0,east_test
site_19230,383370.0,east_test
site_19231,383370.0,east_test
site_19232,383370.0,east_test
site_19233,383370.0,east_test
site_19234,383370.0,east_test
site_19235,383370.0,east_test
site_19236,383370.0,east_test
site_19237,383370.0,east_test
site_19238,383370.0,east_test
site_19239,383370.0,east_test
site_19240,383370.0,east_test
site_19241,383370.0,east_test
site_19242,383370.0,east_test
site_19243,383370.0,east_test
site_19244,383370.0,east_test
site_19245,383370.0,east_test
site_19246,383370.0,east_test
site_19247,383370.0,east_test
site_19248,383370.0,east_test
site_19249,383370.0,east_test
site_19250,383370.0,east_test
site_19251,383370.0,east_test
site_19252,383370.0,east_test
site_19253,383370.0,east_test
site_19254,383370.0,east_test
site_19255,383370.0,east_test
site_19256,383370.0,east_test
site_19257,383470.0,east_test
site_19258,383470.0,east_test
site_19259,383470.0,east_test
site_19260,383470.0,east_test
site_19261,383470.0,east_test
site_19262,383470.0,east_test
site_19263,383470.0,east_test
site_19264,383470.0,east_test
site_19265,383470.0,east_test
site_19266,383470.0,east_test
site_19267,383470.0,east_test
site_19268,383470.0,east_test
site_19269,383470.0,east_test
site_19270,383470.0,east_test
site_19271,383470.0,east_test
site_19272,383470.0,east_test
site_19273,383470.0,east_test
site_19274,383470.0,east_test
site_19275,383470.0,east_test
site_19276,383470.0,east_test
site_19277,383470.0,east_test
site_19278,383470.0,east_test
site_19279,383470.0,east_test
site_19280,383470.0,east_test
site_19281,383470.0,east_test
site_19282,383470.0,east_test
site_19283,383470.0,east_test
site_19284,383470.0,east_test
site_19285,383470.0,east_test
site_19286,383470.0,east_test
site_19287,383470.0,east_test
site_19288,383470.0,east_test
site_19289,383470.0,east_test
site_19290,383470.0,east_test
site_19291,383470.0,east_test
site_19292,383470.0,east_test
site_19293,383470.0,east_test
site_19294,383470.0,east_test
site_19295,383470.0,east_test
site_19296,383470.0,east_test
site_19297,383470.0,east_test
site_19298,383470.0,east_test
site_19299,383470.0,east_test
site_19300,383470.0,east_test
site_19301,383470.0,east_test
site_19302,383470.0,east_test
site_19303,383470.0,east_test
site_19304,383470.0,east_test
site_19305,383470.0,east_test
site_19306,383470.0,east_test
site_19307,383470.0,east_test
site_19308,383470.0,east_test
site_19309,383470.0,east_test
site_19310,383470.0,east_test
site_19311,383470.0,east_test
site_19312,383470.0,east_test
site_19313,383470.0,east_test
site_19314,383470.0,east_test
site_19315,383470.0,east_test
site_19316,383470.0,east_test
site_19317,383470.0,east_test
site_19318,383470.0,east_test
site_19319,383470.0,east_test
site_19320,383470.0,east_test
site_19321,383470.0,east_test
site_19322,383470.0,east_test
site_19323,383470.0,east_test
site_19324,383470.0,east_test
site_19325,383470.0,east_test
site_19326,383470.0,east_test
site_19327,383570.0,east_test
site_19328,383570.0,east_test
site_19329,383570.0,east_test
site_19330,383570.0,east_test
site_19331,383570.0,east_test
site_19332,383570.0,east_test
site_19333,383570.0,east_test
site_19334,383570.0,east_test
site_19335,383570.0,east_test
site_19336,383570.0,east_test
site_19337,383570.0,east_test
site_19338,383570.0,east_test
site_19339,383570.0,east_test
site_19340,383570.0,east_test
site_19341,383570.0,east_test
site_19342,383570.0,east_test
site_19343,383570.0,east_test
site_19344,383570.0,east_test
site_19345,383570.0,east_test
site_19346,383570.0,east_test
site_19347,383570.0,east_test
site_19348,383570.0,east_test
site_19349,383570.0,east_test
site_19350,383570.0,east_test
site_19351,383570.0,east_test
site_19352,383570.0,east_test
site_19353,383570.0,east_test
site_19354,383570.0,east_test
site_19355,383570.0,east_test
site_19356,383570.0,east_test
site_19357,383570.0,east_test
site_19358,383570.0,east_test
site_19359,383570.0,east_test
site_19360,383570.0,east_test
site_19361,383570.0,east_test
site_19362,383570.0,east_test
site_19363,383570.0,east_test
site_19364,383570.0,east_test
site_19365,383570.0,east_test
site_19366,383570.0,east_test
site_19367,383570.0,east_test
site_19368,383570.0,east_test
site_19369,383570.0,east_test
site_19370,383570.0,east_test
site_19371,383570.0,east_test
site_19372,383570.0,east_test
site_19373,383570.0,east_test
site_19374,383570.0,east_test
site_19375,383570.0,east_test
site_19376,383570.0,east_test
site_19377,383570.0,east_test
site_19378,383570.0,east_test
site_19379,383570.0,east_test
site_19380,383570.0,east_test
site_19381,383570.0,east_test
site_19382,383570.0,east_test
site_19383,383570.0,east_test
site_19384,383570.0,east_test
site_19385,383570.0,east_test
site_19386,383570.0,east_test
site_19387,383570.0,east_test
site_19388,383570.0,east_test
site_19389,383570.0,east_test
site_19390,383570.0,east_test
site_19391,383570.0,east_test
site_19392,383570.0,east_test
site_19393,383570.0,east_test
site_19394,383570.0,east_test
site_19395,383570.0,east_test
site_19396,383570.0,east_test
site_19397,383670.0,east_test
site_19398,383670.0,east_test
site_19399,383670.0,east_test
site_19400,383670.0,east_test
site_19401,383670.0,east_test
site_19402,383670.0,east_test
site_19403,383670.0,east_test
site_19404,383670.0,east_test
site_19405,383670.0,east_test
site_19406,383670.0,east_test
site_19407,383670.0,east_test
site_19408,383670.0,east_test
site_19409,383670.0,east_test
site_19410,383670.0,east_test
site_19411,383670.0,east_test
site_19412,383670.0,east_test
site_19413,383670.0,east_test
site_19414,383670.0,east_test
site_19415,383670.0,east_test
site_19416,383670.0,east_test
site_19417,383670.0,east_test
site_19418,383670.0,east_test
site_19419,383670.0,east_test
site_19420,383670.0,east_test
site_19421,383670.0,east_test
site_19422,383670.0,east_test
site_19423,383670.0,east_test
site_19424,383670.0,east_test
site_19425,383670.0,east_test
site_19426,383670.0,east_test
site_19427,383670.0,east_test
site_19428,383670.0,east_test
site_19429,383670.0,east_test
site_19430,383670.0,east_test
site_19431,383670.0,east_test
site_19432,383670.0,east_test
site_19433,383670.0,east_test
site_19434,383670.0,east_test
site_19435,383670.0,east_test
site_19436,383670.0,east_test
site_19437,383670.0,east_test
site_19438,383670.0,east_test
site_19439,383670.0,east_test
site_19440,383670.0,east_test
site_19441,383670.0,east_test
site_19442,383670.0,east_test
site_19443,383670.0,east_test
site_19444,383670.0,east_test
site_19445,383670.0,east_test
site_19446,383670.0,east_test
site_19447,383670.0,east_test
site_19448,383670.0,east_test
site_19449,383670.0,east_test
site_19450,383670.0,east_test
site_19451,383670.0,east_test
site_19452,383670.0,east_test
site_19453,383670.0,east_test
site_19454,383670.0,east_test
site_19455,383670.0,east_test
site_19456,383670.0,east_test
site_19457,383670.0,east_test
site_19458,383670.0,east_test
site_19459,383670.0,east_test
site_19460,383670.0,east_test
site_19461,383670.0,east_test
site_19462,383670.0,east_test
site_19463,383670.0,east_test
site_19464,383670.0,east_test
site_19465,383670.0,east_test
site_19466,383670.0,east_test
site_19468,383770.0,east_test
site_19469,383770.0,east_test
site_19470,383770.0,east_test
site_19471,383770.0,east_test
site_19472,383770.0,east_test
site_19473,383770.0,east_test
site_19474,383770.0,east_test
site_19475,383770.0,east_test
site_19476,383770.0,east_test
site_19477,383770.0,east_test
site_19478,383770.0,east_test
site_19479,383770.0,east_test
site_19480,383770.0,east_test
site_19481,383770.0,east_test
site_19482,383770.0,east_test
site_19483,383770.0,east_test
site_19484,383770.0,east_test
site_19485,383770.0,east_test
site_19486,383770.0,east_test
site_19487,383770.0,east_test
site_19488,383770.0,east_test
site_19489,383770.0,east_test
site_19490,383770.0,east_test
site_19491,383770.0,east_test
site_19492,383770.0,east_test
site_19493,383770.0,east_test
site_19494,383770.0,east_test
site_19495,383770.0,east_test
site_19496,383770.0,east_test
site_19497,383770.0,east_test
site_19498,383770.0,east_test
site_19499,383770.0,east_test
site_19500,383770.0,east_test
site_19501,383770.0,east_test
site_19502,383770.0,east_test
site_19503,383770.0,east_test
site_19504,383770.0,east_test
site_19505,383770.0,east_test
site_19506,383770.0,east_test
site_19507,383770.0,east_test
site_19508,383770.0,east_test
site_19509,383770.0,east_test
site_19510,383770.0,east_test
site_19511,383770.0,east_test
site_19512,383770.0,east_test
site_19513,383770.0,east_test
site_19514,383770.0,east_test
site_19515,383770.0,east_test
site_19516,383770.0,east_test
site_19517,383770.0,east_test
site_19518,383770.0,east_test
site_19519,383770.0,east_test
site_19520,383770.0,east_test
site_19521,383770.0,east_test
site_19522,383770.0,east_test
site_19523,383770.0,east_test
site_19524,383770.0,east_test
site_19525,383770.0,east_test
site_19526,383770.0,east_test
site_19527,383770.0,east_test
site_19528,383770.0,east_test
site_19529,383770.0,east_test
site_19530,383770.0,east_test
site_19531,383770.0,east_test
site_19532,383770.0,east_test
site_19533,383770.0,east_test
site_19534,383770.0,east_test
site_19535,383770.0,east_test
site_19536,383770.0,east_test
site_19537,383770.0,east_test
site_19538,383870.0,east_test
site_19539,383870.0,east_test
site_19540,383870.0,east_test
site_19541,383870.0,east_test
site_19542,383870.0,east_test
site_19543,383870.0,east_test
site_19544,383870.0,east_test
site_19545,383870.0,east_test
site_19546,383870.0,east_test
site_19547,383870.0,east_test
site_19548,383870.0,east_test
site_19549,383870.0,east_test
site_19550,383870.0,east_test
site_19551,383870.0,east_test
site_19552,383870.0,east_test
site_19553,383870.0,east_test
site_19554,383870.0,east_test
site_19555,383870.0,east_test
site_19556,383870.0,east_test
site_19557,383870.0,east_test
site_19558,383870.0,east_test
site_19559,383870.0,east_test
site_19560,383870.0,east_test
site_19561,383870.0,east_test
site_19562,383870.0,east_test
site_19563,383870.0,east_test
site_19564,383870.0,east_test
site_19565,383870.0,east_test
site_19566,383870.0,east_test
site_19567,383870.0,east_test
site_19568,383870.0,east_test
site_19569,383870.0,east_test
site_19570,383870.0,east_test
site_19571,383870.0,east_test
site_19572,383870.0,east_test
site_19573,383870.0,east_test
site_19574,383870.0,east_test
site_19575,383870.0,east_test
site_19576,383870.0,east_test
site_19577,383870.0,east_test
site_19578,383870.0,east_test
site_19579,383870.0,east_test
site_19580,383870.0,east_test
site_19581,383870.0,east_test
site_19582,383870.0,east_test
site_19583,383870.0,east_test
site_19584,383870.0,east_test
site_19585,383870.0,east_test
site_19586,383870.0,east_test
site_19587,383870.0,east_test
site_19588,383870.0,east_test
site_19589,383870.0,east_test
site_19590,383870.0,east_test
site_19591,383870.0,east_test
site_19592,383870.0,east_test
site_19593,383870.0,east_test
site_19594,383870.0,east_test
site_19595,383870.0,east_test
site_19596,383870.0,east_test
site_19597,383870.0,east_test
site_19598,383870.0,east_test
site_19599,383870.0,east_test
site_19600,383870.0,east_test
site_19601,383870.0,east_test
site_19602,383870.0,east_test
site_19603,383870.0,east_test
site_19604,383870.0,east_test
site_19605,383870.0,east_test
site_19606,383870.0,east_test
site_19607,383870.0,east_test
site_19608,383870.0,east_test
site_19609,383970.0,east_test
site_19610,383970.0,east_test
site_19611,383970.0,east_test
site_19612,383970.0,east_test
site_19613,383970.0,east_test
site_19614,383970.0,east_test
site_19615,383970.0,east_test
site_19616,383970.0,east_test
site_19617,383970.0,east_test
site_19618,383970.0,east_test
site_19619,383970.0,east_test
site_19620,383970.0,east_test
site_19621,383970.0,east_test
site_19622,383970.0,east_test
site_19623,383970.0,east_test
site_19624,383970.0,east_test
site_19625,383970.0,east_test
site_19626,383970.0,east_test
site_19627,383970.0,east_test
site_19628,383970.0,east_test
site_19629,383970.0,east_test
site_19630,383970.0,east_test
site_19631,383970.0,east_test
site_19632,383970.0,east_test
site_19633,383970.0,east_test
site_19634,383970.0,east_test
site_19635,383970.0,east_test
site_19636,383970.0,east_test
site_19637,383970.0,east_test
site_19638,383970.0,east_test
site_19639,383970.0,east_test
site_19640,383970.0,east_test
site_19641,383970.0,east_test
site_19642,383970.0,east_test
site_19643,383970.0,east_test
site_19644,383970.0,east_test
site_19645,383970.0,east_test
site_19646,383970.0,east_test
site_19647,383970.0,east_test
site_19648,383970.0,east_test
site_19649,383970.0,east_test
site_19650,383970.0,east_test
site_19651,383970.0,east_test
site_19652,383970.0,east_test
site_19653,383970.0,east_test
site_19654,383970.0,east_test
site_19655,383970.0,east_test
site_19656,383970.0,east_test
site_19657,383970.0,east_test
site_19658,383970.0,east_test
site_19659,383970.0,east_test
site_19660,383970.0,east_test
site_19661,383970.0,east_test
site_19662,383970.0,east_test
site_19663,383970.0,east_test
site_19664,383970.0,east_test
site_19665,383970.0,east_test
site_19666,383970.0,east_test
site_19667,383970.0,east_test
site_19668,383970.0,east_test
site_19669,383970.0,east_test
site_19670,383970.0,east_test
site_19671,383970.0,east_test
site_19672,383970.0,east_test
site_19673,383970.0,east_test
site_19674,383970.0,east_test
site_19675,383970.0,east_test
site_19676,383970.0,east_test
site_19677,383970.0,east_test
site_19678,383970.0,east_test
site_19679,384070.0,east_test
site_19680,384070.0,east_test
site_19681,384070.0,east_test
site_19682,384070.0,east_test
site_19683,384070.0,east_test
site_19684,384070.0,east_test
site_19685,384070.0,east_test
site_19686,384070.0,east_test
site_19687,384070.0,east_test
site_19688,384070.0,east_test
site_19689,384070.0,east_test
site_19690,384070.0,east_test
site_19691,384070.0,east_test
site_19692,384070.0,east_test
site_19693,384070.0,east_test
site_19694,384070.0,east_test
site_19695,384070.0,east_test
site_19696,384070.0,east_test
site_19697,384070.0,east_test
site_19698,384070.0,east_test
site_19699,384070.0,east_test
site_19700,384070.0,east_test
site_19701,384070.0,east_test
site_19702,384070.0,east_test
site_19703,384070.0,east_test
site_19704,384070.0,east_test
site_19705,384070.0,east_test
site_19706,384070.0,east_test
site_19707,384070.0,east_test
site_19708,384070.0,east_test
site_19709,384070.0,east_test
site_19710,384070.0,east_test
site_19711,384070.0,east_test
site_19712,384070.0,east_test
site_19713,384070.0,east_test
site_19714,384070.0,east_test
site_19715,384070.0,east_test
site_19716,384070.0,east_test
site_19717,384070.0,east_test
site_19718,384070.0,east_test
site_19719,384070.0,east_test
site_19720,384070.0,east_test
site_19721,384070.0,east_test
site_19722,384070.0,east_test
site_19723,384070.0,east_test
site_19724,384070.0,east_test
site_19725,384070.0,east_test
site_19726,384070.0,east_test
site_19727,384070.0,east_test
site_19728,384070.0,east_test
site_19729,384070.0,east_test
site_19730,384070.0,east_test
site_19731,384070.0,east_test
site_19732,384070.0,east_test
site_19733,384070.0,east_test
site_19734,384070.0,east_test
site_19735,384070.0,east_test
site_19736,384070.0,east_test
site_19737,384070.0,east_test
site_19738,384070.0,east_test
site_19739,384070.0,east_test
site_19740,384070.0,east_test
site_19741,384070.0,east_test
site_19742,384070.0,east_test
site_19743,384070.0,east_test
site_19744,384070.0,east_test
site_19745,384070.0,east_test
site_19746,384070.0,east_test
site_19747,384070.0,east_test
site_19748,384170.0,east_test
site_19749,384170.0,east_test
site_19750,384170.0,east_test
site_19751,384170.0,east_test
site_19752,384170.0,east_test
site_19753,384170.0,east_test
site_19754,384170.0,east_test
site_19755,384170.0,east_test
site_19756,384170.0,east_test
site_19757,384170.0,east_test
site_19758,384170.0,east_test
site_19759,384170.0,east_test
site_19760,384170.0,east_test
site_19761,384170.0,east_test
site_19762,384170.0,east_test
site_19763,384170.0,east_test
site_19764,384170.0,east_test
site_19765,384170.0,east_test
site_19766,384170.0,east_test
site_19767,384170.0,east_test
site_19768,384170.0,east_test
site_19769,384170.0,east_test
site_19770,384170.0,east_test
site_19771,384170.0,east_test
site_19772,384170.0,east_test
site_19773,384170.0,east_test
site_19774,384170.0,east_test
site_19775,384170.0,east_test
site_19776,384170.0,east_test
site_19777,384170.0,east_test
site_19778,384170.0,east_test
site_19779,384170.0,east_test
site_19780,384170.0,east_test
site_19781,384170.0,east_test
site_19782,384170.0,east_test
site_19783,384170.0,east_test
site_19784,384170.0,east_test
site_19785,384170.0,east_test
site_19786,384170.0,east_test
site_19787,384170.0,east_test
site_19788,384170.0,east_test
site_19789,384170.0,east_test
site_19790,384170.0,east_test
site_19791,384170.0,east_test
site_19792,384170.0,east_test
site_19793,384170.0,east_test
site_19794,384170.0,east_test
site_19795,384170.0,east_test
site_19796,384170.0,east_test
site_19797,384170.0,east_test
site_19798,384170.0,east_test
site_19799,384170.0,east_test
site_19800,384170.0,east_test
site_19801,384170.0,east_test
site_19802,384170.0,east_test
site_19803,384170.0,east_test
site_19804,384170.0,east_test
site_19805,384170.0,east_test
site_19806,384170.0,east_test
site_19807,384170.0,east_test
site_19808,384170.0,east_test
site_19809,384170.0,east_test
site_19810,384170.0,east_test
site_19811,384170.0,east_test
site_19812,384170.0,east_test
site_19813,384270.0,east_test
site_19814,384270.0,east_test
site_19815,384270.0,east_test
site_19816,384270.0,east_test
site_19817,384270.0,east_test
site_19818,384270.0,east_test
site_19819,384270.0,east_test
site_19820,384270.0,east_test
site_19821,384270.0,east_test
site_19822,384270.0,east_test
site_19823,384270.0,east_test
site_19824,384270.0,east_test
site_19825,384270.0,east_test
site_19826,384270.0,east_test
site_19827,384270.0,east_test
site_19828,384270.0,east_test
site_19829,384270.0,east_test
site_19830,384270.0,east_test
site_19831,384270.0,east_test
site_19832,384270.0,east_test
site_19833,384270.0,east_test
site_19834,384270.0,east_test
site_19835,384270.0,east_test
site_19836,384270.0,east_test
site_19837,384270.0,east_test
site_19838,384270.0,east_test
site_19839,384270.0,east_test
site_19840,384270.0,east_test
site_19841,384270.0,east_test
site_19842,384270.0,east_test
site_19843,384270.0,east_test
site_19845,384270.0,east_test
site_19846,384270.0,east_test
site_19847,384270.0,east_test
site_19848,384270.0,east_test
site_19849,384270.0,east_test
site_19850,384270.0,east_test
site_19851,384270.0,east_test
site_19852,384270.0,east_test
site_19853,384270.0,east_test
site_19854,384270.0,east_test
site_19855,384270.0,east_test
site_19856,384270.0,east_test
site_19857,384270.0,east_test
site_19858,384270.0,east_test
site_19859,384270.0,east_test
site_19860,384270.0,east_test
site_19861,384270.0,east_test
site_19862,384270.0,east_test
site_19863,384270.0,east_test
site_19864,384270.0,east_test
site_19865,384270.0,east_test
site_19866,384270.0,east_test
site_19867,384270.0,east_test
site_19868,384270.0,east_test
site_19869,384270.0,east_test
site_19870,384270.0,east_test
site_19871,384270.0,east_test
site_19872,384270.0,east_test
site_19873,384270.0,east_test
site_19874,384270.0,east_test
site_19875,384270.0,east_test
site_19876,384270.0,east_test
site_19877,384270.0,east_test
site_19878,384370.0,east_test
site_19879,384370.0,east_test
site_19880,384370.0,east_test
site_19881,384370.0,east_test
site_19882,384370.0,east_test
site_19883,384370.0,east_test
site_19884,384370.0,east_test
site_19885,384370.0,east_test
site_19886,384370.0,east_test
site_19887,384370.0,east_test
site_19888,384370.0,east_test
site_19889,384370.0,east_test
site_19890,384370.0,east_test
site_19891,384370.0,east_test
site_19892,384370.0,east_test
site_19893,384370.0,east_test
site_19894,384370.0,east_test
site_19895,384370.0,east_test
site_19896,384370.0,east_test
site_19897,384370.0,east_test
site_19898,384370.0,east_test
site_19899,384370.0,east_test
site_19900,384370.0,east_test
site_19901,384370.0,east_test
site_19902,384370.0,east_test
site_19903,384370.0,east_test
site_19904,384370.0,east_test
site_19905,384370.0,east_test
site_19906,384370.0,east_test
site_19907,384370.0,east_test
site_19908,384370.0,east_test
site_19909,384370.0,east_test
site_19910,384370.0,east_test
site_19911,384370.0,east_test
site_19912,384370.0,east_test
site_19913,384370.0,east_test
site_19914,384370.0,east_test
site_19915,384370.0,east_test
site_19916,384370.0,east_test
site_19917,384370.0,east_test
site_19918,384370.0,east_test
site_19919,384370.0,east_test
site_19920,384370.0,east_test
site_19921,384370.0,east_test
site_19922,384370.0,east_test
site_19923,384370.0,east_test
site_19924,384370.0,east_test
site_19925,384370.0,east_test
site_19926,384370.0,east_test
site_19927,384370.0,east_test
site_19928,384370.0,east_test
site_19929,384370.0,east_test
site_19930,384370.0,east_test
site_19931,384370.0,east_test
site_19932,384370.0,east_test
site_19933,384370.0,east_test
site_19934,384370.0,east_test
site_19935,384370.0,east_test
site_19936,384370.0,east_test
site_19937,384370.0,east_test
site_19938,384370.0,east_test
site_19939,384370.0,east_test
site_19940,384370.0,east_test
site_19941,384370.0,east_test
site_19942,384470.0,east_test
site_19943,384470.0,east_test
site_19944,384470.0,east_test
site_19945,384470.0,east_test
site_19946,384470.0,east_test
site_19947,384470.0,east_test
site_19948,384470.0,east_test
site_19949,384470.0,east_test
site_19950,384470.0,east_test
site_19951,384470.0,east_test
site_19952,384470.0,east_test
site_19953,384470.0,east_test
site_19954,384470.0,east_test
site_19955,384470.0,east_test
site_19956,384470.0,east_test
site_19957,384470.0,east_test
site_19958,384470.0,east_test
site_19959,384470.0,east_test
site_19960,384470.0,east_test
site_19961,384470.0,east_test
site_19962,384470.0,east_test
site_19963,384470.0,east_test
site_19964,384470.0,east_test
site_19965,384470.0,east_test
site_19966,384470.0,east_test
site_19967,384470.0,east_test
site_19968,384470.0,east_test
site_19969,384470.0,east_test
site_19970,384470.0,east_test
site_19971,384470.0,east_test
site_19972,384470.0,east_test
site_19973,384470.0,east_test
site_19974,384470.0,east_test
site_19975,384470.0,east_test
site_19976,384470.0,east_test
site_19977,384470.0,east_test
site_19978,384470.0,east_test
site_19979,384470.0,east_test
site_19980,384470.0,east_test
site_19981,384470.0,east_test
site_19982,384470.0,east_test
site_19983,384470.0,east_test
site_19984,384470.0,east_test
site_19985,384470.0,east_test
site_19986,384470.0,east_test
site_19987,384470.0,east_test
site_19988,384470.0,east_test
site_19989,384470.0,east_test
site_19990,384470.0,east_test
site_19991,384470.0,east_test
site_19992,384470.0,east_test
site_19993,384470.0,east_test
site_19994,384470.0,east_test
site_19995,384470.0,east_test
site_19996,384470.0,east_test
site_19997,384470.0,east_test
site_19998,384470.0,east_test
site_19999,384470.0,east_test
site_20000,384470.0,east_test
site_20001,384470.0,east_test
site_20002,384470.0,east_test
site_20003,384470.0,east_test
site_20004,384470.0,east_test
site_20005,384470.0,east_test
site_20006,384470.0,east_test
site_20007,384470.0,east_test
site_20008,384470.0,east_test
site_20009,384570.0,east_test
site_20010,384570.0,east_test
site_20011,384570.0,east_test
site_20012,384570.0,east_test
site_20013,384570.0,east_test
site_20014,384570.0,east_test
site_20015,384570.0,east_test
site_20016,384570.0,east_test
site_20017,384570.0,east_test
site_20018,384570.0,east_test
site_20019,384570.0,east_test
site_20020,384570.0,east_test
site_20021,384570.0,east_test
site_20022,384570.0,east_test
site_20023,384570.0,east_test
site_20024,384570.0,east_test
site_20025,384570.0,east_test
site_20026,384570.0,east_test
site_20027,384570.0,east_test
site_20028,384570.0,east_test
site_20029,384570.0,east_test
site_20030,384570.0,east_test
site_20031,384570.0,east_test
site_20032,384570.0,east_test
site_20033,384570.0,east_test
site_20034,384570.0,east_test
site_20035,384570.0,east_test
site_20036,384570.0,east_test
site_20037,384570.0,east_test
site_20038,384570.0,east_test
site_20039,384570.0,east_test
site_20040,384570.0,east_test
site_20041,384570.0,east_test
site_20042,384570.0,east_test
site_20043,384570.0,east_test
site_20044,384570.0,east_test
site_20045,384570.0,east_test
site_20046,384570.0,east_test
site_20047,384570.0,east_test
site_20048,384570.0,east_test
site_20049,384570.0,east_test
site_20050,384570.0,east_test
site_20051,384570.0,east_test
site_20052,384570.0,east_test
site_20053,384570.0,east_test
site_20054,384570.0,east_test
site_20055,384570.0,east_test
site_20056,384570.0,east_test
site_20057,384570.0,east_test
site_20058,384570.0,east_test
site_20059,384570.0,east_test
site_20060,384570.0,east_test
site_20061,384570.0,east_test
site_20062,384570.0,east_test
site_20063,384570.0,east_test
site_20064,384570.0,east_test
site_20065,384570.0,east_test
site_20066,384570.0,east_test
site_20067,384570.0,east_test
site_20068,384570.0,east_test
site_20069,384570.0,east_test
site_20070,384570.0,east_test
site_20071,384570.0,east_test
site_20072,384570.0,east_test
site_20073,384570.0,east_test
site_20074,384570.0,east_test
site_20075,384570.0,east_test
site_20076,384570.0,east_test
site_20079,384670.0,east_test
site_20080,384670.0,east_test
site_20081,384670.0,east_test
site_20082,384670.0,east_test
site_20083,384670.0,east_test
site_20084,384670.0,east_test
site_20085,384670.0,east_test
site_20086,384670.0,east_test
site_20087,384670.0,east_test
site_20088,384670.0,east_test
site_20089,384670.0,east_test
site_20090,384670.0,east_test
site_20091,384670.0,east_test
site_20092,384670.0,east_test
site_20093,384670.0,east_test
site_20094,384670.0,east_test
site_20095,384670.0,east_test
site_20096,384670.0,east_test
site_20097,384670.0,east_test
site_20098,384670.0,east_test
site_20099,384670.0,east_test
site_20100,384670.0,east_test
site_20101,384670.0,east_test
site_20102,384670.0,east_test
site_20103,384670.0,east_test
site_20104,384670.0,east_test
site_20105,384670.0,east_test
site_20106,384670.0,east_test
site_20107,384670.0,east_test
site_20108,384670.0,east_test
site_20109,384670.0,east_test
site_20110,384670.0,east_test
site_20111,384670.0,east_test
site_20112,384670.0,east_test
site_20113,384670.0,east_test
site_20114,384670.0,east_test
site_20115,384670.0,east_test
site_20116,384670.0,east_test
site_20117,384670.0,east_test
site_20118,384670.0,east_test
site_20119,384670.0,east_test
site_20120,384670.0,east_test
site_20121,384670.0,east_test
site_20122,384670.0,east_test
site_20123,384670.0,east_test
site_20124,384670.0,east_test
site_20125,384670.0,east_test
site_20126,384670.0,east_test
site_20127,384670.0,east_test
site_20128,384670.0,east_test
site_20129,384670.0,east_test
site_20130,384670.0,east_test
site_20131,384670.0,east_test
site_20132,384670.0,east_test
site_20133,384670.0,east_test
site_20134,384670.0,east_test
site_20135,384670.0,east_test
site_20136,384670.0,east_test
site_20137,384670.0,east_test
site_20138,384670.0,east_test
site_20139,384670.0,east_test
site_20140,384670.0,east_test
site_20141,384670.0,east_test
site_20142,384670.0,east_test
site_20143,384670.0,east_test
site_20144,384670.0,east_test
site_20145,384670.0,east_test
site_20146,384670.0,east_test
site_20147,384670.0,east_test
site_20148,384670.0,east_test
site_20149,384770.0,east_test
site_20150,384770.0,east_test
site_20151,384770.0,east_test
site_20152,384770.0,east_test
site_20153,384770.0,east_test
site_20154,384770.0,east_test
site_20155,384770.0,east_test
site_20156,384770.0,east_test
site_20157,384770.0,east_test
site_20158,384770.0,east_test
site_20159,384770.0,east_test
site_20160,384770.0,east_test
site_20161,384770.0,east_test
site_20162,384770.0,east_test
site_20163,384770.0,east_test
site_20164,384770.0,east_test
site_20165,384770.0,east_test
site_20166,384770.0,east_test
site_20167,384770.0,east_test
site_20168,384770.0,east_test
site_20169,384770.0,east_test
site_20170,384770.0,east_test
site_20171,384770.0,east_test
site_20172,384770.0,east_test
site_20173,384770.0,east_test
site_20174,384770.0,east_test
site_20175,384770.0,east_test
site_20176,384770.0,east_test
site_20177,384770.0,east_test
site_20178,384770.0,east_test
site_20179,384770.0,east_test
site_20180,384770.0,east_test
site_20181,384770.0,east_test
site_20182,384770.0,east_test
site_20183,384770.0,east_test
site_20184,384770.0,east_test
site_20185,384770.0,east_test
site_20186,384770.0,east_test
site_20187,384770.0,east_test
site_20188,384770.0,east_test
site_20189,384770.0,east_test
site_20190,384770.0,east_test
site_20191,384770.0,east_test
site_20192,384770.0,east_test
site_20193,384770.0,east_test
site_20194,384770.0,east_test
site_20195,384770.0,east_test
site_20196,384770.0,east_test
site_20197,384770.0,east_test
site_20198,384770.0,east_test
site_20199,384770.0,east_test
site_20200,384770.0,east_test
site_20201,384770.0,east_test
site_20202,384770.0,east_test
site_20203,384770.0,east_test
site_20204,384770.0,east_test
site_20205,384770.0,east_test
site_20206,384770.0,east_test
site_20207,384770.0,east_test
site_20208,384770.0,east_test
site_20209,384770.0,east_test
site_20210,384770.0,east_test
site_20211,384770.0,east_test
site_20212,384770.0,east_test
site_20213,384770.0,east_test
site_20214,384770.0,east_test
site_20215,384770.0,east_test
site_20216,384770.0,east_test
site_20217,384770.0,east_test
site_20218,384770.0,east_test
site_20219,384770.0,east_test
site_20220,384870.0,east_test
site_20221,384870.0,east_test
site_20222,384870.0,east_test
site_20223,384870.0,east_test
site_20224,384870.0,east_test
site_20225,384870.0,east_test
site_20226,384870.0,east_test
site_20227,384870.0,east_test
site_20228,384870.0,east_test
site_20229,384870.0,east_test
site_20230,384870.0,east_test
site_20231,384870.0,east_test
site_20232,384870.0,east_test
site_20233,384870.0,east_test
site_20234,384870.0,east_test
site_20235,384870.0,east_test
site_20236,384870.0,east_test
site_20237,384870.0,east_test
site_20238,384870.0,east_test
site_20239,384870.0,east_test
site_20240,384870.0,east_test
site_20241,384870.0,east_test
site_20242,384870.0,east_test
site_20243,384870.0,east_test
site_20244,384870.0,east_test
site_20245,384870.0,east_test
site_20246,384870.0,east_test
site_20247,384870.0,east_test
site_20248,384870.0,east_test
site_20249,384870.0,east_test
site_20250,384870.0,east_test
site_20251,384870.0,east_test
site_20252,384870.0,east_test
site_20253,384870.0,east_test
site_20254,384870.0,east_test
site_20255,384870.0,east_test
site_20256,384870.0,east_test
site_20257,384870.0,east_test
site_20258,384870.0,east_test
site_20259,384870.0,east_test
site_20260,384870.0,east_test
site_20261,384870.0,east_test
site_20262,384870.0,east_test
site_20263,384870.0,east_test
site_20264,384870.0,east_test
site_20265,384870.0,east_test
site_20266,384870.0,east_test
site_20267,384870.0,east_test
site_20268,384870.0,east_test
site_20269,384870.0,east_test
site_20270,384870.0,east_test
site_20271,384870.0,east_test
site_20272,384870.0,east_test
site_20273,384870.0,east_test
site_20274,384870.0,east_test
site_20275,384870.0,east_test
site_20276,384870.0,east_test
site_20277,384870.0,east_test
site_20278,384870.0,east_test
site_20279,384870.0,east_test
site_20280,384870.0,east_test
site_20281,384870.0,east_test
site_20282,384870.0,east_test
site_20283,384870.0,east_test
site_20284,384870.0,east_test
site_20285,384870.0,east_test
site_20286,384870.0,east_test
site_20287,384870.0,east_test
site_20288,384870.0,east_test
site_20289,384870.0,east_test
site_20290,384970.0,east_test
site_20291,384970.0,east_test
site_20292,384970.0,east_test
site_20293,384970.0,east_test
site_20294,384970.0,east_test
site_20295,384970.0,east_test
site_20296,384970.0,east_test
site_20297,384970.0,east_test
site_20298,384970.0,east_test
site_20299,384970.0,east_test
site_20300,384970.0,east_test
site_20301,384970.0,east_test
site_20302,384970.0,east_test
site_20303,384970.0,east_test
site_20304,384970.0,east_test
site_20305,384970.0,east_test
site_20306,384970.0,east_test
site_20307,384970.0,east_test
site_20308,384970.0,east_test
site_20309,384970.0,east_test
site_20310,384970.0,east_test
site_20311,384970.0,east_test
site_20312,384970.0,east_test
site_20313,384970.0,east_test
site_20314,384970.0,east_test
site_20315,384970.0,east_test
site_20316,384970.0,east_test
site_20317,384970.0,east_test
site_20318,384970.0,east_test
site_20319,384970.0,east_test
site_20320,384970.0,east_test
site_20321,384970.0,east_test
site_20322,384970.0,east_test
site_20323,384970.0,east_test
site_20324,384970.0,east_test
site_20325,384970.0,east_test
site_20326,384970.0,east_test
site_20327,384970.0,east_test
site_20328,384970.0,east_test
site_20329,384970.0,east_test
site_20330,384970.0,east_test
site_20331,384970.0,east_test
site_20332,384970.0,east_test
site_20333,384970.0,east_test
site_20334,384970.0,east_test
site_20335,384970.0,east_test
site_20336,384970.0,east_test
site_20337,384970.0,east_test
site_20338,384970.0,east_test
site_20339,384970.0,east_test
site_20340,384970.0,east_test
site_20341,384970.0,east_test
site_20342,384970.0,east_test
site_20343,384970.0,east_test
site_20344,384970.0,east_test
site_20345,384970.0,east_test
site_20346,384970.0,east_test
site_20347,384970.0,east_test
site_20348,384970.0,east_test
site_20349,384970.0,east_test
site_20350,384970.0,east_test
site_20351,384970.0,east_test
site_20352,384970.0,east_test
site_20353,384970.0,east_test
site_20354,384970.0,east_test
site_20355,384970.0,east_test
site_20356,384970.0,east_test
site_20357,384970.0,east_test
site_20358,384970.0,east_test
site_20359,384970.0,east_test
site_20360,384970.0,east_test
site_20361,385070.0,east_test
site_20362,385070.0,east_test
site_20363,385070.0,east_test
site_20364,385070.0,east_test
site_20365,385070.0,east_test
site_20366,385070.0,east_test
site_20367,385070.0,east_test
site_20368,385070.0,east_test
site_20369,385070.0,east_test
site_20370,385070.0,east_test
site_20371,385070.0,east_test
site_20372,385070.0,east_test
site_20373,385070.0,east_test
site_20374,385070.0,east_test
site_20375,385070.0,east_test
site_20376,385070.0,east_test
site_20377,385070.0,east_test
site_20378,385070.0,east_test
site_20379,385070.0,east_test
site_20380,385070.0,east_test
site_20381,385070.0,east_test
site_20382,385070.0,east_test
site_20383,385070.0,east_test
site_20384,385070.0,east_test
site_20385,385070.0,east_test
site_20386,385070.0,east_test
site_20387,385070.0,east_test
site_20388,385070.0,east_test
site_20389,385070.0,east_test
site_20390,385070.0,east_test
site_20391,385070.0,east_test
site_20392,385070.0,east_test
site_20393,385070.0,east_test
site_20394,385070.0,east_test
site_20395,385070.0,east_test
site_20396,385070.0,east_test
site_20397,385070.0,east_test
site_20398,385070.0,east_test
site_20399,385070.0,east_test
site_20400,385070.0,east_test
site_20401,385070.0,east_test
site_20402,385070.0,east_test
site_20403,385070.0,east_test
site_20404,385070.0,east_test
site_20405,385070.0,east_test
site_20406,385070.0,east_test
site_20407,385070.0,east_test
site_20408,385070.0,east_test
site_20409,385070.0,east_test
site_20410,385070.0,east_test
site_20411,385070.0,east_test
site_20412,385070.0,east_test
site_20413,385070.0,east_test
site_20414,385070.0,east_test
site_20415,385070.0,east_test
site_20416,385070.0,east_test
site_20417,385070.0,east_test
site_20418,385070.0,east_test
site_20419,385070.0,east_test
site_20420,385070.0,east_test
site_20421,385070.0,east_test
site_20422,385070.0,east_test
site_20423,385070.0,east_test
site_20424,385070.0,east_test
site_20425,385070.0,east_test
site_20426,385070.0,east_test
site_20427,385070.0,east_test
site_20428,385070.0,east_test
site_20429,385070.0,east_test
site_20430,385070.0,east_test
site_20431,385170.0,east_test
site_20432,385170.0,east_test
site_20433,385170.0,east_test
site_20434,385170.0,east_test
site_20435,385170.0,east_test
site_20436,385170.0,east_test
site_20437,385170.0,east_test
site_20438,385170.0,east_test
site_20439,385170.0,east_test
site_20440,385170.0,east_test
site_20441,385170.0,east_test
site_20442,385170.0,east_test
site_20443,385170.0,east_test
site_20444,385170.0,east_test
site_20445,385170.0,east_test
site_20446,385170.0,east_test
site_20447,385170.0,east_test
site_20448,385170.0,east_test
site_20449,385170.0,east_test
site_20450,385170.0,east_test
site_20451,385170.0,east_test
site_20452,385170.0,east_test
site_20453,385170.0,east_test
site_20454,385170.0,east_test
site_20455,385170.0,east_test
site_20456,385170.0,east_test
site_20457,385170.0,east_test
site_20458,385170.0,east_test
site_20459,385170.0,east_test
site_20460,385170.0,east_test
site_20461,385170.0,east_test
site_20462,385170.0,east_test
site_20463,385170.0,east_test
site_20464,385170.0,east_test
site_20465,385170.0,east_test
site_20466,385170.0,east_test
site_20467,385170.0,east_test
site_20468,385170.0,east_test
site_20469,385170.0,east_test
site_20470,385170.0,east_test
site_20471,385170.0,east_test
site_20472,385170.0,east_test
site_20473,385170.0,east_test
site_20474,385170.0,east_test
site_20475,385170.0,east_test
site_20476,385170.0,east_test
site_20477,385170.0,east_test
site_20478,385170.0,east_test
site_20479,385170.0,east_test
site_20480,385170.0,east_test
site_20481,385170.0,east_test
site_20482,385170.0,east_test
site_20483,385170.0,east_test
site_20484,385170.0,east_test
site_20485,385170.0,east_test
site_20486,385170.0,east_test
site_20487,385170.0,east_test
site_20488,385170.0,east_test
site_20489,385170.0,east_test
site_20490,385170.0,east_test
site_20491,385170.0,east_test
site_20492,385170.0,east_test
site_20493,385170.0,east_test
site_20494,385170.0,east_test
site_20495,385170.0,east_test
site_20496,385170.0,east_test
site_20497,385170.0,east_test
site_20498,385170.0,east_test
site_20499,385170.0,east_test
site_20500,385270.0,east_test
site_20501,385270.0,east_test
site_20502,385270.0,east_test
site_20503,385270.0,east_test
site_20504,385270.0,east_test
site_20505,385270.0,east_test
site_20506,385270.0,east_test
site_20507,385270.0,east_test
site_20508,385270.0,east_test
site_20509,385270.0,east_test
site_20510,385270.0,east_test
site_20511,385270.0,east_test
site_20512,385270.0,east_test
site_20513,385270.0,east_test
site_20514,385270.0,east_test
site_20515,385270.0,east_test
site_20516,385270.0,east_test
site_20517,385270.0,east_test
site_20518,385270.0,east_test
site_20519,385270.0,east_test
site_20520,385270.0,east_test
site_20521,385270.0,east_test
site_20522,385270.0,east_test
site_20523,385270.0,east_test
site_20524,385270.0,east_test
site_20525,385270.0,east_test
site_20526,385270.0,east_test
site_20527,385270.0,east_test
site_20528,385270.0,east_test
site_20529,385270.0,east_test
site_20530,385270.0,east_test
site_20531,385270.0,east_test
site_20532,385270.0,east_test
site_20533,385270.0,east_test
site_20534,385270.0,east_test
site_20535,385270.0,east_test
site_20536,385270.0,east_test
site_20537,385270.0,east_test
site_20538,385270.0,east_test
site_20539,385270.0,east_test
site_20540,385270.0,east_test
site_20541,385270.0,east_test
site_20542,385270.0,east_test
site_20543,385270.0,east_test
site_20544,385270.0,east_test
site_20545,385270.0,east_test
site_20546,385270.0,east_test
site_20547,385270.0,east_test
site_20548,385270.0,east_test
site_20549,385270.0,east_test
site_20550,385270.0,east_test
site_20551,385270.0,east_test
site_20552,385270.0,east_test
site_20553,385270.0,east_test
site_20554,385270.0,east_test
site_20555,385270.0,east_test
site_20556,385270.0,east_test
site_20557,385270.0,east_test
site_20558,385270.0,east_test
site_20559,385270.0,east_test
site_20560,385270.0,east_test
site_20561,385270.0,east_test
site_20562,385270.0,east_test
site_20563,385270.0,east_test
site_20564,385270.0,east_test
site_20565,385370.0,east_test
site_20566,385370.0,east_test
site_20567,385370.0,east_test
site_20568,385370.0,east_test
site_20569,385370.0,east_test
site_20570,385370.0,east_test
site_20571,385370.0,east_test
site_20572,385370.0,east_test
site_20573,385370.0,east_test
site_20574,385370.0,east_test
site_20575,385370.0,east_test
site_20576,385370.0,east_test
site_20577,385370.0,east_test
site_20578,385370.0,east_test
site_20579,385370.0,east_test
site_20580,385370.0,east_test
site_20581,385370.0,east_test
site_20582,385370.0,east_test
site_20583,385370.0,east_test
site_20584,385370.0,east_test
site_20585,385370.0,east_test
site_20586,385370.0,east_test
site_20587,385370.0,east_test
site_20588,385370.0,east_test
site_20589,385370.0,east_test
site_20590,385370.0,east_test
site_20591,385370.0,east_test
site_20592,385370.0,east_test
site_20593,385370.0,east_test
site_20594,385370.0,east_test
site_20595,385370.0,east_test
site_20596,385370.0,east_test
site_20597,385370.0,east_test
site_20598,385370.0,east_test
site_20599,385370.0,east_test
site_20600,385370.0,east_test
site_20601,385370.0,east_test
site_20602,385370.0,east_test
site_20603,385370.0,east_test
site_20604,385370.0,east_test
site_20605,385370.0,east_test
site_20606,385370.0,east_test
site_20607,385370.0,east_test
site_20608,385370.0,east_test
site_20609,385370.0,east_test
site_20610,385370.0,east_test
site_20611,385370.0,east_test
site_20612,385370.0,east_test
site_20613,385370.0,east_test
site_20614,385370.0,east_test
site_20615,385370.0,east_test
site_20616,385370.0,east_test
site_20617,385370.0,east_test
site_20618,385370.0,east_test
site_20619,385370.0,east_test
site_20620,385370.0,east_test
site_20621,385370.0,east_test
site_20622,385370.0,east_test
site_20623,385370.0,east_test
site_20624,385370.0,east_test
site_20625,385370.0,east_test
site_20626,385370.0,east_test
site_20627,385370.0,east_test
site_20628,385370.0,east_test
site_20629,385370.0,east_test
site_20630,385470.0,east_test
site_20631,385470.0,east_test
site_20632,385470.0,east_test
site_20633,385470.0,east_test
site_20634,385470.0,east_test
site_20635,385470.0,east_test
site_20636,385470.0,east_test
site_20637,385470.0,east_test
site_20638,385470.0,east_test
site_20639,385470.0,east_test
site_20640,385470.0,east_test
site_20641,385470.0,east_test
site_20642,385470.0,east_test
site_20643,385470.0,east_test
site_20644,385470.0,east_test
site_20645,385470.0,east_test
site_20646,385470.0,east_test
site_20647,385470.0,east_test
site_20648,385470.0,east_test
site_20649,385470.0,east_test
site_20650,385470.0,east_test
site_20651,385470.0,east_test
site_20652,385470.0,east_test
site_20653,385470.0,east_test
site_20654,385470.0,east_test
site_20655,385470.0,east_test
site_20656,385470.0,east_test
site_20657,385470.0,east_test
site_20658,385470.0,east_test
site_20659,385470.0,east_test
site_20660,385470.0,east_test
site_20661,385470.0,east_test
site_20662,385470.0,east_test
site_20663,385470.0,east_test
site_20664,385470.0,east_test
site_20665,385470.0,east_test
site_20666,385470.0,east_test
site_20667,385470.0,east_test
site_20668,385470.0,east_test
site_20669,385470.0,east_test
site_20670,385470.0,east_test
site_20671,385470.0,east_test
site_20672,385470.0,east_test
site_20673,385470.0,east_test
site_20674,385470.0,east_test
site_20675,385470.0,east_test
site_20676,385470.0,east_test
site_20677,385470.0,east_test
site_20678,385470.0,east_test
site_20679,385470.0,east_test
site_20680,385470.0,east_test
site_20681,385470.0,east_test
site_20683,385470.0,east_test
site_20684,385470.0,east_test
site_20685,385470.0,east_test
site_20686,385470.0,east_test
site_20687,385470.0,east_test
site_20688,385470.0,east_test
site_20689,385470.0,east_test
site_20690,385470.0,east_test
site_20691,385470.0,east_test
site_20692,385570.0,east_test
site_20693,385570.0,east_test
site_20694,385570.0,east_test
site_20695,385570.0,east_test
site_20696,385570.0,east_test
site_20697,385570.0,east_test
site_20698,385570.0,east_test
site_20699,385570.0,east_test
site_20700,385570.0,east_test
site_20701,385570.0,east_test
site_20702,385570.0,east_test
site_20703,385570.0,east_test
site_20704,385570.0,east_test
site_20705,385570.0,east_test
site_20706,385570.0,east_test
site_20707,385570.0,east_test
site_20708,385570.0,east_test
site_20709,385570.0,east_test
site_20710,385570.0,east_test
site_20711,385570.0,east_test
site_20712,385570.0,east_test
site_20713,385570.0,east_test
site_20714,385570.0,east_test
site_20715,385570.0,east_test
site_20716,385570.0,east_test
site_20717,385570.0,east_test
site_20718,385570.0,east_test
site_20719,385570.0,east_test
site_20720,385570.0,east_test
site_20721,385570.0,east_test
site_20722,385570.0,east_test
site_20723,385570.0,east_test
site_20724,385570.0,east_test
site_20725,385570.0,east_test
site_20726,385570.0,east_test
site_20727,385570.0,east_test
site_20728,385570.0,east_test
site_20729,385570.0,east_test
site_20730,385570.0,east_test
site_20731,385570.0,east_test
site_20732,385570.0,east_test
site_20733,385570.0,east_test
site_20734,385570.0,east_test
site_20735,385570.0,east_test
site_20736,385570.0,east_test
site_20737,385570.0,east_test
site_20738,385570.0,east_test
site_20739,385570.0,east_test
site_20740,385570.0,east_test
site_20741,385570.0,east_test
site_20742,385570.0,east_test
site_20743,385570.0,east_test
site_20744,385570.0,east_test
site_20745,385570.0,east_test
site_20746,385570.0,east_test
site_20747,385570.0,east_test
site_20748,385570.0,east_test
site_20749,385570.0,east_test
site_20751,385670.0,east_test
site_20752,385670.0,east_test
site_20753,385670.0,east_test
site_20754,385670.0,east_test
site_20755,385670.0,east_test
site_20756,385670.0,east_test
site_20757,385670.0,east_test
site_20758,385670.0,east_test
site_20759,385670.0,east_test
site_20760,385670.0,east_test
site_20761,385670.0,east_test
site_20762,385670.0,east_test
site_20763,385670.0,east_test
site_20764,385670.0,east_test
site_20765,385670.0,east_test
site_20766,385670.0,east_test
site_20767,385670.0,east_test
site_20768,385670.0,east_test
site_20769,385670.0,east_test
site_20770,385670.0,east_test
site_20771,385670.0,east_test
site_20772,385670.0,east_test
site_20773,385670.0,east_test
site_20774,385670.0,east_test
site_20775,385670.0,east_test
site_20776,385670.0,east_test
site_20777,385670.0,east_test
site_20778,385670.0,east_test
site_20779,385670.0,east_test
site_20780,385670.0,east_test
site_20781,385670.0,east_test
site_20782,385670.0,east_test
site_20783,385670.0,east_test
site_20784,385670.0,east_test
site_20785,385670.0,east_test
site_20786,385670.0,east_test
site_20787,385670.0,east_test
site_20788,385670.0,east_test
site_20789,385670.0,east_test
site_20790,385670.0,east_test
site_20791,385670.0,east_test
site_20792,385670.0,east_test
site_20793,385670.0,east_test
site_20794,385670.0,east_test
site_20795,385670.0,east_test
site_20796,385670.0,east_test
site_20797,385670.0,east_test
site_20798,385670.0,east_test
site_20799,385670.0,east_test
site_20800,385670.0,east_test
site_20801,385670.0,east_test
site_20802,385670.0,east_test
site_20803,385670.0,east_test
site_20804,385670.0,east_test
site_20805,385670.0,east_test
site_20806,385670.0,east_test
site_20808,385770.0,east_test
site_20809,385770.0,east_test
site_20810,385770.0,east_test
site_20811,385770.0,east_test
site_20812,385770.0,east_test
site_20813,385770.0,east_test
site_20814,385770.0,east_test
site_20815,385770.0,east_test
site_20816,385770.0,east_test
site_20817,385770.0,east_test
site_20818,385770.0,east_test
site_20819,385770.0,east_test
site_20820,385770.0,east_test
site_20821,385770.0,east_test
site_20822,385770.0,east_test
site_20823,385770.0,east_test
site_20824,385770.0,east_test
site_20825,385770.0,east_test
site_20826,385770.0,east_test
site_20827,385770.0,east_test
site_20828,385770.0,east_test
site_20829,385770.0,east_test
site_20830,385770.0,east_test
site_20831,385770.0,east_test
site_20832,385770.0,east_test
site_20833,385770.0,east_test
site_20834,385770.0,east_test
site_20835,385770.0,east_test
site_20836,385770.0,east_test
site_20837,385770.0,east_test
site_20838,385770.0,east_test
site_20839,385770.0,east_test
site_20840,385770.0,east_test
site_20841,385770.0,east_test
site_20842,385770.0,east_test
site_20843,385770.0,east_test
site_20844,385770.0,east_test
site_20845,385770.0,east_test
site_20846,385770.0,east_test
site_20847,385770.0,east_test
site_20848,385770.0,east_test
site_20849,385770.0,east_test
site_20850,385770.0,east_test
site_20851,385770.0,east_test
site_20852,385770.0,east_test
site_20853,385770.0,east_test
site_20854,385770.0,east_test
site_20855,385770.0,east_test
site_20856,385770.0,east_test
site_20857,385770.0,east_test
site_20858,385770.0,east_test
site_20859,385770.0,east_test
site_20860,385870.0,east_test
site_20861,385870.0,east_test
site_20862,385870.0,east_test
site_20863,385870.0,east_test
site_20864,385870.0,east_test
site_20865,385870.0,east_test
site_20866,385870.0,east_test
site_20867,385870.0,east_test
site_20868,385870.0,east_test
site_20869,385870.0,east_test
site_20870,385870.0,east_test
site_20871,385870.0,east_test
site_20872,385870.0,east_test
site_20873,385870.0,east_test
site_20874,385870.0,east_test
site_20875,385870.0,east_test
site_20876,385870.0,east_test
site_20877,385870.0,east_test
site_20878,385870.0,east_test
site_20879,385870.0,east_test
site_20880,385870.0,east_test
site_20881,385870.0,east_test
site_20882,385870.0,east_test
site_20883,385870.0,east_test
site_20884,385870.0,east_test
site_20885,385870.0,east_test
site_20886,385870.0,east_test
site_20887,385870.0,east_test
site_20888,385870.0,east_test
site_20889,385870.0,east_test
site_20890,385870.0,east_test
site_20891,385870.0,east_test
site_20892,385870.0,east_test
site_20893,385870.0,east_test
site_20894,385870.0,east_test
site_20895,385870.0,east_test
site_20896,385870.0,east_test
site_20897,385870.0,east_test
site_20898,385870.0,east_test
site_20899,385870.0,east_test
site_20900,385870.0,east_test
site_20901,385870.0,east_test
site_20902,385870.0,east_test
site_20903,385870.0,east_test
site_20904,385870.0,east_test
site_20905,385870.0,east_test
site_20906,385870.0,east_test
site_20907,385870.0,east_test
site_20908,385870.0,east_test
site_20909,385870.0,east_test
site_20910,385870.0,east_test
site_20911,385870.0,east_test
site_20913,385970.0,east_test
site_20914,385970.0,east_test
site_20915,385970.0,east_test
site_20916,385970.0,east_test
site_20917,385970.0,east_test
site_20918,385970.0,east_test
site_20919,385970.0,east_test
site_20920,385970.0,east_test
site_20921,385970.0,east_test
site_20922,385970.0,east_test
site_20923,385970.0,east_test
site_20924,385970.0,east_test
site_20925,385970.0,east_test
site_20926,385970.0,east_test
site_20927,385970.0,east_test
site_20928,385970.0,east_test
site_20929,385970.0,east_test
site_20930,385970.0,east_test
site_20931,385970.0,east_test
site_20932,385970.0,east_test
site_20933,385970.0,east_test
site_20934,385970.0,east_test
site_20935,385970.0,east_test
site_20936,385970.0,east_test
site_20937,385970.0,east_test
site_20938,385970.0,east_test
site_20939,385970.0,east_test
site_20940,385970.0,east_test
site_20941,385970.0,east_test
site_20942,385970.0,east_test
site_20943,385970.0,east_test
site_20944,385970.0,east_test
site_20945,385970.0,east_test
site_20946,385970.0,east_test
site_20947,385970.0,east_test
site_20948,385970.0,east_test
site_20949,385970.0,east_test
site_20950,385970.0,east_test
site_20951,385970.0,east_test
site_20952,385970.0,east_test
site_20953,385970.0,east_test
site_20954,385970.0,east_test
site_20955,385970.0,east_test
site_20956,385970.0,east_test
site_20957,385970.0,east_test
site_20959,385970.0,east_test
site_20960,385970.0,east_test
site_20961,385970.0,east_test
site_20962,385970.0,east_test
site_20963,385970.0,east_test
site_20964,385970.0,east_test
site_20965,385970.0,east_test
site_20966,385970.0,east_test
site_20967,385970.0,east_test
site_20969,386070.0,east_test
site_20970,386070.0,east_test
site_20971,386070.0,east_test
site_20972,386070.0,east_test
site_20973,386070.0,east_test
site_20974,386070.0,east_test
site_20975,386070.0,east_test
site_20976,386070.0,east_test
site_20977,386070.0,east_test
site_20978,386070.0,east_test
site_20979,386070.0,east_test
site_20980,386070.0,east_test
site_20981,386070.0,east_test
site_20982,386070.0,east_test
site_20983,386070.0,east_test
site_20984,386070.0,east_test
site_20985,386070.0,east_test
site_20986,386070.0,east_test
site_20987,386070.0,east_test
site_20988,386070.0,east_test
site_20989,386070.0,east_test
site_20990,386070.0,east_test
site_20991,386070.0,east_test
site_20992,386070.0,east_test
site_20993,386070.0,east_test
site_20994,386070.0,east_test
site_20995,386070.0,east_test
site_20996,386070.0,east_test
site_20997,386070.0,east_test
site_20998,386070.0,east_test
site_20999,386070.0,east_test
site_21000,386070.0,east_test
site_21001,386070.0,east_test
site_21002,386070.0,east_test
site_21003,386070.0,east_test
site_21004,386070.0,east_test
site_21005,386070.0,east_test
site_21006,386070.0,east_test
site_21007,386070.0,east_test
site_21008,386070.0,east_test
site_21009,386070.0,east_test
site_21010,386070.0,east_test
site_21011,386070.0,east_test
site_21012,386070.0,east_test
site_21013,386070.0,east_test
site_21014,386070.0,east_test
site_21015,386070.0,east_test
site_21016,386070.0,east_test
site_21017,386070.0,east_test
site_21018,386070.0,east_test
site_21019,386070.0,east_test
site_21020,386070.0,east_test
site_21021,386070.0,east_test
site_21022,386070.0,east_test
site_21024,386170.0,east_test
site_21025,386170.0,east_test
site_21026,386170.0,east_test
site_21027,386170.0,east_test
site_21028,386170.0,east_test
site_21029,386170.0,east_test
site_21030,386170.0,east_test
site_21031,386170.0,east_test
site_21032,386170.0,east_test
site_21033,386170.0,east_test
site_21034,386170.0,east_test
site_21035,386170.0,east_test
site_21036,386170.0,east_test
site_21037,386170.0,east_test
site_21038,386170.0,east_test
site_21039,386170.0,east_test
site_21040,386170.0,east_test
site_21041,386170.0,east_test
site_21042,386170.0,east_test
site_21043,386170.0,east_test
site_21044,386170.0,east_test
site_21045,386170.0,east_test
site_21046,386170.0,east_test
site_21047,386170.0,east_test
site_21048,386170.0,east_test
site_21049,386170.0,east_test
site_21050,386170.0,east_test
site_21051,386170.0,east_test
site_21052,386170.0,east_test
site_21053,386170.0,east_test
site_21054,386170.0,east_test
site_21055,386170.0,east_test
site_21056,386170.0,east_test
site_21057,386170.0,east_test
site_21058,386170.0,east_test
site_21059,386170.0,east_test
site_21060,386170.0,east_test
site_21061,386170.0,east_test
site_21062,386170.0,east_test
site_21063,386170.0,east_test
site_21064,386170.0,east_test
site_21065,386170.0,east_test
site_21066,386170.0,east_test
site_21067,386170.0,east_test
site_21068,386170.0,east_test
site_21069,386170.0,east_test
site_21070,386170.0,east_test
site_21071,386170.0,east_test
site_21072,386170.0,east_test
site_21073,386170.0,east_test
site_21074,386170.0,east_test
site_21075,386170.0,east_test
site_21076,386270.0,east_test
site_21077,386270.0,east_test
site_21078,386270.0,east_test
site_21079,386270.0,east_test
site_21080,386270.0,east_test
site_21081,386270.0,east_test
site_21082,386270.0,east_test
site_21083,386270.0,east_test
site_21084,386270.0,east_test
site_21085,386270.0,east_test
site_21086,386270.0,east_test
site_21087,386270.0,east_test
site_21088,386270.0,east_test
site_21089,386270.0,east_test
site_21090,386270.0,east_test
site_21091,386270.0,east_test
site_21092,386270.0,east_test
site_21093,386270.0,east_test
site_21094,386270.0,east_test
site_21095,386270.0,east_test
site_21096,386270.0,east_test
site_21097,386270.0,east_test
site_21098,386270.0,east_test
site_21099,386270.0,east_test
site_21100,386270.0,east_test
site_21101,386270.0,east_test
site_21102,386270.0,east_test
site_21103,386270.0,east_test
site_21104,386270.0,east_test
site_21105,386270.0,east_test
site_21106,386270.0,east_test
site_21107,386270.0,east_test
site_21108,386270.0,east_test
site_21109,386270.0,east_test
site_21110,386270.0,east_test
site_21111,386270.0,east_test
site_21112,386270.0,east_test
site_21113,386270.0,east_test
site_21114,386270.0,east_test
site_21115,386270.0,east_test
site_21116,386270.0,east_test
site_21117,386270.0,east_test
site_21118,386270.0,east_test
site_21119,386270.0,east_test
site_21120,386270.0,east_test
site_21121,386270.0,east_test
site_21122,386270.0,east_test
site_21123,386270.0,east_test
site_21124,386270.0,east_test
site_21125,386270.0,east_test
site_21126,386370.0,east_test
site_21127,386370.0,east_test
site_21128,386370.0,east_test
site_21129,386370.0,east_test
site_21130,386370.0,east_test
site_21131,386370.0,east_test
site_21132,386370.0,east_test
site_21133,386370.0,east_test
site_21134,386370.0,east_test
site_21135,386370.0,east_test
site_21136,386370.0,east_test
site_21137,386370.0,east_test
site_21138,386370.0,east_test
site_21139,386370.0,east_test
site_21140,386370.0,east_test
site_21141,386370.0,east_test
site_21142,386370.0,east_test
site_21143,386370.0,east_test
site_21144,386370.0,east_test
site_21145,386370.0,east_test
site_21146,386370.0,east_test
site_21147,386370.0,east_test
site_21148,386370.0,east_test
site_21149,386370.0,east_test
site_21150,386370.0,east_test
site_21151,386370.0,east_test
site_21152,386370.0,east_test
site_21153,386370.0,east_test
site_21154,386370.0,east_test
site_21155,386370.0,east_test
site_21156,386370.0,east_test
site_21157,386370.0,east_test
site_21158,386370.0,east_test
site_21159,386370.0,east_test
site_21160,386370.0,east_test
site_21161,386370.0,east_test
site_21162,386370.0,east_test
site_21163,386370.0,east_test
site_21164,386370.0,east_test
site_21165,386370.0,east_test
site_21166,386370.0,east_test
site_21167,386370.0,east_test
site_21168,386370.0,east_test
site_21169,386470.0,east_test
site_21170,386470.0,east_test
site_21171,386470.0,east_test
site_21172,386470.0,east_test
site_21173,386470.0,east_test
site_21174,386470.0,east_test
site_21175,386470.0,east_test
site_21176,386470.0,east_test
site_21177,386470.0,east_test
site_21178,386470.0,east_test
site_21179,386470.0,east_test
site_21180,386470.0,east_test
site_21181,386470.0,east_test
site_21182,386470.0,east_test
site_21183,386470.0,east_test
site_21184,386470.0,east_test
site_21185,386470.0,east_test
site_21186,386470.0,east_test
site_21187,386470.0,east_test
site_21189,386470.0,east_test
site_21190,386470.0,east_test
site_21191,386470.0,east_test
site_21192,386470.0,east_test
site_21193,386470.0,east_test
site_21194,386470.0,east_test
site_21195,386470.0,east_test
site_21196,386470.0,east_test
site_21197,386470.0,east_test
site_21198,386470.0,east_test
site_21199,386470.0,east_test
site_21200,386470.0,east_test
site_21201,386470.0,east_test
site_21202,386470.0,east_test
site_21203,386470.0,east_test
site_21204,386470.0,east_test
site_21205,386470.0,east_test
site_21206,386570.0,east_test
site_21207,386570.0,east_test
site_21208,386570.0,east_test
site_21209,386570.0,east_test
site_21210,386570.0,east_test
site_21211,386570.0,east_test
site_21212,386570.0,east_test
site_21213,386570.0,east_test
site_21214,386570.0,east_test
site_21215,386570.0,east_test
site_21216,386570.0,east_test
site_21217,386570.0,east_test
site_21218,386570.0,east_test
site_21219,386570.0,east_test
site_21220,386570.0,east_test
site_21221,386570.0,east_test
site_21222,386570.0,east_test
site_21223,386570.0,east_test
site_21224,386570.0,east_test
site_21225,386570.0,east_test
site_21226,386570.0,east_test
site_21227,386570.0,east_test
site_21228,386570.0,east_test
site_21229,386570.0,east_test
site_21230,386570.0,east_test
site_21231,386570.0,east_test
site_21232,386570.0,east_test
site_21233,386570.0,east_test
site_21234,386570.0,east_test
site_21235,386570.0,east_test
site_21236,386570.0,east_test
site_21237,386570.0,east_test
site_21238,386670.0,east_test
site_21239,386670.0,east_test
site_21240,386670.0,east_test
site_21241,386670.0,east_test
site_21242,386670.0,east_test
site_21243,386670.0,east_test
site_21244,386670.0,east_test
site_21245,386670.0,east_test
site_21247,386670.0,east_test
site_21248,386670.0,east_test
site_21249,386670.0,east_test
site_21250,386670.0,east_test
site_21251,386670.0,east_test
site_21252,386670.0,east_test
site_21253,386670.0,east_test
site_21254,386670.0,east_test
site_21255,386670.0,east_test
site_21256,386670.0,east_test
site_21257,386670.0,east_test
site_21258,386670.0,east_test
site_21259,386670.0,east_test
site_21260,386670.0,east_test
site_21261,386670.0,east_test
site_21262,386670.0,east_test
site_21263,386670.0,east_test
site_21264,386670.0,east_test
site_21265,386770.0,east_test
site_21266,386770.0,east_test
site_21267,386770.0,east_test
site_21268,386770.0,east_test
site_21269,386770.0,east_test
site_21270,386770.0,east_test
site_21271,386770.0,east_test
site_21272,386770.0,east_test
site_21273,386770.0,east_test
site_21274,386770.0,east_test
site_21275,386770.0,east_test
site_21276,386770.0,east_test
site_21277,386770.0,east_test
site_21278,386770.0,east_test
site_21279,386770.0,east_test
site_21280,386770.0,east_test
site_21281,386770.0,east_test
site_21282,386770.0,east_test
site_21283,386770.0,east_test
site_21284,386770.0,east_test
site_21285,386770.0,east_test
site_21286,386770.0,east_test
site_21287,386770.0,east_test
site_21288,386770.0,east_test
site_21289,386870.0,east_test
site_21290,386870.0,east_test
site_21291,386870.0,east_test
site_21292,386870.0,east_test
site_21293,386870.0,east_test
site_21294,386870.0,east_test
site_21295,386870.0,east_test
site_21296,386870.0,east_test
site_21297,386870.0,east_test
site_21298,386870.0,east_test
site_21299,386870.0,east_test
site_21300,386870.0,east_test
site_21301,386870.0,east_test
site_21302,386870.0,east_test
site_21303,386870.0,east_test
site_21304,386870.0,east_test
site_21305,386870.0,east_test
site_21306,386870.0,east_test
site_21307,386870.0,east_test
site_21308,386870.0,east_test
site_21309,386870.0,east_test
site_21310,386870.0,east_test
site_21311,386870.0,east_test
site_21312,386870.0,east_test
site_21313,386870.0,east_test
site_21314,386870.0,east_test
site_21315,386870.0,east_test
site_21316,386970.0,east_test
site_21317,386970.0,east_test
site_21318,386970.0,east_test
site_21319,386970.0,east_test
site_21320,386970.0,east_test
site_21321,386970.0,east_test
site_21322,386970.0,east_test
site_21323,386970.0,east_test
site_21324,386970.0,east_test
site_21325,386970.0,east_test
site_21326,386970.0,east_test
site_21327,386970.0,east_test
site_21328,386970.0,east_test
site_21329,386970.0,east_test
site_21330,386970.0,east_test
site_21331,386970.0,east_test
site_21332,386970.0,east_test
site_21333,386970.0,east_test
site_21334,386970.0,east_test
site_21335,386970.0,east_test
site_21336,386970.0,east_test
site_21337,386970.0,east_test
site_21338,386970.0,east_test
site_21339,386970.0,east_test
site_21340,386970.0,east_test
site_21342,387070.0,east_test
site_21343,387070.0,east_test
site_21344,387070.0,east_test
site_21345,387070.0,east_test
site_21346,387070.0,east_test
site_21347,387070.0,east_test
site_21348,387070.0,east_test
site_21349,387070.0,east_test
site_21350,387070.0,east_test
site_21351,387070.0,east_test
site_21352,387070.0,east_test
site_21353,387070.0,east_test
site_21354,387070.0,east_test
site_21355,387070.0,east_test
site_21356,387070.0,east_test
site_21357,387070.0,east_test
site_21358,387070.0,east_test
site_21359,387070.0,east_test
site_21360,387070.0,east_test
site_21361,387070.0,east_test
site_21362,387070.0,east_test
site_21363,387170.0,east_test
site_21364,387170.0,east_test
site_21365,387170.0,east_test
site_21366,387170.0,east_test
site_21367,387170.0,east_test
site_21368,387170.0,east_test
site_21369,387170.0,east_test
site_21370,387170.0,east_test
site_21371,387170.0,east_test
site_21372,387170.0,east_test
site_21373,387170.0,east_test
site_21374,387170.0,east_test
site_21375,387170.0,east_test
site_21376,387170.0,east_test
site_21377,387170.0,east_test
site_21378,387170.0,east_test
site_21379,387170.0,east_test
site_21380,387170.0,east_test
site_21381,387170.0,east_test
site_21382,387170.0,east_test
site_21383,387270.0,east_test
site_21384,387270.0,east_test
site_21385,387270.0,east_test
site_21386,387270.0,east_test
site_21387,387270.0,east_test
site_21388,387270.0,east_test
site_21389,387270.0,east_test
site_21390,387270.0,east_test
site_21391,387270.0,east_test
site_21392,387270.0,east_test
site_21393,387270.0,east_test
site_21394,387270.0,east_test
site_21395,387270.0,east_test
site_21396,387270.0,east_test
site_21397,387270.0,east_test
site_21398,387270.0,east_test
site_21399,387270.0,east_test
site_21400,387270.0,east_test
site_21401,387370.0,east_test
site_21402,387370.0,east_test
site_21403,387370.0,east_test
site_21404,387370.0,east_test
site_21405,387370.0,east_test
site_21406,387370.0,east_test
site_21407,387370.0,east_test
site_21408,387370.0,east_test
site_21409,387370.0,east_test
site_21410,387370.0,east_test
site_21411,387370.0,east_test
site_21412,387370.0,east_test
site_21413,387370.0,east_test
site_21414,387370.0,east_test
site_21415,387370.0,east_test
site_21416,387370.0,east_test
site_21417,387370.0,east_test
site_21418,387370.0,east_test
site_21419,387470.0,east_test
site_21420,387470.0,east_test
site_21421,387470.0,east_test
site_21422,387470.0,east_test
site_21423,387470.0,east_test
site_21424,387470.0,east_test
site_21425,387470.0,east_test
site_21426,387470.0,east_test
site_21427,387470.0,east_test
site_21428,387470.0,east_test
site_21429,387470.0,east_test
site_21430,387470.0,east_test
site_21431,387470.0,east_test
site_21432,387470.0,east_test
site_21433,387470.0,east_test
site_21434,387470.0,east_test
site_21435,387470.0,east_test
site_21436,387570.0,east_test
site_21437,387570.0,east_test
site_21438,387570.0,east_test
site_21439,387570.0,east_test
site_21440,387570.0,east_test
site_21441,387570.0,east_test
site_21442,387570.0,east_test
site_21443,387570.0,east_test
site_21444,387570.0,east_test
site_21445,387570.0,east_test
site_21446,387570.0,east_test
site_21447,387570.0,east_test
site_21448,387570.0,east_test
site_21449,387570.0,east_test
site_21450,387570.0,east_test
site_21451,387570.0,east_test
site_21452,387670.0,east_test
site_21453,387670.0,east_test
site_21454,387670.0,east_test
site_21455,387670.0,east_test
site_21456,387670.0,east_test
site_21457,387670.0,east_test
site_21458,387670.0,east_test
site_21459,387670.0,east_test
site_21460,387670.0,east_test
site_21461,387670.0,east_test
site_21462,387670.0,east_test
site_21463,387670.0,east_test
site_21464,387670.0,east_test
site_21465,387670.0,east_test
site_21467,387770.0,east_test
site_21468,387770.0,east_test
site_21469,387770.0,east_test
site_21470,387770.0,east_test
site_21471,387770.0,east_test
site_21472,387770.0,east_test
site_21473,387770.0,east_test
site_21474,387770.0,east_test
site_21475,387770.0,east_test
site_21476,387770.0,east_test
site_21477,387770.0,east_test
site_21478,387770.0,east_test
site_21479,387770.0,east_test
site_21480,387770.0,east_test
site_21481,387770.0,east_test
site_21482,387870.0,east_test
site_21483,387870.0,east_test
site_21484,387870.0,east_test
site_21485,387870.0,east_test
site_21486,387870.0,east_test
site_21487,387870.0,east_test
site_21488,387870.0,east_test
site_21489,387870.0,east_test
site_21490,387870.0,east_test
site_21491,387870.0,east_test
site_21492,387870.0,east_test
site_21493,387870.0,east_test
site_21494,387870.0,east_test
site_21495,387870.0,east_test
site_21496,387970.0,east_test
site_21497,387970.0,east_test
site_21498,387970.0,east_test
site_21499,387970.0,east_test
site_21500,387970.0,east_test
site_21501,387970.0,east_test
site_21502,387970.0,east_test
site_21503,387970.0,east_test
site_21504,387970.0,east_test
site_21505,387970.0,east_test
site_21506,387970.0,east_test
site_21507,387970.0,east_test
site_21508,387970.0,east_test
site_21509,387970.0,east_test
site_21510,388070.0,east_test
site_21511,388070.0,east_test
site_21512,388070.0,east_test
site_21513,388070.0,east_test
site_21514,388070.0,east_test
site_21515,388070.0,east_test
site_21516,388070.0,east_test
site_21517,388070.0,east_test
site_21518,388070.0,east_test
site_21519,388070.0,east_test
site_21520,388070.0,east_test
site_21521,388070.0,east_test
site_21522,388070.0,east_test
site_21523,388070.0,east_test
site_21524,388170.0,east_test
site_21525,388170.0,east_test
site_21526,388170.0,east_test
site_21527,388170.0,east_test
site_21528,388170.0,east_test
site_21529,388170.0,east_test
site_21530,388170.0,east_test
site_21531,388170.0,east_test
site_21532,388170.0,east_test
site_21533,388170.0,east_test
site_21534,388170.0,east_test
site_21535,388170.0,east_test
site_21536,388170.0,east_test
site_21537,388170.0,east_test
site_21538,388270.0,east_test
site_21539,388270.0,east_test
site_21540,388270.0,east_test
site_21541,388270.0,east_test
site_21542,388270.0,east_test
site_21543,388270.0,east_test
site_21544,388270.0,east_test
site_21545,388270.0,east_test
site_21546,388270.0,east_test
site_21547,388370.0,east_test
site_21548,388370.0,east_test
site_21549,388370.0,east_test
site_21550,388370.0,east_test
site_21551,388370.0,east_test
site_21552,388370.0,east_test
site_21553,388370.0,east_test
site_21554,388470.0,east_test
